Listing_ID,City,Locality,Price_INR,Area_sqft,BHK,Posted_Date,Status
1,Chennai,Velachery,20020153,3734,1,2026-05-16,Available
2,Hyderabad,Miyapur,28453888,3749,1,2026-06-26,Pending
3,Pune,Hinjewadi,27928625,2187,4,2026-05-03,Sold
4,Hyderabad,Miyapur,38237302,3925,2,2026-04-26,Sold
5,Hyderabad,Gachibowli,34412624,3036,5,2026-06-23,Pending
6,Hyderabad,Madhapur,54319278,4179,4,2026-06-20,Available
7,Mumbai,Bandra,11120496,2652,3,2026-05-19,Sold
8,Hyderabad,Madhapur,23772417,4109,2,2026-04-22,Sold
9,Mumbai,Powai,16729863,1444,4,2026-05-03,Sold
10,Chennai,OMR,26413144,2639,5,2026-05-19,Pending
11,Hyderabad,Gachibowli,23198134,2788,4,2026-06-13,Sold
12,Hyderabad,Banjara Hills,10533148,1482,4,2026-07-06,Available
13,Mumbai,Andheri,23185186,1777,5,2026-05-06,Available
14,Hyderabad,Jubilee Hills,50354499,3398,4,2026-04-23,Available
15,Hyderabad,Miyapur,13002741,1005,3,2026-04-29,Available
16,Pune,Kharadi,34463097,2770,4,2026-05-14,Sold
17,Chennai,OMR,11032248,1765,3,2026-04-10,Sold
18,Chennai,OMR,33330201,3497,1,2026-06-26,Available
19,Chennai,Velachery,41819172,3959,3,2026-06-05,Available
20,Hyderabad,Kondapur,6105327,1496,4,2026-06-06,Available
21,Pune,Kharadi,35633303,2875,4,2026-05-10,Available
22,Mumbai,Thane,35027269,4650,3,2026-05-15,Available
23,Pune,Wakad,11925813,2484,3,2026-06-12,Sold
24,Chennai,Velachery,10946963,2533,5,2026-06-20,Pending
25,Chennai,Velachery,11928974,858,5,2026-07-06,Available
26,Mumbai,Powai,4892056,654,5,2026-06-06,Available
27,Mumbai,Thane,10512178,1128,4,2026-06-22,Available
28,Hyderabad,Jubilee Hills,20117806,2283,4,2026-05-12,Available
29,Bengaluru,Whitefield,16125215,1239,2,2026-04-13,Sold
30,Mumbai,Andheri,6325689,1490,3,2026-05-21,Pending
31,Hyderabad,Kondapur,20185436,1333,1,2026-07-06,Pending
32,Hyderabad,Jubilee Hills,54520482,3865,4,2026-06-07,Pending
33,Pune,Baner,22165029,1480,2,2026-06-15,Available
34,Bengaluru,Electronic City,18755724,2616,5,2026-05-07,Sold
35,Bengaluru,Whitefield,28543236,2720,2,2026-07-09,Available
36,Bengaluru,Whitefield,15280580,2333,2,2026-06-23,Pending
37,Hyderabad,Gachibowli,13557252,1076,3,2026-05-10,Pending
38,Chennai,OMR,8456137,678,2,2026-05-17,Sold
39,Pune,Hinjewadi,15777047,2181,4,2026-06-11,Sold
40,Mumbai,Powai,30557336,2244,1,2026-06-18,Sold
41,Mumbai,Powai,30856704,3054,4,2026-05-22,Sold
42,Bengaluru,Electronic City,34924726,4936,4,2026-05-11,Available
43,Pune,Wakad,32588835,3473,3,2026-07-06,Available
44,Mumbai,Andheri,24497534,4022,4,2026-05-05,Available
45,Hyderabad,Kukatpally,32764561,4961,3,2026-06-10,Available
46,Pune,Hinjewadi,24828128,2907,3,2026-05-29,Available
47,Bengaluru,Whitefield,24313986,4300,1,2026-06-30,Sold
48,Hyderabad,Gachibowli,15704423,3364,2,2026-05-18,Pending
49,Hyderabad,Banjara Hills,54428438,4560,5,2026-05-18,Sold
50,Pune,Wakad,16556160,3892,4,2026-05-16,Available
51,Bengaluru,HSR Layout,8688305,621,1,2026-06-18,Available
52,Bengaluru,Electronic City,18215411,1537,1,2026-05-10,Available
53,Mumbai,Andheri,12788418,1508,2,2026-04-20,Sold
54,Chennai,Adyar,31918583,4625,4,2026-05-10,Sold
55,Hyderabad,Banjara Hills,51207395,4120,5,2026-04-17,Available
56,Hyderabad,Madhapur,13932987,1578,4,2026-04-22,Sold
57,Mumbai,Bandra,32459247,2653,5,2026-06-06,Available
58,Mumbai,Powai,37138883,2564,5,2026-06-10,Available
59,Pune,Wakad,3469078,514,1,2026-07-03,Available
60,Bengaluru,Indiranagar,17999252,2967,5,2026-04-19,Available
61,Hyderabad,Jubilee Hills,49108340,3369,5,2026-06-19,Available
62,Bengaluru,HSR Layout,49017325,3884,2,2026-05-02,Available
63,Mumbai,Bandra,20062373,2350,1,2026-06-06,Sold
64,Chennai,Velachery,20633059,2161,2,2026-06-10,Pending
65,Pune,Kharadi,7066395,1684,1,2026-04-11,Available
66,Bengaluru,Whitefield,29224018,3644,1,2026-06-02,Sold
67,Chennai,OMR,48315490,3514,3,2026-05-02,Pending
68,Mumbai,Powai,42350839,4788,2,2026-06-06,Pending
69,Bengaluru,Indiranagar,26487941,1858,1,2026-05-16,Pending
70,Pune,Kharadi,41520030,3607,2,2026-05-11,Sold
71,Bengaluru,HSR Layout,37877709,2691,3,2026-06-06,Pending
72,Mumbai,Bandra,15630945,1715,3,2026-04-12,Available
73,Pune,Baner,6064382,545,2,2026-04-20,Pending
74,Bengaluru,Electronic City,45429763,3969,4,2026-06-19,Pending
75,Mumbai,Bandra,18501091,4397,5,2026-04-22,Sold
76,Hyderabad,Gachibowli,56498847,3929,4,2026-05-11,Available
77,Bengaluru,Indiranagar,22987831,2351,2,2026-06-05,Pending
78,Mumbai,Powai,22768074,2803,3,2026-07-02,Available
79,Pune,Hinjewadi,3013667,594,2,2026-05-19,Pending
80,Chennai,Velachery,57389387,4550,2,2026-05-09,Sold
81,Pune,Hinjewadi,20712101,1813,3,2026-07-07,Pending
82,Mumbai,Thane,12556007,1683,1,2026-06-03,Sold
83,Chennai,Anna Nagar,35866786,3409,4,2026-07-04,Sold
84,Chennai,OMR,3585120,550,1,2026-06-12,Available
85,Hyderabad,Kukatpally,13984617,1324,1,2026-04-18,Pending
86,Hyderabad,Banjara Hills,42464180,3949,5,2026-06-12,Available
87,Hyderabad,Banjara Hills,7121002,1222,2,2026-06-29,Sold
88,Chennai,OMR,3424277,761,1,2026-05-30,Sold
89,Hyderabad,Kondapur,21969540,1843,4,2026-04-23,Pending
90,Mumbai,Bandra,36023057,3585,4,2026-06-03,Available
91,Pune,Baner,17951255,3341,5,2026-06-07,Pending
92,Chennai,OMR,32592619,2407,4,2026-05-24,Pending
93,Bengaluru,Whitefield,25747830,4540,3,2026-07-05,Available
94,Mumbai,Powai,58402857,4160,5,2026-04-10,Sold
95,Hyderabad,Jubilee Hills,11433737,1236,3,2026-05-25,Available
96,Pune,Baner,6270938,956,1,2026-05-23,Sold
97,Mumbai,Bandra,19943493,1672,1,2026-06-27,Sold
98,Bengaluru,Indiranagar,9549694,1447,3,2026-05-18,Available
99,Chennai,Velachery,15755311,2635,4,2026-06-03,Available
100,Chennai,Velachery,26031592,2450,1,2026-06-22,Sold
101,Hyderabad,Kukatpally,31106777,2288,3,2026-06-04,Available
102,Bengaluru,Electronic City,11448464,2157,1,2026-06-22,Pending
103,Chennai,OMR,24850682,1839,3,2026-05-22,Pending
104,Mumbai,Thane,59274223,4705,1,2026-07-07,Available
105,Pune,Baner,53668661,4783,2,2026-06-24,Available
106,Bengaluru,HSR Layout,28284200,4285,4,2026-05-24,Sold
107,Pune,Wakad,18085194,3781,5,2026-05-29,Sold
108,Mumbai,Thane,20233502,4216,1,2026-07-08,Sold
109,Bengaluru,Whitefield,12352946,994,5,2026-06-28,Pending
110,Pune,Kharadi,47519279,3667,2,2026-05-05,Pending
111,Bengaluru,Electronic City,26294110,3166,4,2026-05-04,Sold
112,Bengaluru,HSR Layout,58273382,3914,3,2026-05-18,Available
113,Mumbai,Thane,15458256,1725,4,2026-04-24,Sold
114,Mumbai,Thane,29042345,4137,3,2026-05-29,Available
115,Mumbai,Andheri,62272635,4894,3,2026-04-14,Available
116,Mumbai,Bandra,25013920,2041,4,2026-06-17,Available
117,Mumbai,Bandra,58935664,4793,3,2026-04-12,Sold
118,Hyderabad,Kondapur,51458764,3756,1,2026-04-23,Available
119,Hyderabad,Gachibowli,14104553,1123,2,2026-05-25,Sold
120,Pune,Hinjewadi,38014750,3358,2,2026-04-25,Available
121,Chennai,Adyar,13102211,2564,4,2026-06-28,Available
122,Chennai,Adyar,33431223,3473,1,2026-06-03,Sold
123,Chennai,Velachery,13636143,2480,2,2026-05-19,Sold
124,Bengaluru,Indiranagar,21394514,1572,3,2026-04-14,Pending
125,Mumbai,Powai,7423643,1688,3,2026-05-06,Sold
126,Chennai,Velachery,37408431,3768,3,2026-07-06,Pending
127,Hyderabad,Madhapur,24658979,2887,1,2026-07-04,Pending
128,Mumbai,Andheri,39699424,4062,5,2026-06-28,Sold
129,Mumbai,Thane,47643803,3287,5,2026-06-06,Available
130,Pune,Wakad,17185240,2545,1,2026-04-10,Available
131,Chennai,Anna Nagar,22044242,1592,2,2026-06-13,Available
132,Hyderabad,Kondapur,17019692,2989,2,2026-07-04,Available
133,Pune,Wakad,15486823,1391,4,2026-04-17,Available
134,Mumbai,Bandra,20861964,2927,3,2026-05-30,Available
135,Chennai,Velachery,5263092,972,1,2026-06-21,Pending
136,Mumbai,Powai,10186595,827,4,2026-05-27,Available
137,Bengaluru,Indiranagar,32725446,2922,1,2026-05-19,Pending
138,Chennai,Adyar,51734473,3519,4,2026-04-16,Pending
139,Pune,Kharadi,34087377,4115,4,2026-04-10,Sold
140,Hyderabad,Jubilee Hills,62242409,4704,5,2026-04-20,Pending
141,Pune,Kharadi,24328069,2069,5,2026-05-12,Sold
142,Pune,Kharadi,10241610,1439,3,2026-07-04,Pending
143,Pune,Hinjewadi,6407158,779,2,2026-06-16,Available
144,Bengaluru,Electronic City,55683517,4910,3,2026-05-10,Available
145,Pune,Hinjewadi,43977405,3456,3,2026-05-30,Available
146,Mumbai,Powai,14737013,1694,2,2026-04-19,Pending
147,Bengaluru,HSR Layout,10968257,1090,3,2026-05-06,Sold
148,Bengaluru,Whitefield,48247485,4212,4,2026-04-16,Sold
149,Bengaluru,Electronic City,33496103,3395,4,2026-06-09,Pending
150,Pune,Wakad,33195277,4611,1,2026-06-05,Pending
151,Chennai,OMR,63055102,4483,4,2026-06-07,Sold
152,Chennai,OMR,37296608,3900,5,2026-06-20,Pending
153,Mumbai,Powai,34909207,3033,5,2026-06-20,Pending
154,Hyderabad,Miyapur,7805936,1598,1,2026-05-03,Available
155,Bengaluru,Electronic City,27174962,3686,4,2026-06-10,Pending
156,Bengaluru,Whitefield,21219473,2563,1,2026-04-28,Available
157,Chennai,Anna Nagar,5230074,1224,3,2026-07-04,Sold
158,Chennai,OMR,6201490,1413,2,2026-05-28,Available
159,Hyderabad,Madhapur,36731701,4635,5,2026-05-16,Available
160,Pune,Hinjewadi,58311911,4841,3,2026-06-14,Pending
161,Chennai,OMR,46948619,3168,1,2026-05-21,Available
162,Hyderabad,Madhapur,64848500,4604,3,2026-04-12,Pending
163,Pune,Hinjewadi,54274515,4378,4,2026-06-30,Pending
164,Chennai,Adyar,45588432,3348,5,2026-06-20,Pending
165,Hyderabad,Kondapur,39584648,3623,3,2026-06-04,Sold
166,Mumbai,Bandra,18908542,4738,2,2026-04-27,Sold
167,Chennai,Anna Nagar,27322202,2481,3,2026-05-14,Sold
168,Mumbai,Thane,21021446,2603,3,2026-05-22,Sold
169,Hyderabad,Gachibowli,47788315,4289,4,2026-06-14,Sold
170,Chennai,Adyar,23280911,4267,1,2026-05-28,Sold
171,Pune,Kharadi,54800491,3833,1,2026-04-29,Sold
172,Bengaluru,Indiranagar,33655976,4072,5,2026-06-14,Sold
173,Hyderabad,Kukatpally,26642675,3150,1,2026-06-13,Available
174,Bengaluru,Whitefield,19969522,4572,2,2026-06-19,Available
175,Hyderabad,Gachibowli,58092100,3897,2,2026-06-02,Available
176,Chennai,Anna Nagar,33052017,4995,2,2026-04-12,Available
177,Chennai,Adyar,13716121,1436,1,2026-06-14,Sold
178,Hyderabad,Madhapur,13697865,1644,4,2026-04-16,Sold
179,Bengaluru,Electronic City,20506404,3482,2,2026-05-11,Available
180,Bengaluru,Indiranagar,34068369,3390,1,2026-06-26,Available
181,Hyderabad,Kondapur,29589629,4332,2,2026-05-06,Available
182,Pune,Kharadi,15861512,2378,1,2026-04-16,Pending
183,Pune,Hinjewadi,34602975,2513,1,2026-07-08,Sold
184,Bengaluru,HSR Layout,11139725,1738,3,2026-07-01,Pending
185,Chennai,Adyar,16861740,1256,3,2026-05-15,Sold
186,Hyderabad,Gachibowli,20558799,2564,2,2026-05-22,Sold
187,Chennai,Adyar,27374107,2996,1,2026-06-12,Available
188,Chennai,Anna Nagar,8940156,1220,3,2026-06-05,Sold
189,Pune,Baner,28356189,3027,4,2026-04-28,Pending
190,Pune,Baner,24243338,1606,3,2026-05-04,Pending
191,Hyderabad,Gachibowli,15083309,1475,5,2026-06-21,Available
192,Pune,Wakad,32116078,2480,3,2026-05-29,Available
193,Bengaluru,HSR Layout,31958501,4727,1,2026-06-14,Pending
194,Chennai,Adyar,37234956,3118,4,2026-05-10,Pending
195,Chennai,Adyar,69926081,4836,3,2026-06-27,Pending
196,Bengaluru,Whitefield,36658529,3808,4,2026-06-22,Available
197,Hyderabad,Banjara Hills,27020559,2429,5,2026-07-05,Pending
198,Mumbai,Andheri,14872737,1051,5,2026-07-07,Pending
199,Bengaluru,Whitefield,48316172,4249,2,2026-05-28,Pending
200,Chennai,OMR,10741057,2326,2,2026-06-11,Pending
201,Chennai,OMR,27234357,4414,5,2026-06-30,Pending
202,Bengaluru,Electronic City,19643958,2148,5,2026-06-06,Pending
203,Chennai,Anna Nagar,9845248,1362,1,2026-05-08,Available
204,Bengaluru,Whitefield,39481556,4827,5,2026-06-19,Sold
205,Pune,Baner,3858360,726,1,2026-07-09,Available
206,Pune,Kharadi,24865662,2137,4,2026-04-17,Pending
207,Bengaluru,Whitefield,46528788,4579,5,2026-06-08,Available
208,Bengaluru,HSR Layout,12169638,862,5,2026-06-16,Available
209,Pune,Baner,1839753,518,1,2026-04-29,Pending
210,Mumbai,Bandra,16256185,1500,2,2026-06-28,Sold
211,Mumbai,Andheri,10635616,2073,1,2026-07-07,Available
212,Hyderabad,Madhapur,24253665,2903,4,2026-04-21,Sold
213,Chennai,Velachery,46903351,4956,3,2026-04-20,Sold
214,Bengaluru,HSR Layout,70556740,4849,1,2026-06-06,Sold
215,Bengaluru,Electronic City,35181057,3702,2,2026-04-24,Available
216,Pune,Hinjewadi,5610485,1101,3,2026-05-14,Pending
217,Hyderabad,Kukatpally,17618217,2353,1,2026-04-16,Sold
218,Hyderabad,Kukatpally,34186721,2580,1,2026-05-23,Pending
219,Hyderabad,Banjara Hills,22469331,2534,2,2026-06-06,Available
220,Bengaluru,Electronic City,8697244,740,4,2026-07-02,Available
221,Bengaluru,Electronic City,12124606,969,1,2026-06-12,Available
222,Mumbai,Bandra,16480159,1109,4,2026-07-06,Pending
223,Mumbai,Bandra,35727706,3485,2,2026-05-13,Available
224,Bengaluru,Electronic City,22853167,3072,5,2026-04-14,Available
225,Mumbai,Andheri,11088002,2353,3,2026-05-10,Pending
226,Hyderabad,Kondapur,24854250,3908,2,2026-05-18,Sold
227,Mumbai,Powai,5835435,922,4,2026-04-26,Available
228,Chennai,Velachery,55434825,4071,1,2026-04-11,Pending
229,Hyderabad,Kukatpally,63968421,4394,3,2026-06-10,Sold
230,Bengaluru,HSR Layout,13864115,2260,3,2026-05-25,Sold
231,Hyderabad,Jubilee Hills,18414546,1818,4,2026-04-17,Sold
232,Pune,Hinjewadi,29081781,2124,1,2026-06-10,Available
233,Hyderabad,Madhapur,15992868,1717,4,2026-07-01,Pending
234,Chennai,Anna Nagar,29246720,4610,4,2026-06-30,Sold
235,Mumbai,Thane,13693090,2394,5,2026-06-09,Sold
236,Hyderabad,Gachibowli,17919858,2374,1,2026-07-02,Available
237,Chennai,Adyar,27828759,3084,5,2026-05-11,Available
238,Pune,Wakad,39992990,4403,5,2026-05-13,Sold
239,Mumbai,Andheri,10169526,918,1,2026-04-16,Sold
240,Hyderabad,Jubilee Hills,8015353,919,1,2026-06-17,Sold
241,Mumbai,Powai,12835215,1251,3,2026-05-08,Available
242,Pune,Baner,16116322,1716,5,2026-07-08,Sold
243,Chennai,Anna Nagar,36131476,3496,3,2026-06-08,Pending
244,Chennai,Anna Nagar,33312066,3618,4,2026-04-17,Available
245,Mumbai,Bandra,26193664,3288,3,2026-06-14,Sold
246,Chennai,Adyar,28280581,3109,3,2026-06-13,Available
247,Hyderabad,Jubilee Hills,10451771,785,4,2026-06-11,Pending
248,Mumbai,Bandra,38968919,3617,1,2026-04-23,Sold
249,Pune,Hinjewadi,16560194,3463,1,2026-05-16,Available
250,Mumbai,Powai,11947306,1256,1,2026-04-26,Pending
251,Chennai,Adyar,56863479,4685,1,2026-05-27,Sold
252,Chennai,Adyar,20268280,2983,3,2026-04-25,Sold
253,Pune,Kharadi,36252059,4597,2,2026-04-18,Available
254,Mumbai,Andheri,52452486,4668,4,2026-04-14,Available
255,Bengaluru,Electronic City,6594692,1445,2,2026-04-19,Sold
256,Pune,Wakad,6139855,637,3,2026-06-30,Available
257,Chennai,Velachery,25916283,2296,1,2026-05-16,Available
258,Hyderabad,Madhapur,6524872,1517,1,2026-05-24,Available
259,Bengaluru,Indiranagar,5120263,700,2,2026-04-30,Pending
260,Chennai,Adyar,23030621,4689,2,2026-07-09,Sold
261,Mumbai,Andheri,62509279,4428,5,2026-04-18,Pending
262,Mumbai,Andheri,5327840,1179,4,2026-05-22,Sold
263,Chennai,OMR,23933141,4177,3,2026-05-03,Sold
264,Mumbai,Powai,7449061,879,2,2026-06-29,Available
265,Hyderabad,Jubilee Hills,40252088,2883,3,2026-05-10,Available
266,Pune,Wakad,12921304,1016,4,2026-04-17,Sold
267,Bengaluru,Whitefield,21154934,3107,4,2026-06-19,Sold
268,Bengaluru,Indiranagar,29276860,2815,3,2026-05-09,Pending
269,Bengaluru,Electronic City,15101226,2042,5,2026-04-16,Available
270,Bengaluru,Whitefield,29008210,2683,1,2026-04-27,Available
271,Chennai,Anna Nagar,15745388,3646,4,2026-07-03,Sold
272,Pune,Kharadi,27837230,3440,3,2026-04-29,Sold
273,Hyderabad,Madhapur,30799816,3962,2,2026-06-11,Pending
274,Hyderabad,Miyapur,10620734,1982,2,2026-06-08,Pending
275,Hyderabad,Jubilee Hills,31520715,4706,4,2026-05-05,Sold
276,Mumbai,Powai,10069378,2467,4,2026-04-16,Pending
277,Mumbai,Powai,9687719,1775,1,2026-04-28,Sold
278,Mumbai,Bandra,19494807,1657,1,2026-05-29,Available
279,Chennai,Velachery,29739496,3504,4,2026-04-16,Sold
280,Bengaluru,Whitefield,17095303,1753,1,2026-05-09,Pending
281,Pune,Kharadi,17217804,2772,5,2026-05-04,Sold
282,Chennai,Adyar,8983457,760,3,2026-06-10,Sold
283,Hyderabad,Kondapur,15536733,3454,4,2026-05-08,Available
284,Bengaluru,Electronic City,33970074,3941,4,2026-06-17,Available
285,Chennai,OMR,15989134,1412,3,2026-05-28,Available
286,Pune,Kharadi,21335050,2906,1,2026-05-04,Pending
287,Mumbai,Andheri,17219430,3911,3,2026-04-30,Sold
288,Hyderabad,Gachibowli,28374821,3615,4,2026-06-28,Sold
289,Hyderabad,Madhapur,39328162,3522,1,2026-06-02,Pending
290,Chennai,Anna Nagar,39470433,2826,1,2026-05-24,Available
291,Pune,Baner,28609422,3454,4,2026-04-13,Sold
292,Pune,Kharadi,7931372,1052,2,2026-04-22,Available
293,Pune,Kharadi,55370608,4125,3,2026-06-21,Sold
294,Hyderabad,Gachibowli,13125812,2382,4,2026-05-23,Available
295,Bengaluru,Electronic City,15260179,2783,3,2026-06-28,Pending
296,Bengaluru,Indiranagar,50636433,4946,4,2026-07-04,Available
297,Mumbai,Andheri,20779160,4606,4,2026-06-19,Pending
298,Pune,Kharadi,20707208,2120,2,2026-05-30,Sold
299,Pune,Kharadi,10343573,1892,3,2026-05-30,Available
300,Pune,Kharadi,25392808,1820,4,2026-05-15,Available
301,Chennai,Anna Nagar,6467959,1354,4,2026-06-14,Available
302,Chennai,Adyar,7706773,1994,3,2026-05-13,Pending
303,Hyderabad,Kondapur,54606240,3680,4,2026-05-10,Sold
304,Bengaluru,Whitefield,30247289,2267,4,2026-06-15,Sold
305,Bengaluru,HSR Layout,54560741,3720,1,2026-06-02,Sold
306,Hyderabad,Kondapur,5314692,706,3,2026-06-10,Sold
307,Mumbai,Thane,40530508,4752,5,2026-04-23,Pending
308,Bengaluru,Whitefield,3745121,636,4,2026-06-01,Pending
309,Hyderabad,Gachibowli,9208646,721,2,2026-05-14,Sold
310,Hyderabad,Miyapur,52904030,3844,3,2026-04-27,Sold
311,Pune,Wakad,25900047,4670,1,2026-05-18,Pending
312,Chennai,Velachery,23357463,1605,5,2026-05-19,Sold
313,Bengaluru,Indiranagar,22829287,4830,4,2026-05-19,Pending
314,Bengaluru,Electronic City,22905272,4314,1,2026-05-01,Pending
315,Pune,Kharadi,24616427,4419,3,2026-05-15,Available
316,Mumbai,Powai,13404295,1269,2,2026-07-02,Sold
317,Pune,Baner,11297108,1699,4,2026-04-24,Sold
318,Pune,Wakad,22199142,4652,1,2026-05-30,Available
319,Bengaluru,HSR Layout,19077394,1611,2,2026-06-17,Sold
320,Mumbai,Thane,49517613,4630,1,2026-04-18,Pending
321,Mumbai,Bandra,9238139,2314,3,2026-05-21,Pending
322,Pune,Baner,7697652,1349,4,2026-07-04,Pending
323,Mumbai,Bandra,39002624,3378,5,2026-05-15,Sold
324,Pune,Hinjewadi,18734161,2871,1,2026-06-11,Pending
325,Hyderabad,Madhapur,42053812,4099,5,2026-06-19,Available
326,Chennai,Anna Nagar,10812331,1082,2,2026-06-12,Available
327,Chennai,OMR,29310989,1990,4,2026-05-13,Sold
328,Chennai,Velachery,15527331,2484,1,2026-06-19,Sold
329,Bengaluru,HSR Layout,6383419,1101,1,2026-05-27,Available
330,Pune,Wakad,8367518,1542,4,2026-06-01,Sold
331,Mumbai,Andheri,47866837,4550,3,2026-05-22,Pending
332,Mumbai,Bandra,38108907,3020,4,2026-07-07,Sold
333,Chennai,Velachery,47129546,3998,1,2026-04-19,Sold
334,Pune,Hinjewadi,61323564,4163,4,2026-05-07,Pending
335,Hyderabad,Kondapur,22080098,2941,1,2026-04-12,Available
336,Chennai,Anna Nagar,13777599,1048,2,2026-05-23,Sold
337,Mumbai,Andheri,23239336,1599,5,2026-04-29,Sold
338,Hyderabad,Kukatpally,36274997,4030,3,2026-04-11,Sold
339,Pune,Baner,22869013,3080,4,2026-06-02,Pending
340,Bengaluru,Electronic City,67168745,4883,4,2026-06-17,Sold
341,Hyderabad,Kondapur,27776228,2562,5,2026-06-14,Sold
342,Chennai,Anna Nagar,5605381,611,5,2026-05-07,Sold
343,Hyderabad,Kondapur,32749853,3946,5,2026-07-05,Available
344,Mumbai,Andheri,68499688,4582,3,2026-06-24,Sold
345,Hyderabad,Miyapur,10648479,1717,4,2026-07-07,Sold
346,Hyderabad,Jubilee Hills,59484521,4271,2,2026-06-26,Pending
347,Mumbai,Thane,23871145,2713,3,2026-04-15,Available
348,Mumbai,Thane,11587366,2573,3,2026-06-23,Sold
349,Mumbai,Powai,56853597,4645,1,2026-06-23,Pending
350,Mumbai,Andheri,16994367,1302,5,2026-06-16,Available
351,Bengaluru,Indiranagar,18788370,2970,2,2026-05-14,Available
352,Pune,Kharadi,12134942,889,3,2026-04-29,Pending
353,Chennai,Anna Nagar,5120848,1240,4,2026-07-03,Pending
354,Bengaluru,HSR Layout,48591692,4172,3,2026-07-02,Sold
355,Pune,Baner,21800486,1567,1,2026-04-22,Available
356,Hyderabad,Kondapur,5930477,655,1,2026-04-21,Available
357,Chennai,Adyar,14882724,1778,3,2026-05-19,Sold
358,Mumbai,Andheri,18186129,1944,5,2026-06-17,Pending
359,Mumbai,Bandra,5462935,1064,3,2026-04-11,Pending
360,Pune,Hinjewadi,32274800,4020,2,2026-04-30,Sold
361,Pune,Wakad,23848219,2810,3,2026-06-08,Pending
362,Hyderabad,Miyapur,14871605,1926,1,2026-04-17,Sold
363,Bengaluru,Electronic City,35644894,2911,1,2026-05-13,Sold
364,Chennai,Velachery,21396216,3807,3,2026-06-07,Pending
365,Mumbai,Powai,27512662,4909,1,2026-05-23,Sold
366,Hyderabad,Kondapur,37375548,2991,3,2026-05-13,Sold
367,Hyderabad,Jubilee Hills,9761497,2098,4,2026-06-26,Pending
368,Hyderabad,Madhapur,4356984,923,2,2026-06-04,Available
369,Mumbai,Powai,21774110,3480,4,2026-06-20,Available
370,Chennai,OMR,27959680,4542,1,2026-04-29,Sold
371,Bengaluru,Indiranagar,6798939,1116,4,2026-06-03,Available
372,Pune,Baner,42949151,2956,5,2026-07-06,Pending
373,Pune,Hinjewadi,42765770,3193,1,2026-04-25,Available
374,Bengaluru,Whitefield,4150796,517,3,2026-06-30,Pending
375,Hyderabad,Kondapur,34796027,3911,1,2026-06-27,Available
376,Bengaluru,Electronic City,55492633,4747,3,2026-06-21,Sold
377,Chennai,Adyar,11007745,2077,1,2026-04-24,Sold
378,Bengaluru,Whitefield,22432160,4195,2,2026-06-19,Sold
379,Bengaluru,Whitefield,17536268,1292,4,2026-05-22,Pending
380,Chennai,OMR,18894544,1808,3,2026-04-17,Available
381,Hyderabad,Gachibowli,36115510,3008,1,2026-04-20,Available
382,Chennai,Velachery,35817994,4939,3,2026-07-06,Sold
383,Hyderabad,Jubilee Hills,56760757,4198,2,2026-07-01,Available
384,Mumbai,Powai,6870602,1489,3,2026-05-17,Pending
385,Hyderabad,Gachibowli,15112326,1943,2,2026-05-04,Available
386,Mumbai,Bandra,29488040,3033,1,2026-07-03,Pending
387,Pune,Kharadi,31382261,3947,4,2026-06-12,Pending
388,Pune,Wakad,2998242,505,5,2026-05-09,Available
389,Chennai,Anna Nagar,20864000,3176,3,2026-06-22,Available
390,Chennai,Velachery,70264431,4933,2,2026-06-18,Sold
391,Mumbai,Andheri,22590783,2116,3,2026-06-20,Pending
392,Bengaluru,Indiranagar,36012797,4880,2,2026-07-01,Pending
393,Pune,Hinjewadi,10634602,1360,3,2026-04-13,Pending
394,Pune,Baner,45746228,4100,2,2026-06-06,Pending
395,Hyderabad,Jubilee Hills,55860299,4351,2,2026-05-06,Sold
396,Hyderabad,Jubilee Hills,10296362,1204,3,2026-05-23,Available
397,Mumbai,Powai,11714404,2431,3,2026-05-23,Available
398,Chennai,Velachery,26418371,4488,5,2026-05-10,Available
399,Mumbai,Bandra,6620136,908,2,2026-05-05,Pending
400,Hyderabad,Kondapur,27065664,1849,2,2026-06-03,Available
401,Mumbai,Bandra,16195232,2602,1,2026-06-16,Available
402,Hyderabad,Gachibowli,8409875,1180,4,2026-05-25,Available
403,Mumbai,Thane,30003205,3182,1,2026-05-25,Available
404,Bengaluru,HSR Layout,3067520,538,5,2026-06-27,Sold
405,Bengaluru,HSR Layout,49578986,3951,5,2026-05-01,Sold
406,Bengaluru,Whitefield,41940665,4197,1,2026-07-07,Pending
407,Mumbai,Powai,23754396,2865,1,2026-06-08,Sold
408,Chennai,Anna Nagar,36128395,4116,3,2026-06-01,Pending
409,Mumbai,Powai,41441159,4739,3,2026-05-10,Sold
410,Mumbai,Powai,20936031,4599,1,2026-06-15,Pending
411,Chennai,Velachery,19303592,1994,5,2026-04-16,Pending
412,Pune,Baner,18469851,3450,4,2026-05-17,Sold
413,Chennai,Adyar,12782101,1046,3,2026-05-09,Pending
414,Mumbai,Bandra,18165916,3038,3,2026-07-04,Sold
415,Bengaluru,Electronic City,60730543,4093,1,2026-04-13,Sold
416,Hyderabad,Gachibowli,22523565,3431,1,2026-06-14,Available
417,Hyderabad,Kukatpally,21466880,2487,3,2026-05-01,Sold
418,Pune,Hinjewadi,32705510,4532,1,2026-06-19,Available
419,Pune,Baner,9721899,1961,3,2026-04-26,Available
420,Bengaluru,Indiranagar,64637252,4981,4,2026-07-02,Sold
421,Chennai,Adyar,15687842,1389,4,2026-07-04,Sold
422,Mumbai,Bandra,39890743,3100,5,2026-05-17,Available
423,Pune,Kharadi,26426915,3292,2,2026-05-14,Pending
424,Hyderabad,Jubilee Hills,12243722,1107,1,2026-06-09,Sold
425,Bengaluru,HSR Layout,50696660,3570,3,2026-04-27,Pending
426,Bengaluru,Electronic City,6110064,964,1,2026-07-05,Pending
427,Mumbai,Andheri,17372763,3704,5,2026-04-23,Available
428,Bengaluru,Whitefield,24230349,3684,1,2026-06-12,Sold
429,Pune,Baner,26841055,2294,1,2026-04-25,Pending
430,Hyderabad,Madhapur,13435396,3270,5,2026-06-09,Sold
431,Pune,Kharadi,13189696,1256,2,2026-06-16,Sold
432,Hyderabad,Miyapur,45703986,4467,3,2026-06-09,Sold
433,Hyderabad,Kukatpally,44760124,3770,2,2026-06-13,Available
434,Hyderabad,Miyapur,24712697,1676,1,2026-06-25,Pending
435,Pune,Baner,42339600,3035,5,2026-06-03,Sold
436,Pune,Wakad,11023882,1060,5,2026-04-29,Available
437,Hyderabad,Madhapur,9151743,2085,3,2026-06-30,Available
438,Pune,Kharadi,17775405,1892,2,2026-06-28,Sold
439,Mumbai,Andheri,15380963,1648,2,2026-06-30,Pending
440,Mumbai,Bandra,20940505,1822,2,2026-04-10,Pending
441,Pune,Baner,13217569,1095,2,2026-05-11,Sold
442,Mumbai,Thane,61371763,4741,5,2026-07-09,Sold
443,Hyderabad,Kondapur,17352674,2588,4,2026-05-26,Pending
444,Mumbai,Powai,14673097,1139,2,2026-04-26,Available
445,Mumbai,Bandra,12895757,1603,1,2026-05-01,Pending
446,Chennai,Anna Nagar,27501904,3039,4,2026-06-26,Sold
447,Pune,Baner,24036018,2811,3,2026-05-07,Available
448,Chennai,Adyar,21907130,1766,1,2026-06-25,Sold
449,Bengaluru,HSR Layout,4759388,883,5,2026-07-02,Sold
450,Pune,Wakad,34199949,2775,2,2026-05-12,Pending
451,Mumbai,Powai,24121747,2622,4,2026-06-19,Pending
452,Chennai,Velachery,47498618,4380,5,2026-05-27,Available
453,Mumbai,Bandra,9934641,2523,3,2026-04-30,Available
454,Bengaluru,Whitefield,16077021,2367,2,2026-06-19,Pending
455,Hyderabad,Banjara Hills,4380029,513,5,2026-05-22,Sold
456,Hyderabad,Miyapur,28357714,4321,3,2026-04-28,Sold
457,Pune,Baner,32418271,4513,1,2026-06-11,Pending
458,Mumbai,Thane,23481660,1875,5,2026-04-26,Pending
459,Bengaluru,Whitefield,22011159,2673,5,2026-05-02,Available
460,Hyderabad,Miyapur,14398405,1457,5,2026-04-16,Available
461,Bengaluru,Whitefield,36883731,2955,5,2026-04-23,Available
462,Hyderabad,Banjara Hills,30171411,3717,1,2026-05-22,Available
463,Hyderabad,Kukatpally,39731221,4644,5,2026-05-31,Sold
464,Hyderabad,Kondapur,12514701,1051,5,2026-04-13,Sold
465,Chennai,Adyar,56232844,3926,4,2026-05-07,Available
466,Mumbai,Andheri,34601520,2645,4,2026-05-28,Sold
467,Mumbai,Powai,12243188,1243,2,2026-05-01,Pending
468,Chennai,Adyar,45835154,4787,4,2026-06-11,Available
469,Mumbai,Thane,10890971,1089,1,2026-05-27,Pending
470,Chennai,OMR,16661372,2101,5,2026-06-27,Sold
471,Mumbai,Powai,13048537,1745,4,2026-04-15,Available
472,Bengaluru,Indiranagar,10060833,697,1,2026-04-16,Pending
473,Bengaluru,HSR Layout,10670412,1145,5,2026-05-15,Sold
474,Hyderabad,Kukatpally,21260541,2941,2,2026-05-08,Available
475,Bengaluru,Electronic City,19692576,1332,1,2026-06-18,Available
476,Pune,Hinjewadi,46862651,3776,5,2026-07-02,Pending
477,Hyderabad,Jubilee Hills,46066299,3302,5,2026-06-03,Sold
478,Pune,Hinjewadi,7947794,1741,4,2026-04-17,Available
479,Pune,Wakad,19196471,3115,5,2026-06-10,Sold
480,Mumbai,Thane,27171676,3550,1,2026-05-23,Pending
481,Bengaluru,Indiranagar,36004286,2825,5,2026-05-11,Pending
482,Mumbai,Bandra,4399247,671,3,2026-05-30,Available
483,Chennai,Anna Nagar,22872851,2322,4,2026-05-19,Sold
484,Bengaluru,Indiranagar,18526912,1978,1,2026-04-14,Pending
485,Pune,Baner,21661946,1813,4,2026-05-22,Sold
486,Pune,Hinjewadi,24496060,2254,3,2026-05-11,Pending
487,Mumbai,Bandra,8858242,1953,2,2026-06-04,Available
488,Bengaluru,Indiranagar,46340867,4493,4,2026-06-16,Available
489,Bengaluru,Indiranagar,36803807,4589,2,2026-05-01,Available
490,Bengaluru,Indiranagar,28652940,2108,1,2026-05-18,Pending
491,Pune,Kharadi,40578501,4434,2,2026-06-30,Pending
492,Chennai,OMR,48706977,3976,5,2026-07-02,Available
493,Mumbai,Andheri,69329045,4685,5,2026-06-15,Pending
494,Bengaluru,Whitefield,35444242,4484,2,2026-05-12,Pending
495,Chennai,Adyar,13354997,926,2,2026-05-07,Sold
496,Pune,Hinjewadi,47151867,4349,4,2026-05-06,Available
497,Bengaluru,Whitefield,20752980,1519,5,2026-06-22,Available
498,Hyderabad,Banjara Hills,48381272,4827,3,2026-04-21,Available
499,Mumbai,Bandra,16022579,1450,3,2026-05-31,Available
500,Hyderabad,Jubilee Hills,30223756,3492,3,2026-06-03,Sold
501,Hyderabad,Kukatpally,21144463,1454,4,2026-05-30,Sold
502,Mumbai,Powai,27646566,1995,4,2026-04-20,Sold
503,Hyderabad,Kondapur,17072351,1880,1,2026-06-14,Pending
504,Hyderabad,Jubilee Hills,25445419,3987,1,2026-04-28,Available
505,Hyderabad,Madhapur,19181353,1645,3,2026-04-16,Sold
506,Hyderabad,Madhapur,26176702,4075,1,2026-05-28,Sold
507,Hyderabad,Gachibowli,45030847,4227,3,2026-05-04,Pending
508,Pune,Hinjewadi,9344211,1600,4,2026-05-28,Available
509,Hyderabad,Madhapur,29826388,4280,3,2026-05-17,Available
510,Chennai,Anna Nagar,9474094,1206,3,2026-07-03,Pending
511,Hyderabad,Kukatpally,20852052,3200,1,2026-04-28,Available
512,Chennai,Anna Nagar,43873548,4789,5,2026-05-14,Available
513,Bengaluru,Whitefield,29352436,3816,1,2026-05-11,Sold
514,Chennai,Adyar,51517588,4626,2,2026-04-29,Available
515,Hyderabad,Kondapur,31850560,2418,1,2026-05-21,Sold
516,Chennai,Adyar,27314935,4656,4,2026-05-09,Sold
517,Mumbai,Thane,19216442,4130,4,2026-05-14,Available
518,Chennai,Adyar,48878713,4312,3,2026-05-26,Available
519,Chennai,OMR,23090089,4144,4,2026-04-13,Pending
520,Chennai,OMR,47059702,4842,3,2026-05-04,Pending
521,Chennai,Velachery,25802197,3593,3,2026-06-01,Sold
522,Pune,Hinjewadi,8821937,899,4,2026-06-22,Available
523,Pune,Wakad,30595531,2929,5,2026-05-09,Available
524,Pune,Kharadi,33052772,2942,2,2026-06-18,Available
525,Mumbai,Powai,6508642,1177,5,2026-05-18,Sold
526,Mumbai,Andheri,12622395,1720,1,2026-05-22,Available
527,Mumbai,Powai,27757869,4325,1,2026-06-14,Pending
528,Hyderabad,Madhapur,30213802,2687,5,2026-06-25,Sold
529,Chennai,Adyar,69023337,4726,2,2026-05-31,Pending
530,Bengaluru,Electronic City,23646300,3545,3,2026-05-30,Available
531,Hyderabad,Miyapur,30863493,4036,3,2026-04-18,Pending
532,Pune,Baner,24381722,3694,2,2026-06-23,Pending
533,Mumbai,Andheri,22215537,2041,4,2026-05-17,Sold
534,Bengaluru,HSR Layout,22080189,2586,3,2026-05-06,Available
535,Chennai,Adyar,11789149,1223,3,2026-04-30,Pending
536,Bengaluru,Indiranagar,19903102,1351,5,2026-05-08,Sold
537,Hyderabad,Kukatpally,24227508,2245,4,2026-05-23,Sold
538,Chennai,Adyar,11469671,2390,2,2026-06-16,Pending
539,Bengaluru,HSR Layout,31277318,3122,4,2026-05-26,Available
540,Bengaluru,Whitefield,22349247,2023,5,2026-05-16,Available
541,Pune,Hinjewadi,18534150,2234,4,2026-04-12,Available
542,Mumbai,Powai,45760987,3381,5,2026-05-01,Sold
543,Hyderabad,Gachibowli,48885754,3727,3,2026-04-21,Pending
544,Pune,Kharadi,18607779,2001,5,2026-06-14,Pending
545,Mumbai,Thane,45799638,3429,3,2026-05-24,Pending
546,Pune,Hinjewadi,2908724,511,1,2026-06-28,Available
547,Chennai,Velachery,9259651,1453,3,2026-06-04,Pending
548,Hyderabad,Miyapur,37524194,4048,3,2026-04-14,Sold
549,Bengaluru,Indiranagar,31374780,3077,2,2026-06-12,Sold
550,Mumbai,Andheri,8483439,1176,5,2026-05-21,Pending
551,Chennai,Anna Nagar,49232947,4868,5,2026-05-16,Sold
552,Hyderabad,Madhapur,27918677,3196,3,2026-04-17,Pending
553,Hyderabad,Gachibowli,12952588,2830,1,2026-04-30,Sold
554,Hyderabad,Jubilee Hills,33525298,4169,1,2026-06-11,Available
555,Bengaluru,HSR Layout,10638926,1313,2,2026-05-06,Pending
556,Pune,Wakad,33927886,4480,4,2026-05-31,Sold
557,Bengaluru,Indiranagar,44797054,3992,2,2026-05-18,Available
558,Pune,Wakad,39956642,4151,3,2026-06-09,Sold
559,Pune,Kharadi,11205266,1209,4,2026-04-17,Pending
560,Chennai,Velachery,29521522,3908,5,2026-06-25,Sold
561,Mumbai,Thane,51121490,4648,5,2026-04-17,Sold
562,Mumbai,Thane,28665013,4763,5,2026-06-16,Pending
563,Hyderabad,Madhapur,18993466,4452,5,2026-06-01,Sold
564,Bengaluru,Whitefield,29046863,2154,4,2026-06-01,Sold
565,Pune,Wakad,49545467,4223,5,2026-05-19,Sold
566,Chennai,OMR,13950843,3219,4,2026-06-08,Available
567,Hyderabad,Miyapur,7692770,1230,3,2026-04-17,Sold
568,Chennai,Velachery,13961874,1356,5,2026-06-11,Pending
569,Hyderabad,Kukatpally,18506804,1404,2,2026-04-20,Available
570,Pune,Wakad,42373135,3501,4,2026-05-03,Sold
571,Bengaluru,Whitefield,48488426,4915,4,2026-05-02,Pending
572,Chennai,Anna Nagar,7526077,1398,3,2026-05-13,Pending
573,Mumbai,Andheri,21735459,2360,3,2026-04-21,Sold
574,Mumbai,Bandra,25475316,4958,1,2026-05-15,Available
575,Mumbai,Powai,26039900,3012,2,2026-06-22,Available
576,Bengaluru,Whitefield,38257578,2842,5,2026-05-21,Pending
577,Bengaluru,Whitefield,19208684,1503,4,2026-05-07,Sold
578,Hyderabad,Madhapur,18136310,1174,4,2026-05-30,Pending
579,Hyderabad,Gachibowli,16611537,1204,1,2026-05-20,Pending
580,Mumbai,Andheri,10951240,926,2,2026-06-02,Available
581,Mumbai,Bandra,23557361,1662,4,2026-06-27,Pending
582,Hyderabad,Gachibowli,5883224,841,2,2026-06-04,Available
583,Pune,Baner,57474385,4878,3,2026-05-08,Pending
584,Bengaluru,Indiranagar,22703990,3662,2,2026-05-24,Available
585,Chennai,Velachery,27461619,4024,4,2026-06-29,Available
586,Bengaluru,Indiranagar,7295256,1178,1,2026-05-13,Available
587,Hyderabad,Gachibowli,15125767,1652,4,2026-04-19,Available
588,Chennai,Anna Nagar,27681160,1903,1,2026-04-10,Available
589,Hyderabad,Gachibowli,13256780,1240,5,2026-06-07,Available
590,Bengaluru,Indiranagar,8032530,689,5,2026-07-08,Pending
591,Chennai,Adyar,49548323,3705,5,2026-04-11,Available
592,Chennai,Anna Nagar,7650360,844,3,2026-06-10,Sold
593,Chennai,OMR,34324339,2421,5,2026-05-26,Available
594,Hyderabad,Madhapur,14045004,1602,5,2026-04-28,Pending
595,Hyderabad,Kondapur,13305766,2797,5,2026-06-27,Pending
596,Bengaluru,Electronic City,5818754,827,1,2026-04-30,Available
597,Hyderabad,Kondapur,8210767,1959,3,2026-06-10,Sold
598,Chennai,Velachery,36299970,4100,4,2026-04-15,Sold
599,Pune,Hinjewadi,32672967,3709,5,2026-06-11,Available
600,Hyderabad,Gachibowli,5129189,692,1,2026-07-05,Available
601,Chennai,Adyar,29071173,2661,1,2026-04-21,Pending
602,Mumbai,Bandra,32627200,4112,2,2026-05-17,Pending
603,Hyderabad,Kukatpally,50314141,3973,5,2026-06-24,Available
604,Bengaluru,HSR Layout,43246891,4607,1,2026-06-08,Available
605,Chennai,OMR,18176628,1341,1,2026-05-02,Sold
606,Bengaluru,HSR Layout,53170268,4721,4,2026-06-14,Available
607,Pune,Baner,24615501,4128,1,2026-06-20,Available
608,Pune,Hinjewadi,55793408,3766,2,2026-06-21,Available
609,Pune,Baner,40625422,4270,1,2026-04-13,Pending
610,Pune,Wakad,60614683,4333,2,2026-06-05,Sold
611,Bengaluru,Whitefield,63722245,4831,1,2026-06-25,Available
612,Chennai,Velachery,18987409,2542,5,2026-05-14,Pending
613,Bengaluru,HSR Layout,31423826,3351,1,2026-05-01,Sold
614,Bengaluru,HSR Layout,40394983,3884,3,2026-05-13,Sold
615,Chennai,Anna Nagar,19062683,2628,1,2026-07-05,Pending
616,Chennai,Velachery,4126190,893,4,2026-05-09,Sold
617,Bengaluru,HSR Layout,52891194,4262,2,2026-05-06,Pending
618,Pune,Kharadi,37354244,3677,4,2026-06-29,Sold
619,Chennai,Anna Nagar,25470254,2403,4,2026-06-27,Available
620,Mumbai,Bandra,30869347,3583,2,2026-06-26,Sold
621,Bengaluru,Whitefield,6073415,776,1,2026-04-13,Available
622,Hyderabad,Miyapur,29947546,3297,2,2026-05-27,Available
623,Chennai,OMR,5587081,1238,4,2026-04-30,Available
624,Bengaluru,Indiranagar,7032385,1065,5,2026-06-01,Sold
625,Chennai,Adyar,11679970,2151,3,2026-05-30,Pending
626,Chennai,Velachery,16012246,1321,5,2026-06-27,Available
627,Mumbai,Thane,13033734,2092,4,2026-05-14,Available
628,Pune,Baner,25518156,3626,5,2026-04-23,Available
629,Mumbai,Powai,14761780,2231,2,2026-06-15,Pending
630,Mumbai,Bandra,26797316,2337,5,2026-07-08,Pending
631,Mumbai,Powai,39809943,4651,3,2026-07-04,Available
632,Chennai,Adyar,27855996,3087,4,2026-05-24,Sold
633,Mumbai,Bandra,41389229,4949,2,2026-04-12,Sold
634,Chennai,Anna Nagar,13759917,2193,3,2026-07-05,Sold
635,Pune,Baner,28362785,3772,2,2026-07-09,Sold
636,Mumbai,Andheri,22071342,1904,2,2026-06-15,Sold
637,Chennai,OMR,17640887,1448,2,2026-05-26,Available
638,Mumbai,Thane,12618292,2598,1,2026-04-24,Pending
639,Bengaluru,Electronic City,8276078,1561,4,2026-06-10,Pending
640,Pune,Kharadi,36976301,4086,3,2026-06-03,Sold
641,Chennai,Anna Nagar,6393148,742,5,2026-05-21,Sold
642,Mumbai,Bandra,25403047,2036,4,2026-06-12,Available
643,Hyderabad,Gachibowli,6777486,613,2,2026-05-04,Available
644,Bengaluru,Indiranagar,26327434,3433,1,2026-04-29,Pending
645,Pune,Wakad,9361571,601,4,2026-04-26,Available
646,Chennai,OMR,28248236,2323,5,2026-04-28,Sold
647,Hyderabad,Jubilee Hills,46612674,3553,2,2026-06-02,Pending
648,Chennai,Adyar,8895195,585,3,2026-07-08,Sold
649,Hyderabad,Banjara Hills,13816517,1021,4,2026-05-15,Available
650,Chennai,OMR,24681980,3515,5,2026-05-28,Available
651,Hyderabad,Gachibowli,26980635,2950,1,2026-06-14,Sold
652,Bengaluru,Electronic City,52560567,4987,3,2026-04-20,Sold
653,Chennai,Anna Nagar,13515186,3278,3,2026-06-14,Available
654,Chennai,Velachery,14986421,3188,5,2026-05-27,Pending
655,Mumbai,Thane,27595211,2589,3,2026-05-07,Sold
656,Pune,Wakad,51953883,4121,3,2026-07-09,Available
657,Hyderabad,Kondapur,15669691,1821,1,2026-07-01,Available
658,Bengaluru,HSR Layout,12791781,2512,4,2026-06-17,Available
659,Chennai,OMR,14925994,3040,4,2026-06-17,Pending
660,Mumbai,Bandra,11830985,1387,5,2026-05-23,Pending
661,Chennai,Adyar,26882866,2552,1,2026-06-26,Available
662,Bengaluru,Electronic City,34529166,3382,4,2026-04-30,Sold
663,Bengaluru,HSR Layout,24815027,3177,1,2026-05-29,Available
664,Chennai,Adyar,18932161,1443,1,2026-05-15,Pending
665,Chennai,OMR,32020269,2218,5,2026-05-02,Pending
666,Hyderabad,Madhapur,30014732,4877,3,2026-04-14,Sold
667,Chennai,Velachery,10007743,790,3,2026-05-25,Sold
668,Bengaluru,Indiranagar,15319806,1127,1,2026-06-10,Pending
669,Bengaluru,HSR Layout,24854060,4511,1,2026-07-01,Available
670,Bengaluru,Indiranagar,33091404,3343,5,2026-06-22,Pending
671,Hyderabad,Miyapur,9591793,665,5,2026-07-04,Pending
672,Bengaluru,Electronic City,62820793,4194,2,2026-05-28,Pending
673,Mumbai,Bandra,11701110,1014,4,2026-06-26,Pending
674,Pune,Kharadi,17304525,2687,2,2026-07-06,Pending
675,Chennai,OMR,11331795,2265,4,2026-04-19,Sold
676,Mumbai,Powai,57178333,4184,2,2026-07-02,Pending
677,Mumbai,Thane,47029018,3291,4,2026-05-03,Sold
678,Mumbai,Bandra,8412714,776,4,2026-07-07,Pending
679,Mumbai,Thane,58700132,3999,3,2026-06-23,Available
680,Chennai,Adyar,18126122,2066,5,2026-06-05,Pending
681,Mumbai,Powai,35975846,2584,4,2026-06-20,Sold
682,Pune,Kharadi,28620256,2121,2,2026-06-25,Sold
683,Hyderabad,Kondapur,6762634,719,2,2026-06-11,Sold
684,Hyderabad,Jubilee Hills,51788396,3957,4,2026-04-18,Sold
685,Hyderabad,Jubilee Hills,14504738,1695,1,2026-06-25,Available
686,Bengaluru,Electronic City,11058881,948,1,2026-04-17,Pending
687,Hyderabad,Miyapur,33751136,3738,3,2026-06-09,Available
688,Mumbai,Powai,44987602,3136,3,2026-05-10,Available
689,Mumbai,Bandra,8741563,1903,3,2026-05-08,Available
690,Mumbai,Bandra,26946284,2890,1,2026-04-28,Pending
691,Mumbai,Bandra,8928539,957,3,2026-05-28,Pending
692,Hyderabad,Banjara Hills,12523738,1166,1,2026-06-01,Sold
693,Pune,Wakad,66605208,4733,5,2026-05-03,Pending
694,Mumbai,Powai,17571188,1534,1,2026-05-03,Sold
695,Chennai,Anna Nagar,46636747,4262,1,2026-05-12,Available
696,Hyderabad,Madhapur,29940694,3881,3,2026-05-13,Sold
697,Bengaluru,Indiranagar,62094667,4460,3,2026-06-11,Pending
698,Chennai,Adyar,22449113,4513,4,2026-07-01,Pending
699,Hyderabad,Banjara Hills,20357250,1972,2,2026-06-21,Sold
700,Chennai,OMR,28022861,1999,2,2026-06-23,Sold
701,Bengaluru,Indiranagar,33114167,2719,2,2026-05-27,Sold
702,Hyderabad,Kondapur,33290149,4017,5,2026-05-14,Sold
703,Mumbai,Bandra,9886969,770,5,2026-07-03,Available
704,Pune,Wakad,17920555,1649,3,2026-06-25,Available
705,Bengaluru,Whitefield,9255554,1034,4,2026-05-17,Available
706,Hyderabad,Gachibowli,19612298,2545,1,2026-06-17,Pending
707,Chennai,Adyar,8958918,888,2,2026-06-28,Pending
708,Chennai,Adyar,62160055,4919,4,2026-06-29,Sold
709,Chennai,OMR,10034688,880,2,2026-07-01,Pending
710,Hyderabad,Banjara Hills,14107504,3351,1,2026-04-20,Sold
711,Bengaluru,Whitefield,7179574,851,1,2026-05-29,Available
712,Chennai,OMR,17134607,1297,1,2026-06-04,Pending
713,Chennai,Anna Nagar,42668889,3951,1,2026-07-02,Pending
714,Chennai,OMR,30304122,2051,5,2026-06-13,Pending
715,Chennai,Velachery,9784760,1040,3,2026-06-01,Available
716,Bengaluru,Indiranagar,36816971,3280,1,2026-07-07,Available
717,Mumbai,Bandra,15532417,2433,1,2026-05-28,Pending
718,Bengaluru,Whitefield,20088986,4701,1,2026-06-01,Pending
719,Chennai,Velachery,10884774,2049,4,2026-05-20,Available
720,Chennai,Velachery,20642518,3878,4,2026-05-19,Sold
721,Bengaluru,Indiranagar,49963246,4908,5,2026-06-27,Pending
722,Chennai,Anna Nagar,21675942,3652,5,2026-05-21,Sold
723,Mumbai,Andheri,31751511,3039,1,2026-04-26,Sold
724,Bengaluru,Whitefield,4934863,549,2,2026-05-13,Available
725,Mumbai,Thane,9571207,1466,1,2026-05-22,Available
726,Hyderabad,Miyapur,19111690,3481,2,2026-05-28,Pending
727,Hyderabad,Banjara Hills,35900394,2988,2,2026-05-31,Sold
728,Pune,Baner,13892867,1775,5,2026-06-25,Available
729,Bengaluru,Whitefield,3236078,634,3,2026-05-14,Pending
730,Chennai,Anna Nagar,9582179,1323,5,2026-06-12,Sold
731,Pune,Baner,16551333,1246,2,2026-05-29,Available
732,Hyderabad,Kondapur,2994881,510,1,2026-05-08,Sold
733,Hyderabad,Kukatpally,11666632,2007,4,2026-05-01,Available
734,Chennai,Velachery,21011068,1553,4,2026-06-27,Pending
735,Pune,Kharadi,39208091,3274,2,2026-05-22,Sold
736,Bengaluru,Indiranagar,7433230,735,1,2026-04-13,Sold
737,Hyderabad,Kondapur,19759496,2738,4,2026-05-25,Sold
738,Pune,Wakad,29545216,3474,3,2026-05-21,Sold
739,Mumbai,Andheri,3912089,558,4,2026-06-01,Pending
740,Chennai,Velachery,14493304,3000,4,2026-05-13,Pending
741,Mumbai,Andheri,14292833,1658,5,2026-04-13,Sold
742,Chennai,Adyar,41878158,3890,4,2026-04-12,Sold
743,Chennai,OMR,39472906,3863,2,2026-05-15,Available
744,Mumbai,Powai,23088978,3818,3,2026-05-05,Pending
745,Chennai,OMR,38026531,4976,1,2026-04-15,Pending
746,Pune,Wakad,7590615,1854,5,2026-05-26,Sold
747,Hyderabad,Gachibowli,69150252,4753,1,2026-06-25,Available
748,Chennai,Anna Nagar,37335825,3018,5,2026-07-08,Available
749,Pune,Kharadi,51450843,3612,4,2026-04-17,Sold
750,Chennai,Velachery,16194782,1860,3,2026-06-14,Sold
751,Bengaluru,Indiranagar,6796387,792,1,2026-07-08,Available
752,Bengaluru,HSR Layout,20177090,2681,1,2026-04-11,Pending
753,Hyderabad,Kukatpally,39023429,3818,5,2026-04-26,Pending
754,Hyderabad,Gachibowli,12507348,1510,1,2026-04-15,Pending
755,Pune,Kharadi,31815575,3265,3,2026-04-22,Available
756,Hyderabad,Jubilee Hills,56222550,4298,2,2026-06-16,Available
757,Chennai,Velachery,45588176,3317,4,2026-05-18,Pending
758,Mumbai,Powai,3479662,633,1,2026-05-07,Sold
759,Pune,Hinjewadi,38818449,2901,1,2026-06-10,Pending
760,Mumbai,Andheri,14088900,1543,5,2026-06-15,Sold
761,Hyderabad,Banjara Hills,7146098,1591,4,2026-06-02,Pending
762,Bengaluru,Whitefield,17596469,2531,2,2026-06-24,Pending
763,Hyderabad,Miyapur,28038613,3860,3,2026-05-20,Sold
764,Mumbai,Powai,41055040,3540,4,2026-06-16,Available
765,Pune,Wakad,64091796,4976,4,2026-06-16,Available
766,Mumbai,Thane,64909000,4466,4,2026-05-15,Sold
767,Chennai,Anna Nagar,64555294,4522,4,2026-04-20,Available
768,Chennai,OMR,13662027,3108,1,2026-05-06,Available
769,Bengaluru,Indiranagar,62259063,4658,2,2026-04-15,Pending
770,Mumbai,Bandra,11250008,1697,4,2026-05-05,Sold
771,Pune,Wakad,13746317,2823,2,2026-06-21,Available
772,Bengaluru,HSR Layout,28045249,4670,3,2026-06-17,Sold
773,Bengaluru,Whitefield,5777823,850,4,2026-05-22,Sold
774,Pune,Baner,9621327,1119,5,2026-05-01,Available
775,Mumbai,Andheri,29334613,4753,4,2026-06-06,Pending
776,Chennai,Anna Nagar,13727987,3058,1,2026-05-03,Available
777,Hyderabad,Jubilee Hills,22319732,1613,5,2026-07-06,Available
778,Chennai,Adyar,8894590,1064,2,2026-06-26,Available
779,Pune,Baner,14789236,3733,4,2026-05-23,Available
780,Bengaluru,Electronic City,23058580,2033,4,2026-04-25,Pending
781,Chennai,Anna Nagar,8363472,1250,2,2026-06-11,Sold
782,Mumbai,Thane,21056932,3289,2,2026-05-04,Pending
783,Pune,Baner,40041940,4877,4,2026-04-22,Pending
784,Chennai,Anna Nagar,60147160,4666,4,2026-05-09,Sold
785,Chennai,Adyar,43743359,4733,4,2026-06-27,Sold
786,Chennai,Anna Nagar,56280586,4269,1,2026-06-20,Pending
787,Chennai,Adyar,47128331,4871,3,2026-06-18,Available
788,Mumbai,Bandra,33403762,3723,4,2026-05-12,Sold
789,Bengaluru,Indiranagar,40446546,4493,1,2026-05-14,Pending
790,Mumbai,Thane,39389721,3894,3,2026-04-12,Available
791,Pune,Hinjewadi,18568857,2320,1,2026-05-04,Sold
792,Pune,Wakad,39147299,3920,5,2026-05-09,Sold
793,Bengaluru,Whitefield,13123761,884,5,2026-07-04,Available
794,Chennai,OMR,58698629,4457,2,2026-04-29,Available
795,Bengaluru,Indiranagar,13276889,1936,1,2026-04-17,Pending
796,Hyderabad,Kondapur,57695952,4045,1,2026-04-22,Pending
797,Mumbai,Bandra,24435789,1911,2,2026-05-08,Pending
798,Bengaluru,Electronic City,12660817,2410,2,2026-04-11,Pending
799,Bengaluru,HSR Layout,14558122,1152,1,2026-06-06,Available
800,Hyderabad,Kondapur,13884366,3059,4,2026-05-17,Sold
801,Mumbai,Bandra,19942794,4992,3,2026-06-14,Pending
802,Hyderabad,Miyapur,20185290,3187,1,2026-05-31,Available
803,Pune,Wakad,35266905,3313,3,2026-06-22,Sold
804,Hyderabad,Kukatpally,34195703,2329,5,2026-05-16,Available
805,Pune,Kharadi,50721707,4812,3,2026-05-01,Available
806,Pune,Baner,42656740,4750,3,2026-05-11,Sold
807,Bengaluru,Whitefield,9180828,1900,5,2026-07-08,Pending
808,Mumbai,Andheri,6991321,670,4,2026-06-03,Sold
809,Mumbai,Thane,8647554,544,4,2026-04-23,Pending
810,Hyderabad,Miyapur,6671829,1692,2,2026-05-29,Sold
811,Mumbai,Bandra,19370369,1403,4,2026-06-23,Available
812,Hyderabad,Madhapur,14577826,1170,1,2026-05-30,Pending
813,Mumbai,Bandra,11280736,923,3,2026-06-23,Available
814,Mumbai,Andheri,13972134,2256,1,2026-06-03,Available
815,Bengaluru,HSR Layout,26716695,4469,1,2026-05-12,Available
816,Mumbai,Thane,22328201,1826,1,2026-07-01,Available
817,Bengaluru,HSR Layout,14699902,1836,3,2026-05-21,Available
818,Mumbai,Andheri,18543822,3252,5,2026-04-14,Sold
819,Chennai,Velachery,6096687,1275,4,2026-05-31,Pending
820,Chennai,OMR,10885363,2558,4,2026-07-01,Pending
821,Hyderabad,Gachibowli,12472940,1685,5,2026-06-06,Pending
822,Bengaluru,Indiranagar,5981594,784,4,2026-04-10,Available
823,Chennai,OMR,16515949,2378,3,2026-06-09,Sold
824,Pune,Kharadi,23643933,4901,4,2026-05-16,Sold
825,Hyderabad,Jubilee Hills,11802114,1011,5,2026-05-21,Available
826,Bengaluru,Whitefield,5175166,782,1,2026-06-14,Available
827,Mumbai,Bandra,17921018,1369,4,2026-05-29,Sold
828,Chennai,OMR,7942563,1778,3,2026-05-29,Pending
829,Chennai,Adyar,17240737,1472,5,2026-06-10,Sold
830,Mumbai,Bandra,53370640,4209,5,2026-04-21,Sold
831,Mumbai,Andheri,11223072,828,3,2026-05-17,Sold
832,Chennai,Velachery,13080685,2183,1,2026-06-15,Sold
833,Pune,Baner,12239867,1456,2,2026-07-03,Available
834,Bengaluru,Electronic City,8115209,1501,3,2026-04-29,Sold
835,Pune,Hinjewadi,65538662,4563,1,2026-05-18,Sold
836,Hyderabad,Jubilee Hills,28680944,2454,2,2026-06-18,Available
837,Bengaluru,HSR Layout,17685370,2774,3,2026-05-01,Sold
838,Bengaluru,Electronic City,12242784,1480,2,2026-06-22,Sold
839,Hyderabad,Miyapur,6679485,942,4,2026-05-28,Sold
840,Pune,Wakad,46841749,3121,5,2026-05-12,Pending
841,Mumbai,Bandra,23846967,2820,5,2026-06-12,Sold
842,Hyderabad,Miyapur,6696747,758,3,2026-04-24,Sold
843,Hyderabad,Kukatpally,22415938,4034,2,2026-07-08,Available
844,Hyderabad,Miyapur,20868869,2986,4,2026-05-29,Sold
845,Hyderabad,Banjara Hills,40114823,2880,3,2026-06-23,Pending
846,Bengaluru,Whitefield,4255259,693,2,2026-04-11,Available
847,Chennai,OMR,32077646,3647,1,2026-05-21,Sold
848,Pune,Wakad,17253204,3241,4,2026-06-06,Pending
849,Hyderabad,Kondapur,36626677,3360,4,2026-05-14,Sold
850,Pune,Hinjewadi,20068122,2452,3,2026-04-15,Pending
851,Bengaluru,Whitefield,23337891,2749,4,2026-05-15,Sold
852,Mumbai,Bandra,37635669,4533,4,2026-06-08,Sold
853,Hyderabad,Banjara Hills,29479190,3576,3,2026-05-31,Available
854,Pune,Kharadi,27192210,4814,3,2026-06-02,Available
855,Chennai,Velachery,25182366,2775,3,2026-04-11,Available
856,Bengaluru,Whitefield,47627125,3239,3,2026-05-06,Sold
857,Mumbai,Bandra,12936778,1456,1,2026-06-05,Pending
858,Chennai,Velachery,36893033,2749,1,2026-07-01,Available
859,Chennai,OMR,14213893,1571,2,2026-06-07,Sold
860,Bengaluru,HSR Layout,12348463,850,2,2026-04-18,Sold
861,Bengaluru,Indiranagar,8285446,1537,3,2026-06-19,Available
862,Mumbai,Powai,55800204,4974,3,2026-06-12,Sold
863,Mumbai,Powai,11262572,978,5,2026-05-07,Pending
864,Bengaluru,Indiranagar,15275703,3595,3,2026-06-23,Pending
865,Mumbai,Thane,7783937,843,2,2026-07-09,Available
866,Bengaluru,Whitefield,47563546,3306,2,2026-07-03,Sold
867,Chennai,Adyar,21661663,2550,5,2026-06-09,Available
868,Pune,Wakad,9135471,942,3,2026-06-18,Sold
869,Mumbai,Powai,18408369,3277,1,2026-06-26,Sold
870,Mumbai,Andheri,13195938,1998,1,2026-04-21,Pending
871,Bengaluru,HSR Layout,21885251,2097,2,2026-06-16,Pending
872,Hyderabad,Madhapur,13436987,1071,5,2026-05-25,Pending
873,Bengaluru,HSR Layout,55211287,4809,5,2026-04-15,Sold
874,Chennai,Anna Nagar,26168322,4894,3,2026-06-09,Pending
875,Pune,Hinjewadi,17688471,1436,5,2026-05-02,Sold
876,Bengaluru,Electronic City,33558779,2932,3,2026-06-02,Available
877,Chennai,Anna Nagar,21567711,2472,1,2026-04-29,Pending
878,Mumbai,Thane,38005734,4888,3,2026-05-21,Pending
879,Mumbai,Thane,17857379,1889,5,2026-06-10,Sold
880,Hyderabad,Jubilee Hills,21078609,2653,2,2026-06-05,Pending
881,Chennai,Velachery,28062220,2019,3,2026-07-08,Pending
882,Chennai,Adyar,25325524,4021,3,2026-05-13,Sold
883,Bengaluru,Indiranagar,9415585,1956,5,2026-04-10,Pending
884,Mumbai,Andheri,40071207,4946,5,2026-05-19,Pending
885,Bengaluru,Indiranagar,15789883,1121,3,2026-06-09,Available
886,Chennai,Adyar,51145635,4517,4,2026-07-04,Pending
887,Bengaluru,Electronic City,18048135,2090,3,2026-06-26,Sold
888,Pune,Hinjewadi,11068830,1130,3,2026-06-10,Available
889,Bengaluru,Indiranagar,30046798,2276,3,2026-06-11,Sold
890,Mumbai,Thane,12753891,1191,5,2026-06-06,Available
891,Bengaluru,Whitefield,16574622,2484,1,2026-06-15,Available
892,Chennai,Adyar,34715467,4127,2,2026-04-27,Sold
893,Mumbai,Bandra,4753528,1077,2,2026-05-04,Available
894,Bengaluru,Electronic City,6330653,699,4,2026-05-20,Available
895,Chennai,Velachery,36070262,4850,1,2026-05-13,Sold
896,Hyderabad,Kondapur,3808358,821,4,2026-06-12,Available
897,Mumbai,Bandra,14209497,2084,5,2026-04-11,Sold
898,Chennai,Adyar,33992219,2562,1,2026-04-24,Pending
899,Mumbai,Bandra,55785911,4251,1,2026-04-15,Sold
900,Chennai,Anna Nagar,28628972,4407,1,2026-06-20,Available
901,Mumbai,Bandra,10949507,809,5,2026-06-10,Pending
902,Hyderabad,Miyapur,41605683,4295,3,2026-07-07,Sold
903,Bengaluru,Indiranagar,31918765,4203,1,2026-04-10,Available
904,Pune,Wakad,29435383,3104,2,2026-05-21,Pending
905,Chennai,OMR,4713256,949,2,2026-06-12,Pending
906,Hyderabad,Miyapur,48106338,4594,3,2026-05-08,Sold
907,Mumbai,Bandra,43499984,4190,2,2026-05-04,Available
908,Mumbai,Andheri,47688413,4194,1,2026-06-01,Pending
909,Mumbai,Thane,25713665,3567,4,2026-04-19,Pending
910,Pune,Baner,13461978,1792,4,2026-05-04,Available
911,Mumbai,Powai,16685155,2629,5,2026-06-14,Pending
912,Hyderabad,Miyapur,17331926,2940,1,2026-05-21,Pending
913,Bengaluru,Whitefield,6980129,1156,4,2026-06-16,Available
914,Mumbai,Bandra,10332502,2191,3,2026-05-10,Pending
915,Pune,Baner,10712596,1032,1,2026-04-17,Pending
916,Bengaluru,Whitefield,54136957,3737,1,2026-06-17,Sold
917,Pune,Hinjewadi,33506569,3302,3,2026-05-25,Sold
918,Chennai,OMR,10546311,757,3,2026-06-07,Pending
919,Pune,Hinjewadi,23255882,3691,5,2026-05-24,Pending
920,Mumbai,Andheri,15593878,3772,2,2026-06-21,Pending
921,Hyderabad,Miyapur,33395742,4540,4,2026-05-02,Sold
922,Mumbai,Thane,61370634,4487,4,2026-04-12,Available
923,Pune,Wakad,18815301,2977,4,2026-06-03,Pending
924,Pune,Baner,25610956,4716,1,2026-05-01,Pending
925,Chennai,OMR,43318642,3706,4,2026-06-28,Pending
926,Bengaluru,HSR Layout,46005484,3549,4,2026-05-12,Pending
927,Pune,Wakad,7188063,1452,2,2026-07-01,Available
928,Mumbai,Andheri,4426920,630,1,2026-06-20,Available
929,Hyderabad,Jubilee Hills,9707951,1096,1,2026-07-03,Pending
930,Mumbai,Thane,33213769,3434,1,2026-04-24,Pending
931,Chennai,Velachery,53248389,4273,3,2026-05-09,Pending
932,Bengaluru,Whitefield,17757213,2988,5,2026-05-10,Available
933,Bengaluru,Whitefield,6797959,898,5,2026-05-08,Sold
934,Bengaluru,HSR Layout,32034856,4322,4,2026-04-14,Sold
935,Hyderabad,Kukatpally,34324442,3855,3,2026-05-19,Sold
936,Hyderabad,Madhapur,6147081,648,2,2026-04-22,Pending
937,Mumbai,Powai,23055047,4177,4,2026-06-16,Sold
938,Chennai,Adyar,24103001,2988,2,2026-06-03,Available
939,Chennai,Velachery,16114955,1838,1,2026-05-04,Available
940,Pune,Wakad,23535762,2596,4,2026-06-02,Pending
941,Mumbai,Thane,8609275,1953,1,2026-06-25,Available
942,Chennai,OMR,29759535,4041,3,2026-06-02,Available
943,Chennai,Adyar,11908817,1900,1,2026-06-01,Sold
944,Pune,Baner,34416322,2889,4,2026-05-27,Available
945,Pune,Baner,36434869,3509,5,2026-04-10,Available
946,Hyderabad,Gachibowli,8322964,695,4,2026-06-19,Pending
947,Hyderabad,Gachibowli,24988257,4174,1,2026-06-09,Available
948,Mumbai,Andheri,8418494,1040,4,2026-05-11,Pending
949,Pune,Hinjewadi,43842378,4513,5,2026-04-16,Sold
950,Pune,Hinjewadi,17046847,2845,3,2026-04-16,Sold
951,Chennai,Adyar,43811112,4825,2,2026-06-12,Available
952,Mumbai,Thane,24551332,2330,5,2026-06-17,Sold
953,Bengaluru,HSR Layout,10718614,983,5,2026-04-23,Pending
954,Chennai,Velachery,16441647,1156,4,2026-06-19,Sold
955,Hyderabad,Gachibowli,11924663,1528,2,2026-05-26,Available
956,Pune,Hinjewadi,12115560,1186,5,2026-05-04,Pending
957,Hyderabad,Kukatpally,39277607,3321,1,2026-05-04,Available
958,Mumbai,Powai,41112277,4208,5,2026-06-10,Available
959,Pune,Kharadi,19429353,3616,1,2026-04-19,Sold
960,Pune,Kharadi,4680999,517,2,2026-04-20,Sold
961,Pune,Hinjewadi,17560587,3305,3,2026-05-28,Sold
962,Pune,Hinjewadi,10480845,788,2,2026-07-02,Sold
963,Chennai,Anna Nagar,46866065,3347,3,2026-06-17,Sold
964,Pune,Wakad,6852161,1459,4,2026-07-02,Available
965,Chennai,OMR,8689346,745,5,2026-06-23,Sold
966,Chennai,Adyar,64797427,4605,2,2026-05-13,Sold
967,Hyderabad,Jubilee Hills,9011139,638,5,2026-06-16,Available
968,Chennai,OMR,11221764,1588,3,2026-06-02,Pending
969,Chennai,OMR,14534711,3081,5,2026-05-02,Available
970,Hyderabad,Kukatpally,9515315,1951,5,2026-05-16,Sold
971,Bengaluru,Whitefield,2948719,612,1,2026-05-13,Available
972,Pune,Hinjewadi,38804941,3455,2,2026-05-11,Pending
973,Chennai,Velachery,41190345,3289,4,2026-04-20,Sold
974,Mumbai,Powai,5955139,1458,4,2026-04-30,Sold
975,Chennai,Adyar,38896399,4449,2,2026-05-02,Available
976,Hyderabad,Jubilee Hills,4668293,691,4,2026-05-09,Pending
977,Pune,Hinjewadi,8349669,686,2,2026-05-09,Pending
978,Chennai,OMR,56084070,4805,1,2026-05-02,Sold
979,Hyderabad,Miyapur,24144087,2306,1,2026-06-23,Sold
980,Bengaluru,Indiranagar,7204072,1512,5,2026-06-05,Available
981,Chennai,Anna Nagar,12624406,1776,1,2026-05-25,Available
982,Chennai,Adyar,47992900,4260,2,2026-04-13,Pending
983,Pune,Wakad,8540458,2035,5,2026-06-26,Available
984,Hyderabad,Banjara Hills,21697191,2026,5,2026-05-30,Pending
985,Hyderabad,Gachibowli,26679399,4933,3,2026-04-20,Available
986,Bengaluru,Electronic City,18633196,3375,1,2026-05-13,Sold
987,Pune,Kharadi,12440014,1417,4,2026-05-20,Available
988,Hyderabad,Banjara Hills,56969783,4361,2,2026-05-06,Pending
989,Bengaluru,Electronic City,40543125,4964,4,2026-04-26,Sold
990,Mumbai,Bandra,9568222,1089,4,2026-05-05,Pending
991,Pune,Kharadi,34215733,2939,2,2026-06-26,Available
992,Hyderabad,Madhapur,39298908,2800,3,2026-04-19,Available
993,Chennai,Anna Nagar,29659511,2271,3,2026-05-09,Available
994,Hyderabad,Kukatpally,20536310,3594,4,2026-07-05,Pending
995,Hyderabad,Gachibowli,10973823,822,4,2026-05-04,Sold
996,Mumbai,Andheri,31445319,2199,5,2026-05-27,Available
997,Chennai,Anna Nagar,32579102,2347,3,2026-06-24,Pending
998,Bengaluru,HSR Layout,4357907,817,2,2026-07-09,Available
999,Mumbai,Thane,31364184,3558,4,2026-07-09,Sold
1000,Chennai,OMR,23427348,4672,5,2026-05-20,Pending
1001,Mumbai,Bandra,15693885,3127,4,2026-05-07,Available
1002,Mumbai,Bandra,27117212,2391,3,2026-04-29,Available
1003,Bengaluru,HSR Layout,13307981,1034,1,2026-06-11,Sold
1004,Hyderabad,Jubilee Hills,26734082,2384,4,2026-05-22,Sold
1005,Chennai,Velachery,53131723,3839,5,2026-04-10,Sold
1006,Bengaluru,Whitefield,52069627,4991,4,2026-04-10,Available
1007,Bengaluru,Electronic City,45523310,3889,3,2026-05-15,Sold
1008,Chennai,Velachery,59077311,4425,5,2026-05-09,Sold
1009,Hyderabad,Jubilee Hills,12335924,1462,5,2026-06-02,Pending
1010,Chennai,Adyar,31680815,4914,3,2026-06-28,Pending
1011,Bengaluru,HSR Layout,22019378,3828,5,2026-05-04,Sold
1012,Mumbai,Bandra,13396616,1112,3,2026-06-22,Pending
1013,Mumbai,Andheri,34559052,2512,5,2026-06-01,Sold
1014,Pune,Wakad,17274002,3857,3,2026-07-03,Sold
1015,Bengaluru,HSR Layout,23505344,1934,5,2026-05-09,Pending
1016,Pune,Hinjewadi,26539110,3092,1,2026-05-16,Available
1017,Bengaluru,HSR Layout,41463785,4418,1,2026-06-25,Available
1018,Chennai,Adyar,42440790,4425,2,2026-06-26,Sold
1019,Bengaluru,Indiranagar,28807476,2993,5,2026-05-03,Available
1020,Bengaluru,Indiranagar,38075747,3304,2,2026-07-03,Pending
1021,Chennai,Adyar,20564958,1605,3,2026-04-29,Available
1022,Hyderabad,Gachibowli,13930754,2525,5,2026-06-12,Sold
1023,Mumbai,Bandra,51230135,4075,1,2026-07-01,Available
1024,Pune,Wakad,20052834,2098,1,2026-04-25,Pending
1025,Hyderabad,Gachibowli,15235623,2462,4,2026-06-04,Sold
1026,Pune,Wakad,37008408,3266,5,2026-05-19,Pending
1027,Hyderabad,Kukatpally,57448395,4289,2,2026-07-06,Pending
1028,Pune,Hinjewadi,4497961,889,1,2026-05-12,Available
1029,Chennai,Adyar,33196266,2915,4,2026-05-22,Pending
1030,Hyderabad,Kondapur,29634350,2363,5,2026-06-17,Available
1031,Mumbai,Andheri,17295313,1989,4,2026-06-22,Available
1032,Bengaluru,Electronic City,28908315,3150,2,2026-06-07,Sold
1033,Pune,Wakad,47403538,4104,1,2026-05-16,Available
1034,Hyderabad,Kondapur,18695552,3905,1,2026-05-30,Sold
1035,Mumbai,Bandra,10696508,963,2,2026-05-11,Sold
1036,Bengaluru,Whitefield,26011210,1933,3,2026-05-24,Available
1037,Hyderabad,Jubilee Hills,59595948,4416,1,2026-05-02,Sold
1038,Pune,Baner,23291660,3108,1,2026-05-15,Sold
1039,Chennai,OMR,41689755,3493,5,2026-06-28,Sold
1040,Pune,Hinjewadi,20126706,2668,5,2026-04-29,Available
1041,Mumbai,Thane,41213367,4177,5,2026-06-13,Available
1042,Mumbai,Thane,21808606,4624,3,2026-06-03,Sold
1043,Chennai,Velachery,34642019,4162,1,2026-06-22,Sold
1044,Mumbai,Bandra,69754359,4913,3,2026-05-14,Pending
1045,Pune,Baner,19208423,1254,5,2026-05-17,Available
1046,Hyderabad,Madhapur,13207884,1739,1,2026-06-12,Available
1047,Pune,Wakad,30841395,4862,5,2026-06-16,Pending
1048,Chennai,Anna Nagar,17186393,2627,3,2026-05-07,Available
1049,Hyderabad,Kukatpally,34730683,2503,1,2026-05-22,Pending
1050,Bengaluru,Indiranagar,7145129,602,3,2026-07-08,Pending
1051,Hyderabad,Gachibowli,19255390,1461,5,2026-06-04,Sold
1052,Hyderabad,Kukatpally,45520596,4778,1,2026-05-12,Available
1053,Bengaluru,Indiranagar,7771315,948,1,2026-04-29,Available
1054,Pune,Baner,71356163,4953,5,2026-05-27,Sold
1055,Chennai,Adyar,37386025,4619,2,2026-06-24,Sold
1056,Hyderabad,Kukatpally,44422686,3664,3,2026-05-03,Available
1057,Hyderabad,Kukatpally,42330300,3340,1,2026-06-13,Available
1058,Chennai,Anna Nagar,60092020,4147,2,2026-05-08,Sold
1059,Bengaluru,Electronic City,21914743,2328,4,2026-04-22,Pending
1060,Chennai,Anna Nagar,7758640,584,1,2026-05-12,Available
1061,Bengaluru,Indiranagar,4899406,833,1,2026-06-14,Available
1062,Chennai,Velachery,33746850,3328,4,2026-05-09,Pending
1063,Chennai,OMR,16527948,1603,2,2026-06-23,Pending
1064,Chennai,Adyar,45350134,3541,3,2026-04-10,Available
1065,Hyderabad,Miyapur,59392221,4564,3,2026-06-21,Sold
1066,Mumbai,Thane,25503067,3895,2,2026-06-14,Available
1067,Bengaluru,Whitefield,21428494,2508,4,2026-06-20,Sold
1068,Pune,Hinjewadi,60335825,4798,1,2026-06-20,Sold
1069,Hyderabad,Jubilee Hills,14456564,1803,3,2026-04-20,Pending
1070,Mumbai,Bandra,16346195,3074,5,2026-05-11,Pending
1071,Pune,Hinjewadi,23381809,1776,5,2026-04-28,Available
1072,Bengaluru,Electronic City,8940196,1111,5,2026-05-05,Sold
1073,Chennai,Adyar,17916871,2467,5,2026-07-02,Available
1074,Hyderabad,Kondapur,13199693,2326,3,2026-05-01,Pending
1075,Chennai,OMR,8188877,1903,1,2026-05-10,Pending
1076,Bengaluru,Electronic City,48807684,4576,1,2026-06-20,Available
1077,Hyderabad,Miyapur,58911941,4532,5,2026-06-01,Available
1078,Chennai,Adyar,28989616,2282,1,2026-06-14,Pending
1079,Chennai,OMR,27681909,2282,3,2026-05-13,Available
1080,Bengaluru,Indiranagar,16730227,2412,2,2026-04-27,Available
1081,Mumbai,Bandra,17532775,4156,1,2026-04-26,Pending
1082,Chennai,OMR,21771418,4447,1,2026-06-17,Available
1083,Mumbai,Thane,8847848,1268,4,2026-07-09,Pending
1084,Bengaluru,Whitefield,49276342,3981,3,2026-04-21,Available
1085,Bengaluru,Electronic City,23502817,1968,5,2026-05-28,Pending
1086,Chennai,Velachery,11702994,860,3,2026-04-19,Pending
1087,Chennai,Adyar,22064488,2058,3,2026-04-18,Sold
1088,Hyderabad,Kondapur,23758447,1870,1,2026-04-27,Available
1089,Pune,Wakad,17817987,1271,1,2026-05-03,Available
1090,Mumbai,Andheri,45805656,3702,2,2026-05-31,Available
1091,Pune,Baner,43632335,3696,5,2026-05-29,Pending
1092,Bengaluru,HSR Layout,15267204,3854,5,2026-05-04,Sold
1093,Mumbai,Powai,37740872,3387,1,2026-04-28,Pending
1094,Pune,Hinjewadi,28866686,2177,3,2026-06-01,Pending
1095,Pune,Kharadi,22435206,2144,1,2026-06-19,Sold
1096,Chennai,Adyar,6239346,620,4,2026-06-12,Pending
1097,Chennai,OMR,20369265,1919,3,2026-04-12,Sold
1098,Pune,Kharadi,5378029,556,3,2026-06-04,Pending
1099,Pune,Hinjewadi,41880379,4244,3,2026-06-08,Available
1100,Bengaluru,Electronic City,6196230,887,2,2026-05-25,Available
1101,Hyderabad,Gachibowli,12312721,2550,1,2026-04-23,Sold
1102,Pune,Hinjewadi,9591096,847,4,2026-05-11,Available
1103,Hyderabad,Gachibowli,24584704,3011,4,2026-04-17,Sold
1104,Chennai,OMR,21681131,1928,4,2026-06-18,Pending
1105,Pune,Wakad,8346276,1635,1,2026-06-23,Sold
1106,Mumbai,Bandra,30040232,4121,5,2026-05-23,Pending
1107,Pune,Wakad,11801972,2272,3,2026-05-17,Available
1108,Hyderabad,Madhapur,11107123,1687,2,2026-05-02,Sold
1109,Mumbai,Bandra,17300760,1348,4,2026-07-08,Sold
1110,Pune,Kharadi,7697915,1497,5,2026-06-22,Pending
1111,Hyderabad,Miyapur,58506236,4696,2,2026-05-10,Sold
1112,Chennai,Anna Nagar,29784961,2557,5,2026-06-20,Available
1113,Pune,Hinjewadi,13373381,2553,4,2026-06-01,Available
1114,Pune,Hinjewadi,15793776,1528,1,2026-07-06,Sold
1115,Bengaluru,Whitefield,35652469,2837,5,2026-04-23,Sold
1116,Chennai,Adyar,21938032,4128,1,2026-05-05,Sold
1117,Mumbai,Thane,24765553,2509,4,2026-04-14,Sold
1118,Hyderabad,Gachibowli,58591916,4977,3,2026-06-03,Available
1119,Mumbai,Thane,4972608,570,3,2026-07-06,Pending
1120,Bengaluru,Indiranagar,38317906,2743,4,2026-05-01,Sold
1121,Chennai,Anna Nagar,11788779,1082,2,2026-05-09,Available
1122,Hyderabad,Miyapur,58804148,4234,1,2026-06-22,Sold
1123,Pune,Kharadi,24426866,3023,3,2026-06-24,Available
1124,Mumbai,Thane,11777560,1298,2,2026-07-02,Available
1125,Chennai,Adyar,38284430,4875,5,2026-05-03,Available
1126,Chennai,OMR,39155279,4555,2,2026-05-08,Sold
1127,Mumbai,Bandra,51455615,3717,1,2026-04-15,Available
1128,Chennai,OMR,51512623,3502,4,2026-05-10,Pending
1129,Chennai,OMR,3429081,636,1,2026-05-16,Sold
1130,Hyderabad,Kukatpally,62113347,4993,3,2026-06-10,Available
1131,Hyderabad,Jubilee Hills,4594406,524,3,2026-05-15,Sold
1132,Hyderabad,Jubilee Hills,20517102,2315,3,2026-05-16,Pending
1133,Mumbai,Andheri,14036099,1167,1,2026-04-21,Pending
1134,Mumbai,Bandra,49888132,3600,2,2026-07-06,Pending
1135,Chennai,Adyar,5042794,742,5,2026-05-11,Available
1136,Mumbai,Thane,39740256,2915,2,2026-06-20,Available
1137,Pune,Baner,39440123,3168,3,2026-06-17,Sold
1138,Pune,Wakad,14783948,2006,4,2026-04-30,Available
1139,Chennai,Adyar,32841699,4579,3,2026-06-10,Pending
1140,Pune,Wakad,8872666,1471,3,2026-04-26,Sold
1141,Hyderabad,Kukatpally,17283443,1562,4,2026-04-17,Available
1142,Pune,Kharadi,13999784,926,2,2026-06-10,Available
1143,Bengaluru,HSR Layout,22253162,3048,1,2026-04-20,Sold
1144,Bengaluru,HSR Layout,36476813,3797,3,2026-06-22,Pending
1145,Hyderabad,Banjara Hills,40499229,4436,2,2026-06-08,Pending
1146,Pune,Kharadi,21119267,3105,4,2026-06-15,Sold
1147,Chennai,OMR,57572176,4234,1,2026-05-20,Available
1148,Bengaluru,Electronic City,44100586,4067,3,2026-04-15,Sold
1149,Pune,Wakad,14849637,2249,2,2026-06-05,Sold
1150,Hyderabad,Gachibowli,20025490,3156,1,2026-05-23,Sold
1151,Chennai,Velachery,34395409,4235,5,2026-07-01,Pending
1152,Hyderabad,Miyapur,44114719,3784,4,2026-05-06,Pending
1153,Pune,Wakad,15842724,1052,3,2026-05-18,Sold
1154,Bengaluru,Indiranagar,25327656,1958,4,2026-04-11,Pending
1155,Hyderabad,Miyapur,41385492,3271,2,2026-06-20,Available
1156,Bengaluru,Indiranagar,33507674,3081,4,2026-04-26,Pending
1157,Mumbai,Thane,35615730,2510,4,2026-04-18,Available
1158,Pune,Baner,16846604,2063,1,2026-06-30,Available
1159,Mumbai,Powai,18556547,1712,4,2026-05-08,Pending
1160,Pune,Wakad,15697196,1946,4,2026-05-09,Available
1161,Mumbai,Bandra,15505065,1503,4,2026-05-28,Pending
1162,Hyderabad,Kondapur,26190186,3122,2,2026-05-31,Pending
1163,Hyderabad,Banjara Hills,4135869,913,5,2026-04-12,Pending
1164,Pune,Kharadi,12983449,2871,5,2026-05-10,Pending
1165,Chennai,Anna Nagar,20999476,3600,2,2026-06-18,Sold
1166,Mumbai,Powai,33737573,2611,5,2026-06-16,Pending
1167,Pune,Kharadi,19910744,2573,1,2026-06-04,Sold
1168,Bengaluru,HSR Layout,6552505,547,1,2026-04-13,Sold
1169,Chennai,OMR,14959036,1150,1,2026-05-05,Pending
1170,Chennai,OMR,43615818,3313,4,2026-05-22,Available
1171,Hyderabad,Banjara Hills,45093879,4981,5,2026-06-13,Pending
1172,Pune,Baner,31071832,3007,1,2026-05-19,Available
1173,Chennai,Velachery,32098936,3937,2,2026-07-05,Pending
1174,Hyderabad,Madhapur,7733868,785,1,2026-04-14,Pending
1175,Mumbai,Andheri,32604650,3892,5,2026-06-12,Pending
1176,Mumbai,Powai,27820199,2353,5,2026-06-21,Available
1177,Hyderabad,Gachibowli,42673500,2881,3,2026-06-12,Pending
1178,Bengaluru,Whitefield,3950124,718,1,2026-06-13,Sold
1179,Pune,Hinjewadi,13281983,980,4,2026-04-17,Available
1180,Hyderabad,Kondapur,48224848,3895,3,2026-06-19,Available
1181,Chennai,Anna Nagar,40315108,3637,2,2026-06-22,Pending
1182,Pune,Hinjewadi,19853910,2298,5,2026-05-22,Sold
1183,Chennai,Anna Nagar,8668433,1778,1,2026-05-29,Sold
1184,Bengaluru,Electronic City,10617122,2455,4,2026-07-09,Sold
1185,Hyderabad,Miyapur,12947879,1246,3,2026-06-07,Pending
1186,Mumbai,Thane,5243004,930,4,2026-05-13,Available
1187,Hyderabad,Kondapur,54720255,4092,3,2026-06-09,Sold
1188,Mumbai,Bandra,35034460,3564,3,2026-06-02,Pending
1189,Hyderabad,Kukatpally,57164101,4377,5,2026-04-29,Sold
1190,Chennai,Adyar,24984522,2680,5,2026-06-11,Available
1191,Mumbai,Powai,16664886,1149,5,2026-05-13,Pending
1192,Pune,Hinjewadi,7861383,785,2,2026-04-20,Available
1193,Hyderabad,Banjara Hills,30257281,2171,4,2026-06-24,Pending
1194,Chennai,OMR,17319156,1782,1,2026-07-01,Pending
1195,Pune,Hinjewadi,51032949,3833,2,2026-05-10,Available
1196,Bengaluru,Electronic City,8034067,629,4,2026-06-28,Pending
1197,Hyderabad,Banjara Hills,56216115,4528,4,2026-06-16,Pending
1198,Hyderabad,Kondapur,4315390,529,5,2026-06-26,Pending
1199,Pune,Kharadi,17661373,2879,2,2026-06-02,Available
1200,Chennai,OMR,26683256,3203,4,2026-04-28,Sold
1201,Chennai,Anna Nagar,37365799,3693,1,2026-06-08,Sold
1202,Pune,Hinjewadi,30263494,4973,2,2026-06-19,Available
1203,Chennai,Velachery,20573605,1360,5,2026-07-08,Available
1204,Bengaluru,Indiranagar,11500194,1101,5,2026-05-01,Available
1205,Hyderabad,Miyapur,12264807,2841,1,2026-05-12,Sold
1206,Mumbai,Thane,32063071,2737,3,2026-06-01,Available
1207,Chennai,Anna Nagar,15019795,990,5,2026-06-11,Sold
1208,Pune,Baner,34402951,2572,2,2026-05-13,Available
1209,Bengaluru,Indiranagar,31134397,4701,3,2026-06-06,Sold
1210,Mumbai,Andheri,34350690,3024,2,2026-06-24,Pending
1211,Pune,Kharadi,47168360,4366,2,2026-05-05,Pending
1212,Chennai,Anna Nagar,15751871,3901,5,2026-07-03,Pending
1213,Bengaluru,Electronic City,15180032,2855,3,2026-07-03,Available
1214,Pune,Kharadi,21157572,3260,5,2026-05-12,Pending
1215,Pune,Baner,65767146,4525,2,2026-05-14,Available
1216,Mumbai,Thane,63095633,4607,3,2026-06-06,Sold
1217,Bengaluru,Indiranagar,13662072,3201,5,2026-04-14,Pending
1218,Hyderabad,Miyapur,25161951,4618,5,2026-06-13,Available
1219,Hyderabad,Madhapur,8063128,1668,4,2026-06-04,Sold
1220,Chennai,OMR,42478819,4361,2,2026-06-30,Sold
1221,Hyderabad,Kukatpally,62826120,4672,5,2026-05-15,Sold
1222,Mumbai,Powai,29173822,2587,2,2026-05-07,Pending
1223,Mumbai,Andheri,16301506,2178,1,2026-06-23,Pending
1224,Chennai,Velachery,22917771,1607,2,2026-05-19,Pending
1225,Chennai,Anna Nagar,39015610,2712,5,2026-05-29,Available
1226,Pune,Hinjewadi,14861012,3513,4,2026-04-18,Sold
1227,Hyderabad,Madhapur,29673289,3786,3,2026-06-20,Sold
1228,Chennai,OMR,9806298,2312,5,2026-04-13,Pending
1229,Hyderabad,Kukatpally,42553625,4092,1,2026-05-12,Pending
1230,Bengaluru,HSR Layout,4300621,539,1,2026-07-06,Sold
1231,Pune,Wakad,12098326,1586,4,2026-04-29,Pending
1232,Hyderabad,Banjara Hills,20814340,2892,1,2026-04-11,Available
1233,Chennai,OMR,12087919,906,4,2026-06-06,Sold
1234,Mumbai,Powai,24962708,2742,3,2026-06-02,Pending
1235,Bengaluru,Indiranagar,15506627,1245,2,2026-05-09,Pending
1236,Pune,Hinjewadi,3828461,508,4,2026-04-25,Available
1237,Pune,Baner,7341068,539,4,2026-06-06,Available
1238,Mumbai,Powai,18544613,3405,4,2026-06-02,Pending
1239,Hyderabad,Gachibowli,47300282,3325,3,2026-04-11,Sold
1240,Hyderabad,Banjara Hills,56741276,4034,4,2026-06-10,Available
1241,Mumbai,Powai,33762363,2575,5,2026-07-04,Pending
1242,Bengaluru,Whitefield,27285146,3287,3,2026-06-20,Available
1243,Hyderabad,Jubilee Hills,50722397,3418,5,2026-05-23,Available
1244,Hyderabad,Gachibowli,31354473,4824,4,2026-05-28,Available
1245,Hyderabad,Kondapur,20484375,1433,5,2026-05-18,Pending
1246,Hyderabad,Miyapur,6900490,549,1,2026-04-11,Sold
1247,Chennai,Anna Nagar,55448492,4739,5,2026-05-30,Available
1248,Chennai,Anna Nagar,21018996,3483,4,2026-06-05,Pending
1249,Pune,Baner,66663622,4991,1,2026-06-26,Sold
1250,Hyderabad,Madhapur,12876743,1040,5,2026-06-16,Sold
1251,Hyderabad,Gachibowli,23407463,1683,3,2026-06-21,Pending
1252,Pune,Hinjewadi,33788229,3253,2,2026-06-08,Sold
1253,Hyderabad,Gachibowli,11038647,1013,3,2026-05-22,Pending
1254,Chennai,Anna Nagar,36601856,2502,1,2026-06-01,Available
1255,Hyderabad,Madhapur,33677746,3231,2,2026-07-01,Sold
1256,Mumbai,Andheri,2187369,519,4,2026-06-24,Available
1257,Pune,Hinjewadi,10497249,788,2,2026-06-02,Sold
1258,Pune,Kharadi,3495180,562,5,2026-06-08,Available
1259,Bengaluru,HSR Layout,39264957,3028,5,2026-06-02,Pending
1260,Hyderabad,Gachibowli,9219881,2079,2,2026-04-27,Pending
1261,Chennai,Adyar,17081846,1967,5,2026-06-14,Sold
1262,Bengaluru,Indiranagar,29743676,4047,2,2026-07-08,Pending
1263,Pune,Wakad,37500224,4477,3,2026-04-28,Sold
1264,Hyderabad,Jubilee Hills,14854591,1627,2,2026-05-24,Pending
1265,Hyderabad,Banjara Hills,4384499,861,1,2026-05-22,Sold
1266,Chennai,OMR,50807960,4642,3,2026-04-28,Sold
1267,Hyderabad,Banjara Hills,62101096,4551,3,2026-06-09,Available
1268,Bengaluru,Electronic City,14211482,1941,3,2026-05-14,Available
1269,Bengaluru,Whitefield,22871926,1984,5,2026-06-24,Available
1270,Mumbai,Andheri,28223951,3905,4,2026-06-24,Pending
1271,Hyderabad,Madhapur,30616074,3274,4,2026-05-25,Pending
1272,Mumbai,Powai,20453152,4970,3,2026-05-03,Sold
1273,Mumbai,Powai,9116453,650,5,2026-05-12,Pending
1274,Bengaluru,Indiranagar,35231402,4681,1,2026-05-15,Available
1275,Hyderabad,Miyapur,28642673,4368,3,2026-05-21,Available
1276,Pune,Baner,24317327,4658,1,2026-05-06,Available
1277,Pune,Hinjewadi,35187431,4270,1,2026-06-21,Pending
1278,Chennai,Adyar,26302635,4985,5,2026-05-07,Available
1279,Chennai,Anna Nagar,48245848,3683,1,2026-04-30,Sold
1280,Mumbai,Bandra,14199881,1430,3,2026-05-10,Sold
1281,Hyderabad,Banjara Hills,13667459,2987,5,2026-06-01,Available
1282,Bengaluru,Electronic City,26147291,4249,3,2026-05-13,Available
1283,Bengaluru,Indiranagar,43997674,2987,2,2026-06-07,Pending
1284,Mumbai,Bandra,26379824,4566,1,2026-06-09,Pending
1285,Hyderabad,Jubilee Hills,34356546,4672,4,2026-06-30,Sold
1286,Chennai,Anna Nagar,43957310,4669,3,2026-04-24,Pending
1287,Bengaluru,Indiranagar,30985377,2683,5,2026-04-23,Pending
1288,Bengaluru,Electronic City,14368519,1157,5,2026-06-09,Pending
1289,Bengaluru,Indiranagar,45577853,3896,1,2026-07-08,Pending
1290,Hyderabad,Madhapur,17343959,1431,5,2026-06-20,Available
1291,Hyderabad,Miyapur,4879871,719,5,2026-05-31,Pending
1292,Hyderabad,Miyapur,54004802,4819,4,2026-04-18,Available
1293,Hyderabad,Kukatpally,12605843,2599,1,2026-06-05,Pending
1294,Hyderabad,Banjara Hills,56181274,4728,2,2026-05-13,Sold
1295,Pune,Baner,19962258,1389,1,2026-06-12,Sold
1296,Bengaluru,Indiranagar,28756530,1952,1,2026-06-13,Sold
1297,Hyderabad,Miyapur,12245170,954,4,2026-06-15,Pending
1298,Hyderabad,Jubilee Hills,34681467,4973,3,2026-05-07,Pending
1299,Bengaluru,Whitefield,42234879,3696,3,2026-04-24,Sold
1300,Bengaluru,Electronic City,37469045,2521,5,2026-04-22,Sold
1301,Pune,Hinjewadi,62952216,4814,4,2026-06-01,Sold
1302,Bengaluru,Whitefield,14221283,1684,4,2026-05-09,Sold
1303,Hyderabad,Gachibowli,15399251,1300,1,2026-04-28,Sold
1304,Hyderabad,Kukatpally,28392228,4924,3,2026-07-05,Sold
1305,Chennai,OMR,21474391,4646,5,2026-07-06,Pending
1306,Pune,Baner,33376852,2518,3,2026-04-11,Sold
1307,Bengaluru,HSR Layout,10783155,1241,3,2026-05-16,Sold
1308,Pune,Baner,21455580,4847,5,2026-06-17,Pending
1309,Pune,Hinjewadi,35179087,3343,2,2026-04-11,Available
1310,Pune,Kharadi,33756849,4580,2,2026-06-19,Sold
1311,Bengaluru,Electronic City,61192635,4725,5,2026-04-29,Available
1312,Pune,Hinjewadi,46331994,3923,4,2026-05-30,Pending
1313,Chennai,OMR,7258736,1700,4,2026-06-12,Available
1314,Chennai,Anna Nagar,16738284,3188,1,2026-05-08,Pending
1315,Bengaluru,Electronic City,19770365,4155,2,2026-05-29,Sold
1316,Mumbai,Bandra,38007538,3882,1,2026-04-28,Sold
1317,Mumbai,Andheri,12445330,1996,2,2026-05-31,Available
1318,Hyderabad,Miyapur,8669921,674,1,2026-05-22,Available
1319,Pune,Hinjewadi,46096040,4188,1,2026-06-19,Available
1320,Pune,Hinjewadi,19091497,3994,4,2026-06-15,Available
1321,Bengaluru,HSR Layout,43142589,3624,2,2026-07-01,Sold
1322,Mumbai,Powai,21129254,1641,4,2026-05-18,Available
1323,Chennai,Velachery,43396776,2959,2,2026-06-14,Sold
1324,Hyderabad,Kondapur,19141083,3996,4,2026-05-26,Pending
1325,Pune,Wakad,54151671,4052,1,2026-05-19,Sold
1326,Chennai,Adyar,8157436,690,1,2026-06-02,Available
1327,Mumbai,Powai,14455625,1946,2,2026-04-18,Available
1328,Chennai,Anna Nagar,40581831,2816,5,2026-06-18,Sold
1329,Pune,Baner,31153428,3929,3,2026-05-03,Available
1330,Mumbai,Thane,25909152,1869,1,2026-05-24,Available
1331,Mumbai,Thane,9788661,1905,2,2026-04-16,Pending
1332,Chennai,Velachery,19215279,1558,4,2026-06-04,Sold
1333,Mumbai,Andheri,15647922,1672,4,2026-06-10,Pending
1334,Hyderabad,Gachibowli,43871786,3678,1,2026-05-12,Sold
1335,Pune,Wakad,65445740,4979,3,2026-06-29,Available
1336,Bengaluru,Indiranagar,5988046,525,4,2026-05-12,Available
1337,Hyderabad,Kondapur,28727562,4450,3,2026-05-10,Sold
1338,Bengaluru,Whitefield,26004610,4087,4,2026-05-25,Available
1339,Pune,Kharadi,36972174,2519,1,2026-05-09,Sold
1340,Bengaluru,HSR Layout,34941333,2347,1,2026-05-29,Available
1341,Chennai,Anna Nagar,35510136,3904,2,2026-04-16,Sold
1342,Mumbai,Bandra,20675939,3455,5,2026-05-19,Pending
1343,Bengaluru,Indiranagar,22068996,2674,2,2026-04-18,Pending
1344,Chennai,Velachery,24035176,3751,5,2026-05-30,Available
1345,Pune,Wakad,66014481,4880,4,2026-05-27,Sold
1346,Bengaluru,Electronic City,62565317,4758,1,2026-05-08,Pending
1347,Hyderabad,Kukatpally,37958747,4203,1,2026-05-04,Available
1348,Pune,Hinjewadi,21060899,1627,4,2026-06-07,Sold
1349,Chennai,Velachery,34020947,2386,1,2026-05-01,Sold
1350,Pune,Wakad,15848269,1120,4,2026-06-03,Available
1351,Chennai,OMR,24604922,1702,2,2026-05-10,Available
1352,Pune,Baner,29427311,2450,3,2026-07-09,Sold
1353,Chennai,Adyar,38315774,2753,1,2026-06-09,Available
1354,Bengaluru,Whitefield,28799067,3635,5,2026-04-26,Pending
1355,Pune,Wakad,17714631,2854,1,2026-05-13,Sold
1356,Hyderabad,Gachibowli,4298990,520,2,2026-04-11,Available
1357,Pune,Wakad,28153546,4989,3,2026-05-23,Pending
1358,Bengaluru,Electronic City,10144075,1100,4,2026-06-30,Available
1359,Chennai,OMR,41234667,4501,4,2026-06-17,Sold
1360,Bengaluru,HSR Layout,31862233,2537,2,2026-05-27,Sold
1361,Hyderabad,Madhapur,32085418,2907,3,2026-04-22,Sold
1362,Bengaluru,Electronic City,9368180,946,5,2026-06-26,Available
1363,Bengaluru,Electronic City,17217935,1174,4,2026-05-06,Available
1364,Mumbai,Powai,8785504,1880,1,2026-05-11,Available
1365,Chennai,OMR,26136375,2871,2,2026-04-22,Pending
1366,Chennai,Adyar,28139054,2067,4,2026-06-25,Available
1367,Pune,Baner,19027834,1759,4,2026-04-29,Available
1368,Bengaluru,Indiranagar,29843250,2897,4,2026-07-01,Available
1369,Bengaluru,Electronic City,32122479,2721,4,2026-05-25,Available
1370,Hyderabad,Kondapur,6501500,746,4,2026-06-05,Sold
1371,Pune,Baner,8498158,1503,2,2026-05-27,Sold
1372,Mumbai,Bandra,48224940,4915,4,2026-07-06,Sold
1373,Chennai,Velachery,10329908,1150,4,2026-04-12,Available
1374,Bengaluru,Indiranagar,45575755,3629,3,2026-04-15,Available
1375,Hyderabad,Madhapur,22976920,1612,1,2026-06-11,Sold
1376,Chennai,OMR,17083102,3078,2,2026-06-21,Pending
1377,Bengaluru,Whitefield,7257768,1631,5,2026-05-05,Sold
1378,Chennai,OMR,35125587,3666,4,2026-06-08,Sold
1379,Mumbai,Andheri,31430209,2213,4,2026-05-24,Sold
1380,Mumbai,Andheri,6908468,981,2,2026-04-19,Pending
1381,Chennai,Anna Nagar,13187095,2482,3,2026-07-09,Sold
1382,Chennai,Velachery,25967069,1848,2,2026-06-01,Sold
1383,Chennai,OMR,31665757,4786,1,2026-05-25,Available
1384,Chennai,OMR,66512720,4425,4,2026-04-10,Sold
1385,Mumbai,Bandra,34853943,4540,1,2026-07-01,Sold
1386,Mumbai,Powai,34752755,3487,2,2026-06-30,Sold
1387,Mumbai,Thane,15617419,3241,4,2026-06-17,Sold
1388,Chennai,Velachery,62139593,4397,2,2026-05-24,Available
1389,Hyderabad,Banjara Hills,11361516,979,2,2026-06-22,Sold
1390,Bengaluru,HSR Layout,9474211,1629,5,2026-06-23,Sold
1391,Chennai,Velachery,7582731,777,1,2026-06-07,Available
1392,Hyderabad,Gachibowli,36856616,4683,4,2026-04-17,Sold
1393,Hyderabad,Madhapur,21928462,1774,5,2026-06-27,Available
1394,Pune,Wakad,51686212,3824,5,2026-06-09,Sold
1395,Pune,Baner,9052153,1747,5,2026-04-18,Available
1396,Bengaluru,Electronic City,30815427,2088,3,2026-05-23,Pending
1397,Mumbai,Bandra,13041922,1252,3,2026-07-05,Sold
1398,Hyderabad,Jubilee Hills,14728137,2438,3,2026-06-27,Sold
1399,Bengaluru,HSR Layout,14844944,3539,1,2026-05-22,Available
1400,Chennai,OMR,33639306,3183,2,2026-05-11,Sold
1401,Bengaluru,Electronic City,45139110,3122,5,2026-05-27,Pending
1402,Mumbai,Bandra,21597587,3250,3,2026-07-03,Available
1403,Bengaluru,Whitefield,35823909,4271,3,2026-06-17,Available
1404,Mumbai,Thane,34472792,2504,1,2026-04-21,Available
1405,Pune,Baner,21437486,2442,2,2026-04-19,Available
1406,Pune,Hinjewadi,49645313,4220,2,2026-05-19,Sold
1407,Hyderabad,Gachibowli,15318749,1571,2,2026-06-15,Sold
1408,Chennai,Anna Nagar,42412543,3550,2,2026-05-03,Available
1409,Pune,Hinjewadi,27503452,3077,2,2026-07-01,Available
1410,Mumbai,Andheri,66132821,4582,5,2026-06-13,Sold
1411,Hyderabad,Jubilee Hills,38737514,4610,5,2026-04-30,Pending
1412,Mumbai,Andheri,15132940,2254,5,2026-05-06,Sold
1413,Chennai,Velachery,44007495,4999,3,2026-05-26,Sold
1414,Chennai,Adyar,13087778,1922,2,2026-07-04,Available
1415,Bengaluru,Indiranagar,51228206,4691,2,2026-05-02,Available
1416,Chennai,Adyar,11343236,1119,5,2026-05-11,Sold
1417,Chennai,Anna Nagar,39648551,2929,3,2026-05-06,Available
1418,Bengaluru,Whitefield,16097350,2323,1,2026-06-20,Pending
1419,Bengaluru,HSR Layout,6125857,501,3,2026-04-24,Available
1420,Mumbai,Andheri,5552854,836,1,2026-05-11,Sold
1421,Hyderabad,Jubilee Hills,7203589,586,1,2026-04-24,Sold
1422,Hyderabad,Miyapur,35452649,3298,5,2026-05-30,Sold
1423,Hyderabad,Gachibowli,49272555,4981,1,2026-06-23,Pending
1424,Mumbai,Thane,31171583,3279,1,2026-04-11,Sold
1425,Chennai,Adyar,10867319,1885,4,2026-04-17,Available
1426,Pune,Baner,30699353,2919,3,2026-04-16,Pending
1427,Bengaluru,Electronic City,4335761,770,1,2026-05-09,Available
1428,Mumbai,Thane,37780724,4894,1,2026-07-08,Sold
1429,Bengaluru,HSR Layout,5933541,502,5,2026-05-05,Available
1430,Bengaluru,Whitefield,13326726,1335,3,2026-05-14,Sold
1431,Bengaluru,Whitefield,32085185,2528,5,2026-05-05,Available
1432,Pune,Baner,18786851,2486,2,2026-06-18,Pending
1433,Bengaluru,Electronic City,40190821,3546,3,2026-07-07,Available
1434,Mumbai,Thane,28855748,2859,1,2026-06-07,Sold
1435,Hyderabad,Madhapur,49862651,3968,1,2026-06-28,Available
1436,Chennai,Adyar,26094626,4214,3,2026-04-10,Pending
1437,Hyderabad,Gachibowli,20651052,2663,5,2026-05-26,Pending
1438,Chennai,Velachery,46092023,4605,1,2026-05-19,Sold
1439,Chennai,Anna Nagar,12949527,1614,3,2026-04-20,Sold
1440,Pune,Hinjewadi,12929249,1038,3,2026-06-11,Sold
1441,Chennai,Adyar,40388130,4849,5,2026-05-19,Available
1442,Hyderabad,Gachibowli,10370870,1135,3,2026-06-16,Sold
1443,Chennai,Anna Nagar,20252775,2731,4,2026-05-19,Sold
1444,Mumbai,Bandra,22330654,1750,2,2026-06-14,Available
1445,Hyderabad,Miyapur,21530003,2084,1,2026-07-01,Available
1446,Hyderabad,Kondapur,40284373,4718,2,2026-05-13,Sold
1447,Hyderabad,Gachibowli,22817595,3586,5,2026-06-18,Available
1448,Hyderabad,Kondapur,29435857,2775,1,2026-05-10,Available
1449,Mumbai,Thane,28341264,2110,5,2026-06-23,Pending
1450,Pune,Kharadi,20967013,3887,1,2026-04-13,Sold
1451,Hyderabad,Kukatpally,6164113,836,4,2026-05-30,Sold
1452,Chennai,Anna Nagar,22637831,3853,4,2026-04-29,Sold
1453,Chennai,Anna Nagar,59638303,4412,5,2026-05-14,Sold
1454,Chennai,OMR,34973495,3586,5,2026-05-10,Pending
1455,Mumbai,Powai,44480753,4470,2,2026-05-05,Pending
1456,Hyderabad,Kondapur,28342272,1992,3,2026-05-27,Pending
1457,Chennai,Adyar,45801156,3115,4,2026-06-22,Pending
1458,Chennai,OMR,12560990,1488,4,2026-06-24,Pending
1459,Mumbai,Thane,16273532,1735,4,2026-04-27,Available
1460,Mumbai,Bandra,34082734,4205,5,2026-05-08,Available
1461,Chennai,Adyar,39023255,3643,5,2026-05-12,Available
1462,Hyderabad,Banjara Hills,41104914,2799,3,2026-06-29,Sold
1463,Pune,Hinjewadi,8773089,641,2,2026-07-02,Pending
1464,Pune,Kharadi,16074866,2763,3,2026-05-02,Pending
1465,Bengaluru,HSR Layout,26701750,1884,5,2026-05-24,Pending
1466,Chennai,Adyar,20243517,2425,1,2026-06-30,Pending
1467,Pune,Baner,15388529,1261,5,2026-07-02,Sold
1468,Pune,Hinjewadi,32041734,2865,1,2026-05-15,Sold
1469,Bengaluru,Whitefield,25311389,3128,4,2026-05-12,Sold
1470,Bengaluru,Whitefield,28629223,3284,5,2026-05-14,Pending
1471,Bengaluru,Electronic City,37314578,3287,2,2026-06-07,Available
1472,Chennai,OMR,34541309,4186,5,2026-06-10,Pending
1473,Chennai,Anna Nagar,16675637,1512,5,2026-05-12,Pending
1474,Pune,Wakad,52926840,4034,4,2026-06-09,Pending
1475,Bengaluru,Electronic City,8255719,1595,3,2026-06-15,Sold
1476,Pune,Wakad,16974287,1417,5,2026-04-23,Available
1477,Pune,Baner,28446884,2824,5,2026-04-19,Available
1478,Mumbai,Bandra,43194748,3590,5,2026-04-28,Pending
1479,Pune,Hinjewadi,17451099,4334,3,2026-04-12,Available
1480,Hyderabad,Madhapur,30109207,3788,4,2026-04-12,Sold
1481,Mumbai,Andheri,11816081,1505,4,2026-05-03,Available
1482,Mumbai,Thane,54345985,4040,3,2026-06-17,Available
1483,Pune,Wakad,71770660,4910,2,2026-04-11,Available
1484,Mumbai,Thane,13788155,3167,5,2026-05-08,Pending
1485,Hyderabad,Kondapur,52973596,4335,4,2026-04-18,Available
1486,Hyderabad,Banjara Hills,6028920,1282,2,2026-05-16,Available
1487,Hyderabad,Kukatpally,19543479,3363,4,2026-06-16,Available
1488,Bengaluru,Indiranagar,58806262,4507,1,2026-05-13,Sold
1489,Bengaluru,Indiranagar,24458442,2165,4,2026-06-14,Available
1490,Pune,Hinjewadi,17921201,3268,1,2026-06-11,Pending
1491,Pune,Hinjewadi,50450546,3364,5,2026-06-17,Available
1492,Pune,Baner,32269190,2310,5,2026-04-25,Pending
1493,Hyderabad,Jubilee Hills,30582697,2214,1,2026-05-25,Available
1494,Chennai,Anna Nagar,23847371,2063,1,2026-07-03,Available
1495,Hyderabad,Kukatpally,15487693,1034,3,2026-06-14,Pending
1496,Chennai,Velachery,19249926,3359,1,2026-05-28,Pending
1497,Hyderabad,Jubilee Hills,28680192,2597,1,2026-06-23,Pending
1498,Hyderabad,Kukatpally,9236257,670,3,2026-06-06,Available
1499,Bengaluru,Whitefield,29775933,2680,2,2026-05-24,Available
1500,Hyderabad,Gachibowli,11072048,865,4,2026-04-19,Pending
1501,Chennai,OMR,56341886,3846,1,2026-05-26,Sold
1502,Mumbai,Andheri,69349232,4934,4,2026-07-07,Pending
1503,Chennai,Velachery,40843454,3167,4,2026-07-09,Available
1504,Pune,Hinjewadi,11695850,1082,1,2026-05-09,Available
1505,Chennai,Anna Nagar,49666232,3380,5,2026-06-28,Sold
1506,Chennai,Velachery,31693631,2105,2,2026-04-30,Pending
1507,Mumbai,Powai,58169421,4514,4,2026-07-03,Pending
1508,Hyderabad,Kukatpally,38785725,3202,4,2026-06-01,Pending
1509,Bengaluru,Whitefield,31534418,2144,1,2026-06-21,Pending
1510,Chennai,Anna Nagar,7709436,929,2,2026-07-08,Available
1511,Chennai,Adyar,54087509,4090,4,2026-06-23,Available
1512,Hyderabad,Kondapur,6817901,1187,4,2026-06-29,Sold
1513,Mumbai,Powai,19439506,3021,3,2026-04-24,Available
1514,Pune,Hinjewadi,12638369,2844,3,2026-05-31,Pending
1515,Mumbai,Powai,12351070,2806,1,2026-07-03,Sold
1516,Mumbai,Thane,12907164,1049,4,2026-06-04,Sold
1517,Mumbai,Thane,42013020,4950,5,2026-06-14,Sold
1518,Hyderabad,Kondapur,30220858,2269,1,2026-06-23,Pending
1519,Chennai,Anna Nagar,44374388,2946,3,2026-05-31,Sold
1520,Mumbai,Thane,11393842,1983,2,2026-05-27,Pending
1521,Pune,Baner,43156773,2917,1,2026-05-23,Pending
1522,Mumbai,Bandra,25316237,2449,5,2026-06-30,Sold
1523,Bengaluru,HSR Layout,40592662,4530,3,2026-05-09,Sold
1524,Chennai,Anna Nagar,28441077,3559,2,2026-07-05,Sold
1525,Hyderabad,Madhapur,65714502,4559,5,2026-05-01,Available
1526,Bengaluru,Electronic City,28714279,3318,5,2026-05-11,Pending
1527,Mumbai,Powai,26561678,2965,1,2026-05-18,Sold
1528,Bengaluru,Indiranagar,33797792,2912,3,2026-04-21,Sold
1529,Hyderabad,Gachibowli,17665748,1767,4,2026-06-18,Sold
1530,Chennai,OMR,6290548,884,2,2026-07-09,Pending
1531,Mumbai,Bandra,24290248,1745,1,2026-06-07,Available
1532,Mumbai,Bandra,43663063,3080,4,2026-06-10,Pending
1533,Mumbai,Andheri,43907059,4721,3,2026-04-21,Pending
1534,Chennai,OMR,44249284,3375,5,2026-06-30,Pending
1535,Pune,Wakad,8017875,703,5,2026-06-26,Sold
1536,Mumbai,Andheri,7739851,570,5,2026-06-11,Pending
1537,Chennai,Adyar,7184349,1120,3,2026-04-15,Pending
1538,Mumbai,Bandra,26031222,3706,2,2026-07-07,Pending
1539,Pune,Kharadi,16317241,2638,5,2026-05-18,Available
1540,Hyderabad,Banjara Hills,21362819,2915,3,2026-07-03,Available
1541,Mumbai,Andheri,13336326,1513,1,2026-05-23,Pending
1542,Hyderabad,Jubilee Hills,40532142,3309,1,2026-06-15,Pending
1543,Mumbai,Andheri,6808519,997,5,2026-04-10,Pending
1544,Bengaluru,Indiranagar,11219764,2099,3,2026-04-24,Pending
1545,Hyderabad,Kondapur,13383329,2904,5,2026-06-21,Sold
1546,Pune,Hinjewadi,17680434,1782,2,2026-06-16,Available
1547,Mumbai,Bandra,24948092,3797,5,2026-04-21,Available
1548,Chennai,OMR,38897959,3547,4,2026-05-06,Pending
1549,Chennai,Anna Nagar,8948391,1692,3,2026-07-06,Pending
1550,Mumbai,Bandra,31720335,3587,3,2026-05-08,Available
1551,Mumbai,Thane,20291807,1582,5,2026-04-27,Available
1552,Chennai,Velachery,31773403,2917,1,2026-06-25,Available
1553,Chennai,Anna Nagar,28784176,2121,1,2026-05-29,Pending
1554,Chennai,Velachery,26564910,2315,2,2026-05-14,Sold
1555,Hyderabad,Miyapur,54716882,4962,4,2026-04-22,Sold
1556,Chennai,OMR,17519118,3232,2,2026-05-15,Pending
1557,Chennai,Velachery,3823074,728,1,2026-04-27,Sold
1558,Pune,Hinjewadi,10182552,1601,2,2026-06-26,Available
1559,Hyderabad,Banjara Hills,36674747,3798,4,2026-05-07,Sold
1560,Chennai,Velachery,9887847,1364,1,2026-06-16,Pending
1561,Chennai,Adyar,55345595,4092,4,2026-04-27,Pending
1562,Bengaluru,Indiranagar,24809790,3436,4,2026-06-14,Pending
1563,Pune,Hinjewadi,37493678,3832,1,2026-05-01,Available
1564,Mumbai,Powai,7360698,637,4,2026-04-27,Pending
1565,Chennai,Adyar,23414659,2598,5,2026-06-26,Pending
1566,Hyderabad,Jubilee Hills,31555227,2613,4,2026-07-02,Pending
1567,Mumbai,Powai,22486113,1818,5,2026-06-20,Available
1568,Chennai,Anna Nagar,30652070,4195,5,2026-04-30,Pending
1569,Bengaluru,Indiranagar,9395335,1675,1,2026-07-06,Available
1570,Hyderabad,Kukatpally,39443242,4772,4,2026-07-05,Pending
1571,Hyderabad,Madhapur,18623580,1617,1,2026-06-07,Available
1572,Mumbai,Powai,4762624,1036,4,2026-04-29,Available
1573,Bengaluru,Whitefield,45582430,3675,5,2026-05-11,Available
1574,Chennai,Velachery,30432530,3302,2,2026-05-15,Sold
1575,Chennai,Velachery,14929720,2526,2,2026-06-03,Available
1576,Pune,Hinjewadi,34999483,2562,1,2026-05-01,Sold
1577,Hyderabad,Miyapur,20621567,3204,1,2026-04-27,Available
1578,Bengaluru,HSR Layout,60538109,4991,3,2026-04-12,Available
1579,Mumbai,Powai,24807852,3353,1,2026-06-12,Sold
1580,Chennai,OMR,44472774,3462,4,2026-04-16,Sold
1581,Mumbai,Thane,64186931,4725,1,2026-06-18,Pending
1582,Hyderabad,Kukatpally,5173462,1355,3,2026-05-29,Pending
1583,Mumbai,Bandra,11702742,1079,4,2026-06-19,Pending
1584,Pune,Baner,31261925,3881,3,2026-05-06,Available
1585,Chennai,Anna Nagar,16947942,1199,1,2026-05-10,Available
1586,Chennai,Adyar,30095372,3151,1,2026-05-20,Sold
1587,Hyderabad,Kukatpally,33928560,3858,4,2026-05-14,Available
1588,Hyderabad,Miyapur,31188201,2246,1,2026-06-06,Available
1589,Mumbai,Thane,11303165,943,3,2026-07-04,Pending
1590,Hyderabad,Jubilee Hills,12042255,1108,3,2026-06-22,Sold
1591,Pune,Wakad,51544608,4201,5,2026-04-18,Pending
1592,Chennai,Anna Nagar,35257522,2426,3,2026-04-29,Pending
1593,Chennai,OMR,57804111,4572,4,2026-06-24,Available
1594,Chennai,Anna Nagar,50750692,3476,4,2026-04-24,Available
1595,Bengaluru,Whitefield,41014597,4130,5,2026-04-13,Available
1596,Hyderabad,Jubilee Hills,7708120,752,1,2026-05-07,Pending
1597,Chennai,OMR,19512133,2111,4,2026-05-03,Available
1598,Chennai,OMR,32463527,2650,5,2026-07-09,Sold
1599,Mumbai,Thane,32080990,3047,5,2026-04-30,Available
1600,Chennai,Anna Nagar,26659651,4457,1,2026-06-13,Sold
1601,Bengaluru,Indiranagar,28130791,2163,2,2026-06-12,Sold
1602,Pune,Baner,22145879,1628,3,2026-07-01,Sold
1603,Mumbai,Bandra,41577612,3646,2,2026-05-30,Available
1604,Chennai,Adyar,21789144,1957,1,2026-06-18,Pending
1605,Hyderabad,Jubilee Hills,8949884,857,4,2026-04-20,Sold
1606,Chennai,OMR,24574092,3192,1,2026-06-08,Sold
1607,Bengaluru,Electronic City,27102264,3657,4,2026-04-15,Pending
1608,Chennai,Velachery,24469529,1781,1,2026-05-27,Available
1609,Pune,Hinjewadi,19846597,1527,3,2026-05-17,Pending
1610,Mumbai,Powai,4776908,1120,2,2026-06-20,Sold
1611,Mumbai,Bandra,20517680,1643,3,2026-05-11,Sold
1612,Mumbai,Andheri,6302295,1304,5,2026-06-14,Sold
1613,Bengaluru,Indiranagar,21944558,1475,2,2026-05-05,Pending
1614,Pune,Hinjewadi,28807844,2890,2,2026-06-16,Sold
1615,Mumbai,Bandra,53491278,4101,3,2026-06-16,Pending
1616,Pune,Kharadi,9814061,1000,2,2026-04-24,Sold
1617,Pune,Wakad,12392808,2608,5,2026-04-28,Available
1618,Pune,Wakad,19703056,1359,5,2026-05-13,Pending
1619,Mumbai,Thane,51728497,4200,4,2026-06-09,Pending
1620,Mumbai,Powai,20360260,1341,5,2026-05-22,Available
1621,Mumbai,Bandra,31465160,4391,2,2026-04-23,Sold
1622,Mumbai,Thane,14422566,1035,3,2026-05-22,Pending
1623,Bengaluru,Indiranagar,60729944,4257,3,2026-05-12,Sold
1624,Chennai,Velachery,59905169,4767,4,2026-05-28,Sold
1625,Pune,Wakad,13870922,1030,5,2026-06-07,Pending
1626,Chennai,Adyar,46718610,4393,1,2026-06-24,Pending
1627,Chennai,OMR,30081263,2646,5,2026-06-24,Available
1628,Mumbai,Thane,36637090,4321,5,2026-07-09,Pending
1629,Mumbai,Bandra,14677041,2316,3,2026-05-11,Available
1630,Pune,Wakad,17941610,1663,4,2026-06-25,Sold
1631,Mumbai,Thane,41573508,3105,2,2026-05-30,Pending
1632,Hyderabad,Miyapur,22352766,2244,5,2026-05-20,Sold
1633,Mumbai,Thane,13430110,2349,1,2026-04-21,Available
1634,Chennai,OMR,32840439,2438,5,2026-05-15,Sold
1635,Mumbai,Thane,20375861,2352,4,2026-06-14,Sold
1636,Chennai,OMR,11083874,723,2,2026-05-21,Sold
1637,Hyderabad,Gachibowli,16140809,2949,1,2026-06-18,Available
1638,Pune,Wakad,6603766,871,3,2026-06-21,Sold
1639,Bengaluru,Electronic City,18793630,3146,4,2026-06-05,Sold
1640,Mumbai,Thane,12837514,1366,3,2026-05-17,Sold
1641,Chennai,Anna Nagar,28311949,2778,1,2026-06-21,Pending
1642,Bengaluru,Whitefield,71034181,4776,4,2026-05-24,Pending
1643,Pune,Wakad,24248075,2446,1,2026-05-31,Pending
1644,Mumbai,Thane,40190986,4909,4,2026-04-22,Available
1645,Mumbai,Thane,17759783,3356,3,2026-04-25,Available
1646,Chennai,Velachery,15332025,2992,4,2026-05-31,Sold
1647,Mumbai,Powai,7773627,586,4,2026-04-29,Pending
1648,Chennai,OMR,37417751,3362,3,2026-05-24,Pending
1649,Mumbai,Bandra,19780015,4296,3,2026-06-15,Available
1650,Chennai,Adyar,44019239,3938,1,2026-05-29,Sold
1651,Pune,Hinjewadi,17518380,3095,3,2026-04-23,Available
1652,Mumbai,Andheri,6337439,1585,3,2026-04-17,Sold
1653,Chennai,Velachery,15700521,1709,2,2026-07-01,Sold
1654,Pune,Hinjewadi,21140757,4442,4,2026-04-26,Available
1655,Bengaluru,Whitefield,19358597,2685,2,2026-06-20,Available
1656,Hyderabad,Madhapur,16502615,1080,1,2026-05-12,Pending
1657,Hyderabad,Miyapur,6820200,1107,5,2026-06-04,Sold
1658,Bengaluru,Indiranagar,13783867,974,3,2026-05-07,Available
1659,Pune,Wakad,14325511,1970,1,2026-07-05,Pending
1660,Bengaluru,Electronic City,16083228,1833,2,2026-06-08,Available
1661,Bengaluru,Indiranagar,10625724,994,4,2026-06-20,Sold
1662,Hyderabad,Gachibowli,21085663,2024,2,2026-05-23,Pending
1663,Pune,Kharadi,21495292,1574,2,2026-05-16,Available
1664,Mumbai,Powai,17783738,2222,4,2026-06-05,Available
1665,Chennai,Anna Nagar,4003315,694,2,2026-04-16,Available
1666,Bengaluru,Electronic City,6208641,870,2,2026-06-21,Pending
1667,Pune,Hinjewadi,28154902,3825,4,2026-04-28,Sold
1668,Hyderabad,Madhapur,25141753,4254,2,2026-04-10,Pending
1669,Pune,Hinjewadi,15110875,1208,1,2026-04-10,Sold
1670,Bengaluru,Whitefield,50457027,4519,4,2026-05-15,Available
1671,Hyderabad,Madhapur,18477672,1879,2,2026-06-05,Pending
1672,Pune,Baner,27381588,2307,2,2026-07-04,Sold
1673,Bengaluru,Whitefield,16302089,3259,1,2026-05-31,Pending
1674,Mumbai,Andheri,40956640,4074,1,2026-05-29,Sold
1675,Bengaluru,Indiranagar,10250594,718,2,2026-06-01,Available
1676,Hyderabad,Gachibowli,15798976,1288,5,2026-06-17,Pending
1677,Chennai,Velachery,15305024,3050,3,2026-06-12,Sold
1678,Chennai,Adyar,7590107,714,5,2026-05-17,Available
1679,Chennai,Anna Nagar,60626638,4564,4,2026-04-27,Pending
1680,Mumbai,Powai,49076424,3584,5,2026-06-29,Available
1681,Pune,Kharadi,5666407,591,3,2026-05-05,Available
1682,Pune,Hinjewadi,15182295,1698,5,2026-04-14,Available
1683,Bengaluru,Whitefield,5850878,737,3,2026-06-06,Available
1684,Chennai,Velachery,50157449,3993,4,2026-04-15,Available
1685,Chennai,Velachery,55040607,3942,4,2026-06-10,Pending
1686,Bengaluru,Indiranagar,8569379,742,4,2026-07-03,Pending
1687,Bengaluru,Whitefield,42762013,3301,5,2026-05-13,Pending
1688,Bengaluru,HSR Layout,48326403,4905,5,2026-05-19,Sold
1689,Mumbai,Thane,11602577,1815,4,2026-05-12,Available
1690,Mumbai,Bandra,8227383,931,3,2026-06-24,Available
1691,Pune,Kharadi,11843937,2026,4,2026-04-13,Pending
1692,Pune,Kharadi,15860464,1606,1,2026-06-22,Pending
1693,Pune,Kharadi,7323517,743,4,2026-04-16,Available
1694,Pune,Wakad,59219523,4033,5,2026-06-23,Available
1695,Mumbai,Powai,55527164,4137,2,2026-05-11,Sold
1696,Pune,Kharadi,20140695,2740,5,2026-04-28,Pending
1697,Hyderabad,Banjara Hills,15480400,2764,1,2026-06-08,Sold
1698,Chennai,Anna Nagar,14712655,1227,3,2026-05-19,Available
1699,Chennai,Anna Nagar,45408804,3515,4,2026-06-03,Pending
1700,Bengaluru,HSR Layout,18649638,3699,3,2026-05-26,Pending
1701,Hyderabad,Madhapur,25279042,2391,1,2026-06-27,Available
1702,Mumbai,Powai,19423812,3201,3,2026-06-28,Available
1703,Pune,Kharadi,15752144,1658,2,2026-07-07,Available
1704,Hyderabad,Jubilee Hills,9043537,1536,1,2026-05-19,Pending
1705,Chennai,OMR,37583223,4769,4,2026-05-30,Available
1706,Chennai,Anna Nagar,3619128,733,3,2026-06-10,Available
1707,Bengaluru,Whitefield,64192231,4615,4,2026-05-04,Available
1708,Bengaluru,HSR Layout,25177502,2578,3,2026-07-01,Pending
1709,Chennai,Anna Nagar,52037964,3652,3,2026-04-15,Sold
1710,Pune,Kharadi,50159207,4400,5,2026-07-09,Available
1711,Bengaluru,Indiranagar,34410568,4367,3,2026-04-16,Available
1712,Bengaluru,Whitefield,35810086,2993,5,2026-04-29,Available
1713,Hyderabad,Banjara Hills,20878973,2221,1,2026-05-15,Pending
1714,Pune,Wakad,33985531,4437,3,2026-05-17,Pending
1715,Pune,Baner,32226874,3867,2,2026-04-12,Available
1716,Mumbai,Bandra,32402648,3252,1,2026-04-17,Available
1717,Pune,Wakad,26883702,3309,4,2026-04-16,Sold
1718,Chennai,Velachery,12074199,1000,3,2026-04-16,Sold
1719,Chennai,Adyar,30907791,4686,4,2026-07-03,Sold
1720,Hyderabad,Madhapur,23830258,1703,5,2026-07-02,Available
1721,Hyderabad,Kondapur,34472452,3821,2,2026-05-16,Sold
1722,Pune,Kharadi,8264645,2077,1,2026-07-06,Pending
1723,Pune,Kharadi,13502026,2393,1,2026-04-19,Available
1724,Chennai,Velachery,9354927,1001,1,2026-07-06,Sold
1725,Pune,Baner,9882155,2217,2,2026-05-14,Available
1726,Hyderabad,Madhapur,22136601,3657,1,2026-07-03,Available
1727,Mumbai,Bandra,13553252,1165,1,2026-06-21,Available
1728,Hyderabad,Jubilee Hills,9166917,1746,2,2026-05-02,Available
1729,Bengaluru,Whitefield,2677612,607,5,2026-06-26,Available
1730,Bengaluru,HSR Layout,19950649,4359,3,2026-05-03,Sold
1731,Mumbai,Bandra,24303577,2851,5,2026-07-04,Sold
1732,Chennai,Adyar,30354481,3684,3,2026-04-15,Pending
1733,Chennai,Velachery,25616382,4052,2,2026-05-02,Sold
1734,Mumbai,Andheri,17045135,1999,5,2026-06-12,Available
1735,Chennai,OMR,48871980,3832,4,2026-07-05,Pending
1736,Mumbai,Powai,46225353,3530,5,2026-04-16,Sold
1737,Bengaluru,Indiranagar,50497408,4536,4,2026-04-26,Pending
1738,Mumbai,Thane,25878201,1867,5,2026-06-23,Pending
1739,Mumbai,Powai,32232061,2990,5,2026-05-06,Pending
1740,Mumbai,Andheri,5311815,588,3,2026-06-07,Sold
1741,Mumbai,Bandra,34561024,3216,4,2026-06-02,Sold
1742,Mumbai,Andheri,17482607,1192,5,2026-04-21,Available
1743,Bengaluru,Electronic City,15174545,3168,5,2026-06-27,Pending
1744,Pune,Baner,19582517,1704,5,2026-07-02,Sold
1745,Bengaluru,Whitefield,67880027,4833,2,2026-06-11,Pending
1746,Pune,Hinjewadi,6351431,1073,1,2026-04-11,Sold
1747,Pune,Hinjewadi,4111267,912,3,2026-05-20,Sold
1748,Hyderabad,Madhapur,31644698,4273,1,2026-06-10,Sold
1749,Bengaluru,Electronic City,15132652,1609,3,2026-07-08,Sold
1750,Bengaluru,Electronic City,23841533,1637,3,2026-05-09,Pending
1751,Chennai,OMR,25531762,2019,3,2026-04-13,Sold
1752,Hyderabad,Kondapur,20017377,2541,2,2026-06-02,Available
1753,Bengaluru,Indiranagar,12791132,1236,3,2026-06-20,Pending
1754,Hyderabad,Madhapur,29723176,3770,4,2026-07-09,Available
1755,Pune,Hinjewadi,30808804,4781,2,2026-04-24,Pending
1756,Bengaluru,Whitefield,11337141,1589,3,2026-05-09,Pending
1757,Chennai,Velachery,25900304,1952,4,2026-04-23,Available
1758,Pune,Wakad,30006202,4374,5,2026-05-24,Available
1759,Mumbai,Bandra,28743277,4742,5,2026-05-06,Pending
1760,Mumbai,Thane,9284597,796,3,2026-06-30,Available
1761,Bengaluru,Indiranagar,36603737,2548,4,2026-05-15,Sold
1762,Chennai,OMR,42647272,4326,2,2026-05-25,Pending
1763,Chennai,OMR,53469450,3722,2,2026-06-13,Sold
1764,Hyderabad,Gachibowli,55546319,4629,5,2026-05-09,Sold
1765,Chennai,Anna Nagar,28114841,2458,2,2026-04-22,Available
1766,Mumbai,Bandra,7147646,1375,4,2026-05-09,Available
1767,Pune,Hinjewadi,37284759,3827,4,2026-04-25,Sold
1768,Bengaluru,Electronic City,25724597,2184,3,2026-05-03,Sold
1769,Bengaluru,Whitefield,31868188,4064,3,2026-06-07,Sold
1770,Bengaluru,Electronic City,48078861,3856,3,2026-06-28,Sold
1771,Hyderabad,Madhapur,36845954,3467,5,2026-05-09,Available
1772,Hyderabad,Jubilee Hills,8204248,650,2,2026-06-04,Available
1773,Hyderabad,Banjara Hills,43272790,4058,2,2026-05-04,Available
1774,Chennai,Adyar,26945162,3496,3,2026-04-16,Sold
1775,Bengaluru,Electronic City,27803140,2421,1,2026-06-15,Pending
1776,Chennai,Anna Nagar,18755780,4458,1,2026-06-18,Available
1777,Hyderabad,Jubilee Hills,31752078,2404,2,2026-05-03,Pending
1778,Mumbai,Andheri,32804973,2649,5,2026-06-06,Available
1779,Mumbai,Thane,14186660,3062,2,2026-05-29,Available
1780,Chennai,OMR,40692541,3797,5,2026-04-24,Available
1781,Mumbai,Andheri,21640023,1649,4,2026-04-28,Pending
1782,Mumbai,Andheri,66378849,4591,4,2026-05-25,Available
1783,Pune,Kharadi,42416845,3428,2,2026-06-16,Available
1784,Mumbai,Andheri,8308608,745,3,2026-04-27,Available
1785,Hyderabad,Kukatpally,16252718,2733,2,2026-06-06,Sold
1786,Pune,Baner,30224892,3118,2,2026-06-15,Sold
1787,Chennai,Anna Nagar,8061196,707,2,2026-04-24,Pending
1788,Mumbai,Bandra,36020207,3399,4,2026-05-13,Sold
1789,Pune,Kharadi,21123898,2669,4,2026-04-23,Available
1790,Bengaluru,Electronic City,21281854,1495,4,2026-05-22,Sold
1791,Chennai,Velachery,22312014,3358,5,2026-05-01,Pending
1792,Hyderabad,Banjara Hills,39838706,2927,5,2026-05-30,Sold
1793,Pune,Baner,64895082,4442,4,2026-06-08,Pending
1794,Chennai,Adyar,53180077,3896,5,2026-05-12,Sold
1795,Bengaluru,Electronic City,53277463,3866,2,2026-06-20,Available
1796,Hyderabad,Madhapur,22086443,4766,1,2026-04-26,Available
1797,Pune,Kharadi,13341753,1246,4,2026-06-16,Pending
1798,Pune,Wakad,15532070,3583,1,2026-05-15,Sold
1799,Pune,Baner,8563608,638,4,2026-06-04,Available
1800,Mumbai,Bandra,59387419,4862,1,2026-05-02,Sold
1801,Mumbai,Andheri,17745433,1511,2,2026-04-21,Sold
1802,Mumbai,Andheri,14776985,987,1,2026-06-08,Sold
1803,Pune,Kharadi,33829674,4302,3,2026-04-29,Available
1804,Bengaluru,Electronic City,4501048,996,3,2026-06-28,Available
1805,Bengaluru,Whitefield,16436415,1682,4,2026-05-19,Sold
1806,Chennai,OMR,7066296,1768,3,2026-07-08,Sold
1807,Chennai,Adyar,3830759,568,1,2026-04-28,Available
1808,Hyderabad,Kondapur,4839854,672,1,2026-04-18,Available
1809,Mumbai,Andheri,34243598,4544,1,2026-07-03,Sold
1810,Hyderabad,Banjara Hills,9026802,674,4,2026-07-03,Pending
1811,Hyderabad,Kukatpally,31803821,3642,1,2026-04-10,Pending
1812,Chennai,OMR,7073874,703,4,2026-07-02,Sold
1813,Mumbai,Bandra,7910339,735,1,2026-05-17,Available
1814,Chennai,OMR,33963036,3273,2,2026-06-24,Sold
1815,Pune,Baner,19618040,1705,5,2026-06-18,Sold
1816,Chennai,Velachery,61072261,4269,2,2026-06-11,Pending
1817,Pune,Hinjewadi,16544892,3315,1,2026-04-28,Sold
1818,Chennai,Anna Nagar,11291203,830,3,2026-05-01,Available
1819,Mumbai,Thane,25230220,3230,2,2026-06-12,Sold
1820,Mumbai,Bandra,30044004,4038,3,2026-06-16,Available
1821,Pune,Hinjewadi,19288652,2056,2,2026-05-27,Available
1822,Mumbai,Andheri,29175753,2293,5,2026-06-19,Pending
1823,Chennai,Adyar,29138108,2445,2,2026-05-25,Pending
1824,Chennai,OMR,11352871,1131,2,2026-06-14,Available
1825,Bengaluru,HSR Layout,7476784,1155,2,2026-04-14,Available
1826,Mumbai,Thane,5030308,613,5,2026-05-02,Pending
1827,Bengaluru,Indiranagar,23344001,2985,3,2026-05-04,Pending
1828,Hyderabad,Jubilee Hills,7854436,1191,4,2026-07-01,Sold
1829,Pune,Kharadi,65753288,4487,2,2026-06-12,Sold
1830,Mumbai,Powai,43212289,3020,4,2026-07-08,Pending
1831,Bengaluru,HSR Layout,45357903,3454,3,2026-05-20,Available
1832,Bengaluru,Indiranagar,15337190,3307,5,2026-05-20,Pending
1833,Mumbai,Thane,33238195,3096,1,2026-06-17,Sold
1834,Mumbai,Bandra,14885516,3206,5,2026-06-27,Sold
1835,Mumbai,Bandra,33018339,3823,4,2026-07-03,Pending
1836,Mumbai,Powai,25742891,4770,1,2026-06-25,Pending
1837,Bengaluru,Indiranagar,23283110,2456,5,2026-06-02,Sold
1838,Hyderabad,Miyapur,9732622,1278,4,2026-06-05,Sold
1839,Mumbai,Thane,48234216,3519,1,2026-05-05,Sold
1840,Mumbai,Thane,13053993,1054,3,2026-06-30,Available
1841,Bengaluru,Indiranagar,15544041,1083,4,2026-06-04,Available
1842,Pune,Wakad,22990426,3141,4,2026-07-07,Available
1843,Mumbai,Bandra,24072280,3172,2,2026-06-16,Pending
1844,Bengaluru,HSR Layout,39203599,4021,2,2026-04-27,Available
1845,Pune,Baner,30586686,4737,1,2026-06-15,Sold
1846,Mumbai,Powai,20055846,1851,4,2026-04-18,Pending
1847,Mumbai,Bandra,5554769,1261,1,2026-05-08,Sold
1848,Mumbai,Thane,14886673,1257,4,2026-04-12,Pending
1849,Pune,Wakad,24659561,3862,2,2026-06-23,Sold
1850,Bengaluru,HSR Layout,16155874,1347,3,2026-05-02,Sold
1851,Chennai,Anna Nagar,6888369,1059,2,2026-05-01,Available
1852,Chennai,Velachery,25775253,2696,4,2026-06-13,Available
1853,Pune,Wakad,6908581,1806,5,2026-04-25,Available
1854,Pune,Hinjewadi,12953194,2047,5,2026-05-18,Pending
1855,Mumbai,Bandra,13146561,2395,4,2026-07-02,Available
1856,Mumbai,Thane,3335531,773,3,2026-07-03,Available
1857,Chennai,Velachery,46378225,4659,2,2026-04-10,Sold
1858,Pune,Wakad,47056953,4840,2,2026-05-31,Pending
1859,Chennai,Adyar,22689633,3811,3,2026-05-14,Pending
1860,Mumbai,Thane,13495987,2479,3,2026-04-17,Pending
1861,Hyderabad,Jubilee Hills,9188673,1791,4,2026-05-05,Available
1862,Mumbai,Powai,20583754,2233,3,2026-07-08,Sold
1863,Mumbai,Powai,65545137,4951,3,2026-05-01,Pending
1864,Chennai,Velachery,8813279,747,2,2026-05-09,Available
1865,Hyderabad,Madhapur,17789438,1269,3,2026-06-27,Available
1866,Chennai,Velachery,24698184,1858,2,2026-06-23,Pending
1867,Pune,Wakad,10189579,2227,5,2026-05-21,Pending
1868,Bengaluru,Whitefield,40132794,3737,1,2026-06-23,Sold
1869,Pune,Baner,46663604,4302,2,2026-06-03,Available
1870,Mumbai,Thane,36620540,2746,3,2026-06-17,Sold
1871,Hyderabad,Miyapur,13379242,2016,5,2026-06-15,Sold
1872,Hyderabad,Jubilee Hills,22583706,2247,4,2026-04-30,Available
1873,Pune,Hinjewadi,5738058,607,4,2026-04-22,Available
1874,Chennai,OMR,20246093,2283,3,2026-05-10,Pending
1875,Mumbai,Thane,24931480,4476,2,2026-07-02,Available
1876,Mumbai,Bandra,33580696,2493,5,2026-04-22,Sold
1877,Mumbai,Powai,13456305,1177,4,2026-06-29,Available
1878,Mumbai,Powai,9526923,791,5,2026-06-16,Sold
1879,Pune,Baner,40540068,2927,2,2026-06-30,Sold
1880,Pune,Hinjewadi,12333946,913,3,2026-05-20,Sold
1881,Pune,Kharadi,21421656,2399,3,2026-05-16,Pending
1882,Pune,Wakad,68867685,4749,2,2026-06-11,Available
1883,Pune,Hinjewadi,42180646,4243,2,2026-05-14,Pending
1884,Mumbai,Powai,6605994,565,5,2026-04-11,Available
1885,Bengaluru,HSR Layout,26867578,2274,2,2026-05-03,Available
1886,Mumbai,Thane,11480206,1045,1,2026-04-17,Available
1887,Hyderabad,Kukatpally,31422903,4764,3,2026-06-20,Pending
1888,Mumbai,Powai,9464399,1444,3,2026-06-04,Sold
1889,Hyderabad,Banjara Hills,48974818,3620,5,2026-05-21,Pending
1890,Hyderabad,Kukatpally,13013536,1066,1,2026-05-15,Available
1891,Chennai,OMR,23813326,2548,3,2026-06-09,Sold
1892,Pune,Wakad,54990244,4943,4,2026-05-09,Sold
1893,Bengaluru,Electronic City,58304167,4924,3,2026-06-25,Pending
1894,Hyderabad,Jubilee Hills,23595661,2153,2,2026-05-27,Sold
1895,Chennai,Velachery,23229306,2308,3,2026-04-22,Pending
1896,Bengaluru,Whitefield,3178574,678,1,2026-05-06,Pending
1897,Pune,Wakad,29465436,3682,5,2026-07-09,Sold
1898,Chennai,OMR,39724215,3560,1,2026-05-04,Pending
1899,Pune,Kharadi,8187506,1136,5,2026-06-18,Available
1900,Bengaluru,HSR Layout,23777031,2818,5,2026-07-08,Sold
1901,Chennai,Anna Nagar,20737474,3727,3,2026-05-06,Available
1902,Hyderabad,Kukatpally,17600832,1529,5,2026-07-03,Sold
1903,Pune,Baner,33404074,3714,5,2026-04-23,Sold
1904,Mumbai,Andheri,33051676,4464,3,2026-07-07,Sold
1905,Bengaluru,Indiranagar,19329259,4285,3,2026-06-27,Pending
1906,Mumbai,Andheri,7261298,1539,5,2026-04-21,Available
1907,Hyderabad,Madhapur,53113691,4728,5,2026-06-12,Available
1908,Chennai,OMR,15760808,1231,5,2026-06-25,Sold
1909,Chennai,OMR,25911393,2517,1,2026-04-15,Available
1910,Chennai,OMR,29287172,2334,2,2026-04-15,Pending
1911,Pune,Wakad,7654954,835,4,2026-05-27,Sold
1912,Hyderabad,Jubilee Hills,24102320,2358,3,2026-05-28,Sold
1913,Pune,Wakad,34431318,3096,2,2026-05-09,Sold
1914,Bengaluru,Electronic City,6816239,879,4,2026-04-16,Available
1915,Hyderabad,Kondapur,22815715,1532,4,2026-04-29,Pending
1916,Hyderabad,Gachibowli,35343115,4189,4,2026-06-28,Pending
1917,Hyderabad,Miyapur,25067774,2195,5,2026-06-20,Sold
1918,Bengaluru,Electronic City,22612880,4861,1,2026-05-22,Available
1919,Mumbai,Thane,14483680,1448,3,2026-06-21,Sold
1920,Chennai,Adyar,17780531,2291,4,2026-05-20,Available
1921,Pune,Wakad,29744455,3370,1,2026-06-12,Sold
1922,Chennai,Velachery,6633963,512,4,2026-06-25,Pending
1923,Hyderabad,Jubilee Hills,21063882,1512,5,2026-05-31,Sold
1924,Bengaluru,Indiranagar,62750749,4575,5,2026-04-25,Sold
1925,Hyderabad,Gachibowli,3686160,683,4,2026-04-25,Pending
1926,Pune,Hinjewadi,69157301,4651,1,2026-05-10,Sold
1927,Bengaluru,Indiranagar,28050466,2781,3,2026-05-10,Available
1928,Mumbai,Thane,35091167,4439,5,2026-05-26,Sold
1929,Chennai,Velachery,14196842,977,2,2026-06-09,Pending
1930,Hyderabad,Kukatpally,41645794,4802,4,2026-07-05,Available
1931,Bengaluru,Whitefield,52574827,4159,4,2026-05-11,Available
1932,Hyderabad,Kukatpally,19425794,2994,2,2026-05-28,Pending
1933,Pune,Hinjewadi,23568230,2027,1,2026-04-14,Sold
1934,Bengaluru,Electronic City,8550359,1371,1,2026-05-14,Sold
1935,Pune,Baner,10730383,854,2,2026-05-31,Sold
1936,Chennai,Adyar,38769645,3397,1,2026-05-01,Available
1937,Bengaluru,HSR Layout,7521469,802,1,2026-06-11,Sold
1938,Mumbai,Thane,11278320,1100,2,2026-05-23,Sold
1939,Hyderabad,Gachibowli,17683684,3076,5,2026-04-14,Pending
1940,Pune,Baner,3841036,528,4,2026-04-27,Available
1941,Pune,Kharadi,45477758,4017,3,2026-05-14,Available
1942,Chennai,Anna Nagar,7125902,526,1,2026-04-30,Sold
1943,Pune,Baner,22129023,4509,1,2026-05-09,Pending
1944,Bengaluru,Indiranagar,53073157,3780,5,2026-05-15,Sold
1945,Bengaluru,Indiranagar,19871242,3119,3,2026-07-04,Sold
1946,Chennai,Adyar,21850549,2486,2,2026-05-28,Pending
1947,Hyderabad,Banjara Hills,37864151,3667,2,2026-05-30,Sold
1948,Chennai,Anna Nagar,62957242,4874,5,2026-05-20,Available
1949,Hyderabad,Gachibowli,27512226,2042,1,2026-06-03,Pending
1950,Chennai,OMR,9664894,642,1,2026-05-25,Sold
1951,Pune,Baner,68469074,4967,3,2026-06-03,Pending
1952,Chennai,OMR,12931231,1766,2,2026-04-26,Pending
1953,Bengaluru,HSR Layout,27436454,3112,5,2026-07-08,Sold
1954,Pune,Baner,17569063,1340,1,2026-05-21,Pending
1955,Mumbai,Bandra,37961753,3786,1,2026-05-24,Pending
1956,Pune,Baner,3382284,567,4,2026-06-28,Sold
1957,Mumbai,Bandra,20701535,1617,1,2026-06-15,Sold
1958,Chennai,Anna Nagar,19957266,2836,4,2026-05-16,Available
1959,Chennai,Anna Nagar,38281712,3277,5,2026-04-18,Available
1960,Pune,Baner,48505671,4177,3,2026-05-06,Available
1961,Mumbai,Andheri,55136075,4418,3,2026-07-07,Pending
1962,Hyderabad,Gachibowli,31489076,3573,5,2026-05-06,Pending
1963,Mumbai,Andheri,53002172,3953,1,2026-05-04,Sold
1964,Bengaluru,HSR Layout,24169385,2766,4,2026-04-15,Available
1965,Bengaluru,Indiranagar,18894178,3209,5,2026-05-12,Pending
1966,Pune,Hinjewadi,6844316,1601,1,2026-04-11,Pending
1967,Bengaluru,Electronic City,16135589,1152,3,2026-07-05,Sold
1968,Pune,Baner,6779778,513,3,2026-07-01,Pending
1969,Mumbai,Andheri,17809640,2473,2,2026-06-12,Sold
1970,Chennai,OMR,19558301,2649,2,2026-07-04,Available
1971,Bengaluru,Indiranagar,5262530,1203,3,2026-05-29,Available
1972,Bengaluru,Electronic City,26843449,3734,3,2026-07-07,Pending
1973,Bengaluru,Whitefield,18647184,2187,3,2026-06-13,Available
1974,Chennai,Velachery,48122019,4439,2,2026-07-03,Available
1975,Pune,Kharadi,32557969,2312,3,2026-06-20,Sold
1976,Hyderabad,Gachibowli,7761435,554,4,2026-07-09,Available
1977,Bengaluru,HSR Layout,56715917,4917,3,2026-06-14,Available
1978,Mumbai,Thane,7513440,794,1,2026-06-12,Sold
1979,Bengaluru,HSR Layout,28388949,2282,5,2026-05-12,Available
1980,Bengaluru,Indiranagar,14240967,2910,2,2026-05-26,Pending
1981,Mumbai,Bandra,15739519,2015,1,2026-04-18,Pending
1982,Pune,Baner,38930456,4045,4,2026-06-19,Available
1983,Mumbai,Powai,53406574,4265,5,2026-06-03,Pending
1984,Chennai,Adyar,61058164,4227,3,2026-05-19,Available
1985,Hyderabad,Banjara Hills,6655030,877,2,2026-05-08,Available
1986,Pune,Hinjewadi,23162483,1859,4,2026-05-19,Sold
1987,Mumbai,Thane,7391452,1588,4,2026-06-18,Pending
1988,Bengaluru,Whitefield,15976644,3281,2,2026-06-30,Pending
1989,Mumbai,Bandra,13142829,1360,5,2026-06-11,Pending
1990,Mumbai,Powai,38785806,3665,1,2026-06-12,Sold
1991,Bengaluru,HSR Layout,9746394,972,3,2026-05-27,Available
1992,Mumbai,Bandra,6703208,1230,5,2026-06-22,Pending
1993,Pune,Hinjewadi,6345539,681,3,2026-05-18,Sold
1994,Bengaluru,Indiranagar,40078392,4905,1,2026-05-02,Pending
1995,Mumbai,Bandra,11281276,2229,1,2026-06-08,Pending
1996,Hyderabad,Kondapur,29081019,2816,5,2026-06-30,Pending
1997,Pune,Baner,7101390,592,1,2026-04-13,Available
1998,Pune,Kharadi,19597851,2236,4,2026-06-01,Available
1999,Mumbai,Powai,13931459,3095,1,2026-04-26,Sold
2000,Bengaluru,Electronic City,37764980,3397,2,2026-05-03,Pending
2001,Bengaluru,HSR Layout,24192101,1698,1,2026-05-08,Available
2002,Pune,Hinjewadi,17787002,1957,5,2026-06-16,Sold
2003,Chennai,Velachery,37476713,4055,2,2026-05-20,Available
2004,Pune,Kharadi,9113007,1571,3,2026-06-18,Sold
2005,Bengaluru,Electronic City,18146241,2227,5,2026-05-06,Sold
2006,Bengaluru,HSR Layout,8034545,755,4,2026-05-29,Sold
2007,Mumbai,Powai,17014206,3777,1,2026-05-09,Pending
2008,Hyderabad,Jubilee Hills,25728468,4485,5,2026-04-14,Sold
2009,Pune,Baner,11603946,2187,3,2026-05-21,Available
2010,Mumbai,Powai,11833820,878,2,2026-04-26,Sold
2011,Bengaluru,Electronic City,21410236,2037,4,2026-04-14,Available
2012,Chennai,Velachery,47645603,3843,4,2026-05-03,Sold
2013,Pune,Wakad,2770632,731,3,2026-06-04,Available
2014,Hyderabad,Gachibowli,10315190,1167,1,2026-07-02,Sold
2015,Chennai,OMR,13734841,2381,3,2026-05-29,Sold
2016,Chennai,Velachery,25985845,4724,3,2026-07-05,Sold
2017,Mumbai,Bandra,48473164,3798,3,2026-04-21,Sold
2018,Bengaluru,Whitefield,63163935,4957,3,2026-05-08,Sold
2019,Hyderabad,Madhapur,11799709,1888,4,2026-06-25,Available
2020,Mumbai,Bandra,25751013,2556,5,2026-05-09,Sold
2021,Chennai,Velachery,20225377,4187,5,2026-05-13,Pending
2022,Bengaluru,Electronic City,21141497,3317,5,2026-04-15,Available
2023,Hyderabad,Miyapur,24779290,2078,2,2026-06-24,Available
2024,Bengaluru,Indiranagar,17755624,2154,1,2026-05-12,Sold
2025,Bengaluru,Whitefield,10603528,770,5,2026-04-29,Sold
2026,Bengaluru,Whitefield,18711194,1343,1,2026-05-18,Pending
2027,Bengaluru,HSR Layout,59695305,4266,5,2026-04-10,Pending
2028,Bengaluru,Electronic City,4071080,636,4,2026-05-12,Pending
2029,Hyderabad,Gachibowli,17225573,1866,3,2026-05-10,Available
2030,Pune,Kharadi,40818854,3279,4,2026-05-24,Available
2031,Hyderabad,Banjara Hills,25044240,1707,3,2026-04-24,Pending
2032,Chennai,Anna Nagar,37800454,2533,4,2026-06-19,Pending
2033,Chennai,Adyar,12364131,874,3,2026-06-15,Available
2034,Bengaluru,Electronic City,54160897,4011,3,2026-04-27,Available
2035,Pune,Wakad,29575493,3586,1,2026-04-26,Available
2036,Chennai,OMR,17720259,2941,5,2026-05-01,Pending
2037,Mumbai,Andheri,23413943,1656,3,2026-05-03,Pending
2038,Mumbai,Andheri,50801442,4308,1,2026-05-17,Pending
2039,Hyderabad,Jubilee Hills,9481218,1265,5,2026-05-22,Pending
2040,Hyderabad,Jubilee Hills,7138389,1286,1,2026-06-12,Available
2041,Mumbai,Andheri,2022950,542,3,2026-06-18,Pending
2042,Hyderabad,Kondapur,42371216,2974,2,2026-06-28,Available
2043,Bengaluru,Whitefield,47684619,4879,2,2026-05-06,Available
2044,Pune,Kharadi,29918310,2128,2,2026-04-21,Pending
2045,Chennai,OMR,19892876,3872,3,2026-06-11,Pending
2046,Chennai,OMR,57967104,4963,1,2026-05-12,Available
2047,Pune,Baner,14830294,3175,2,2026-06-02,Pending
2048,Pune,Kharadi,37659588,3785,4,2026-07-02,Available
2049,Hyderabad,Kukatpally,20360451,2940,2,2026-05-07,Pending
2050,Chennai,OMR,13402094,1103,5,2026-06-24,Available
2051,Chennai,Adyar,15962669,1891,2,2026-06-25,Available
2052,Bengaluru,Indiranagar,12258085,1055,4,2026-04-30,Available
2053,Bengaluru,Whitefield,7569791,630,1,2026-04-14,Pending
2054,Pune,Baner,60086576,4413,3,2026-04-17,Available
2055,Bengaluru,Electronic City,9369288,704,3,2026-04-15,Pending
2056,Mumbai,Thane,13424058,2940,2,2026-04-25,Available
2057,Chennai,OMR,25649430,3802,3,2026-04-27,Pending
2058,Bengaluru,Electronic City,6318702,1608,3,2026-05-01,Sold
2059,Chennai,Anna Nagar,12351959,1135,3,2026-04-14,Pending
2060,Bengaluru,Whitefield,15629149,3141,5,2026-06-29,Pending
2061,Hyderabad,Banjara Hills,8187380,1653,2,2026-07-09,Pending
2062,Mumbai,Andheri,17959013,1609,2,2026-05-28,Available
2063,Hyderabad,Jubilee Hills,5849691,698,3,2026-07-07,Pending
2064,Chennai,Velachery,51824352,4160,4,2026-04-28,Available
2065,Hyderabad,Kondapur,13292197,1267,4,2026-05-05,Pending
2066,Pune,Wakad,23340578,3168,2,2026-04-24,Sold
2067,Mumbai,Bandra,29252852,4168,5,2026-05-02,Pending
2068,Hyderabad,Gachibowli,14168914,1551,1,2026-07-06,Available
2069,Chennai,OMR,47687616,3390,1,2026-06-27,Available
2070,Mumbai,Thane,20605752,1557,2,2026-06-12,Sold
2071,Pune,Wakad,33402993,3330,2,2026-07-02,Sold
2072,Pune,Baner,2709923,557,4,2026-07-09,Available
2073,Chennai,Velachery,20593294,4926,4,2026-06-19,Pending
2074,Hyderabad,Kukatpally,18897774,3976,3,2026-04-26,Available
2075,Chennai,Anna Nagar,44258890,3236,3,2026-05-16,Pending
2076,Pune,Baner,27816811,4798,1,2026-05-20,Sold
2077,Mumbai,Andheri,43441315,4264,2,2026-05-09,Pending
2078,Pune,Hinjewadi,15659605,1086,2,2026-05-11,Available
2079,Chennai,Anna Nagar,25052455,3532,3,2026-06-21,Pending
2080,Bengaluru,HSR Layout,11383525,1906,5,2026-04-11,Sold
2081,Bengaluru,HSR Layout,12492931,2012,1,2026-04-17,Sold
2082,Pune,Kharadi,18026129,1612,2,2026-07-08,Sold
2083,Chennai,Anna Nagar,16341247,1289,2,2026-04-11,Pending
2084,Pune,Wakad,44544701,3141,2,2026-06-30,Sold
2085,Mumbai,Powai,45427937,3969,3,2026-04-30,Available
2086,Bengaluru,Electronic City,6024991,622,5,2026-05-28,Available
2087,Bengaluru,Electronic City,8235831,1151,1,2026-04-24,Sold
2088,Mumbai,Thane,52254169,3672,5,2026-05-25,Pending
2089,Hyderabad,Madhapur,6330815,790,2,2026-05-28,Available
2090,Chennai,Velachery,14177032,2069,4,2026-06-21,Sold
2091,Hyderabad,Banjara Hills,5664594,637,2,2026-05-15,Available
2092,Chennai,Velachery,16278108,2075,3,2026-07-01,Available
2093,Chennai,OMR,9759548,1481,2,2026-06-11,Sold
2094,Pune,Hinjewadi,16815858,1200,2,2026-06-06,Sold
2095,Mumbai,Bandra,19236831,4227,1,2026-04-10,Available
2096,Bengaluru,Whitefield,33447463,3061,4,2026-05-30,Available
2097,Pune,Baner,10461202,709,5,2026-06-13,Available
2098,Hyderabad,Kukatpally,10759777,1321,4,2026-06-13,Available
2099,Pune,Kharadi,23819164,4265,5,2026-05-25,Pending
2100,Mumbai,Powai,22924931,4627,4,2026-04-18,Sold
2101,Bengaluru,Indiranagar,29557126,3097,4,2026-07-09,Sold
2102,Mumbai,Bandra,29287727,2615,3,2026-06-13,Pending
2103,Mumbai,Andheri,12090094,1630,4,2026-04-13,Pending
2104,Chennai,Anna Nagar,37167466,3118,2,2026-04-11,Sold
2105,Bengaluru,Electronic City,6897322,1379,4,2026-06-10,Sold
2106,Pune,Kharadi,23942667,2023,4,2026-06-14,Pending
2107,Mumbai,Bandra,71137561,4820,1,2026-05-14,Sold
2108,Hyderabad,Kondapur,31510720,2540,4,2026-04-28,Sold
2109,Pune,Hinjewadi,43325013,4124,4,2026-06-21,Sold
2110,Pune,Kharadi,26031214,4319,1,2026-05-24,Sold
2111,Chennai,OMR,18153078,1422,1,2026-06-03,Available
2112,Hyderabad,Banjara Hills,58145377,3933,3,2026-05-19,Pending
2113,Chennai,Velachery,11832531,880,4,2026-05-15,Pending
2114,Hyderabad,Kondapur,59018791,4631,4,2026-06-20,Pending
2115,Bengaluru,Electronic City,15493207,1244,4,2026-05-09,Sold
2116,Pune,Baner,28807051,2160,5,2026-06-17,Available
2117,Chennai,OMR,56928684,4809,4,2026-04-13,Sold
2118,Mumbai,Andheri,22209937,3398,5,2026-06-29,Available
2119,Chennai,Velachery,28348472,2837,2,2026-07-09,Sold
2120,Pune,Wakad,14972123,3102,1,2026-04-10,Pending
2121,Hyderabad,Banjara Hills,26248335,2606,3,2026-07-09,Sold
2122,Mumbai,Thane,36998335,3053,4,2026-06-20,Sold
2123,Mumbai,Andheri,18355081,2662,4,2026-06-15,Pending
2124,Hyderabad,Jubilee Hills,48641641,4110,4,2026-06-07,Sold
2125,Mumbai,Andheri,35743357,2419,1,2026-06-27,Sold
2126,Mumbai,Bandra,40607312,3670,1,2026-05-01,Pending
2127,Hyderabad,Gachibowli,32125911,3428,1,2026-05-22,Sold
2128,Mumbai,Andheri,10967674,921,4,2026-06-26,Sold
2129,Chennai,Velachery,29531559,4015,2,2026-06-23,Available
2130,Bengaluru,Electronic City,50029559,3984,2,2026-06-22,Available
2131,Hyderabad,Jubilee Hills,31244097,2882,3,2026-06-14,Sold
2132,Chennai,Adyar,5999137,1043,1,2026-05-16,Sold
2133,Mumbai,Bandra,9931964,946,2,2026-05-24,Sold
2134,Mumbai,Bandra,6677893,601,5,2026-05-07,Available
2135,Hyderabad,Banjara Hills,26905580,3349,5,2026-06-06,Pending
2136,Bengaluru,Electronic City,35421924,4812,1,2026-06-01,Sold
2137,Hyderabad,Madhapur,16188992,1484,2,2026-04-18,Available
2138,Hyderabad,Kondapur,7197613,554,2,2026-05-14,Sold
2139,Pune,Wakad,8213547,1723,3,2026-07-09,Sold
2140,Hyderabad,Gachibowli,15049320,1702,2,2026-04-27,Pending
2141,Pune,Wakad,38316060,2810,4,2026-06-23,Sold
2142,Chennai,OMR,36978233,3692,2,2026-04-26,Sold
2143,Chennai,Adyar,29050801,2719,1,2026-04-22,Available
2144,Chennai,Velachery,22358319,2647,5,2026-06-26,Available
2145,Bengaluru,Whitefield,39340731,2955,4,2026-05-07,Sold
2146,Pune,Hinjewadi,31765648,4035,5,2026-05-15,Sold
2147,Chennai,Adyar,26189260,4759,1,2026-06-09,Available
2148,Bengaluru,Indiranagar,31337964,3423,1,2026-04-10,Sold
2149,Chennai,Velachery,31743291,2251,5,2026-07-02,Sold
2150,Mumbai,Thane,40506171,2744,3,2026-04-15,Pending
2151,Hyderabad,Kondapur,49347104,3427,2,2026-05-09,Pending
2152,Hyderabad,Banjara Hills,25302252,3676,4,2026-05-31,Pending
2153,Pune,Hinjewadi,36636918,3161,1,2026-04-17,Pending
2154,Mumbai,Bandra,32294479,4395,4,2026-04-22,Available
2155,Bengaluru,Indiranagar,8220781,1142,4,2026-06-28,Sold
2156,Chennai,OMR,38257215,3752,2,2026-07-08,Sold
2157,Bengaluru,Whitefield,42123133,4518,3,2026-04-30,Sold
2158,Hyderabad,Kondapur,9788872,1674,2,2026-06-19,Pending
2159,Bengaluru,Whitefield,6839940,621,5,2026-06-15,Sold
2160,Bengaluru,Indiranagar,24898754,2530,2,2026-06-22,Sold
2161,Pune,Baner,39639390,3330,2,2026-05-31,Sold
2162,Bengaluru,HSR Layout,25381906,4908,2,2026-05-19,Available
2163,Hyderabad,Kondapur,16767912,1337,4,2026-06-04,Sold
2164,Chennai,Velachery,11558332,1025,5,2026-05-30,Sold
2165,Hyderabad,Kukatpally,18677906,3365,4,2026-06-02,Available
2166,Bengaluru,HSR Layout,16016476,1655,5,2026-04-23,Available
2167,Mumbai,Bandra,60743133,4311,2,2026-04-25,Available
2168,Bengaluru,HSR Layout,39825463,3912,4,2026-06-07,Sold
2169,Mumbai,Powai,37415233,3580,5,2026-04-28,Available
2170,Bengaluru,Electronic City,51002752,3429,1,2026-04-18,Sold
2171,Bengaluru,HSR Layout,39200216,4760,3,2026-05-30,Pending
2172,Mumbai,Andheri,17492162,1183,2,2026-05-20,Sold
2173,Mumbai,Bandra,57406650,4020,5,2026-06-30,Sold
2174,Chennai,Velachery,18494180,1643,2,2026-04-29,Available
2175,Pune,Hinjewadi,27262643,2686,3,2026-06-07,Available
2176,Pune,Baner,19161241,1960,5,2026-04-18,Pending
2177,Hyderabad,Gachibowli,5518560,844,3,2026-04-19,Pending
2178,Mumbai,Andheri,37683357,3562,3,2026-06-07,Available
2179,Chennai,Anna Nagar,21483986,2966,1,2026-05-03,Sold
2180,Pune,Baner,38517363,2665,1,2026-06-12,Available
2181,Chennai,OMR,53146807,3943,1,2026-06-20,Pending
2182,Bengaluru,Electronic City,9850985,1126,3,2026-06-05,Available
2183,Mumbai,Powai,27985545,3378,3,2026-05-18,Pending
2184,Pune,Wakad,2797987,764,5,2026-04-13,Pending
2185,Bengaluru,HSR Layout,57022922,3909,4,2026-06-11,Pending
2186,Pune,Hinjewadi,49369340,3710,5,2026-04-11,Pending
2187,Chennai,Adyar,40633384,2910,5,2026-04-19,Sold
2188,Pune,Baner,44213071,3893,1,2026-05-21,Sold
2189,Mumbai,Powai,6159962,1156,3,2026-05-09,Sold
2190,Mumbai,Bandra,23565111,2142,1,2026-05-16,Sold
2191,Chennai,Adyar,63007128,4311,3,2026-07-09,Pending
2192,Pune,Wakad,7860273,893,3,2026-06-17,Pending
2193,Hyderabad,Banjara Hills,57769110,4233,5,2026-06-16,Available
2194,Bengaluru,Indiranagar,35452582,3574,3,2026-06-07,Available
2195,Hyderabad,Miyapur,64269725,4814,3,2026-05-23,Pending
2196,Chennai,Velachery,40272406,3761,3,2026-06-09,Available
2197,Pune,Hinjewadi,13121003,1023,1,2026-07-01,Available
2198,Mumbai,Powai,9292616,1546,3,2026-05-25,Pending
2199,Hyderabad,Jubilee Hills,15884670,2794,1,2026-05-15,Available
2200,Pune,Kharadi,46139216,3643,4,2026-05-14,Available
2201,Mumbai,Thane,21179652,2237,3,2026-04-19,Available
2202,Hyderabad,Gachibowli,67246510,4885,3,2026-04-16,Pending
2203,Hyderabad,Jubilee Hills,56477219,4136,4,2026-06-03,Sold
2204,Bengaluru,Indiranagar,18601623,3145,3,2026-04-26,Sold
2205,Bengaluru,Electronic City,38279148,2905,3,2026-06-25,Available
2206,Bengaluru,Whitefield,8805121,725,5,2026-04-25,Available
2207,Mumbai,Andheri,42006594,3468,1,2026-04-15,Pending
2208,Chennai,Velachery,63467005,4464,4,2026-05-19,Sold
2209,Hyderabad,Jubilee Hills,36056496,2855,1,2026-05-23,Sold
2210,Mumbai,Bandra,19039073,1464,4,2026-06-13,Pending
2211,Chennai,Velachery,27046115,2929,5,2026-05-20,Sold
2212,Bengaluru,Indiranagar,13892837,3156,4,2026-05-23,Pending
2213,Mumbai,Andheri,35786334,2687,3,2026-05-05,Sold
2214,Chennai,Adyar,22203257,4131,5,2026-05-29,Available
2215,Mumbai,Powai,23139933,1610,1,2026-05-15,Available
2216,Bengaluru,Electronic City,25268682,3222,1,2026-06-02,Available
2217,Pune,Kharadi,42340086,3880,4,2026-06-30,Available
2218,Chennai,OMR,14094860,2034,1,2026-06-01,Available
2219,Bengaluru,Indiranagar,66965534,4746,3,2026-07-01,Available
2220,Chennai,Anna Nagar,18051083,4064,5,2026-04-27,Available
2221,Bengaluru,Electronic City,24711621,2837,5,2026-05-18,Sold
2222,Pune,Kharadi,10185150,1749,5,2026-06-08,Pending
2223,Chennai,Anna Nagar,14721529,1860,3,2026-05-27,Pending
2224,Mumbai,Thane,10693588,1957,5,2026-06-25,Available
2225,Bengaluru,HSR Layout,47679671,4747,3,2026-04-10,Pending
2226,Bengaluru,Electronic City,5810255,678,1,2026-06-10,Available
2227,Pune,Wakad,10503031,1216,1,2026-07-02,Available
2228,Pune,Hinjewadi,18738566,1292,2,2026-05-16,Available
2229,Pune,Kharadi,19251748,1680,1,2026-04-24,Sold
2230,Pune,Wakad,43206528,4299,3,2026-06-12,Available
2231,Bengaluru,Electronic City,25409081,2226,2,2026-06-28,Pending
2232,Mumbai,Bandra,27059919,3986,2,2026-05-25,Sold
2233,Bengaluru,Indiranagar,15342441,3572,1,2026-06-13,Sold
2234,Hyderabad,Kukatpally,15905546,1261,3,2026-04-13,Available
2235,Mumbai,Thane,8289591,679,3,2026-06-27,Sold
2236,Hyderabad,Madhapur,34181369,2627,1,2026-06-24,Pending
2237,Hyderabad,Kukatpally,26292871,2700,3,2026-07-06,Available
2238,Bengaluru,HSR Layout,8956123,1041,1,2026-05-09,Pending
2239,Mumbai,Andheri,10890990,1556,2,2026-05-16,Pending
2240,Chennai,Anna Nagar,9194905,1059,2,2026-05-12,Available
2241,Hyderabad,Kukatpally,46002503,4929,2,2026-06-10,Pending
2242,Bengaluru,HSR Layout,16282437,2734,1,2026-05-28,Pending
2243,Chennai,OMR,25549752,1913,2,2026-06-24,Available
2244,Hyderabad,Kukatpally,26113917,3801,3,2026-07-01,Sold
2245,Bengaluru,Electronic City,46571817,4069,5,2026-05-12,Sold
2246,Mumbai,Andheri,29850428,3813,2,2026-05-13,Pending
2247,Pune,Wakad,30329084,2382,5,2026-06-07,Available
2248,Hyderabad,Jubilee Hills,17684077,1736,1,2026-06-18,Pending
2249,Hyderabad,Jubilee Hills,17420682,3223,1,2026-04-23,Sold
2250,Bengaluru,Electronic City,36573439,4570,1,2026-06-20,Available
2251,Pune,Hinjewadi,31590292,4342,2,2026-07-07,Pending
2252,Hyderabad,Kukatpally,26289491,3861,5,2026-05-16,Sold
2253,Bengaluru,HSR Layout,14798507,2035,4,2026-06-23,Sold
2254,Bengaluru,Electronic City,53037220,3634,5,2026-06-15,Available
2255,Chennai,OMR,31945176,2365,5,2026-06-09,Sold
2256,Pune,Baner,21930699,3204,1,2026-05-05,Sold
2257,Bengaluru,Whitefield,28396325,2068,5,2026-04-22,Available
2258,Chennai,Velachery,46790125,4804,1,2026-05-02,Available
2259,Pune,Hinjewadi,20740542,2207,3,2026-06-27,Sold
2260,Bengaluru,Whitefield,60864362,4877,5,2026-05-24,Sold
2261,Mumbai,Bandra,18661843,2760,4,2026-04-20,Available
2262,Pune,Kharadi,59696796,4205,4,2026-05-29,Available
2263,Mumbai,Bandra,23555384,2873,1,2026-06-24,Sold
2264,Bengaluru,Electronic City,35804273,4299,3,2026-07-03,Available
2265,Mumbai,Andheri,10363132,1104,5,2026-05-15,Available
2266,Pune,Hinjewadi,8702286,1455,4,2026-04-11,Pending
2267,Bengaluru,Whitefield,11883755,2425,2,2026-06-26,Sold
2268,Bengaluru,Electronic City,10134098,767,4,2026-04-18,Sold
2269,Pune,Kharadi,38980075,2885,3,2026-05-17,Sold
2270,Pune,Baner,15979207,1659,4,2026-05-30,Sold
2271,Bengaluru,HSR Layout,11139018,900,1,2026-06-07,Available
2272,Mumbai,Powai,48682310,3904,2,2026-06-27,Sold
2273,Bengaluru,HSR Layout,27800600,3691,2,2026-06-28,Sold
2274,Bengaluru,Electronic City,27311201,4203,4,2026-06-20,Pending
2275,Hyderabad,Miyapur,40509951,3586,1,2026-07-06,Sold
2276,Bengaluru,Indiranagar,12281388,2173,5,2026-07-07,Sold
2277,Mumbai,Powai,43902566,3402,5,2026-05-29,Sold
2278,Bengaluru,HSR Layout,38102356,4296,3,2026-06-12,Pending
2279,Chennai,OMR,27449712,2987,2,2026-05-08,Sold
2280,Chennai,Adyar,12897405,2440,2,2026-05-25,Pending
2281,Mumbai,Powai,31961515,4878,4,2026-06-07,Sold
2282,Pune,Baner,11486699,962,4,2026-07-09,Pending
2283,Mumbai,Thane,53835185,4030,5,2026-06-09,Sold
2284,Bengaluru,Electronic City,21309006,2726,5,2026-04-17,Available
2285,Mumbai,Thane,6989009,510,2,2026-07-05,Available
2286,Pune,Hinjewadi,21125287,3090,4,2026-06-24,Pending
2287,Chennai,Anna Nagar,48561081,3232,1,2026-04-28,Available
2288,Mumbai,Thane,12888562,1762,4,2026-06-21,Sold
2289,Bengaluru,Indiranagar,12839111,869,3,2026-06-16,Available
2290,Chennai,Anna Nagar,8157856,876,4,2026-04-10,Sold
2291,Hyderabad,Jubilee Hills,16723776,1647,1,2026-06-26,Available
2292,Chennai,Adyar,56483650,3965,5,2026-04-28,Pending
2293,Chennai,Anna Nagar,10222722,719,2,2026-04-13,Available
2294,Hyderabad,Kukatpally,28411670,2732,1,2026-05-23,Available
2295,Chennai,Adyar,20340213,2953,3,2026-05-31,Sold
2296,Hyderabad,Kukatpally,7006137,515,5,2026-07-08,Available
2297,Chennai,Adyar,51094973,4719,5,2026-05-13,Available
2298,Chennai,OMR,26305796,1722,3,2026-04-10,Pending
2299,Pune,Kharadi,59264125,4537,1,2026-06-19,Pending
2300,Chennai,OMR,17900183,4345,4,2026-07-06,Available
2301,Hyderabad,Jubilee Hills,18586336,1979,4,2026-04-16,Available
2302,Mumbai,Powai,9367147,991,5,2026-07-05,Available
2303,Bengaluru,Indiranagar,12511675,1330,1,2026-06-15,Sold
2304,Pune,Baner,20932500,1762,2,2026-04-26,Available
2305,Pune,Hinjewadi,20725150,4295,3,2026-07-05,Available
2306,Hyderabad,Miyapur,40207851,3251,4,2026-06-06,Sold
2307,Mumbai,Thane,25390187,2957,3,2026-06-12,Sold
2308,Chennai,Anna Nagar,14040561,2158,4,2026-06-06,Available
2309,Hyderabad,Miyapur,10833517,1209,1,2026-07-07,Pending
2310,Mumbai,Bandra,14073679,2507,4,2026-06-04,Available
2311,Mumbai,Powai,12846531,1117,4,2026-07-09,Pending
2312,Mumbai,Bandra,21087183,1458,2,2026-06-15,Sold
2313,Mumbai,Andheri,10175757,975,2,2026-06-14,Available
2314,Bengaluru,Electronic City,30950790,2290,5,2026-06-27,Sold
2315,Chennai,Anna Nagar,15469620,2179,2,2026-07-06,Available
2316,Pune,Kharadi,17260609,1327,1,2026-05-29,Available
2317,Chennai,Velachery,32394893,2793,3,2026-05-18,Sold
2318,Pune,Hinjewadi,18105962,4177,1,2026-05-21,Available
2319,Pune,Hinjewadi,18722699,4424,5,2026-04-11,Sold
2320,Pune,Wakad,9909347,1133,2,2026-06-20,Pending
2321,Chennai,Anna Nagar,67706729,4902,2,2026-06-02,Pending
2322,Bengaluru,Indiranagar,20021323,1356,2,2026-05-03,Pending
2323,Hyderabad,Kondapur,42406449,4527,4,2026-05-18,Sold
2324,Chennai,OMR,53678306,3565,4,2026-04-24,Sold
2325,Hyderabad,Kukatpally,9566111,1919,3,2026-06-29,Sold
2326,Mumbai,Bandra,24297678,3175,4,2026-06-28,Pending
2327,Chennai,Anna Nagar,16364653,1788,4,2026-07-02,Pending
2328,Bengaluru,Indiranagar,38328851,4249,5,2026-04-21,Sold
2329,Pune,Hinjewadi,17995520,3564,1,2026-06-11,Pending
2330,Mumbai,Andheri,14435094,2277,2,2026-04-23,Available
2331,Bengaluru,Indiranagar,22883451,2127,2,2026-06-21,Available
2332,Bengaluru,Indiranagar,9649353,836,4,2026-04-28,Sold
2333,Chennai,Adyar,33973383,2242,2,2026-06-02,Pending
2334,Bengaluru,Electronic City,27145801,2960,3,2026-04-11,Pending
2335,Mumbai,Andheri,56758274,4122,5,2026-05-18,Available
2336,Pune,Baner,19554051,1857,4,2026-04-29,Pending
2337,Pune,Kharadi,34157926,2716,3,2026-05-25,Sold
2338,Chennai,OMR,29142470,3924,3,2026-06-14,Pending
2339,Bengaluru,Indiranagar,41718677,2758,4,2026-05-02,Sold
2340,Pune,Kharadi,12509698,1355,3,2026-06-02,Pending
2341,Mumbai,Powai,32846943,2191,4,2026-07-03,Sold
2342,Pune,Baner,40799563,4699,4,2026-06-26,Available
2343,Pune,Kharadi,11388434,1167,2,2026-06-25,Pending
2344,Pune,Kharadi,28614746,3722,1,2026-07-08,Sold
2345,Pune,Baner,6557042,572,2,2026-06-20,Pending
2346,Chennai,OMR,11746124,822,4,2026-04-19,Sold
2347,Bengaluru,Indiranagar,9766947,2198,4,2026-06-14,Available
2348,Pune,Hinjewadi,4982987,730,2,2026-04-12,Available
2349,Pune,Wakad,30727306,3556,1,2026-05-25,Sold
2350,Hyderabad,Miyapur,25099365,4949,2,2026-04-22,Available
2351,Mumbai,Powai,8187742,550,2,2026-04-12,Sold
2352,Bengaluru,HSR Layout,13620905,3225,3,2026-04-14,Pending
2353,Hyderabad,Banjara Hills,38106389,4455,1,2026-04-27,Available
2354,Pune,Baner,13155089,2001,1,2026-05-25,Pending
2355,Pune,Hinjewadi,20655950,4945,5,2026-07-04,Available
2356,Pune,Hinjewadi,33608836,4767,5,2026-05-01,Sold
2357,Pune,Baner,18043776,2863,2,2026-04-30,Available
2358,Pune,Kharadi,48356128,3609,5,2026-05-02,Available
2359,Chennai,Adyar,8407888,576,5,2026-05-03,Pending
2360,Chennai,Velachery,3673687,766,4,2026-06-01,Pending
2361,Hyderabad,Kondapur,37831458,4195,2,2026-06-04,Pending
2362,Mumbai,Thane,52428342,3787,4,2026-06-29,Sold
2363,Hyderabad,Miyapur,13467382,3070,5,2026-04-19,Pending
2364,Mumbai,Powai,8494076,2105,4,2026-04-14,Pending
2365,Chennai,OMR,11758694,848,4,2026-05-04,Pending
2366,Pune,Baner,28846470,3223,2,2026-04-10,Pending
2367,Pune,Hinjewadi,10931429,1175,3,2026-06-08,Pending
2368,Hyderabad,Kukatpally,39206912,3748,5,2026-06-24,Sold
2369,Bengaluru,Indiranagar,26033189,4064,1,2026-04-26,Pending
2370,Chennai,OMR,7369999,1190,1,2026-06-18,Sold
2371,Bengaluru,HSR Layout,25730126,2008,5,2026-06-22,Sold
2372,Mumbai,Thane,73326622,4930,5,2026-05-27,Pending
2373,Pune,Baner,58093272,4479,5,2026-05-14,Available
2374,Hyderabad,Kukatpally,26271357,3260,3,2026-05-04,Available
2375,Bengaluru,HSR Layout,38314723,4960,4,2026-05-23,Available
2376,Chennai,Adyar,26630098,2169,2,2026-05-12,Available
2377,Mumbai,Powai,32238659,4939,2,2026-04-22,Pending
2378,Mumbai,Andheri,28971389,3360,1,2026-05-29,Pending
2379,Mumbai,Thane,8503898,625,4,2026-05-13,Pending
2380,Hyderabad,Banjara Hills,6143224,517,5,2026-04-26,Available
2381,Mumbai,Andheri,32321295,2577,5,2026-05-29,Available
2382,Chennai,Anna Nagar,12620232,990,4,2026-04-20,Sold
2383,Hyderabad,Jubilee Hills,6554231,883,5,2026-05-31,Sold
2384,Bengaluru,Whitefield,31004989,3006,5,2026-06-18,Sold
2385,Chennai,Anna Nagar,24128978,3229,2,2026-05-03,Sold
2386,Hyderabad,Jubilee Hills,35505844,3669,3,2026-05-12,Sold
2387,Mumbai,Andheri,16020332,3756,2,2026-05-05,Available
2388,Hyderabad,Kukatpally,18214621,1949,5,2026-07-09,Sold
2389,Mumbai,Andheri,25163995,1733,2,2026-04-12,Sold
2390,Mumbai,Powai,10615436,1183,2,2026-07-05,Available
2391,Bengaluru,HSR Layout,37337312,3870,5,2026-04-17,Pending
2392,Chennai,Velachery,51305169,4659,1,2026-05-15,Pending
2393,Mumbai,Bandra,62132171,4422,4,2026-05-24,Pending
2394,Chennai,OMR,33442332,2659,4,2026-06-25,Sold
2395,Hyderabad,Gachibowli,15799333,3744,4,2026-05-31,Available
2396,Chennai,Velachery,8744026,681,1,2026-06-02,Pending
2397,Hyderabad,Banjara Hills,28055115,2591,4,2026-05-05,Pending
2398,Chennai,OMR,20230710,2583,3,2026-06-17,Sold
2399,Bengaluru,Whitefield,22982222,2911,5,2026-04-21,Available
2400,Hyderabad,Kukatpally,17045290,1128,3,2026-04-25,Sold
2401,Mumbai,Bandra,6826569,1016,1,2026-05-20,Sold
2402,Hyderabad,Jubilee Hills,16895118,1768,3,2026-05-31,Sold
2403,Hyderabad,Madhapur,24582776,1739,5,2026-06-05,Sold
2404,Mumbai,Andheri,16686145,1458,3,2026-04-29,Pending
2405,Chennai,Velachery,8230563,1463,4,2026-04-15,Sold
2406,Bengaluru,Whitefield,22321691,2212,3,2026-05-11,Sold
2407,Chennai,Adyar,41161422,4666,1,2026-07-06,Sold
2408,Chennai,Velachery,6689029,880,1,2026-05-12,Pending
2409,Mumbai,Andheri,5662008,630,4,2026-05-31,Sold
2410,Mumbai,Andheri,30112681,2569,2,2026-07-04,Sold
2411,Mumbai,Thane,19025627,2846,5,2026-06-10,Sold
2412,Pune,Hinjewadi,5771351,1010,5,2026-06-25,Available
2413,Pune,Kharadi,16048926,1992,3,2026-04-12,Sold
2414,Chennai,Velachery,22575287,4834,2,2026-04-28,Available
2415,Chennai,Adyar,30675668,2677,5,2026-07-07,Sold
2416,Chennai,Velachery,25882132,2222,3,2026-04-12,Available
2417,Mumbai,Andheri,35710052,3423,4,2026-05-16,Pending
2418,Bengaluru,HSR Layout,23340528,1701,5,2026-05-28,Pending
2419,Mumbai,Powai,32624708,2610,3,2026-07-02,Available
2420,Hyderabad,Miyapur,18512557,3166,2,2026-07-07,Available
2421,Hyderabad,Madhapur,53318106,4403,1,2026-06-09,Sold
2422,Pune,Hinjewadi,36169271,2956,5,2026-06-24,Pending
2423,Pune,Kharadi,56978765,4177,1,2026-06-15,Sold
2424,Hyderabad,Gachibowli,30554559,3667,3,2026-06-19,Available
2425,Bengaluru,Indiranagar,4371658,644,1,2026-05-28,Pending
2426,Hyderabad,Kondapur,32651470,4614,1,2026-06-05,Sold
2427,Chennai,Velachery,14472706,1694,2,2026-04-13,Pending
2428,Mumbai,Thane,13101424,2198,4,2026-05-26,Sold
2429,Hyderabad,Gachibowli,33218223,4775,5,2026-04-29,Available
2430,Bengaluru,Indiranagar,8988167,700,3,2026-05-09,Pending
2431,Chennai,OMR,43474238,3208,2,2026-04-25,Sold
2432,Mumbai,Bandra,9808044,767,2,2026-04-13,Sold
2433,Mumbai,Andheri,16470315,3526,5,2026-05-14,Available
2434,Chennai,Anna Nagar,57405345,3949,5,2026-06-14,Available
2435,Chennai,Adyar,15881072,2250,1,2026-04-11,Sold
2436,Mumbai,Thane,18743995,2713,1,2026-04-11,Pending
2437,Hyderabad,Miyapur,14525325,1416,2,2026-06-26,Sold
2438,Mumbai,Thane,35167078,2663,3,2026-04-24,Available
2439,Bengaluru,HSR Layout,10395566,1199,1,2026-05-10,Pending
2440,Chennai,Anna Nagar,21146539,1625,1,2026-06-11,Sold
2441,Chennai,Velachery,11275935,894,5,2026-05-29,Sold
2442,Chennai,Anna Nagar,17163734,1541,4,2026-06-06,Pending
2443,Mumbai,Thane,58340477,4363,3,2026-06-15,Pending
2444,Chennai,Anna Nagar,24702481,2002,5,2026-06-14,Available
2445,Pune,Wakad,22586724,3035,2,2026-07-06,Sold
2446,Mumbai,Powai,18142126,1971,3,2026-06-11,Pending
2447,Bengaluru,Indiranagar,23175018,3443,3,2026-06-30,Available
2448,Bengaluru,Whitefield,5346026,511,4,2026-05-03,Available
2449,Mumbai,Andheri,7767588,838,4,2026-06-13,Sold
2450,Bengaluru,HSR Layout,34023342,2873,2,2026-05-04,Sold
2451,Mumbai,Powai,20629989,1732,5,2026-06-17,Pending
2452,Mumbai,Bandra,25101988,4303,2,2026-04-22,Sold
2453,Hyderabad,Jubilee Hills,8613723,931,3,2026-05-22,Available
2454,Chennai,Adyar,29433407,3969,5,2026-05-15,Available
2455,Chennai,Velachery,12409142,938,5,2026-06-07,Available
2456,Chennai,OMR,24126830,1978,5,2026-05-28,Pending
2457,Mumbai,Andheri,10225894,992,5,2026-06-06,Available
2458,Pune,Kharadi,34080000,4171,2,2026-07-04,Sold
2459,Bengaluru,Indiranagar,33148332,4931,3,2026-06-13,Sold
2460,Bengaluru,Indiranagar,28567020,3664,1,2026-04-23,Sold
2461,Bengaluru,Indiranagar,4160251,583,3,2026-06-12,Sold
2462,Pune,Kharadi,7474068,508,5,2026-05-08,Sold
2463,Mumbai,Bandra,23152949,1690,2,2026-05-19,Available
2464,Pune,Wakad,21528078,2566,1,2026-04-11,Pending
2465,Bengaluru,HSR Layout,18020123,3595,5,2026-06-24,Pending
2466,Pune,Hinjewadi,9825955,1558,5,2026-06-26,Available
2467,Hyderabad,Miyapur,15919287,1066,2,2026-04-24,Available
2468,Mumbai,Andheri,26477239,4084,4,2026-05-28,Available
2469,Hyderabad,Jubilee Hills,48041883,4532,4,2026-06-27,Available
2470,Chennai,Adyar,17313845,2254,2,2026-05-26,Pending
2471,Chennai,Velachery,14146096,1359,4,2026-05-15,Sold
2472,Bengaluru,HSR Layout,33136878,2818,5,2026-05-01,Available
2473,Pune,Wakad,46580867,4227,2,2026-06-12,Sold
2474,Hyderabad,Gachibowli,68935434,4913,2,2026-06-03,Pending
2475,Mumbai,Andheri,11296260,2553,3,2026-07-08,Sold
2476,Chennai,Anna Nagar,28183726,3119,5,2026-05-22,Available
2477,Bengaluru,Indiranagar,25526132,4627,5,2026-05-11,Available
2478,Pune,Wakad,29867625,3159,5,2026-07-01,Sold
2479,Pune,Wakad,13978605,2410,3,2026-05-30,Available
2480,Pune,Kharadi,48511361,4286,4,2026-07-07,Pending
2481,Pune,Hinjewadi,41976297,4122,1,2026-04-16,Available
2482,Chennai,Velachery,20048961,1713,1,2026-06-01,Sold
2483,Pune,Wakad,41029647,3415,2,2026-05-17,Available
2484,Pune,Baner,28966937,3548,3,2026-05-01,Sold
2485,Pune,Baner,73464398,4891,3,2026-05-13,Sold
2486,Hyderabad,Madhapur,36830322,4956,1,2026-05-13,Available
2487,Mumbai,Bandra,11527176,981,1,2026-05-06,Available
2488,Hyderabad,Miyapur,25263995,3403,4,2026-07-07,Pending
2489,Bengaluru,Indiranagar,3951334,642,3,2026-06-25,Sold
2490,Chennai,Velachery,40699111,2938,3,2026-04-19,Sold
2491,Chennai,Anna Nagar,12023368,2884,2,2026-05-04,Available
2492,Bengaluru,HSR Layout,40644857,3006,3,2026-07-04,Available
2493,Hyderabad,Banjara Hills,13379914,1111,1,2026-05-22,Sold
2494,Mumbai,Andheri,7608122,1737,5,2026-04-12,Pending
2495,Mumbai,Thane,73355217,4915,5,2026-04-29,Sold
2496,Bengaluru,HSR Layout,32566737,2194,2,2026-07-07,Sold
2497,Hyderabad,Kondapur,12605581,953,2,2026-05-03,Available
2498,Hyderabad,Banjara Hills,18183658,1564,3,2026-04-24,Sold
2499,Bengaluru,Whitefield,15430666,3038,2,2026-05-19,Pending
2500,Chennai,Velachery,18948470,2137,1,2026-04-18,Available
2501,Pune,Baner,20742633,3908,3,2026-05-29,Available
2502,Pune,Kharadi,7110757,1682,1,2026-05-21,Available
2503,Bengaluru,Electronic City,40445638,4484,1,2026-04-14,Sold
2504,Bengaluru,Electronic City,17310353,1234,3,2026-06-02,Pending
2505,Pune,Baner,8455392,1525,1,2026-04-24,Pending
2506,Bengaluru,HSR Layout,34883378,4880,2,2026-07-06,Pending
2507,Pune,Kharadi,28622548,1947,1,2026-05-03,Pending
2508,Bengaluru,Indiranagar,3956626,570,1,2026-06-01,Pending
2509,Mumbai,Powai,42354159,3939,4,2026-06-27,Pending
2510,Chennai,Anna Nagar,10424453,2024,2,2026-04-27,Sold
2511,Pune,Kharadi,21478582,2472,1,2026-06-23,Available
2512,Pune,Baner,13711356,950,5,2026-05-07,Available
2513,Chennai,Anna Nagar,14706774,1118,4,2026-07-09,Sold
2514,Bengaluru,Electronic City,20760662,3387,5,2026-06-11,Sold
2515,Pune,Kharadi,6726439,783,2,2026-06-19,Pending
2516,Pune,Wakad,53591537,3642,4,2026-04-24,Sold
2517,Pune,Kharadi,5943065,1326,5,2026-06-07,Pending
2518,Mumbai,Andheri,8317808,1697,2,2026-04-27,Available
2519,Hyderabad,Banjara Hills,42662441,3068,4,2026-05-14,Available
2520,Pune,Wakad,45222626,4946,3,2026-05-19,Available
2521,Hyderabad,Banjara Hills,47174318,3593,1,2026-06-05,Available
2522,Chennai,OMR,28632555,4650,5,2026-04-19,Pending
2523,Pune,Hinjewadi,10567910,2327,2,2026-04-14,Available
2524,Chennai,Anna Nagar,40327958,3100,5,2026-06-26,Sold
2525,Mumbai,Andheri,35206180,4830,1,2026-06-07,Sold
2526,Mumbai,Bandra,29926694,3964,4,2026-05-26,Pending
2527,Chennai,Velachery,24908184,4346,3,2026-04-11,Pending
2528,Pune,Hinjewadi,29227547,2048,1,2026-06-09,Sold
2529,Mumbai,Thane,5638974,570,3,2026-04-11,Sold
2530,Hyderabad,Jubilee Hills,49615359,4530,2,2026-04-18,Available
2531,Mumbai,Powai,25461798,2494,1,2026-04-10,Available
2532,Hyderabad,Gachibowli,32927764,4630,1,2026-04-13,Pending
2533,Hyderabad,Miyapur,40790409,4799,5,2026-06-05,Available
2534,Hyderabad,Madhapur,38295090,3153,1,2026-04-22,Sold
2535,Chennai,Velachery,34640992,2527,2,2026-04-25,Pending
2536,Mumbai,Bandra,13297704,1007,3,2026-06-25,Sold
2537,Mumbai,Powai,46368247,4184,5,2026-06-08,Available
2538,Pune,Wakad,18576621,2980,5,2026-05-28,Available
2539,Mumbai,Andheri,33171996,2219,1,2026-05-25,Pending
2540,Hyderabad,Miyapur,33187717,4175,3,2026-06-15,Sold
2541,Chennai,Adyar,7927621,1510,4,2026-05-04,Sold
2542,Chennai,Anna Nagar,44199754,4574,2,2026-04-26,Sold
2543,Hyderabad,Banjara Hills,45907889,3516,3,2026-06-07,Pending
2544,Bengaluru,Electronic City,9769126,1040,5,2026-06-11,Sold
2545,Hyderabad,Banjara Hills,45137649,4665,5,2026-04-16,Pending
2546,Hyderabad,Kondapur,22632885,4609,4,2026-06-08,Available
2547,Pune,Wakad,23021008,1713,5,2026-05-17,Pending
2548,Chennai,Anna Nagar,69731507,4962,4,2026-07-03,Sold
2549,Mumbai,Bandra,28437560,4496,2,2026-06-09,Available
2550,Hyderabad,Kukatpally,12896674,2800,1,2026-06-13,Pending
2551,Pune,Kharadi,20844102,3437,2,2026-04-29,Available
2552,Chennai,Adyar,7638339,1347,1,2026-06-22,Pending
2553,Mumbai,Powai,24673038,3631,4,2026-07-03,Sold
2554,Hyderabad,Banjara Hills,8918532,1272,2,2026-06-06,Pending
2555,Chennai,Anna Nagar,13839262,3175,5,2026-06-15,Pending
2556,Hyderabad,Gachibowli,21488298,1860,5,2026-04-23,Available
2557,Pune,Kharadi,33255851,2641,3,2026-05-23,Sold
2558,Hyderabad,Gachibowli,28064008,4825,1,2026-04-18,Available
2559,Mumbai,Andheri,8930550,1241,5,2026-06-05,Available
2560,Bengaluru,Whitefield,13756910,930,4,2026-06-27,Sold
2561,Mumbai,Thane,34748702,4775,3,2026-06-22,Available
2562,Pune,Kharadi,40312903,4215,3,2026-04-18,Pending
2563,Chennai,Velachery,27246513,2427,1,2026-05-02,Sold
2564,Chennai,OMR,9933185,1319,3,2026-05-07,Available
2565,Hyderabad,Miyapur,28788157,2328,4,2026-06-26,Available
2566,Mumbai,Powai,24910835,2179,3,2026-05-22,Available
2567,Hyderabad,Banjara Hills,47334185,4582,2,2026-05-30,Available
2568,Pune,Kharadi,11111998,1399,2,2026-05-29,Available
2569,Hyderabad,Kukatpally,23102611,2749,1,2026-06-09,Sold
2570,Chennai,Adyar,5157344,892,4,2026-06-13,Sold
2571,Hyderabad,Kukatpally,18500757,1792,5,2026-04-17,Available
2572,Bengaluru,Indiranagar,33190756,3246,3,2026-05-07,Sold
2573,Bengaluru,HSR Layout,15656992,2356,1,2026-06-22,Pending
2574,Hyderabad,Banjara Hills,3392713,829,1,2026-05-27,Pending
2575,Chennai,Anna Nagar,14194248,1384,4,2026-04-17,Available
2576,Pune,Hinjewadi,25436324,4103,3,2026-05-27,Available
2577,Hyderabad,Kukatpally,7870967,759,5,2026-05-22,Pending
2578,Bengaluru,Indiranagar,31394203,2134,3,2026-05-31,Sold
2579,Pune,Kharadi,54651201,4073,4,2026-05-20,Sold
2580,Mumbai,Powai,23960995,1838,5,2026-04-30,Pending
2581,Pune,Baner,27361514,2494,4,2026-06-08,Pending
2582,Chennai,Anna Nagar,16827404,2176,3,2026-06-20,Sold
2583,Hyderabad,Kondapur,60643249,4081,2,2026-05-08,Sold
2584,Pune,Hinjewadi,57338638,4307,1,2026-05-28,Available
2585,Chennai,Velachery,4803522,552,2,2026-04-26,Sold
2586,Pune,Hinjewadi,19728227,4423,2,2026-07-08,Sold
2587,Mumbai,Thane,32399592,3860,5,2026-06-17,Sold
2588,Pune,Hinjewadi,53387664,4985,3,2026-07-01,Sold
2589,Hyderabad,Gachibowli,40695413,4120,2,2026-04-25,Pending
2590,Chennai,Anna Nagar,3700195,652,3,2026-06-27,Sold
2591,Chennai,Velachery,31748695,3058,5,2026-07-09,Sold
2592,Bengaluru,Whitefield,40132903,3385,1,2026-05-08,Available
2593,Bengaluru,HSR Layout,18418941,3547,4,2026-05-04,Sold
2594,Chennai,OMR,49918814,3826,4,2026-06-18,Available
2595,Mumbai,Powai,24894423,2252,2,2026-06-14,Available
2596,Chennai,OMR,22306759,4219,4,2026-07-09,Sold
2597,Pune,Wakad,48619685,3535,1,2026-05-26,Pending
2598,Pune,Baner,17916285,1384,4,2026-04-21,Available
2599,Hyderabad,Miyapur,64493824,4694,1,2026-07-06,Available
2600,Bengaluru,Indiranagar,36127189,2471,2,2026-06-20,Sold
2601,Pune,Hinjewadi,10276406,2063,4,2026-05-29,Sold
2602,Chennai,Adyar,3096426,526,1,2026-06-10,Pending
2603,Mumbai,Powai,8756303,1792,2,2026-04-25,Sold
2604,Hyderabad,Madhapur,23686877,2204,5,2026-06-11,Sold
2605,Hyderabad,Banjara Hills,23480759,3309,5,2026-06-27,Sold
2606,Chennai,Adyar,32463349,4817,1,2026-05-19,Pending
2607,Bengaluru,HSR Layout,9525740,1489,4,2026-05-21,Available
2608,Mumbai,Powai,27570585,2408,3,2026-06-27,Pending
2609,Bengaluru,Whitefield,8482595,557,3,2026-04-25,Available
2610,Chennai,Velachery,9110577,1369,4,2026-05-15,Pending
2611,Bengaluru,Indiranagar,12721894,1200,5,2026-04-10,Available
2612,Bengaluru,Whitefield,15273063,3048,5,2026-04-10,Available
2613,Bengaluru,Electronic City,15923721,1105,5,2026-04-25,Available
2614,Hyderabad,Jubilee Hills,9423644,650,2,2026-04-12,Sold
2615,Bengaluru,HSR Layout,21094719,3772,5,2026-04-24,Sold
2616,Pune,Baner,21616742,1597,5,2026-04-24,Sold
2617,Pune,Hinjewadi,50004044,4787,4,2026-05-21,Sold
2618,Hyderabad,Banjara Hills,28383485,3395,1,2026-07-02,Sold
2619,Pune,Baner,31718903,2598,4,2026-05-31,Pending
2620,Mumbai,Bandra,25266445,4207,5,2026-05-30,Sold
2621,Pune,Hinjewadi,24394236,4987,3,2026-07-08,Pending
2622,Chennai,Velachery,38034749,2996,5,2026-04-14,Pending
2623,Hyderabad,Kondapur,10729205,1602,4,2026-05-22,Pending
2624,Hyderabad,Gachibowli,31307436,2422,5,2026-05-04,Available
2625,Chennai,OMR,46685444,4617,4,2026-06-04,Sold
2626,Mumbai,Bandra,40498980,4740,3,2026-05-30,Available
2627,Bengaluru,Indiranagar,36144318,2930,2,2026-06-16,Available
2628,Hyderabad,Jubilee Hills,25352681,2410,4,2026-06-27,Available
2629,Mumbai,Thane,38100803,4499,5,2026-04-21,Pending
2630,Hyderabad,Kondapur,14351175,1507,4,2026-05-03,Sold
2631,Bengaluru,Whitefield,37950131,4640,2,2026-04-15,Available
2632,Bengaluru,Electronic City,28451662,2863,5,2026-06-16,Available
2633,Bengaluru,Whitefield,4769677,532,1,2026-06-28,Sold
2634,Bengaluru,HSR Layout,8999214,1111,3,2026-05-24,Available
2635,Pune,Baner,21135646,3754,2,2026-06-30,Pending
2636,Bengaluru,Whitefield,59950412,4646,3,2026-05-12,Available
2637,Chennai,Anna Nagar,8755271,641,2,2026-05-06,Available
2638,Hyderabad,Kondapur,26147208,1887,4,2026-05-08,Sold
2639,Hyderabad,Banjara Hills,41765244,3987,5,2026-07-05,Pending
2640,Bengaluru,Electronic City,40044214,3987,5,2026-06-12,Available
2641,Hyderabad,Kukatpally,41353402,3302,5,2026-05-28,Sold
2642,Bengaluru,Indiranagar,32385632,2509,2,2026-06-05,Available
2643,Hyderabad,Gachibowli,20922440,3528,2,2026-05-14,Available
2644,Mumbai,Thane,12803614,2316,1,2026-07-05,Pending
2645,Chennai,Adyar,36047381,3273,2,2026-06-03,Available
2646,Chennai,Velachery,33475669,2538,4,2026-05-26,Sold
2647,Bengaluru,Indiranagar,29854890,2132,2,2026-07-02,Sold
2648,Chennai,Anna Nagar,42609221,4983,3,2026-04-30,Available
2649,Mumbai,Powai,38428390,4690,2,2026-05-03,Sold
2650,Hyderabad,Kondapur,45061118,4109,5,2026-05-26,Pending
2651,Mumbai,Andheri,27271846,1908,1,2026-04-16,Available
2652,Mumbai,Bandra,23305266,3964,3,2026-05-08,Sold
2653,Pune,Kharadi,14975825,3327,5,2026-05-09,Pending
2654,Chennai,Anna Nagar,19875416,1869,1,2026-06-09,Pending
2655,Bengaluru,HSR Layout,24620094,2037,1,2026-06-06,Pending
2656,Mumbai,Andheri,6147465,560,1,2026-07-01,Sold
2657,Mumbai,Thane,32487514,2508,3,2026-06-16,Sold
2658,Chennai,Velachery,13067966,1219,1,2026-05-28,Available
2659,Hyderabad,Kondapur,12920201,1734,2,2026-05-13,Available
2660,Chennai,Adyar,47394758,4493,5,2026-05-27,Pending
2661,Hyderabad,Jubilee Hills,22401619,1754,4,2026-04-13,Pending
2662,Chennai,Anna Nagar,41811520,2926,3,2026-04-17,Available
2663,Mumbai,Thane,3004740,518,4,2026-05-16,Pending
2664,Pune,Kharadi,6472765,894,2,2026-04-24,Sold
2665,Chennai,Anna Nagar,7640759,1428,2,2026-06-26,Available
2666,Bengaluru,Whitefield,18363633,1653,1,2026-05-15,Available
2667,Bengaluru,Whitefield,4384341,588,3,2026-07-09,Sold
2668,Hyderabad,Madhapur,15970567,1641,2,2026-06-28,Sold
2669,Chennai,Velachery,20689929,4039,3,2026-04-10,Pending
2670,Mumbai,Andheri,9446024,2299,4,2026-05-21,Sold
2671,Hyderabad,Jubilee Hills,11061231,913,1,2026-06-07,Pending
2672,Mumbai,Thane,41690835,3047,3,2026-05-02,Available
2673,Hyderabad,Kukatpally,34521337,4761,2,2026-05-30,Available
2674,Mumbai,Andheri,43600880,3565,1,2026-07-05,Sold
2675,Hyderabad,Madhapur,65502349,4632,3,2026-05-05,Available
2676,Pune,Wakad,44795947,4677,1,2026-04-23,Pending
2677,Chennai,Velachery,37432999,4293,5,2026-06-25,Available
2678,Hyderabad,Madhapur,32765309,4058,1,2026-04-22,Available
2679,Bengaluru,HSR Layout,12109117,2484,3,2026-05-19,Sold
2680,Chennai,Velachery,46178208,4614,3,2026-06-14,Available
2681,Pune,Kharadi,21523745,3253,2,2026-05-07,Sold
2682,Mumbai,Bandra,12096068,951,5,2026-06-27,Sold
2683,Hyderabad,Madhapur,61304607,4760,4,2026-05-20,Available
2684,Pune,Wakad,42507755,3459,2,2026-07-01,Available
2685,Chennai,OMR,63195922,4940,5,2026-06-25,Sold
2686,Chennai,OMR,17252324,3193,2,2026-05-08,Sold
2687,Pune,Baner,15444165,3251,4,2026-06-06,Sold
2688,Mumbai,Andheri,19261853,4014,1,2026-07-09,Available
2689,Pune,Wakad,19652685,1442,5,2026-04-25,Pending
2690,Pune,Wakad,15223946,1563,3,2026-06-16,Available
2691,Pune,Kharadi,36257639,3647,3,2026-06-12,Sold
2692,Pune,Baner,63173763,4862,5,2026-04-14,Pending
2693,Chennai,Velachery,24421699,2361,5,2026-07-04,Available
2694,Chennai,Velachery,16520810,2239,1,2026-05-12,Sold
2695,Bengaluru,Whitefield,27274479,4851,1,2026-05-24,Sold
2696,Mumbai,Powai,59666444,4667,3,2026-05-02,Sold
2697,Hyderabad,Banjara Hills,16378776,3604,2,2026-06-09,Sold
2698,Mumbai,Powai,6517240,1065,5,2026-04-16,Available
2699,Hyderabad,Kondapur,19290775,2981,4,2026-05-13,Pending
2700,Bengaluru,HSR Layout,17355753,2689,2,2026-05-04,Sold
2701,Chennai,OMR,19791365,3575,2,2026-05-16,Pending
2702,Hyderabad,Jubilee Hills,14598844,1256,2,2026-06-26,Pending
2703,Mumbai,Bandra,55876752,4538,4,2026-07-05,Available
2704,Mumbai,Thane,29596766,4703,4,2026-05-27,Available
2705,Hyderabad,Miyapur,13907378,1969,3,2026-05-08,Pending
2706,Hyderabad,Kondapur,5421379,803,3,2026-05-10,Available
2707,Pune,Hinjewadi,38063043,4216,5,2026-06-04,Sold
2708,Bengaluru,Electronic City,23057663,1617,2,2026-07-08,Sold
2709,Hyderabad,Miyapur,17561211,3479,1,2026-04-10,Sold
2710,Hyderabad,Gachibowli,9137207,1355,5,2026-05-18,Pending
2711,Mumbai,Bandra,49447255,3979,4,2026-06-17,Available
2712,Pune,Hinjewadi,15778213,3566,5,2026-04-10,Available
2713,Mumbai,Thane,38765043,3598,1,2026-06-09,Sold
2714,Chennai,Adyar,34650702,4816,4,2026-05-30,Pending
2715,Chennai,OMR,20339498,4335,5,2026-07-06,Available
2716,Pune,Hinjewadi,12539908,2083,3,2026-06-15,Sold
2717,Hyderabad,Gachibowli,7869982,1099,1,2026-05-09,Sold
2718,Bengaluru,Whitefield,51530597,4971,1,2026-06-02,Pending
2719,Bengaluru,HSR Layout,11940196,1849,3,2026-04-18,Pending
2720,Mumbai,Thane,32079935,2225,1,2026-05-17,Available
2721,Pune,Wakad,11518913,1003,3,2026-04-26,Available
2722,Bengaluru,Whitefield,65014801,4326,5,2026-07-01,Sold
2723,Bengaluru,Whitefield,15691668,1183,3,2026-06-24,Sold
2724,Chennai,OMR,5621331,775,5,2026-05-06,Pending
2725,Mumbai,Thane,38516609,3396,5,2026-04-22,Sold
2726,Hyderabad,Gachibowli,22878959,2371,4,2026-04-24,Available
2727,Pune,Hinjewadi,14643138,1243,2,2026-04-18,Pending
2728,Pune,Hinjewadi,7929151,1727,5,2026-04-23,Pending
2729,Hyderabad,Kukatpally,13336746,3041,2,2026-07-05,Sold
2730,Mumbai,Bandra,3532801,750,5,2026-07-04,Sold
2731,Pune,Kharadi,24726259,2613,3,2026-06-24,Sold
2732,Pune,Hinjewadi,18716947,1417,4,2026-05-03,Pending
2733,Chennai,Anna Nagar,5319138,685,1,2026-06-16,Available
2734,Bengaluru,HSR Layout,36488038,3389,2,2026-06-13,Pending
2735,Mumbai,Thane,34548026,2351,4,2026-05-14,Pending
2736,Bengaluru,Electronic City,21539537,2362,1,2026-06-12,Available
2737,Chennai,OMR,28907765,3636,3,2026-06-23,Available
2738,Bengaluru,HSR Layout,14727795,1026,5,2026-07-07,Sold
2739,Hyderabad,Jubilee Hills,20768619,3055,3,2026-06-04,Pending
2740,Hyderabad,Madhapur,4641065,797,1,2026-06-14,Available
2741,Mumbai,Powai,61513407,4250,4,2026-05-31,Available
2742,Mumbai,Bandra,15278080,2472,5,2026-05-08,Sold
2743,Bengaluru,HSR Layout,36446994,4277,5,2026-06-03,Sold
2744,Chennai,Velachery,7521872,1006,1,2026-04-21,Sold
2745,Pune,Kharadi,9673131,892,1,2026-05-29,Sold
2746,Bengaluru,HSR Layout,37332277,3666,5,2026-05-08,Sold
2747,Hyderabad,Jubilee Hills,27946420,3346,5,2026-04-26,Sold
2748,Mumbai,Andheri,41948011,4289,5,2026-06-01,Available
2749,Pune,Wakad,40958988,3676,4,2026-04-27,Sold
2750,Mumbai,Powai,21854517,2965,5,2026-07-03,Pending
2751,Bengaluru,Electronic City,31467298,3470,2,2026-04-13,Pending
2752,Mumbai,Bandra,34852348,3584,5,2026-05-29,Available
2753,Mumbai,Andheri,45975464,4970,5,2026-05-03,Sold
2754,Mumbai,Powai,38077708,3154,1,2026-06-04,Pending
2755,Mumbai,Andheri,10146489,1763,4,2026-07-06,Sold
2756,Hyderabad,Miyapur,42771210,3838,3,2026-06-30,Sold
2757,Bengaluru,Electronic City,20970163,2065,1,2026-04-29,Sold
2758,Pune,Kharadi,28555819,2509,5,2026-04-15,Available
2759,Mumbai,Thane,5743724,1215,3,2026-05-04,Available
2760,Bengaluru,Electronic City,21527465,2767,2,2026-06-23,Available
2761,Hyderabad,Gachibowli,12239455,2442,1,2026-06-25,Sold
2762,Pune,Wakad,14612722,2787,5,2026-06-24,Pending
2763,Pune,Baner,7983677,599,4,2026-07-06,Sold
2764,Bengaluru,Whitefield,58952776,4663,4,2026-05-11,Pending
2765,Mumbai,Bandra,56124088,4068,4,2026-06-24,Available
2766,Bengaluru,Whitefield,16833802,2872,5,2026-05-27,Available
2767,Pune,Wakad,12703462,2785,5,2026-05-19,Pending
2768,Pune,Hinjewadi,26762373,4907,3,2026-04-19,Available
2769,Chennai,OMR,18021244,1860,4,2026-06-08,Available
2770,Pune,Baner,17770895,3977,2,2026-06-17,Pending
2771,Bengaluru,Electronic City,2650191,601,3,2026-07-07,Pending
2772,Chennai,OMR,24281558,3099,3,2026-07-09,Pending
2773,Chennai,Adyar,56773014,4319,5,2026-06-07,Sold
2774,Pune,Wakad,22037411,3192,5,2026-05-28,Pending
2775,Chennai,Velachery,14973312,3302,4,2026-04-24,Sold
2776,Pune,Baner,19535775,4638,1,2026-04-20,Pending
2777,Pune,Baner,37594010,2648,3,2026-07-09,Available
2778,Pune,Kharadi,49924585,4333,1,2026-05-14,Available
2779,Bengaluru,HSR Layout,36439715,3267,4,2026-04-10,Pending
2780,Mumbai,Bandra,51388302,4638,5,2026-05-30,Available
2781,Pune,Hinjewadi,38562797,3520,3,2026-06-14,Sold
2782,Pune,Baner,34438671,2608,2,2026-04-10,Pending
2783,Mumbai,Bandra,59764185,4512,1,2026-05-15,Sold
2784,Chennai,Velachery,27052862,4007,3,2026-06-23,Available
2785,Chennai,OMR,38607759,3265,3,2026-06-18,Pending
2786,Chennai,Velachery,15845728,1034,3,2026-06-16,Available
2787,Mumbai,Andheri,18098650,4251,5,2026-06-13,Sold
2788,Hyderabad,Kukatpally,32311322,4438,4,2026-06-15,Available
2789,Bengaluru,Whitefield,19313476,3454,4,2026-04-17,Available
2790,Chennai,Adyar,26823586,1913,5,2026-04-20,Sold
2791,Chennai,Velachery,47171245,4170,5,2026-06-16,Pending
2792,Hyderabad,Gachibowli,61733867,4447,4,2026-05-09,Available
2793,Chennai,Velachery,9348971,1913,5,2026-04-10,Sold
2794,Hyderabad,Jubilee Hills,51564620,4574,2,2026-06-20,Pending
2795,Chennai,Adyar,37782284,2924,4,2026-05-05,Available
2796,Hyderabad,Jubilee Hills,37484815,4261,5,2026-04-21,Sold
2797,Hyderabad,Kondapur,61285941,4272,1,2026-04-28,Sold
2798,Chennai,Anna Nagar,15659475,3565,4,2026-04-16,Available
2799,Mumbai,Thane,51721022,4594,2,2026-06-21,Available
2800,Chennai,Velachery,30597691,2990,1,2026-04-17,Sold
2801,Mumbai,Thane,23699919,2904,2,2026-06-03,Pending
2802,Bengaluru,HSR Layout,52874268,4367,5,2026-07-05,Pending
2803,Chennai,Adyar,63951179,4557,2,2026-04-15,Available
2804,Hyderabad,Madhapur,20474324,1888,1,2026-05-26,Pending
2805,Pune,Wakad,21994009,2657,4,2026-05-19,Sold
2806,Bengaluru,HSR Layout,18366064,1217,4,2026-04-20,Sold
2807,Pune,Hinjewadi,8224182,1008,3,2026-04-23,Available
2808,Pune,Wakad,25958791,4125,5,2026-06-13,Pending
2809,Hyderabad,Kondapur,27743135,2072,5,2026-06-13,Available
2810,Chennai,OMR,47221901,3701,5,2026-05-11,Available
2811,Pune,Wakad,11420786,1353,1,2026-06-27,Sold
2812,Pune,Hinjewadi,11898278,966,3,2026-05-24,Available
2813,Mumbai,Thane,4882062,685,2,2026-07-02,Sold
2814,Bengaluru,Whitefield,7472574,1808,5,2026-04-30,Available
2815,Mumbai,Bandra,10487609,983,4,2026-07-05,Available
2816,Hyderabad,Jubilee Hills,13270952,1355,1,2026-06-17,Pending
2817,Pune,Hinjewadi,59115385,4741,2,2026-04-29,Pending
2818,Pune,Wakad,57943287,4420,1,2026-05-22,Pending
2819,Chennai,Velachery,11565839,1395,4,2026-06-28,Pending
2820,Chennai,Velachery,33351339,3673,2,2026-05-09,Available
2821,Chennai,Adyar,15109735,3387,4,2026-05-24,Sold
2822,Bengaluru,HSR Layout,22588041,3088,5,2026-05-22,Pending
2823,Pune,Hinjewadi,3849702,556,2,2026-06-13,Pending
2824,Hyderabad,Banjara Hills,60474060,4179,4,2026-04-15,Pending
2825,Mumbai,Andheri,27440146,2456,2,2026-06-09,Pending
2826,Mumbai,Powai,36793226,3281,2,2026-04-16,Sold
2827,Hyderabad,Miyapur,52686663,4227,2,2026-04-24,Pending
2828,Mumbai,Powai,16592781,4052,3,2026-06-13,Pending
2829,Bengaluru,Electronic City,13625219,1994,3,2026-06-13,Pending
2830,Bengaluru,HSR Layout,6921347,935,2,2026-07-08,Pending
2831,Chennai,Adyar,23746750,1757,5,2026-06-26,Pending
2832,Chennai,Velachery,46837215,3233,5,2026-04-18,Available
2833,Hyderabad,Miyapur,16088713,2982,5,2026-05-09,Pending
2834,Chennai,Velachery,33412230,3509,5,2026-07-07,Sold
2835,Hyderabad,Jubilee Hills,13937644,2210,1,2026-07-04,Pending
2836,Mumbai,Thane,8256745,1466,5,2026-05-31,Available
2837,Mumbai,Bandra,21215574,2538,3,2026-05-10,Sold
2838,Hyderabad,Banjara Hills,32404909,2551,4,2026-06-19,Available
2839,Hyderabad,Madhapur,46215882,4961,2,2026-06-11,Available
2840,Mumbai,Bandra,6925291,524,1,2026-05-03,Pending
2841,Chennai,Adyar,35324804,2851,3,2026-05-14,Pending
2842,Mumbai,Thane,11836482,1075,2,2026-05-20,Pending
2843,Pune,Kharadi,52550429,3811,4,2026-05-01,Pending
2844,Mumbai,Powai,6303776,802,3,2026-06-11,Pending
2845,Chennai,OMR,37705606,4694,4,2026-05-11,Sold
2846,Bengaluru,Electronic City,4473440,849,4,2026-04-26,Pending
2847,Hyderabad,Kukatpally,8200867,1591,1,2026-06-06,Sold
2848,Bengaluru,Indiranagar,58968203,4755,3,2026-06-15,Pending
2849,Bengaluru,Whitefield,30766640,2544,3,2026-06-14,Pending
2850,Hyderabad,Madhapur,36311063,4121,3,2026-05-23,Pending
2851,Pune,Kharadi,27772324,2527,2,2026-04-25,Available
2852,Chennai,Adyar,16393132,1464,2,2026-05-20,Sold
2853,Mumbai,Andheri,25010204,2010,2,2026-04-27,Available
2854,Chennai,OMR,29706580,2248,4,2026-05-17,Sold
2855,Pune,Baner,30654709,4461,3,2026-05-16,Pending
2856,Pune,Baner,17911745,3764,2,2026-05-18,Available
2857,Mumbai,Powai,24007649,3547,1,2026-05-05,Available
2858,Pune,Kharadi,5954047,557,1,2026-07-06,Sold
2859,Pune,Hinjewadi,15316527,3799,2,2026-06-20,Available
2860,Chennai,Anna Nagar,10771958,1274,4,2026-06-05,Pending
2861,Hyderabad,Jubilee Hills,10486504,1904,4,2026-06-08,Available
2862,Pune,Hinjewadi,25938253,3459,4,2026-05-15,Pending
2863,Pune,Baner,20532683,2760,2,2026-05-08,Sold
2864,Pune,Wakad,22581081,1551,3,2026-06-13,Pending
2865,Pune,Hinjewadi,45547667,3861,1,2026-05-18,Available
2866,Hyderabad,Kondapur,34656910,2702,2,2026-06-04,Sold
2867,Bengaluru,Indiranagar,28975271,2169,5,2026-07-02,Pending
2868,Mumbai,Andheri,42372778,4689,5,2026-06-13,Pending
2869,Mumbai,Thane,59260728,4753,1,2026-05-14,Available
2870,Chennai,OMR,37233630,3325,1,2026-04-13,Available
2871,Pune,Baner,35399283,3045,3,2026-06-17,Pending
2872,Hyderabad,Jubilee Hills,30390295,3336,1,2026-05-22,Pending
2873,Pune,Hinjewadi,7946833,1391,3,2026-06-11,Available
2874,Pune,Baner,21152746,2865,1,2026-06-18,Available
2875,Mumbai,Thane,15904935,3002,1,2026-05-18,Pending
2876,Bengaluru,HSR Layout,9455965,722,1,2026-05-11,Pending
2877,Bengaluru,HSR Layout,30454472,2380,4,2026-07-02,Pending
2878,Pune,Hinjewadi,4272782,620,4,2026-06-13,Available
2879,Mumbai,Thane,8116079,1170,3,2026-05-30,Sold
2880,Mumbai,Powai,26662792,3754,1,2026-04-13,Sold
2881,Chennai,OMR,6847358,777,5,2026-04-18,Pending
2882,Chennai,Adyar,10296191,1152,5,2026-06-14,Available
2883,Mumbai,Powai,30455891,2519,5,2026-05-08,Available
2884,Chennai,OMR,39449719,2645,2,2026-06-06,Pending
2885,Mumbai,Thane,52504175,3585,5,2026-07-08,Available
2886,Chennai,Anna Nagar,44113026,3496,3,2026-05-30,Available
2887,Chennai,OMR,42704258,4418,4,2026-04-12,Available
2888,Bengaluru,Indiranagar,18597477,3219,5,2026-06-13,Sold
2889,Hyderabad,Miyapur,45164734,4973,1,2026-07-06,Pending
2890,Mumbai,Powai,4746236,1033,5,2026-06-21,Sold
2891,Pune,Kharadi,19279756,2072,2,2026-06-03,Sold
2892,Bengaluru,Whitefield,40175657,3000,5,2026-06-14,Pending
2893,Hyderabad,Jubilee Hills,9612592,1612,5,2026-05-23,Available
2894,Bengaluru,Whitefield,10882347,1345,1,2026-04-26,Available
2895,Hyderabad,Kondapur,18062015,4062,2,2026-05-22,Pending
2896,Bengaluru,Indiranagar,18709037,1867,1,2026-04-24,Available
2897,Mumbai,Bandra,11679813,1379,4,2026-06-02,Pending
2898,Mumbai,Powai,14509830,1549,1,2026-06-08,Pending
2899,Chennai,Anna Nagar,14016895,1383,2,2026-04-18,Available
2900,Pune,Baner,20430416,1496,4,2026-06-22,Pending
2901,Bengaluru,Whitefield,7008845,811,5,2026-07-05,Sold
2902,Hyderabad,Kukatpally,46150080,3864,1,2026-05-28,Sold
2903,Pune,Wakad,20684604,2513,5,2026-05-21,Sold
2904,Chennai,Velachery,26380799,1805,4,2026-06-12,Available
2905,Pune,Hinjewadi,41018711,3505,2,2026-06-28,Sold
2906,Mumbai,Thane,11216062,2593,4,2026-04-10,Pending
2907,Pune,Baner,22417283,1666,2,2026-07-08,Available
2908,Mumbai,Andheri,9188348,1333,1,2026-06-28,Pending
2909,Pune,Baner,34181019,2600,2,2026-05-29,Sold
2910,Mumbai,Andheri,70969281,4856,3,2026-06-23,Available
2911,Bengaluru,Electronic City,8619933,1484,4,2026-04-12,Sold
2912,Bengaluru,Electronic City,14983969,1397,5,2026-06-05,Available
2913,Bengaluru,Whitefield,33732752,3400,5,2026-04-19,Available
2914,Mumbai,Andheri,20463278,1765,3,2026-07-07,Pending
2915,Hyderabad,Gachibowli,67892452,4786,2,2026-05-25,Pending
2916,Chennai,Anna Nagar,6794596,604,1,2026-06-13,Sold
2917,Hyderabad,Miyapur,17216049,1910,5,2026-06-30,Sold
2918,Mumbai,Bandra,20741480,3063,4,2026-07-03,Sold
2919,Mumbai,Andheri,28190717,2521,4,2026-05-08,Available
2920,Bengaluru,Indiranagar,21069450,2769,2,2026-05-24,Pending
2921,Pune,Hinjewadi,9221655,652,1,2026-05-18,Available
2922,Mumbai,Thane,7796842,680,4,2026-05-18,Sold
2923,Chennai,Velachery,30930074,4096,5,2026-05-07,Available
2924,Mumbai,Bandra,57246840,3800,3,2026-04-21,Sold
2925,Hyderabad,Banjara Hills,17737210,4045,5,2026-04-25,Sold
2926,Mumbai,Thane,16865938,4117,4,2026-06-26,Pending
2927,Pune,Wakad,16402139,1189,2,2026-06-12,Pending
2928,Hyderabad,Banjara Hills,8770458,693,5,2026-05-24,Sold
2929,Bengaluru,Whitefield,25534124,1749,4,2026-06-09,Pending
2930,Chennai,Velachery,26769364,3735,1,2026-05-03,Available
2931,Mumbai,Andheri,56242221,4614,2,2026-04-28,Available
2932,Pune,Baner,16526433,4113,2,2026-05-02,Pending
2933,Mumbai,Powai,32992881,3115,4,2026-05-14,Sold
2934,Bengaluru,Electronic City,27848908,2918,2,2026-04-27,Available
2935,Chennai,OMR,30042931,2273,2,2026-05-07,Sold
2936,Bengaluru,Electronic City,35084316,2317,2,2026-07-03,Pending
2937,Hyderabad,Kukatpally,7308630,672,3,2026-04-14,Pending
2938,Chennai,OMR,29908446,3841,4,2026-05-09,Available
2939,Hyderabad,Jubilee Hills,29939608,3339,5,2026-05-11,Pending
2940,Chennai,OMR,48429005,4595,5,2026-04-28,Available
2941,Pune,Kharadi,15815719,2969,5,2026-04-14,Pending
2942,Bengaluru,Whitefield,15340595,2948,1,2026-05-16,Available
2943,Pune,Hinjewadi,19000390,4485,5,2026-04-12,Available
2944,Bengaluru,HSR Layout,33567579,3411,5,2026-04-22,Pending
2945,Chennai,Anna Nagar,9307484,1104,4,2026-05-26,Sold
2946,Bengaluru,Indiranagar,14131089,1751,2,2026-05-26,Available
2947,Mumbai,Andheri,7336898,1251,2,2026-04-24,Available
2948,Mumbai,Andheri,9061180,1716,1,2026-06-23,Sold
2949,Hyderabad,Miyapur,23344954,3948,2,2026-06-22,Pending
2950,Chennai,OMR,34131698,3772,2,2026-06-27,Sold
2951,Chennai,OMR,73496719,4953,5,2026-07-07,Sold
2952,Chennai,OMR,4337278,601,5,2026-04-25,Sold
2953,Pune,Hinjewadi,11256619,1027,2,2026-04-26,Available
2954,Mumbai,Thane,49214376,3520,4,2026-06-03,Available
2955,Bengaluru,Whitefield,17253657,1844,5,2026-05-11,Sold
2956,Hyderabad,Banjara Hills,6330854,1566,3,2026-04-13,Sold
2957,Mumbai,Andheri,37126260,4772,4,2026-06-26,Available
2958,Pune,Kharadi,25387912,2234,2,2026-05-19,Sold
2959,Chennai,Adyar,16621171,1995,4,2026-06-04,Available
2960,Mumbai,Bandra,19530073,3648,4,2026-05-24,Sold
2961,Chennai,Adyar,13445385,2187,5,2026-05-19,Available
2962,Mumbai,Powai,12285924,2974,4,2026-07-02,Sold
2963,Mumbai,Powai,36711916,2642,5,2026-07-07,Pending
2964,Pune,Hinjewadi,49301353,4436,3,2026-06-27,Sold
2965,Hyderabad,Miyapur,17112088,1957,5,2026-07-01,Pending
2966,Chennai,Velachery,23625227,2714,3,2026-06-08,Pending
2967,Mumbai,Thane,26374428,4136,4,2026-06-19,Pending
2968,Hyderabad,Jubilee Hills,17085524,2629,3,2026-04-28,Pending
2969,Bengaluru,HSR Layout,37470895,3056,4,2026-06-28,Pending
2970,Mumbai,Thane,19296931,1356,1,2026-06-17,Sold
2971,Pune,Hinjewadi,3027980,622,3,2026-07-04,Sold
2972,Bengaluru,Indiranagar,12178631,2655,1,2026-05-10,Available
2973,Bengaluru,HSR Layout,4249073,682,3,2026-05-31,Available
2974,Pune,Kharadi,19504938,4234,4,2026-06-20,Available
2975,Hyderabad,Jubilee Hills,36176415,2505,5,2026-05-10,Sold
2976,Pune,Wakad,14167811,2386,3,2026-05-09,Pending
2977,Pune,Hinjewadi,10710151,1592,1,2026-05-01,Pending
2978,Mumbai,Andheri,31646686,3670,3,2026-05-14,Sold
2979,Hyderabad,Banjara Hills,20507644,1697,2,2026-06-02,Sold
2980,Mumbai,Andheri,57431690,3926,5,2026-05-19,Pending
2981,Chennai,Velachery,41632833,3159,4,2026-07-04,Sold
2982,Pune,Kharadi,17134158,1753,2,2026-06-26,Pending
2983,Bengaluru,Electronic City,23662397,2265,1,2026-07-03,Sold
2984,Hyderabad,Banjara Hills,11972529,1180,2,2026-07-07,Pending
2985,Bengaluru,HSR Layout,33592840,3034,3,2026-06-03,Pending
2986,Mumbai,Powai,46378674,4473,5,2026-05-23,Sold
2987,Mumbai,Andheri,23337168,4990,5,2026-04-16,Available
2988,Chennai,Adyar,13395877,2729,2,2026-06-13,Available
2989,Pune,Baner,21102460,1497,2,2026-06-14,Available
2990,Hyderabad,Gachibowli,30451421,4994,3,2026-07-03,Available
2991,Hyderabad,Jubilee Hills,7610080,625,2,2026-04-23,Pending
2992,Hyderabad,Banjara Hills,29889482,4881,2,2026-05-06,Pending
2993,Chennai,Velachery,52923139,4173,3,2026-07-03,Available
2994,Chennai,Velachery,18236474,3387,4,2026-04-12,Available
2995,Hyderabad,Gachibowli,66504495,4562,1,2026-06-15,Sold
2996,Hyderabad,Miyapur,11285721,1307,4,2026-06-18,Sold
2997,Pune,Hinjewadi,15134766,2088,2,2026-06-01,Pending
2998,Bengaluru,HSR Layout,20896124,2277,5,2026-05-21,Sold
2999,Bengaluru,HSR Layout,12373436,2481,1,2026-05-30,Pending
3000,Mumbai,Powai,19942425,1856,4,2026-05-22,Pending
3001,Hyderabad,Miyapur,27401197,1853,2,2026-05-24,Sold
3002,Hyderabad,Jubilee Hills,58618627,4962,1,2026-05-07,Sold
3003,Chennai,Anna Nagar,49628068,4133,4,2026-07-03,Available
3004,Pune,Wakad,38204934,2898,1,2026-05-26,Available
3005,Hyderabad,Kukatpally,29420761,4475,3,2026-07-06,Sold
3006,Mumbai,Thane,5606558,565,5,2026-05-27,Available
3007,Chennai,Velachery,45556770,4799,1,2026-04-15,Sold
3008,Chennai,Anna Nagar,13732180,1393,1,2026-05-28,Pending
3009,Hyderabad,Kondapur,27952696,2774,2,2026-06-08,Available
3010,Pune,Hinjewadi,23039768,2433,4,2026-06-10,Pending
3011,Pune,Hinjewadi,65038751,4706,4,2026-04-17,Pending
3012,Chennai,Adyar,15456578,3213,1,2026-06-07,Available
3013,Pune,Hinjewadi,18053848,1578,4,2026-05-06,Pending
3014,Pune,Hinjewadi,58748054,4023,3,2026-04-12,Sold
3015,Bengaluru,HSR Layout,48529724,3886,3,2026-05-08,Pending
3016,Mumbai,Bandra,9128935,2113,1,2026-06-01,Sold
3017,Bengaluru,Indiranagar,12703409,2280,4,2026-05-01,Sold
3018,Hyderabad,Kukatpally,42963052,4630,2,2026-05-29,Available
3019,Pune,Hinjewadi,35881369,4182,5,2026-06-08,Sold
3020,Bengaluru,Electronic City,42435229,3594,4,2026-06-11,Pending
3021,Hyderabad,Banjara Hills,49437689,4391,5,2026-05-30,Available
3022,Hyderabad,Kondapur,23398755,3101,2,2026-04-10,Sold
3023,Chennai,Adyar,44549736,3037,1,2026-06-02,Sold
3024,Bengaluru,Whitefield,47371391,4606,5,2026-04-13,Sold
3025,Mumbai,Bandra,19067872,3100,3,2026-06-10,Available
3026,Mumbai,Powai,7417608,845,5,2026-06-01,Pending
3027,Pune,Wakad,3476576,828,1,2026-06-08,Available
3028,Hyderabad,Miyapur,12476887,1741,4,2026-06-02,Sold
3029,Mumbai,Powai,6723904,710,4,2026-06-03,Pending
3030,Pune,Kharadi,5530661,635,5,2026-04-19,Available
3031,Mumbai,Andheri,16678135,1547,3,2026-06-02,Pending
3032,Mumbai,Thane,7493717,1340,1,2026-06-16,Available
3033,Bengaluru,Indiranagar,40135135,3266,1,2026-05-19,Available
3034,Bengaluru,HSR Layout,29647307,4630,2,2026-06-05,Sold
3035,Mumbai,Powai,68661903,4898,1,2026-05-28,Available
3036,Mumbai,Powai,46678356,3949,1,2026-06-21,Sold
3037,Bengaluru,Indiranagar,22247243,2202,5,2026-05-15,Sold
3038,Mumbai,Bandra,24038207,2027,4,2026-06-18,Sold
3039,Bengaluru,HSR Layout,11262136,868,5,2026-07-09,Available
3040,Chennai,Adyar,18705759,3181,5,2026-04-13,Pending
3041,Chennai,Adyar,21426581,2580,2,2026-05-26,Pending
3042,Pune,Wakad,37592305,3878,3,2026-06-26,Pending
3043,Hyderabad,Madhapur,14621651,2032,2,2026-04-17,Pending
3044,Mumbai,Thane,22662069,2915,5,2026-05-24,Available
3045,Chennai,OMR,12885321,1982,5,2026-04-27,Available
3046,Bengaluru,Electronic City,23676532,1605,5,2026-06-14,Sold
3047,Bengaluru,Electronic City,24825002,3413,5,2026-06-30,Available
3048,Chennai,Adyar,5933067,945,5,2026-04-13,Pending
3049,Mumbai,Thane,20314503,3093,3,2026-06-18,Sold
3050,Pune,Kharadi,10816259,849,4,2026-04-23,Pending
3051,Chennai,Anna Nagar,26456952,2569,2,2026-05-10,Available
3052,Mumbai,Thane,3256023,670,5,2026-06-15,Sold
3053,Bengaluru,HSR Layout,56368240,4804,5,2026-06-10,Sold
3054,Mumbai,Bandra,25094396,3847,3,2026-06-18,Available
3055,Pune,Wakad,9340252,841,5,2026-04-17,Available
3056,Mumbai,Thane,23234756,2234,4,2026-06-08,Pending
3057,Chennai,OMR,25043252,1747,2,2026-06-18,Pending
3058,Mumbai,Powai,29754922,2264,3,2026-04-26,Sold
3059,Pune,Wakad,22647672,3265,2,2026-06-19,Pending
3060,Hyderabad,Gachibowli,30597592,2329,4,2026-06-12,Available
3061,Bengaluru,HSR Layout,37003916,2729,3,2026-04-23,Available
3062,Pune,Hinjewadi,9880201,966,4,2026-04-11,Available
3063,Pune,Baner,15806807,1920,4,2026-04-10,Available
3064,Pune,Wakad,66143425,4882,2,2026-07-09,Pending
3065,Chennai,Velachery,35439437,4139,3,2026-05-04,Pending
3066,Mumbai,Bandra,32520145,2503,4,2026-05-20,Available
3067,Pune,Baner,50682280,3731,3,2026-05-25,Sold
3068,Chennai,OMR,12543326,1944,4,2026-05-02,Pending
3069,Chennai,Anna Nagar,40298445,3969,1,2026-06-26,Sold
3070,Chennai,Anna Nagar,24510839,4080,4,2026-04-12,Available
3071,Bengaluru,Electronic City,12893692,1234,1,2026-06-10,Available
3072,Chennai,Adyar,31970993,3554,4,2026-05-08,Available
3073,Pune,Baner,44972593,3737,5,2026-06-19,Available
3074,Mumbai,Thane,27451345,4918,3,2026-04-21,Pending
3075,Mumbai,Powai,26034270,4708,5,2026-05-04,Pending
3076,Hyderabad,Gachibowli,35244904,2565,5,2026-05-03,Pending
3077,Hyderabad,Kondapur,71706808,4821,3,2026-04-14,Pending
3078,Pune,Kharadi,15232088,1321,1,2026-06-13,Sold
3079,Chennai,Velachery,18674422,1843,2,2026-04-17,Pending
3080,Mumbai,Powai,3556575,585,4,2026-05-18,Available
3081,Chennai,OMR,9864605,910,2,2026-05-24,Sold
3082,Chennai,Anna Nagar,22062219,1755,2,2026-05-07,Pending
3083,Mumbai,Bandra,13750934,2572,2,2026-05-13,Pending
3084,Pune,Kharadi,10965161,766,3,2026-04-30,Available
3085,Pune,Hinjewadi,45267747,3280,3,2026-06-20,Available
3086,Chennai,Anna Nagar,45261021,4988,1,2026-06-25,Pending
3087,Bengaluru,Indiranagar,55206996,4072,1,2026-06-24,Pending
3088,Chennai,Velachery,3527342,541,1,2026-06-13,Sold
3089,Bengaluru,Indiranagar,23786305,2413,3,2026-04-29,Pending
3090,Pune,Kharadi,44618958,3128,3,2026-04-30,Pending
3091,Bengaluru,Indiranagar,41791426,3941,1,2026-04-16,Sold
3092,Hyderabad,Banjara Hills,30459927,3428,2,2026-06-13,Available
3093,Pune,Kharadi,37382880,4171,2,2026-06-04,Sold
3094,Mumbai,Andheri,60857292,4514,3,2026-06-24,Sold
3095,Hyderabad,Miyapur,9926477,1338,3,2026-05-05,Sold
3096,Chennai,Anna Nagar,45705704,4843,2,2026-05-20,Pending
3097,Mumbai,Powai,8289700,538,2,2026-04-14,Sold
3098,Mumbai,Powai,29529892,1985,3,2026-05-10,Pending
3099,Mumbai,Andheri,45061541,3983,2,2026-05-06,Pending
3100,Pune,Hinjewadi,50389745,3954,3,2026-04-17,Sold
3101,Chennai,Adyar,12537725,994,3,2026-05-07,Sold
3102,Chennai,Adyar,12603500,2520,2,2026-07-06,Pending
3103,Bengaluru,Electronic City,15333145,3097,3,2026-06-24,Available
3104,Bengaluru,HSR Layout,5102424,764,3,2026-06-12,Sold
3105,Mumbai,Bandra,11745678,2309,4,2026-05-01,Available
3106,Mumbai,Andheri,19884973,2266,1,2026-06-18,Available
3107,Hyderabad,Kukatpally,15313432,1846,3,2026-07-04,Available
3108,Bengaluru,Whitefield,46398952,3891,3,2026-06-19,Available
3109,Mumbai,Bandra,23362306,1755,4,2026-05-24,Pending
3110,Bengaluru,Electronic City,24779792,2830,5,2026-06-09,Pending
3111,Bengaluru,HSR Layout,22867726,3707,1,2026-06-08,Sold
3112,Hyderabad,Gachibowli,22647779,3040,4,2026-04-12,Available
3113,Bengaluru,Electronic City,15815018,2580,4,2026-05-10,Available
3114,Mumbai,Thane,24628859,2219,2,2026-05-19,Pending
3115,Chennai,Adyar,50311357,4960,3,2026-04-14,Sold
3116,Mumbai,Andheri,33098378,3149,1,2026-05-07,Available
3117,Pune,Hinjewadi,27771642,4001,3,2026-05-18,Sold
3118,Hyderabad,Kukatpally,14765555,1284,2,2026-05-28,Available
3119,Bengaluru,HSR Layout,10519045,1792,4,2026-05-10,Available
3120,Mumbai,Powai,25187028,3222,4,2026-06-14,Sold
3121,Chennai,Anna Nagar,6341977,1337,4,2026-05-17,Available
3122,Hyderabad,Miyapur,7708435,901,5,2026-05-29,Sold
3123,Chennai,Adyar,17429552,1322,4,2026-06-11,Pending
3124,Pune,Hinjewadi,55948254,4800,5,2026-05-23,Pending
3125,Pune,Kharadi,30387457,3764,5,2026-04-22,Pending
3126,Bengaluru,Whitefield,42830574,3119,3,2026-04-13,Pending
3127,Hyderabad,Jubilee Hills,16180143,1758,4,2026-05-17,Sold
3128,Bengaluru,Electronic City,43381960,4009,2,2026-05-25,Available
3129,Pune,Wakad,16048550,2740,2,2026-06-03,Pending
3130,Hyderabad,Jubilee Hills,28335101,2680,3,2026-05-23,Sold
3131,Chennai,Adyar,6967068,1283,2,2026-06-12,Sold
3132,Chennai,Adyar,13029681,2545,1,2026-07-05,Pending
3133,Chennai,OMR,12268695,1837,1,2026-04-11,Available
3134,Pune,Wakad,16437740,1360,4,2026-05-12,Sold
3135,Bengaluru,Electronic City,59305616,4059,4,2026-05-01,Pending
3136,Hyderabad,Banjara Hills,27094129,4987,2,2026-06-25,Sold
3137,Hyderabad,Kukatpally,48348067,3793,4,2026-05-03,Pending
3138,Hyderabad,Kukatpally,27733729,4604,4,2026-04-14,Pending
3139,Hyderabad,Jubilee Hills,61260779,4397,5,2026-06-19,Available
3140,Chennai,Adyar,29588476,3850,5,2026-06-29,Sold
3141,Mumbai,Powai,49789555,4479,5,2026-06-09,Sold
3142,Hyderabad,Kondapur,34642031,4969,1,2026-05-05,Sold
3143,Pune,Wakad,24042185,3414,1,2026-04-11,Sold
3144,Bengaluru,Whitefield,26736929,3301,1,2026-05-14,Available
3145,Bengaluru,HSR Layout,19202372,2733,2,2026-05-17,Pending
3146,Mumbai,Thane,6379757,910,4,2026-06-14,Pending
3147,Pune,Wakad,44301355,3644,5,2026-05-21,Available
3148,Pune,Hinjewadi,59194136,4159,2,2026-04-18,Available
3149,Bengaluru,Whitefield,8977768,1720,1,2026-05-01,Pending
3150,Pune,Kharadi,14112364,2226,5,2026-05-17,Sold
3151,Hyderabad,Gachibowli,40720226,3290,5,2026-05-17,Available
3152,Bengaluru,Electronic City,25963528,2561,3,2026-05-07,Pending
3153,Mumbai,Powai,25209029,4517,3,2026-05-30,Sold
3154,Pune,Kharadi,45621182,4656,5,2026-05-14,Sold
3155,Chennai,OMR,23007751,2826,3,2026-06-02,Available
3156,Mumbai,Andheri,7521294,729,5,2026-04-25,Available
3157,Mumbai,Thane,18462380,4552,1,2026-05-04,Pending
3158,Pune,Hinjewadi,10227560,1104,2,2026-06-28,Sold
3159,Chennai,OMR,42554462,4793,2,2026-07-07,Pending
3160,Bengaluru,HSR Layout,15613415,3359,1,2026-07-05,Pending
3161,Hyderabad,Jubilee Hills,11688206,1728,1,2026-05-31,Available
3162,Bengaluru,Indiranagar,64771665,4546,5,2026-07-08,Available
3163,Pune,Kharadi,30093202,3043,2,2026-06-06,Pending
3164,Pune,Kharadi,28827802,3629,5,2026-05-03,Sold
3165,Chennai,Velachery,21775310,2045,1,2026-05-23,Available
3166,Chennai,Velachery,16971088,1176,2,2026-04-13,Pending
3167,Bengaluru,Indiranagar,32287901,2811,5,2026-06-01,Pending
3168,Bengaluru,Whitefield,42736289,2891,4,2026-06-17,Available
3169,Pune,Kharadi,7063074,721,1,2026-04-10,Available
3170,Chennai,OMR,26661810,3838,4,2026-04-26,Sold
3171,Bengaluru,Indiranagar,29875120,2059,4,2026-07-05,Available
3172,Pune,Hinjewadi,39028352,3225,3,2026-05-27,Available
3173,Bengaluru,HSR Layout,21789872,3845,3,2026-04-10,Sold
3174,Bengaluru,Indiranagar,11939965,1313,1,2026-06-01,Pending
3175,Pune,Kharadi,47029105,3418,1,2026-07-05,Pending
3176,Hyderabad,Kukatpally,24239691,4386,3,2026-04-15,Available
3177,Hyderabad,Miyapur,34213771,2675,5,2026-07-04,Available
3178,Chennai,Anna Nagar,21872065,2166,3,2026-06-30,Sold
3179,Chennai,Anna Nagar,55419778,4385,4,2026-05-10,Sold
3180,Bengaluru,Whitefield,13494217,2659,4,2026-04-23,Available
3181,Hyderabad,Miyapur,25656230,4573,1,2026-06-09,Available
3182,Pune,Wakad,14867131,3561,5,2026-06-06,Pending
3183,Bengaluru,Whitefield,8899573,922,4,2026-07-01,Available
3184,Bengaluru,HSR Layout,27780436,3783,1,2026-04-12,Pending
3185,Pune,Wakad,10484124,876,4,2026-04-19,Pending
3186,Hyderabad,Gachibowli,46773180,4150,2,2026-05-12,Pending
3187,Pune,Wakad,6539264,635,4,2026-05-22,Available
3188,Mumbai,Bandra,28649192,3478,3,2026-06-30,Available
3189,Bengaluru,HSR Layout,24317579,2860,5,2026-05-13,Pending
3190,Bengaluru,Electronic City,27611954,2915,5,2026-05-04,Available
3191,Hyderabad,Madhapur,5087922,1084,1,2026-04-19,Pending
3192,Pune,Hinjewadi,51570720,3609,2,2026-05-22,Sold
3193,Pune,Hinjewadi,31408407,3618,4,2026-06-24,Available
3194,Pune,Baner,4882500,1157,3,2026-05-23,Sold
3195,Bengaluru,Electronic City,14851438,2651,3,2026-04-25,Available
3196,Chennai,OMR,6261669,509,4,2026-05-04,Available
3197,Hyderabad,Madhapur,16191433,2830,4,2026-04-16,Available
3198,Hyderabad,Madhapur,34238817,3379,1,2026-05-28,Pending
3199,Mumbai,Andheri,21252929,2807,1,2026-04-23,Pending
3200,Pune,Baner,6766036,1060,4,2026-04-30,Pending
3201,Hyderabad,Jubilee Hills,23887083,2483,3,2026-06-12,Sold
3202,Hyderabad,Kondapur,19807667,4171,2,2026-05-07,Available
3203,Hyderabad,Gachibowli,16536663,1269,2,2026-07-06,Available
3204,Pune,Wakad,14448650,2141,1,2026-04-17,Sold
3205,Chennai,Anna Nagar,20262136,2947,5,2026-05-13,Available
3206,Hyderabad,Miyapur,25497133,3597,5,2026-05-06,Available
3207,Hyderabad,Madhapur,6232574,533,4,2026-07-05,Available
3208,Chennai,Adyar,23320597,4110,5,2026-04-10,Sold
3209,Bengaluru,Indiranagar,15094129,1634,2,2026-06-25,Pending
3210,Mumbai,Andheri,6426334,1457,5,2026-05-30,Pending
3211,Pune,Baner,34466181,3078,3,2026-05-24,Pending
3212,Hyderabad,Banjara Hills,30427556,2096,5,2026-06-10,Pending
3213,Chennai,Adyar,54343213,4536,5,2026-07-02,Sold
3214,Mumbai,Powai,22375308,4100,3,2026-06-08,Pending
3215,Mumbai,Bandra,41260997,4761,1,2026-05-30,Pending
3216,Pune,Hinjewadi,8019523,983,5,2026-06-14,Sold
3217,Mumbai,Andheri,23301911,1908,4,2026-05-11,Available
3218,Pune,Wakad,7658953,1509,1,2026-04-30,Available
3219,Mumbai,Bandra,60941269,4652,3,2026-05-02,Pending
3220,Bengaluru,Electronic City,25299935,2681,1,2026-06-08,Pending
3221,Pune,Kharadi,16082669,1891,4,2026-05-02,Available
3222,Bengaluru,Whitefield,47476746,4885,1,2026-06-23,Sold
3223,Hyderabad,Gachibowli,11609806,1080,5,2026-04-14,Pending
3224,Mumbai,Andheri,23887999,2563,5,2026-04-11,Sold
3225,Hyderabad,Banjara Hills,61893421,4234,2,2026-04-26,Sold
3226,Mumbai,Powai,8541885,1918,1,2026-06-13,Pending
3227,Hyderabad,Gachibowli,49865229,3694,5,2026-06-26,Pending
3228,Mumbai,Bandra,41237542,3603,2,2026-07-02,Pending
3229,Pune,Kharadi,55842789,4604,1,2026-05-04,Pending
3230,Chennai,OMR,12762264,2003,5,2026-05-10,Available
3231,Mumbai,Thane,28135841,3908,4,2026-05-11,Available
3232,Hyderabad,Kondapur,13541833,1730,3,2026-07-06,Sold
3233,Mumbai,Andheri,39856096,3750,1,2026-06-12,Pending
3234,Pune,Baner,18204323,1552,4,2026-06-03,Available
3235,Bengaluru,Electronic City,22590594,4188,3,2026-04-29,Available
3236,Pune,Hinjewadi,14105252,2905,2,2026-05-15,Sold
3237,Pune,Hinjewadi,14474645,2792,4,2026-06-27,Available
3238,Pune,Hinjewadi,34902068,2495,5,2026-05-25,Sold
3239,Bengaluru,HSR Layout,18831416,4390,3,2026-04-22,Sold
3240,Bengaluru,HSR Layout,49596573,3623,1,2026-06-15,Sold
3241,Mumbai,Bandra,47531117,3946,2,2026-05-14,Available
3242,Hyderabad,Miyapur,20684230,1559,1,2026-07-06,Sold
3243,Pune,Wakad,20256927,2406,2,2026-06-15,Sold
3244,Bengaluru,Whitefield,9533599,1209,5,2026-04-14,Sold
3245,Bengaluru,HSR Layout,10710025,1155,2,2026-05-07,Sold
3246,Mumbai,Andheri,31083101,4938,5,2026-05-17,Pending
3247,Hyderabad,Jubilee Hills,17101295,1626,1,2026-05-07,Pending
3248,Mumbai,Bandra,59767043,4219,2,2026-04-23,Pending
3249,Chennai,Velachery,64834183,4694,2,2026-05-11,Sold
3250,Hyderabad,Banjara Hills,31737795,4082,1,2026-06-29,Available
3251,Chennai,Velachery,10992345,1058,5,2026-04-14,Pending
3252,Pune,Wakad,66013604,4501,3,2026-06-29,Sold
3253,Chennai,Adyar,26432701,4874,5,2026-05-19,Pending
3254,Mumbai,Bandra,15033010,2294,2,2026-06-03,Sold
3255,Bengaluru,Electronic City,17818870,1787,3,2026-06-07,Available
3256,Chennai,Velachery,49516349,3805,5,2026-07-02,Pending
3257,Chennai,OMR,5548131,1315,4,2026-05-08,Sold
3258,Bengaluru,HSR Layout,20327026,2775,4,2026-06-26,Pending
3259,Pune,Wakad,20650658,1774,5,2026-05-15,Available
3260,Bengaluru,Whitefield,22177241,3853,2,2026-05-22,Pending
3261,Chennai,Anna Nagar,51695846,3509,2,2026-05-18,Pending
3262,Pune,Hinjewadi,6169209,537,2,2026-06-26,Pending
3263,Chennai,Adyar,5402253,640,2,2026-04-21,Available
3264,Bengaluru,Electronic City,15009043,1615,2,2026-05-13,Sold
3265,Chennai,Anna Nagar,32101175,4774,2,2026-06-15,Available
3266,Chennai,Anna Nagar,3924364,605,3,2026-05-19,Available
3267,Bengaluru,Electronic City,16519902,2847,2,2026-05-13,Pending
3268,Pune,Wakad,43747950,3832,3,2026-04-19,Sold
3269,Chennai,OMR,5408259,914,4,2026-05-08,Sold
3270,Mumbai,Powai,10413338,1505,4,2026-07-08,Pending
3271,Bengaluru,Indiranagar,3780673,603,2,2026-06-23,Pending
3272,Hyderabad,Kukatpally,67983658,4982,3,2026-06-08,Pending
3273,Pune,Kharadi,8634349,1463,2,2026-04-11,Sold
3274,Hyderabad,Miyapur,12286265,1159,4,2026-04-17,Pending
3275,Pune,Wakad,3266522,586,4,2026-06-09,Sold
3276,Chennai,Velachery,10526647,907,5,2026-04-18,Available
3277,Pune,Baner,13332424,1805,5,2026-04-14,Pending
3278,Mumbai,Thane,10277421,1286,5,2026-04-27,Pending
3279,Hyderabad,Miyapur,11619483,991,2,2026-06-20,Sold
3280,Mumbai,Thane,4989882,840,5,2026-07-09,Sold
3281,Pune,Hinjewadi,34885530,2733,1,2026-06-13,Available
3282,Hyderabad,Miyapur,48209636,3721,1,2026-05-21,Available
3283,Mumbai,Thane,63864697,4581,5,2026-06-21,Sold
3284,Hyderabad,Miyapur,14644610,1477,2,2026-04-10,Available
3285,Mumbai,Powai,53701846,4834,1,2026-05-30,Pending
3286,Pune,Hinjewadi,11596128,2534,3,2026-05-19,Sold
3287,Pune,Hinjewadi,16231433,2133,3,2026-06-18,Available
3288,Chennai,Anna Nagar,5963885,568,4,2026-04-22,Available
3289,Bengaluru,HSR Layout,4939048,516,5,2026-06-23,Pending
3290,Mumbai,Bandra,23173217,4907,4,2026-05-04,Pending
3291,Mumbai,Thane,21609426,1973,5,2026-05-14,Pending
3292,Chennai,Velachery,39548785,3016,1,2026-06-22,Sold
3293,Mumbai,Thane,6836396,996,1,2026-05-28,Available
3294,Pune,Baner,32090526,2853,3,2026-05-08,Sold
3295,Mumbai,Thane,24886588,2152,1,2026-06-10,Pending
3296,Pune,Wakad,44372614,4694,2,2026-04-20,Pending
3297,Bengaluru,Whitefield,6270485,900,1,2026-05-04,Sold
3298,Chennai,Adyar,44566183,3130,5,2026-05-02,Available
3299,Hyderabad,Madhapur,14573627,1453,4,2026-05-21,Pending
3300,Pune,Baner,37811134,4399,3,2026-04-22,Sold
3301,Hyderabad,Banjara Hills,45204357,4071,5,2026-06-07,Pending
3302,Pune,Kharadi,57588549,4620,3,2026-06-06,Pending
3303,Hyderabad,Kondapur,46122191,4677,5,2026-07-01,Pending
3304,Chennai,Adyar,37401016,3794,5,2026-06-02,Sold
3305,Mumbai,Bandra,11667520,3007,3,2026-05-05,Sold
3306,Pune,Kharadi,14411948,1461,3,2026-07-01,Pending
3307,Mumbai,Thane,16319744,1303,4,2026-06-16,Sold
3308,Pune,Wakad,46192802,4137,3,2026-07-06,Sold
3309,Pune,Wakad,35183935,2794,4,2026-05-18,Available
3310,Mumbai,Thane,41411259,2940,2,2026-07-06,Available
3311,Mumbai,Thane,4566455,621,4,2026-05-15,Pending
3312,Hyderabad,Gachibowli,42539275,3650,1,2026-04-24,Available
3313,Chennai,Adyar,47141358,3497,3,2026-06-05,Available
3314,Pune,Kharadi,29337689,4068,3,2026-04-11,Pending
3315,Pune,Kharadi,10834429,1377,4,2026-06-14,Pending
3316,Mumbai,Thane,20158485,2490,2,2026-05-30,Pending
3317,Hyderabad,Kondapur,16180372,1264,4,2026-05-13,Sold
3318,Mumbai,Andheri,32289056,4515,2,2026-04-19,Sold
3319,Pune,Hinjewadi,15314389,1683,1,2026-06-07,Pending
3320,Mumbai,Andheri,9160087,1794,4,2026-04-28,Available
3321,Mumbai,Bandra,7348859,1332,5,2026-06-13,Available
3322,Hyderabad,Gachibowli,36750706,4770,4,2026-06-13,Sold
3323,Chennai,Adyar,6529250,869,5,2026-05-14,Pending
3324,Mumbai,Bandra,66293327,4776,4,2026-05-02,Available
3325,Pune,Kharadi,17492387,1929,5,2026-07-06,Pending
3326,Hyderabad,Jubilee Hills,11448343,2441,2,2026-04-16,Available
3327,Mumbai,Powai,29058463,3049,5,2026-05-16,Pending
3328,Bengaluru,Whitefield,25681986,2263,3,2026-06-18,Sold
3329,Mumbai,Powai,28902321,2491,5,2026-05-12,Sold
3330,Mumbai,Andheri,5682992,521,3,2026-06-23,Available
3331,Bengaluru,HSR Layout,31311300,2423,2,2026-07-05,Sold
3332,Mumbai,Thane,46206003,3115,4,2026-06-02,Available
3333,Bengaluru,Electronic City,63947510,4632,4,2026-07-08,Available
3334,Chennai,Adyar,50768142,3446,4,2026-06-30,Available
3335,Chennai,OMR,11122431,2183,5,2026-05-29,Sold
3336,Chennai,OMR,32743415,2556,5,2026-05-29,Pending
3337,Hyderabad,Banjara Hills,13726740,1773,5,2026-05-04,Available
3338,Mumbai,Thane,15803513,1801,5,2026-04-22,Pending
3339,Pune,Kharadi,20907176,3835,2,2026-05-11,Available
3340,Bengaluru,Whitefield,10065736,1252,1,2026-05-04,Sold
3341,Pune,Baner,16758437,1762,4,2026-05-19,Pending
3342,Pune,Baner,41732682,2816,1,2026-06-28,Sold
3343,Mumbai,Powai,20379395,2040,3,2026-04-16,Available
3344,Pune,Kharadi,13206724,2630,5,2026-06-25,Sold
3345,Hyderabad,Banjara Hills,27495579,2297,2,2026-04-30,Sold
3346,Hyderabad,Jubilee Hills,18371517,3197,5,2026-05-03,Available
3347,Pune,Hinjewadi,50928531,4859,4,2026-05-14,Pending
3348,Chennai,Velachery,23411794,3428,2,2026-05-14,Sold
3349,Hyderabad,Miyapur,21352775,3365,5,2026-06-15,Pending
3350,Bengaluru,Indiranagar,32192688,2345,1,2026-06-06,Pending
3351,Chennai,OMR,15392343,1408,5,2026-04-29,Pending
3352,Hyderabad,Kukatpally,17258576,2826,2,2026-06-14,Available
3353,Mumbai,Andheri,24716466,3260,5,2026-06-11,Sold
3354,Hyderabad,Madhapur,23304448,3341,3,2026-06-19,Pending
3355,Pune,Wakad,19978767,2199,4,2026-05-04,Sold
3356,Hyderabad,Kukatpally,4558980,794,5,2026-04-29,Sold
3357,Bengaluru,Whitefield,39810544,4981,1,2026-04-15,Pending
3358,Bengaluru,HSR Layout,29518949,2709,1,2026-06-28,Pending
3359,Bengaluru,Indiranagar,47367345,4291,4,2026-06-26,Available
3360,Pune,Baner,24376669,4982,5,2026-05-27,Pending
3361,Hyderabad,Kukatpally,65956170,4450,4,2026-06-25,Pending
3362,Pune,Hinjewadi,28645557,2001,1,2026-05-07,Sold
3363,Bengaluru,Electronic City,6682346,775,1,2026-05-18,Pending
3364,Chennai,Velachery,39454409,3359,4,2026-05-05,Pending
3365,Bengaluru,HSR Layout,22708578,2416,3,2026-04-27,Pending
3366,Chennai,Velachery,9448640,1969,3,2026-06-10,Sold
3367,Pune,Baner,41375297,4083,4,2026-06-09,Pending
3368,Chennai,OMR,35837639,4178,4,2026-05-08,Sold
3369,Chennai,OMR,21921203,2379,2,2026-06-22,Sold
3370,Chennai,Velachery,4467881,745,4,2026-06-22,Pending
3371,Pune,Hinjewadi,6734556,742,3,2026-04-25,Available
3372,Pune,Baner,29750980,4486,5,2026-07-04,Pending
3373,Mumbai,Andheri,36861252,4690,2,2026-04-22,Pending
3374,Hyderabad,Madhapur,24760137,1768,1,2026-05-21,Pending
3375,Pune,Hinjewadi,3740771,512,1,2026-05-21,Pending
3376,Mumbai,Bandra,16991794,3334,4,2026-05-08,Pending
3377,Mumbai,Thane,27528619,4322,4,2026-04-19,Sold
3378,Mumbai,Andheri,26104756,2750,3,2026-05-18,Sold
3379,Pune,Baner,22345487,2083,4,2026-04-20,Pending
3380,Mumbai,Powai,45912738,4683,5,2026-06-04,Sold
3381,Pune,Hinjewadi,30929123,2883,2,2026-07-01,Sold
3382,Chennai,Velachery,48494339,3410,2,2026-05-11,Pending
3383,Pune,Kharadi,33020330,2670,2,2026-06-11,Available
3384,Mumbai,Thane,29136198,3205,3,2026-05-18,Pending
3385,Hyderabad,Banjara Hills,13495994,2214,1,2026-07-08,Available
3386,Pune,Wakad,13004489,1278,3,2026-05-02,Sold
3387,Hyderabad,Kukatpally,10199331,1231,4,2026-06-21,Sold
3388,Chennai,Velachery,18917125,3708,3,2026-04-23,Pending
3389,Bengaluru,Whitefield,6259462,503,2,2026-06-13,Sold
3390,Chennai,Velachery,41799634,4708,1,2026-06-19,Available
3391,Mumbai,Andheri,47342415,3239,5,2026-04-13,Sold
3392,Bengaluru,Electronic City,34399527,4869,2,2026-06-14,Pending
3393,Chennai,Adyar,18866046,1621,2,2026-04-16,Sold
3394,Mumbai,Thane,62557764,4400,2,2026-06-06,Pending
3395,Hyderabad,Kondapur,37893040,3715,5,2026-05-07,Sold
3396,Bengaluru,HSR Layout,32080184,3046,3,2026-04-10,Available
3397,Hyderabad,Kukatpally,42517773,4935,4,2026-06-02,Sold
3398,Chennai,Anna Nagar,16404836,1236,2,2026-06-19,Sold
3399,Pune,Wakad,49331314,4060,2,2026-06-12,Pending
3400,Hyderabad,Gachibowli,12128826,2022,1,2026-07-09,Pending
3401,Hyderabad,Kukatpally,8848745,1189,5,2026-05-24,Pending
3402,Bengaluru,HSR Layout,20668804,2832,5,2026-04-29,Pending
3403,Chennai,Adyar,13251204,2323,3,2026-06-22,Available
3404,Hyderabad,Kondapur,10673972,2139,1,2026-04-30,Available
3405,Mumbai,Thane,19189009,4511,3,2026-06-04,Pending
3406,Chennai,Velachery,61352380,4933,2,2026-05-06,Pending
3407,Hyderabad,Jubilee Hills,32558524,4456,2,2026-06-30,Available
3408,Mumbai,Powai,19732344,2048,4,2026-06-15,Sold
3409,Bengaluru,HSR Layout,23639696,3314,3,2026-04-10,Sold
3410,Pune,Kharadi,16508145,2563,1,2026-04-24,Available
3411,Bengaluru,Indiranagar,18306419,2010,2,2026-05-01,Available
3412,Hyderabad,Jubilee Hills,28592723,2295,3,2026-06-08,Available
3413,Mumbai,Andheri,43080157,2931,5,2026-05-25,Pending
3414,Bengaluru,Electronic City,30638488,4459,5,2026-05-15,Pending
3415,Chennai,Velachery,26008017,2410,3,2026-04-11,Available
3416,Hyderabad,Miyapur,42881379,3232,3,2026-04-18,Available
3417,Chennai,OMR,9571757,2360,5,2026-05-26,Available
3418,Chennai,Anna Nagar,39358364,3742,2,2026-05-08,Available
3419,Pune,Kharadi,10050137,1795,1,2026-05-01,Sold
3420,Mumbai,Thane,14572618,3293,5,2026-04-10,Available
3421,Bengaluru,Indiranagar,14907140,992,5,2026-06-29,Pending
3422,Mumbai,Bandra,42435087,4166,5,2026-06-04,Pending
3423,Chennai,OMR,11541533,806,1,2026-04-18,Available
3424,Chennai,Velachery,14238154,2510,3,2026-04-23,Pending
3425,Hyderabad,Madhapur,5517698,792,4,2026-05-05,Sold
3426,Bengaluru,HSR Layout,12065625,1475,3,2026-05-23,Pending
3427,Pune,Hinjewadi,42464687,4620,1,2026-07-05,Available
3428,Hyderabad,Kukatpally,35238100,3029,1,2026-06-18,Sold
3429,Chennai,Anna Nagar,30913942,2526,1,2026-05-30,Sold
3430,Chennai,Anna Nagar,8968281,1507,3,2026-06-01,Available
3431,Pune,Hinjewadi,11108010,1134,2,2026-04-13,Available
3432,Mumbai,Andheri,16337187,2692,2,2026-06-30,Sold
3433,Chennai,OMR,29742417,4861,1,2026-04-24,Sold
3434,Hyderabad,Banjara Hills,33251666,3908,3,2026-07-06,Pending
3435,Hyderabad,Jubilee Hills,21059285,2285,5,2026-04-11,Available
3436,Bengaluru,HSR Layout,9567915,1590,2,2026-06-10,Pending
3437,Bengaluru,Indiranagar,31202839,3779,3,2026-06-23,Sold
3438,Bengaluru,Electronic City,62222841,4295,2,2026-06-20,Available
3439,Hyderabad,Kukatpally,13581078,1491,2,2026-06-17,Sold
3440,Mumbai,Bandra,13623388,1186,4,2026-06-27,Sold
3441,Mumbai,Powai,38382164,3454,4,2026-06-15,Sold
3442,Chennai,Adyar,20693270,2767,5,2026-07-03,Available
3443,Chennai,Adyar,44663559,3291,4,2026-05-06,Pending
3444,Pune,Kharadi,26395718,2781,3,2026-04-18,Pending
3445,Hyderabad,Kukatpally,11348178,1734,4,2026-04-12,Pending
3446,Pune,Kharadi,54965930,4491,1,2026-06-03,Available
3447,Mumbai,Bandra,20393360,2740,2,2026-05-30,Sold
3448,Pune,Kharadi,49683965,4245,2,2026-04-17,Sold
3449,Hyderabad,Gachibowli,35637060,2840,3,2026-06-13,Pending
3450,Mumbai,Thane,8944138,1400,2,2026-06-21,Pending
3451,Bengaluru,Indiranagar,30659591,4504,3,2026-05-10,Sold
3452,Hyderabad,Banjara Hills,7283437,1224,3,2026-05-10,Pending
3453,Hyderabad,Madhapur,35106176,3604,3,2026-06-02,Pending
3454,Mumbai,Bandra,8221820,1406,5,2026-06-17,Sold
3455,Bengaluru,HSR Layout,10589691,811,5,2026-06-25,Sold
3456,Pune,Baner,17294331,1968,5,2026-06-19,Available
3457,Bengaluru,Electronic City,17566695,1534,4,2026-06-07,Sold
3458,Mumbai,Bandra,2826351,543,3,2026-06-28,Available
3459,Hyderabad,Kondapur,35859841,2767,3,2026-05-26,Pending
3460,Chennai,Adyar,5876556,620,2,2026-06-09,Sold
3461,Bengaluru,HSR Layout,26065460,4539,3,2026-05-30,Pending
3462,Hyderabad,Kukatpally,15257105,2127,1,2026-04-22,Pending
3463,Mumbai,Andheri,45924562,3305,2,2026-06-03,Pending
3464,Chennai,Anna Nagar,24450786,2120,5,2026-05-01,Sold
3465,Pune,Wakad,31142727,2197,4,2026-07-02,Available
3466,Hyderabad,Jubilee Hills,33957840,2677,4,2026-06-17,Sold
3467,Mumbai,Thane,9739996,1228,3,2026-05-24,Pending
3468,Chennai,OMR,5946276,987,4,2026-05-01,Available
3469,Pune,Hinjewadi,32072844,3079,3,2026-06-27,Pending
3470,Pune,Wakad,21959880,3735,3,2026-05-24,Pending
3471,Bengaluru,HSR Layout,17942027,1340,2,2026-05-01,Sold
3472,Hyderabad,Kukatpally,31774265,4731,2,2026-05-06,Available
3473,Mumbai,Bandra,3483899,514,5,2026-06-13,Pending
3474,Chennai,OMR,9542167,989,1,2026-06-02,Available
3475,Pune,Kharadi,28655060,4410,5,2026-06-18,Available
3476,Chennai,Velachery,6532484,1243,4,2026-06-02,Pending
3477,Chennai,OMR,15333643,2874,2,2026-06-12,Sold
3478,Bengaluru,Electronic City,18056960,2751,3,2026-04-19,Pending
3479,Pune,Hinjewadi,27288907,2228,5,2026-04-30,Available
3480,Chennai,Anna Nagar,28541279,2470,4,2026-06-11,Available
3481,Hyderabad,Kukatpally,46313929,3162,1,2026-06-14,Sold
3482,Mumbai,Andheri,21289067,2293,4,2026-04-27,Pending
3483,Pune,Wakad,42701952,4303,4,2026-06-18,Pending
3484,Mumbai,Thane,20470606,1777,2,2026-05-28,Available
3485,Bengaluru,Whitefield,52307604,4313,5,2026-06-29,Sold
3486,Pune,Kharadi,49883386,4113,3,2026-06-07,Pending
3487,Bengaluru,Electronic City,10598296,1631,4,2026-05-26,Pending
3488,Pune,Wakad,58283957,4255,5,2026-06-24,Sold
3489,Hyderabad,Banjara Hills,41208228,4054,1,2026-04-29,Pending
3490,Chennai,Velachery,27124906,3806,1,2026-04-13,Sold
3491,Bengaluru,Whitefield,14773463,3509,3,2026-05-05,Pending
3492,Hyderabad,Miyapur,14393815,1071,1,2026-05-02,Available
3493,Bengaluru,Whitefield,40850598,2761,5,2026-07-07,Sold
3494,Bengaluru,HSR Layout,27840849,3588,1,2026-07-09,Sold
3495,Chennai,Velachery,17254092,3238,5,2026-05-27,Sold
3496,Hyderabad,Kukatpally,8318393,1618,5,2026-06-04,Pending
3497,Chennai,Adyar,13742407,906,2,2026-05-09,Pending
3498,Hyderabad,Gachibowli,3692896,749,2,2026-07-03,Pending
3499,Pune,Kharadi,43692546,4906,5,2026-06-11,Sold
3500,Chennai,OMR,7865266,748,1,2026-04-20,Sold
3501,Bengaluru,HSR Layout,10904139,1381,4,2026-06-05,Sold
3502,Mumbai,Bandra,29746702,3039,4,2026-04-13,Sold
3503,Bengaluru,Whitefield,44097436,4415,2,2026-06-05,Sold
3504,Mumbai,Powai,29324300,4129,2,2026-05-09,Sold
3505,Hyderabad,Jubilee Hills,36363993,4738,3,2026-07-07,Available
3506,Chennai,Anna Nagar,13223775,1463,2,2026-07-03,Available
3507,Pune,Kharadi,7048349,1042,3,2026-05-24,Sold
3508,Chennai,Adyar,26357752,3800,2,2026-04-30,Sold
3509,Hyderabad,Banjara Hills,27305830,1967,1,2026-06-08,Pending
3510,Hyderabad,Madhapur,30991356,4287,4,2026-05-01,Available
3511,Bengaluru,Electronic City,37942761,2834,1,2026-04-28,Sold
3512,Hyderabad,Banjara Hills,44562295,2994,2,2026-07-05,Sold
3513,Bengaluru,HSR Layout,11602005,2170,3,2026-04-23,Pending
3514,Pune,Hinjewadi,24787763,2060,4,2026-07-04,Sold
3515,Chennai,Adyar,43777688,4780,5,2026-04-27,Pending
3516,Chennai,Anna Nagar,28649812,4511,5,2026-07-05,Available
3517,Hyderabad,Kukatpally,15261287,2482,1,2026-05-31,Available
3518,Chennai,OMR,41352854,3679,3,2026-05-19,Pending
3519,Chennai,OMR,27263588,3939,4,2026-04-30,Pending
3520,Hyderabad,Banjara Hills,5028787,1324,2,2026-04-24,Sold
3521,Chennai,Velachery,2477473,599,5,2026-06-23,Available
3522,Hyderabad,Kondapur,45402199,4530,1,2026-06-17,Pending
3523,Chennai,Anna Nagar,9996450,1140,3,2026-04-25,Available
3524,Chennai,Anna Nagar,12748621,993,3,2026-07-04,Sold
3525,Bengaluru,Indiranagar,32034494,3687,3,2026-04-12,Sold
3526,Hyderabad,Banjara Hills,21092426,3547,2,2026-06-12,Pending
3527,Hyderabad,Kukatpally,25408817,2360,5,2026-04-17,Sold
3528,Bengaluru,HSR Layout,38268310,3383,1,2026-06-10,Available
3529,Bengaluru,HSR Layout,17881598,1976,5,2026-06-13,Pending
3530,Mumbai,Bandra,24118867,2946,4,2026-07-02,Pending
3531,Chennai,OMR,52360398,3696,5,2026-06-12,Sold
3532,Chennai,Anna Nagar,28555613,2173,2,2026-07-09,Pending
3533,Hyderabad,Kondapur,25416531,2490,2,2026-07-07,Sold
3534,Pune,Kharadi,63936712,4378,2,2026-05-28,Pending
3535,Chennai,OMR,64705040,4315,3,2026-05-29,Sold
3536,Mumbai,Bandra,36578337,2643,3,2026-05-10,Sold
3537,Bengaluru,Whitefield,6965051,1180,2,2026-05-24,Sold
3538,Bengaluru,Indiranagar,27802652,4600,2,2026-04-19,Available
3539,Hyderabad,Jubilee Hills,35592455,3204,1,2026-05-05,Sold
3540,Pune,Kharadi,24154838,2370,3,2026-06-08,Sold
3541,Hyderabad,Madhapur,23261996,2293,5,2026-06-30,Available
3542,Mumbai,Powai,14809720,1157,2,2026-04-13,Pending
3543,Pune,Wakad,10383558,1717,3,2026-05-21,Sold
3544,Hyderabad,Gachibowli,12980437,1849,3,2026-06-07,Sold
3545,Bengaluru,Whitefield,7147506,851,4,2026-05-15,Sold
3546,Chennai,Velachery,39619477,3332,1,2026-04-30,Available
3547,Pune,Wakad,12553990,2593,5,2026-07-06,Sold
3548,Hyderabad,Kondapur,6985049,604,2,2026-04-25,Pending
3549,Mumbai,Thane,17378962,2520,2,2026-07-03,Pending
3550,Chennai,Anna Nagar,4418541,815,1,2026-05-01,Pending
3551,Hyderabad,Gachibowli,19266540,2657,5,2026-06-20,Available
3552,Chennai,Anna Nagar,64752085,4837,4,2026-06-04,Pending
3553,Hyderabad,Kukatpally,27713434,3971,1,2026-06-30,Pending
3554,Pune,Baner,3692172,563,4,2026-05-15,Available
3555,Pune,Hinjewadi,22856554,3002,5,2026-04-14,Sold
3556,Mumbai,Bandra,40768843,4446,3,2026-06-04,Pending
3557,Chennai,Velachery,19872195,1860,2,2026-05-20,Pending
3558,Pune,Wakad,38879138,4275,5,2026-05-07,Pending
3559,Chennai,Anna Nagar,39617638,2761,2,2026-07-08,Available
3560,Mumbai,Bandra,18926735,2554,5,2026-04-25,Sold
3561,Bengaluru,HSR Layout,11560504,1191,4,2026-07-03,Sold
3562,Mumbai,Bandra,34130016,2273,5,2026-04-15,Pending
3563,Chennai,Velachery,16806896,3470,4,2026-06-02,Sold
3564,Bengaluru,Indiranagar,4675327,882,3,2026-04-12,Sold
3565,Mumbai,Powai,34436888,2582,5,2026-05-26,Sold
3566,Mumbai,Thane,8457452,1341,4,2026-06-08,Sold
3567,Hyderabad,Jubilee Hills,11298917,1550,3,2026-04-17,Available
3568,Pune,Hinjewadi,22018127,1836,3,2026-05-30,Pending
3569,Chennai,OMR,20877528,2211,2,2026-05-16,Available
3570,Bengaluru,Electronic City,7879445,686,2,2026-05-29,Sold
3571,Bengaluru,HSR Layout,11563267,1669,3,2026-04-18,Sold
3572,Chennai,OMR,8642469,1122,3,2026-05-05,Available
3573,Mumbai,Thane,62438311,4604,4,2026-06-23,Pending
3574,Pune,Hinjewadi,49205397,4562,2,2026-06-16,Sold
3575,Chennai,OMR,32655244,2474,4,2026-07-09,Pending
3576,Pune,Kharadi,9832963,1254,3,2026-07-06,Sold
3577,Mumbai,Powai,16885153,2732,2,2026-04-12,Sold
3578,Hyderabad,Kukatpally,44977876,4075,3,2026-04-24,Available
3579,Hyderabad,Jubilee Hills,4791103,813,3,2026-05-12,Sold
3580,Bengaluru,Whitefield,29051351,2218,1,2026-05-13,Available
3581,Pune,Baner,5823903,552,5,2026-05-24,Available
3582,Mumbai,Andheri,35391774,4346,1,2026-06-19,Available
3583,Bengaluru,Indiranagar,6504528,1658,3,2026-04-18,Sold
3584,Hyderabad,Kukatpally,12327220,969,2,2026-06-23,Pending
3585,Bengaluru,Indiranagar,9410467,1312,2,2026-05-05,Available
3586,Mumbai,Andheri,9784605,1646,1,2026-06-03,Sold
3587,Hyderabad,Jubilee Hills,38626167,3830,1,2026-05-15,Pending
3588,Chennai,Anna Nagar,13318581,2860,3,2026-06-15,Sold
3589,Bengaluru,Electronic City,12523807,1841,4,2026-05-18,Available
3590,Chennai,Velachery,10530075,1600,5,2026-05-15,Available
3591,Chennai,Adyar,35015053,3018,1,2026-06-09,Available
3592,Pune,Baner,14128121,1090,4,2026-05-16,Sold
3593,Pune,Hinjewadi,37812294,2729,3,2026-05-10,Pending
3594,Chennai,Velachery,8330276,1207,1,2026-04-21,Available
3595,Mumbai,Andheri,15257721,2525,2,2026-04-22,Pending
3596,Pune,Hinjewadi,22644181,4549,5,2026-05-20,Pending
3597,Chennai,Adyar,19640802,1634,3,2026-07-06,Pending
3598,Mumbai,Andheri,16936396,2853,4,2026-05-28,Available
3599,Chennai,Velachery,12007749,848,3,2026-07-09,Sold
3600,Mumbai,Andheri,29509344,4306,1,2026-05-09,Available
3601,Pune,Baner,40990550,4359,2,2026-07-04,Sold
3602,Hyderabad,Kukatpally,33253276,2691,5,2026-05-26,Available
3603,Chennai,Anna Nagar,12561570,2622,2,2026-06-08,Pending
3604,Pune,Hinjewadi,35613966,2662,1,2026-04-18,Pending
3605,Mumbai,Powai,13843334,1517,5,2026-06-07,Pending
3606,Hyderabad,Kukatpally,40236654,3532,4,2026-05-25,Available
3607,Chennai,Anna Nagar,8474625,1154,4,2026-05-19,Sold
3608,Bengaluru,Electronic City,17943909,4125,2,2026-06-09,Sold
3609,Bengaluru,HSR Layout,14231371,1548,3,2026-05-04,Available
3610,Chennai,OMR,9737764,1769,2,2026-05-29,Sold
3611,Mumbai,Powai,19135714,3044,1,2026-06-20,Available
3612,Hyderabad,Banjara Hills,5899163,680,1,2026-05-24,Pending
3613,Pune,Baner,31126830,3357,5,2026-05-09,Available
3614,Mumbai,Bandra,47104605,3460,1,2026-05-18,Available
3615,Chennai,Adyar,16368502,2194,4,2026-05-14,Available
3616,Hyderabad,Madhapur,46004945,3974,5,2026-06-16,Sold
3617,Hyderabad,Jubilee Hills,18224504,3798,1,2026-04-24,Sold
3618,Mumbai,Powai,59657751,4570,3,2026-05-20,Sold
3619,Bengaluru,Whitefield,34888439,2723,1,2026-06-05,Pending
3620,Pune,Baner,17538670,1842,3,2026-05-16,Pending
3621,Hyderabad,Kondapur,29167797,2603,5,2026-06-05,Available
3622,Chennai,Adyar,5769548,700,1,2026-04-22,Available
3623,Mumbai,Thane,23192481,3256,2,2026-04-29,Sold
3624,Bengaluru,Electronic City,11268428,2164,2,2026-06-15,Sold
3625,Pune,Kharadi,10651324,1929,5,2026-05-12,Available
3626,Bengaluru,HSR Layout,39326096,4569,4,2026-07-06,Available
3627,Bengaluru,Indiranagar,9639001,1077,4,2026-06-12,Sold
3628,Hyderabad,Kondapur,12838201,1311,3,2026-07-04,Pending
3629,Hyderabad,Kondapur,35429761,4739,3,2026-06-01,Available
3630,Mumbai,Powai,14624541,2134,4,2026-05-24,Sold
3631,Mumbai,Thane,21776000,2887,5,2026-06-11,Available
3632,Mumbai,Powai,35177365,4384,1,2026-06-09,Pending
3633,Chennai,Anna Nagar,20663374,3918,1,2026-06-05,Available
3634,Chennai,Adyar,22662562,4056,4,2026-07-08,Sold
3635,Bengaluru,Indiranagar,8705855,1644,4,2026-05-18,Pending
3636,Hyderabad,Madhapur,26378718,4923,1,2026-04-11,Pending
3637,Mumbai,Thane,17192992,1928,4,2026-04-28,Available
3638,Pune,Kharadi,26115689,2402,3,2026-07-04,Sold
3639,Pune,Wakad,40068196,3601,3,2026-06-18,Sold
3640,Pune,Baner,3121747,764,3,2026-04-17,Available
3641,Bengaluru,Electronic City,11716889,1286,3,2026-06-23,Pending
3642,Pune,Baner,28930054,2779,2,2026-06-08,Available
3643,Mumbai,Powai,19218225,1943,1,2026-04-26,Available
3644,Mumbai,Powai,22158135,2441,4,2026-06-15,Pending
3645,Hyderabad,Miyapur,5841133,1207,3,2026-05-14,Pending
3646,Pune,Hinjewadi,11047158,1028,2,2026-04-19,Pending
3647,Hyderabad,Kukatpally,7430719,1045,4,2026-07-08,Available
3648,Bengaluru,HSR Layout,67428045,4912,4,2026-06-24,Sold
3649,Hyderabad,Jubilee Hills,61676759,4263,5,2026-05-11,Sold
3650,Bengaluru,Whitefield,26036464,3596,3,2026-04-26,Sold
3651,Hyderabad,Gachibowli,13591988,2376,4,2026-05-17,Sold
3652,Bengaluru,Indiranagar,23444544,1959,2,2026-07-02,Pending
3653,Hyderabad,Madhapur,38224573,4943,2,2026-07-05,Sold
3654,Hyderabad,Banjara Hills,32344854,3031,2,2026-06-08,Pending
3655,Hyderabad,Miyapur,21771248,1559,1,2026-06-17,Pending
3656,Mumbai,Powai,17461023,1573,5,2026-05-22,Available
3657,Chennai,Adyar,65795222,4620,2,2026-05-13,Pending
3658,Bengaluru,HSR Layout,19926020,4586,1,2026-05-05,Sold
3659,Chennai,Anna Nagar,32005844,2978,4,2026-05-15,Pending
3660,Mumbai,Powai,11354313,754,5,2026-06-12,Pending
3661,Mumbai,Thane,48073480,4330,3,2026-04-20,Pending
3662,Mumbai,Andheri,17400186,2483,4,2026-05-08,Available
3663,Bengaluru,Electronic City,41220942,4292,4,2026-05-30,Available
3664,Hyderabad,Miyapur,70338727,4963,4,2026-04-28,Pending
3665,Chennai,Velachery,46478675,4993,1,2026-06-28,Sold
3666,Bengaluru,Indiranagar,26584778,3063,4,2026-05-24,Pending
3667,Hyderabad,Miyapur,31545354,3052,2,2026-06-06,Pending
3668,Hyderabad,Kondapur,18729374,2256,1,2026-05-29,Sold
3669,Hyderabad,Kukatpally,64543379,4978,2,2026-06-16,Sold
3670,Hyderabad,Banjara Hills,10410902,1799,5,2026-05-22,Pending
3671,Hyderabad,Kondapur,7814639,531,3,2026-04-24,Available
3672,Bengaluru,Electronic City,18661368,3574,5,2026-05-19,Pending
3673,Pune,Baner,36441144,4990,2,2026-04-16,Sold
3674,Mumbai,Bandra,22797041,4771,4,2026-06-25,Sold
3675,Mumbai,Powai,12713330,962,4,2026-05-11,Sold
3676,Bengaluru,Electronic City,44924618,4308,3,2026-06-15,Sold
3677,Bengaluru,Electronic City,43528559,4322,2,2026-06-13,Pending
3678,Chennai,Anna Nagar,49274449,4270,1,2026-05-23,Available
3679,Mumbai,Bandra,34278274,4571,1,2026-05-24,Pending
3680,Bengaluru,HSR Layout,9474489,1127,5,2026-05-09,Pending
3681,Bengaluru,Whitefield,11401474,1975,1,2026-05-08,Sold
3682,Bengaluru,HSR Layout,20658878,3415,5,2026-04-17,Pending
3683,Chennai,Adyar,34899697,3681,2,2026-06-03,Pending
3684,Mumbai,Bandra,32683084,4049,4,2026-06-23,Sold
3685,Bengaluru,Whitefield,62275093,4846,4,2026-06-21,Available
3686,Mumbai,Thane,33267374,3028,5,2026-06-12,Available
3687,Hyderabad,Madhapur,10348181,1576,1,2026-06-11,Sold
3688,Bengaluru,HSR Layout,31785621,4572,3,2026-05-25,Sold
3689,Bengaluru,HSR Layout,9972920,1812,4,2026-07-07,Sold
3690,Chennai,Anna Nagar,28070003,1867,4,2026-07-05,Sold
3691,Hyderabad,Madhapur,25564130,4547,2,2026-05-27,Sold
3692,Pune,Kharadi,42090366,4687,5,2026-05-13,Available
3693,Bengaluru,Whitefield,34814426,3149,1,2026-07-04,Available
3694,Bengaluru,Electronic City,25958766,2921,4,2026-04-23,Available
3695,Chennai,Anna Nagar,19697543,1450,4,2026-05-30,Sold
3696,Hyderabad,Jubilee Hills,42218697,3381,2,2026-06-09,Available
3697,Mumbai,Andheri,3069366,714,1,2026-06-29,Pending
3698,Pune,Kharadi,8753183,1712,2,2026-05-01,Pending
3699,Chennai,Adyar,45538108,3569,5,2026-05-23,Pending
3700,Hyderabad,Miyapur,60257167,4848,4,2026-04-30,Pending
3701,Hyderabad,Jubilee Hills,35839947,3913,1,2026-06-06,Available
3702,Mumbai,Andheri,11235121,923,2,2026-05-07,Sold
3703,Mumbai,Powai,17268251,1435,2,2026-05-09,Sold
3704,Chennai,Anna Nagar,31086811,2276,2,2026-06-11,Available
3705,Mumbai,Powai,17662715,3729,5,2026-05-18,Pending
3706,Mumbai,Andheri,7216766,589,5,2026-06-04,Sold
3707,Mumbai,Powai,3701173,643,1,2026-04-10,Sold
3708,Pune,Wakad,13501525,1446,1,2026-05-06,Pending
3709,Mumbai,Powai,26346561,2396,4,2026-05-02,Available
3710,Hyderabad,Kondapur,23182813,2262,4,2026-07-05,Available
3711,Pune,Wakad,11067148,1208,5,2026-05-31,Available
3712,Pune,Baner,20754538,1808,3,2026-05-22,Sold
3713,Hyderabad,Madhapur,13281351,1773,1,2026-06-05,Pending
3714,Chennai,Velachery,17897811,1984,3,2026-05-13,Sold
3715,Bengaluru,Whitefield,42740333,4203,1,2026-07-06,Available
3716,Pune,Wakad,18185654,1216,2,2026-05-21,Sold
3717,Hyderabad,Miyapur,15862691,1320,3,2026-05-16,Available
3718,Hyderabad,Kukatpally,23352503,2212,2,2026-05-09,Sold
3719,Mumbai,Andheri,43185123,3781,2,2026-04-17,Pending
3720,Hyderabad,Madhapur,16275925,2334,3,2026-06-18,Sold
3721,Bengaluru,HSR Layout,5821150,653,2,2026-06-26,Available
3722,Hyderabad,Madhapur,22515146,1845,3,2026-05-06,Sold
3723,Mumbai,Powai,18791255,3478,3,2026-05-31,Available
3724,Mumbai,Bandra,24772213,1678,2,2026-05-08,Pending
3725,Mumbai,Andheri,9749259,913,1,2026-05-23,Available
3726,Mumbai,Thane,37814353,3024,3,2026-05-14,Pending
3727,Bengaluru,Indiranagar,55942765,3967,2,2026-06-02,Available
3728,Chennai,OMR,35157716,3453,1,2026-07-02,Pending
3729,Hyderabad,Gachibowli,38370705,2878,1,2026-06-06,Pending
3730,Mumbai,Bandra,25320406,2606,5,2026-05-15,Sold
3731,Pune,Baner,39993405,3340,4,2026-04-29,Pending
3732,Bengaluru,HSR Layout,35260130,3327,1,2026-05-06,Pending
3733,Chennai,OMR,5434916,506,3,2026-04-28,Pending
3734,Mumbai,Andheri,17880227,3268,5,2026-07-06,Sold
3735,Pune,Wakad,62526303,4411,4,2026-04-21,Sold
3736,Chennai,OMR,33750500,2988,2,2026-04-18,Sold
3737,Pune,Kharadi,12876704,1641,3,2026-04-23,Pending
3738,Hyderabad,Miyapur,13025058,1384,1,2026-06-10,Pending
3739,Bengaluru,HSR Layout,14657427,2064,3,2026-06-03,Pending
3740,Hyderabad,Miyapur,30188861,2917,2,2026-05-27,Pending
3741,Chennai,Anna Nagar,15341425,1598,2,2026-06-03,Sold
3742,Pune,Hinjewadi,17030015,2809,2,2026-04-24,Pending
3743,Hyderabad,Kondapur,13633529,1546,2,2026-05-27,Sold
3744,Bengaluru,Whitefield,11938900,2628,4,2026-05-21,Pending
3745,Mumbai,Bandra,33965056,3031,4,2026-06-13,Pending
3746,Mumbai,Andheri,52990830,3907,4,2026-06-02,Sold
3747,Pune,Hinjewadi,48746796,4083,4,2026-05-27,Pending
3748,Chennai,Adyar,17340339,2858,3,2026-04-16,Available
3749,Mumbai,Powai,32191943,2158,5,2026-06-26,Available
3750,Pune,Kharadi,41594170,4019,5,2026-04-13,Sold
3751,Chennai,Adyar,14384922,1692,4,2026-06-09,Sold
3752,Pune,Baner,8603714,1436,2,2026-06-06,Available
3753,Bengaluru,HSR Layout,9326837,2318,3,2026-07-09,Sold
3754,Hyderabad,Banjara Hills,7847218,1705,5,2026-07-06,Available
3755,Chennai,Velachery,51590905,3680,1,2026-06-18,Sold
3756,Pune,Hinjewadi,23198878,2013,1,2026-04-24,Pending
3757,Chennai,Anna Nagar,32063896,2967,3,2026-06-25,Available
3758,Hyderabad,Kukatpally,12372292,1634,1,2026-04-20,Sold
3759,Mumbai,Bandra,43018231,3535,4,2026-06-21,Pending
3760,Bengaluru,Indiranagar,6326607,1391,5,2026-05-27,Pending
3761,Hyderabad,Kondapur,17221849,2113,3,2026-06-02,Available
3762,Bengaluru,HSR Layout,10566020,1701,3,2026-04-14,Sold
3763,Chennai,Anna Nagar,37013726,3575,1,2026-04-25,Sold
3764,Pune,Wakad,21786037,3598,5,2026-06-25,Sold
3765,Pune,Hinjewadi,27248619,2216,2,2026-05-21,Available
3766,Bengaluru,Indiranagar,51699108,3887,3,2026-04-21,Sold
3767,Hyderabad,Miyapur,5656592,1310,4,2026-05-02,Pending
3768,Chennai,Adyar,10734871,2290,5,2026-06-20,Sold
3769,Mumbai,Bandra,16406210,1791,5,2026-05-12,Available
3770,Hyderabad,Gachibowli,23248710,4100,4,2026-04-30,Pending
3771,Bengaluru,Electronic City,6325249,1660,3,2026-04-22,Sold
3772,Pune,Kharadi,22490343,4331,1,2026-06-13,Pending
3773,Mumbai,Thane,22509450,3110,4,2026-05-12,Pending
3774,Bengaluru,Electronic City,35219550,3827,5,2026-05-29,Sold
3775,Mumbai,Bandra,9187734,941,5,2026-04-14,Available
3776,Mumbai,Andheri,6410484,781,1,2026-05-14,Pending
3777,Pune,Hinjewadi,31930592,2903,1,2026-06-05,Available
3778,Hyderabad,Jubilee Hills,23694083,2831,5,2026-05-19,Pending
3779,Pune,Kharadi,33824243,2924,5,2026-05-24,Available
3780,Bengaluru,Electronic City,29626132,2496,2,2026-05-07,Sold
3781,Pune,Kharadi,23836436,3555,1,2026-05-27,Pending
3782,Mumbai,Andheri,4997089,620,5,2026-05-04,Pending
3783,Chennai,OMR,34260643,2353,4,2026-06-05,Available
3784,Bengaluru,Indiranagar,49673141,4833,3,2026-04-10,Available
3785,Chennai,Anna Nagar,53367052,4470,2,2026-04-23,Sold
3786,Pune,Baner,56939772,3861,2,2026-06-05,Available
3787,Pune,Hinjewadi,22979249,1883,3,2026-05-19,Available
3788,Hyderabad,Miyapur,17697900,4239,1,2026-05-31,Available
3789,Hyderabad,Madhapur,75141005,4992,2,2026-07-01,Available
3790,Hyderabad,Gachibowli,29244252,2524,4,2026-06-28,Available
3791,Pune,Baner,27547996,2716,2,2026-05-17,Sold
3792,Bengaluru,HSR Layout,7491318,652,4,2026-04-14,Pending
3793,Pune,Kharadi,5498719,554,2,2026-05-10,Pending
3794,Hyderabad,Banjara Hills,17218661,3971,1,2026-07-01,Available
3795,Pune,Wakad,9297800,1845,5,2026-05-04,Available
3796,Bengaluru,Indiranagar,6388490,1129,1,2026-04-20,Pending
3797,Bengaluru,Electronic City,63940174,4537,5,2026-05-05,Pending
3798,Hyderabad,Miyapur,36166376,4350,2,2026-04-21,Available
3799,Chennai,Anna Nagar,34354917,2792,1,2026-04-20,Pending
3800,Chennai,Anna Nagar,41721851,2964,5,2026-06-11,Available
3801,Pune,Hinjewadi,35518797,4694,2,2026-04-30,Pending
3802,Bengaluru,Electronic City,18049208,2048,2,2026-05-05,Sold
3803,Mumbai,Thane,51834719,3963,5,2026-05-27,Sold
3804,Chennai,Anna Nagar,28570255,2514,1,2026-04-30,Available
3805,Mumbai,Powai,16288155,2257,5,2026-05-27,Pending
3806,Chennai,OMR,30560552,3033,5,2026-05-13,Sold
3807,Mumbai,Bandra,9754586,773,5,2026-04-25,Pending
3808,Chennai,Adyar,24081260,1944,3,2026-05-16,Sold
3809,Mumbai,Thane,12447462,1152,4,2026-05-02,Sold
3810,Mumbai,Thane,60280177,4978,1,2026-05-31,Pending
3811,Hyderabad,Miyapur,29680738,2785,1,2026-05-19,Sold
3812,Pune,Hinjewadi,41573854,4932,1,2026-05-07,Pending
3813,Mumbai,Powai,3252479,514,5,2026-04-30,Pending
3814,Bengaluru,Electronic City,10176679,2060,1,2026-05-09,Available
3815,Bengaluru,Whitefield,26444628,2096,3,2026-06-10,Pending
3816,Chennai,Anna Nagar,35914890,3949,5,2026-06-15,Available
3817,Mumbai,Thane,41919290,2842,4,2026-04-30,Pending
3818,Hyderabad,Miyapur,25796395,3285,5,2026-04-19,Pending
3819,Hyderabad,Kondapur,18871947,2471,4,2026-05-06,Sold
3820,Chennai,OMR,11027729,1543,1,2026-04-29,Sold
3821,Mumbai,Thane,7310182,1749,1,2026-07-09,Pending
3822,Mumbai,Andheri,23121919,3632,5,2026-06-02,Available
3823,Hyderabad,Madhapur,5957852,1138,1,2026-06-13,Sold
3824,Chennai,Adyar,19471862,4018,3,2026-05-20,Pending
3825,Mumbai,Thane,26272963,3590,2,2026-05-28,Sold
3826,Pune,Hinjewadi,63487276,4534,2,2026-06-29,Available
3827,Pune,Hinjewadi,54667743,3904,1,2026-06-27,Available
3828,Mumbai,Thane,12830371,1742,3,2026-06-09,Pending
3829,Chennai,OMR,35622233,4551,5,2026-06-06,Pending
3830,Bengaluru,Whitefield,46570718,3871,5,2026-05-21,Pending
3831,Hyderabad,Kukatpally,8369156,1421,1,2026-06-01,Available
3832,Pune,Kharadi,4147610,758,1,2026-05-27,Sold
3833,Bengaluru,HSR Layout,24130251,1771,5,2026-07-06,Sold
3834,Chennai,OMR,21759571,2936,3,2026-05-31,Available
3835,Bengaluru,HSR Layout,20036111,3127,3,2026-06-28,Sold
3836,Chennai,Anna Nagar,23435304,1549,4,2026-05-20,Available
3837,Pune,Kharadi,17230244,3588,3,2026-06-24,Sold
3838,Pune,Baner,58881049,4111,4,2026-06-19,Pending
3839,Pune,Wakad,40805635,3536,5,2026-07-05,Pending
3840,Hyderabad,Banjara Hills,6608966,1041,3,2026-04-14,Pending
3841,Pune,Hinjewadi,31093420,2711,4,2026-04-20,Pending
3842,Pune,Baner,25303826,2052,2,2026-05-05,Pending
3843,Pune,Hinjewadi,23200804,1910,4,2026-05-11,Sold
3844,Hyderabad,Madhapur,31263800,4989,5,2026-04-16,Sold
3845,Chennai,Velachery,6826528,920,2,2026-06-26,Sold
3846,Mumbai,Andheri,44910938,4744,1,2026-05-08,Sold
3847,Pune,Wakad,3447257,618,3,2026-06-06,Sold
3848,Chennai,OMR,25652878,3366,3,2026-06-23,Available
3849,Chennai,Velachery,19093888,2707,3,2026-05-09,Pending
3850,Hyderabad,Gachibowli,34455706,4973,4,2026-06-28,Sold
3851,Mumbai,Thane,71330810,4792,5,2026-05-25,Available
3852,Pune,Kharadi,14012306,2555,1,2026-05-17,Pending
3853,Mumbai,Thane,44979297,4965,2,2026-06-27,Sold
3854,Bengaluru,HSR Layout,13101695,1106,3,2026-04-13,Available
3855,Pune,Hinjewadi,8693386,932,5,2026-06-10,Available
3856,Hyderabad,Gachibowli,51367314,4067,3,2026-05-23,Pending
3857,Mumbai,Powai,8761293,2132,5,2026-07-09,Available
3858,Hyderabad,Kukatpally,56970277,3823,2,2026-05-03,Available
3859,Pune,Wakad,26173921,2236,5,2026-04-21,Pending
3860,Hyderabad,Gachibowli,19331793,1801,5,2026-07-08,Pending
3861,Bengaluru,HSR Layout,26425484,3587,3,2026-05-28,Pending
3862,Hyderabad,Kukatpally,23401971,3659,4,2026-06-28,Pending
3863,Pune,Kharadi,48307765,4219,2,2026-05-31,Pending
3864,Hyderabad,Kukatpally,31549919,3770,5,2026-06-22,Sold
3865,Hyderabad,Kondapur,22002373,2587,5,2026-07-01,Pending
3866,Hyderabad,Madhapur,12661316,1644,1,2026-04-27,Sold
3867,Mumbai,Andheri,41614669,3233,4,2026-06-02,Sold
3868,Chennai,OMR,37685493,2790,4,2026-07-03,Pending
3869,Hyderabad,Miyapur,11866660,1595,1,2026-04-16,Sold
3870,Bengaluru,Electronic City,30878487,3121,3,2026-06-12,Available
3871,Hyderabad,Miyapur,24961816,2768,2,2026-05-12,Available
3872,Mumbai,Thane,20152759,2590,2,2026-04-28,Pending
3873,Hyderabad,Madhapur,28226846,2184,3,2026-06-19,Available
3874,Bengaluru,Whitefield,3688242,528,4,2026-05-10,Available
3875,Chennai,Adyar,47034187,4764,5,2026-07-07,Pending
3876,Mumbai,Bandra,22579963,1781,2,2026-06-19,Sold
3877,Pune,Kharadi,28120370,3047,2,2026-06-29,Available
3878,Pune,Kharadi,21413077,1608,1,2026-06-07,Available
3879,Chennai,Adyar,10875012,1588,3,2026-06-18,Available
3880,Bengaluru,HSR Layout,20932277,1380,2,2026-04-11,Available
3881,Pune,Wakad,40050430,4955,5,2026-05-16,Available
3882,Bengaluru,HSR Layout,23887294,4403,5,2026-06-13,Available
3883,Chennai,Anna Nagar,44397374,3439,5,2026-05-03,Available
3884,Mumbai,Powai,31691905,2493,2,2026-06-19,Sold
3885,Chennai,OMR,25130160,2635,3,2026-07-05,Pending
3886,Chennai,Velachery,32828661,2444,5,2026-04-25,Sold
3887,Bengaluru,Electronic City,6264420,526,5,2026-07-05,Available
3888,Bengaluru,Electronic City,17380854,1528,5,2026-05-07,Pending
3889,Bengaluru,Whitefield,68832094,4571,4,2026-04-18,Pending
3890,Pune,Baner,3530335,655,1,2026-04-23,Pending
3891,Pune,Hinjewadi,30020706,2007,4,2026-05-25,Available
3892,Hyderabad,Kukatpally,29708250,2537,2,2026-05-04,Sold
3893,Chennai,Adyar,28309597,1920,3,2026-04-11,Pending
3894,Bengaluru,Electronic City,5970522,1290,2,2026-07-01,Available
3895,Chennai,Adyar,16175750,2857,5,2026-05-05,Available
3896,Bengaluru,HSR Layout,16192297,3520,3,2026-06-12,Available
3897,Bengaluru,Electronic City,41093431,3641,1,2026-04-26,Pending
3898,Hyderabad,Kondapur,40193946,4499,5,2026-06-23,Available
3899,Hyderabad,Madhapur,26132294,2051,5,2026-06-03,Available
3900,Chennai,Velachery,37357692,2797,2,2026-04-22,Pending
3901,Chennai,Anna Nagar,6171824,682,1,2026-04-13,Pending
3902,Hyderabad,Miyapur,40478125,3604,2,2026-07-05,Sold
3903,Pune,Baner,7750004,672,2,2026-06-05,Pending
3904,Mumbai,Andheri,46810224,3895,2,2026-04-19,Pending
3905,Chennai,Adyar,57542240,4552,3,2026-06-29,Sold
3906,Chennai,Velachery,6826749,526,1,2026-07-09,Pending
3907,Hyderabad,Gachibowli,35766229,3167,1,2026-04-22,Sold
3908,Bengaluru,Indiranagar,9819877,1057,4,2026-05-06,Sold
3909,Mumbai,Andheri,20994979,3881,2,2026-05-22,Sold
3910,Pune,Hinjewadi,50568780,4085,2,2026-06-09,Available
3911,Hyderabad,Gachibowli,31735954,2351,4,2026-04-25,Sold
3912,Hyderabad,Miyapur,7274739,1038,1,2026-07-01,Pending
3913,Hyderabad,Kukatpally,16091351,1312,3,2026-05-27,Available
3914,Chennai,Velachery,7074830,1214,1,2026-04-26,Available
3915,Mumbai,Andheri,7737567,957,2,2026-05-03,Available
3916,Bengaluru,Indiranagar,11562780,2509,2,2026-06-26,Pending
3917,Hyderabad,Banjara Hills,46748365,4043,5,2026-07-02,Sold
3918,Hyderabad,Jubilee Hills,56068026,3839,4,2026-06-05,Available
3919,Mumbai,Powai,37220571,4895,4,2026-05-16,Sold
3920,Bengaluru,Electronic City,7638025,1071,4,2026-06-21,Pending
3921,Pune,Hinjewadi,10668316,1441,5,2026-04-10,Sold
3922,Bengaluru,HSR Layout,43586898,4109,2,2026-05-14,Pending
3923,Pune,Hinjewadi,21988013,1924,2,2026-05-15,Pending
3924,Bengaluru,Whitefield,21881705,3465,2,2026-04-18,Pending
3925,Mumbai,Thane,7178917,944,4,2026-06-08,Pending
3926,Hyderabad,Gachibowli,23392527,1618,3,2026-04-26,Pending
3927,Hyderabad,Kukatpally,32383607,3703,3,2026-06-14,Sold
3928,Bengaluru,Indiranagar,18492978,1607,4,2026-06-08,Pending
3929,Chennai,Velachery,23530248,3076,3,2026-04-27,Pending
3930,Pune,Baner,53709582,4721,3,2026-06-06,Available
3931,Pune,Hinjewadi,45878792,4722,5,2026-05-17,Pending
3932,Mumbai,Bandra,21921863,1687,2,2026-06-13,Sold
3933,Chennai,Anna Nagar,52110677,4827,2,2026-04-23,Pending
3934,Chennai,Velachery,52050529,4235,5,2026-04-24,Pending
3935,Hyderabad,Kondapur,5939427,1309,3,2026-04-12,Available
3936,Hyderabad,Madhapur,17594509,2156,5,2026-06-19,Pending
3937,Bengaluru,HSR Layout,23278859,4236,3,2026-05-28,Available
3938,Bengaluru,HSR Layout,30059271,2287,2,2026-06-13,Sold
3939,Pune,Baner,12062656,1588,4,2026-05-04,Sold
3940,Chennai,Anna Nagar,24719189,3779,2,2026-05-05,Sold
3941,Chennai,Anna Nagar,44970215,4240,5,2026-06-12,Pending
3942,Mumbai,Bandra,36525072,4995,1,2026-05-07,Pending
3943,Hyderabad,Madhapur,13920403,1236,1,2026-05-17,Sold
3944,Bengaluru,Electronic City,40143730,4441,3,2026-06-21,Pending
3945,Bengaluru,Electronic City,33787169,4494,1,2026-05-26,Sold
3946,Pune,Hinjewadi,37812998,3262,1,2026-05-21,Sold
3947,Pune,Wakad,34767709,2796,3,2026-05-30,Available
3948,Pune,Baner,41855792,4591,3,2026-04-11,Sold
3949,Mumbai,Thane,15071510,2010,5,2026-07-04,Available
3950,Hyderabad,Banjara Hills,3356246,628,3,2026-04-21,Pending
3951,Pune,Baner,17558397,3105,4,2026-06-03,Pending
3952,Chennai,Velachery,37042213,2572,4,2026-06-08,Available
3953,Bengaluru,Whitefield,52574665,3691,5,2026-07-08,Available
3954,Pune,Kharadi,14427277,2462,4,2026-05-31,Sold
3955,Pune,Baner,13841700,1116,1,2026-04-26,Pending
3956,Bengaluru,Whitefield,19678795,4153,1,2026-07-03,Available
3957,Hyderabad,Kukatpally,16653555,1141,4,2026-05-25,Pending
3958,Mumbai,Thane,68300324,4924,1,2026-04-21,Pending
3959,Pune,Kharadi,50566641,4790,4,2026-05-17,Sold
3960,Mumbai,Andheri,31239541,2752,3,2026-06-12,Available
3961,Hyderabad,Banjara Hills,13797613,1897,2,2026-06-24,Pending
3962,Bengaluru,HSR Layout,16063141,1545,1,2026-06-05,Pending
3963,Bengaluru,HSR Layout,57963422,4660,3,2026-06-19,Available
3964,Chennai,Adyar,31827313,2926,5,2026-06-25,Pending
3965,Pune,Hinjewadi,30504026,4591,2,2026-07-03,Available
3966,Bengaluru,Electronic City,18683041,1213,1,2026-04-26,Pending
3967,Hyderabad,Banjara Hills,50030442,4309,2,2026-07-06,Pending
3968,Bengaluru,Indiranagar,4168941,544,2,2026-05-14,Available
3969,Mumbai,Powai,8034180,827,2,2026-05-11,Available
3970,Hyderabad,Kukatpally,32696626,3858,4,2026-06-17,Pending
3971,Bengaluru,Whitefield,65338214,4776,2,2026-07-06,Pending
3972,Pune,Wakad,24331943,3425,5,2026-06-30,Sold
3973,Pune,Hinjewadi,10415881,2169,1,2026-07-02,Sold
3974,Bengaluru,HSR Layout,15570410,2852,4,2026-06-30,Available
3975,Hyderabad,Kukatpally,34791330,2625,2,2026-05-29,Available
3976,Hyderabad,Madhapur,21540472,3090,2,2026-05-06,Available
3977,Mumbai,Thane,28564515,3074,2,2026-06-06,Available
3978,Chennai,OMR,9183374,826,1,2026-07-03,Sold
3979,Hyderabad,Miyapur,13319509,2603,3,2026-06-24,Pending
3980,Bengaluru,HSR Layout,24262127,3120,2,2026-07-05,Available
3981,Bengaluru,HSR Layout,31800695,4447,4,2026-06-28,Sold
3982,Pune,Kharadi,32007029,3607,3,2026-06-23,Available
3983,Pune,Baner,7948536,744,4,2026-04-21,Pending
3984,Bengaluru,Whitefield,36215119,3168,5,2026-04-12,Pending
3985,Hyderabad,Banjara Hills,22142647,2780,3,2026-05-21,Sold
3986,Pune,Wakad,28500052,1961,4,2026-05-05,Sold
3987,Pune,Hinjewadi,38737772,3146,1,2026-04-25,Sold
3988,Bengaluru,Electronic City,47753092,3361,5,2026-04-11,Pending
3989,Bengaluru,HSR Layout,44307053,3178,5,2026-04-20,Pending
3990,Hyderabad,Banjara Hills,11935271,1019,1,2026-05-19,Pending
3991,Chennai,Velachery,10997438,2512,1,2026-04-14,Sold
3992,Pune,Wakad,16888291,3680,1,2026-05-28,Available
3993,Pune,Kharadi,43904367,3421,5,2026-06-06,Sold
3994,Mumbai,Andheri,20090404,2545,3,2026-06-10,Sold
3995,Mumbai,Thane,11803163,825,2,2026-04-15,Available
3996,Mumbai,Bandra,29814380,2457,1,2026-04-14,Available
3997,Pune,Hinjewadi,20071087,4834,2,2026-05-11,Sold
3998,Hyderabad,Jubilee Hills,14463082,1675,4,2026-06-22,Pending
3999,Hyderabad,Kukatpally,36440998,3515,5,2026-05-27,Pending
4000,Bengaluru,Electronic City,11191202,1685,5,2026-05-30,Pending
4001,Chennai,Anna Nagar,4363072,1124,4,2026-05-07,Pending
4002,Mumbai,Thane,51006112,4514,1,2026-05-27,Sold
4003,Bengaluru,Indiranagar,6821117,887,5,2026-05-30,Pending
4004,Hyderabad,Banjara Hills,15614286,2459,2,2026-06-22,Sold
4005,Pune,Hinjewadi,27316095,2339,3,2026-04-15,Pending
4006,Hyderabad,Madhapur,7319500,836,4,2026-05-09,Available
4007,Hyderabad,Banjara Hills,12113766,1319,5,2026-05-08,Sold
4008,Mumbai,Bandra,21643117,1917,3,2026-05-08,Pending
4009,Pune,Wakad,21106354,2352,1,2026-06-04,Available
4010,Bengaluru,Indiranagar,15551305,1497,4,2026-05-14,Pending
4011,Bengaluru,Electronic City,9892374,1882,3,2026-07-05,Available
4012,Pune,Wakad,4543786,570,1,2026-07-08,Available
4013,Mumbai,Bandra,20256947,2182,1,2026-06-06,Available
4014,Bengaluru,HSR Layout,25181230,4067,4,2026-04-18,Available
4015,Chennai,Velachery,55698570,4339,4,2026-06-29,Sold
4016,Bengaluru,HSR Layout,7750534,1062,3,2026-05-04,Sold
4017,Hyderabad,Madhapur,9661861,1613,4,2026-05-02,Sold
4018,Hyderabad,Kondapur,34052994,2785,4,2026-05-31,Pending
4019,Bengaluru,Indiranagar,27682602,2111,3,2026-05-14,Available
4020,Chennai,Velachery,16666456,3053,1,2026-07-03,Pending
4021,Hyderabad,Kukatpally,38161822,2712,1,2026-06-19,Pending
4022,Hyderabad,Banjara Hills,11489857,878,3,2026-05-23,Sold
4023,Pune,Hinjewadi,34693523,2474,4,2026-06-05,Pending
4024,Bengaluru,Indiranagar,25586000,1995,4,2026-05-22,Pending
4025,Pune,Wakad,69236425,4872,2,2026-06-29,Available
4026,Pune,Kharadi,7738701,617,1,2026-04-21,Sold
4027,Chennai,Anna Nagar,11901611,2573,5,2026-07-08,Available
4028,Hyderabad,Kondapur,66638939,4561,2,2026-05-19,Available
4029,Chennai,Adyar,8713641,1825,4,2026-04-26,Available
4030,Pune,Baner,51200483,4338,1,2026-04-27,Sold
4031,Bengaluru,Electronic City,4954713,847,2,2026-05-17,Pending
4032,Hyderabad,Madhapur,58467798,4108,1,2026-06-30,Sold
4033,Bengaluru,HSR Layout,9206899,2266,4,2026-06-16,Sold
4034,Bengaluru,Electronic City,39993833,2894,5,2026-07-01,Available
4035,Bengaluru,HSR Layout,9374307,1569,1,2026-06-25,Sold
4036,Mumbai,Andheri,10547755,810,2,2026-07-03,Sold
4037,Mumbai,Andheri,5301332,765,5,2026-04-30,Available
4038,Chennai,Anna Nagar,15378312,1269,5,2026-06-24,Pending
4039,Bengaluru,Whitefield,19264908,1307,1,2026-06-06,Sold
4040,Chennai,Velachery,11619112,1907,5,2026-06-26,Sold
4041,Mumbai,Powai,59083389,4454,5,2026-05-15,Available
4042,Bengaluru,Electronic City,14799766,3363,1,2026-07-02,Sold
4043,Hyderabad,Jubilee Hills,17922451,1702,3,2026-05-16,Pending
4044,Mumbai,Thane,20945821,4825,5,2026-04-25,Sold
4045,Hyderabad,Kondapur,6748103,1178,4,2026-06-24,Pending
4046,Pune,Hinjewadi,24949168,2483,5,2026-06-15,Pending
4047,Hyderabad,Banjara Hills,41990592,2921,4,2026-06-21,Available
4048,Chennai,Adyar,25861657,2112,2,2026-06-10,Available
4049,Chennai,Anna Nagar,11733260,1437,1,2026-06-27,Available
4050,Hyderabad,Miyapur,29845572,3661,5,2026-07-01,Available
4051,Chennai,Anna Nagar,24691296,3643,1,2026-05-23,Available
4052,Chennai,Adyar,7905108,998,4,2026-06-22,Pending
4053,Pune,Wakad,11820598,1637,5,2026-04-13,Available
4054,Hyderabad,Gachibowli,63870170,4650,3,2026-05-09,Sold
4055,Mumbai,Bandra,5506123,692,2,2026-06-23,Sold
4056,Bengaluru,Whitefield,46361144,4308,5,2026-04-30,Available
4057,Chennai,OMR,18868278,3484,4,2026-06-16,Available
4058,Pune,Kharadi,55133840,4212,5,2026-04-15,Available
4059,Chennai,Velachery,38805432,2903,5,2026-04-23,Available
4060,Hyderabad,Gachibowli,12536933,1160,2,2026-04-18,Sold
4061,Bengaluru,HSR Layout,23404491,2060,2,2026-07-05,Sold
4062,Chennai,Anna Nagar,50700123,3526,4,2026-06-21,Pending
4063,Hyderabad,Kukatpally,18414961,1430,5,2026-05-09,Sold
4064,Mumbai,Andheri,21431743,1981,5,2026-05-25,Pending
4065,Pune,Hinjewadi,25206638,4080,3,2026-06-03,Pending
4066,Hyderabad,Miyapur,31601510,2884,1,2026-05-24,Pending
4067,Pune,Wakad,38665752,4806,1,2026-05-29,Sold
4068,Mumbai,Thane,14916283,2851,3,2026-05-04,Available
4069,Bengaluru,Electronic City,21302289,2921,2,2026-04-13,Sold
4070,Pune,Baner,11088138,939,5,2026-06-24,Sold
4071,Mumbai,Andheri,9588567,799,1,2026-06-11,Sold
4072,Chennai,OMR,29477994,2550,4,2026-05-02,Sold
4073,Mumbai,Thane,22616928,1608,1,2026-07-05,Available
4074,Chennai,Velachery,14966802,3235,2,2026-04-21,Sold
4075,Hyderabad,Kondapur,13775269,2792,5,2026-04-17,Available
4076,Bengaluru,Whitefield,19438074,2264,5,2026-06-21,Sold
4077,Pune,Kharadi,30469802,2719,3,2026-05-23,Pending
4078,Bengaluru,Indiranagar,18385461,2966,4,2026-04-27,Pending
4079,Pune,Hinjewadi,32050733,2579,4,2026-05-27,Available
4080,Mumbai,Andheri,34959800,3125,3,2026-04-22,Available
4081,Bengaluru,Indiranagar,28544601,3511,4,2026-05-27,Available
4082,Mumbai,Powai,23358908,2747,5,2026-04-15,Available
4083,Pune,Hinjewadi,11239555,1136,3,2026-05-28,Pending
4084,Hyderabad,Madhapur,30675581,2515,3,2026-06-24,Available
4085,Pune,Baner,21897814,1560,5,2026-04-13,Sold
4086,Pune,Hinjewadi,43588346,4302,4,2026-05-24,Available
4087,Bengaluru,Electronic City,52237256,4221,2,2026-05-09,Pending
4088,Chennai,Adyar,20037221,3692,4,2026-05-20,Available
4089,Hyderabad,Kukatpally,40041714,3832,5,2026-06-01,Available
4090,Chennai,Velachery,16637445,3743,3,2026-05-11,Pending
4091,Pune,Hinjewadi,22238258,2399,1,2026-04-30,Pending
4092,Bengaluru,Electronic City,22912243,4675,2,2026-05-22,Pending
4093,Bengaluru,Electronic City,13220492,2079,5,2026-04-30,Sold
4094,Hyderabad,Madhapur,10391051,1244,3,2026-06-01,Available
4095,Chennai,Anna Nagar,52806649,3996,2,2026-06-14,Available
4096,Bengaluru,Whitefield,18587428,2739,5,2026-04-23,Sold
4097,Chennai,OMR,60421048,4536,3,2026-05-21,Sold
4098,Chennai,Anna Nagar,4362472,896,2,2026-05-06,Pending
4099,Pune,Kharadi,39999592,4970,4,2026-05-03,Sold
4100,Bengaluru,Whitefield,4519865,862,1,2026-04-30,Sold
4101,Mumbai,Bandra,15098215,1709,4,2026-04-26,Pending
4102,Bengaluru,Indiranagar,11744573,2332,4,2026-05-19,Sold
4103,Mumbai,Powai,28235800,4719,3,2026-06-11,Sold
4104,Pune,Hinjewadi,41311800,3070,2,2026-06-29,Sold
4105,Mumbai,Bandra,46042523,4118,4,2026-06-13,Available
4106,Mumbai,Andheri,35230657,3481,3,2026-04-13,Sold
4107,Chennai,OMR,21117087,2117,2,2026-05-11,Available
4108,Chennai,Velachery,24315325,2313,1,2026-06-01,Available
4109,Chennai,Velachery,43863026,3111,5,2026-07-04,Available
4110,Bengaluru,HSR Layout,12049345,964,3,2026-05-19,Pending
4111,Mumbai,Powai,16174211,1645,4,2026-04-18,Sold
4112,Chennai,Anna Nagar,70583281,4764,3,2026-05-04,Available
4113,Bengaluru,Electronic City,22011156,2956,4,2026-05-24,Available
4114,Pune,Wakad,22144710,2303,2,2026-05-30,Available
4115,Hyderabad,Madhapur,9561313,1826,4,2026-07-02,Pending
4116,Pune,Hinjewadi,19653933,1575,4,2026-06-10,Pending
4117,Pune,Wakad,24274132,3485,4,2026-05-04,Available
4118,Mumbai,Thane,30201148,4702,4,2026-05-02,Sold
4119,Mumbai,Powai,16009070,4041,4,2026-04-15,Available
4120,Hyderabad,Banjara Hills,53475026,4461,3,2026-06-13,Pending
4121,Chennai,Anna Nagar,11273727,1295,3,2026-04-22,Pending
4122,Pune,Hinjewadi,18254343,2304,1,2026-05-25,Available
4123,Pune,Hinjewadi,24384143,1697,1,2026-05-03,Available
4124,Chennai,Velachery,21251927,1777,2,2026-06-29,Available
4125,Chennai,Anna Nagar,33905965,4380,2,2026-06-01,Available
4126,Mumbai,Bandra,28864481,2025,2,2026-06-26,Available
4127,Pune,Hinjewadi,10452593,1134,3,2026-06-08,Sold
4128,Chennai,OMR,55413660,4231,4,2026-06-18,Pending
4129,Chennai,Velachery,10393863,1809,2,2026-06-06,Available
4130,Bengaluru,Electronic City,40659036,2755,4,2026-06-16,Pending
4131,Chennai,Velachery,16868098,3148,4,2026-05-31,Sold
4132,Bengaluru,HSR Layout,13644980,1808,3,2026-05-31,Pending
4133,Pune,Baner,25301576,2052,4,2026-07-01,Available
4134,Chennai,Velachery,12498861,2528,5,2026-06-05,Available
4135,Chennai,OMR,35335057,4689,4,2026-05-23,Sold
4136,Mumbai,Andheri,14281946,1245,4,2026-05-24,Available
4137,Bengaluru,Whitefield,51564748,4524,2,2026-06-11,Sold
4138,Pune,Kharadi,27274073,2438,1,2026-06-22,Sold
4139,Pune,Baner,5558602,959,3,2026-07-04,Available
4140,Hyderabad,Banjara Hills,11029938,2224,1,2026-05-02,Pending
4141,Bengaluru,Whitefield,20423954,2648,4,2026-05-04,Available
4142,Chennai,Velachery,21434077,1711,5,2026-05-01,Available
4143,Hyderabad,Banjara Hills,25171546,1708,5,2026-04-23,Available
4144,Mumbai,Powai,40684934,4043,3,2026-05-12,Available
4145,Bengaluru,Whitefield,23380348,3694,3,2026-06-29,Available
4146,Chennai,Adyar,3991399,603,4,2026-06-16,Available
4147,Bengaluru,Indiranagar,20766994,4987,1,2026-05-07,Available
4148,Chennai,Velachery,13732768,1617,1,2026-04-24,Sold
4149,Pune,Wakad,40655572,4494,4,2026-05-04,Available
4150,Bengaluru,Electronic City,15040066,1012,3,2026-05-28,Sold
4151,Hyderabad,Kondapur,17972090,3574,4,2026-07-05,Pending
4152,Chennai,Velachery,10449230,1029,4,2026-05-05,Available
4153,Pune,Wakad,9911130,1682,3,2026-06-29,Available
4154,Bengaluru,Electronic City,19759268,2533,2,2026-06-18,Available
4155,Bengaluru,Electronic City,27015497,2310,5,2026-06-17,Available
4156,Chennai,OMR,7888310,1445,1,2026-06-30,Sold
4157,Mumbai,Powai,26159657,2540,4,2026-05-03,Pending
4158,Pune,Baner,17813576,4284,3,2026-05-31,Pending
4159,Hyderabad,Kukatpally,12466990,2831,4,2026-06-22,Available
4160,Hyderabad,Jubilee Hills,13671878,2644,5,2026-06-12,Pending
4161,Bengaluru,Whitefield,19852454,2711,3,2026-04-14,Sold
4162,Pune,Baner,38867925,4383,3,2026-04-23,Sold
4163,Bengaluru,Whitefield,27768613,3088,5,2026-05-24,Sold
4164,Chennai,Adyar,6332701,958,3,2026-05-17,Pending
4165,Bengaluru,HSR Layout,39758891,4236,4,2026-05-02,Pending
4166,Chennai,Anna Nagar,12705060,2948,2,2026-04-11,Available
4167,Chennai,OMR,33737247,2577,4,2026-05-02,Sold
4168,Hyderabad,Miyapur,38927450,4367,1,2026-06-03,Available
4169,Chennai,Anna Nagar,16839122,3423,4,2026-05-20,Pending
4170,Chennai,Anna Nagar,16457854,2503,1,2026-06-11,Sold
4171,Pune,Kharadi,15360636,3083,1,2026-04-11,Sold
4172,Hyderabad,Madhapur,21548385,4962,1,2026-06-25,Sold
4173,Mumbai,Bandra,4828295,789,1,2026-04-17,Sold
4174,Mumbai,Powai,22880193,3055,2,2026-06-18,Available
4175,Mumbai,Andheri,49297868,3980,5,2026-06-24,Available
4176,Pune,Hinjewadi,10008868,2110,2,2026-07-02,Sold
4177,Pune,Baner,16221986,1166,5,2026-05-01,Sold
4178,Hyderabad,Jubilee Hills,20794355,3598,1,2026-06-06,Sold
4179,Hyderabad,Gachibowli,47026234,4046,5,2026-04-12,Sold
4180,Pune,Hinjewadi,19387420,1411,4,2026-04-26,Pending
4181,Bengaluru,Indiranagar,58153225,4130,2,2026-06-01,Pending
4182,Chennai,Anna Nagar,12616801,2054,4,2026-05-17,Pending
4183,Chennai,OMR,70760404,4840,3,2026-06-23,Pending
4184,Mumbai,Thane,39904096,4614,2,2026-04-11,Pending
4185,Hyderabad,Jubilee Hills,32650714,2742,4,2026-06-26,Sold
4186,Mumbai,Thane,17485932,1349,1,2026-05-11,Pending
4187,Chennai,Velachery,18836707,1761,5,2026-06-01,Sold
4188,Pune,Hinjewadi,46109230,4845,4,2026-04-28,Sold
4189,Bengaluru,Electronic City,26005460,2359,4,2026-04-14,Sold
4190,Pune,Kharadi,59451021,4538,4,2026-05-03,Available
4191,Hyderabad,Kukatpally,48500616,3410,4,2026-05-16,Available
4192,Bengaluru,Indiranagar,22583881,4681,1,2026-05-26,Available
4193,Mumbai,Andheri,35676635,3461,1,2026-05-15,Pending
4194,Chennai,Anna Nagar,11856796,978,5,2026-05-05,Available
4195,Hyderabad,Gachibowli,16697819,2528,4,2026-04-23,Pending
4196,Chennai,Velachery,17313334,2350,4,2026-05-02,Pending
4197,Hyderabad,Kukatpally,6125550,521,3,2026-04-15,Sold
4198,Bengaluru,Whitefield,11353208,2718,3,2026-04-16,Pending
4199,Pune,Wakad,18378398,1575,1,2026-06-23,Available
4200,Pune,Hinjewadi,44595022,3548,3,2026-06-25,Sold
4201,Pune,Baner,16166675,1504,3,2026-06-10,Pending
4202,Mumbai,Thane,18893263,3344,2,2026-04-23,Pending
4203,Chennai,Adyar,24782483,3017,1,2026-05-20,Sold
4204,Hyderabad,Kondapur,26246597,4601,1,2026-06-16,Pending
4205,Mumbai,Bandra,22647015,1572,1,2026-06-11,Available
4206,Mumbai,Bandra,32274158,4052,1,2026-06-05,Sold
4207,Mumbai,Thane,18777444,2438,2,2026-05-26,Available
4208,Pune,Baner,19893275,1843,1,2026-05-13,Sold
4209,Chennai,Velachery,11715319,1133,4,2026-05-10,Sold
4210,Bengaluru,Indiranagar,35951736,2727,5,2026-06-28,Sold
4211,Bengaluru,HSR Layout,46850042,4035,5,2026-05-10,Pending
4212,Pune,Baner,9279476,1260,1,2026-04-27,Pending
4213,Mumbai,Bandra,15264741,2334,2,2026-07-06,Sold
4214,Hyderabad,Gachibowli,34326734,3879,3,2026-05-05,Pending
4215,Chennai,Velachery,33242477,2928,3,2026-05-31,Sold
4216,Pune,Kharadi,41704115,4099,3,2026-04-12,Available
4217,Bengaluru,Indiranagar,28149772,3651,2,2026-06-09,Available
4218,Bengaluru,Electronic City,34600561,3550,2,2026-07-05,Available
4219,Bengaluru,Electronic City,18897385,4402,2,2026-05-09,Available
4220,Mumbai,Bandra,14069453,2266,2,2026-05-18,Sold
4221,Bengaluru,Electronic City,10029746,1610,1,2026-05-12,Pending
4222,Bengaluru,Whitefield,16336952,1334,5,2026-05-15,Pending
4223,Chennai,Adyar,25403344,1979,5,2026-05-07,Pending
4224,Bengaluru,Whitefield,41987810,4581,3,2026-06-11,Available
4225,Hyderabad,Kondapur,29533018,2985,4,2026-05-18,Pending
4226,Hyderabad,Madhapur,36892565,3259,1,2026-04-18,Pending
4227,Hyderabad,Jubilee Hills,18605673,3411,1,2026-06-16,Sold
4228,Pune,Baner,12482541,1902,2,2026-05-16,Available
4229,Chennai,Adyar,19265144,1645,2,2026-06-03,Pending
4230,Hyderabad,Madhapur,9342428,1484,1,2026-04-18,Pending
4231,Bengaluru,Indiranagar,11050901,1161,4,2026-06-06,Sold
4232,Hyderabad,Miyapur,68797597,4710,3,2026-04-28,Sold
4233,Hyderabad,Kukatpally,22872484,2012,2,2026-04-14,Sold
4234,Chennai,Velachery,12189203,2403,1,2026-05-01,Pending
4235,Bengaluru,Indiranagar,10613167,1956,3,2026-05-15,Sold
4236,Bengaluru,Electronic City,4891924,1094,4,2026-05-24,Available
4237,Mumbai,Thane,11668010,933,2,2026-04-18,Pending
4238,Hyderabad,Kondapur,14462741,1648,3,2026-05-10,Pending
4239,Pune,Hinjewadi,28143070,4689,1,2026-04-15,Available
4240,Pune,Kharadi,26162929,2297,5,2026-05-15,Available
4241,Pune,Hinjewadi,50684548,4860,1,2026-06-01,Sold
4242,Mumbai,Bandra,50926023,3787,4,2026-06-22,Available
4243,Hyderabad,Kukatpally,42650928,3067,3,2026-06-21,Sold
4244,Chennai,Adyar,14300404,3608,2,2026-04-27,Available
4245,Hyderabad,Kondapur,7924742,910,2,2026-06-21,Available
4246,Pune,Wakad,45830400,3411,1,2026-04-24,Pending
4247,Mumbai,Powai,49355498,3475,5,2026-05-05,Available
4248,Pune,Wakad,27424426,2323,1,2026-05-29,Sold
4249,Pune,Hinjewadi,8323698,863,3,2026-07-02,Pending
4250,Hyderabad,Kondapur,14239787,1491,2,2026-04-30,Available
4251,Chennai,Velachery,27481428,4892,2,2026-04-28,Sold
4252,Chennai,OMR,33815315,2480,3,2026-04-19,Available
4253,Chennai,Adyar,47897756,4605,3,2026-05-23,Sold
4254,Mumbai,Thane,14349825,1404,3,2026-05-19,Available
4255,Mumbai,Bandra,8320452,822,5,2026-06-01,Pending
4256,Hyderabad,Banjara Hills,6502971,637,3,2026-05-09,Pending
4257,Chennai,Velachery,24585388,2379,2,2026-06-18,Pending
4258,Pune,Baner,21106825,1941,3,2026-06-22,Pending
4259,Pune,Hinjewadi,39087475,4836,1,2026-06-10,Sold
4260,Chennai,OMR,13430349,3437,2,2026-05-03,Pending
4261,Bengaluru,Indiranagar,27535482,4525,1,2026-05-24,Sold
4262,Pune,Kharadi,47707840,4112,1,2026-07-07,Pending
4263,Pune,Wakad,50873783,4460,5,2026-06-19,Available
4264,Mumbai,Bandra,13491543,973,1,2026-04-27,Available
4265,Pune,Baner,22865971,2484,5,2026-05-08,Pending
4266,Chennai,Anna Nagar,3324907,560,2,2026-05-13,Available
4267,Bengaluru,Whitefield,27530758,4201,1,2026-06-05,Sold
4268,Hyderabad,Banjara Hills,21294363,3469,1,2026-06-14,Available
4269,Bengaluru,Electronic City,63384857,4313,4,2026-06-07,Pending
4270,Hyderabad,Gachibowli,35523288,2716,3,2026-05-02,Pending
4271,Chennai,Adyar,29076176,4368,3,2026-06-28,Sold
4272,Chennai,OMR,28523597,3448,2,2026-05-06,Available
4273,Chennai,Adyar,44931528,4203,4,2026-04-26,Pending
4274,Mumbai,Bandra,18730848,2449,1,2026-06-23,Sold
4275,Mumbai,Andheri,9156378,1292,3,2026-07-08,Sold
4276,Bengaluru,Whitefield,5324587,873,3,2026-05-02,Available
4277,Chennai,Adyar,13754202,3404,4,2026-06-30,Pending
4278,Chennai,Adyar,53663489,4309,3,2026-06-14,Available
4279,Hyderabad,Miyapur,12217104,1565,4,2026-06-11,Sold
4280,Hyderabad,Banjara Hills,10355054,735,2,2026-05-30,Pending
4281,Pune,Hinjewadi,61071058,4377,3,2026-06-17,Sold
4282,Bengaluru,HSR Layout,28517533,3693,1,2026-06-10,Available
4283,Pune,Hinjewadi,19778679,2182,5,2026-04-23,Pending
4284,Bengaluru,Whitefield,20469937,3621,2,2026-05-04,Pending
4285,Bengaluru,HSR Layout,7756741,1558,5,2026-06-17,Sold
4286,Bengaluru,Electronic City,53768710,3886,1,2026-04-11,Available
4287,Hyderabad,Madhapur,10183034,1088,2,2026-05-04,Available
4288,Bengaluru,HSR Layout,17455746,2417,1,2026-07-04,Available
4289,Hyderabad,Jubilee Hills,22132213,1878,3,2026-04-24,Pending
4290,Mumbai,Thane,6152263,570,4,2026-07-03,Available
4291,Hyderabad,Gachibowli,18166725,2895,1,2026-05-02,Available
4292,Mumbai,Bandra,39973546,3326,1,2026-05-16,Sold
4293,Chennai,Adyar,11866221,1646,3,2026-04-30,Available
4294,Chennai,OMR,34923810,3138,3,2026-06-02,Available
4295,Pune,Hinjewadi,68998239,4933,4,2026-04-16,Available
4296,Mumbai,Andheri,4809981,730,2,2026-06-21,Available
4297,Hyderabad,Madhapur,24394071,1950,5,2026-06-27,Pending
4298,Pune,Wakad,24653898,1680,1,2026-05-28,Pending
4299,Pune,Baner,8494743,1056,5,2026-04-20,Available
4300,Pune,Hinjewadi,12555081,2777,1,2026-06-04,Available
4301,Pune,Baner,17775618,4186,3,2026-06-06,Pending
4302,Mumbai,Bandra,8579052,1009,2,2026-06-26,Available
4303,Chennai,OMR,12367682,1105,1,2026-06-22,Sold
4304,Pune,Hinjewadi,13783788,2682,3,2026-05-19,Available
4305,Mumbai,Powai,70285206,4935,3,2026-05-05,Sold
4306,Pune,Baner,26377346,2900,3,2026-07-08,Pending
4307,Hyderabad,Kondapur,38010676,2897,5,2026-05-05,Sold
4308,Mumbai,Powai,37210640,3213,1,2026-04-19,Pending
4309,Bengaluru,Whitefield,25229035,4355,5,2026-07-05,Sold
4310,Bengaluru,Electronic City,10740223,1215,5,2026-07-08,Available
4311,Hyderabad,Kukatpally,20569578,1946,3,2026-04-26,Available
4312,Mumbai,Thane,37744358,4819,4,2026-07-03,Available
4313,Pune,Wakad,41812757,4016,2,2026-04-26,Sold
4314,Chennai,OMR,6884937,597,1,2026-06-14,Available
4315,Mumbai,Andheri,9661710,1654,2,2026-04-12,Available
4316,Bengaluru,Indiranagar,35416429,3666,4,2026-06-06,Sold
4317,Pune,Kharadi,11998335,2263,3,2026-05-19,Pending
4318,Bengaluru,Whitefield,7645023,1768,1,2026-06-26,Pending
4319,Bengaluru,Whitefield,5089168,524,4,2026-04-26,Available
4320,Pune,Baner,62446755,4766,5,2026-07-02,Available
4321,Hyderabad,Gachibowli,49626008,4078,1,2026-06-09,Available
4322,Bengaluru,Electronic City,45051310,3962,2,2026-06-21,Sold
4323,Chennai,Anna Nagar,25071710,4666,3,2026-05-01,Available
4324,Hyderabad,Kukatpally,65332134,4612,2,2026-07-07,Available
4325,Hyderabad,Kukatpally,30744039,2513,1,2026-05-01,Available
4326,Pune,Hinjewadi,25926887,1805,5,2026-06-03,Available
4327,Mumbai,Bandra,16885848,1621,2,2026-04-28,Pending
4328,Chennai,OMR,22552724,3869,3,2026-04-16,Sold
4329,Mumbai,Bandra,19607593,3839,4,2026-04-21,Pending
4330,Bengaluru,Indiranagar,29738775,4732,5,2026-05-27,Sold
4331,Hyderabad,Miyapur,41860064,3443,3,2026-04-29,Pending
4332,Pune,Wakad,20744401,2730,2,2026-06-08,Pending
4333,Mumbai,Powai,37513048,2728,5,2026-05-22,Sold
4334,Chennai,OMR,32849333,4486,4,2026-06-14,Sold
4335,Chennai,Adyar,41134854,3395,2,2026-05-13,Sold
4336,Chennai,Velachery,10328946,2262,2,2026-04-11,Sold
4337,Mumbai,Andheri,21384864,3315,3,2026-04-30,Sold
4338,Chennai,OMR,20330345,2252,1,2026-06-07,Available
4339,Chennai,Anna Nagar,12990341,2077,1,2026-06-13,Sold
4340,Hyderabad,Kukatpally,24425755,2349,1,2026-05-31,Pending
4341,Chennai,Adyar,34255072,3972,5,2026-04-23,Sold
4342,Mumbai,Thane,40869951,2952,1,2026-05-31,Pending
4343,Hyderabad,Jubilee Hills,11809951,1811,3,2026-04-12,Available
4344,Hyderabad,Kondapur,39791439,3509,1,2026-05-15,Sold
4345,Hyderabad,Jubilee Hills,44221203,3677,2,2026-06-25,Available
4346,Mumbai,Bandra,60826836,4166,2,2026-05-17,Pending
4347,Pune,Hinjewadi,28142723,3837,3,2026-05-24,Sold
4348,Mumbai,Bandra,17224395,1257,3,2026-05-12,Sold
4349,Chennai,Adyar,29190029,3634,2,2026-05-01,Available
4350,Chennai,Velachery,5970703,568,1,2026-07-02,Available
4351,Hyderabad,Banjara Hills,19384166,3051,3,2026-06-06,Pending
4352,Bengaluru,Indiranagar,35270284,2397,2,2026-05-24,Pending
4353,Mumbai,Thane,4845636,592,4,2026-05-25,Available
4354,Mumbai,Thane,48069182,4008,3,2026-05-22,Available
4355,Hyderabad,Madhapur,9761628,698,2,2026-05-29,Available
4356,Bengaluru,Indiranagar,19651149,2526,2,2026-05-24,Available
4357,Bengaluru,HSR Layout,32999391,4569,4,2026-04-23,Available
4358,Mumbai,Andheri,7422141,1009,5,2026-05-30,Sold
4359,Pune,Hinjewadi,25451902,2630,2,2026-05-06,Pending
4360,Hyderabad,Jubilee Hills,35988173,3468,1,2026-04-10,Pending
4361,Pune,Kharadi,46768747,3623,4,2026-06-09,Available
4362,Chennai,Anna Nagar,16255172,1863,4,2026-05-15,Pending
4363,Bengaluru,Indiranagar,30361409,4055,3,2026-06-12,Pending
4364,Hyderabad,Miyapur,4374715,653,5,2026-05-09,Available
4365,Mumbai,Thane,44854408,3219,3,2026-06-28,Available
4366,Hyderabad,Gachibowli,65055811,4442,5,2026-06-27,Pending
4367,Mumbai,Bandra,4592100,556,4,2026-04-15,Sold
4368,Bengaluru,Electronic City,46374980,4643,4,2026-05-16,Pending
4369,Pune,Hinjewadi,21750450,2350,1,2026-05-31,Available
4370,Bengaluru,Electronic City,31295794,2383,4,2026-07-05,Available
4371,Hyderabad,Jubilee Hills,27852719,2232,4,2026-04-19,Sold
4372,Bengaluru,Whitefield,21858369,2346,1,2026-04-12,Available
4373,Mumbai,Thane,17423377,2315,3,2026-04-29,Available
4374,Mumbai,Powai,14273399,3467,4,2026-05-16,Pending
4375,Chennai,Anna Nagar,25281634,4183,2,2026-06-03,Pending
4376,Mumbai,Andheri,30293812,2532,5,2026-05-28,Pending
4377,Pune,Wakad,30353902,3964,3,2026-05-18,Sold
4378,Pune,Kharadi,59227858,4639,5,2026-06-04,Sold
4379,Mumbai,Bandra,58219335,4344,4,2026-06-16,Sold
4380,Bengaluru,Whitefield,7779459,1139,1,2026-04-23,Pending
4381,Bengaluru,Indiranagar,24076827,3678,5,2026-04-23,Pending
4382,Bengaluru,Indiranagar,23395113,2373,4,2026-06-29,Sold
4383,Bengaluru,Indiranagar,24080731,3250,3,2026-04-23,Available
4384,Chennai,Adyar,25833288,2352,3,2026-05-26,Sold
4385,Pune,Hinjewadi,18327381,4429,1,2026-04-22,Pending
4386,Bengaluru,HSR Layout,34978261,2606,2,2026-06-12,Pending
4387,Pune,Wakad,2727413,532,2,2026-05-21,Sold
4388,Hyderabad,Kondapur,28480552,4770,3,2026-05-01,Sold
4389,Pune,Hinjewadi,36176493,4205,5,2026-05-07,Pending
4390,Pune,Kharadi,52115548,4973,3,2026-06-30,Available
4391,Mumbai,Bandra,14963372,1857,5,2026-07-01,Available
4392,Hyderabad,Jubilee Hills,41184167,3549,4,2026-06-15,Sold
4393,Bengaluru,Indiranagar,15553632,3079,4,2026-05-20,Pending
4394,Hyderabad,Miyapur,40763197,4151,1,2026-06-08,Available
4395,Chennai,Anna Nagar,4516155,677,2,2026-05-24,Pending
4396,Bengaluru,Whitefield,21230979,3625,4,2026-05-13,Sold
4397,Hyderabad,Miyapur,30233710,3042,4,2026-05-23,Pending
4398,Mumbai,Powai,16575764,2111,2,2026-06-02,Sold
4399,Chennai,Adyar,46407612,4706,5,2026-06-13,Pending
4400,Mumbai,Bandra,19388219,2905,3,2026-05-11,Sold
4401,Hyderabad,Madhapur,12807895,2329,4,2026-04-18,Available
4402,Bengaluru,Indiranagar,49683192,3941,4,2026-07-05,Available
4403,Pune,Kharadi,29384052,2200,3,2026-05-23,Available
4404,Chennai,Velachery,8992550,887,4,2026-06-15,Sold
4405,Chennai,Anna Nagar,51324767,4445,3,2026-05-30,Available
4406,Bengaluru,Electronic City,24058676,3317,3,2026-06-30,Available
4407,Pune,Baner,66259821,4507,2,2026-07-09,Sold
4408,Hyderabad,Banjara Hills,9672103,1420,3,2026-05-19,Available
4409,Pune,Kharadi,16763362,1741,4,2026-07-09,Sold
4410,Mumbai,Andheri,17162310,1235,1,2026-05-15,Available
4411,Pune,Baner,34868250,2327,5,2026-05-19,Available
4412,Pune,Wakad,37348799,2588,3,2026-04-12,Available
4413,Mumbai,Thane,53485994,3711,2,2026-06-15,Pending
4414,Bengaluru,HSR Layout,8890293,1152,5,2026-07-05,Pending
4415,Pune,Hinjewadi,31927667,3037,5,2026-06-13,Sold
4416,Mumbai,Powai,41749346,4848,1,2026-06-25,Available
4417,Pune,Wakad,40685290,4027,1,2026-07-03,Sold
4418,Chennai,Anna Nagar,34625583,2933,5,2026-05-02,Sold
4419,Chennai,Anna Nagar,11511379,849,5,2026-06-04,Sold
4420,Bengaluru,Indiranagar,24373110,3178,2,2026-06-10,Available
4421,Hyderabad,Jubilee Hills,8704022,1427,4,2026-04-29,Available
4422,Mumbai,Bandra,9250448,1720,3,2026-05-04,Sold
4423,Bengaluru,HSR Layout,7384436,533,5,2026-05-12,Sold
4424,Bengaluru,Indiranagar,16364309,1335,5,2026-05-20,Available
4425,Hyderabad,Jubilee Hills,53068682,3594,2,2026-04-12,Pending
4426,Bengaluru,Whitefield,49072827,3744,4,2026-07-08,Available
4427,Bengaluru,Whitefield,69511161,4943,1,2026-06-19,Pending
4428,Pune,Kharadi,47513981,3282,2,2026-04-21,Sold
4429,Chennai,Velachery,9506878,1102,4,2026-04-28,Sold
4430,Mumbai,Powai,35693451,3319,2,2026-05-22,Available
4431,Bengaluru,HSR Layout,6159818,989,2,2026-07-08,Pending
4432,Chennai,Velachery,25212835,2568,5,2026-05-30,Pending
4433,Bengaluru,Whitefield,10557784,857,1,2026-04-12,Available
4434,Mumbai,Bandra,8650501,648,3,2026-06-05,Pending
4435,Hyderabad,Gachibowli,60186034,4379,1,2026-06-15,Sold
4436,Mumbai,Powai,52007087,4212,5,2026-05-05,Available
4437,Mumbai,Andheri,12993749,2731,5,2026-05-12,Available
4438,Hyderabad,Banjara Hills,15227081,2031,3,2026-06-24,Available
4439,Mumbai,Andheri,20140687,3006,3,2026-06-19,Available
4440,Mumbai,Powai,6026156,1117,5,2026-06-19,Available
4441,Hyderabad,Kondapur,9005093,1737,1,2026-04-27,Available
4442,Hyderabad,Miyapur,42003614,4263,3,2026-06-23,Sold
4443,Hyderabad,Kondapur,30687833,2685,1,2026-07-01,Pending
4444,Bengaluru,Whitefield,24893588,2140,2,2026-06-07,Available
4445,Bengaluru,Indiranagar,20489276,1405,3,2026-05-10,Pending
4446,Hyderabad,Madhapur,6791874,1298,5,2026-06-01,Available
4447,Chennai,Velachery,63953326,4640,1,2026-06-07,Available
4448,Pune,Baner,7872152,1543,3,2026-05-28,Sold
4449,Chennai,Anna Nagar,12405439,810,2,2026-05-28,Available
4450,Pune,Wakad,12007869,1282,5,2026-04-10,Sold
4451,Bengaluru,Indiranagar,12195828,1749,3,2026-05-01,Sold
4452,Mumbai,Bandra,27997182,1960,1,2026-05-08,Pending
4453,Hyderabad,Kondapur,18006977,1252,5,2026-06-04,Sold
4454,Chennai,Anna Nagar,24961401,4225,4,2026-05-19,Sold
4455,Mumbai,Powai,20804996,1791,2,2026-05-07,Pending
4456,Chennai,Adyar,22678179,1840,4,2026-05-18,Sold
4457,Pune,Kharadi,14473371,1690,3,2026-04-25,Sold
4458,Pune,Baner,28338106,2442,5,2026-06-08,Sold
4459,Hyderabad,Gachibowli,21552532,2014,4,2026-05-21,Available
4460,Chennai,Anna Nagar,51158084,4521,2,2026-04-10,Available
4461,Mumbai,Thane,45728493,3872,2,2026-04-30,Sold
4462,Mumbai,Bandra,20971282,2746,4,2026-06-25,Pending
4463,Hyderabad,Jubilee Hills,61690620,4222,5,2026-05-13,Available
4464,Pune,Wakad,25275853,2737,1,2026-04-17,Available
4465,Bengaluru,Electronic City,17338231,4098,4,2026-05-30,Available
4466,Chennai,OMR,34744871,3572,4,2026-05-06,Sold
4467,Mumbai,Bandra,22979721,2089,4,2026-05-24,Pending
4468,Bengaluru,Electronic City,43633823,4539,5,2026-05-12,Sold
4469,Bengaluru,Indiranagar,44213798,4369,1,2026-05-05,Pending
4470,Mumbai,Thane,52443973,3670,3,2026-06-29,Pending
4471,Pune,Baner,32057532,4134,5,2026-04-12,Sold
4472,Hyderabad,Kukatpally,17190207,3609,5,2026-05-29,Sold
4473,Mumbai,Powai,22370651,3643,1,2026-04-30,Sold
4474,Hyderabad,Miyapur,24006681,4871,5,2026-06-23,Sold
4475,Pune,Hinjewadi,37490972,4044,3,2026-04-28,Available
4476,Bengaluru,Electronic City,20887053,3604,5,2026-06-05,Available
4477,Chennai,Velachery,68043445,4739,4,2026-07-03,Sold
4478,Mumbai,Powai,6491671,1038,2,2026-04-24,Sold
4479,Pune,Hinjewadi,14325960,2884,3,2026-06-08,Available
4480,Mumbai,Powai,19890916,4353,5,2026-04-10,Pending
4481,Bengaluru,Electronic City,21749240,2297,2,2026-05-25,Pending
4482,Pune,Kharadi,5728293,1425,1,2026-06-21,Pending
4483,Chennai,OMR,5343417,768,4,2026-07-02,Pending
4484,Pune,Baner,12403039,1490,4,2026-04-17,Sold
4485,Chennai,Velachery,14804275,977,1,2026-06-22,Available
4486,Hyderabad,Kondapur,54814558,4541,1,2026-04-17,Pending
4487,Hyderabad,Jubilee Hills,39088171,4571,1,2026-05-06,Sold
4488,Hyderabad,Miyapur,8262381,616,1,2026-07-04,Available
4489,Pune,Baner,3936010,566,5,2026-06-04,Pending
4490,Bengaluru,HSR Layout,17192662,2449,1,2026-06-23,Pending
4491,Pune,Kharadi,15398935,2371,2,2026-05-31,Available
4492,Hyderabad,Kondapur,15138685,3274,5,2026-07-05,Available
4493,Hyderabad,Miyapur,24429174,2940,4,2026-07-09,Sold
4494,Bengaluru,Whitefield,7542551,1515,3,2026-04-16,Pending
4495,Mumbai,Powai,47945783,3220,2,2026-06-07,Available
4496,Pune,Baner,15955294,2544,4,2026-05-11,Available
4497,Chennai,Adyar,26387915,2954,2,2026-06-22,Available
4498,Mumbai,Powai,24133617,3044,4,2026-07-06,Sold
4499,Mumbai,Powai,24449184,4266,4,2026-07-07,Pending
4500,Pune,Kharadi,25732600,2010,4,2026-06-11,Available
4501,Hyderabad,Banjara Hills,31716557,2704,1,2026-06-13,Sold
4502,Mumbai,Thane,11887017,804,2,2026-06-25,Sold
4503,Bengaluru,Whitefield,13419031,2748,2,2026-05-19,Pending
4504,Pune,Wakad,5830741,759,2,2026-07-08,Pending
4505,Mumbai,Andheri,23789588,3497,5,2026-07-03,Sold
4506,Chennai,Velachery,15358124,2900,4,2026-07-05,Pending
4507,Pune,Hinjewadi,52868600,4527,4,2026-04-14,Sold
4508,Bengaluru,HSR Layout,34143994,2712,2,2026-05-17,Sold
4509,Pune,Wakad,46353026,4405,1,2026-05-18,Sold
4510,Bengaluru,HSR Layout,4890465,732,3,2026-06-23,Pending
4511,Chennai,OMR,12468480,871,4,2026-07-02,Sold
4512,Pune,Hinjewadi,17829012,1618,1,2026-05-16,Sold
4513,Hyderabad,Madhapur,33404150,4406,5,2026-04-27,Pending
4514,Mumbai,Andheri,46616711,4488,3,2026-04-13,Sold
4515,Mumbai,Thane,50673128,3578,5,2026-07-03,Available
4516,Chennai,OMR,45606395,3850,1,2026-06-24,Available
4517,Hyderabad,Madhapur,18422839,1457,3,2026-04-13,Pending
4518,Bengaluru,Whitefield,21824288,1750,3,2026-05-11,Available
4519,Hyderabad,Banjara Hills,21198198,3737,3,2026-05-29,Pending
4520,Hyderabad,Miyapur,21530911,2110,2,2026-04-22,Pending
4521,Bengaluru,Electronic City,17089644,3380,3,2026-06-23,Available
4522,Pune,Baner,15750786,1196,5,2026-05-27,Sold
4523,Mumbai,Thane,15039367,1502,1,2026-07-05,Available
4524,Hyderabad,Madhapur,6687746,1122,4,2026-05-30,Pending
4525,Mumbai,Thane,5831821,1396,5,2026-06-23,Available
4526,Mumbai,Thane,23082407,2646,2,2026-05-26,Available
4527,Mumbai,Bandra,12492547,2373,3,2026-04-15,Sold
4528,Mumbai,Thane,23760968,2448,5,2026-07-04,Pending
4529,Pune,Hinjewadi,64649297,4744,1,2026-04-12,Available
4530,Bengaluru,Indiranagar,13951673,2903,3,2026-05-05,Sold
4531,Mumbai,Thane,10301318,1521,1,2026-04-15,Available
4532,Bengaluru,HSR Layout,29583281,3741,4,2026-05-18,Available
4533,Chennai,Adyar,27843764,3069,5,2026-06-29,Pending
4534,Mumbai,Powai,18375203,1694,2,2026-05-27,Sold
4535,Pune,Hinjewadi,18020926,1545,5,2026-05-21,Pending
4536,Chennai,OMR,27939234,4084,3,2026-06-14,Pending
4537,Chennai,OMR,38976745,3884,3,2026-07-05,Available
4538,Hyderabad,Kukatpally,47619966,4065,4,2026-07-01,Pending
4539,Bengaluru,Indiranagar,23833383,1981,2,2026-06-26,Pending
4540,Hyderabad,Kondapur,32292191,3219,5,2026-06-27,Pending
4541,Pune,Baner,12210375,1622,1,2026-05-23,Available
4542,Hyderabad,Kondapur,61287615,4160,4,2026-06-25,Pending
4543,Hyderabad,Madhapur,17232161,1246,2,2026-06-26,Available
4544,Chennai,Velachery,50946426,3706,3,2026-04-26,Pending
4545,Chennai,OMR,20869720,2427,3,2026-05-10,Pending
4546,Chennai,Adyar,15400299,2540,5,2026-07-04,Sold
4547,Bengaluru,Whitefield,15045119,1226,5,2026-06-03,Sold
4548,Pune,Hinjewadi,12071600,1461,1,2026-05-12,Pending
4549,Chennai,Velachery,15038671,3731,2,2026-06-06,Pending
4550,Mumbai,Powai,10778542,2089,1,2026-04-13,Available
4551,Chennai,Adyar,22341217,4453,5,2026-05-13,Available
4552,Pune,Kharadi,25017588,1943,5,2026-05-06,Sold
4553,Chennai,OMR,24899109,1976,3,2026-04-18,Available
4554,Mumbai,Powai,11483626,2215,1,2026-05-13,Sold
4555,Chennai,OMR,43963713,4180,4,2026-05-11,Available
4556,Bengaluru,HSR Layout,5328659,929,1,2026-07-04,Pending
4557,Mumbai,Powai,30733849,3959,3,2026-05-19,Available
4558,Chennai,OMR,14950443,1712,3,2026-04-30,Sold
4559,Hyderabad,Jubilee Hills,4647299,958,4,2026-06-10,Available
4560,Hyderabad,Miyapur,21326971,3946,4,2026-05-29,Available
4561,Bengaluru,HSR Layout,24433114,2762,5,2026-06-22,Available
4562,Pune,Hinjewadi,20508522,3040,5,2026-05-24,Sold
4563,Pune,Wakad,15664149,3452,3,2026-06-22,Sold
4564,Chennai,Anna Nagar,12807912,1189,4,2026-07-03,Available
4565,Bengaluru,Electronic City,15466840,1044,5,2026-04-12,Pending
4566,Bengaluru,Whitefield,4956057,783,5,2026-04-14,Sold
4567,Bengaluru,Electronic City,40962781,3344,3,2026-07-06,Pending
4568,Mumbai,Bandra,45797211,4011,4,2026-07-09,Sold
4569,Pune,Hinjewadi,10026967,1069,5,2026-06-13,Available
4570,Hyderabad,Banjara Hills,34952144,4467,5,2026-06-24,Sold
4571,Bengaluru,HSR Layout,17798549,3695,3,2026-04-10,Available
4572,Chennai,Velachery,18355034,1344,3,2026-04-29,Sold
4573,Pune,Kharadi,14402125,1004,3,2026-04-11,Pending
4574,Pune,Wakad,42662630,4442,4,2026-07-01,Pending
4575,Bengaluru,HSR Layout,14336518,2050,1,2026-04-15,Sold
4576,Chennai,Velachery,38843419,4499,3,2026-06-08,Pending
4577,Bengaluru,Whitefield,24293857,1887,1,2026-05-28,Sold
4578,Bengaluru,Whitefield,10636387,1617,2,2026-05-22,Pending
4579,Mumbai,Powai,38721623,4215,5,2026-04-20,Available
4580,Mumbai,Bandra,21686503,3150,5,2026-06-09,Available
4581,Chennai,Adyar,10958101,938,5,2026-04-23,Pending
4582,Hyderabad,Kukatpally,41486167,2893,1,2026-04-14,Pending
4583,Pune,Baner,19721708,2458,5,2026-06-01,Pending
4584,Hyderabad,Kukatpally,11044509,1710,5,2026-05-23,Pending
4585,Hyderabad,Gachibowli,32284606,2647,5,2026-05-29,Sold
4586,Mumbai,Andheri,26159275,3807,2,2026-06-04,Pending
4587,Mumbai,Thane,9531588,2249,3,2026-04-14,Pending
4588,Mumbai,Bandra,60582311,4886,4,2026-04-19,Pending
4589,Hyderabad,Miyapur,23137743,1729,3,2026-06-08,Available
4590,Bengaluru,Electronic City,37174196,2482,3,2026-04-21,Available
4591,Mumbai,Andheri,34436373,4594,5,2026-05-12,Available
4592,Pune,Hinjewadi,12468488,872,5,2026-06-14,Pending
4593,Hyderabad,Miyapur,19562426,1494,2,2026-07-09,Pending
4594,Pune,Wakad,19113479,2370,2,2026-04-15,Available
4595,Bengaluru,Indiranagar,17041280,3633,3,2026-05-28,Pending
4596,Hyderabad,Miyapur,17910249,2145,3,2026-07-08,Sold
4597,Hyderabad,Kukatpally,57505985,4447,1,2026-04-17,Available
4598,Mumbai,Bandra,35937501,3653,3,2026-04-20,Available
4599,Hyderabad,Miyapur,5734940,982,2,2026-07-02,Sold
4600,Chennai,Velachery,68953381,4674,3,2026-06-01,Sold
4601,Chennai,Adyar,41538376,3181,4,2026-06-21,Available
4602,Hyderabad,Jubilee Hills,35588821,2885,1,2026-05-21,Pending
4603,Chennai,OMR,27122137,2618,2,2026-06-10,Pending
4604,Hyderabad,Kukatpally,10636343,1145,1,2026-05-27,Pending
4605,Chennai,OMR,18402441,2660,4,2026-04-28,Available
4606,Bengaluru,Electronic City,64539209,4739,5,2026-05-24,Available
4607,Pune,Kharadi,8041630,1186,3,2026-06-27,Sold
4608,Mumbai,Thane,12392396,1053,5,2026-05-21,Sold
4609,Chennai,Anna Nagar,15989879,3668,4,2026-07-07,Pending
4610,Mumbai,Powai,34323686,3883,3,2026-06-24,Sold
4611,Hyderabad,Kukatpally,5208036,1168,4,2026-05-10,Pending
4612,Chennai,Anna Nagar,8658401,1871,1,2026-04-11,Sold
4613,Mumbai,Thane,3562948,516,5,2026-04-27,Sold
4614,Hyderabad,Kondapur,18273924,2342,3,2026-07-02,Pending
4615,Mumbai,Thane,18391696,4269,5,2026-04-23,Available
4616,Chennai,Anna Nagar,42988621,2981,4,2026-04-26,Pending
4617,Bengaluru,Whitefield,27746845,1908,2,2026-04-16,Sold
4618,Mumbai,Bandra,12412491,2663,3,2026-04-24,Sold
4619,Pune,Wakad,64944442,4398,2,2026-07-07,Available
4620,Pune,Hinjewadi,23831702,3786,2,2026-05-14,Pending
4621,Hyderabad,Madhapur,12041545,2050,3,2026-06-16,Pending
4622,Chennai,Velachery,22817804,4442,1,2026-05-01,Pending
4623,Pune,Hinjewadi,31753441,3080,2,2026-05-03,Pending
4624,Mumbai,Powai,8311535,1218,1,2026-07-02,Available
4625,Hyderabad,Gachibowli,14593117,1775,2,2026-04-30,Pending
4626,Chennai,Anna Nagar,45101376,3984,1,2026-05-17,Sold
4627,Pune,Baner,23492482,4322,2,2026-05-02,Available
4628,Hyderabad,Madhapur,27375947,2070,3,2026-06-08,Pending
4629,Bengaluru,HSR Layout,30423656,2961,5,2026-06-13,Available
4630,Chennai,Adyar,59996443,4743,3,2026-05-04,Sold
4631,Chennai,OMR,36596386,4936,2,2026-04-20,Available
4632,Bengaluru,Whitefield,37053856,2777,4,2026-05-06,Available
4633,Bengaluru,Electronic City,14977580,1654,1,2026-05-08,Pending
4634,Mumbai,Thane,38401665,2701,1,2026-05-10,Pending
4635,Hyderabad,Kukatpally,11993435,2549,5,2026-06-03,Available
4636,Mumbai,Powai,22724254,2367,1,2026-06-27,Pending
4637,Hyderabad,Kukatpally,9963951,1073,5,2026-06-08,Sold
4638,Hyderabad,Banjara Hills,12641361,2361,2,2026-05-01,Sold
4639,Pune,Kharadi,30332570,2026,4,2026-07-07,Sold
4640,Mumbai,Thane,15866078,3068,2,2026-05-09,Sold
4641,Pune,Baner,11130326,1692,5,2026-05-13,Available
4642,Pune,Hinjewadi,28247666,2926,3,2026-06-07,Sold
4643,Pune,Wakad,35105367,3310,3,2026-06-29,Pending
4644,Chennai,Anna Nagar,9904299,1548,1,2026-05-04,Pending
4645,Pune,Baner,4679666,810,2,2026-05-31,Pending
4646,Chennai,Adyar,24299108,3885,5,2026-05-15,Available
4647,Chennai,Adyar,37356465,2795,1,2026-05-24,Available
4648,Bengaluru,HSR Layout,51268568,3950,2,2026-05-16,Pending
4649,Chennai,Anna Nagar,49446815,4487,2,2026-06-27,Available
4650,Chennai,OMR,10870694,1484,5,2026-06-16,Pending
4651,Pune,Kharadi,34215964,4614,1,2026-06-21,Available
4652,Chennai,Anna Nagar,24077586,2782,4,2026-04-22,Sold
4653,Mumbai,Bandra,10009066,1950,4,2026-07-08,Pending
4654,Hyderabad,Kukatpally,7062221,1427,2,2026-06-11,Available
4655,Hyderabad,Kondapur,46131970,3734,2,2026-07-08,Pending
4656,Mumbai,Thane,22149337,4609,1,2026-05-19,Pending
4657,Hyderabad,Banjara Hills,21192732,1822,3,2026-06-13,Sold
4658,Chennai,Velachery,5437945,1008,1,2026-07-07,Sold
4659,Hyderabad,Miyapur,66032212,4871,4,2026-06-11,Sold
4660,Mumbai,Powai,58664686,4267,3,2026-06-01,Sold
4661,Mumbai,Bandra,16885241,4030,4,2026-06-20,Available
4662,Bengaluru,Whitefield,23652249,1716,5,2026-06-15,Available
4663,Bengaluru,Indiranagar,11388369,816,3,2026-06-17,Pending
4664,Mumbai,Thane,49363307,3631,1,2026-06-13,Pending
4665,Bengaluru,Indiranagar,12797105,883,5,2026-06-02,Sold
4666,Mumbai,Andheri,35678331,3138,1,2026-06-06,Sold
4667,Mumbai,Thane,13979011,1316,1,2026-06-18,Pending
4668,Mumbai,Andheri,42633090,4082,1,2026-05-07,Available
4669,Hyderabad,Banjara Hills,38295329,2879,3,2026-06-03,Sold
4670,Bengaluru,HSR Layout,29469913,2231,3,2026-05-13,Available
4671,Chennai,Anna Nagar,21955797,2827,3,2026-04-21,Available
4672,Hyderabad,Miyapur,40731029,3716,4,2026-04-18,Available
4673,Bengaluru,Whitefield,13640028,2416,3,2026-07-08,Available
4674,Bengaluru,Indiranagar,18440953,3636,2,2026-06-10,Pending
4675,Pune,Kharadi,6524348,612,3,2026-05-10,Pending
4676,Hyderabad,Kukatpally,42095451,3488,5,2026-05-30,Sold
4677,Pune,Wakad,32693885,2710,5,2026-04-21,Sold
4678,Hyderabad,Kondapur,17509364,2344,2,2026-06-03,Pending
4679,Bengaluru,Whitefield,22653003,1515,5,2026-06-13,Available
4680,Hyderabad,Jubilee Hills,40882442,4290,4,2026-04-25,Sold
4681,Mumbai,Powai,10003201,1528,1,2026-06-02,Available
4682,Hyderabad,Jubilee Hills,32744868,2933,4,2026-06-02,Pending
4683,Bengaluru,HSR Layout,15513350,2281,4,2026-05-31,Available
4684,Bengaluru,Whitefield,20716954,4153,1,2026-05-30,Available
4685,Bengaluru,Whitefield,24176358,1757,4,2026-05-30,Available
4686,Mumbai,Bandra,10113336,1197,1,2026-06-08,Available
4687,Chennai,OMR,24546077,4840,1,2026-04-13,Available
4688,Bengaluru,HSR Layout,17737275,1568,1,2026-06-26,Sold
4689,Chennai,OMR,57452327,4012,4,2026-06-22,Sold
4690,Bengaluru,Electronic City,31270133,3429,5,2026-05-21,Pending
4691,Bengaluru,Electronic City,15879624,1703,2,2026-06-28,Sold
4692,Mumbai,Powai,14765544,2279,3,2026-04-21,Available
4693,Chennai,Adyar,7251104,691,2,2026-06-25,Sold
4694,Hyderabad,Gachibowli,8160385,862,4,2026-07-04,Available
4695,Bengaluru,Indiranagar,43502507,4041,2,2026-06-07,Sold
4696,Mumbai,Bandra,49256036,3473,4,2026-06-29,Pending
4697,Chennai,OMR,19171359,2614,5,2026-05-26,Available
4698,Pune,Wakad,40898657,4246,5,2026-06-17,Available
4699,Bengaluru,HSR Layout,22313408,2227,3,2026-06-27,Sold
4700,Bengaluru,HSR Layout,43283613,3461,5,2026-04-21,Available
4701,Pune,Kharadi,19536536,2609,3,2026-06-25,Available
4702,Chennai,OMR,10558138,2115,3,2026-05-16,Sold
4703,Hyderabad,Kondapur,36401559,4265,4,2026-06-23,Available
4704,Mumbai,Thane,10898188,1847,1,2026-05-12,Pending
4705,Pune,Kharadi,46241958,3605,2,2026-05-06,Pending
4706,Hyderabad,Gachibowli,7372604,742,2,2026-06-17,Available
4707,Mumbai,Bandra,28776025,2823,1,2026-06-28,Available
4708,Bengaluru,Electronic City,34686854,4629,3,2026-06-04,Available
4709,Bengaluru,HSR Layout,25218671,3462,3,2026-06-08,Available
4710,Pune,Hinjewadi,38515857,3729,4,2026-05-12,Available
4711,Chennai,Anna Nagar,22948162,1710,3,2026-04-19,Pending
4712,Bengaluru,Whitefield,26701763,2952,1,2026-04-30,Available
4713,Pune,Baner,17956462,1470,1,2026-04-18,Pending
4714,Chennai,Anna Nagar,11913746,2630,4,2026-06-19,Pending
4715,Chennai,OMR,5635801,808,3,2026-06-09,Available
4716,Pune,Wakad,18405642,1290,2,2026-04-24,Pending
4717,Hyderabad,Gachibowli,15848949,2824,1,2026-04-18,Sold
4718,Chennai,Velachery,14228799,1528,3,2026-05-31,Available
4719,Pune,Baner,3084167,578,5,2026-04-20,Available
4720,Mumbai,Bandra,23281400,3106,5,2026-06-29,Pending
4721,Pune,Wakad,7729252,1261,4,2026-06-13,Sold
4722,Chennai,Adyar,57064065,3864,2,2026-05-27,Sold
4723,Bengaluru,Electronic City,24466409,1896,1,2026-06-09,Pending
4724,Bengaluru,HSR Layout,21447756,1418,4,2026-06-22,Sold
4725,Chennai,Anna Nagar,51560088,4780,3,2026-04-25,Pending
4726,Mumbai,Bandra,6134192,1424,2,2026-05-31,Sold
4727,Hyderabad,Gachibowli,18639149,2857,3,2026-07-03,Pending
4728,Hyderabad,Gachibowli,25093005,1847,4,2026-05-16,Available
4729,Pune,Hinjewadi,11775007,1191,4,2026-06-22,Pending
4730,Pune,Kharadi,10137398,2626,2,2026-04-25,Available
4731,Hyderabad,Kondapur,21366716,1617,5,2026-06-06,Available
4732,Bengaluru,Whitefield,25405280,4449,5,2026-06-21,Pending
4733,Bengaluru,Whitefield,12873401,2228,2,2026-06-20,Sold
4734,Mumbai,Andheri,47883277,3608,5,2026-05-18,Pending
4735,Hyderabad,Madhapur,39576327,3922,5,2026-04-24,Available
4736,Pune,Baner,15090867,2534,2,2026-04-15,Sold
4737,Chennai,Adyar,16145667,3252,5,2026-04-27,Pending
4738,Chennai,OMR,12042992,2122,5,2026-06-29,Available
4739,Bengaluru,Electronic City,31456445,2511,3,2026-06-14,Available
4740,Hyderabad,Kondapur,33306959,4441,5,2026-05-05,Available
4741,Mumbai,Bandra,41698995,3685,2,2026-05-19,Available
4742,Bengaluru,Electronic City,31510965,3904,4,2026-07-01,Available
4743,Bengaluru,Whitefield,21060990,1460,1,2026-06-13,Pending
4744,Mumbai,Thane,40446772,4568,5,2026-05-08,Available
4745,Hyderabad,Kukatpally,26017334,2881,4,2026-06-21,Available
4746,Hyderabad,Banjara Hills,5290305,1117,2,2026-04-11,Sold
4747,Pune,Hinjewadi,45372152,3477,1,2026-05-23,Sold
4748,Mumbai,Bandra,62866984,4365,5,2026-05-10,Sold
4749,Bengaluru,Electronic City,37019214,4475,3,2026-06-24,Pending
4750,Bengaluru,HSR Layout,39704227,3025,1,2026-04-13,Available
4751,Bengaluru,Indiranagar,5352000,959,5,2026-05-15,Available
4752,Mumbai,Andheri,63867432,4970,1,2026-06-16,Available
4753,Chennai,OMR,18147754,1626,1,2026-04-10,Sold
4754,Pune,Kharadi,37370571,4200,1,2026-06-28,Sold
4755,Mumbai,Powai,15486657,1171,3,2026-05-05,Pending
4756,Pune,Kharadi,5601528,1160,1,2026-04-22,Pending
4757,Mumbai,Andheri,44316214,3119,3,2026-05-03,Sold
4758,Bengaluru,Indiranagar,7863729,765,2,2026-05-06,Sold
4759,Pune,Baner,22295385,2676,4,2026-07-07,Sold
4760,Mumbai,Bandra,48570288,3265,4,2026-04-20,Sold
4761,Bengaluru,Electronic City,35788677,4284,3,2026-06-04,Sold
4762,Hyderabad,Kukatpally,24515829,3893,3,2026-06-15,Available
4763,Bengaluru,Whitefield,31165379,2419,3,2026-05-20,Sold
4764,Pune,Kharadi,72439914,4968,1,2026-05-29,Pending
4765,Chennai,Velachery,26744589,4027,2,2026-04-27,Available
4766,Chennai,Anna Nagar,11806264,936,5,2026-04-13,Sold
4767,Mumbai,Powai,7500860,773,2,2026-05-30,Sold
4768,Pune,Baner,21570758,4512,4,2026-06-14,Available
4769,Pune,Kharadi,19853169,1529,5,2026-07-07,Pending
4770,Mumbai,Powai,16724946,2089,5,2026-04-11,Pending
4771,Chennai,Adyar,6268112,1531,5,2026-06-04,Pending
4772,Mumbai,Thane,23595540,2767,1,2026-05-21,Pending
4773,Bengaluru,Indiranagar,34552176,2531,4,2026-04-11,Pending
4774,Hyderabad,Banjara Hills,58118095,4348,4,2026-04-18,Pending
4775,Hyderabad,Jubilee Hills,20599823,1358,5,2026-06-30,Available
4776,Bengaluru,Indiranagar,24899320,2260,3,2026-05-31,Pending
4777,Hyderabad,Miyapur,45400768,3163,5,2026-07-03,Available
4778,Hyderabad,Kondapur,23148947,1524,2,2026-06-18,Sold
4779,Bengaluru,Electronic City,6305942,1167,1,2026-06-23,Sold
4780,Chennai,Adyar,43390204,3653,2,2026-06-09,Sold
4781,Pune,Hinjewadi,26627230,3151,2,2026-06-02,Sold
4782,Bengaluru,Indiranagar,11190848,1408,3,2026-05-19,Available
4783,Hyderabad,Kukatpally,14001832,2513,3,2026-04-29,Sold
4784,Mumbai,Powai,21251989,1868,2,2026-06-21,Sold
4785,Bengaluru,Indiranagar,3942388,534,1,2026-04-23,Sold
4786,Pune,Kharadi,34266230,3296,1,2026-07-02,Sold
4787,Mumbai,Thane,11649225,1815,1,2026-05-05,Available
4788,Bengaluru,Whitefield,12972472,3005,1,2026-04-14,Sold
4789,Chennai,Adyar,16767442,1273,3,2026-05-11,Pending
4790,Hyderabad,Miyapur,17369389,1869,4,2026-05-08,Sold
4791,Pune,Wakad,37030574,4907,3,2026-06-18,Sold
4792,Pune,Kharadi,19369390,1396,1,2026-06-13,Available
4793,Mumbai,Thane,42588398,3933,5,2026-06-19,Sold
4794,Hyderabad,Kondapur,18970105,1248,3,2026-06-07,Sold
4795,Mumbai,Thane,35513821,2686,3,2026-06-06,Sold
4796,Pune,Baner,14983045,1074,4,2026-06-29,Available
4797,Chennai,Adyar,30517594,2894,4,2026-04-26,Available
4798,Mumbai,Bandra,5289978,979,3,2026-06-27,Available
4799,Pune,Baner,9899015,709,1,2026-05-26,Available
4800,Mumbai,Bandra,21448078,2554,4,2026-06-04,Pending
4801,Mumbai,Andheri,20880559,3666,2,2026-05-03,Available
4802,Hyderabad,Miyapur,6063236,1039,2,2026-06-14,Pending
4803,Hyderabad,Madhapur,9421812,1848,4,2026-04-24,Pending
4804,Mumbai,Bandra,24597946,4547,5,2026-06-27,Pending
4805,Hyderabad,Banjara Hills,11846845,2331,4,2026-06-21,Pending
4806,Mumbai,Powai,51410972,4398,4,2026-05-14,Available
4807,Mumbai,Powai,14154252,1547,1,2026-06-08,Pending
4808,Pune,Wakad,25131962,1755,1,2026-06-30,Pending
4809,Bengaluru,Indiranagar,16187006,3304,1,2026-04-27,Available
4810,Hyderabad,Miyapur,8252779,731,1,2026-05-19,Sold
4811,Mumbai,Powai,31723774,2257,1,2026-06-01,Pending
4812,Hyderabad,Miyapur,26762710,2398,1,2026-04-28,Sold
4813,Chennai,Adyar,11991406,1557,1,2026-07-07,Available
4814,Pune,Baner,23333690,4707,5,2026-06-02,Pending
4815,Mumbai,Andheri,30964624,2953,2,2026-04-20,Pending
4816,Pune,Hinjewadi,39640896,2831,5,2026-05-16,Pending
4817,Mumbai,Bandra,28323810,2662,5,2026-06-24,Pending
4818,Bengaluru,Whitefield,12259839,963,2,2026-06-27,Available
4819,Pune,Hinjewadi,30208949,3052,4,2026-04-13,Pending
4820,Pune,Kharadi,47388304,3440,1,2026-04-20,Sold
4821,Chennai,OMR,27036573,3856,2,2026-06-12,Pending
4822,Hyderabad,Madhapur,17646837,3778,1,2026-05-27,Pending
4823,Bengaluru,Whitefield,8248185,563,5,2026-05-19,Sold
4824,Chennai,Adyar,23024982,2539,5,2026-05-05,Pending
4825,Hyderabad,Miyapur,9438154,2124,4,2026-06-09,Pending
4826,Chennai,Adyar,6882688,1139,5,2026-04-26,Sold
4827,Chennai,Anna Nagar,7041146,690,2,2026-06-03,Sold
4828,Bengaluru,Electronic City,14796926,2928,3,2026-07-01,Pending
4829,Pune,Baner,43990719,3696,4,2026-05-15,Pending
4830,Pune,Hinjewadi,6243927,824,4,2026-04-18,Available
4831,Chennai,OMR,49964036,4988,2,2026-07-07,Pending
4832,Pune,Hinjewadi,37985574,3331,1,2026-04-18,Sold
4833,Pune,Wakad,46783911,3628,1,2026-04-20,Sold
4834,Bengaluru,Indiranagar,26481885,2345,5,2026-07-06,Sold
4835,Chennai,Velachery,68681646,4808,4,2026-06-21,Available
4836,Mumbai,Thane,34206993,3908,5,2026-06-29,Pending
4837,Mumbai,Thane,19167442,3047,3,2026-05-08,Available
4838,Hyderabad,Kukatpally,32357975,4509,2,2026-04-12,Sold
4839,Mumbai,Bandra,8472843,1871,2,2026-05-16,Pending
4840,Pune,Baner,30824137,2708,3,2026-05-02,Pending
4841,Chennai,Anna Nagar,11825281,1945,1,2026-06-16,Sold
4842,Bengaluru,Electronic City,60389681,4571,2,2026-07-09,Available
4843,Hyderabad,Kondapur,6125587,930,3,2026-05-09,Sold
4844,Bengaluru,Electronic City,19972831,1357,4,2026-05-23,Pending
4845,Pune,Kharadi,30050898,4007,4,2026-06-16,Available
4846,Mumbai,Andheri,29598155,4833,2,2026-06-27,Sold
4847,Chennai,Velachery,25608648,4226,5,2026-06-20,Pending
4848,Bengaluru,Whitefield,12163470,2010,1,2026-04-22,Available
4849,Mumbai,Andheri,18033851,1432,1,2026-06-02,Sold
4850,Pune,Wakad,25697763,2609,3,2026-06-18,Sold
4851,Bengaluru,Whitefield,12566094,2284,5,2026-04-14,Sold
4852,Bengaluru,HSR Layout,22841861,2371,2,2026-06-09,Available
4853,Hyderabad,Madhapur,26909805,3411,2,2026-06-02,Pending
4854,Bengaluru,Electronic City,31029195,3931,2,2026-06-30,Available
4855,Pune,Hinjewadi,6986366,700,5,2026-06-17,Pending
4856,Hyderabad,Gachibowli,7478460,912,1,2026-05-01,Sold
4857,Chennai,Anna Nagar,8649754,1337,2,2026-07-05,Pending
4858,Hyderabad,Banjara Hills,38907941,4905,5,2026-05-17,Pending
4859,Bengaluru,Indiranagar,14805250,1270,1,2026-06-27,Sold
4860,Chennai,Velachery,15385881,2321,2,2026-06-21,Available
4861,Hyderabad,Gachibowli,43214110,4439,5,2026-05-14,Sold
4862,Bengaluru,Electronic City,30356850,4148,3,2026-06-18,Pending
4863,Chennai,Velachery,69817985,4861,2,2026-06-13,Sold
4864,Bengaluru,Indiranagar,32094886,4649,1,2026-06-14,Available
4865,Hyderabad,Miyapur,46413742,3570,4,2026-06-25,Available
4866,Pune,Baner,10708661,1350,3,2026-04-10,Sold
4867,Chennai,Anna Nagar,14371787,1060,2,2026-05-03,Sold
4868,Bengaluru,Electronic City,47886014,4617,3,2026-05-30,Sold
4869,Bengaluru,Electronic City,46228518,3811,1,2026-06-26,Available
4870,Hyderabad,Kukatpally,20362699,3441,5,2026-04-25,Sold
4871,Pune,Kharadi,11697920,1378,2,2026-05-31,Pending
4872,Pune,Baner,11001212,1027,4,2026-05-25,Pending
4873,Chennai,Velachery,20895390,1717,3,2026-06-13,Sold
4874,Chennai,Anna Nagar,15101050,1938,1,2026-05-27,Sold
4875,Mumbai,Thane,32610158,2289,1,2026-04-26,Available
4876,Bengaluru,Indiranagar,8799484,1122,2,2026-05-12,Pending
4877,Bengaluru,HSR Layout,44676789,4794,4,2026-05-16,Sold
4878,Chennai,OMR,47021359,3415,5,2026-07-09,Available
4879,Hyderabad,Miyapur,52537013,4204,4,2026-04-27,Available
4880,Chennai,Velachery,32762995,2262,3,2026-06-24,Available
4881,Mumbai,Thane,21552898,2937,2,2026-07-08,Sold
4882,Mumbai,Powai,10249892,1693,2,2026-07-05,Sold
4883,Hyderabad,Gachibowli,19701177,4877,2,2026-05-01,Sold
4884,Hyderabad,Kondapur,5802615,510,5,2026-06-17,Available
4885,Mumbai,Thane,10110682,1354,1,2026-07-06,Sold
4886,Chennai,Anna Nagar,13303240,1041,2,2026-05-01,Pending
4887,Chennai,Velachery,21407558,3787,3,2026-06-10,Sold
4888,Mumbai,Andheri,56614482,4682,3,2026-05-29,Available
4889,Hyderabad,Miyapur,44311330,3950,5,2026-05-30,Sold
4890,Pune,Baner,16580969,3699,1,2026-07-07,Sold
4891,Hyderabad,Jubilee Hills,25875759,1847,4,2026-07-09,Pending
4892,Bengaluru,Electronic City,42071097,4616,2,2026-06-22,Pending
4893,Pune,Wakad,8150080,770,1,2026-04-16,Sold
4894,Bengaluru,Electronic City,19897699,4408,3,2026-06-17,Available
4895,Pune,Baner,15514225,1355,3,2026-06-10,Sold
4896,Chennai,Adyar,4703264,596,5,2026-06-23,Pending
4897,Pune,Kharadi,39009179,3895,5,2026-05-19,Pending
4898,Bengaluru,Whitefield,4076358,725,4,2026-05-28,Available
4899,Mumbai,Powai,9883728,690,3,2026-06-08,Pending
4900,Pune,Kharadi,10927056,1079,3,2026-05-03,Pending
4901,Hyderabad,Banjara Hills,26684878,4536,2,2026-06-22,Sold
4902,Hyderabad,Miyapur,32469625,3836,3,2026-05-23,Available
4903,Chennai,Anna Nagar,21435700,2855,4,2026-06-14,Sold
4904,Pune,Wakad,7385800,1429,2,2026-04-28,Available
4905,Hyderabad,Jubilee Hills,31319869,4752,1,2026-04-30,Sold
4906,Chennai,Adyar,21589898,2433,4,2026-06-09,Sold
4907,Pune,Baner,8293327,959,1,2026-05-10,Sold
4908,Mumbai,Bandra,39879125,3504,1,2026-05-19,Available
4909,Bengaluru,HSR Layout,23374313,3804,1,2026-05-23,Available
4910,Pune,Kharadi,20297858,1407,5,2026-06-04,Pending
4911,Chennai,Adyar,38860492,4563,1,2026-06-06,Available
4912,Mumbai,Bandra,36247066,4712,5,2026-06-18,Pending
4913,Chennai,Adyar,20713537,3982,3,2026-04-26,Sold
4914,Hyderabad,Kondapur,25864055,4505,5,2026-05-16,Pending
4915,Pune,Kharadi,4868529,547,1,2026-04-14,Available
4916,Bengaluru,Whitefield,28935675,4083,5,2026-06-27,Pending
4917,Chennai,Anna Nagar,40451690,3914,2,2026-05-23,Sold
4918,Hyderabad,Jubilee Hills,28156631,2835,3,2026-05-30,Sold
4919,Pune,Kharadi,44217831,3464,4,2026-07-04,Available
4920,Hyderabad,Jubilee Hills,34735813,2482,5,2026-06-19,Available
4921,Mumbai,Andheri,13334352,950,2,2026-06-12,Sold
4922,Chennai,Adyar,20055178,4477,1,2026-05-25,Pending
4923,Mumbai,Thane,17320518,1933,1,2026-06-28,Sold
4924,Chennai,Velachery,22493074,1967,5,2026-05-31,Available
4925,Bengaluru,Electronic City,21075843,3043,2,2026-06-25,Available
4926,Bengaluru,HSR Layout,16261778,4093,4,2026-05-08,Sold
4927,Bengaluru,HSR Layout,16160779,2599,3,2026-04-12,Available
4928,Mumbai,Thane,25103160,2971,5,2026-04-15,Available
4929,Pune,Hinjewadi,47402326,4700,2,2026-07-02,Sold
4930,Pune,Baner,50579545,4939,1,2026-06-17,Pending
4931,Mumbai,Andheri,29309150,3207,5,2026-04-24,Pending
4932,Hyderabad,Kukatpally,48064880,3310,3,2026-05-26,Sold
4933,Mumbai,Andheri,34214709,4601,3,2026-06-30,Pending
4934,Chennai,OMR,6481684,864,1,2026-04-29,Available
4935,Mumbai,Bandra,30614096,2569,2,2026-06-04,Sold
4936,Chennai,OMR,30551885,3963,4,2026-04-24,Sold
4937,Pune,Wakad,35600717,4595,2,2026-04-26,Sold
4938,Chennai,OMR,3081069,627,2,2026-05-06,Sold
4939,Bengaluru,HSR Layout,31712815,2154,4,2026-05-04,Available
4940,Hyderabad,Kondapur,50454170,4048,5,2026-06-24,Available
4941,Mumbai,Andheri,19195723,1848,5,2026-05-11,Available
4942,Hyderabad,Miyapur,30164370,2879,5,2026-05-06,Pending
4943,Chennai,Velachery,14168103,2434,4,2026-05-31,Available
4944,Bengaluru,HSR Layout,11310169,1050,1,2026-04-19,Pending
4945,Mumbai,Powai,8386216,544,5,2026-04-21,Sold
4946,Chennai,Anna Nagar,39336702,4817,2,2026-05-03,Sold
4947,Hyderabad,Miyapur,15942425,2167,3,2026-06-26,Sold
4948,Pune,Baner,44549560,4009,4,2026-06-10,Sold
4949,Mumbai,Powai,17081091,2378,5,2026-04-10,Sold
4950,Pune,Wakad,26628776,3471,2,2026-06-27,Pending
4951,Hyderabad,Madhapur,4789896,973,4,2026-05-13,Available
4952,Hyderabad,Banjara Hills,18624521,1997,1,2026-06-08,Pending
4953,Chennai,Adyar,19425458,2163,5,2026-04-19,Pending
4954,Pune,Hinjewadi,51446438,3522,1,2026-06-21,Sold
4955,Hyderabad,Kukatpally,20233587,3008,4,2026-04-24,Sold
4956,Hyderabad,Gachibowli,12417515,2168,2,2026-05-24,Available
4957,Mumbai,Powai,9676932,886,3,2026-07-05,Sold
4958,Hyderabad,Miyapur,13830477,1748,2,2026-06-11,Pending
4959,Mumbai,Thane,19012920,3714,4,2026-05-13,Available
4960,Chennai,OMR,46088631,4848,2,2026-06-23,Sold
4961,Bengaluru,HSR Layout,21059867,3837,1,2026-05-10,Available
4962,Hyderabad,Jubilee Hills,28834621,4488,4,2026-04-20,Available
4963,Chennai,Adyar,27122558,4051,3,2026-07-07,Available
4964,Mumbai,Powai,22056130,4160,5,2026-05-19,Pending
4965,Mumbai,Powai,6257002,588,3,2026-05-28,Pending
4966,Mumbai,Andheri,51882584,4991,4,2026-04-19,Available
4967,Chennai,Adyar,53672136,4566,5,2026-04-24,Sold
4968,Mumbai,Thane,33873325,4913,1,2026-06-19,Sold
4969,Mumbai,Andheri,39351770,4760,1,2026-04-19,Available
4970,Hyderabad,Miyapur,27426435,2411,2,2026-04-10,Available
4971,Bengaluru,Indiranagar,12289211,1091,5,2026-04-19,Sold
4972,Chennai,Anna Nagar,9988618,2352,4,2026-05-06,Pending
4973,Mumbai,Powai,34172257,3141,2,2026-05-20,Pending
4974,Pune,Baner,17457484,3746,2,2026-07-05,Pending
4975,Hyderabad,Madhapur,25777583,3081,4,2026-06-13,Sold
4976,Mumbai,Powai,70999215,4895,4,2026-04-11,Sold
4977,Bengaluru,Electronic City,42696491,4012,3,2026-06-12,Available
4978,Pune,Kharadi,6758122,1332,1,2026-05-30,Available
4979,Bengaluru,Indiranagar,14859403,2823,1,2026-05-22,Available
4980,Hyderabad,Kondapur,4811355,721,5,2026-05-26,Pending
4981,Hyderabad,Banjara Hills,39045584,3990,3,2026-04-27,Sold
4982,Bengaluru,HSR Layout,13697231,2118,1,2026-06-11,Sold
4983,Pune,Baner,54089468,4553,3,2026-04-11,Available
4984,Bengaluru,HSR Layout,10711142,2439,1,2026-04-25,Available
4985,Pune,Wakad,44547592,3277,1,2026-06-27,Sold
4986,Mumbai,Andheri,14326280,2647,1,2026-07-09,Pending
4987,Mumbai,Bandra,55561228,4714,1,2026-07-03,Sold
4988,Pune,Kharadi,37594019,2618,4,2026-06-28,Pending
4989,Pune,Hinjewadi,43789448,3704,4,2026-05-03,Available
4990,Hyderabad,Kukatpally,33266090,4740,3,2026-04-28,Available
4991,Bengaluru,Indiranagar,40103343,3849,4,2026-06-09,Sold
4992,Bengaluru,Indiranagar,23365330,4446,2,2026-07-08,Sold
4993,Hyderabad,Kukatpally,29784068,4312,4,2026-06-25,Available
4994,Chennai,Adyar,26742481,3636,3,2026-06-13,Available
4995,Bengaluru,Indiranagar,37211369,4213,4,2026-06-01,Pending
4996,Chennai,Velachery,11081468,1593,2,2026-04-15,Sold
4997,Hyderabad,Miyapur,5808255,500,1,2026-07-08,Pending
4998,Mumbai,Thane,33170282,2354,4,2026-06-25,Sold
4999,Mumbai,Thane,37839432,2750,2,2026-05-10,Available
5000,Mumbai,Thane,11421302,1314,4,2026-06-28,Pending
5001,Chennai,Adyar,15293633,2354,1,2026-04-20,Pending
5002,Chennai,Anna Nagar,22866205,2793,1,2026-06-26,Pending
5003,Mumbai,Andheri,5810430,1444,4,2026-06-06,Available
5004,Pune,Hinjewadi,27460147,2239,3,2026-04-21,Sold
5005,Hyderabad,Banjara Hills,36840926,4712,5,2026-05-31,Available
5006,Hyderabad,Jubilee Hills,24300330,3563,1,2026-04-26,Sold
5007,Bengaluru,Indiranagar,19724797,3780,4,2026-04-22,Pending
5008,Chennai,OMR,16549302,2648,4,2026-05-20,Sold
5009,Mumbai,Powai,18982487,2019,5,2026-06-22,Pending
5010,Chennai,OMR,23271837,2498,5,2026-05-31,Pending
5011,Hyderabad,Kondapur,17704991,3982,3,2026-04-14,Sold
5012,Mumbai,Powai,10760113,1033,3,2026-04-28,Pending
5013,Chennai,Adyar,6249723,811,5,2026-06-06,Available
5014,Mumbai,Bandra,37452295,3556,1,2026-06-16,Available
5015,Hyderabad,Gachibowli,9625946,1151,3,2026-05-08,Available
5016,Hyderabad,Banjara Hills,22411300,2849,3,2026-06-15,Available
5017,Pune,Kharadi,32062724,2975,3,2026-06-17,Pending
5018,Mumbai,Thane,13444846,2490,1,2026-06-03,Sold
5019,Chennai,Velachery,19618233,3871,4,2026-04-24,Available
5020,Hyderabad,Gachibowli,71624485,4959,5,2026-05-07,Pending
5021,Bengaluru,Electronic City,25085191,4350,5,2026-06-03,Pending
5022,Hyderabad,Jubilee Hills,31742809,4835,2,2026-05-29,Pending
5023,Hyderabad,Gachibowli,22018146,4503,2,2026-04-24,Pending
5024,Chennai,Anna Nagar,20189092,1520,3,2026-06-06,Sold
5025,Chennai,Anna Nagar,16205108,1642,4,2026-04-13,Sold
5026,Mumbai,Andheri,7990456,1654,3,2026-06-11,Pending
5027,Chennai,Velachery,39458225,3471,3,2026-06-25,Pending
5028,Chennai,Adyar,35980972,4511,3,2026-06-29,Sold
5029,Hyderabad,Jubilee Hills,11490099,1580,3,2026-05-30,Sold
5030,Hyderabad,Gachibowli,48055092,4138,5,2026-05-19,Pending
5031,Chennai,Velachery,17666937,3068,3,2026-04-13,Available
5032,Pune,Baner,50519704,3414,2,2026-05-06,Pending
5033,Bengaluru,HSR Layout,38096421,3007,4,2026-06-12,Sold
5034,Bengaluru,Indiranagar,22231229,4337,4,2026-05-25,Sold
5035,Bengaluru,HSR Layout,15746459,3354,4,2026-05-07,Sold
5036,Mumbai,Powai,33511164,4777,2,2026-06-05,Pending
5037,Pune,Kharadi,32793621,2659,5,2026-04-19,Sold
5038,Mumbai,Powai,27389795,3642,1,2026-06-10,Pending
5039,Chennai,Anna Nagar,32851096,2311,3,2026-06-12,Available
5040,Chennai,Adyar,33840905,2277,1,2026-06-08,Pending
5041,Bengaluru,HSR Layout,11684626,1051,5,2026-04-10,Pending
5042,Hyderabad,Jubilee Hills,26079290,2615,5,2026-05-21,Available
5043,Bengaluru,HSR Layout,9822880,1322,4,2026-04-21,Sold
5044,Chennai,OMR,18208925,1859,2,2026-06-22,Sold
5045,Bengaluru,Whitefield,19609055,2501,2,2026-07-07,Pending
5046,Pune,Baner,29280053,4443,5,2026-04-12,Sold
5047,Pune,Baner,2036313,510,1,2026-07-01,Sold
5048,Chennai,Adyar,41063463,3066,5,2026-05-23,Available
5049,Bengaluru,Whitefield,34941450,2454,1,2026-05-17,Sold
5050,Hyderabad,Banjara Hills,11444257,1217,2,2026-05-21,Pending
5051,Hyderabad,Jubilee Hills,15312699,1182,4,2026-06-09,Available
5052,Mumbai,Powai,26663797,4562,3,2026-05-21,Sold
5053,Bengaluru,Indiranagar,27982200,3270,5,2026-05-02,Available
5054,Chennai,Anna Nagar,16326382,2073,5,2026-05-06,Sold
5055,Pune,Baner,19344373,2236,5,2026-05-09,Sold
5056,Pune,Wakad,10926052,852,1,2026-04-13,Sold
5057,Mumbai,Powai,37611213,2559,3,2026-05-08,Pending
5058,Pune,Wakad,10827625,1601,2,2026-05-16,Sold
5059,Hyderabad,Banjara Hills,57268361,4977,1,2026-06-25,Available
5060,Chennai,Anna Nagar,31859533,3087,5,2026-06-18,Sold
5061,Mumbai,Andheri,24067307,4181,4,2026-05-22,Pending
5062,Bengaluru,Electronic City,15312227,1486,4,2026-04-27,Sold
5063,Chennai,Velachery,22985753,1726,4,2026-04-20,Sold
5064,Pune,Wakad,10187883,743,4,2026-06-30,Sold
5065,Bengaluru,Indiranagar,6220599,626,1,2026-04-21,Pending
5066,Chennai,Velachery,8804363,649,4,2026-05-05,Sold
5067,Mumbai,Thane,15180683,1618,5,2026-05-27,Sold
5068,Hyderabad,Kukatpally,31231793,2492,1,2026-05-01,Pending
5069,Bengaluru,Indiranagar,4294614,878,1,2026-06-26,Pending
5070,Pune,Baner,19436315,1703,1,2026-06-03,Available
5071,Bengaluru,Electronic City,13748110,2019,1,2026-06-23,Pending
5072,Mumbai,Powai,17520847,4376,3,2026-07-03,Sold
5073,Bengaluru,Indiranagar,8365506,557,2,2026-04-28,Sold
5074,Chennai,Velachery,12641836,1829,5,2026-05-31,Available
5075,Chennai,Anna Nagar,12313551,2996,3,2026-05-27,Available
5076,Bengaluru,Electronic City,57393023,4871,5,2026-04-22,Pending
5077,Mumbai,Andheri,34476915,2606,2,2026-05-27,Available
5078,Mumbai,Powai,27022043,3762,5,2026-05-10,Sold
5079,Hyderabad,Miyapur,35623838,3771,3,2026-07-08,Pending
5080,Pune,Kharadi,36738778,3740,3,2026-06-16,Available
5081,Pune,Wakad,10948953,1344,3,2026-04-17,Pending
5082,Pune,Kharadi,16936149,2332,5,2026-06-26,Sold
5083,Mumbai,Andheri,18199655,1498,2,2026-05-25,Pending
5084,Pune,Baner,5380272,726,2,2026-05-25,Pending
5085,Bengaluru,HSR Layout,30424257,2675,4,2026-05-01,Pending
5086,Pune,Hinjewadi,53688370,4043,2,2026-06-01,Available
5087,Mumbai,Andheri,36070633,3154,5,2026-07-06,Available
5088,Bengaluru,Electronic City,21558748,3190,3,2026-05-20,Sold
5089,Bengaluru,HSR Layout,45378491,4699,3,2026-05-15,Pending
5090,Chennai,OMR,23172377,2760,5,2026-04-18,Pending
5091,Chennai,Adyar,26740715,2423,2,2026-05-06,Available
5092,Hyderabad,Banjara Hills,25147432,2717,1,2026-04-23,Available
5093,Chennai,Velachery,47536094,3614,3,2026-04-27,Sold
5094,Pune,Wakad,64665330,4848,1,2026-06-09,Sold
5095,Mumbai,Bandra,12342495,1008,2,2026-06-05,Sold
5096,Hyderabad,Gachibowli,19665564,1792,5,2026-06-19,Pending
5097,Chennai,Anna Nagar,16345779,2882,4,2026-06-02,Sold
5098,Hyderabad,Jubilee Hills,5079206,857,1,2026-04-13,Sold
5099,Mumbai,Andheri,37138987,4649,3,2026-05-19,Available
5100,Hyderabad,Banjara Hills,47278618,4531,2,2026-05-21,Available
5101,Hyderabad,Jubilee Hills,26538736,3586,5,2026-06-29,Pending
5102,Hyderabad,Kukatpally,34992756,4961,1,2026-04-19,Pending
5103,Pune,Baner,73684610,4897,1,2026-04-13,Available
5104,Pune,Kharadi,24404002,1835,5,2026-04-29,Available
5105,Pune,Kharadi,7370926,597,5,2026-05-12,Sold
5106,Pune,Kharadi,27170811,2170,3,2026-07-08,Sold
5107,Mumbai,Bandra,14687982,2101,2,2026-06-27,Available
5108,Bengaluru,Electronic City,14508282,1823,1,2026-05-18,Available
5109,Chennai,Adyar,39365198,3827,3,2026-06-16,Sold
5110,Mumbai,Thane,28381307,4997,4,2026-07-04,Available
5111,Mumbai,Powai,19666216,2500,5,2026-06-27,Sold
5112,Mumbai,Andheri,23851013,4883,4,2026-05-01,Available
5113,Chennai,Velachery,43305570,3798,4,2026-05-14,Pending
5114,Bengaluru,HSR Layout,20013754,3140,3,2026-06-28,Available
5115,Mumbai,Thane,9012245,1208,5,2026-04-14,Sold
5116,Hyderabad,Banjara Hills,54794744,4643,3,2026-05-25,Sold
5117,Chennai,Anna Nagar,6270650,601,2,2026-04-26,Available
5118,Hyderabad,Gachibowli,27365366,4070,5,2026-04-11,Pending
5119,Bengaluru,Electronic City,21819715,3516,3,2026-06-13,Pending
5120,Hyderabad,Miyapur,38245998,4143,4,2026-05-10,Available
5121,Pune,Baner,11531049,889,5,2026-05-12,Sold
5122,Pune,Wakad,26747531,3400,1,2026-07-05,Available
5123,Bengaluru,Electronic City,36272779,3001,2,2026-04-10,Sold
5124,Mumbai,Thane,34541377,4113,1,2026-05-12,Available
5125,Hyderabad,Banjara Hills,9306395,936,4,2026-05-02,Pending
5126,Pune,Wakad,24643499,4490,5,2026-07-08,Pending
5127,Hyderabad,Gachibowli,13453405,1073,4,2026-06-30,Pending
5128,Mumbai,Powai,8333763,1842,1,2026-04-13,Pending
5129,Pune,Hinjewadi,35442466,3345,2,2026-04-22,Sold
5130,Pune,Baner,7752063,972,4,2026-05-11,Sold
5131,Chennai,Adyar,14057248,1343,5,2026-07-07,Sold
5132,Pune,Baner,40377503,4708,2,2026-06-22,Sold
5133,Hyderabad,Gachibowli,6755776,1019,2,2026-04-28,Pending
5134,Hyderabad,Banjara Hills,23122060,1555,5,2026-04-14,Sold
5135,Chennai,Velachery,5471315,780,4,2026-06-18,Sold
5136,Bengaluru,Electronic City,25324649,4822,2,2026-04-23,Pending
5137,Pune,Wakad,35668317,2362,1,2026-06-19,Pending
5138,Hyderabad,Kondapur,41046603,4958,2,2026-07-05,Pending
5139,Mumbai,Andheri,31950916,3295,1,2026-06-23,Pending
5140,Pune,Kharadi,66112634,4391,3,2026-05-09,Available
5141,Bengaluru,HSR Layout,5524315,796,2,2026-04-15,Sold
5142,Mumbai,Andheri,9365091,1364,5,2026-05-09,Pending
5143,Chennai,Anna Nagar,7994584,1385,1,2026-06-30,Available
5144,Hyderabad,Kondapur,13103978,1600,2,2026-05-23,Sold
5145,Bengaluru,HSR Layout,18928497,1578,4,2026-06-22,Pending
5146,Pune,Hinjewadi,8450011,735,2,2026-06-05,Available
5147,Bengaluru,Electronic City,29438001,4462,5,2026-05-23,Sold
5148,Mumbai,Bandra,19031861,3127,4,2026-05-19,Available
5149,Chennai,Adyar,11340447,2542,5,2026-04-12,Pending
5150,Chennai,Adyar,16194154,2764,1,2026-05-30,Sold
5151,Chennai,Velachery,57727886,3915,2,2026-06-20,Sold
5152,Hyderabad,Banjara Hills,10421678,1633,3,2026-05-23,Available
5153,Hyderabad,Kukatpally,20642973,3303,1,2026-04-28,Sold
5154,Pune,Kharadi,29483373,4277,3,2026-06-01,Pending
5155,Pune,Wakad,7555711,1181,2,2026-05-27,Sold
5156,Chennai,OMR,17230024,1182,2,2026-04-11,Available
5157,Pune,Hinjewadi,16935094,1849,5,2026-06-26,Pending
5158,Chennai,OMR,22701857,3664,1,2026-04-19,Pending
5159,Pune,Kharadi,33444880,2570,3,2026-06-08,Available
5160,Chennai,OMR,19373275,2977,4,2026-06-17,Available
5161,Mumbai,Bandra,46353890,4466,5,2026-04-15,Sold
5162,Chennai,OMR,26520911,3114,3,2026-06-21,Sold
5163,Bengaluru,Indiranagar,54167412,3793,3,2026-04-17,Sold
5164,Hyderabad,Kukatpally,9691857,625,4,2026-06-02,Available
5165,Hyderabad,Madhapur,29078184,4324,2,2026-06-19,Available
5166,Chennai,Anna Nagar,11752115,1598,1,2026-07-05,Pending
5167,Hyderabad,Jubilee Hills,39830068,2895,2,2026-04-30,Sold
5168,Chennai,Adyar,24690283,3158,2,2026-05-10,Sold
5169,Bengaluru,Whitefield,27466097,4912,5,2026-07-01,Pending
5170,Mumbai,Andheri,35059358,3366,4,2026-05-05,Pending
5171,Chennai,Adyar,39110194,2998,3,2026-05-03,Available
5172,Chennai,Velachery,7380893,1128,1,2026-05-04,Pending
5173,Mumbai,Bandra,13507837,2293,1,2026-04-20,Sold
5174,Mumbai,Bandra,10892462,1162,1,2026-06-07,Pending
5175,Pune,Baner,69033796,4728,1,2026-06-18,Available
5176,Bengaluru,Whitefield,7228554,780,4,2026-05-03,Available
5177,Chennai,Adyar,10648641,1238,5,2026-04-22,Available
5178,Chennai,OMR,41481371,4200,5,2026-05-01,Sold
5179,Chennai,Velachery,38687147,4496,2,2026-06-26,Sold
5180,Mumbai,Powai,51032700,4873,4,2026-05-27,Pending
5181,Pune,Wakad,23160142,1849,5,2026-04-17,Pending
5182,Pune,Hinjewadi,3012981,506,4,2026-05-12,Pending
5183,Chennai,OMR,21112760,3214,4,2026-06-22,Pending
5184,Bengaluru,Electronic City,19037608,4801,3,2026-06-07,Sold
5185,Chennai,Velachery,18277744,3952,3,2026-05-04,Available
5186,Hyderabad,Kukatpally,19131461,3869,4,2026-05-21,Pending
5187,Mumbai,Powai,51666219,3739,2,2026-05-20,Available
5188,Hyderabad,Jubilee Hills,28620550,2855,2,2026-06-16,Pending
5189,Hyderabad,Banjara Hills,61485932,4950,3,2026-04-10,Sold
5190,Mumbai,Powai,48295709,4402,4,2026-04-18,Sold
5191,Hyderabad,Banjara Hills,30110625,2606,4,2026-04-17,Pending
5192,Bengaluru,Indiranagar,37599349,3667,5,2026-07-09,Available
5193,Bengaluru,Indiranagar,12219095,1627,4,2026-06-22,Available
5194,Pune,Wakad,6174659,919,4,2026-05-01,Available
5195,Chennai,Anna Nagar,65211902,4365,2,2026-04-11,Pending
5196,Bengaluru,Electronic City,22636493,2881,2,2026-05-03,Available
5197,Pune,Hinjewadi,62049677,4494,5,2026-05-20,Available
5198,Mumbai,Andheri,33683291,3451,4,2026-07-09,Available
5199,Pune,Baner,11904476,1585,2,2026-05-27,Available
5200,Hyderabad,Madhapur,12138825,2466,4,2026-05-01,Available
5201,Mumbai,Powai,54021634,4590,1,2026-05-31,Sold
5202,Hyderabad,Kukatpally,9965974,2121,4,2026-05-07,Sold
5203,Bengaluru,HSR Layout,34223431,4149,2,2026-06-24,Pending
5204,Hyderabad,Gachibowli,9246176,1633,4,2026-06-09,Sold
5205,Bengaluru,Electronic City,4737059,1023,1,2026-06-08,Pending
5206,Pune,Hinjewadi,32157551,2189,5,2026-06-27,Pending
5207,Bengaluru,Electronic City,12219869,1145,5,2026-06-12,Available
5208,Chennai,Velachery,29654570,3463,1,2026-06-08,Available
5209,Chennai,Velachery,43524082,3015,1,2026-07-03,Sold
5210,Bengaluru,Indiranagar,25183572,2211,2,2026-06-30,Available
5211,Chennai,Anna Nagar,7324520,1527,5,2026-05-26,Sold
5212,Mumbai,Bandra,18954557,2342,1,2026-04-26,Available
5213,Mumbai,Powai,39195789,2930,3,2026-06-28,Sold
5214,Mumbai,Powai,19060829,3517,2,2026-05-05,Pending
5215,Chennai,Velachery,6431520,963,1,2026-06-24,Sold
5216,Mumbai,Bandra,23780365,2656,5,2026-07-02,Available
5217,Mumbai,Andheri,3686053,596,3,2026-04-16,Sold
5218,Pune,Baner,7547951,533,2,2026-06-01,Sold
5219,Pune,Hinjewadi,20124552,4865,3,2026-05-11,Available
5220,Mumbai,Andheri,26954189,2498,5,2026-07-09,Available
5221,Mumbai,Bandra,14163961,1207,1,2026-07-04,Available
5222,Mumbai,Powai,7107824,615,1,2026-04-15,Pending
5223,Bengaluru,Whitefield,8539722,1115,4,2026-06-22,Available
5224,Pune,Wakad,32067779,2221,3,2026-05-12,Sold
5225,Pune,Kharadi,47426277,3809,5,2026-05-13,Pending
5226,Mumbai,Thane,22987640,2831,2,2026-05-15,Sold
5227,Mumbai,Thane,6130814,1325,1,2026-06-14,Available
5228,Mumbai,Powai,32794358,2697,2,2026-07-07,Sold
5229,Hyderabad,Jubilee Hills,13651212,1510,2,2026-06-20,Pending
5230,Hyderabad,Kondapur,6024108,1144,4,2026-04-21,Available
5231,Hyderabad,Kukatpally,30853201,3926,4,2026-07-09,Available
5232,Mumbai,Andheri,47089218,3206,1,2026-05-07,Available
5233,Pune,Kharadi,23773095,2779,3,2026-06-09,Sold
5234,Mumbai,Bandra,12144118,1039,5,2026-06-24,Sold
5235,Bengaluru,HSR Layout,34569497,4754,2,2026-05-26,Pending
5236,Mumbai,Powai,65076878,4623,2,2026-05-26,Pending
5237,Pune,Kharadi,27071001,4565,5,2026-05-19,Pending
5238,Hyderabad,Kukatpally,39414343,3746,5,2026-04-12,Pending
5239,Bengaluru,Whitefield,20759993,1956,5,2026-04-19,Sold
5240,Hyderabad,Gachibowli,32047009,2393,2,2026-04-11,Available
5241,Chennai,Anna Nagar,25511196,3017,4,2026-06-10,Pending
5242,Chennai,Anna Nagar,33220732,4828,1,2026-05-20,Pending
5243,Mumbai,Thane,20986838,2696,1,2026-06-26,Pending
5244,Hyderabad,Madhapur,13911802,1117,1,2026-04-14,Sold
5245,Bengaluru,HSR Layout,40074228,3255,3,2026-05-13,Pending
5246,Pune,Hinjewadi,21874260,1655,1,2026-04-10,Available
5247,Bengaluru,HSR Layout,7339185,1204,5,2026-05-13,Pending
5248,Chennai,Velachery,8342512,576,4,2026-05-28,Sold
5249,Mumbai,Bandra,20256976,3871,2,2026-05-17,Available
5250,Bengaluru,Whitefield,32739039,2907,4,2026-04-22,Sold
5251,Pune,Baner,37203528,2751,4,2026-06-10,Sold
5252,Mumbai,Thane,75229338,4988,4,2026-05-10,Sold
5253,Hyderabad,Gachibowli,20050762,4174,4,2026-05-24,Available
5254,Bengaluru,Whitefield,5974098,571,2,2026-07-04,Pending
5255,Bengaluru,Electronic City,24086151,3019,5,2026-06-13,Sold
5256,Mumbai,Andheri,22689414,4639,2,2026-04-20,Sold
5257,Bengaluru,HSR Layout,53328542,3968,1,2026-06-05,Sold
5258,Mumbai,Thane,35586105,4808,4,2026-06-19,Available
5259,Pune,Wakad,41266836,2765,3,2026-04-20,Pending
5260,Mumbai,Powai,21113687,3636,5,2026-07-07,Pending
5261,Bengaluru,Indiranagar,18709913,1256,4,2026-05-26,Available
5262,Hyderabad,Madhapur,37924447,3714,1,2026-04-23,Pending
5263,Pune,Hinjewadi,34326090,2666,1,2026-05-31,Sold
5264,Chennai,OMR,29869061,2010,3,2026-05-19,Pending
5265,Chennai,Velachery,34615455,2644,1,2026-07-01,Sold
5266,Chennai,Velachery,9221705,1718,2,2026-04-23,Pending
5267,Hyderabad,Banjara Hills,38863996,2972,5,2026-04-19,Sold
5268,Chennai,OMR,15246959,2440,2,2026-05-04,Pending
5269,Mumbai,Bandra,28717351,2033,2,2026-05-26,Available
5270,Mumbai,Andheri,4545940,937,2,2026-05-24,Pending
5271,Bengaluru,Indiranagar,7876356,661,4,2026-04-30,Sold
5272,Pune,Baner,59770188,3961,1,2026-05-04,Available
5273,Mumbai,Thane,9542204,2123,2,2026-04-30,Available
5274,Hyderabad,Kondapur,19554557,4130,3,2026-04-23,Pending
5275,Hyderabad,Kukatpally,44180138,3434,3,2026-06-06,Sold
5276,Bengaluru,Whitefield,43682463,3904,5,2026-05-18,Sold
5277,Bengaluru,HSR Layout,18022875,4248,3,2026-05-13,Pending
5278,Mumbai,Powai,4052594,533,2,2026-07-09,Pending
5279,Hyderabad,Kukatpally,45822729,3579,4,2026-05-23,Available
5280,Hyderabad,Madhapur,52502447,3935,2,2026-05-05,Sold
5281,Chennai,OMR,20880005,2568,3,2026-04-20,Available
5282,Bengaluru,HSR Layout,28289339,4010,4,2026-05-02,Available
5283,Chennai,Adyar,13289529,1146,1,2026-06-04,Available
5284,Hyderabad,Madhapur,16136041,2559,3,2026-07-09,Sold
5285,Bengaluru,Indiranagar,36437966,4210,5,2026-05-21,Sold
5286,Chennai,Anna Nagar,14792453,1338,4,2026-05-15,Pending
5287,Hyderabad,Gachibowli,16963371,2272,1,2026-05-27,Sold
5288,Bengaluru,Electronic City,24904924,3139,2,2026-05-26,Available
5289,Mumbai,Powai,25260056,1754,2,2026-05-17,Pending
5290,Chennai,Anna Nagar,24184106,3253,4,2026-06-25,Available
5291,Pune,Kharadi,3281172,518,1,2026-05-08,Sold
5292,Bengaluru,Electronic City,32721912,3562,4,2026-06-26,Available
5293,Bengaluru,Electronic City,18932099,1996,3,2026-05-04,Pending
5294,Mumbai,Bandra,11274372,2507,4,2026-05-26,Available
5295,Mumbai,Bandra,53302189,3842,1,2026-06-19,Pending
5296,Hyderabad,Banjara Hills,36994036,3293,3,2026-04-20,Available
5297,Pune,Baner,35100104,4721,1,2026-05-29,Available
5298,Bengaluru,Whitefield,43507916,3670,5,2026-05-02,Pending
5299,Chennai,OMR,28513023,2196,3,2026-05-31,Available
5300,Hyderabad,Banjara Hills,13313676,1461,2,2026-04-18,Sold
5301,Hyderabad,Kondapur,38237282,3778,4,2026-05-15,Available
5302,Mumbai,Powai,9070651,819,2,2026-06-02,Available
5303,Pune,Wakad,6247398,925,2,2026-06-21,Sold
5304,Mumbai,Thane,28070429,4203,2,2026-06-26,Sold
5305,Pune,Baner,29238417,2246,4,2026-07-04,Pending
5306,Pune,Hinjewadi,10703534,805,4,2026-06-26,Sold
5307,Chennai,Adyar,12052682,2459,3,2026-05-24,Pending
5308,Mumbai,Thane,17871385,2253,2,2026-05-05,Sold
5309,Hyderabad,Banjara Hills,33821012,3366,5,2026-04-25,Available
5310,Bengaluru,Indiranagar,49166227,4306,5,2026-06-13,Sold
5311,Bengaluru,Electronic City,62170333,4859,1,2026-06-11,Sold
5312,Mumbai,Bandra,11357350,1715,4,2026-05-14,Sold
5313,Hyderabad,Kondapur,13680666,2586,4,2026-05-16,Pending
5314,Chennai,Adyar,28484792,3657,2,2026-04-27,Sold
5315,Chennai,Velachery,20203008,2568,3,2026-05-12,Pending
5316,Mumbai,Andheri,5289797,614,4,2026-05-21,Available
5317,Bengaluru,Whitefield,38260241,3682,2,2026-06-22,Available
5318,Bengaluru,Whitefield,48946094,3327,1,2026-06-07,Pending
5319,Bengaluru,Whitefield,34164972,3431,1,2026-07-09,Pending
5320,Pune,Kharadi,47083636,3261,4,2026-05-21,Sold
5321,Bengaluru,Electronic City,12001879,2541,3,2026-05-14,Pending
5322,Mumbai,Andheri,57963081,4288,3,2026-07-05,Sold
5323,Pune,Baner,23954079,2349,2,2026-06-16,Pending
5324,Hyderabad,Banjara Hills,7319438,1268,1,2026-05-24,Pending
5325,Chennai,Velachery,37790434,3215,5,2026-06-03,Sold
5326,Mumbai,Bandra,13107812,1799,3,2026-04-14,Sold
5327,Chennai,Velachery,36475242,4776,1,2026-04-13,Available
5328,Bengaluru,HSR Layout,24893854,2358,3,2026-06-10,Available
5329,Bengaluru,Indiranagar,40335610,4746,5,2026-05-21,Sold
5330,Chennai,Anna Nagar,37093322,3184,5,2026-06-25,Available
5331,Mumbai,Powai,16627548,1371,5,2026-05-09,Available
5332,Chennai,Velachery,12314318,992,3,2026-06-17,Pending
5333,Hyderabad,Madhapur,39074416,3548,1,2026-04-26,Pending
5334,Chennai,OMR,29409608,4795,1,2026-06-14,Sold
5335,Pune,Baner,13498208,3214,3,2026-04-30,Available
5336,Mumbai,Bandra,8813066,1265,3,2026-05-11,Sold
5337,Hyderabad,Gachibowli,27859854,3851,3,2026-06-17,Pending
5338,Mumbai,Thane,39004693,4149,4,2026-06-01,Available
5339,Hyderabad,Jubilee Hills,24755174,3769,2,2026-06-23,Available
5340,Hyderabad,Gachibowli,15859222,3549,2,2026-06-02,Available
5341,Mumbai,Bandra,13652095,1171,1,2026-07-01,Available
5342,Hyderabad,Kondapur,73049999,4880,4,2026-05-09,Pending
5343,Pune,Hinjewadi,32330916,2380,1,2026-05-21,Available
5344,Pune,Baner,8024917,699,2,2026-05-23,Pending
5345,Chennai,Adyar,48891174,3999,5,2026-05-08,Available
5346,Bengaluru,Electronic City,59436840,4739,4,2026-05-04,Available
5347,Pune,Wakad,39226817,4716,3,2026-05-05,Pending
5348,Pune,Kharadi,45210226,4284,2,2026-04-18,Available
5349,Hyderabad,Banjara Hills,25578435,1966,5,2026-04-25,Sold
5350,Bengaluru,Indiranagar,33498775,4637,4,2026-04-16,Available
5351,Mumbai,Andheri,70242209,4732,1,2026-05-26,Available
5352,Bengaluru,Whitefield,34690045,2885,1,2026-04-27,Pending
5353,Hyderabad,Kondapur,57640628,3944,5,2026-04-28,Pending
5354,Bengaluru,HSR Layout,26985084,4072,4,2026-04-25,Available
5355,Bengaluru,Indiranagar,20144932,1670,5,2026-05-02,Pending
5356,Mumbai,Bandra,12344288,1732,1,2026-05-29,Available
5357,Mumbai,Thane,18260680,3737,4,2026-06-21,Pending
5358,Mumbai,Thane,27264986,3778,5,2026-05-25,Sold
5359,Bengaluru,Whitefield,32633942,2411,3,2026-04-25,Pending
5360,Pune,Baner,32339060,4003,2,2026-04-20,Pending
5361,Pune,Hinjewadi,50814115,3571,5,2026-04-27,Pending
5362,Mumbai,Bandra,21621611,2299,1,2026-04-25,Pending
5363,Hyderabad,Kukatpally,39233070,4304,5,2026-05-23,Available
5364,Mumbai,Andheri,21028506,1433,2,2026-06-01,Pending
5365,Bengaluru,Whitefield,50285820,4250,2,2026-05-16,Pending
5366,Bengaluru,Whitefield,40396204,3351,3,2026-06-14,Pending
5367,Bengaluru,Whitefield,16789729,3547,4,2026-07-01,Sold
5368,Bengaluru,Indiranagar,20550497,3054,5,2026-06-16,Available
5369,Bengaluru,Whitefield,18562827,1612,1,2026-05-03,Sold
5370,Chennai,Velachery,65401293,4670,4,2026-07-03,Available
5371,Pune,Wakad,39347213,3589,4,2026-06-26,Available
5372,Pune,Kharadi,19663738,2045,5,2026-05-07,Pending
5373,Chennai,Anna Nagar,27407070,1841,4,2026-04-13,Sold
5374,Bengaluru,Electronic City,54999034,3734,4,2026-04-29,Sold
5375,Chennai,Velachery,24391086,4483,4,2026-04-18,Sold
5376,Hyderabad,Banjara Hills,13941456,1154,1,2026-06-26,Pending
5377,Mumbai,Thane,23195876,3018,4,2026-05-14,Available
5378,Bengaluru,Indiranagar,36087088,3365,2,2026-04-29,Sold
5379,Bengaluru,Electronic City,23684489,2794,4,2026-06-21,Sold
5380,Bengaluru,Electronic City,16659965,1545,2,2026-04-13,Sold
5381,Hyderabad,Banjara Hills,11045341,2410,4,2026-05-16,Sold
5382,Hyderabad,Madhapur,27851574,2586,2,2026-04-10,Available
5383,Pune,Kharadi,8682501,837,4,2026-05-31,Pending
5384,Mumbai,Bandra,8017973,1826,3,2026-04-21,Available
5385,Chennai,Velachery,49629701,4294,3,2026-06-25,Pending
5386,Chennai,Adyar,22560510,1510,5,2026-04-28,Available
5387,Bengaluru,Electronic City,32775312,2260,4,2026-07-02,Available
5388,Pune,Kharadi,18644075,1733,3,2026-06-06,Sold
5389,Chennai,Velachery,29490546,2851,2,2026-06-05,Pending
5390,Mumbai,Andheri,10955308,2520,1,2026-05-04,Pending
5391,Hyderabad,Gachibowli,62638410,4946,3,2026-04-14,Pending
5392,Chennai,Anna Nagar,35111204,4680,1,2026-06-03,Sold
5393,Hyderabad,Madhapur,11810675,1243,4,2026-05-29,Available
5394,Pune,Kharadi,27009786,2364,5,2026-06-27,Sold
5395,Hyderabad,Jubilee Hills,39911357,4793,1,2026-07-06,Sold
5396,Chennai,Velachery,15076471,3338,2,2026-06-06,Available
5397,Pune,Baner,30299822,2814,1,2026-05-26,Sold
5398,Hyderabad,Jubilee Hills,36895384,3758,3,2026-05-21,Available
5399,Bengaluru,Indiranagar,20121639,2453,3,2026-05-18,Pending
5400,Hyderabad,Jubilee Hills,17543312,2988,5,2026-04-17,Pending
5401,Bengaluru,Indiranagar,44631425,4394,4,2026-05-28,Pending
5402,Chennai,OMR,9128516,934,4,2026-05-04,Available
5403,Hyderabad,Madhapur,8195506,669,2,2026-06-04,Sold
5404,Pune,Baner,15834620,2245,2,2026-05-06,Available
5405,Mumbai,Powai,38366564,2985,4,2026-05-07,Available
5406,Chennai,Velachery,23433762,1868,4,2026-07-06,Available
5407,Hyderabad,Madhapur,22644250,4035,3,2026-06-28,Sold
5408,Mumbai,Powai,58577128,4115,1,2026-06-23,Available
5409,Mumbai,Bandra,12135529,1722,5,2026-05-26,Pending
5410,Chennai,Anna Nagar,5755130,834,3,2026-05-11,Sold
5411,Bengaluru,HSR Layout,13557968,892,3,2026-06-30,Available
5412,Hyderabad,Kukatpally,32327524,4938,5,2026-05-17,Sold
5413,Hyderabad,Gachibowli,17021784,2534,4,2026-06-04,Pending
5414,Bengaluru,Whitefield,61093510,4598,1,2026-04-28,Available
5415,Mumbai,Bandra,14635518,2446,3,2026-06-20,Available
5416,Chennai,Adyar,17158180,1592,4,2026-04-20,Pending
5417,Mumbai,Thane,18332974,4181,5,2026-06-28,Pending
5418,Bengaluru,Indiranagar,5510189,712,3,2026-04-19,Pending
5419,Mumbai,Powai,40689912,2757,2,2026-06-01,Pending
5420,Bengaluru,Indiranagar,56237619,4464,4,2026-06-08,Pending
5421,Pune,Baner,9038981,636,5,2026-06-23,Sold
5422,Mumbai,Thane,6401732,1245,4,2026-06-17,Available
5423,Chennai,Adyar,14180469,2888,4,2026-07-01,Sold
5424,Bengaluru,Indiranagar,31801608,4089,3,2026-05-07,Pending
5425,Chennai,Velachery,60136501,4310,4,2026-05-10,Pending
5426,Bengaluru,HSR Layout,53499792,4508,5,2026-05-14,Sold
5427,Chennai,OMR,14550407,3305,4,2026-04-17,Available
5428,Pune,Wakad,6958773,1708,5,2026-05-16,Available
5429,Hyderabad,Madhapur,20426886,3566,5,2026-07-05,Pending
5430,Chennai,Velachery,25184894,2058,3,2026-06-13,Sold
5431,Hyderabad,Banjara Hills,21195800,4998,4,2026-04-16,Available
5432,Chennai,Anna Nagar,9754131,1402,4,2026-06-22,Pending
5433,Mumbai,Powai,12201805,1057,2,2026-05-06,Available
5434,Mumbai,Bandra,44499553,3079,4,2026-07-07,Sold
5435,Mumbai,Bandra,25310799,2290,5,2026-06-26,Pending
5436,Hyderabad,Miyapur,36246653,3069,1,2026-05-27,Pending
5437,Hyderabad,Banjara Hills,25416427,2108,3,2026-06-06,Sold
5438,Chennai,OMR,47630839,4366,5,2026-05-15,Available
5439,Hyderabad,Miyapur,20298981,1390,4,2026-06-01,Pending
5440,Chennai,Anna Nagar,24277468,2357,3,2026-06-27,Available
5441,Bengaluru,Whitefield,10865206,864,3,2026-06-24,Pending
5442,Hyderabad,Kondapur,43118572,4560,2,2026-06-17,Pending
5443,Hyderabad,Miyapur,63333553,4805,2,2026-06-12,Pending
5444,Bengaluru,HSR Layout,14847330,2453,3,2026-05-09,Sold
5445,Pune,Wakad,56455894,4572,2,2026-04-18,Available
5446,Hyderabad,Jubilee Hills,6854052,1711,1,2026-06-15,Pending
5447,Chennai,Velachery,22916220,1993,3,2026-07-03,Sold
5448,Mumbai,Thane,46807736,3825,4,2026-06-04,Pending
5449,Bengaluru,Whitefield,58524417,4253,5,2026-06-14,Available
5450,Hyderabad,Jubilee Hills,26101295,2009,1,2026-07-02,Sold
5451,Pune,Kharadi,43861945,4932,5,2026-06-18,Pending
5452,Pune,Wakad,30151570,3318,2,2026-04-10,Sold
5453,Pune,Hinjewadi,20203223,2910,5,2026-05-20,Available
5454,Bengaluru,Indiranagar,63889034,4737,5,2026-05-22,Pending
5455,Chennai,Velachery,11386772,802,4,2026-06-11,Sold
5456,Pune,Wakad,22485048,1704,4,2026-06-26,Pending
5457,Bengaluru,Electronic City,21760594,2929,2,2026-05-12,Sold
5458,Chennai,Velachery,12568819,1142,4,2026-06-30,Available
5459,Chennai,Velachery,3020743,727,5,2026-04-22,Pending
5460,Chennai,Velachery,12458835,860,5,2026-06-09,Pending
5461,Mumbai,Thane,22952820,3245,2,2026-06-09,Pending
5462,Chennai,Adyar,33653545,4308,1,2026-06-15,Pending
5463,Pune,Baner,25321764,2095,4,2026-05-02,Pending
5464,Mumbai,Andheri,9900985,1941,2,2026-06-07,Sold
5465,Pune,Baner,25643192,1843,2,2026-06-03,Pending
5466,Chennai,Adyar,31525591,3000,1,2026-06-30,Available
5467,Mumbai,Powai,24687011,4567,5,2026-05-09,Pending
5468,Mumbai,Andheri,10364667,1730,2,2026-06-21,Pending
5469,Mumbai,Bandra,47304816,4633,4,2026-07-01,Pending
5470,Chennai,Velachery,56445588,4083,4,2026-06-17,Pending
5471,Chennai,Anna Nagar,50698114,4678,2,2026-05-25,Pending
5472,Hyderabad,Kukatpally,13176311,2865,4,2026-07-04,Sold
5473,Pune,Baner,5825700,1227,4,2026-05-21,Available
5474,Chennai,Velachery,23994757,1727,3,2026-05-18,Sold
5475,Mumbai,Bandra,20013386,1976,5,2026-05-21,Pending
5476,Pune,Baner,13669452,2024,2,2026-04-10,Available
5477,Hyderabad,Kukatpally,3785324,968,1,2026-05-14,Pending
5478,Bengaluru,HSR Layout,5717092,993,2,2026-06-25,Available
5479,Mumbai,Powai,21974208,1505,1,2026-06-15,Available
5480,Chennai,Adyar,32085263,3805,4,2026-05-21,Pending
5481,Chennai,Velachery,54492304,4943,3,2026-07-09,Pending
5482,Mumbai,Bandra,28691213,3296,3,2026-05-18,Pending
5483,Pune,Hinjewadi,43518214,4626,3,2026-05-28,Sold
5484,Hyderabad,Jubilee Hills,19004386,1659,2,2026-06-06,Sold
5485,Chennai,Adyar,34469479,4778,4,2026-05-10,Available
5486,Hyderabad,Gachibowli,37055291,4351,3,2026-04-15,Available
5487,Bengaluru,HSR Layout,13778076,2446,1,2026-04-17,Sold
5488,Bengaluru,HSR Layout,71386574,4826,1,2026-05-22,Pending
5489,Chennai,Adyar,13615282,1114,3,2026-04-26,Sold
5490,Hyderabad,Kondapur,19191374,1936,1,2026-04-28,Sold
5491,Hyderabad,Madhapur,5517763,980,5,2026-05-30,Pending
5492,Bengaluru,Indiranagar,26417120,3965,2,2026-06-25,Sold
5493,Chennai,Adyar,33154526,2717,4,2026-05-10,Pending
5494,Mumbai,Bandra,38810936,2884,3,2026-04-24,Pending
5495,Pune,Baner,28240441,2029,4,2026-06-27,Sold
5496,Chennai,Anna Nagar,35762714,2387,1,2026-06-10,Sold
5497,Pune,Kharadi,7494246,526,1,2026-07-07,Pending
5498,Hyderabad,Banjara Hills,36855214,4872,4,2026-05-23,Pending
5499,Hyderabad,Madhapur,36905864,3721,2,2026-05-31,Sold
5500,Hyderabad,Miyapur,25499646,4382,3,2026-06-19,Available
5501,Pune,Hinjewadi,7539250,1066,2,2026-05-13,Sold
5502,Hyderabad,Kukatpally,35872392,2724,1,2026-05-22,Pending
5503,Chennai,Velachery,20658277,2722,4,2026-04-18,Available
5504,Mumbai,Thane,7883595,1789,2,2026-07-04,Sold
5505,Pune,Hinjewadi,4951544,1113,3,2026-05-27,Sold
5506,Chennai,Adyar,13601974,933,5,2026-04-27,Sold
5507,Chennai,OMR,15721763,2714,3,2026-07-03,Pending
5508,Mumbai,Powai,18663913,2686,2,2026-04-22,Pending
5509,Pune,Hinjewadi,18386232,1638,3,2026-05-22,Sold
5510,Pune,Wakad,33772032,2983,2,2026-06-12,Available
5511,Chennai,Anna Nagar,21180839,3949,5,2026-05-05,Available
5512,Hyderabad,Kukatpally,11776674,1805,1,2026-07-09,Pending
5513,Bengaluru,Indiranagar,4662081,1131,3,2026-06-12,Pending
5514,Pune,Kharadi,23654289,1986,2,2026-06-08,Sold
5515,Mumbai,Powai,42026016,3391,4,2026-07-09,Pending
5516,Hyderabad,Banjara Hills,9648118,1056,1,2026-05-13,Pending
5517,Bengaluru,Indiranagar,9714770,1187,5,2026-04-29,Pending
5518,Bengaluru,Indiranagar,15743212,3845,3,2026-04-11,Sold
5519,Pune,Baner,34074110,3180,2,2026-05-23,Pending
5520,Hyderabad,Kukatpally,29934272,2932,2,2026-05-30,Pending
5521,Hyderabad,Madhapur,30408856,4813,2,2026-05-24,Pending
5522,Pune,Wakad,37636523,3988,4,2026-05-18,Available
5523,Hyderabad,Kukatpally,35077973,4139,2,2026-05-09,Available
5524,Chennai,Velachery,35842666,3011,5,2026-06-13,Available
5525,Hyderabad,Kondapur,45367199,4216,4,2026-04-28,Sold
5526,Chennai,Anna Nagar,7131711,1286,2,2026-05-14,Available
5527,Chennai,Adyar,41531062,3802,3,2026-06-26,Pending
5528,Mumbai,Thane,18145971,1577,3,2026-07-07,Sold
5529,Bengaluru,HSR Layout,15926110,1412,2,2026-04-20,Pending
5530,Pune,Wakad,3998909,524,3,2026-04-19,Sold
5531,Hyderabad,Gachibowli,42656124,4015,5,2026-07-01,Pending
5532,Mumbai,Bandra,6851924,777,3,2026-05-02,Sold
5533,Bengaluru,Indiranagar,33593370,2765,4,2026-05-15,Pending
5534,Hyderabad,Gachibowli,22973401,2594,3,2026-04-16,Pending
5535,Mumbai,Bandra,11652263,1880,2,2026-05-07,Available
5536,Bengaluru,HSR Layout,17304613,1927,1,2026-05-15,Sold
5537,Hyderabad,Kondapur,9095677,1946,1,2026-05-21,Available
5538,Hyderabad,Madhapur,20062759,3286,4,2026-07-03,Pending
5539,Chennai,OMR,7548393,1644,2,2026-07-05,Available
5540,Mumbai,Thane,10336663,1669,5,2026-07-07,Sold
5541,Pune,Kharadi,20994159,3792,2,2026-04-26,Available
5542,Chennai,Adyar,31484530,4208,1,2026-06-29,Pending
5543,Hyderabad,Kondapur,21329832,4676,1,2026-05-05,Available
5544,Bengaluru,Indiranagar,20883708,3981,3,2026-05-13,Pending
5545,Bengaluru,Electronic City,51954653,4483,2,2026-07-06,Sold
5546,Pune,Hinjewadi,31104698,3166,1,2026-06-04,Pending
5547,Mumbai,Powai,19877534,3054,3,2026-05-15,Pending
5548,Bengaluru,HSR Layout,26815183,1780,5,2026-05-27,Pending
5549,Bengaluru,Whitefield,52401036,3981,1,2026-05-06,Sold
5550,Chennai,OMR,36387295,4867,4,2026-07-08,Pending
5551,Chennai,Adyar,22556140,2351,3,2026-04-12,Sold
5552,Mumbai,Powai,10955491,878,2,2026-06-30,Sold
5553,Mumbai,Powai,12080010,1276,2,2026-04-30,Available
5554,Hyderabad,Kukatpally,23141004,1856,3,2026-05-22,Available
5555,Pune,Baner,38874161,3575,4,2026-06-05,Available
5556,Pune,Baner,45550587,4920,3,2026-06-01,Pending
5557,Mumbai,Bandra,19123635,2832,1,2026-06-22,Available
5558,Hyderabad,Gachibowli,7164612,1431,1,2026-05-13,Pending
5559,Mumbai,Andheri,19481625,4024,3,2026-06-11,Sold
5560,Hyderabad,Kondapur,18540932,1742,4,2026-04-14,Pending
5561,Mumbai,Powai,26070475,2622,5,2026-07-08,Available
5562,Bengaluru,Whitefield,11215415,1286,3,2026-06-07,Available
5563,Chennai,Anna Nagar,5319268,1043,3,2026-05-20,Sold
5564,Mumbai,Andheri,30220053,4204,3,2026-04-10,Pending
5565,Bengaluru,Indiranagar,43416457,3811,2,2026-05-13,Sold
5566,Hyderabad,Jubilee Hills,12907430,1812,3,2026-05-10,Available
5567,Hyderabad,Jubilee Hills,44908132,4213,3,2026-05-26,Sold
5568,Bengaluru,Indiranagar,6024804,516,4,2026-06-10,Available
5569,Bengaluru,Electronic City,15795562,1013,3,2026-04-12,Sold
5570,Chennai,Velachery,7427404,728,3,2026-06-09,Available
5571,Hyderabad,Miyapur,45718025,4111,2,2026-05-29,Available
5572,Pune,Hinjewadi,15268452,1773,5,2026-04-24,Pending
5573,Hyderabad,Banjara Hills,6252176,863,5,2026-05-07,Pending
5574,Chennai,OMR,8185576,1863,4,2026-06-06,Pending
5575,Mumbai,Thane,24728290,4382,1,2026-05-28,Available
5576,Chennai,Velachery,30850409,4956,3,2026-04-30,Sold
5577,Mumbai,Bandra,26538919,2385,5,2026-06-28,Sold
5578,Pune,Hinjewadi,54264744,4104,4,2026-04-30,Available
5579,Hyderabad,Banjara Hills,15192663,1605,2,2026-04-30,Available
5580,Mumbai,Andheri,26017969,3929,5,2026-04-10,Sold
5581,Mumbai,Bandra,12539535,2039,4,2026-07-09,Pending
5582,Chennai,Adyar,31381094,2853,5,2026-06-08,Pending
5583,Hyderabad,Kondapur,9387773,630,4,2026-04-14,Sold
5584,Mumbai,Thane,14796516,1598,5,2026-05-30,Sold
5585,Bengaluru,Indiranagar,67585366,4952,3,2026-06-26,Available
5586,Mumbai,Thane,28269946,2413,4,2026-06-10,Sold
5587,Pune,Baner,38714090,3844,5,2026-05-10,Available
5588,Mumbai,Andheri,34830297,4395,4,2026-07-05,Pending
5589,Pune,Kharadi,21744361,4214,5,2026-06-07,Available
5590,Chennai,OMR,62485346,4380,3,2026-06-30,Available
5591,Chennai,OMR,32430129,3963,1,2026-04-30,Sold
5592,Pune,Baner,19596332,1768,3,2026-04-15,Sold
5593,Mumbai,Powai,19823222,4342,3,2026-05-26,Available
5594,Pune,Wakad,17363500,3130,4,2026-06-04,Pending
5595,Chennai,Adyar,16612635,1309,2,2026-05-25,Sold
5596,Bengaluru,Indiranagar,6491213,588,3,2026-05-21,Pending
5597,Bengaluru,HSR Layout,27917045,2148,3,2026-05-19,Sold
5598,Chennai,Adyar,31931691,4374,1,2026-04-10,Available
5599,Mumbai,Thane,31351014,4604,2,2026-05-19,Sold
5600,Chennai,OMR,2672607,502,5,2026-06-26,Sold
5601,Pune,Kharadi,11031742,2772,3,2026-04-30,Sold
5602,Bengaluru,Electronic City,62077120,4465,4,2026-05-18,Pending
5603,Bengaluru,Electronic City,6132489,602,4,2026-06-30,Sold
5604,Mumbai,Thane,18724385,1335,5,2026-05-10,Available
5605,Hyderabad,Jubilee Hills,49014697,3663,3,2026-07-04,Available
5606,Pune,Baner,30817540,2495,1,2026-05-07,Available
5607,Hyderabad,Gachibowli,11459107,1583,3,2026-05-25,Sold
5608,Pune,Wakad,31239176,4043,2,2026-04-20,Sold
5609,Hyderabad,Gachibowli,18908024,1821,4,2026-05-23,Sold
5610,Pune,Baner,29213168,4487,5,2026-04-11,Pending
5611,Chennai,Adyar,13339996,1660,1,2026-04-23,Pending
5612,Hyderabad,Gachibowli,27006641,4508,1,2026-05-20,Available
5613,Hyderabad,Kondapur,40082198,4404,1,2026-04-20,Available
5614,Mumbai,Thane,62211582,4884,3,2026-06-09,Available
5615,Mumbai,Thane,49210674,4414,1,2026-05-31,Sold
5616,Bengaluru,Electronic City,45021468,3808,1,2026-05-26,Available
5617,Mumbai,Bandra,9662791,2333,5,2026-04-26,Pending
5618,Mumbai,Andheri,2566233,510,4,2026-04-11,Available
5619,Bengaluru,Electronic City,14101287,1020,3,2026-06-28,Sold
5620,Chennai,Anna Nagar,41583991,4099,5,2026-06-24,Available
5621,Chennai,Adyar,2987053,607,1,2026-06-06,Sold
5622,Chennai,Velachery,19719817,1565,4,2026-04-19,Sold
5623,Bengaluru,Whitefield,4569618,664,5,2026-06-12,Sold
5624,Mumbai,Andheri,22135095,2131,1,2026-05-24,Pending
5625,Pune,Kharadi,14907054,2046,3,2026-06-10,Sold
5626,Bengaluru,Indiranagar,16175080,1254,4,2026-05-13,Sold
5627,Mumbai,Bandra,16429607,1441,4,2026-04-20,Pending
5628,Bengaluru,Electronic City,41829005,3787,5,2026-06-21,Sold
5629,Mumbai,Powai,16547345,2717,5,2026-05-12,Available
5630,Pune,Wakad,37747243,3558,3,2026-06-19,Available
5631,Chennai,OMR,21984160,1633,1,2026-04-10,Available
5632,Mumbai,Thane,28284528,4367,4,2026-06-22,Pending
5633,Chennai,Velachery,29026735,3961,4,2026-05-10,Sold
5634,Chennai,Anna Nagar,19072082,2319,1,2026-05-02,Pending
5635,Hyderabad,Madhapur,23220101,2233,5,2026-05-17,Sold
5636,Chennai,Anna Nagar,19869187,3295,3,2026-06-25,Pending
5637,Pune,Hinjewadi,19602085,3039,2,2026-05-29,Available
5638,Chennai,Velachery,13033776,1144,2,2026-04-18,Sold
5639,Bengaluru,HSR Layout,42746410,3584,2,2026-05-17,Sold
5640,Bengaluru,Electronic City,5336302,510,4,2026-05-30,Pending
5641,Bengaluru,Whitefield,30755464,4593,4,2026-05-04,Pending
5642,Pune,Hinjewadi,8176289,897,3,2026-06-13,Available
5643,Bengaluru,Electronic City,18921440,1739,4,2026-04-28,Available
5644,Pune,Kharadi,18035631,3479,4,2026-04-12,Available
5645,Mumbai,Thane,20492552,4101,2,2026-04-12,Sold
5646,Hyderabad,Jubilee Hills,7212265,760,3,2026-07-06,Pending
5647,Bengaluru,Whitefield,42185000,3454,5,2026-04-17,Pending
5648,Mumbai,Bandra,27921878,2572,3,2026-06-12,Sold
5649,Bengaluru,Electronic City,52633069,4916,5,2026-05-06,Pending
5650,Chennai,OMR,18888339,4355,2,2026-04-19,Available
5651,Mumbai,Andheri,30025786,2290,2,2026-05-08,Sold
5652,Chennai,Velachery,37878079,4007,5,2026-05-21,Sold
5653,Mumbai,Bandra,41353719,4725,4,2026-07-01,Available
5654,Hyderabad,Banjara Hills,6508943,533,1,2026-05-11,Sold
5655,Chennai,Adyar,19203035,1993,3,2026-05-22,Sold
5656,Chennai,OMR,34639158,4150,2,2026-06-08,Pending
5657,Mumbai,Powai,35635422,2581,5,2026-06-15,Sold
5658,Mumbai,Bandra,40249046,3805,5,2026-05-26,Sold
5659,Hyderabad,Madhapur,42773758,3768,5,2026-05-19,Available
5660,Chennai,Anna Nagar,30004553,2601,4,2026-06-30,Available
5661,Mumbai,Powai,11716820,824,1,2026-05-19,Pending
5662,Hyderabad,Kukatpally,17171488,1404,1,2026-04-16,Pending
5663,Bengaluru,HSR Layout,54169947,3756,5,2026-05-08,Pending
5664,Chennai,OMR,12646180,2912,4,2026-06-04,Sold
5665,Pune,Baner,14345957,2108,1,2026-06-04,Sold
5666,Bengaluru,HSR Layout,22818679,2481,1,2026-05-30,Available
5667,Mumbai,Powai,38621000,4044,1,2026-05-17,Pending
5668,Mumbai,Thane,11710335,819,1,2026-04-11,Available
5669,Hyderabad,Miyapur,28244871,4615,4,2026-06-07,Sold
5670,Mumbai,Bandra,8512630,676,5,2026-06-01,Pending
5671,Mumbai,Powai,17621223,3630,2,2026-04-23,Available
5672,Mumbai,Andheri,16389692,1824,1,2026-04-29,Available
5673,Hyderabad,Kondapur,37738204,3712,5,2026-06-11,Sold
5674,Mumbai,Powai,18133706,2631,3,2026-07-06,Sold
5675,Mumbai,Andheri,36087260,3494,4,2026-05-27,Available
5676,Pune,Kharadi,47178127,4080,3,2026-05-26,Sold
5677,Pune,Hinjewadi,18757238,4297,1,2026-05-03,Available
5678,Hyderabad,Banjara Hills,9344248,1850,3,2026-06-13,Pending
5679,Mumbai,Bandra,48873080,4143,2,2026-05-16,Available
5680,Hyderabad,Jubilee Hills,57326086,4430,2,2026-06-22,Sold
5681,Bengaluru,Indiranagar,5178391,928,1,2026-06-08,Pending
5682,Bengaluru,HSR Layout,13815054,2319,1,2026-05-01,Available
5683,Chennai,Anna Nagar,31900279,2899,4,2026-06-02,Sold
5684,Chennai,OMR,8171901,579,2,2026-06-13,Available
5685,Hyderabad,Kukatpally,18648971,2516,4,2026-04-29,Sold
5686,Bengaluru,Electronic City,43975514,4306,5,2026-06-04,Sold
5687,Hyderabad,Kondapur,31137052,4463,2,2026-05-18,Available
5688,Hyderabad,Miyapur,19812208,1673,5,2026-04-12,Sold
5689,Hyderabad,Kondapur,17383084,3774,2,2026-04-20,Sold
5690,Chennai,Anna Nagar,27423340,4373,4,2026-04-16,Available
5691,Hyderabad,Kukatpally,4744525,603,4,2026-05-07,Pending
5692,Hyderabad,Jubilee Hills,22580854,4872,2,2026-06-05,Available
5693,Mumbai,Powai,23498343,1601,4,2026-06-11,Sold
5694,Hyderabad,Miyapur,25878955,4635,5,2026-05-27,Available
5695,Chennai,Adyar,40556549,4866,1,2026-04-30,Sold
5696,Mumbai,Thane,43936450,4012,2,2026-06-01,Pending
5697,Hyderabad,Kukatpally,20843953,2397,2,2026-06-18,Available
5698,Mumbai,Thane,24511343,1987,3,2026-07-03,Available
5699,Chennai,OMR,7737178,898,5,2026-04-29,Available
5700,Chennai,OMR,64707452,4488,4,2026-04-24,Available
5701,Bengaluru,HSR Layout,20986439,1771,1,2026-06-04,Available
5702,Chennai,Adyar,15574249,1844,3,2026-05-22,Pending
5703,Hyderabad,Kondapur,34400014,4011,2,2026-05-28,Available
5704,Mumbai,Bandra,32775793,4273,1,2026-04-11,Pending
5705,Chennai,Velachery,5553128,1167,3,2026-04-14,Pending
5706,Bengaluru,Whitefield,11994046,1544,5,2026-06-19,Sold
5707,Pune,Hinjewadi,40913352,4975,1,2026-05-22,Pending
5708,Pune,Wakad,4408531,893,5,2026-04-15,Pending
5709,Bengaluru,HSR Layout,6002016,518,3,2026-06-26,Pending
5710,Mumbai,Thane,40589089,3949,1,2026-06-24,Sold
5711,Hyderabad,Jubilee Hills,26167633,3040,1,2026-04-16,Available
5712,Mumbai,Andheri,5821586,564,2,2026-05-14,Sold
5713,Bengaluru,Whitefield,20492032,3437,2,2026-04-30,Available
5714,Chennai,Velachery,16872215,2926,5,2026-05-07,Pending
5715,Bengaluru,Whitefield,17318488,2671,4,2026-05-11,Available
5716,Mumbai,Andheri,11092136,2165,3,2026-06-21,Available
5717,Chennai,Adyar,41130423,3512,4,2026-06-25,Pending
5718,Mumbai,Andheri,15580719,1460,1,2026-06-15,Pending
5719,Mumbai,Thane,15326864,2042,3,2026-06-23,Available
5720,Pune,Baner,7068294,1578,5,2026-06-25,Sold
5721,Pune,Baner,10307169,2194,2,2026-07-04,Sold
5722,Pune,Hinjewadi,26442548,2763,5,2026-05-10,Available
5723,Chennai,Velachery,5954958,1138,4,2026-06-19,Available
5724,Pune,Kharadi,23401359,2545,4,2026-05-27,Sold
5725,Chennai,OMR,8022207,580,1,2026-05-05,Pending
5726,Bengaluru,Indiranagar,45345885,3964,5,2026-05-27,Available
5727,Hyderabad,Madhapur,5411425,1251,3,2026-07-03,Pending
5728,Bengaluru,Electronic City,11524225,879,4,2026-05-28,Available
5729,Chennai,OMR,12666961,2304,3,2026-06-20,Available
5730,Mumbai,Andheri,27468607,2038,1,2026-06-30,Available
5731,Bengaluru,Whitefield,17065868,2746,1,2026-05-29,Sold
5732,Hyderabad,Jubilee Hills,5462863,978,3,2026-05-12,Sold
5733,Hyderabad,Kukatpally,2794788,536,2,2026-04-24,Available
5734,Pune,Kharadi,21530195,1909,2,2026-06-28,Sold
5735,Mumbai,Thane,20299015,3149,5,2026-06-10,Available
5736,Chennai,OMR,23509234,3120,5,2026-04-23,Pending
5737,Hyderabad,Gachibowli,34468925,3265,2,2026-05-16,Sold
5738,Pune,Wakad,30713944,4271,5,2026-06-12,Pending
5739,Pune,Hinjewadi,57522077,4521,1,2026-06-15,Sold
5740,Chennai,Velachery,30718666,3458,4,2026-06-21,Sold
5741,Mumbai,Powai,7057338,872,3,2026-05-08,Available
5742,Pune,Kharadi,23451260,3965,3,2026-04-24,Pending
5743,Mumbai,Powai,47559563,3812,4,2026-07-07,Available
5744,Mumbai,Andheri,6106792,619,5,2026-04-26,Available
5745,Pune,Hinjewadi,10621973,944,2,2026-05-25,Sold
5746,Mumbai,Thane,6032401,949,5,2026-06-17,Available
5747,Hyderabad,Jubilee Hills,44618562,4974,2,2026-04-20,Available
5748,Mumbai,Bandra,23998972,1963,5,2026-04-17,Pending
5749,Hyderabad,Gachibowli,7263899,1164,1,2026-04-16,Sold
5750,Mumbai,Thane,25330154,2499,4,2026-04-22,Pending
5751,Pune,Kharadi,58168017,4441,3,2026-05-04,Pending
5752,Bengaluru,Electronic City,35700092,2597,4,2026-05-26,Pending
5753,Mumbai,Powai,45147306,3215,5,2026-05-18,Pending
5754,Hyderabad,Jubilee Hills,54071806,4651,4,2026-06-02,Pending
5755,Chennai,Velachery,22604389,3785,4,2026-04-27,Available
5756,Hyderabad,Gachibowli,59682048,4148,2,2026-04-18,Sold
5757,Pune,Kharadi,4900668,1215,3,2026-04-14,Pending
5758,Bengaluru,Indiranagar,16959637,1509,2,2026-05-26,Available
5759,Bengaluru,Electronic City,30008929,4165,4,2026-05-20,Sold
5760,Hyderabad,Kondapur,63820716,4905,5,2026-05-12,Pending
5761,Pune,Baner,42392305,3387,3,2026-07-01,Sold
5762,Mumbai,Andheri,3942026,540,3,2026-06-19,Sold
5763,Mumbai,Powai,40087497,4016,1,2026-05-26,Pending
5764,Mumbai,Powai,53386563,3608,4,2026-04-10,Sold
5765,Pune,Kharadi,47737101,3226,1,2026-06-12,Pending
5766,Bengaluru,Electronic City,15497800,3644,2,2026-06-07,Available
5767,Chennai,Anna Nagar,18962840,4513,5,2026-05-11,Sold
5768,Hyderabad,Gachibowli,12844897,1851,3,2026-06-25,Sold
5769,Chennai,Velachery,6922168,926,5,2026-07-03,Pending
5770,Bengaluru,Whitefield,11512265,2191,2,2026-06-09,Pending
5771,Hyderabad,Kondapur,29647206,2754,2,2026-04-20,Available
5772,Chennai,Adyar,16606734,2595,1,2026-06-17,Pending
5773,Bengaluru,HSR Layout,23649257,1809,5,2026-04-19,Sold
5774,Bengaluru,Indiranagar,22082991,1935,3,2026-06-09,Sold
5775,Hyderabad,Madhapur,57422405,4137,3,2026-06-19,Available
5776,Bengaluru,Whitefield,30907508,3921,4,2026-06-27,Pending
5777,Chennai,Adyar,33690576,3232,5,2026-05-11,Pending
5778,Hyderabad,Kondapur,14704150,2573,3,2026-06-19,Pending
5779,Mumbai,Thane,69494345,4877,1,2026-04-17,Pending
5780,Mumbai,Thane,23986812,2286,3,2026-06-03,Sold
5781,Chennai,Adyar,14896840,1222,3,2026-04-24,Pending
5782,Bengaluru,HSR Layout,40573861,4489,5,2026-06-24,Sold
5783,Chennai,Velachery,14340487,2007,5,2026-05-21,Pending
5784,Mumbai,Bandra,10112883,1530,4,2026-07-08,Available
5785,Chennai,OMR,18417103,2292,3,2026-05-13,Available
5786,Hyderabad,Banjara Hills,71515202,4974,2,2026-04-12,Available
5787,Hyderabad,Banjara Hills,26647062,3995,3,2026-06-13,Sold
5788,Hyderabad,Jubilee Hills,7529435,1020,5,2026-06-22,Pending
5789,Pune,Wakad,13339343,1932,5,2026-05-05,Sold
5790,Hyderabad,Gachibowli,12869220,1521,3,2026-06-27,Available
5791,Chennai,Velachery,12937833,3054,4,2026-07-03,Available
5792,Bengaluru,HSR Layout,17629448,2718,3,2026-06-18,Pending
5793,Chennai,OMR,40135446,2934,1,2026-06-13,Sold
5794,Pune,Hinjewadi,37071549,3953,1,2026-05-10,Sold
5795,Pune,Baner,35352734,3589,4,2026-04-19,Available
5796,Chennai,Anna Nagar,14619085,3666,3,2026-05-23,Available
5797,Bengaluru,HSR Layout,9929675,1346,4,2026-06-25,Available
5798,Pune,Baner,34886817,3390,3,2026-06-30,Sold
5799,Hyderabad,Kondapur,21520433,1565,5,2026-07-09,Sold
5800,Bengaluru,Indiranagar,33434520,3462,5,2026-06-09,Available
5801,Chennai,OMR,17103320,3293,1,2026-05-17,Sold
5802,Bengaluru,Whitefield,18409780,4364,1,2026-04-29,Sold
5803,Mumbai,Bandra,44788604,4987,2,2026-04-21,Pending
5804,Bengaluru,HSR Layout,8341035,924,5,2026-05-08,Available
5805,Mumbai,Bandra,14325797,2213,3,2026-05-06,Available
5806,Bengaluru,Electronic City,8250358,566,1,2026-06-17,Sold
5807,Hyderabad,Kondapur,33478421,2361,5,2026-04-15,Available
5808,Chennai,Velachery,22543928,2723,5,2026-07-02,Sold
5809,Pune,Hinjewadi,15914804,1848,1,2026-05-20,Available
5810,Chennai,Anna Nagar,25220721,2638,3,2026-06-19,Pending
5811,Mumbai,Powai,21598404,1478,4,2026-06-26,Pending
5812,Chennai,Anna Nagar,58364702,4386,4,2026-05-17,Available
5813,Bengaluru,HSR Layout,38835433,4994,4,2026-07-07,Sold
5814,Chennai,Adyar,18985801,1532,2,2026-06-16,Available
5815,Mumbai,Bandra,15184723,1675,5,2026-04-16,Sold
5816,Pune,Hinjewadi,30460483,4554,5,2026-04-20,Sold
5817,Chennai,Adyar,20676516,3185,2,2026-04-29,Available
5818,Hyderabad,Kukatpally,8229961,988,1,2026-06-30,Pending
5819,Hyderabad,Miyapur,19782899,3229,2,2026-06-14,Available
5820,Hyderabad,Jubilee Hills,47993776,4222,5,2026-05-19,Pending
5821,Chennai,Adyar,36902984,2500,4,2026-06-14,Sold
5822,Mumbai,Thane,23659366,2627,4,2026-06-27,Available
5823,Pune,Hinjewadi,17556561,3226,3,2026-05-15,Sold
5824,Hyderabad,Madhapur,16435124,2850,4,2026-05-13,Pending
5825,Chennai,Adyar,44525936,3176,1,2026-06-23,Sold
5826,Hyderabad,Gachibowli,16554332,3110,5,2026-06-23,Available
5827,Mumbai,Thane,9382835,1092,5,2026-06-07,Available
5828,Mumbai,Powai,54221699,4221,3,2026-06-25,Pending
5829,Bengaluru,Whitefield,28372401,2998,3,2026-06-26,Sold
5830,Hyderabad,Jubilee Hills,40890101,4501,3,2026-04-25,Sold
5831,Chennai,OMR,32128694,2941,4,2026-04-30,Sold
5832,Hyderabad,Kukatpally,23113529,2697,4,2026-05-11,Pending
5833,Hyderabad,Gachibowli,19092861,2314,1,2026-06-09,Sold
5834,Pune,Hinjewadi,14363179,2547,3,2026-06-03,Sold
5835,Bengaluru,HSR Layout,7575163,1360,5,2026-05-31,Pending
5836,Pune,Kharadi,5754113,783,1,2026-04-11,Pending
5837,Mumbai,Bandra,5357346,1174,4,2026-06-11,Available
5838,Mumbai,Thane,12269106,1658,4,2026-06-08,Available
5839,Chennai,OMR,3677395,742,4,2026-05-12,Available
5840,Pune,Hinjewadi,44675569,3301,1,2026-06-21,Sold
5841,Pune,Hinjewadi,3908024,935,4,2026-06-02,Sold
5842,Chennai,Anna Nagar,11446597,1037,5,2026-05-04,Available
5843,Mumbai,Powai,20570106,2980,3,2026-04-27,Pending
5844,Pune,Wakad,17639084,1519,4,2026-05-29,Pending
5845,Pune,Wakad,30982089,2861,5,2026-06-22,Sold
5846,Hyderabad,Gachibowli,49067847,4095,5,2026-06-11,Sold
5847,Bengaluru,Electronic City,3796483,653,1,2026-05-27,Available
5848,Bengaluru,Indiranagar,38040460,3941,2,2026-04-27,Available
5849,Chennai,OMR,27299890,2461,3,2026-05-15,Pending
5850,Mumbai,Powai,7333563,1732,4,2026-05-30,Available
5851,Mumbai,Powai,23894108,2342,4,2026-05-09,Sold
5852,Hyderabad,Gachibowli,17236848,3657,5,2026-05-20,Sold
5853,Bengaluru,Electronic City,41783258,3045,2,2026-04-30,Available
5854,Pune,Kharadi,17418265,3019,1,2026-04-11,Pending
5855,Bengaluru,HSR Layout,21149150,2124,4,2026-04-21,Pending
5856,Chennai,Anna Nagar,9382981,805,2,2026-05-13,Sold
5857,Mumbai,Andheri,10086998,990,2,2026-07-09,Sold
5858,Pune,Hinjewadi,20993388,1627,4,2026-04-26,Available
5859,Pune,Baner,17230726,1268,1,2026-04-19,Available
5860,Mumbai,Bandra,8103726,666,2,2026-04-13,Pending
5861,Chennai,Adyar,42290251,3721,2,2026-07-02,Pending
5862,Chennai,OMR,36177820,2433,3,2026-07-06,Pending
5863,Hyderabad,Miyapur,4027196,690,2,2026-04-22,Pending
5864,Pune,Baner,9731935,671,2,2026-05-28,Pending
5865,Pune,Hinjewadi,23335776,2334,3,2026-06-14,Pending
5866,Pune,Wakad,17035584,1761,5,2026-04-16,Sold
5867,Hyderabad,Banjara Hills,20874847,4263,1,2026-04-30,Available
5868,Pune,Wakad,30562767,2279,1,2026-04-27,Available
5869,Hyderabad,Banjara Hills,16533063,2086,1,2026-06-17,Sold
5870,Bengaluru,Whitefield,37540156,2971,5,2026-06-19,Available
5871,Hyderabad,Kondapur,12242232,2650,3,2026-06-24,Pending
5872,Mumbai,Bandra,11692306,2056,5,2026-05-16,Sold
5873,Hyderabad,Kukatpally,40439224,3371,4,2026-06-27,Pending
5874,Chennai,Adyar,8267334,1970,2,2026-07-02,Sold
5875,Pune,Baner,16943837,2846,3,2026-07-06,Sold
5876,Pune,Wakad,23122978,1563,5,2026-06-16,Available
5877,Chennai,Velachery,74093456,4982,2,2026-07-09,Sold
5878,Mumbai,Bandra,23424624,4915,2,2026-06-13,Available
5879,Pune,Baner,20769964,2337,3,2026-04-14,Pending
5880,Mumbai,Thane,31125610,2576,5,2026-04-21,Available
5881,Mumbai,Bandra,35683846,3552,3,2026-04-26,Available
5882,Mumbai,Powai,19834881,2646,1,2026-07-05,Sold
5883,Mumbai,Andheri,23821432,4060,4,2026-06-05,Sold
5884,Bengaluru,Indiranagar,17085974,3834,2,2026-05-24,Sold
5885,Bengaluru,HSR Layout,30645961,3877,2,2026-05-15,Sold
5886,Chennai,Velachery,32129278,2479,3,2026-05-05,Sold
5887,Mumbai,Powai,5435373,1271,3,2026-06-14,Available
5888,Mumbai,Thane,39956344,3500,4,2026-04-23,Available
5889,Hyderabad,Jubilee Hills,10120678,2370,1,2026-05-25,Pending
5890,Mumbai,Bandra,29543253,4163,2,2026-04-23,Sold
5891,Chennai,Velachery,33288293,2524,5,2026-05-06,Sold
5892,Pune,Hinjewadi,18856392,3185,2,2026-06-28,Available
5893,Bengaluru,Electronic City,21209658,2545,2,2026-04-13,Sold
5894,Pune,Baner,15214914,2063,2,2026-07-07,Pending
5895,Hyderabad,Madhapur,29799642,2456,2,2026-04-13,Pending
5896,Hyderabad,Miyapur,9884213,1777,5,2026-06-06,Sold
5897,Mumbai,Bandra,3904108,565,2,2026-04-18,Available
5898,Bengaluru,Electronic City,34987562,4772,1,2026-06-24,Available
5899,Mumbai,Thane,26140694,2762,5,2026-06-30,Sold
5900,Pune,Hinjewadi,15776934,3341,1,2026-04-24,Sold
5901,Mumbai,Bandra,27687474,2460,4,2026-05-11,Sold
5902,Mumbai,Bandra,13332350,1584,4,2026-06-24,Available
5903,Chennai,Adyar,9380760,1694,4,2026-06-16,Sold
5904,Mumbai,Andheri,20402745,2567,3,2026-05-26,Available
5905,Hyderabad,Miyapur,22576396,1577,5,2026-05-31,Pending
5906,Hyderabad,Madhapur,33165560,2650,5,2026-04-12,Sold
5907,Hyderabad,Banjara Hills,25897854,2996,4,2026-04-16,Sold
5908,Bengaluru,Electronic City,61743815,4221,2,2026-06-04,Sold
5909,Pune,Kharadi,15830864,3831,4,2026-04-30,Available
5910,Mumbai,Powai,18126294,1638,4,2026-05-05,Sold
5911,Pune,Kharadi,56350157,3792,1,2026-06-25,Sold
5912,Hyderabad,Gachibowli,66180122,4806,1,2026-06-27,Available
5913,Chennai,Anna Nagar,36122902,2486,2,2026-04-18,Available
5914,Mumbai,Thane,8895923,1147,1,2026-07-03,Sold
5915,Bengaluru,Indiranagar,7767838,1112,4,2026-04-16,Available
5916,Chennai,Anna Nagar,25446984,2408,1,2026-06-11,Available
5917,Mumbai,Andheri,11164855,1676,1,2026-05-21,Sold
5918,Hyderabad,Kondapur,20827505,3370,3,2026-04-16,Sold
5919,Pune,Hinjewadi,47930144,4180,3,2026-05-02,Sold
5920,Chennai,Adyar,25584002,3368,2,2026-06-20,Sold
5921,Mumbai,Thane,52679942,3640,4,2026-05-30,Available
5922,Hyderabad,Gachibowli,12075604,899,1,2026-04-16,Sold
5923,Bengaluru,HSR Layout,25026863,3662,5,2026-06-06,Sold
5924,Bengaluru,Indiranagar,7984501,842,3,2026-04-13,Sold
5925,Bengaluru,Whitefield,15356152,2412,5,2026-05-20,Sold
5926,Pune,Wakad,28008579,1904,2,2026-05-22,Pending
5927,Pune,Baner,19693002,2106,1,2026-04-22,Sold
5928,Chennai,Anna Nagar,6226560,782,3,2026-04-21,Available
5929,Chennai,Velachery,6519154,893,3,2026-07-02,Pending
5930,Mumbai,Powai,69061781,4884,5,2026-05-27,Available
5931,Chennai,Velachery,5369596,587,2,2026-05-05,Available
5932,Mumbai,Powai,36206842,3617,3,2026-04-22,Pending
5933,Hyderabad,Gachibowli,40270732,3897,3,2026-05-08,Pending
5934,Bengaluru,Indiranagar,21916630,2090,3,2026-05-02,Available
5935,Bengaluru,Whitefield,8360975,1038,2,2026-06-01,Available
5936,Mumbai,Thane,28583736,4579,2,2026-04-19,Available
5937,Pune,Baner,27468708,4261,3,2026-06-19,Sold
5938,Mumbai,Thane,39273231,3263,3,2026-04-27,Available
5939,Chennai,Adyar,32797942,2805,3,2026-04-19,Sold
5940,Hyderabad,Jubilee Hills,54650644,4379,2,2026-05-13,Sold
5941,Hyderabad,Madhapur,21102873,2134,4,2026-06-07,Available
5942,Hyderabad,Madhapur,17198140,3380,3,2026-06-02,Available
5943,Hyderabad,Kukatpally,13479610,1026,2,2026-06-17,Sold
5944,Mumbai,Powai,16315663,2705,3,2026-07-09,Available
5945,Pune,Hinjewadi,8460738,600,1,2026-04-12,Sold
5946,Chennai,Adyar,14450797,1751,4,2026-04-23,Sold
5947,Pune,Baner,5515386,899,5,2026-05-13,Pending
5948,Pune,Wakad,22614919,2079,3,2026-06-27,Sold
5949,Hyderabad,Kukatpally,9374129,1069,4,2026-05-28,Pending
5950,Chennai,Velachery,24987996,3898,2,2026-04-14,Sold
5951,Hyderabad,Jubilee Hills,6103227,909,4,2026-06-12,Pending
5952,Hyderabad,Gachibowli,54710128,4696,5,2026-06-27,Available
5953,Hyderabad,Banjara Hills,37120959,2931,1,2026-05-29,Sold
5954,Hyderabad,Miyapur,6022951,878,3,2026-05-22,Sold
5955,Pune,Wakad,40642467,3773,5,2026-05-30,Available
5956,Mumbai,Thane,36807848,3858,1,2026-04-17,Pending
5957,Mumbai,Andheri,47188659,3213,5,2026-04-25,Pending
5958,Hyderabad,Kukatpally,8734222,1886,2,2026-05-02,Pending
5959,Mumbai,Bandra,4981273,1063,4,2026-04-15,Available
5960,Pune,Hinjewadi,24775677,4115,1,2026-05-09,Pending
5961,Mumbai,Thane,17634032,1418,2,2026-04-25,Sold
5962,Pune,Baner,14159489,1106,3,2026-06-08,Sold
5963,Hyderabad,Banjara Hills,28522272,2037,5,2026-05-27,Pending
5964,Hyderabad,Miyapur,13105746,1046,5,2026-06-08,Available
5965,Chennai,Velachery,22630483,2174,5,2026-04-19,Sold
5966,Bengaluru,HSR Layout,27087249,2644,4,2026-04-16,Pending
5967,Chennai,Adyar,24180398,2682,5,2026-06-19,Available
5968,Mumbai,Powai,37751858,4934,4,2026-06-11,Pending
5969,Bengaluru,Indiranagar,45481677,3105,4,2026-04-24,Available
5970,Mumbai,Bandra,3890608,576,2,2026-06-18,Sold
5971,Pune,Baner,20799197,2473,3,2026-05-05,Pending
5972,Bengaluru,Indiranagar,14744173,2209,3,2026-04-25,Sold
5973,Bengaluru,Indiranagar,12065143,1104,3,2026-04-18,Available
5974,Bengaluru,Electronic City,6691196,1094,4,2026-05-23,Available
5975,Pune,Wakad,51104227,4059,3,2026-05-18,Available
5976,Hyderabad,Kondapur,24448357,3317,4,2026-04-20,Available
5977,Bengaluru,HSR Layout,10133063,1278,1,2026-06-02,Available
5978,Pune,Hinjewadi,64759044,4485,1,2026-05-16,Available
5979,Mumbai,Powai,38746796,3120,3,2026-05-01,Sold
5980,Mumbai,Thane,14012159,1156,1,2026-06-20,Pending
5981,Hyderabad,Miyapur,68453313,4615,5,2026-06-07,Sold
5982,Chennai,Velachery,58521546,4847,1,2026-04-30,Pending
5983,Bengaluru,Whitefield,10658207,2167,5,2026-05-02,Pending
5984,Hyderabad,Kukatpally,33387248,3529,3,2026-06-16,Pending
5985,Pune,Baner,24039648,2662,1,2026-04-28,Sold
5986,Bengaluru,HSR Layout,36362263,3634,5,2026-07-05,Available
5987,Chennai,Velachery,10681412,1163,3,2026-06-18,Pending
5988,Hyderabad,Gachibowli,23274179,2159,1,2026-06-14,Available
5989,Chennai,OMR,28121620,2521,1,2026-06-26,Available
5990,Chennai,Adyar,11755152,2569,5,2026-06-23,Available
5991,Hyderabad,Gachibowli,58462223,4155,3,2026-06-07,Available
5992,Bengaluru,Whitefield,6326467,1326,4,2026-05-18,Pending
5993,Chennai,Velachery,24460102,2556,1,2026-06-01,Sold
5994,Mumbai,Thane,37582214,2998,3,2026-04-27,Sold
5995,Hyderabad,Gachibowli,32636008,4555,3,2026-06-04,Pending
5996,Mumbai,Bandra,35278537,2677,5,2026-07-02,Available
5997,Hyderabad,Miyapur,17266896,1159,2,2026-06-27,Available
5998,Mumbai,Bandra,18625840,1989,3,2026-05-28,Sold
5999,Pune,Kharadi,39577636,3741,3,2026-06-09,Pending
6000,Pune,Kharadi,48266900,4443,4,2026-04-23,Available
6001,Pune,Hinjewadi,18148795,3983,4,2026-05-06,Pending
6002,Chennai,OMR,27793139,2447,4,2026-04-26,Pending
6003,Chennai,OMR,26277328,4146,4,2026-06-21,Pending
6004,Hyderabad,Kukatpally,4892088,523,1,2026-06-25,Pending
6005,Chennai,OMR,30151159,2280,1,2026-06-04,Available
6006,Chennai,Adyar,25212688,3296,5,2026-06-23,Sold
6007,Mumbai,Thane,29983880,3918,2,2026-05-17,Sold
6008,Pune,Hinjewadi,10776107,1703,5,2026-06-12,Pending
6009,Hyderabad,Gachibowli,53448301,3729,4,2026-07-04,Pending
6010,Bengaluru,Whitefield,12372481,2426,3,2026-05-09,Sold
6011,Chennai,OMR,26399298,2108,2,2026-05-05,Pending
6012,Chennai,Adyar,3425981,589,2,2026-05-12,Available
6013,Mumbai,Bandra,5458670,603,1,2026-05-18,Sold
6014,Bengaluru,Whitefield,37957669,3473,3,2026-06-20,Available
6015,Hyderabad,Gachibowli,41579186,3552,3,2026-07-06,Sold
6016,Pune,Kharadi,8009852,774,2,2026-06-10,Sold
6017,Chennai,OMR,26516930,1901,5,2026-07-06,Sold
6018,Pune,Wakad,15020249,1875,5,2026-04-16,Pending
6019,Mumbai,Bandra,10312148,1014,4,2026-06-03,Pending
6020,Bengaluru,Electronic City,25835881,4180,2,2026-04-30,Pending
6021,Chennai,Adyar,3876041,645,2,2026-04-21,Available
6022,Bengaluru,Electronic City,59268432,4433,3,2026-05-09,Available
6023,Bengaluru,Indiranagar,39720789,2816,3,2026-06-26,Available
6024,Bengaluru,Whitefield,44423272,3490,3,2026-05-01,Available
6025,Bengaluru,Indiranagar,39352176,2874,4,2026-05-10,Sold
6026,Hyderabad,Kondapur,43091935,4761,4,2026-05-02,Sold
6027,Pune,Wakad,22413546,4600,2,2026-05-21,Available
6028,Pune,Kharadi,56132572,3896,1,2026-06-15,Sold
6029,Mumbai,Powai,21282608,4986,1,2026-06-06,Sold
6030,Mumbai,Powai,24688170,2674,1,2026-06-06,Pending
6031,Mumbai,Powai,19905138,2280,5,2026-05-21,Pending
6032,Pune,Kharadi,5563659,629,4,2026-07-08,Pending
6033,Pune,Wakad,21152269,2688,1,2026-06-13,Pending
6034,Chennai,Velachery,43380678,4217,4,2026-04-28,Sold
6035,Mumbai,Andheri,66920536,4595,5,2026-04-21,Available
6036,Hyderabad,Madhapur,25151219,2187,4,2026-05-31,Pending
6037,Mumbai,Bandra,11183628,2007,3,2026-05-21,Available
6038,Pune,Hinjewadi,17267190,4154,3,2026-04-16,Pending
6039,Mumbai,Bandra,32638587,3636,2,2026-05-01,Available
6040,Pune,Hinjewadi,30043957,3206,4,2026-06-02,Available
6041,Pune,Wakad,37425000,3960,3,2026-06-17,Sold
6042,Pune,Hinjewadi,16131859,1366,4,2026-05-23,Sold
6043,Mumbai,Andheri,37552601,2794,2,2026-06-22,Sold
6044,Mumbai,Andheri,32145015,3953,3,2026-07-04,Available
6045,Pune,Wakad,24210588,2260,2,2026-04-10,Available
6046,Pune,Hinjewadi,42549688,4065,3,2026-06-23,Available
6047,Pune,Hinjewadi,25297991,2313,1,2026-05-25,Sold
6048,Hyderabad,Kondapur,12823209,2721,5,2026-05-31,Sold
6049,Hyderabad,Gachibowli,6943874,1199,3,2026-06-08,Pending
6050,Pune,Wakad,26387729,2407,3,2026-05-30,Sold
6051,Mumbai,Thane,18029690,1854,5,2026-04-29,Sold
6052,Bengaluru,HSR Layout,55836347,4693,1,2026-04-23,Sold
6053,Chennai,Adyar,11130037,977,5,2026-05-03,Available
6054,Pune,Hinjewadi,52002304,3620,5,2026-05-28,Pending
6055,Hyderabad,Banjara Hills,15272302,1020,3,2026-05-03,Pending
6056,Mumbai,Powai,6027175,1316,3,2026-05-04,Sold
6057,Bengaluru,Indiranagar,5793660,939,3,2026-06-01,Pending
6058,Bengaluru,Indiranagar,21728437,4656,1,2026-06-13,Pending
6059,Mumbai,Andheri,11586292,1009,5,2026-05-26,Pending
6060,Mumbai,Powai,44433860,3401,4,2026-06-20,Available
6061,Chennai,Adyar,56024255,4108,5,2026-06-17,Sold
6062,Chennai,Velachery,26367977,2526,1,2026-06-19,Available
6063,Pune,Kharadi,29727362,3700,2,2026-06-05,Pending
6064,Hyderabad,Jubilee Hills,16686635,1148,5,2026-05-02,Available
6065,Chennai,Adyar,51467842,4013,3,2026-04-13,Available
6066,Mumbai,Thane,31361701,3055,2,2026-06-14,Sold
6067,Chennai,Anna Nagar,12532046,2664,3,2026-06-25,Available
6068,Mumbai,Powai,37554259,3353,1,2026-06-14,Pending
6069,Mumbai,Bandra,9486155,2232,2,2026-07-09,Sold
6070,Pune,Kharadi,26123078,2202,1,2026-06-26,Pending
6071,Pune,Kharadi,30347838,3069,4,2026-05-02,Available
6072,Mumbai,Powai,4411198,555,3,2026-05-16,Available
6073,Bengaluru,HSR Layout,50529704,4319,1,2026-05-01,Available
6074,Mumbai,Andheri,18615736,2234,1,2026-05-05,Available
6075,Bengaluru,Indiranagar,60432477,4973,3,2026-04-16,Available
6076,Pune,Kharadi,17297856,1194,2,2026-05-10,Available
6077,Mumbai,Bandra,17845697,4289,2,2026-04-27,Sold
6078,Pune,Baner,5634751,1327,2,2026-06-11,Sold
6079,Bengaluru,HSR Layout,34750381,3595,2,2026-06-09,Sold
6080,Chennai,Anna Nagar,6747244,1534,3,2026-06-09,Pending
6081,Hyderabad,Kukatpally,24775987,2544,3,2026-06-28,Pending
6082,Chennai,OMR,6266845,675,5,2026-06-12,Available
6083,Pune,Kharadi,13894893,2831,4,2026-05-24,Available
6084,Pune,Wakad,23064387,1595,2,2026-04-29,Available
6085,Pune,Hinjewadi,31381787,3999,1,2026-04-19,Sold
6086,Mumbai,Powai,11324804,839,2,2026-04-21,Pending
6087,Hyderabad,Madhapur,8496051,718,2,2026-04-16,Pending
6088,Chennai,Anna Nagar,59397026,4059,4,2026-05-25,Sold
6089,Mumbai,Andheri,51275515,4977,2,2026-06-30,Pending
6090,Hyderabad,Banjara Hills,48662067,4334,5,2026-05-13,Sold
6091,Hyderabad,Madhapur,42382044,4513,1,2026-06-02,Pending
6092,Mumbai,Powai,16010011,3236,3,2026-05-10,Sold
6093,Hyderabad,Madhapur,19983300,4335,4,2026-05-28,Sold
6094,Pune,Baner,23104426,1652,3,2026-06-26,Pending
6095,Hyderabad,Jubilee Hills,22863491,3487,4,2026-05-21,Sold
6096,Pune,Kharadi,29930941,2138,2,2026-05-29,Pending
6097,Chennai,Velachery,25428757,2236,1,2026-04-20,Sold
6098,Chennai,Velachery,6943298,1416,5,2026-05-20,Available
6099,Pune,Hinjewadi,58732756,4349,5,2026-06-28,Available
6100,Chennai,Velachery,36771916,2896,3,2026-06-21,Sold
6101,Pune,Baner,27063916,2338,1,2026-06-02,Pending
6102,Bengaluru,Whitefield,49463966,3730,2,2026-07-01,Pending
6103,Bengaluru,HSR Layout,10662210,839,4,2026-07-04,Sold
6104,Chennai,OMR,3830983,750,3,2026-06-14,Pending
6105,Pune,Wakad,31685620,2290,1,2026-05-01,Available
6106,Bengaluru,Whitefield,6174136,730,1,2026-05-31,Sold
6107,Chennai,Anna Nagar,14265496,2118,4,2026-05-21,Pending
6108,Hyderabad,Kondapur,17125872,2011,1,2026-05-22,Sold
6109,Pune,Hinjewadi,29676863,4165,1,2026-06-18,Pending
6110,Chennai,Adyar,17018012,1940,5,2026-06-23,Pending
6111,Pune,Hinjewadi,29861481,4010,3,2026-05-23,Pending
6112,Pune,Hinjewadi,13369809,3144,3,2026-05-07,Sold
6113,Chennai,OMR,50313151,4226,2,2026-05-11,Available
6114,Hyderabad,Gachibowli,8369212,1036,4,2026-06-05,Sold
6115,Pune,Kharadi,9252460,1102,1,2026-06-10,Pending
6116,Mumbai,Powai,13417298,3154,3,2026-06-13,Available
6117,Hyderabad,Jubilee Hills,28146339,2366,3,2026-05-02,Pending
6118,Mumbai,Andheri,13680218,2313,4,2026-07-03,Pending
6119,Pune,Kharadi,8547277,1931,1,2026-05-24,Pending
6120,Bengaluru,HSR Layout,23907105,3609,4,2026-06-02,Available
6121,Mumbai,Andheri,41603466,2944,2,2026-05-04,Available
6122,Chennai,Adyar,38623617,2945,5,2026-05-27,Available
6123,Pune,Kharadi,26986683,2376,3,2026-05-11,Pending
6124,Bengaluru,HSR Layout,6207940,1127,4,2026-06-11,Available
6125,Mumbai,Powai,39020581,2973,5,2026-05-21,Pending
6126,Bengaluru,Whitefield,19878301,2592,3,2026-05-23,Sold
6127,Bengaluru,HSR Layout,54030238,4170,2,2026-04-20,Available
6128,Mumbai,Powai,49346059,4627,3,2026-04-17,Sold
6129,Hyderabad,Madhapur,13606636,979,4,2026-07-09,Sold
6130,Mumbai,Bandra,18709039,1415,5,2026-05-22,Sold
6131,Chennai,Adyar,16125161,1855,3,2026-05-26,Sold
6132,Pune,Kharadi,66264863,4506,4,2026-05-26,Pending
6133,Bengaluru,Indiranagar,27117913,3461,4,2026-04-13,Pending
6134,Mumbai,Thane,10263487,1604,3,2026-05-12,Available
6135,Pune,Wakad,21184635,1513,2,2026-04-24,Available
6136,Chennai,Velachery,25857395,3093,4,2026-04-26,Sold
6137,Bengaluru,Indiranagar,30204640,4906,5,2026-07-02,Sold
6138,Bengaluru,Whitefield,18183919,4143,4,2026-05-17,Sold
6139,Hyderabad,Kondapur,9883974,1010,1,2026-04-23,Sold
6140,Chennai,Adyar,44230099,3330,1,2026-06-15,Pending
6141,Hyderabad,Madhapur,57021201,4642,1,2026-06-14,Pending
6142,Chennai,Anna Nagar,34201829,2575,1,2026-06-17,Sold
6143,Hyderabad,Kukatpally,43111191,4424,3,2026-05-04,Pending
6144,Mumbai,Thane,29356640,3450,5,2026-06-14,Pending
6145,Chennai,Anna Nagar,21707349,4646,2,2026-04-21,Sold
6146,Bengaluru,Electronic City,34325342,3064,1,2026-06-17,Available
6147,Hyderabad,Kondapur,60481553,4776,2,2026-05-18,Pending
6148,Pune,Wakad,15671473,1299,4,2026-06-14,Sold
6149,Chennai,Anna Nagar,26107048,3925,1,2026-05-06,Sold
6150,Hyderabad,Madhapur,6670919,631,4,2026-04-26,Pending
6151,Chennai,Anna Nagar,21184459,1678,5,2026-04-30,Sold
6152,Pune,Kharadi,9682307,759,3,2026-05-06,Available
6153,Pune,Baner,35164605,2686,5,2026-04-23,Sold
6154,Chennai,Anna Nagar,50091962,4196,1,2026-04-25,Sold
6155,Chennai,OMR,28340726,3216,2,2026-06-18,Sold
6156,Pune,Baner,16852166,1323,4,2026-06-21,Pending
6157,Chennai,Adyar,28335190,2550,5,2026-06-09,Available
6158,Pune,Wakad,25379376,3317,4,2026-06-25,Available
6159,Bengaluru,Indiranagar,32148684,2220,2,2026-04-16,Sold
6160,Hyderabad,Madhapur,13210173,2826,5,2026-06-24,Available
6161,Hyderabad,Miyapur,17800362,2439,3,2026-05-01,Available
6162,Bengaluru,Indiranagar,18397494,2151,5,2026-06-08,Pending
6163,Chennai,Anna Nagar,20596582,2314,5,2026-06-03,Sold
6164,Pune,Kharadi,26673456,2441,3,2026-06-14,Available
6165,Chennai,Velachery,43501877,4679,1,2026-06-02,Sold
6166,Bengaluru,HSR Layout,42650713,3678,5,2026-05-14,Sold
6167,Mumbai,Andheri,11679343,1258,5,2026-04-30,Pending
6168,Hyderabad,Banjara Hills,53127138,3529,5,2026-06-19,Sold
6169,Hyderabad,Kukatpally,37204455,2497,5,2026-04-17,Available
6170,Mumbai,Powai,43413214,4469,1,2026-05-16,Available
6171,Hyderabad,Miyapur,18025628,1540,2,2026-04-24,Available
6172,Hyderabad,Miyapur,20459230,2418,1,2026-04-14,Sold
6173,Chennai,OMR,27471350,2675,2,2026-04-13,Sold
6174,Bengaluru,Whitefield,6829883,591,4,2026-05-31,Available
6175,Pune,Kharadi,50885701,3717,1,2026-05-02,Sold
6176,Pune,Wakad,21635619,1532,4,2026-04-24,Sold
6177,Bengaluru,Whitefield,47306497,4366,2,2026-06-05,Sold
6178,Chennai,OMR,28344915,3412,4,2026-05-15,Available
6179,Chennai,Velachery,16669502,1100,4,2026-05-09,Available
6180,Bengaluru,Indiranagar,49304242,4335,3,2026-04-29,Sold
6181,Bengaluru,HSR Layout,4678852,974,4,2026-06-08,Available
6182,Chennai,OMR,7795147,1832,2,2026-04-27,Available
6183,Bengaluru,Indiranagar,6696226,646,1,2026-07-01,Sold
6184,Mumbai,Bandra,30060270,4106,4,2026-04-29,Available
6185,Pune,Wakad,14262824,3038,3,2026-05-19,Sold
6186,Hyderabad,Banjara Hills,42121802,4848,1,2026-06-10,Available
6187,Mumbai,Bandra,25628781,3023,1,2026-07-09,Sold
6188,Bengaluru,Whitefield,13449595,2896,2,2026-06-10,Available
6189,Mumbai,Powai,12542558,1212,4,2026-06-04,Sold
6190,Hyderabad,Gachibowli,24533027,3463,5,2026-06-27,Pending
6191,Bengaluru,Electronic City,53515056,3804,5,2026-06-26,Sold
6192,Pune,Kharadi,16818139,1364,5,2026-07-01,Sold
6193,Hyderabad,Miyapur,16102677,3813,5,2026-06-15,Pending
6194,Pune,Wakad,6824264,1567,5,2026-06-01,Pending
6195,Pune,Kharadi,8472817,1054,5,2026-05-05,Pending
6196,Mumbai,Bandra,34766304,2430,4,2026-06-09,Sold
6197,Mumbai,Bandra,28745253,2481,1,2026-04-30,Pending
6198,Pune,Wakad,45022853,3148,5,2026-04-26,Available
6199,Mumbai,Andheri,25368151,3348,1,2026-05-21,Pending
6200,Bengaluru,HSR Layout,23508205,3334,5,2026-04-15,Pending
6201,Chennai,Velachery,8915248,983,1,2026-04-13,Sold
6202,Hyderabad,Miyapur,38846444,4124,2,2026-06-28,Available
6203,Bengaluru,Indiranagar,31904352,3817,4,2026-04-20,Sold
6204,Chennai,Adyar,23998217,3670,5,2026-05-03,Pending
6205,Pune,Wakad,24271119,3130,3,2026-04-16,Sold
6206,Pune,Baner,18996503,3841,3,2026-06-03,Available
6207,Bengaluru,Electronic City,15126671,1737,2,2026-05-22,Pending
6208,Pune,Wakad,35779073,3167,5,2026-05-26,Available
6209,Pune,Kharadi,7807430,946,2,2026-06-08,Available
6210,Hyderabad,Kukatpally,26498993,4131,4,2026-07-01,Pending
6211,Chennai,Velachery,41899707,3830,4,2026-06-25,Sold
6212,Hyderabad,Kondapur,7755437,812,1,2026-05-28,Available
6213,Chennai,Velachery,26167812,3513,5,2026-05-12,Sold
6214,Mumbai,Bandra,21330121,3192,3,2026-05-14,Sold
6215,Pune,Hinjewadi,26415114,2006,5,2026-05-15,Pending
6216,Bengaluru,Electronic City,54524839,4838,2,2026-04-20,Available
6217,Bengaluru,Indiranagar,23233434,2787,2,2026-06-28,Sold
6218,Hyderabad,Gachibowli,22124845,4111,3,2026-04-20,Sold
6219,Hyderabad,Miyapur,27082396,3920,4,2026-06-08,Sold
6220,Bengaluru,Indiranagar,19003986,2653,3,2026-06-19,Pending
6221,Pune,Wakad,17375230,1961,1,2026-07-08,Sold
6222,Bengaluru,Electronic City,18207169,3529,4,2026-05-10,Pending
6223,Hyderabad,Kukatpally,20796093,2972,1,2026-04-25,Available
6224,Hyderabad,Banjara Hills,14062262,1702,4,2026-05-18,Pending
6225,Bengaluru,Indiranagar,35862493,4561,2,2026-04-26,Available
6226,Bengaluru,Whitefield,13841863,2039,4,2026-05-23,Sold
6227,Pune,Baner,28108985,2657,3,2026-06-12,Available
6228,Chennai,Adyar,41649310,4747,4,2026-05-25,Pending
6229,Mumbai,Bandra,28064606,1843,4,2026-04-14,Available
6230,Mumbai,Andheri,61398775,4574,2,2026-06-21,Pending
6231,Chennai,Velachery,55375565,4271,3,2026-06-07,Pending
6232,Chennai,Anna Nagar,15319322,1369,2,2026-06-16,Sold
6233,Mumbai,Andheri,9028716,1069,3,2026-04-24,Pending
6234,Pune,Wakad,7080228,878,4,2026-05-18,Available
6235,Mumbai,Bandra,43706762,3160,4,2026-05-10,Sold
6236,Chennai,Velachery,16789173,2184,2,2026-05-31,Sold
6237,Mumbai,Thane,5143790,669,4,2026-04-28,Sold
6238,Pune,Wakad,29008764,4675,4,2026-05-31,Available
6239,Chennai,Anna Nagar,29900556,4388,4,2026-05-16,Sold
6240,Pune,Baner,39450582,3435,4,2026-06-22,Pending
6241,Hyderabad,Kondapur,26046114,3150,1,2026-05-17,Available
6242,Hyderabad,Miyapur,7894113,1613,4,2026-06-25,Pending
6243,Mumbai,Powai,13882659,1310,2,2026-04-14,Pending
6244,Hyderabad,Kukatpally,13697393,3075,1,2026-06-26,Sold
6245,Pune,Wakad,41779692,2858,3,2026-05-23,Sold
6246,Pune,Wakad,8805797,905,2,2026-05-04,Sold
6247,Chennai,Adyar,26080442,2612,1,2026-05-12,Pending
6248,Pune,Hinjewadi,33184174,2688,4,2026-05-12,Sold
6249,Bengaluru,Whitefield,4790286,835,3,2026-07-06,Sold
6250,Chennai,Adyar,15537645,1683,2,2026-04-20,Sold
6251,Pune,Baner,13718024,3271,1,2026-05-28,Available
6252,Bengaluru,Indiranagar,40854982,3825,3,2026-06-02,Available
6253,Chennai,OMR,41825720,3686,4,2026-06-21,Pending
6254,Pune,Kharadi,18930749,3599,4,2026-04-28,Sold
6255,Mumbai,Powai,9526183,975,5,2026-04-21,Pending
6256,Pune,Kharadi,5022004,1123,3,2026-06-07,Available
6257,Pune,Wakad,7040057,904,3,2026-05-25,Available
6258,Mumbai,Andheri,15994289,3914,1,2026-04-15,Available
6259,Hyderabad,Jubilee Hills,11872907,1794,1,2026-04-18,Pending
6260,Hyderabad,Miyapur,10209700,1181,3,2026-05-13,Sold
6261,Chennai,Adyar,17944629,1259,4,2026-06-30,Available
6262,Hyderabad,Kondapur,18025838,4087,1,2026-04-20,Sold
6263,Mumbai,Bandra,5561195,1120,2,2026-07-03,Pending
6264,Pune,Kharadi,26951408,2733,2,2026-04-20,Sold
6265,Mumbai,Andheri,11507400,1643,3,2026-07-09,Sold
6266,Hyderabad,Kondapur,34628922,2400,3,2026-05-09,Pending
6267,Pune,Baner,25877509,3793,1,2026-06-26,Sold
6268,Mumbai,Andheri,26728529,1820,4,2026-04-17,Pending
6269,Bengaluru,Whitefield,41359795,4374,5,2026-05-04,Pending
6270,Bengaluru,Electronic City,12296587,2721,4,2026-05-02,Pending
6271,Pune,Baner,27107914,2203,5,2026-05-21,Available
6272,Bengaluru,HSR Layout,62092240,4988,2,2026-06-10,Available
6273,Pune,Wakad,37821142,2662,1,2026-06-03,Pending
6274,Pune,Hinjewadi,15525243,3199,2,2026-06-29,Pending
6275,Pune,Hinjewadi,10721234,873,5,2026-06-02,Pending
6276,Pune,Wakad,3358417,513,3,2026-05-26,Pending
6277,Chennai,Adyar,40752973,3104,2,2026-05-06,Sold
6278,Chennai,OMR,20989371,2078,3,2026-05-04,Pending
6279,Hyderabad,Banjara Hills,14121401,1776,4,2026-06-15,Available
6280,Pune,Hinjewadi,8183881,1131,5,2026-05-23,Pending
6281,Hyderabad,Kondapur,13040734,2644,3,2026-07-06,Sold
6282,Chennai,OMR,10132583,742,4,2026-05-14,Pending
6283,Pune,Wakad,28940771,3064,3,2026-04-23,Pending
6284,Hyderabad,Kukatpally,35033463,4522,4,2026-06-21,Sold
6285,Mumbai,Thane,12113617,2247,4,2026-06-20,Sold
6286,Bengaluru,HSR Layout,14975327,1275,3,2026-04-22,Sold
6287,Hyderabad,Jubilee Hills,24982364,1703,3,2026-06-04,Available
6288,Mumbai,Powai,25411884,3147,5,2026-05-09,Available
6289,Bengaluru,HSR Layout,24791318,3199,2,2026-04-18,Pending
6290,Chennai,OMR,25598243,3241,2,2026-07-06,Sold
6291,Mumbai,Powai,61420767,4198,1,2026-06-19,Available
6292,Mumbai,Powai,15935886,1240,4,2026-06-14,Pending
6293,Mumbai,Powai,22250929,2905,5,2026-05-02,Pending
6294,Pune,Baner,6505038,563,2,2026-07-09,Pending
6295,Hyderabad,Banjara Hills,17388655,1484,4,2026-05-31,Sold
6296,Bengaluru,Whitefield,26466496,2240,2,2026-05-18,Sold
6297,Pune,Baner,51297852,3623,3,2026-04-28,Pending
6298,Chennai,Anna Nagar,9668843,1402,1,2026-05-15,Sold
6299,Chennai,Velachery,30095933,3522,2,2026-04-28,Available
6300,Chennai,Anna Nagar,28445498,2609,5,2026-05-09,Pending
6301,Chennai,OMR,29881382,3670,2,2026-06-20,Pending
6302,Bengaluru,HSR Layout,53601843,4864,5,2026-05-11,Sold
6303,Hyderabad,Madhapur,22161748,3875,2,2026-04-19,Pending
6304,Pune,Baner,13896525,2175,2,2026-06-20,Pending
6305,Bengaluru,Whitefield,4678074,602,4,2026-06-30,Sold
6306,Hyderabad,Kondapur,19308222,3118,3,2026-06-29,Pending
6307,Bengaluru,Indiranagar,37697319,3811,1,2026-05-30,Available
6308,Bengaluru,HSR Layout,18977553,2384,2,2026-05-28,Available
6309,Chennai,OMR,40897563,3451,4,2026-06-17,Pending
6310,Hyderabad,Banjara Hills,16144020,2028,1,2026-06-30,Available
6311,Hyderabad,Gachibowli,9417636,926,5,2026-06-08,Available
6312,Hyderabad,Gachibowli,18564723,1396,1,2026-05-22,Available
6313,Mumbai,Powai,34569941,3970,5,2026-05-16,Available
6314,Bengaluru,Whitefield,37754531,3098,1,2026-04-10,Pending
6315,Mumbai,Bandra,30282723,2581,1,2026-06-12,Pending
6316,Mumbai,Thane,22820896,2537,1,2026-05-23,Sold
6317,Mumbai,Thane,16008611,2051,1,2026-05-22,Pending
6318,Pune,Baner,38079416,2947,4,2026-04-30,Pending
6319,Mumbai,Powai,31144267,2615,2,2026-05-28,Available
6320,Pune,Kharadi,18032894,1508,4,2026-05-11,Sold
6321,Chennai,Anna Nagar,8683474,729,3,2026-06-02,Sold
6322,Mumbai,Andheri,18012497,1770,2,2026-05-23,Available
6323,Bengaluru,HSR Layout,9917423,1142,1,2026-05-09,Pending
6324,Mumbai,Thane,2766438,573,4,2026-05-20,Sold
6325,Bengaluru,HSR Layout,48153454,3698,5,2026-07-01,Sold
6326,Bengaluru,Whitefield,9158977,760,3,2026-06-09,Available
6327,Chennai,Adyar,32861494,3945,3,2026-04-30,Sold
6328,Chennai,Adyar,21011486,3125,5,2026-07-05,Pending
6329,Mumbai,Andheri,12158251,1783,4,2026-06-09,Pending
6330,Bengaluru,Whitefield,17722792,1616,5,2026-04-22,Sold
6331,Chennai,Anna Nagar,13814918,1262,2,2026-07-04,Available
6332,Pune,Kharadi,19211199,2838,3,2026-04-26,Sold
6333,Hyderabad,Jubilee Hills,27236361,2365,1,2026-05-21,Pending
6334,Mumbai,Andheri,69109643,4885,4,2026-07-06,Available
6335,Hyderabad,Madhapur,15260168,1385,1,2026-06-12,Available
6336,Bengaluru,HSR Layout,28722578,2830,1,2026-05-26,Sold
6337,Pune,Hinjewadi,24591027,2435,5,2026-06-12,Pending
6338,Pune,Wakad,42646794,3899,5,2026-06-25,Sold
6339,Pune,Kharadi,19368216,1303,3,2026-07-02,Sold
6340,Hyderabad,Kondapur,46514666,3507,2,2026-04-13,Available
6341,Hyderabad,Gachibowli,4291728,1129,3,2026-06-18,Available
6342,Hyderabad,Jubilee Hills,22249574,1519,1,2026-05-05,Sold
6343,Hyderabad,Miyapur,37625871,3607,4,2026-06-09,Sold
6344,Pune,Hinjewadi,17468920,1237,2,2026-05-28,Available
6345,Hyderabad,Kondapur,44955648,3147,2,2026-07-04,Sold
6346,Bengaluru,Whitefield,9274204,906,2,2026-04-16,Available
6347,Bengaluru,Electronic City,3765606,617,2,2026-05-11,Pending
6348,Bengaluru,HSR Layout,3571963,858,1,2026-04-13,Available
6349,Bengaluru,Electronic City,43322273,3245,5,2026-07-07,Pending
6350,Mumbai,Andheri,8081741,1317,2,2026-06-01,Pending
6351,Pune,Hinjewadi,47894760,4749,3,2026-04-29,Sold
6352,Hyderabad,Kukatpally,24300089,2397,1,2026-06-02,Sold
6353,Mumbai,Andheri,11297283,1282,5,2026-04-26,Available
6354,Hyderabad,Miyapur,20774939,1834,2,2026-05-31,Available
6355,Mumbai,Andheri,65431289,4648,2,2026-05-31,Sold
6356,Mumbai,Powai,9439419,1792,4,2026-04-18,Pending
6357,Hyderabad,Gachibowli,9407074,823,4,2026-04-30,Pending
6358,Pune,Baner,39113140,4678,2,2026-06-20,Sold
6359,Chennai,Velachery,32791505,4216,4,2026-06-18,Pending
6360,Pune,Baner,29374088,4082,5,2026-06-08,Sold
6361,Bengaluru,HSR Layout,14170089,2106,2,2026-06-14,Pending
6362,Mumbai,Powai,21450481,2678,4,2026-04-24,Pending
6363,Mumbai,Andheri,3438528,774,5,2026-05-15,Sold
6364,Chennai,Anna Nagar,6914131,524,1,2026-04-27,Available
6365,Hyderabad,Jubilee Hills,11811037,2680,5,2026-06-01,Pending
6366,Mumbai,Bandra,25203082,2974,4,2026-06-13,Sold
6367,Bengaluru,Indiranagar,53811862,4023,1,2026-05-03,Sold
6368,Chennai,Anna Nagar,43859101,4823,3,2026-04-24,Sold
6369,Pune,Kharadi,36775845,3824,2,2026-05-12,Available
6370,Mumbai,Thane,2541689,538,1,2026-05-17,Sold
6371,Chennai,Adyar,51075223,4997,3,2026-07-04,Pending
6372,Chennai,Anna Nagar,11724474,1309,1,2026-05-04,Sold
6373,Mumbai,Andheri,18212675,3820,1,2026-04-12,Available
6374,Hyderabad,Kondapur,10847163,1378,3,2026-06-13,Sold
6375,Hyderabad,Kondapur,16948146,1252,1,2026-06-04,Available
6376,Mumbai,Thane,44459053,4694,1,2026-06-04,Available
6377,Chennai,Velachery,58217759,4050,3,2026-06-17,Available
6378,Chennai,Anna Nagar,21641016,2844,2,2026-05-03,Pending
6379,Bengaluru,HSR Layout,45951754,3978,3,2026-06-05,Sold
6380,Mumbai,Powai,16475187,2834,1,2026-06-20,Pending
6381,Pune,Kharadi,48624530,4925,4,2026-06-13,Available
6382,Hyderabad,Banjara Hills,51216994,4298,4,2026-05-09,Sold
6383,Mumbai,Andheri,10870238,1779,3,2026-06-30,Pending
6384,Mumbai,Andheri,60722783,4397,4,2026-05-18,Sold
6385,Hyderabad,Kukatpally,33864779,4756,3,2026-04-12,Available
6386,Hyderabad,Gachibowli,16448531,3341,3,2026-05-30,Sold
6387,Mumbai,Andheri,3568359,536,1,2026-06-17,Available
6388,Hyderabad,Jubilee Hills,12606679,1368,2,2026-05-07,Available
6389,Chennai,Anna Nagar,39127709,3527,5,2026-05-01,Sold
6390,Chennai,Anna Nagar,10211020,2116,2,2026-05-10,Available
6391,Chennai,Anna Nagar,6440749,1129,1,2026-06-09,Sold
6392,Mumbai,Powai,37115407,4434,4,2026-05-02,Available
6393,Bengaluru,Electronic City,20450710,2737,1,2026-04-27,Pending
6394,Chennai,Adyar,11280135,1200,3,2026-06-02,Available
6395,Pune,Wakad,21986964,3044,5,2026-05-22,Available
6396,Hyderabad,Gachibowli,13258273,3061,3,2026-04-19,Pending
6397,Pune,Baner,13159710,3147,5,2026-05-16,Pending
6398,Bengaluru,Indiranagar,31085305,4232,2,2026-04-30,Available
6399,Mumbai,Thane,8635833,651,2,2026-04-27,Available
6400,Hyderabad,Kondapur,20145243,1790,4,2026-06-09,Pending
6401,Chennai,OMR,2887753,556,5,2026-05-13,Pending
6402,Hyderabad,Madhapur,45215244,3491,2,2026-07-02,Sold
6403,Hyderabad,Madhapur,12534572,928,1,2026-06-05,Available
6404,Hyderabad,Miyapur,21627247,1946,3,2026-05-31,Pending
6405,Hyderabad,Jubilee Hills,27967994,4123,5,2026-06-10,Pending
6406,Pune,Hinjewadi,17717223,4023,5,2026-06-05,Sold
6407,Pune,Hinjewadi,34581741,2316,4,2026-04-30,Available
6408,Bengaluru,Whitefield,50481972,3667,4,2026-07-05,Sold
6409,Chennai,Anna Nagar,12614333,1647,2,2026-05-04,Sold
6410,Chennai,OMR,7546922,595,2,2026-06-27,Pending
6411,Pune,Kharadi,25272813,1857,1,2026-05-17,Sold
6412,Bengaluru,Electronic City,44772448,3768,4,2026-05-09,Sold
6413,Chennai,Anna Nagar,14243044,1455,1,2026-05-09,Sold
6414,Pune,Kharadi,46151164,3121,4,2026-05-29,Sold
6415,Bengaluru,Indiranagar,21233615,2676,1,2026-05-30,Available
6416,Mumbai,Thane,38184224,2851,2,2026-06-22,Available
6417,Chennai,Anna Nagar,62011401,4883,5,2026-06-14,Sold
6418,Bengaluru,HSR Layout,14494874,1869,3,2026-06-11,Pending
6419,Mumbai,Thane,10235115,1548,4,2026-07-07,Available
6420,Mumbai,Andheri,12981402,1212,5,2026-04-23,Pending
6421,Pune,Baner,14906576,2022,3,2026-07-06,Available
6422,Chennai,Anna Nagar,13987362,3322,4,2026-05-26,Pending
6423,Bengaluru,Whitefield,18176420,1460,4,2026-05-14,Available
6424,Hyderabad,Jubilee Hills,14966105,1525,3,2026-04-12,Pending
6425,Mumbai,Bandra,7120562,1008,3,2026-06-09,Pending
6426,Chennai,Anna Nagar,19035935,3361,1,2026-06-01,Available
6427,Bengaluru,HSR Layout,35776229,4755,3,2026-05-02,Available
6428,Mumbai,Bandra,2914298,555,1,2026-06-09,Sold
6429,Mumbai,Bandra,53036288,4251,3,2026-06-23,Pending
6430,Bengaluru,Electronic City,48342496,4127,3,2026-05-31,Sold
6431,Hyderabad,Madhapur,4511783,726,3,2026-05-08,Pending
6432,Mumbai,Andheri,65891303,4834,2,2026-05-23,Pending
6433,Pune,Hinjewadi,57054590,4555,5,2026-05-13,Available
6434,Chennai,OMR,29549008,3595,5,2026-06-03,Pending
6435,Pune,Kharadi,33057234,3797,5,2026-06-07,Sold
6436,Mumbai,Andheri,16514237,3839,5,2026-06-24,Sold
6437,Bengaluru,HSR Layout,25903780,4284,3,2026-04-15,Sold
6438,Chennai,OMR,46015842,3876,1,2026-04-20,Pending
6439,Hyderabad,Jubilee Hills,13094517,1054,3,2026-06-26,Sold
6440,Pune,Hinjewadi,3653910,507,2,2026-06-16,Pending
6441,Chennai,Anna Nagar,21978313,1957,1,2026-06-18,Sold
6442,Bengaluru,HSR Layout,29707741,3085,3,2026-06-12,Pending
6443,Mumbai,Thane,33907829,4111,2,2026-05-15,Pending
6444,Chennai,OMR,7273658,628,5,2026-04-19,Available
6445,Chennai,Adyar,9332288,736,2,2026-05-07,Available
6446,Hyderabad,Gachibowli,17388877,3435,5,2026-06-15,Sold
6447,Hyderabad,Banjara Hills,51147067,3654,4,2026-06-10,Sold
6448,Pune,Hinjewadi,26582840,3970,4,2026-06-30,Pending
6449,Hyderabad,Jubilee Hills,19983840,1889,3,2026-06-10,Sold
6450,Pune,Wakad,15441309,1904,1,2026-06-03,Available
6451,Pune,Kharadi,52917211,4208,2,2026-04-24,Sold
6452,Hyderabad,Banjara Hills,21069572,2699,2,2026-05-13,Available
6453,Bengaluru,HSR Layout,69257304,4681,2,2026-05-04,Pending
6454,Chennai,OMR,23089518,4088,5,2026-07-08,Sold
6455,Chennai,Adyar,3462096,980,1,2026-05-05,Sold
6456,Pune,Hinjewadi,8422435,666,1,2026-05-17,Sold
6457,Mumbai,Andheri,32098013,4655,5,2026-04-16,Sold
6458,Bengaluru,Electronic City,15489987,3060,2,2026-05-15,Available
6459,Mumbai,Bandra,51040282,3885,1,2026-06-28,Available
6460,Hyderabad,Kondapur,9668880,1342,3,2026-04-18,Sold
6461,Bengaluru,Whitefield,27724456,3544,2,2026-06-13,Sold
6462,Pune,Wakad,24418988,4543,4,2026-05-29,Pending
6463,Pune,Baner,8669912,739,3,2026-04-23,Sold
6464,Mumbai,Andheri,18816268,2004,2,2026-05-07,Pending
6465,Chennai,Velachery,41067287,3782,4,2026-05-07,Available
6466,Pune,Wakad,20754155,2114,3,2026-07-08,Sold
6467,Chennai,Adyar,62213750,4625,5,2026-06-15,Sold
6468,Bengaluru,Whitefield,12440722,1299,4,2026-06-20,Available
6469,Hyderabad,Miyapur,20692613,2587,3,2026-05-24,Available
6470,Mumbai,Bandra,22029965,1743,4,2026-04-10,Sold
6471,Hyderabad,Kukatpally,21360258,1731,4,2026-04-25,Sold
6472,Bengaluru,Electronic City,19661353,3041,2,2026-06-24,Sold
6473,Bengaluru,Electronic City,14871716,3008,1,2026-04-21,Sold
6474,Chennai,Adyar,51714680,4382,1,2026-06-23,Available
6475,Chennai,Adyar,15306823,1613,3,2026-04-19,Sold
6476,Mumbai,Thane,24044466,2312,1,2026-06-27,Sold
6477,Mumbai,Andheri,43479974,3860,1,2026-06-29,Pending
6478,Hyderabad,Kondapur,7251659,905,4,2026-05-24,Pending
6479,Bengaluru,HSR Layout,3376604,679,2,2026-05-15,Sold
6480,Bengaluru,Whitefield,21204835,1443,1,2026-04-17,Pending
6481,Pune,Hinjewadi,2957511,555,4,2026-04-23,Sold
6482,Chennai,Velachery,4823845,741,3,2026-04-24,Sold
6483,Mumbai,Bandra,53604160,4251,5,2026-06-16,Pending
6484,Hyderabad,Kukatpally,25483644,1693,5,2026-04-24,Available
6485,Bengaluru,Electronic City,21068569,2461,3,2026-04-21,Sold
6486,Hyderabad,Kondapur,19322159,2223,1,2026-07-09,Pending
6487,Pune,Wakad,5622906,931,5,2026-06-25,Available
6488,Chennai,Adyar,43333259,4189,2,2026-06-04,Pending
6489,Pune,Hinjewadi,30258030,2691,1,2026-05-05,Sold
6490,Bengaluru,Indiranagar,35781547,2436,4,2026-06-30,Pending
6491,Hyderabad,Kondapur,40724903,2897,5,2026-05-25,Available
6492,Mumbai,Bandra,25770719,2965,2,2026-06-13,Sold
6493,Pune,Baner,28979644,4504,4,2026-05-31,Pending
6494,Pune,Wakad,15449535,1994,3,2026-05-29,Sold
6495,Hyderabad,Miyapur,56809230,4398,4,2026-06-03,Pending
6496,Bengaluru,HSR Layout,42222091,4841,5,2026-05-26,Available
6497,Pune,Baner,4280572,661,3,2026-06-01,Available
6498,Pune,Wakad,42190427,4127,1,2026-05-19,Pending
6499,Bengaluru,HSR Layout,19135770,1370,2,2026-04-25,Available
6500,Pune,Hinjewadi,21259772,3059,4,2026-05-10,Available
6501,Pune,Hinjewadi,4202007,553,2,2026-04-21,Sold
6502,Mumbai,Powai,32431064,3159,4,2026-04-16,Pending
6503,Mumbai,Thane,17737858,2201,3,2026-06-08,Sold
6504,Mumbai,Bandra,55342134,4282,1,2026-06-08,Sold
6505,Bengaluru,HSR Layout,7753888,715,1,2026-06-23,Sold
6506,Pune,Baner,45427192,3194,4,2026-06-30,Pending
6507,Mumbai,Thane,6411581,1175,5,2026-05-05,Sold
6508,Bengaluru,Indiranagar,22411939,2389,5,2026-06-27,Sold
6509,Mumbai,Thane,38548160,4381,1,2026-05-09,Available
6510,Mumbai,Powai,38763563,4614,3,2026-06-17,Sold
6511,Chennai,Anna Nagar,22449750,2451,2,2026-05-30,Pending
6512,Bengaluru,Electronic City,40472428,4039,5,2026-06-26,Available
6513,Chennai,Anna Nagar,43209005,4146,3,2026-06-11,Pending
6514,Hyderabad,Miyapur,6682033,749,2,2026-04-13,Sold
6515,Pune,Kharadi,30363113,4436,5,2026-05-22,Available
6516,Pune,Kharadi,22599450,1749,1,2026-07-05,Sold
6517,Bengaluru,Indiranagar,18536152,1842,2,2026-06-16,Pending
6518,Mumbai,Thane,49338203,3683,3,2026-06-18,Available
6519,Chennai,Velachery,8754178,2242,4,2026-05-04,Pending
6520,Chennai,Adyar,31422020,3173,3,2026-06-24,Pending
6521,Mumbai,Bandra,18216695,1367,3,2026-06-27,Sold
6522,Hyderabad,Jubilee Hills,27555159,4154,3,2026-05-11,Available
6523,Pune,Hinjewadi,11955635,1777,1,2026-04-29,Available
6524,Pune,Hinjewadi,43669157,3139,5,2026-07-03,Pending
6525,Chennai,Velachery,22228180,3183,1,2026-06-25,Sold
6526,Mumbai,Andheri,9177609,837,1,2026-06-01,Sold
6527,Bengaluru,Electronic City,7145728,970,3,2026-04-29,Sold
6528,Pune,Hinjewadi,53479316,4613,2,2026-06-14,Sold
6529,Chennai,OMR,10976375,2773,4,2026-06-23,Pending
6530,Chennai,Velachery,52840478,4005,1,2026-04-19,Available
6531,Hyderabad,Kondapur,27809583,2579,5,2026-05-04,Sold
6532,Hyderabad,Kondapur,9532985,1949,5,2026-04-19,Available
6533,Bengaluru,Electronic City,11715421,2566,5,2026-07-06,Available
6534,Pune,Wakad,20936638,1972,1,2026-04-24,Pending
6535,Mumbai,Powai,26074288,1929,1,2026-06-10,Sold
6536,Hyderabad,Jubilee Hills,23632311,1875,1,2026-06-11,Available
6537,Bengaluru,Indiranagar,10663201,1063,1,2026-06-20,Available
6538,Hyderabad,Kukatpally,44043082,4029,3,2026-05-02,Sold
6539,Chennai,Velachery,20048911,1945,2,2026-04-29,Pending
6540,Chennai,OMR,54813002,4544,2,2026-05-26,Available
6541,Mumbai,Andheri,9678032,2242,5,2026-04-12,Sold
6542,Pune,Kharadi,19596005,1898,1,2026-06-04,Available
6543,Chennai,Velachery,6359077,1008,1,2026-05-05,Sold
6544,Hyderabad,Kukatpally,35567489,4580,4,2026-05-09,Sold
6545,Chennai,Anna Nagar,24238277,1777,1,2026-05-06,Available
6546,Hyderabad,Banjara Hills,58514316,4935,4,2026-04-20,Pending
6547,Chennai,Adyar,15313493,1649,2,2026-06-19,Available
6548,Hyderabad,Miyapur,32532056,2850,1,2026-05-28,Available
6549,Chennai,Adyar,2835020,539,1,2026-04-13,Pending
6550,Bengaluru,HSR Layout,9666186,754,5,2026-05-23,Pending
6551,Hyderabad,Madhapur,25408178,3619,1,2026-06-01,Pending
6552,Bengaluru,Electronic City,9321817,1120,3,2026-05-23,Sold
6553,Chennai,Anna Nagar,25199123,3425,5,2026-06-12,Sold
6554,Bengaluru,Whitefield,4313404,583,2,2026-05-02,Available
6555,Hyderabad,Madhapur,20336590,2846,5,2026-04-19,Available
6556,Hyderabad,Jubilee Hills,20850018,4812,2,2026-06-17,Sold
6557,Pune,Baner,43602083,3313,2,2026-05-06,Available
6558,Mumbai,Bandra,42621983,3680,5,2026-04-17,Pending
6559,Pune,Wakad,3204966,625,5,2026-06-12,Available
6560,Bengaluru,Whitefield,66173857,4657,3,2026-06-18,Pending
6561,Bengaluru,HSR Layout,8332125,1638,3,2026-05-12,Pending
6562,Hyderabad,Kukatpally,65295872,4500,4,2026-05-29,Available
6563,Mumbai,Thane,37099610,3581,5,2026-04-25,Pending
6564,Chennai,Adyar,12958292,921,2,2026-05-14,Pending
6565,Mumbai,Andheri,29398623,3217,5,2026-05-15,Sold
6566,Mumbai,Bandra,12477082,1352,2,2026-07-09,Pending
6567,Mumbai,Andheri,12252967,1923,2,2026-04-19,Pending
6568,Bengaluru,HSR Layout,39560605,4070,4,2026-06-21,Pending
6569,Mumbai,Powai,70120113,4814,2,2026-05-08,Sold
6570,Chennai,Adyar,56672810,4686,3,2026-07-01,Pending
6571,Bengaluru,Indiranagar,5230718,567,2,2026-06-20,Available
6572,Mumbai,Andheri,6826690,577,4,2026-06-26,Sold
6573,Mumbai,Thane,28714550,2091,3,2026-06-10,Sold
6574,Hyderabad,Banjara Hills,16784099,1807,4,2026-04-10,Sold
6575,Chennai,OMR,53551309,4994,3,2026-05-25,Pending
6576,Mumbai,Thane,18598125,4556,1,2026-05-26,Sold
6577,Chennai,Velachery,47025292,3981,5,2026-07-08,Sold
6578,Pune,Wakad,21570474,2838,2,2026-04-10,Pending
6579,Hyderabad,Madhapur,25350815,2952,4,2026-04-23,Available
6580,Hyderabad,Madhapur,27003383,2384,2,2026-05-10,Available
6581,Hyderabad,Miyapur,5219931,911,1,2026-07-04,Sold
6582,Bengaluru,Indiranagar,60187538,4740,2,2026-04-15,Pending
6583,Pune,Wakad,37992961,3498,1,2026-04-19,Pending
6584,Bengaluru,Whitefield,13807464,1632,1,2026-05-01,Available
6585,Hyderabad,Madhapur,23313660,1936,2,2026-05-21,Sold
6586,Chennai,Adyar,32045677,3512,4,2026-05-27,Pending
6587,Mumbai,Bandra,7175945,1395,4,2026-04-16,Sold
6588,Bengaluru,Indiranagar,18345931,1721,4,2026-06-02,Available
6589,Mumbai,Powai,21434230,3026,3,2026-05-09,Pending
6590,Hyderabad,Gachibowli,30696940,2397,5,2026-05-11,Sold
6591,Mumbai,Andheri,49522373,4147,4,2026-05-15,Available
6592,Chennai,Adyar,29763431,3906,4,2026-05-20,Pending
6593,Chennai,OMR,64771348,4502,4,2026-05-26,Pending
6594,Bengaluru,Whitefield,8126399,1496,4,2026-04-15,Pending
6595,Chennai,Adyar,12109591,1310,5,2026-06-05,Available
6596,Bengaluru,Indiranagar,13312796,2149,2,2026-06-06,Sold
6597,Hyderabad,Kondapur,32481649,3705,1,2026-05-19,Available
6598,Hyderabad,Jubilee Hills,58947030,4755,1,2026-04-14,Sold
6599,Hyderabad,Banjara Hills,4617296,629,5,2026-07-01,Pending
6600,Hyderabad,Kondapur,35964815,4756,5,2026-04-25,Available
6601,Hyderabad,Kukatpally,25896038,2101,1,2026-05-14,Pending
6602,Chennai,Adyar,43340579,4320,1,2026-06-19,Sold
6603,Hyderabad,Jubilee Hills,39591921,2731,5,2026-06-18,Sold
6604,Chennai,Adyar,36630733,2803,3,2026-05-30,Available
6605,Chennai,Adyar,17653991,1236,5,2026-04-30,Pending
6606,Hyderabad,Madhapur,7485467,560,4,2026-05-24,Sold
6607,Bengaluru,Indiranagar,60491965,4782,2,2026-07-08,Available
6608,Bengaluru,Whitefield,61295087,4390,2,2026-04-15,Available
6609,Mumbai,Andheri,31560949,4494,2,2026-05-20,Sold
6610,Hyderabad,Gachibowli,21269384,4361,5,2026-07-01,Pending
6611,Pune,Wakad,24555787,4359,4,2026-06-06,Pending
6612,Pune,Wakad,9065451,1562,2,2026-04-26,Available
6613,Bengaluru,Electronic City,12309210,2989,2,2026-05-07,Pending
6614,Pune,Kharadi,35606241,2389,4,2026-07-02,Sold
6615,Pune,Hinjewadi,25630749,4983,5,2026-04-22,Pending
6616,Bengaluru,Electronic City,8009008,768,4,2026-06-26,Available
6617,Chennai,Adyar,9725173,733,4,2026-06-27,Pending
6618,Mumbai,Bandra,17781888,2259,4,2026-04-21,Pending
6619,Pune,Wakad,17241285,1487,5,2026-05-23,Available
6620,Chennai,Velachery,9874190,857,4,2026-07-03,Available
6621,Hyderabad,Miyapur,46049619,3197,3,2026-06-02,Available
6622,Pune,Hinjewadi,13814425,1047,5,2026-05-08,Available
6623,Bengaluru,HSR Layout,39889125,3458,5,2026-07-06,Available
6624,Pune,Hinjewadi,54947917,4003,3,2026-05-30,Available
6625,Pune,Kharadi,18948757,3851,3,2026-04-22,Pending
6626,Chennai,Anna Nagar,5465720,769,3,2026-05-19,Pending
6627,Mumbai,Bandra,51690124,4672,3,2026-04-15,Sold
6628,Chennai,Velachery,24098098,3546,1,2026-06-12,Pending
6629,Mumbai,Andheri,4071329,649,2,2026-06-08,Available
6630,Hyderabad,Madhapur,48739913,3681,1,2026-05-24,Available
6631,Bengaluru,Electronic City,27150194,3509,1,2026-04-22,Pending
6632,Hyderabad,Miyapur,14562410,3264,1,2026-06-23,Pending
6633,Hyderabad,Kukatpally,36691700,4120,3,2026-04-29,Pending
6634,Pune,Wakad,10803371,913,5,2026-05-05,Available
6635,Bengaluru,HSR Layout,5803598,642,3,2026-04-10,Sold
6636,Chennai,OMR,63217482,4438,5,2026-04-18,Pending
6637,Chennai,Adyar,31888534,2124,1,2026-04-27,Sold
6638,Hyderabad,Madhapur,26896525,2971,1,2026-06-14,Available
6639,Hyderabad,Madhapur,15488091,1793,1,2026-06-08,Sold
6640,Bengaluru,Electronic City,13001627,2797,2,2026-04-18,Sold
6641,Chennai,OMR,13993413,1037,3,2026-06-20,Available
6642,Pune,Wakad,19950320,2028,2,2026-07-05,Available
6643,Hyderabad,Kondapur,21932316,2947,1,2026-05-04,Sold
6644,Bengaluru,Electronic City,12457036,2137,2,2026-06-23,Available
6645,Bengaluru,Whitefield,18589610,2224,5,2026-06-10,Available
6646,Chennai,Anna Nagar,23838787,2450,2,2026-06-01,Sold
6647,Hyderabad,Gachibowli,22344631,3351,2,2026-04-27,Available
6648,Hyderabad,Miyapur,20476565,2805,5,2026-05-09,Available
6649,Pune,Kharadi,24961737,4784,2,2026-07-09,Sold
6650,Mumbai,Andheri,28556814,2286,2,2026-04-15,Available
6651,Hyderabad,Kondapur,25807383,1804,4,2026-04-19,Sold
6652,Bengaluru,HSR Layout,26328342,3347,4,2026-05-13,Available
6653,Bengaluru,Whitefield,12131841,2114,5,2026-04-21,Pending
6654,Chennai,OMR,31226849,2081,5,2026-07-07,Available
6655,Bengaluru,Indiranagar,35534772,3763,2,2026-04-11,Sold
6656,Mumbai,Powai,6293760,618,3,2026-05-30,Available
6657,Chennai,Adyar,52009815,4086,4,2026-06-20,Pending
6658,Chennai,Adyar,24774343,2207,5,2026-04-29,Sold
6659,Chennai,Anna Nagar,37032683,2741,1,2026-04-11,Sold
6660,Hyderabad,Miyapur,22459986,1975,2,2026-04-17,Pending
6661,Mumbai,Bandra,9085735,643,1,2026-07-02,Available
6662,Pune,Kharadi,7920306,1438,1,2026-06-12,Sold
6663,Chennai,OMR,18891543,1586,3,2026-05-11,Pending
6664,Pune,Kharadi,6049561,959,1,2026-05-14,Sold
6665,Pune,Wakad,23280324,4362,3,2026-04-20,Sold
6666,Hyderabad,Kondapur,54611960,4786,2,2026-05-20,Sold
6667,Hyderabad,Miyapur,56460789,4096,3,2026-04-16,Sold
6668,Hyderabad,Jubilee Hills,15713737,2639,3,2026-04-29,Sold
6669,Mumbai,Bandra,23423329,3946,4,2026-04-23,Sold
6670,Chennai,Velachery,14215565,2910,5,2026-06-29,Available
6671,Chennai,Velachery,49920067,4927,4,2026-07-04,Available
6672,Pune,Kharadi,19353264,3636,3,2026-05-21,Pending
6673,Pune,Wakad,20205862,4523,2,2026-04-23,Pending
6674,Bengaluru,HSR Layout,7321651,570,1,2026-05-02,Available
6675,Mumbai,Bandra,37508082,2690,5,2026-06-03,Pending
6676,Hyderabad,Kukatpally,19484452,3446,4,2026-04-27,Sold
6677,Hyderabad,Madhapur,13165528,1499,5,2026-06-14,Pending
6678,Hyderabad,Miyapur,9966362,890,3,2026-05-15,Pending
6679,Chennai,Velachery,18967009,1839,4,2026-05-06,Pending
6680,Bengaluru,Electronic City,8266175,1364,2,2026-05-10,Available
6681,Bengaluru,HSR Layout,37753962,4465,2,2026-06-27,Pending
6682,Hyderabad,Miyapur,39416213,4701,2,2026-05-11,Sold
6683,Bengaluru,Indiranagar,10076102,1412,2,2026-04-29,Sold
6684,Chennai,Adyar,51994171,3887,5,2026-04-23,Sold
6685,Chennai,Anna Nagar,18037934,1423,4,2026-05-18,Available
6686,Bengaluru,Indiranagar,49017891,3690,5,2026-05-20,Pending
6687,Hyderabad,Kondapur,29058514,4130,5,2026-06-28,Sold
6688,Mumbai,Andheri,4245396,861,1,2026-04-13,Available
6689,Mumbai,Powai,41950588,3919,3,2026-04-15,Available
6690,Hyderabad,Banjara Hills,34532342,2452,1,2026-06-16,Pending
6691,Pune,Baner,52654795,3732,4,2026-05-21,Sold
6692,Hyderabad,Gachibowli,10409371,655,1,2026-06-22,Available
6693,Hyderabad,Banjara Hills,18549397,2726,1,2026-04-10,Available
6694,Pune,Wakad,29572383,2452,3,2026-04-17,Available
6695,Pune,Hinjewadi,35160700,3580,2,2026-05-31,Pending
6696,Pune,Kharadi,20261536,4690,2,2026-06-30,Pending
6697,Bengaluru,Whitefield,10266044,1670,1,2026-04-12,Pending
6698,Chennai,Adyar,8535385,1211,4,2026-05-27,Pending
6699,Bengaluru,Electronic City,12045809,1538,4,2026-06-19,Sold
6700,Hyderabad,Miyapur,28402701,1979,2,2026-06-13,Available
6701,Hyderabad,Jubilee Hills,18412115,3659,4,2026-06-24,Sold
6702,Bengaluru,Whitefield,7703601,1404,2,2026-05-13,Pending
6703,Chennai,Anna Nagar,53572639,3693,2,2026-07-04,Sold
6704,Chennai,Velachery,51091190,3936,4,2026-06-17,Sold
6705,Chennai,OMR,5129023,699,5,2026-06-28,Available
6706,Hyderabad,Banjara Hills,17775328,1317,2,2026-06-09,Pending
6707,Bengaluru,Indiranagar,23326598,3796,4,2026-04-15,Available
6708,Hyderabad,Banjara Hills,14126276,3070,1,2026-05-28,Available
6709,Mumbai,Andheri,12892993,1579,5,2026-05-03,Available
6710,Pune,Hinjewadi,11170216,988,5,2026-04-28,Available
6711,Chennai,Velachery,40879008,4549,1,2026-05-17,Sold
6712,Mumbai,Thane,26749844,4437,5,2026-06-21,Sold
6713,Bengaluru,Whitefield,27098687,4324,5,2026-05-17,Pending
6714,Pune,Kharadi,41210426,2758,5,2026-06-30,Sold
6715,Hyderabad,Kondapur,26969724,4397,5,2026-05-04,Available
6716,Bengaluru,Whitefield,34374888,4836,4,2026-04-14,Available
6717,Pune,Baner,8301616,745,4,2026-05-04,Pending
6718,Mumbai,Thane,36577866,4510,3,2026-04-19,Sold
6719,Bengaluru,Indiranagar,60371271,4330,2,2026-05-15,Available
6720,Bengaluru,Indiranagar,3973405,540,4,2026-06-30,Sold
6721,Mumbai,Bandra,54017220,4907,5,2026-04-17,Pending
6722,Pune,Baner,23268021,4957,2,2026-05-19,Available
6723,Chennai,OMR,43097727,3816,4,2026-04-18,Sold
6724,Pune,Hinjewadi,19893937,1882,4,2026-05-03,Sold
6725,Pune,Kharadi,30661705,2572,3,2026-05-17,Available
6726,Chennai,OMR,51856807,4888,5,2026-05-07,Pending
6727,Mumbai,Powai,13180414,901,3,2026-04-11,Available
6728,Hyderabad,Jubilee Hills,10937470,1202,2,2026-05-08,Pending
6729,Bengaluru,Whitefield,31190944,4417,3,2026-05-11,Sold
6730,Mumbai,Andheri,23866342,2729,3,2026-05-29,Pending
6731,Hyderabad,Jubilee Hills,21028388,2008,3,2026-05-20,Available
6732,Pune,Wakad,54644110,4135,1,2026-06-01,Available
6733,Bengaluru,Indiranagar,11179659,1589,4,2026-06-17,Pending
6734,Bengaluru,Indiranagar,36785633,3322,4,2026-06-01,Pending
6735,Hyderabad,Miyapur,11274300,1361,5,2026-05-05,Pending
6736,Hyderabad,Banjara Hills,17107360,1429,4,2026-07-03,Pending
6737,Mumbai,Andheri,12543089,1104,3,2026-05-29,Available
6738,Bengaluru,Whitefield,43021584,3524,2,2026-06-29,Available
6739,Bengaluru,Whitefield,23065534,4180,5,2026-05-30,Available
6740,Bengaluru,Whitefield,38996183,2892,1,2026-06-21,Sold
6741,Mumbai,Powai,8528962,2014,3,2026-04-11,Sold
6742,Chennai,Adyar,15041839,1667,4,2026-06-21,Available
6743,Mumbai,Thane,31782636,2514,2,2026-06-12,Available
6744,Hyderabad,Madhapur,20353519,1424,3,2026-04-28,Available
6745,Hyderabad,Gachibowli,29346087,2696,1,2026-04-28,Available
6746,Bengaluru,HSR Layout,38163129,4555,3,2026-06-02,Available
6747,Mumbai,Thane,60777478,4661,1,2026-05-15,Available
6748,Mumbai,Thane,27666900,2436,3,2026-05-29,Sold
6749,Mumbai,Powai,39165291,2813,1,2026-06-03,Sold
6750,Pune,Wakad,25870197,2633,2,2026-05-08,Available
6751,Bengaluru,Whitefield,53636679,3660,5,2026-05-22,Sold
6752,Bengaluru,Whitefield,22892598,3406,3,2026-07-07,Sold
6753,Mumbai,Bandra,25653148,2551,1,2026-05-27,Available
6754,Pune,Hinjewadi,11426959,1882,5,2026-05-11,Pending
6755,Hyderabad,Madhapur,42906310,4489,2,2026-04-16,Pending
6756,Bengaluru,Whitefield,19279308,4576,5,2026-06-09,Pending
6757,Chennai,Adyar,20778887,1637,4,2026-05-07,Sold
6758,Hyderabad,Miyapur,20087565,3413,4,2026-05-15,Pending
6759,Pune,Hinjewadi,15731279,2945,3,2026-04-18,Pending
6760,Bengaluru,Electronic City,13644753,1166,4,2026-04-17,Pending
6761,Hyderabad,Madhapur,24093345,4815,1,2026-04-28,Pending
6762,Mumbai,Thane,19647843,3516,2,2026-05-17,Available
6763,Hyderabad,Banjara Hills,17337783,2052,5,2026-06-15,Pending
6764,Chennai,Anna Nagar,42512140,3960,1,2026-06-04,Available
6765,Mumbai,Powai,34583520,4615,5,2026-06-06,Sold
6766,Hyderabad,Kondapur,29982349,3179,3,2026-05-08,Available
6767,Mumbai,Thane,10482166,1085,2,2026-06-20,Available
6768,Bengaluru,HSR Layout,24452615,2186,2,2026-05-04,Available
6769,Hyderabad,Madhapur,25954831,3319,1,2026-05-05,Sold
6770,Bengaluru,Whitefield,21185599,2693,4,2026-05-15,Sold
6771,Bengaluru,HSR Layout,9196464,2047,3,2026-05-18,Available
6772,Mumbai,Powai,44969472,3640,3,2026-05-08,Pending
6773,Chennai,Anna Nagar,23289403,3094,3,2026-05-31,Sold
6774,Chennai,OMR,18783215,1482,3,2026-05-22,Pending
6775,Pune,Hinjewadi,30537985,3415,3,2026-06-21,Available
6776,Chennai,OMR,50770815,4090,3,2026-05-11,Sold
6777,Pune,Kharadi,21276461,2130,3,2026-04-29,Pending
6778,Chennai,Anna Nagar,8726617,1011,4,2026-04-24,Sold
6779,Pune,Kharadi,12884162,1788,4,2026-06-15,Available
6780,Pune,Kharadi,56985291,4939,2,2026-07-04,Available
6781,Hyderabad,Kondapur,44319507,4267,5,2026-05-10,Sold
6782,Hyderabad,Miyapur,27551053,2197,4,2026-05-11,Available
6783,Pune,Wakad,37959871,4835,3,2026-07-01,Pending
6784,Bengaluru,Whitefield,7833490,723,4,2026-05-15,Sold
6785,Pune,Wakad,30140319,3715,1,2026-05-15,Available
6786,Mumbai,Powai,20539005,4037,4,2026-04-17,Sold
6787,Mumbai,Thane,10612702,1921,5,2026-04-24,Available
6788,Bengaluru,Whitefield,22054365,1588,2,2026-04-20,Pending
6789,Bengaluru,Indiranagar,58510254,4627,3,2026-05-27,Sold
6790,Mumbai,Powai,50757207,3623,4,2026-05-23,Available
6791,Bengaluru,Indiranagar,19318123,1331,5,2026-04-18,Sold
6792,Mumbai,Andheri,22384652,3323,4,2026-04-12,Available
6793,Pune,Hinjewadi,40858609,4010,1,2026-07-09,Available
6794,Hyderabad,Kondapur,17121150,2321,1,2026-04-18,Pending
6795,Chennai,Velachery,58603978,4674,5,2026-06-14,Available
6796,Bengaluru,Electronic City,40963906,4817,2,2026-05-25,Sold
6797,Hyderabad,Banjara Hills,19023295,3119,4,2026-04-19,Available
6798,Bengaluru,Indiranagar,13760902,1549,2,2026-06-14,Available
6799,Hyderabad,Banjara Hills,28019930,4742,1,2026-05-11,Pending
6800,Hyderabad,Jubilee Hills,10652023,1378,1,2026-05-22,Available
6801,Bengaluru,Electronic City,19184462,3920,1,2026-06-12,Pending
6802,Mumbai,Thane,8937763,597,4,2026-06-14,Sold
6803,Mumbai,Bandra,56593385,4913,4,2026-06-17,Pending
6804,Pune,Baner,19760560,3311,5,2026-07-02,Pending
6805,Pune,Wakad,13943534,1043,4,2026-04-13,Sold
6806,Pune,Hinjewadi,52685760,4954,1,2026-06-20,Pending
6807,Hyderabad,Jubilee Hills,4835053,611,4,2026-06-29,Sold
6808,Hyderabad,Kukatpally,31231662,3184,4,2026-06-07,Available
6809,Hyderabad,Jubilee Hills,17531109,3300,2,2026-06-15,Sold
6810,Bengaluru,Whitefield,5160735,876,4,2026-06-12,Pending
6811,Chennai,Adyar,7958296,1922,2,2026-04-29,Available
6812,Pune,Hinjewadi,14750880,2341,1,2026-07-07,Pending
6813,Hyderabad,Kukatpally,24460323,2814,5,2026-06-03,Available
6814,Mumbai,Andheri,61738735,4761,4,2026-05-06,Available
6815,Pune,Hinjewadi,22680801,3259,5,2026-06-23,Sold
6816,Bengaluru,Indiranagar,23977758,3415,1,2026-05-17,Pending
6817,Bengaluru,Indiranagar,21438863,2937,1,2026-06-20,Pending
6818,Bengaluru,HSR Layout,66858883,4578,5,2026-05-07,Pending
6819,Chennai,OMR,16646017,2171,3,2026-07-09,Available
6820,Hyderabad,Banjara Hills,8490822,1115,2,2026-05-11,Sold
6821,Chennai,OMR,10470689,1992,1,2026-05-21,Sold
6822,Hyderabad,Miyapur,55466780,4551,3,2026-05-12,Available
6823,Pune,Hinjewadi,19668684,3859,5,2026-04-14,Sold
6824,Mumbai,Andheri,49764411,3524,2,2026-06-28,Sold
6825,Chennai,Adyar,15870652,1784,3,2026-04-29,Sold
6826,Bengaluru,Whitefield,8568474,725,2,2026-04-24,Sold
6827,Hyderabad,Kukatpally,10242724,1067,3,2026-06-18,Available
6828,Bengaluru,HSR Layout,13125744,3043,3,2026-06-23,Sold
6829,Pune,Hinjewadi,6815237,1319,3,2026-07-04,Available
6830,Bengaluru,Whitefield,3797701,701,4,2026-04-18,Sold
6831,Mumbai,Bandra,16733367,3759,2,2026-04-21,Sold
6832,Hyderabad,Gachibowli,24618052,2197,1,2026-04-28,Pending
6833,Pune,Hinjewadi,54407101,3697,4,2026-06-11,Sold
6834,Mumbai,Thane,26409106,2107,2,2026-06-19,Sold
6835,Hyderabad,Jubilee Hills,49061130,4536,2,2026-05-13,Pending
6836,Pune,Kharadi,43655646,3022,2,2026-05-21,Pending
6837,Bengaluru,Whitefield,55779860,3989,3,2026-07-03,Available
6838,Bengaluru,Electronic City,53176438,4629,3,2026-06-02,Pending
6839,Pune,Baner,10359230,2244,4,2026-05-25,Available
6840,Chennai,Velachery,12611121,1999,4,2026-05-21,Sold
6841,Mumbai,Powai,18935347,3240,2,2026-04-21,Sold
6842,Hyderabad,Gachibowli,31976815,4030,1,2026-05-19,Sold
6843,Mumbai,Thane,26861697,2002,4,2026-04-16,Sold
6844,Hyderabad,Banjara Hills,15363585,1035,3,2026-06-01,Sold
6845,Mumbai,Powai,31361063,4981,5,2026-06-19,Available
6846,Hyderabad,Gachibowli,55798466,4430,3,2026-04-24,Sold
6847,Hyderabad,Jubilee Hills,17506563,2428,2,2026-05-01,Available
6848,Chennai,Adyar,56069901,3893,4,2026-05-24,Available
6849,Pune,Baner,45429712,4432,2,2026-06-21,Pending
6850,Pune,Wakad,51273309,4556,3,2026-06-08,Available
6851,Mumbai,Thane,11919722,2534,3,2026-06-10,Sold
6852,Chennai,Velachery,3307087,560,4,2026-05-12,Available
6853,Bengaluru,Indiranagar,29010026,3309,1,2026-06-27,Available
6854,Mumbai,Andheri,19039102,1511,2,2026-04-20,Pending
6855,Bengaluru,Indiranagar,28088601,2646,4,2026-06-10,Pending
6856,Bengaluru,Electronic City,20618699,3428,4,2026-05-04,Available
6857,Mumbai,Andheri,36281867,4428,1,2026-06-12,Sold
6858,Mumbai,Thane,70033277,4763,1,2026-06-05,Available
6859,Hyderabad,Kondapur,48262788,3991,2,2026-06-28,Sold
6860,Chennai,Velachery,30730285,2770,1,2026-06-18,Sold
6861,Mumbai,Powai,19409635,3281,3,2026-05-16,Pending
6862,Hyderabad,Kukatpally,21052385,1879,1,2026-05-27,Sold
6863,Hyderabad,Kukatpally,12448074,1942,5,2026-04-26,Available
6864,Chennai,Velachery,48997200,4769,1,2026-06-11,Sold
6865,Mumbai,Andheri,45160570,3434,1,2026-07-04,Sold
6866,Bengaluru,Indiranagar,52743194,4774,3,2026-07-09,Sold
6867,Pune,Kharadi,60404197,4564,5,2026-07-04,Available
6868,Chennai,Adyar,11569656,1518,4,2026-05-18,Sold
6869,Hyderabad,Madhapur,23850665,3742,4,2026-06-29,Pending
6870,Bengaluru,Indiranagar,22932552,2386,4,2026-06-28,Sold
6871,Mumbai,Powai,21964567,4950,1,2026-05-22,Available
6872,Mumbai,Powai,49809375,4898,2,2026-05-20,Available
6873,Chennai,Velachery,27184840,2629,4,2026-04-18,Available
6874,Pune,Baner,61419844,4172,1,2026-06-25,Available
6875,Mumbai,Powai,27041005,3582,2,2026-04-27,Pending
6876,Mumbai,Powai,51691623,4752,5,2026-05-07,Available
6877,Hyderabad,Banjara Hills,24192520,1764,1,2026-04-28,Sold
6878,Bengaluru,HSR Layout,39728263,3086,3,2026-05-26,Sold
6879,Mumbai,Thane,32818976,3887,1,2026-06-12,Pending
6880,Mumbai,Powai,26742068,2546,4,2026-05-08,Available
6881,Hyderabad,Kondapur,3813320,596,1,2026-06-04,Pending
6882,Chennai,OMR,42940429,3590,5,2026-06-13,Sold
6883,Hyderabad,Miyapur,8192159,1562,2,2026-04-20,Available
6884,Chennai,OMR,10181483,1894,3,2026-07-02,Available
6885,Chennai,Anna Nagar,7793201,912,3,2026-05-11,Sold
6886,Chennai,Velachery,2374638,523,2,2026-04-30,Pending
6887,Bengaluru,Electronic City,45436288,3314,2,2026-05-21,Pending
6888,Pune,Wakad,20320467,1386,2,2026-06-20,Pending
6889,Chennai,Anna Nagar,40096793,3454,5,2026-05-28,Available
6890,Pune,Baner,10143120,1071,4,2026-05-19,Sold
6891,Mumbai,Powai,43543556,4810,2,2026-04-13,Pending
6892,Bengaluru,Indiranagar,27465270,4996,1,2026-06-14,Pending
6893,Hyderabad,Kondapur,23667248,2859,2,2026-07-02,Pending
6894,Chennai,Adyar,9104794,695,3,2026-07-02,Sold
6895,Chennai,Velachery,13555496,1525,4,2026-04-21,Sold
6896,Chennai,Velachery,49925169,4897,1,2026-06-26,Sold
6897,Bengaluru,HSR Layout,64221004,4984,3,2026-05-22,Sold
6898,Bengaluru,Whitefield,66901214,4463,4,2026-06-29,Pending
6899,Mumbai,Powai,38443617,3655,3,2026-06-25,Available
6900,Mumbai,Powai,31195868,2106,1,2026-05-30,Available
6901,Chennai,OMR,27405437,3867,4,2026-06-28,Pending
6902,Mumbai,Thane,36631543,4088,3,2026-05-06,Sold
6903,Bengaluru,Whitefield,27675831,4597,1,2026-05-07,Available
6904,Pune,Baner,31163146,2322,5,2026-07-07,Pending
6905,Hyderabad,Gachibowli,54734230,4145,4,2026-04-11,Pending
6906,Hyderabad,Jubilee Hills,6948848,664,2,2026-04-28,Available
6907,Pune,Wakad,11172564,736,1,2026-05-03,Sold
6908,Pune,Baner,40972118,3616,4,2026-06-09,Available
6909,Bengaluru,Indiranagar,42328519,3797,2,2026-06-27,Sold
6910,Pune,Wakad,63405694,4649,3,2026-04-19,Available
6911,Mumbai,Andheri,19592669,1930,1,2026-05-24,Sold
6912,Mumbai,Thane,14596036,1836,3,2026-06-20,Available
6913,Chennai,Velachery,13272586,1064,5,2026-06-26,Pending
6914,Hyderabad,Gachibowli,16796483,1264,5,2026-04-22,Available
6915,Hyderabad,Kukatpally,20076651,2006,5,2026-04-29,Available
6916,Bengaluru,Electronic City,34142359,4346,3,2026-04-14,Pending
6917,Mumbai,Bandra,21649656,4970,3,2026-07-09,Sold
6918,Chennai,Adyar,15094902,1185,4,2026-06-18,Available
6919,Pune,Baner,62111888,4817,4,2026-06-14,Available
6920,Bengaluru,Indiranagar,43126687,3562,5,2026-06-04,Available
6921,Chennai,Adyar,51851536,3784,3,2026-06-09,Sold
6922,Mumbai,Bandra,22740491,2711,2,2026-06-15,Pending
6923,Chennai,Adyar,15979235,1584,2,2026-05-04,Sold
6924,Mumbai,Powai,7502721,1021,3,2026-05-30,Pending
6925,Hyderabad,Gachibowli,17676413,3265,4,2026-05-17,Available
6926,Pune,Baner,42665942,4858,4,2026-07-06,Pending
6927,Chennai,Adyar,59806926,4073,5,2026-07-06,Sold
6928,Pune,Kharadi,13411599,2018,4,2026-06-12,Pending
6929,Mumbai,Powai,28310406,2824,5,2026-06-26,Sold
6930,Hyderabad,Banjara Hills,24624593,3311,3,2026-05-16,Available
6931,Bengaluru,HSR Layout,8175492,1920,5,2026-06-16,Available
6932,Pune,Kharadi,31777075,3351,5,2026-06-17,Available
6933,Pune,Baner,23041530,3713,4,2026-06-06,Sold
6934,Bengaluru,Indiranagar,19856227,1445,1,2026-05-23,Pending
6935,Hyderabad,Miyapur,7542835,820,2,2026-06-07,Sold
6936,Hyderabad,Gachibowli,18197915,3456,5,2026-05-03,Sold
6937,Pune,Wakad,28347501,4559,5,2026-05-31,Pending
6938,Pune,Hinjewadi,42955320,3177,4,2026-05-07,Available
6939,Bengaluru,Whitefield,31971232,4962,4,2026-06-16,Sold
6940,Bengaluru,Indiranagar,60212509,4280,4,2026-06-12,Available
6941,Chennai,Velachery,48062936,4977,1,2026-05-29,Available
6942,Hyderabad,Kondapur,30630577,3540,4,2026-04-19,Available
6943,Chennai,Velachery,19383018,2402,1,2026-04-16,Pending
6944,Pune,Wakad,22178631,1637,1,2026-06-03,Available
6945,Hyderabad,Jubilee Hills,37686211,2903,3,2026-06-09,Sold
6946,Mumbai,Bandra,16360368,3006,2,2026-06-13,Sold
6947,Hyderabad,Miyapur,30910902,3488,4,2026-06-10,Sold
6948,Chennai,Velachery,36283439,3693,1,2026-04-21,Sold
6949,Bengaluru,HSR Layout,11470879,1229,4,2026-06-14,Pending
6950,Chennai,OMR,7621498,1049,4,2026-05-29,Sold
6951,Bengaluru,Electronic City,28125183,2216,5,2026-05-27,Available
6952,Bengaluru,Whitefield,31235619,4836,3,2026-05-11,Sold
6953,Mumbai,Andheri,31818022,3284,2,2026-04-20,Sold
6954,Bengaluru,Indiranagar,10366821,1171,1,2026-04-14,Pending
6955,Bengaluru,Whitefield,24158468,1743,1,2026-07-08,Available
6956,Hyderabad,Miyapur,40665103,2703,2,2026-06-28,Pending
6957,Mumbai,Powai,34205292,2691,2,2026-04-16,Sold
6958,Hyderabad,Miyapur,22538039,2713,4,2026-04-12,Available
6959,Mumbai,Bandra,35621356,4016,5,2026-05-24,Available
6960,Bengaluru,HSR Layout,22953483,3694,4,2026-06-16,Sold
6961,Pune,Baner,52606327,3992,1,2026-04-18,Pending
6962,Hyderabad,Miyapur,25732154,3599,5,2026-04-25,Sold
6963,Hyderabad,Banjara Hills,19452132,3554,2,2026-05-08,Available
6964,Mumbai,Powai,62950901,4582,5,2026-05-25,Pending
6965,Mumbai,Andheri,11926478,1836,5,2026-06-15,Sold
6966,Bengaluru,Electronic City,29735473,2813,1,2026-05-21,Available
6967,Bengaluru,HSR Layout,60920424,4364,2,2026-04-13,Pending
6968,Hyderabad,Gachibowli,34301533,3295,4,2026-05-30,Available
6969,Chennai,OMR,48556504,4811,2,2026-05-31,Available
6970,Bengaluru,HSR Layout,5914643,1127,3,2026-05-28,Available
6971,Mumbai,Andheri,33990639,4215,4,2026-06-25,Pending
6972,Bengaluru,Electronic City,15713705,1211,5,2026-06-14,Available
6973,Mumbai,Thane,32381481,3633,5,2026-05-17,Sold
6974,Chennai,Adyar,12956840,2512,3,2026-04-22,Pending
6975,Chennai,OMR,38409805,2951,5,2026-06-21,Available
6976,Mumbai,Andheri,43509304,4051,1,2026-05-23,Available
6977,Mumbai,Bandra,26476385,2368,4,2026-05-08,Available
6978,Hyderabad,Miyapur,8260201,942,1,2026-06-22,Pending
6979,Mumbai,Thane,38878816,3396,3,2026-06-29,Pending
6980,Chennai,OMR,13803224,1020,4,2026-04-11,Available
6981,Pune,Wakad,12955565,3002,3,2026-05-08,Sold
6982,Chennai,Velachery,7896389,1139,2,2026-04-20,Pending
6983,Bengaluru,HSR Layout,18262379,4276,3,2026-05-17,Sold
6984,Chennai,OMR,10763762,2218,2,2026-05-18,Pending
6985,Bengaluru,HSR Layout,63497722,4781,2,2026-05-01,Pending
6986,Bengaluru,Electronic City,41210254,3198,1,2026-06-15,Sold
6987,Chennai,Velachery,4254572,630,1,2026-04-30,Available
6988,Hyderabad,Gachibowli,14738584,954,4,2026-04-18,Available
6989,Bengaluru,Indiranagar,9319628,1391,3,2026-05-07,Sold
6990,Pune,Baner,11096957,789,1,2026-06-04,Sold
6991,Bengaluru,Electronic City,14361431,2415,2,2026-06-28,Available
6992,Bengaluru,Whitefield,30674387,2150,1,2026-06-01,Pending
6993,Hyderabad,Gachibowli,24956071,2598,1,2026-04-26,Pending
6994,Bengaluru,HSR Layout,8828430,1383,2,2026-05-28,Sold
6995,Mumbai,Andheri,27383545,3128,1,2026-04-20,Pending
6996,Bengaluru,Whitefield,47535808,4493,3,2026-04-13,Sold
6997,Bengaluru,Indiranagar,20750025,1751,3,2026-04-21,Sold
6998,Chennai,OMR,23912308,1612,4,2026-05-14,Pending
6999,Pune,Wakad,9202777,854,3,2026-05-17,Available
7000,Hyderabad,Banjara Hills,35150611,3614,5,2026-06-05,Pending
7001,Hyderabad,Gachibowli,12374368,1234,2,2026-05-01,Sold
7002,Mumbai,Powai,23038762,2266,2,2026-04-19,Available
7003,Chennai,Adyar,23643347,2718,5,2026-05-06,Available
7004,Mumbai,Andheri,42695805,4717,1,2026-04-10,Sold
7005,Bengaluru,Indiranagar,35396259,4560,3,2026-05-27,Sold
7006,Mumbai,Andheri,27860417,3239,3,2026-07-07,Sold
7007,Hyderabad,Madhapur,25030179,2982,3,2026-04-28,Sold
7008,Hyderabad,Banjara Hills,23246825,1721,1,2026-06-14,Available
7009,Bengaluru,Indiranagar,12645599,897,3,2026-06-25,Pending
7010,Bengaluru,Indiranagar,29087605,3712,4,2026-05-08,Sold
7011,Mumbai,Thane,4099186,586,2,2026-04-30,Available
7012,Pune,Baner,35260606,4711,3,2026-04-18,Sold
7013,Mumbai,Bandra,14717259,2416,1,2026-05-20,Pending
7014,Bengaluru,HSR Layout,47442250,3458,2,2026-05-09,Sold
7015,Pune,Wakad,15696203,1509,4,2026-06-16,Sold
7016,Chennai,OMR,18318207,4103,4,2026-07-05,Available
7017,Mumbai,Powai,51594032,4384,1,2026-04-21,Available
7018,Hyderabad,Kukatpally,40168391,2752,5,2026-07-06,Available
7019,Chennai,Anna Nagar,58130580,4428,3,2026-06-25,Pending
7020,Hyderabad,Miyapur,27479796,3334,5,2026-06-20,Pending
7021,Hyderabad,Kukatpally,68402340,4607,3,2026-05-13,Pending
7022,Bengaluru,Indiranagar,27718713,3242,4,2026-05-03,Available
7023,Pune,Wakad,16137604,1483,1,2026-04-19,Pending
7024,Chennai,OMR,34694575,2921,2,2026-04-20,Pending
7025,Mumbai,Bandra,41397277,4453,3,2026-04-30,Pending
7026,Bengaluru,Whitefield,25178804,2574,5,2026-05-27,Pending
7027,Pune,Wakad,32866166,2851,2,2026-04-18,Pending
7028,Mumbai,Powai,48126244,4839,1,2026-06-04,Available
7029,Pune,Hinjewadi,5417741,1098,1,2026-05-09,Available
7030,Hyderabad,Kondapur,46199237,3115,5,2026-06-25,Available
7031,Mumbai,Bandra,18012748,1246,4,2026-06-27,Available
7032,Bengaluru,Electronic City,14193186,1760,1,2026-07-01,Pending
7033,Pune,Wakad,35629792,3109,2,2026-05-19,Available
7034,Pune,Hinjewadi,13502398,3419,3,2026-04-25,Sold
7035,Chennai,Velachery,50389089,4449,3,2026-05-12,Sold
7036,Hyderabad,Kukatpally,58284268,4472,2,2026-04-20,Available
7037,Hyderabad,Kukatpally,14895496,2031,1,2026-05-28,Pending
7038,Pune,Baner,9149576,1635,2,2026-05-10,Available
7039,Pune,Kharadi,17199616,1304,2,2026-06-24,Sold
7040,Bengaluru,Electronic City,13208833,1397,4,2026-06-10,Available
7041,Chennai,Velachery,63737478,4319,3,2026-05-27,Sold
7042,Mumbai,Andheri,33513594,3714,5,2026-05-23,Sold
7043,Pune,Kharadi,47843680,3240,5,2026-04-15,Pending
7044,Mumbai,Bandra,35407721,3457,3,2026-06-20,Pending
7045,Pune,Kharadi,33029029,2436,2,2026-06-13,Available
7046,Chennai,Adyar,28281956,3515,1,2026-07-05,Available
7047,Chennai,Velachery,16590646,2356,1,2026-06-14,Pending
7048,Pune,Baner,16279383,1767,1,2026-05-02,Pending
7049,Pune,Hinjewadi,46042101,3978,1,2026-07-04,Available
7050,Mumbai,Bandra,12601283,961,2,2026-04-20,Sold
7051,Bengaluru,Whitefield,10708140,1348,5,2026-05-29,Available
7052,Hyderabad,Madhapur,25718622,3344,4,2026-06-23,Available
7053,Hyderabad,Kondapur,7687559,1175,1,2026-05-23,Pending
7054,Pune,Baner,8222875,1609,4,2026-04-13,Sold
7055,Hyderabad,Kondapur,29852385,4455,5,2026-05-24,Available
7056,Pune,Wakad,15257762,1652,3,2026-06-04,Sold
7057,Hyderabad,Kondapur,27591105,4059,4,2026-05-18,Sold
7058,Pune,Wakad,46738296,3787,5,2026-06-09,Available
7059,Mumbai,Thane,17982255,3861,1,2026-06-12,Pending
7060,Hyderabad,Madhapur,31378966,2256,2,2026-07-06,Sold
7061,Hyderabad,Kukatpally,29772113,3564,5,2026-06-27,Available
7062,Bengaluru,Indiranagar,10938757,2730,1,2026-05-10,Pending
7063,Mumbai,Bandra,14112011,2177,3,2026-05-25,Available
7064,Bengaluru,HSR Layout,21261667,2059,2,2026-07-09,Pending
7065,Mumbai,Thane,29617703,2515,4,2026-05-30,Sold
7066,Chennai,Velachery,25305852,2002,2,2026-06-02,Sold
7067,Hyderabad,Madhapur,7711706,608,1,2026-06-16,Pending
7068,Hyderabad,Gachibowli,9826683,833,5,2026-06-21,Available
7069,Pune,Hinjewadi,34771165,4402,4,2026-05-31,Pending
7070,Hyderabad,Miyapur,7442721,623,2,2026-05-19,Available
7071,Pune,Baner,32711474,4515,1,2026-04-18,Pending
7072,Chennai,Adyar,52314609,4158,1,2026-06-07,Available
7073,Hyderabad,Gachibowli,18393458,2687,2,2026-06-23,Pending
7074,Hyderabad,Banjara Hills,26238463,2521,1,2026-05-27,Sold
7075,Pune,Kharadi,17293988,1664,1,2026-05-08,Pending
7076,Bengaluru,Indiranagar,16953640,3508,3,2026-05-15,Pending
7077,Chennai,OMR,21174404,1926,5,2026-04-21,Sold
7078,Chennai,OMR,9965189,1443,2,2026-05-05,Available
7079,Mumbai,Bandra,31084043,4028,4,2026-05-30,Sold
7080,Hyderabad,Gachibowli,45578051,3938,1,2026-05-17,Pending
7081,Pune,Baner,35331792,3176,4,2026-07-07,Sold
7082,Chennai,Velachery,9055064,1951,4,2026-05-27,Available
7083,Pune,Wakad,38712102,3778,2,2026-04-16,Sold
7084,Pune,Wakad,28828700,2249,5,2026-06-27,Sold
7085,Bengaluru,HSR Layout,6974731,1252,5,2026-04-19,Sold
7086,Mumbai,Powai,19159224,1249,5,2026-07-06,Pending
7087,Chennai,OMR,19778067,2406,1,2026-06-13,Pending
7088,Bengaluru,Indiranagar,40778592,3513,4,2026-05-04,Sold
7089,Chennai,Adyar,11324210,2500,3,2026-05-19,Sold
7090,Bengaluru,Whitefield,40068022,2996,3,2026-07-09,Pending
7091,Bengaluru,Whitefield,27206405,1942,4,2026-05-20,Sold
7092,Chennai,OMR,9073966,678,3,2026-07-01,Pending
7093,Mumbai,Bandra,10194931,1492,3,2026-06-18,Available
7094,Chennai,OMR,33513115,4914,1,2026-04-20,Sold
7095,Chennai,Velachery,3581373,884,2,2026-05-13,Available
7096,Chennai,OMR,66962808,4896,5,2026-05-23,Pending
7097,Bengaluru,Indiranagar,16296371,1937,3,2026-06-11,Available
7098,Hyderabad,Banjara Hills,36504090,3192,3,2026-04-24,Sold
7099,Mumbai,Powai,23121187,4719,2,2026-06-12,Sold
7100,Chennai,Velachery,13587345,2993,4,2026-05-07,Available
7101,Pune,Hinjewadi,16202410,2614,2,2026-04-12,Sold
7102,Mumbai,Powai,35308403,4357,1,2026-05-10,Available
7103,Hyderabad,Miyapur,37465367,3998,2,2026-05-10,Sold
7104,Pune,Wakad,10471045,1197,1,2026-05-13,Pending
7105,Chennai,Adyar,7256801,712,2,2026-05-26,Pending
7106,Hyderabad,Jubilee Hills,51159226,4090,2,2026-06-26,Available
7107,Mumbai,Thane,34688213,3297,1,2026-04-23,Sold
7108,Chennai,Adyar,30201103,2314,2,2026-06-13,Pending
7109,Pune,Wakad,48571327,4375,5,2026-06-20,Pending
7110,Pune,Baner,5235532,1187,3,2026-06-20,Pending
7111,Pune,Hinjewadi,19960675,2954,3,2026-06-11,Sold
7112,Hyderabad,Madhapur,30933096,2284,1,2026-05-30,Pending
7113,Bengaluru,Whitefield,21883065,1872,2,2026-07-07,Pending
7114,Hyderabad,Miyapur,17769366,3302,2,2026-06-27,Available
7115,Pune,Wakad,11251792,838,4,2026-06-30,Sold
7116,Pune,Kharadi,2726782,538,2,2026-06-01,Available
7117,Bengaluru,Indiranagar,36136121,4852,1,2026-04-28,Sold
7118,Pune,Baner,21710349,3332,1,2026-06-01,Available
7119,Chennai,OMR,20364766,2754,1,2026-04-24,Sold
7120,Pune,Baner,5621068,822,1,2026-06-22,Available
7121,Chennai,Anna Nagar,5820358,828,2,2026-05-30,Pending
7122,Hyderabad,Banjara Hills,24480849,3293,4,2026-05-25,Available
7123,Mumbai,Andheri,29880364,4527,3,2026-07-08,Available
7124,Bengaluru,Indiranagar,9278277,1126,4,2026-06-23,Pending
7125,Mumbai,Thane,21813385,4237,2,2026-06-04,Available
7126,Mumbai,Andheri,27713362,3929,2,2026-05-28,Pending
7127,Mumbai,Andheri,10281358,2043,1,2026-06-06,Sold
7128,Hyderabad,Banjara Hills,27610064,2356,1,2026-05-24,Sold
7129,Pune,Wakad,6702329,754,2,2026-05-02,Sold
7130,Chennai,Anna Nagar,41005066,2771,2,2026-05-11,Pending
7131,Hyderabad,Gachibowli,40787139,3665,1,2026-05-04,Available
7132,Chennai,Adyar,39032333,2997,1,2026-07-02,Available
7133,Bengaluru,Whitefield,55087576,4435,5,2026-06-29,Sold
7134,Bengaluru,Indiranagar,35198984,3246,3,2026-06-05,Available
7135,Chennai,Anna Nagar,17454177,2890,4,2026-04-21,Available
7136,Chennai,OMR,32971590,2931,1,2026-05-27,Available
7137,Mumbai,Andheri,38217907,3831,1,2026-06-08,Sold
7138,Pune,Baner,47614152,3751,2,2026-05-13,Sold
7139,Bengaluru,Whitefield,19185342,2679,2,2026-06-22,Sold
7140,Bengaluru,Whitefield,20124833,2279,4,2026-06-03,Pending
7141,Chennai,Adyar,14887398,2448,1,2026-06-09,Sold
7142,Hyderabad,Gachibowli,22561442,4873,1,2026-06-18,Sold
7143,Pune,Baner,32675892,2838,5,2026-07-07,Available
7144,Mumbai,Powai,13282951,1096,1,2026-07-07,Available
7145,Mumbai,Bandra,24782145,1880,1,2026-05-05,Sold
7146,Pune,Wakad,16844131,3940,2,2026-06-14,Pending
7147,Chennai,OMR,38543581,3025,4,2026-04-30,Pending
7148,Mumbai,Andheri,33051882,2898,1,2026-06-24,Available
7149,Bengaluru,Electronic City,38736018,4095,5,2026-04-17,Pending
7150,Chennai,Velachery,26095366,3354,1,2026-06-05,Available
7151,Chennai,Velachery,12690255,2045,4,2026-04-22,Available
7152,Hyderabad,Banjara Hills,25607694,3173,4,2026-06-15,Available
7153,Bengaluru,HSR Layout,30587466,2234,5,2026-05-16,Sold
7154,Bengaluru,HSR Layout,54906190,4372,1,2026-06-26,Available
7155,Mumbai,Thane,29866038,2837,5,2026-07-07,Sold
7156,Bengaluru,Whitefield,8082016,1241,1,2026-05-06,Available
7157,Pune,Baner,14986314,1869,2,2026-06-18,Available
7158,Chennai,Velachery,47488635,3554,5,2026-04-20,Available
7159,Pune,Baner,25582498,4860,1,2026-05-06,Pending
7160,Bengaluru,Indiranagar,2841567,607,4,2026-07-06,Pending
7161,Mumbai,Andheri,35544829,4691,4,2026-04-14,Sold
7162,Bengaluru,Indiranagar,32136333,4452,3,2026-04-15,Available
7163,Hyderabad,Jubilee Hills,72835666,4938,2,2026-06-03,Pending
7164,Mumbai,Powai,11977872,1036,1,2026-04-22,Pending
7165,Bengaluru,Indiranagar,5066249,788,5,2026-05-12,Pending
7166,Pune,Hinjewadi,23915873,1691,4,2026-06-07,Sold
7167,Mumbai,Powai,63886575,4411,5,2026-07-03,Available
7168,Pune,Hinjewadi,18280642,1601,2,2026-06-25,Available
7169,Bengaluru,Whitefield,16231045,1556,5,2026-06-03,Pending
7170,Bengaluru,Whitefield,23824251,4089,4,2026-05-01,Available
7171,Bengaluru,Indiranagar,24086383,4346,1,2026-04-22,Available
7172,Chennai,Anna Nagar,21585892,2731,4,2026-05-23,Sold
7173,Hyderabad,Miyapur,23153350,4498,2,2026-05-22,Pending
7174,Chennai,Velachery,6724675,556,1,2026-05-21,Pending
7175,Bengaluru,Indiranagar,56248105,4753,3,2026-06-15,Pending
7176,Mumbai,Thane,22668334,4056,5,2026-05-13,Pending
7177,Mumbai,Thane,2606410,585,3,2026-04-23,Pending
7178,Bengaluru,HSR Layout,27477823,4355,4,2026-05-24,Available
7179,Chennai,Anna Nagar,21659014,1575,1,2026-05-03,Pending
7180,Chennai,Adyar,22432329,3582,3,2026-04-12,Available
7181,Pune,Baner,27758183,4835,2,2026-04-16,Available
7182,Hyderabad,Gachibowli,37302464,3580,5,2026-04-12,Pending
7183,Bengaluru,HSR Layout,29204478,2681,2,2026-04-15,Available
7184,Chennai,Anna Nagar,8819808,2071,1,2026-05-01,Sold
7185,Chennai,Anna Nagar,25033806,2116,4,2026-06-29,Sold
7186,Chennai,Adyar,33200083,3498,3,2026-06-22,Pending
7187,Bengaluru,Whitefield,27055159,4148,1,2026-06-26,Sold
7188,Hyderabad,Gachibowli,60234248,4256,5,2026-05-07,Sold
7189,Chennai,OMR,41594255,3835,2,2026-06-18,Sold
7190,Bengaluru,Indiranagar,18282223,2741,2,2026-05-27,Sold
7191,Chennai,Adyar,37530288,4838,1,2026-06-22,Pending
7192,Bengaluru,Electronic City,10893744,1126,4,2026-06-07,Pending
7193,Mumbai,Andheri,19777495,1591,2,2026-05-28,Sold
7194,Bengaluru,Indiranagar,40190902,3440,4,2026-05-07,Pending
7195,Hyderabad,Jubilee Hills,20319499,1852,4,2026-05-10,Available
7196,Chennai,Anna Nagar,26429166,3353,3,2026-06-25,Pending
7197,Pune,Kharadi,34604656,4750,1,2026-06-26,Available
7198,Bengaluru,Indiranagar,5431229,564,4,2026-04-28,Pending
7199,Bengaluru,Whitefield,46143493,3621,4,2026-07-05,Available
7200,Pune,Kharadi,35969862,2589,2,2026-06-10,Sold
7201,Pune,Wakad,5572114,922,4,2026-06-22,Available
7202,Bengaluru,Indiranagar,25174205,2895,5,2026-06-06,Available
7203,Chennai,OMR,50539631,4035,5,2026-04-24,Pending
7204,Mumbai,Andheri,22253784,2384,2,2026-06-26,Available
7205,Bengaluru,HSR Layout,36411398,2420,2,2026-05-14,Pending
7206,Bengaluru,HSR Layout,45373937,4970,1,2026-07-03,Available
7207,Hyderabad,Jubilee Hills,18890028,3417,2,2026-04-19,Available
7208,Bengaluru,HSR Layout,50379903,3335,4,2026-05-17,Pending
7209,Bengaluru,Indiranagar,22141072,3458,5,2026-05-27,Available
7210,Bengaluru,Electronic City,32967331,4881,3,2026-06-03,Sold
7211,Hyderabad,Kondapur,49488475,4841,5,2026-05-09,Pending
7212,Chennai,Anna Nagar,31396024,4646,3,2026-05-27,Pending
7213,Bengaluru,Indiranagar,32479836,2981,2,2026-06-18,Pending
7214,Hyderabad,Gachibowli,7886319,1158,2,2026-04-30,Available
7215,Bengaluru,Electronic City,43385525,3570,4,2026-06-20,Pending
7216,Chennai,Anna Nagar,30015453,3518,4,2026-05-25,Pending
7217,Hyderabad,Madhapur,4456961,817,2,2026-06-29,Sold
7218,Mumbai,Powai,21680935,3964,4,2026-05-25,Available
7219,Chennai,Anna Nagar,10668688,1513,4,2026-04-20,Pending
7220,Hyderabad,Kukatpally,16845704,1466,4,2026-04-10,Pending
7221,Hyderabad,Gachibowli,25858687,1959,4,2026-07-01,Available
7222,Mumbai,Andheri,46197876,4988,3,2026-07-03,Pending
7223,Mumbai,Thane,14668865,1631,4,2026-04-20,Sold
7224,Hyderabad,Madhapur,4932963,1214,3,2026-05-17,Pending
7225,Bengaluru,Whitefield,28545047,2121,2,2026-05-09,Sold
7226,Bengaluru,Whitefield,43619266,3007,4,2026-06-05,Sold
7227,Chennai,Velachery,24276093,2898,2,2026-06-12,Available
7228,Mumbai,Andheri,71390715,4774,1,2026-07-05,Sold
7229,Hyderabad,Banjara Hills,22968414,1759,1,2026-05-04,Pending
7230,Mumbai,Bandra,35040677,2819,2,2026-06-18,Available
7231,Mumbai,Thane,7286849,502,3,2026-06-08,Sold
7232,Bengaluru,Whitefield,18957549,1641,5,2026-04-25,Sold
7233,Chennai,Adyar,32875311,2214,2,2026-04-15,Available
7234,Bengaluru,Electronic City,45414671,3360,1,2026-04-22,Available
7235,Pune,Baner,29677599,2295,4,2026-04-13,Sold
7236,Bengaluru,Whitefield,52502310,4929,2,2026-05-01,Available
7237,Hyderabad,Madhapur,5537660,832,4,2026-06-24,Sold
7238,Pune,Kharadi,9101368,2340,5,2026-04-27,Available
7239,Bengaluru,Electronic City,29494841,3270,2,2026-05-18,Sold
7240,Chennai,Velachery,29787940,4550,1,2026-04-22,Sold
7241,Pune,Wakad,9777667,1158,2,2026-04-19,Available
7242,Bengaluru,Whitefield,35588211,3021,1,2026-06-20,Sold
7243,Bengaluru,Whitefield,32689219,4349,5,2026-05-07,Sold
7244,Hyderabad,Madhapur,17203530,1509,1,2026-07-08,Pending
7245,Pune,Hinjewadi,24298980,2244,5,2026-04-27,Available
7246,Bengaluru,Whitefield,19878635,1597,4,2026-06-02,Pending
7247,Chennai,Velachery,6229126,834,2,2026-07-03,Pending
7248,Pune,Kharadi,35764708,3352,5,2026-05-21,Sold
7249,Bengaluru,HSR Layout,9198357,1145,5,2026-04-30,Pending
7250,Pune,Baner,29234078,2674,5,2026-04-16,Available
7251,Mumbai,Powai,10464768,1139,4,2026-05-07,Available
7252,Bengaluru,Indiranagar,13634974,1997,1,2026-06-13,Sold
7253,Chennai,Adyar,30373032,4847,3,2026-07-05,Sold
7254,Mumbai,Andheri,24821594,4236,5,2026-04-24,Pending
7255,Chennai,Velachery,33223936,3038,4,2026-06-30,Available
7256,Mumbai,Andheri,72238370,4952,2,2026-06-19,Pending
7257,Hyderabad,Miyapur,12598638,2067,3,2026-04-27,Sold
7258,Bengaluru,Whitefield,24300168,1686,1,2026-04-10,Sold
7259,Bengaluru,Indiranagar,31665621,2706,1,2026-07-02,Sold
7260,Chennai,OMR,30924973,4680,3,2026-05-28,Sold
7261,Hyderabad,Banjara Hills,19688103,4995,4,2026-04-13,Sold
7262,Pune,Kharadi,49852746,4412,3,2026-06-01,Available
7263,Pune,Kharadi,31123405,3064,3,2026-05-15,Pending
7264,Chennai,OMR,20458757,3118,2,2026-05-17,Sold
7265,Mumbai,Thane,18498208,4418,3,2026-05-20,Sold
7266,Bengaluru,Indiranagar,10985410,1028,4,2026-05-11,Pending
7267,Hyderabad,Kukatpally,36025110,2784,1,2026-05-27,Pending
7268,Mumbai,Andheri,12756711,1585,5,2026-06-22,Available
7269,Pune,Kharadi,51049507,3692,4,2026-04-23,Available
7270,Mumbai,Thane,41376078,3047,3,2026-06-02,Pending
7271,Chennai,OMR,7824936,768,3,2026-05-19,Sold
7272,Pune,Baner,43634744,3086,4,2026-04-21,Available
7273,Mumbai,Bandra,51901552,4266,4,2026-05-03,Pending
7274,Bengaluru,Whitefield,48643282,4207,3,2026-04-20,Pending
7275,Bengaluru,Indiranagar,38023917,3065,4,2026-04-14,Sold
7276,Chennai,OMR,26802721,2458,4,2026-05-22,Available
7277,Pune,Baner,16124061,1538,3,2026-05-06,Available
7278,Mumbai,Thane,45746439,3758,4,2026-05-05,Sold
7279,Hyderabad,Banjara Hills,32744439,3458,2,2026-05-26,Available
7280,Pune,Wakad,51910042,4652,5,2026-05-14,Available
7281,Pune,Baner,22859170,1716,2,2026-04-28,Pending
7282,Bengaluru,Electronic City,13849100,1665,2,2026-05-10,Pending
7283,Bengaluru,Indiranagar,30174842,2610,2,2026-04-18,Available
7284,Mumbai,Andheri,25933818,4461,5,2026-06-08,Pending
7285,Mumbai,Thane,50765178,3715,1,2026-04-23,Available
7286,Chennai,Anna Nagar,30870251,3845,1,2026-07-02,Available
7287,Bengaluru,HSR Layout,24699547,4582,2,2026-05-18,Available
7288,Hyderabad,Madhapur,17478016,1219,5,2026-07-03,Sold
7289,Hyderabad,Gachibowli,9851686,956,3,2026-06-11,Sold
7290,Pune,Baner,20348314,4804,4,2026-04-13,Pending
7291,Chennai,OMR,20193317,4019,4,2026-05-13,Pending
7292,Bengaluru,Indiranagar,49722339,3676,1,2026-05-01,Sold
7293,Chennai,OMR,59580524,4819,3,2026-05-23,Pending
7294,Pune,Baner,16407694,1717,5,2026-04-21,Available
7295,Pune,Baner,10147828,1828,1,2026-07-04,Pending
7296,Hyderabad,Miyapur,43549351,4555,5,2026-06-28,Sold
7297,Chennai,OMR,20203156,1545,4,2026-04-19,Available
7298,Chennai,OMR,14381426,2203,4,2026-05-19,Pending
7299,Chennai,Anna Nagar,25007612,3985,1,2026-06-08,Available
7300,Mumbai,Bandra,29393358,2094,5,2026-07-07,Available
7301,Bengaluru,Whitefield,15076313,2584,5,2026-06-22,Pending
7302,Hyderabad,Madhapur,10613759,1765,3,2026-06-03,Sold
7303,Chennai,Adyar,48477823,3937,2,2026-06-24,Sold
7304,Hyderabad,Banjara Hills,5085026,731,5,2026-05-01,Available
7305,Hyderabad,Madhapur,29471863,4356,1,2026-04-24,Pending
7306,Bengaluru,Whitefield,15894676,1207,2,2026-06-03,Available
7307,Hyderabad,Banjara Hills,15161134,2091,3,2026-04-18,Sold
7308,Hyderabad,Banjara Hills,22024866,2533,5,2026-07-05,Sold
7309,Pune,Baner,27169714,2313,3,2026-05-30,Pending
7310,Hyderabad,Gachibowli,12035014,2774,4,2026-06-19,Pending
7311,Mumbai,Thane,22529492,3144,1,2026-04-24,Sold
7312,Mumbai,Andheri,57324118,3908,4,2026-04-27,Pending
7313,Pune,Baner,18506926,1734,1,2026-05-31,Available
7314,Mumbai,Thane,24190740,2270,1,2026-06-08,Available
7315,Chennai,Velachery,56317806,4733,3,2026-06-06,Pending
7316,Chennai,OMR,30189878,2490,5,2026-04-25,Sold
7317,Hyderabad,Banjara Hills,58501406,3975,5,2026-06-18,Pending
7318,Pune,Wakad,20733966,3788,4,2026-04-26,Sold
7319,Hyderabad,Jubilee Hills,21363916,2981,3,2026-06-03,Pending
7320,Hyderabad,Miyapur,45980201,4764,5,2026-06-08,Pending
7321,Bengaluru,Indiranagar,15859269,1452,2,2026-04-30,Available
7322,Hyderabad,Kondapur,31988690,4247,1,2026-05-31,Pending
7323,Hyderabad,Madhapur,36208449,3331,2,2026-04-28,Pending
7324,Pune,Wakad,10207041,1712,1,2026-07-06,Available
7325,Hyderabad,Gachibowli,21902359,2220,4,2026-05-27,Sold
7326,Chennai,OMR,22262737,1857,1,2026-04-16,Available
7327,Chennai,Velachery,18576611,1600,2,2026-05-18,Available
7328,Chennai,OMR,50854406,4040,2,2026-05-13,Sold
7329,Pune,Wakad,26792267,3023,5,2026-04-24,Sold
7330,Pune,Kharadi,30278551,3870,5,2026-07-05,Sold
7331,Chennai,OMR,27882740,2406,3,2026-04-27,Sold
7332,Pune,Hinjewadi,57572361,3928,1,2026-07-09,Pending
7333,Bengaluru,Whitefield,12027570,1132,1,2026-04-14,Available
7334,Chennai,Velachery,50862395,3896,3,2026-06-09,Sold
7335,Pune,Kharadi,6186918,931,2,2026-06-12,Sold
7336,Bengaluru,Electronic City,57081431,4515,4,2026-06-03,Pending
7337,Hyderabad,Kondapur,50473856,3706,5,2026-05-22,Pending
7338,Mumbai,Andheri,30508438,2139,1,2026-04-27,Available
7339,Mumbai,Thane,8787341,898,5,2026-07-08,Available
7340,Bengaluru,Electronic City,39017921,4745,3,2026-05-13,Pending
7341,Bengaluru,HSR Layout,30353996,2932,3,2026-05-08,Sold
7342,Bengaluru,Indiranagar,36171470,3951,5,2026-06-23,Pending
7343,Bengaluru,HSR Layout,38157584,3287,5,2026-07-08,Available
7344,Pune,Wakad,19520591,1477,1,2026-05-15,Pending
7345,Hyderabad,Jubilee Hills,17197914,1543,3,2026-04-22,Available
7346,Mumbai,Bandra,30328572,3790,3,2026-04-16,Sold
7347,Chennai,Velachery,54765363,4882,4,2026-04-21,Sold
7348,Mumbai,Andheri,9430635,1748,2,2026-05-27,Available
7349,Mumbai,Powai,28300517,3969,2,2026-04-12,Pending
7350,Mumbai,Bandra,39805108,3809,4,2026-06-07,Pending
7351,Chennai,Velachery,45549801,3691,2,2026-04-13,Available
7352,Mumbai,Thane,42672803,3803,1,2026-05-28,Available
7353,Chennai,OMR,23785170,3113,3,2026-04-15,Available
7354,Chennai,OMR,24912670,2757,3,2026-05-13,Pending
7355,Bengaluru,Indiranagar,40809916,4376,1,2026-06-13,Pending
7356,Hyderabad,Madhapur,70938916,4970,4,2026-06-28,Pending
7357,Chennai,Anna Nagar,48018041,4618,4,2026-05-02,Sold
7358,Mumbai,Thane,34000232,4649,1,2026-06-24,Sold
7359,Mumbai,Bandra,2662613,753,1,2026-05-01,Sold
7360,Mumbai,Thane,45376221,3501,5,2026-06-22,Available
7361,Chennai,Anna Nagar,18064509,2744,5,2026-05-06,Sold
7362,Hyderabad,Miyapur,50126961,4210,2,2026-06-17,Available
7363,Mumbai,Andheri,22359272,3693,4,2026-05-06,Pending
7364,Mumbai,Bandra,26271498,1837,2,2026-05-09,Available
7365,Mumbai,Andheri,20140369,2873,1,2026-06-04,Sold
7366,Mumbai,Powai,14087271,1053,4,2026-04-14,Sold
7367,Pune,Kharadi,4697823,547,2,2026-06-06,Pending
7368,Chennai,Anna Nagar,30072798,2215,3,2026-04-27,Sold
7369,Hyderabad,Madhapur,6572096,1214,5,2026-05-21,Pending
7370,Pune,Baner,38372801,2760,2,2026-04-28,Available
7371,Bengaluru,Indiranagar,21582057,3846,5,2026-05-24,Available
7372,Hyderabad,Jubilee Hills,30762546,2896,4,2026-07-08,Sold
7373,Chennai,Velachery,5903326,536,1,2026-06-01,Pending
7374,Bengaluru,Whitefield,7526231,1020,2,2026-05-23,Pending
7375,Pune,Kharadi,15177745,1373,1,2026-06-20,Available
7376,Chennai,OMR,10300544,2134,4,2026-05-01,Pending
7377,Chennai,Velachery,33827340,3259,3,2026-06-20,Sold
7378,Bengaluru,Electronic City,29588581,3417,1,2026-06-27,Pending
7379,Mumbai,Bandra,27347975,1927,2,2026-07-01,Sold
7380,Pune,Hinjewadi,40375023,4827,5,2026-06-17,Available
7381,Bengaluru,Indiranagar,11765519,1728,4,2026-06-07,Pending
7382,Mumbai,Powai,59547496,4572,1,2026-05-13,Pending
7383,Pune,Kharadi,13836408,2541,1,2026-06-07,Available
7384,Bengaluru,Electronic City,15318333,3037,2,2026-05-09,Available
7385,Mumbai,Powai,46982897,3522,2,2026-05-17,Available
7386,Pune,Hinjewadi,42393461,3725,3,2026-06-25,Sold
7387,Pune,Wakad,6173068,1613,5,2026-05-06,Sold
7388,Chennai,OMR,10390340,2005,1,2026-04-14,Pending
7389,Bengaluru,Indiranagar,49299810,3485,1,2026-05-03,Sold
7390,Pune,Wakad,38154469,2806,3,2026-05-15,Pending
7391,Bengaluru,Indiranagar,59343150,4375,3,2026-04-30,Available
7392,Hyderabad,Gachibowli,36190265,2475,3,2026-05-01,Pending
7393,Mumbai,Thane,11216981,1989,5,2026-06-01,Pending
7394,Chennai,Velachery,42179769,4727,1,2026-04-24,Available
7395,Pune,Hinjewadi,49462093,4145,5,2026-05-25,Pending
7396,Bengaluru,Indiranagar,36155337,3677,1,2026-05-05,Available
7397,Pune,Kharadi,25240517,2053,3,2026-05-20,Pending
7398,Mumbai,Powai,21296763,2135,5,2026-06-14,Sold
7399,Pune,Wakad,25383580,4264,5,2026-05-06,Sold
7400,Mumbai,Powai,23685955,2986,3,2026-05-06,Sold
7401,Hyderabad,Kukatpally,4750190,1134,3,2026-06-21,Available
7402,Mumbai,Bandra,45974668,3943,5,2026-04-20,Pending
7403,Bengaluru,Whitefield,12513972,1254,3,2026-05-22,Available
7404,Bengaluru,Whitefield,27865585,3171,3,2026-05-29,Pending
7405,Chennai,OMR,7872439,1728,5,2026-05-06,Pending
7406,Bengaluru,Whitefield,27820159,2209,1,2026-05-04,Pending
7407,Mumbai,Andheri,9224660,1788,5,2026-07-06,Pending
7408,Bengaluru,HSR Layout,60181514,4605,1,2026-07-01,Available
7409,Bengaluru,HSR Layout,66370670,4891,4,2026-05-24,Sold
7410,Hyderabad,Gachibowli,30732511,3276,3,2026-06-21,Sold
7411,Mumbai,Bandra,3401871,663,3,2026-07-07,Pending
7412,Chennai,OMR,19176259,2659,2,2026-06-17,Available
7413,Chennai,Velachery,11139910,1258,1,2026-05-30,Pending
7414,Chennai,Anna Nagar,30857854,4452,2,2026-04-12,Pending
7415,Bengaluru,Electronic City,2200381,587,3,2026-06-24,Available
7416,Hyderabad,Kukatpally,18015419,1514,4,2026-04-24,Pending
7417,Chennai,OMR,9258160,1189,3,2026-06-09,Available
7418,Hyderabad,Jubilee Hills,14596402,1140,2,2026-05-01,Available
7419,Pune,Kharadi,28534691,4715,3,2026-05-03,Sold
7420,Chennai,Anna Nagar,15905582,1090,2,2026-07-03,Sold
7421,Chennai,OMR,37838120,3074,2,2026-05-23,Available
7422,Hyderabad,Madhapur,7143463,1614,3,2026-05-07,Sold
7423,Mumbai,Bandra,17718154,3178,5,2026-04-14,Pending
7424,Mumbai,Andheri,46185642,4200,3,2026-05-03,Available
7425,Bengaluru,HSR Layout,16888326,1368,4,2026-06-21,Available
7426,Mumbai,Andheri,6074771,692,3,2026-05-25,Pending
7427,Pune,Kharadi,12588040,2369,4,2026-04-20,Pending
7428,Pune,Wakad,12792302,2056,5,2026-05-25,Pending
7429,Mumbai,Powai,48286851,3444,1,2026-06-27,Available
7430,Chennai,OMR,39142786,3106,5,2026-06-18,Available
7431,Mumbai,Andheri,23120764,1606,2,2026-06-06,Available
7432,Pune,Hinjewadi,8974743,1231,3,2026-04-23,Available
7433,Mumbai,Powai,49550802,3964,3,2026-05-05,Available
7434,Chennai,Anna Nagar,18789734,4115,4,2026-06-27,Available
7435,Chennai,Adyar,52287002,3626,5,2026-06-21,Sold
7436,Chennai,Anna Nagar,6750065,700,5,2026-04-24,Available
7437,Chennai,Adyar,17649481,1199,2,2026-07-02,Available
7438,Mumbai,Andheri,8085939,960,4,2026-06-16,Sold
7439,Hyderabad,Kondapur,31832665,4649,5,2026-05-12,Pending
7440,Pune,Wakad,25759085,4503,1,2026-05-06,Pending
7441,Mumbai,Thane,34072593,4784,4,2026-04-30,Available
7442,Hyderabad,Kukatpally,14534235,1162,1,2026-04-13,Available
7443,Mumbai,Andheri,42162903,3213,2,2026-06-28,Pending
7444,Hyderabad,Madhapur,12596911,1084,3,2026-06-30,Available
7445,Chennai,Velachery,43308575,4185,3,2026-06-26,Pending
7446,Chennai,Adyar,45836902,3571,2,2026-04-29,Available
7447,Mumbai,Powai,28654421,3080,1,2026-04-13,Pending
7448,Pune,Wakad,8601608,2021,2,2026-07-04,Available
7449,Bengaluru,HSR Layout,17642736,1260,1,2026-04-14,Available
7450,Mumbai,Andheri,31595621,4681,4,2026-04-17,Available
7451,Chennai,Velachery,21282420,2536,5,2026-06-23,Available
7452,Pune,Wakad,28616506,2652,4,2026-06-22,Pending
7453,Bengaluru,Whitefield,7796394,1076,2,2026-04-23,Sold
7454,Mumbai,Thane,9649609,1778,3,2026-05-14,Available
7455,Hyderabad,Banjara Hills,26429511,4716,3,2026-05-17,Sold
7456,Bengaluru,Indiranagar,24451572,3720,2,2026-06-24,Sold
7457,Mumbai,Powai,17787931,2636,2,2026-04-16,Sold
7458,Hyderabad,Kondapur,20500442,2064,4,2026-07-03,Pending
7459,Chennai,OMR,12002203,1621,5,2026-06-05,Available
7460,Bengaluru,Electronic City,2649809,713,1,2026-07-05,Sold
7461,Hyderabad,Kondapur,11951123,856,3,2026-06-01,Available
7462,Hyderabad,Kondapur,11315569,1276,5,2026-06-11,Pending
7463,Mumbai,Bandra,42888094,3427,4,2026-06-04,Available
7464,Pune,Wakad,8172265,1402,4,2026-06-18,Available
7465,Bengaluru,Whitefield,14770314,1308,4,2026-05-20,Pending
7466,Chennai,OMR,25286947,2205,2,2026-05-26,Pending
7467,Mumbai,Thane,12324238,2605,5,2026-07-01,Pending
7468,Chennai,Velachery,37470102,2534,1,2026-05-19,Sold
7469,Bengaluru,HSR Layout,44094178,4622,2,2026-06-04,Pending
7470,Hyderabad,Kukatpally,22749712,2118,4,2026-06-22,Available
7471,Bengaluru,Electronic City,24021375,2110,5,2026-05-19,Sold
7472,Bengaluru,HSR Layout,55579025,4238,4,2026-05-06,Available
7473,Bengaluru,Whitefield,28332956,2156,5,2026-04-18,Available
7474,Mumbai,Bandra,5658004,775,3,2026-04-26,Available
7475,Bengaluru,Indiranagar,14583061,1431,2,2026-06-28,Sold
7476,Pune,Wakad,14288672,1072,3,2026-04-15,Pending
7477,Chennai,OMR,19233228,1547,2,2026-06-17,Pending
7478,Pune,Hinjewadi,34132754,4944,2,2026-05-04,Sold
7479,Mumbai,Powai,28081921,3112,1,2026-04-24,Pending
7480,Hyderabad,Madhapur,11621859,1334,4,2026-06-26,Available
7481,Pune,Wakad,12913771,1046,2,2026-06-30,Available
7482,Pune,Baner,6778178,1506,2,2026-05-16,Pending
7483,Chennai,Adyar,26514120,2488,4,2026-06-08,Pending
7484,Chennai,Adyar,19852693,3600,4,2026-07-03,Pending
7485,Hyderabad,Miyapur,22552750,2796,5,2026-06-19,Available
7486,Pune,Kharadi,57407111,4450,5,2026-06-20,Available
7487,Pune,Kharadi,51484224,4285,4,2026-06-08,Sold
7488,Pune,Hinjewadi,26681163,4584,5,2026-06-28,Sold
7489,Pune,Hinjewadi,13373205,2879,5,2026-06-04,Pending
7490,Mumbai,Powai,4934383,557,1,2026-07-07,Available
7491,Mumbai,Andheri,30719780,3864,5,2026-06-07,Pending
7492,Chennai,Anna Nagar,38695951,4225,1,2026-06-15,Sold
7493,Chennai,Velachery,54292849,4204,2,2026-05-13,Sold
7494,Chennai,Adyar,21340958,1920,4,2026-05-24,Sold
7495,Hyderabad,Madhapur,43879416,3081,2,2026-07-09,Available
7496,Hyderabad,Banjara Hills,49385214,3323,4,2026-05-18,Available
7497,Bengaluru,HSR Layout,36455269,4430,1,2026-05-19,Pending
7498,Mumbai,Bandra,19511160,1343,5,2026-05-17,Sold
7499,Hyderabad,Banjara Hills,11345489,1138,2,2026-05-12,Pending
7500,Chennai,OMR,55283029,4432,1,2026-06-12,Sold
7501,Pune,Kharadi,5652620,592,1,2026-07-07,Available
7502,Hyderabad,Jubilee Hills,35178006,2430,3,2026-06-21,Pending
7503,Pune,Baner,22196310,2103,3,2026-05-12,Available
7504,Pune,Wakad,14484807,1254,3,2026-05-18,Sold
7505,Hyderabad,Gachibowli,29332879,4700,3,2026-05-15,Sold
7506,Mumbai,Andheri,52799687,4924,1,2026-06-18,Sold
7507,Mumbai,Thane,7826180,1153,5,2026-05-29,Sold
7508,Mumbai,Bandra,25567645,2173,2,2026-07-08,Available
7509,Pune,Kharadi,63846308,4947,4,2026-06-21,Available
7510,Hyderabad,Jubilee Hills,34098887,4792,5,2026-04-14,Sold
7511,Chennai,OMR,45268962,4166,1,2026-07-06,Available
7512,Chennai,OMR,58965462,4678,4,2026-04-28,Sold
7513,Bengaluru,HSR Layout,17431157,3274,3,2026-04-16,Available
7514,Chennai,OMR,26170188,1800,2,2026-05-04,Available
7515,Bengaluru,Electronic City,35374033,2955,4,2026-04-27,Sold
7516,Bengaluru,Indiranagar,15502676,1616,3,2026-06-06,Pending
7517,Bengaluru,Indiranagar,26489662,2556,2,2026-05-30,Pending
7518,Pune,Hinjewadi,58922990,3989,1,2026-05-14,Pending
7519,Chennai,Velachery,5128446,607,1,2026-06-09,Pending
7520,Mumbai,Andheri,62172268,4617,1,2026-05-28,Available
7521,Bengaluru,Indiranagar,14658866,952,5,2026-05-20,Available
7522,Chennai,Velachery,25712165,2802,5,2026-06-15,Sold
7523,Chennai,Adyar,24796584,2948,4,2026-06-09,Pending
7524,Bengaluru,HSR Layout,19152852,1566,3,2026-04-28,Available
7525,Bengaluru,Indiranagar,24541348,3363,1,2026-05-19,Sold
7526,Pune,Baner,16690665,1671,2,2026-04-18,Sold
7527,Hyderabad,Gachibowli,8079259,1912,5,2026-07-02,Pending
7528,Hyderabad,Kukatpally,59998201,4194,3,2026-06-29,Pending
7529,Bengaluru,Whitefield,11782501,971,3,2026-05-27,Pending
7530,Mumbai,Thane,33496575,4062,4,2026-04-27,Available
7531,Mumbai,Powai,41975632,2989,3,2026-07-08,Sold
7532,Chennai,Velachery,21783179,4182,5,2026-05-08,Pending
7533,Bengaluru,Whitefield,51741329,4597,5,2026-06-02,Pending
7534,Pune,Wakad,12549019,876,2,2026-06-01,Sold
7535,Pune,Wakad,48002478,3603,1,2026-05-12,Available
7536,Chennai,Velachery,34344329,3129,3,2026-07-05,Available
7537,Pune,Baner,15349411,1327,2,2026-06-28,Sold
7538,Chennai,OMR,20189779,2313,4,2026-05-21,Available
7539,Bengaluru,HSR Layout,6956208,959,1,2026-04-18,Available
7540,Pune,Wakad,49200702,3275,5,2026-04-20,Available
7541,Pune,Hinjewadi,40259697,4514,1,2026-06-02,Sold
7542,Mumbai,Thane,12080642,1144,1,2026-06-05,Pending
7543,Hyderabad,Gachibowli,8199614,1920,1,2026-07-09,Pending
7544,Chennai,Anna Nagar,44083556,4403,1,2026-04-12,Pending
7545,Chennai,Velachery,22343236,2816,1,2026-05-10,Sold
7546,Hyderabad,Gachibowli,3913938,751,5,2026-04-13,Sold
7547,Mumbai,Powai,39505805,4932,3,2026-05-30,Pending
7548,Chennai,Velachery,56679142,4614,2,2026-06-02,Sold
7549,Chennai,Adyar,38181540,4296,1,2026-05-07,Available
7550,Pune,Baner,45132309,4433,3,2026-06-27,Available
7551,Chennai,OMR,10710321,1529,5,2026-05-29,Sold
7552,Bengaluru,HSR Layout,55913274,3847,5,2026-05-14,Pending
7553,Chennai,Velachery,41721282,3704,3,2026-05-15,Pending
7554,Hyderabad,Banjara Hills,45500016,3920,2,2026-05-31,Available
7555,Mumbai,Thane,9469671,656,2,2026-05-13,Sold
7556,Chennai,Velachery,27983448,1983,1,2026-05-04,Sold
7557,Pune,Baner,10275535,959,3,2026-04-18,Pending
7558,Chennai,Adyar,40347340,2750,3,2026-05-25,Sold
7559,Hyderabad,Banjara Hills,16635785,1678,4,2026-05-11,Sold
7560,Hyderabad,Madhapur,26924863,1798,1,2026-05-23,Sold
7561,Bengaluru,HSR Layout,23466103,1814,3,2026-05-17,Sold
7562,Pune,Wakad,8472687,1202,4,2026-06-01,Pending
7563,Mumbai,Bandra,29459142,2630,2,2026-07-05,Pending
7564,Pune,Wakad,26566657,1874,5,2026-07-01,Sold
7565,Pune,Baner,13446963,1194,2,2026-05-30,Sold
7566,Mumbai,Thane,17082785,3266,3,2026-06-28,Pending
7567,Bengaluru,Indiranagar,37722413,2989,1,2026-04-20,Pending
7568,Bengaluru,Electronic City,12769573,1659,4,2026-07-07,Pending
7569,Chennai,Anna Nagar,31387231,4965,2,2026-04-18,Sold
7570,Chennai,Adyar,58534101,4205,4,2026-05-28,Pending
7571,Bengaluru,Indiranagar,37203434,2760,4,2026-04-24,Pending
7572,Pune,Wakad,4975427,1140,4,2026-05-25,Pending
7573,Hyderabad,Gachibowli,23463791,3455,1,2026-06-30,Pending
7574,Pune,Kharadi,33354752,3811,4,2026-05-02,Pending
7575,Bengaluru,Electronic City,16144657,2720,3,2026-04-23,Pending
7576,Chennai,Anna Nagar,33263492,4551,1,2026-05-06,Available
7577,Hyderabad,Kondapur,28273391,2245,3,2026-05-05,Pending
7578,Bengaluru,Electronic City,30196541,2543,3,2026-06-28,Sold
7579,Mumbai,Andheri,31352686,2565,3,2026-06-08,Sold
7580,Hyderabad,Kondapur,46912644,3332,1,2026-04-13,Sold
7581,Mumbai,Powai,22112010,1780,1,2026-05-08,Available
7582,Hyderabad,Kondapur,56794012,4060,5,2026-05-16,Pending
7583,Bengaluru,HSR Layout,18921886,2339,5,2026-06-30,Pending
7584,Hyderabad,Gachibowli,47088878,3922,4,2026-05-18,Sold
7585,Hyderabad,Jubilee Hills,12735878,1612,2,2026-05-28,Pending
7586,Chennai,Velachery,16367418,1203,3,2026-06-02,Pending
7587,Chennai,Velachery,43853897,3568,2,2026-06-18,Pending
7588,Chennai,Velachery,15596982,3713,5,2026-05-15,Available
7589,Bengaluru,Indiranagar,33637987,2330,1,2026-04-13,Available
7590,Chennai,OMR,14324546,3185,2,2026-07-08,Pending
7591,Chennai,Adyar,40921461,3098,2,2026-05-02,Sold
7592,Chennai,Anna Nagar,11228430,2141,3,2026-06-11,Available
7593,Pune,Kharadi,29324429,2936,5,2026-06-19,Pending
7594,Bengaluru,Indiranagar,34676263,4256,3,2026-05-04,Sold
7595,Hyderabad,Gachibowli,27220382,1837,1,2026-06-16,Pending
7596,Pune,Kharadi,40001724,3851,4,2026-04-11,Pending
7597,Chennai,Anna Nagar,47385597,4999,5,2026-07-04,Sold
7598,Hyderabad,Miyapur,5313998,717,1,2026-06-27,Sold
7599,Mumbai,Bandra,13138858,2089,1,2026-06-27,Available
7600,Mumbai,Bandra,23363881,2152,2,2026-05-02,Sold
7601,Pune,Hinjewadi,13917019,967,5,2026-04-14,Sold
7602,Hyderabad,Miyapur,13694945,930,2,2026-05-19,Sold
7603,Chennai,Anna Nagar,26903627,1943,4,2026-07-08,Available
7604,Pune,Baner,22594537,3019,3,2026-05-16,Available
7605,Mumbai,Thane,7496325,1120,5,2026-05-01,Sold
7606,Hyderabad,Miyapur,27657630,4772,3,2026-05-12,Available
7607,Pune,Baner,28784654,2578,1,2026-06-24,Sold
7608,Bengaluru,Electronic City,69059839,4963,4,2026-04-30,Pending
7609,Mumbai,Powai,7936756,1742,3,2026-07-04,Sold
7610,Mumbai,Andheri,23451112,1645,3,2026-05-13,Sold
7611,Pune,Kharadi,15737428,1639,5,2026-05-26,Pending
7612,Hyderabad,Jubilee Hills,18309222,2808,1,2026-04-25,Available
7613,Chennai,Velachery,28424233,3774,3,2026-04-11,Available
7614,Chennai,OMR,72727438,4964,3,2026-04-10,Available
7615,Bengaluru,HSR Layout,6222562,1044,2,2026-04-16,Sold
7616,Pune,Baner,21449804,2695,3,2026-06-04,Available
7617,Hyderabad,Gachibowli,44575308,4255,2,2026-05-25,Available
7618,Chennai,Adyar,42468077,3012,4,2026-06-24,Pending
7619,Pune,Kharadi,13581647,1399,5,2026-06-04,Available
7620,Mumbai,Bandra,32793044,2287,2,2026-04-24,Pending
7621,Pune,Baner,20757852,1932,1,2026-06-25,Pending
7622,Hyderabad,Jubilee Hills,22165663,3096,1,2026-04-27,Sold
7623,Bengaluru,Electronic City,29501221,4993,2,2026-04-22,Sold
7624,Chennai,Adyar,61611868,4662,2,2026-05-01,Pending
7625,Mumbai,Thane,18008708,2839,2,2026-05-03,Pending
7626,Hyderabad,Jubilee Hills,9161921,778,1,2026-05-18,Sold
7627,Hyderabad,Jubilee Hills,13551825,1370,5,2026-05-02,Sold
7628,Mumbai,Andheri,71184519,4849,2,2026-07-09,Available
7629,Mumbai,Thane,26760197,3385,4,2026-06-27,Sold
7630,Chennai,OMR,28908170,1973,2,2026-07-05,Pending
7631,Bengaluru,Whitefield,28031160,3203,1,2026-05-29,Pending
7632,Chennai,OMR,14722579,1005,5,2026-04-12,Pending
7633,Bengaluru,HSR Layout,4518846,587,5,2026-06-29,Pending
7634,Bengaluru,Electronic City,20517742,4383,4,2026-04-18,Pending
7635,Pune,Kharadi,30600328,2882,5,2026-05-31,Available
7636,Bengaluru,Whitefield,12412580,1160,1,2026-06-20,Available
7637,Hyderabad,Kondapur,11131765,1793,4,2026-05-26,Available
7638,Pune,Wakad,56748830,4540,3,2026-06-19,Sold
7639,Hyderabad,Miyapur,29283536,2855,2,2026-06-18,Pending
7640,Hyderabad,Madhapur,9079930,1781,1,2026-06-27,Available
7641,Hyderabad,Gachibowli,4505043,614,4,2026-04-30,Sold
7642,Hyderabad,Madhapur,36966100,3736,1,2026-06-02,Pending
7643,Bengaluru,Indiranagar,40380501,3150,2,2026-07-06,Sold
7644,Hyderabad,Madhapur,13652817,1048,4,2026-06-07,Available
7645,Chennai,Adyar,23972034,3325,1,2026-06-05,Sold
7646,Mumbai,Powai,31879735,3842,5,2026-05-20,Available
7647,Hyderabad,Madhapur,18871482,1794,2,2026-04-10,Available
7648,Bengaluru,Electronic City,11046683,1935,3,2026-04-20,Pending
7649,Chennai,Velachery,24425005,1656,2,2026-06-22,Pending
7650,Hyderabad,Madhapur,28189781,2045,5,2026-05-16,Available
7651,Bengaluru,HSR Layout,20950114,3127,5,2026-04-27,Sold
7652,Pune,Wakad,59932443,4133,3,2026-07-05,Sold
7653,Bengaluru,Electronic City,47895021,3605,3,2026-06-26,Sold
7654,Bengaluru,Electronic City,49032844,3703,2,2026-06-22,Sold
7655,Hyderabad,Kondapur,20069302,1388,1,2026-06-12,Pending
7656,Chennai,Anna Nagar,27576901,3548,1,2026-05-22,Pending
7657,Hyderabad,Madhapur,16884290,3784,4,2026-07-03,Available
7658,Chennai,Velachery,56230318,3779,2,2026-06-25,Pending
7659,Bengaluru,HSR Layout,20888517,1426,1,2026-05-10,Pending
7660,Mumbai,Bandra,45994787,4157,3,2026-07-08,Pending
7661,Chennai,OMR,11695877,1455,1,2026-04-17,Sold
7662,Chennai,Velachery,49953958,3464,4,2026-07-02,Sold
7663,Mumbai,Thane,19242913,2068,1,2026-04-19,Available
7664,Pune,Hinjewadi,20182652,3224,4,2026-06-15,Available
7665,Hyderabad,Gachibowli,8200913,585,2,2026-04-21,Available
7666,Bengaluru,Whitefield,32416977,2656,5,2026-06-20,Pending
7667,Hyderabad,Banjara Hills,61985950,4324,3,2026-06-06,Available
7668,Pune,Kharadi,37012572,3803,1,2026-06-26,Available
7669,Bengaluru,Electronic City,30522680,2286,5,2026-05-16,Available
7670,Pune,Hinjewadi,16779383,3263,2,2026-06-30,Sold
7671,Mumbai,Andheri,57228928,4157,3,2026-05-31,Available
7672,Pune,Hinjewadi,20551911,2895,2,2026-06-03,Pending
7673,Mumbai,Thane,25564744,3038,2,2026-06-09,Pending
7674,Mumbai,Andheri,13881086,1350,3,2026-05-18,Available
7675,Mumbai,Andheri,22118773,3257,4,2026-06-27,Available
7676,Bengaluru,HSR Layout,15450910,1163,1,2026-04-18,Pending
7677,Mumbai,Bandra,9887804,2351,1,2026-06-27,Available
7678,Mumbai,Thane,7587249,970,3,2026-04-27,Available
7679,Pune,Baner,11063037,1756,4,2026-04-15,Sold
7680,Mumbai,Andheri,4813343,888,3,2026-05-18,Pending
7681,Chennai,Velachery,25268462,1687,5,2026-05-09,Sold
7682,Pune,Baner,14768171,2714,4,2026-07-01,Sold
7683,Pune,Wakad,16149488,2066,2,2026-07-05,Sold
7684,Bengaluru,Whitefield,44933061,4722,5,2026-06-07,Sold
7685,Chennai,Anna Nagar,31043649,2105,2,2026-04-22,Pending
7686,Bengaluru,HSR Layout,28253531,4941,3,2026-04-15,Available
7687,Hyderabad,Kukatpally,43563117,4822,3,2026-06-17,Available
7688,Hyderabad,Madhapur,21393989,2270,1,2026-04-27,Available
7689,Pune,Wakad,32485627,2361,2,2026-07-08,Pending
7690,Pune,Hinjewadi,20729030,4856,3,2026-05-24,Sold
7691,Mumbai,Powai,15579831,3427,5,2026-06-24,Pending
7692,Chennai,Anna Nagar,7299153,598,4,2026-05-16,Pending
7693,Bengaluru,Electronic City,24863775,2452,5,2026-06-10,Available
7694,Mumbai,Thane,54184154,4109,1,2026-05-02,Pending
7695,Mumbai,Bandra,29899892,4343,2,2026-04-28,Sold
7696,Hyderabad,Banjara Hills,33042075,3941,1,2026-06-19,Pending
7697,Hyderabad,Kondapur,45687283,4081,2,2026-06-18,Sold
7698,Pune,Hinjewadi,41822831,3910,1,2026-06-29,Sold
7699,Mumbai,Thane,7331079,953,4,2026-06-18,Available
7700,Chennai,Velachery,58178012,4531,4,2026-05-17,Available
7701,Chennai,OMR,20954980,4038,2,2026-06-07,Available
7702,Bengaluru,Electronic City,6268915,1345,5,2026-04-11,Available
7703,Mumbai,Powai,6475683,658,1,2026-06-27,Available
7704,Mumbai,Powai,13332261,3308,4,2026-07-03,Sold
7705,Chennai,Anna Nagar,59883651,4141,1,2026-05-24,Sold
7706,Pune,Kharadi,37314562,4464,4,2026-05-08,Pending
7707,Mumbai,Thane,9586923,2318,5,2026-04-19,Available
7708,Chennai,Velachery,62224600,4569,5,2026-05-12,Pending
7709,Mumbai,Bandra,7901280,1225,3,2026-05-02,Available
7710,Hyderabad,Kukatpally,17352733,2656,5,2026-04-21,Pending
7711,Hyderabad,Kukatpally,31478566,3388,3,2026-06-13,Available
7712,Mumbai,Thane,16121847,1465,4,2026-05-24,Sold
7713,Mumbai,Thane,18767559,1882,4,2026-06-22,Available
7714,Chennai,OMR,18585723,1266,1,2026-04-16,Sold
7715,Pune,Wakad,25001770,3053,5,2026-04-25,Available
7716,Mumbai,Bandra,13100293,2490,4,2026-06-06,Available
7717,Hyderabad,Kukatpally,17796543,3137,1,2026-04-25,Sold
7718,Pune,Kharadi,25336146,2090,2,2026-05-14,Pending
7719,Hyderabad,Kukatpally,26363273,1920,2,2026-05-27,Sold
7720,Chennai,Anna Nagar,33615789,2703,1,2026-05-12,Pending
7721,Bengaluru,Whitefield,56477379,3987,2,2026-05-15,Pending
7722,Pune,Hinjewadi,7162407,1171,4,2026-05-22,Available
7723,Mumbai,Bandra,44717233,3497,5,2026-05-22,Sold
7724,Hyderabad,Kukatpally,13370879,1255,2,2026-05-30,Sold
7725,Mumbai,Thane,33830676,4129,2,2026-05-16,Pending
7726,Mumbai,Thane,16358830,1891,1,2026-04-18,Sold
7727,Pune,Hinjewadi,15658760,2220,3,2026-06-27,Pending
7728,Mumbai,Powai,61674588,4770,1,2026-04-28,Available
7729,Pune,Kharadi,8611910,653,1,2026-04-24,Sold
7730,Chennai,Anna Nagar,36289296,2830,5,2026-04-25,Available
7731,Pune,Hinjewadi,4612910,693,1,2026-04-27,Sold
7732,Pune,Baner,4231379,582,2,2026-06-15,Sold
7733,Mumbai,Powai,29344597,4351,1,2026-06-30,Sold
7734,Bengaluru,Whitefield,27146528,1831,5,2026-04-16,Sold
7735,Hyderabad,Madhapur,5632242,1022,3,2026-06-13,Sold
7736,Bengaluru,Whitefield,61227914,4340,2,2026-06-23,Pending
7737,Pune,Kharadi,52246721,3504,3,2026-05-01,Available
7738,Bengaluru,Electronic City,37955115,2702,1,2026-05-03,Pending
7739,Chennai,Velachery,64635438,4853,3,2026-06-24,Sold
7740,Mumbai,Bandra,21109392,1557,5,2026-05-07,Sold
7741,Hyderabad,Kondapur,21790783,3946,5,2026-05-02,Sold
7742,Bengaluru,HSR Layout,51189095,4898,5,2026-06-17,Sold
7743,Hyderabad,Jubilee Hills,53402104,3565,2,2026-04-27,Available
7744,Mumbai,Andheri,34474939,4522,3,2026-06-24,Pending
7745,Pune,Wakad,40764176,2942,1,2026-06-23,Available
7746,Mumbai,Powai,37803956,3585,1,2026-05-14,Sold
7747,Pune,Kharadi,30581336,2965,3,2026-07-03,Sold
7748,Mumbai,Powai,17096366,2200,4,2026-07-08,Available
7749,Bengaluru,HSR Layout,42416233,3285,4,2026-06-07,Available
7750,Mumbai,Bandra,36747555,2768,1,2026-06-29,Sold
7751,Pune,Baner,26833120,4155,4,2026-06-11,Pending
7752,Bengaluru,Electronic City,17349854,4069,3,2026-06-23,Pending
7753,Hyderabad,Jubilee Hills,44880356,3820,3,2026-06-13,Sold
7754,Pune,Kharadi,26992882,3756,2,2026-06-18,Available
7755,Chennai,Adyar,40808079,4860,5,2026-07-06,Pending
7756,Mumbai,Andheri,18412705,2600,2,2026-06-27,Sold
7757,Hyderabad,Gachibowli,17748523,3916,2,2026-06-06,Available
7758,Hyderabad,Kukatpally,23755226,3501,1,2026-04-28,Available
7759,Hyderabad,Gachibowli,7770904,662,4,2026-04-11,Available
7760,Pune,Hinjewadi,15861594,2066,4,2026-05-07,Available
7761,Chennai,OMR,19474784,1812,1,2026-04-12,Available
7762,Pune,Wakad,7343526,1260,2,2026-05-06,Sold
7763,Hyderabad,Madhapur,16631996,1123,3,2026-04-27,Pending
7764,Pune,Wakad,60510479,4548,5,2026-06-12,Available
7765,Hyderabad,Kondapur,20670770,3911,1,2026-06-08,Pending
7766,Pune,Kharadi,6060731,1039,3,2026-06-24,Available
7767,Pune,Hinjewadi,29905799,2067,4,2026-05-05,Pending
7768,Mumbai,Bandra,12157329,1461,1,2026-07-06,Pending
7769,Pune,Wakad,13062393,2042,5,2026-06-19,Available
7770,Bengaluru,Electronic City,25283388,4898,5,2026-04-27,Available
7771,Mumbai,Bandra,40786712,3030,5,2026-05-26,Sold
7772,Chennai,Adyar,19030006,1717,2,2026-05-25,Available
7773,Bengaluru,Electronic City,36821787,4996,1,2026-05-28,Pending
7774,Bengaluru,Whitefield,55650063,4038,2,2026-07-06,Sold
7775,Pune,Wakad,52996247,4338,2,2026-06-28,Pending
7776,Pune,Wakad,13513496,2366,3,2026-06-28,Sold
7777,Hyderabad,Madhapur,29494367,3310,5,2026-06-19,Pending
7778,Bengaluru,HSR Layout,38625219,2915,2,2026-05-19,Pending
7779,Pune,Baner,37716733,2589,4,2026-07-04,Available
7780,Hyderabad,Banjara Hills,21057356,4191,4,2026-06-17,Pending
7781,Chennai,Anna Nagar,18251272,2944,1,2026-06-04,Pending
7782,Hyderabad,Gachibowli,24159974,3391,3,2026-06-28,Pending
7783,Pune,Wakad,23005319,4914,1,2026-06-17,Pending
7784,Mumbai,Thane,46219865,4292,2,2026-07-01,Sold
7785,Pune,Baner,14607025,1645,1,2026-05-02,Available
7786,Bengaluru,Electronic City,34545256,4549,1,2026-04-24,Pending
7787,Mumbai,Bandra,7473392,1619,1,2026-05-27,Pending
7788,Chennai,Velachery,24685968,4587,5,2026-04-29,Pending
7789,Pune,Hinjewadi,37082283,3913,3,2026-06-06,Sold
7790,Hyderabad,Madhapur,30306175,2102,1,2026-05-27,Pending
7791,Pune,Kharadi,14579489,1633,5,2026-06-01,Sold
7792,Chennai,Anna Nagar,5895784,658,2,2026-05-15,Available
7793,Hyderabad,Banjara Hills,46057478,3187,3,2026-06-13,Sold
7794,Bengaluru,Whitefield,8646629,624,4,2026-04-22,Sold
7795,Mumbai,Bandra,8125754,645,1,2026-06-13,Sold
7796,Pune,Hinjewadi,36417119,2680,4,2026-05-12,Sold
7797,Hyderabad,Banjara Hills,27054588,4790,3,2026-07-09,Sold
7798,Bengaluru,HSR Layout,18489387,4377,3,2026-06-21,Sold
7799,Hyderabad,Jubilee Hills,54390614,4361,4,2026-05-14,Pending
7800,Pune,Wakad,42754809,3006,2,2026-07-08,Available
7801,Pune,Hinjewadi,38629452,3462,4,2026-05-07,Sold
7802,Chennai,Velachery,8606452,1613,4,2026-06-26,Sold
7803,Pune,Wakad,52665251,4737,1,2026-05-24,Available
7804,Hyderabad,Kukatpally,37326241,3570,3,2026-06-01,Sold
7805,Hyderabad,Kondapur,31380887,3053,1,2026-04-15,Pending
7806,Chennai,OMR,34088200,4438,2,2026-06-21,Sold
7807,Hyderabad,Jubilee Hills,14105058,2277,4,2026-04-28,Available
7808,Chennai,OMR,30488512,2130,1,2026-05-21,Available
7809,Pune,Hinjewadi,33042847,4641,2,2026-05-13,Sold
7810,Chennai,Velachery,25156367,1887,5,2026-04-20,Available
7811,Bengaluru,Whitefield,19632501,3190,1,2026-07-04,Available
7812,Chennai,Adyar,7723501,645,1,2026-05-06,Available
7813,Bengaluru,HSR Layout,4817075,1273,5,2026-07-02,Available
7814,Chennai,Anna Nagar,9213083,987,3,2026-06-01,Pending
7815,Pune,Kharadi,35486182,4491,2,2026-06-22,Pending
7816,Mumbai,Bandra,19487576,4641,4,2026-04-19,Pending
7817,Chennai,Anna Nagar,3899272,1056,3,2026-05-09,Available
7818,Bengaluru,Whitefield,12633747,2759,5,2026-06-05,Available
7819,Mumbai,Bandra,18136940,1754,3,2026-04-29,Pending
7820,Pune,Kharadi,13923941,1304,5,2026-06-05,Sold
7821,Mumbai,Powai,14302296,1084,5,2026-04-29,Pending
7822,Hyderabad,Miyapur,46440740,3477,4,2026-06-08,Available
7823,Mumbai,Bandra,39006814,4484,3,2026-05-29,Pending
7824,Pune,Baner,30515938,3087,3,2026-07-09,Available
7825,Bengaluru,Electronic City,12446145,1061,4,2026-07-09,Pending
7826,Hyderabad,Kondapur,11098750,844,2,2026-05-14,Available
7827,Chennai,Anna Nagar,18285070,3813,4,2026-05-15,Available
7828,Hyderabad,Jubilee Hills,29409811,3235,2,2026-04-14,Pending
7829,Pune,Kharadi,65016230,4435,4,2026-04-16,Available
7830,Bengaluru,Indiranagar,15817187,1672,3,2026-06-14,Sold
7831,Pune,Baner,56755328,4101,5,2026-04-10,Available
7832,Bengaluru,Electronic City,53485145,3680,5,2026-05-19,Sold
7833,Mumbai,Bandra,32525628,3146,5,2026-06-07,Pending
7834,Bengaluru,Indiranagar,7076727,1313,3,2026-06-04,Sold
7835,Pune,Wakad,14216703,1963,4,2026-07-04,Sold
7836,Mumbai,Thane,9355330,1775,3,2026-05-25,Sold
7837,Mumbai,Bandra,32149177,3025,1,2026-04-12,Available
7838,Pune,Baner,10411041,887,1,2026-04-23,Available
7839,Bengaluru,HSR Layout,22882928,1747,3,2026-04-25,Sold
7840,Bengaluru,Whitefield,47394736,4480,5,2026-05-11,Available
7841,Chennai,Adyar,20364988,2498,5,2026-04-27,Pending
7842,Mumbai,Andheri,40437090,2734,1,2026-05-31,Pending
7843,Bengaluru,HSR Layout,6243097,1126,2,2026-06-04,Available
7844,Bengaluru,Electronic City,19033087,4252,2,2026-04-16,Sold
7845,Bengaluru,Indiranagar,10506166,1422,3,2026-05-01,Pending
7846,Bengaluru,Electronic City,9958609,957,2,2026-05-26,Pending
7847,Hyderabad,Miyapur,32099338,2241,1,2026-05-01,Sold
7848,Pune,Baner,22624155,3449,2,2026-06-23,Available
7849,Mumbai,Bandra,32317428,3247,5,2026-05-03,Sold
7850,Mumbai,Bandra,30580673,3750,4,2026-05-17,Sold
7851,Mumbai,Andheri,33092166,3941,3,2026-04-16,Available
7852,Bengaluru,Electronic City,7105409,1003,4,2026-06-03,Pending
7853,Pune,Hinjewadi,19903409,1421,1,2026-04-17,Pending
7854,Chennai,OMR,23841432,2031,5,2026-05-16,Available
7855,Hyderabad,Miyapur,13278422,2323,4,2026-06-28,Sold
7856,Mumbai,Thane,42263858,4959,2,2026-06-28,Available
7857,Pune,Hinjewadi,33495727,3319,2,2026-05-15,Available
7858,Bengaluru,Electronic City,13377386,1056,3,2026-05-20,Pending
7859,Bengaluru,Electronic City,25266129,2157,2,2026-06-26,Pending
7860,Mumbai,Thane,14759281,1420,4,2026-04-11,Pending
7861,Pune,Hinjewadi,51906619,3830,1,2026-04-29,Sold
7862,Chennai,OMR,13264100,1015,2,2026-05-19,Sold
7863,Pune,Baner,16552999,1069,4,2026-04-12,Sold
7864,Pune,Kharadi,6614989,1128,5,2026-05-17,Sold
7865,Pune,Hinjewadi,12554860,2761,4,2026-04-17,Pending
7866,Pune,Kharadi,27311294,2308,5,2026-06-22,Pending
7867,Mumbai,Powai,8446363,1365,1,2026-07-07,Pending
7868,Bengaluru,Whitefield,16645533,1916,5,2026-05-04,Pending
7869,Pune,Hinjewadi,46205977,3908,5,2026-06-03,Available
7870,Pune,Baner,10904559,1061,1,2026-06-30,Sold
7871,Chennai,OMR,16755579,4026,2,2026-05-29,Sold
7872,Bengaluru,Electronic City,11888860,2381,2,2026-06-16,Available
7873,Pune,Hinjewadi,27638990,1980,1,2026-04-13,Sold
7874,Pune,Baner,4656565,525,4,2026-05-03,Pending
7875,Hyderabad,Gachibowli,20484837,4787,2,2026-04-24,Available
7876,Bengaluru,Whitefield,29438197,4228,2,2026-04-14,Pending
7877,Mumbai,Bandra,38912119,3597,5,2026-05-18,Sold
7878,Mumbai,Andheri,6947529,963,5,2026-05-24,Available
7879,Hyderabad,Gachibowli,11186843,1084,2,2026-06-18,Available
7880,Bengaluru,HSR Layout,14562897,1739,2,2026-04-30,Available
7881,Pune,Baner,11186809,839,2,2026-06-25,Sold
7882,Bengaluru,HSR Layout,12300813,2924,3,2026-04-23,Sold
7883,Chennai,Anna Nagar,4415432,753,3,2026-06-07,Sold
7884,Pune,Wakad,21251800,2155,3,2026-04-30,Sold
7885,Mumbai,Thane,56269408,3967,5,2026-04-17,Available
7886,Pune,Wakad,45377615,3606,1,2026-06-03,Pending
7887,Bengaluru,Whitefield,17396289,1896,2,2026-05-29,Pending
7888,Mumbai,Andheri,5451411,781,3,2026-07-06,Available
7889,Hyderabad,Kukatpally,7074994,967,2,2026-05-05,Pending
7890,Bengaluru,HSR Layout,16353792,3282,2,2026-04-17,Sold
7891,Bengaluru,HSR Layout,30302025,4515,4,2026-04-25,Available
7892,Mumbai,Powai,14946343,3454,1,2026-07-09,Sold
7893,Pune,Baner,32249553,2727,4,2026-04-10,Pending
7894,Hyderabad,Gachibowli,17608913,1788,1,2026-05-02,Pending
7895,Bengaluru,Indiranagar,11591330,2091,2,2026-06-22,Pending
7896,Pune,Baner,12787077,2555,2,2026-07-04,Available
7897,Hyderabad,Miyapur,56699956,3832,2,2026-04-10,Available
7898,Mumbai,Andheri,30978304,2143,4,2026-06-08,Available
7899,Hyderabad,Banjara Hills,5647222,1103,5,2026-05-20,Sold
7900,Pune,Wakad,31088814,2757,4,2026-06-29,Pending
7901,Hyderabad,Gachibowli,30293569,3179,4,2026-07-09,Sold
7902,Bengaluru,Electronic City,18331160,3103,4,2026-04-28,Available
7903,Hyderabad,Miyapur,9669377,1253,4,2026-05-21,Pending
7904,Mumbai,Powai,49115869,3270,4,2026-04-18,Pending
7905,Chennai,Adyar,24435550,2710,3,2026-05-07,Pending
7906,Chennai,Velachery,9683920,683,4,2026-04-24,Sold
7907,Hyderabad,Kondapur,28997239,4174,4,2026-05-03,Sold
7908,Chennai,Velachery,29985064,2308,4,2026-06-26,Pending
7909,Hyderabad,Kondapur,23219606,2175,2,2026-07-08,Available
7910,Chennai,Anna Nagar,34487677,4243,5,2026-05-24,Pending
7911,Pune,Baner,60836147,4187,1,2026-04-11,Available
7912,Hyderabad,Banjara Hills,56750416,4717,5,2026-05-24,Pending
7913,Hyderabad,Kondapur,9715326,1292,5,2026-04-11,Available
7914,Mumbai,Andheri,13366368,3263,1,2026-05-27,Available
7915,Pune,Baner,49847312,4474,1,2026-04-21,Pending
7916,Chennai,OMR,8871889,1051,2,2026-06-26,Pending
7917,Pune,Baner,35024386,2891,1,2026-06-15,Pending
7918,Mumbai,Thane,32813048,2771,5,2026-06-18,Available
7919,Chennai,Adyar,40827311,3229,4,2026-06-19,Available
7920,Chennai,Velachery,31382570,3141,3,2026-05-22,Pending
7921,Bengaluru,Indiranagar,35623592,3877,5,2026-05-06,Available
7922,Chennai,Anna Nagar,20223999,1495,4,2026-04-12,Sold
7923,Pune,Hinjewadi,12748703,1643,4,2026-04-19,Sold
7924,Bengaluru,HSR Layout,24986326,3631,4,2026-04-26,Available
7925,Pune,Baner,26175040,2081,5,2026-06-13,Sold
7926,Mumbai,Thane,52055634,4198,1,2026-06-14,Pending
7927,Hyderabad,Banjara Hills,18877145,4022,4,2026-05-15,Sold
7928,Hyderabad,Jubilee Hills,54210558,4342,2,2026-05-08,Sold
7929,Chennai,OMR,15024312,1284,2,2026-05-10,Sold
7930,Hyderabad,Miyapur,25914679,2242,4,2026-05-09,Pending
7931,Pune,Wakad,23851143,2053,5,2026-06-21,Available
7932,Hyderabad,Madhapur,44499599,3062,2,2026-04-20,Available
7933,Chennai,OMR,38691894,3089,2,2026-06-26,Sold
7934,Pune,Wakad,36968781,3425,2,2026-06-18,Sold
7935,Bengaluru,Electronic City,19715738,2220,1,2026-05-24,Sold
7936,Chennai,Anna Nagar,17997024,2176,4,2026-05-17,Pending
7937,Hyderabad,Kukatpally,26610605,2252,4,2026-05-10,Available
7938,Chennai,OMR,24366621,3877,3,2026-05-23,Available
7939,Bengaluru,HSR Layout,19376967,1379,1,2026-06-19,Sold
7940,Mumbai,Bandra,18926069,4620,2,2026-04-16,Available
7941,Bengaluru,HSR Layout,4098732,890,1,2026-06-05,Available
7942,Hyderabad,Madhapur,48316446,3583,1,2026-05-01,Pending
7943,Mumbai,Bandra,22289593,4398,4,2026-04-21,Pending
7944,Bengaluru,Whitefield,20464448,3386,4,2026-06-14,Available
7945,Mumbai,Powai,26674281,3991,4,2026-05-24,Pending
7946,Hyderabad,Jubilee Hills,42238629,4103,3,2026-05-16,Sold
7947,Bengaluru,HSR Layout,23015086,3745,3,2026-05-06,Available
7948,Pune,Wakad,31076698,4596,1,2026-05-26,Sold
7949,Mumbai,Thane,40241802,2856,3,2026-07-07,Pending
7950,Bengaluru,Indiranagar,37082098,2730,5,2026-06-02,Pending
7951,Chennai,Anna Nagar,21910854,4165,4,2026-04-22,Pending
7952,Hyderabad,Miyapur,54560576,4780,5,2026-05-12,Available
7953,Pune,Kharadi,36651799,2998,5,2026-04-14,Available
7954,Bengaluru,HSR Layout,5902901,706,3,2026-05-09,Sold
7955,Bengaluru,HSR Layout,27716089,1989,2,2026-04-15,Sold
7956,Bengaluru,Electronic City,8612764,825,4,2026-04-27,Pending
7957,Pune,Hinjewadi,33912262,3173,1,2026-05-05,Available
7958,Mumbai,Powai,11360414,787,4,2026-04-10,Sold
7959,Chennai,OMR,27183154,3783,3,2026-05-14,Pending
7960,Chennai,OMR,11162216,1392,5,2026-06-18,Sold
7961,Chennai,Adyar,60917436,4521,3,2026-04-27,Available
7962,Chennai,Adyar,37540275,2765,2,2026-04-24,Sold
7963,Mumbai,Thane,41605685,3930,2,2026-04-10,Pending
7964,Bengaluru,Electronic City,6490642,976,3,2026-05-12,Available
7965,Bengaluru,Indiranagar,42801570,4941,4,2026-04-18,Available
7966,Bengaluru,Whitefield,6578860,1229,1,2026-06-24,Sold
7967,Chennai,OMR,21561061,2536,4,2026-07-06,Pending
7968,Chennai,Anna Nagar,19964224,2364,4,2026-06-06,Pending
7969,Pune,Kharadi,35787437,4290,3,2026-05-10,Pending
7970,Chennai,OMR,13931859,3432,5,2026-06-27,Available
7971,Chennai,Adyar,11562946,1130,5,2026-06-11,Available
7972,Pune,Wakad,44892493,4531,1,2026-05-25,Pending
7973,Pune,Wakad,34789683,4271,3,2026-06-10,Sold
7974,Bengaluru,Whitefield,70580019,4998,3,2026-05-17,Pending
7975,Bengaluru,HSR Layout,40092969,4192,2,2026-06-16,Pending
7976,Bengaluru,Whitefield,56764307,4232,1,2026-05-13,Sold
7977,Chennai,Anna Nagar,27528386,1922,5,2026-05-26,Sold
7978,Mumbai,Thane,33781464,2658,5,2026-06-08,Pending
7979,Mumbai,Thane,46059286,3057,4,2026-05-08,Available
7980,Bengaluru,Indiranagar,36515813,3110,2,2026-05-19,Sold
7981,Hyderabad,Gachibowli,27144133,2838,5,2026-04-25,Pending
7982,Bengaluru,HSR Layout,7202431,583,2,2026-05-11,Available
7983,Hyderabad,Miyapur,56922797,4048,3,2026-06-21,Pending
7984,Bengaluru,HSR Layout,22412731,3002,5,2026-05-04,Available
7985,Hyderabad,Jubilee Hills,25046943,2334,3,2026-05-08,Sold
7986,Hyderabad,Jubilee Hills,63234502,4844,5,2026-05-04,Sold
7987,Chennai,Adyar,21324662,2362,2,2026-07-07,Sold
7988,Chennai,Velachery,18547140,1736,2,2026-05-21,Pending
7989,Hyderabad,Kondapur,9988695,780,3,2026-05-30,Sold
7990,Hyderabad,Madhapur,32290311,2455,3,2026-05-30,Sold
7991,Chennai,Adyar,50483543,3754,2,2026-05-30,Pending
7992,Pune,Kharadi,31475794,4835,4,2026-07-06,Available
7993,Mumbai,Andheri,25153357,2869,1,2026-06-04,Sold
7994,Bengaluru,Indiranagar,14599352,2187,4,2026-04-15,Pending
7995,Mumbai,Andheri,42557769,3880,5,2026-04-19,Sold
7996,Pune,Hinjewadi,18148773,2843,5,2026-05-06,Pending
7997,Mumbai,Powai,31582262,2946,2,2026-05-23,Pending
7998,Chennai,Adyar,50048094,4239,1,2026-06-22,Available
7999,Chennai,Adyar,55651996,4623,1,2026-04-18,Sold
8000,Pune,Baner,65155922,4364,3,2026-04-21,Sold
8001,Bengaluru,HSR Layout,74713315,4975,1,2026-07-07,Available
8002,Mumbai,Bandra,29568137,2642,1,2026-05-29,Pending
8003,Hyderabad,Banjara Hills,29474303,3808,1,2026-06-28,Available
8004,Pune,Wakad,35044123,2849,2,2026-05-11,Sold
8005,Chennai,Anna Nagar,14040387,1292,2,2026-05-08,Pending
8006,Chennai,Velachery,35112368,2948,5,2026-04-24,Sold
8007,Hyderabad,Gachibowli,20968339,4501,1,2026-04-10,Available
8008,Bengaluru,Indiranagar,51367746,4854,5,2026-05-01,Available
8009,Chennai,Anna Nagar,16004773,2675,2,2026-07-03,Pending
8010,Bengaluru,Whitefield,9513178,632,4,2026-06-12,Pending
8011,Mumbai,Andheri,22219182,2184,2,2026-05-14,Sold
8012,Mumbai,Andheri,3420087,625,2,2026-05-14,Sold
8013,Pune,Wakad,43027037,4804,2,2026-04-21,Pending
8014,Mumbai,Powai,22611269,4294,3,2026-05-23,Available
8015,Bengaluru,HSR Layout,44792940,4296,1,2026-05-23,Sold
8016,Hyderabad,Jubilee Hills,30017101,2219,2,2026-05-14,Pending
8017,Pune,Baner,12071735,2803,2,2026-04-19,Available
8018,Pune,Baner,20707857,3633,1,2026-04-26,Sold
8019,Pune,Kharadi,8168347,1046,2,2026-06-17,Sold
8020,Bengaluru,Whitefield,6229302,586,5,2026-07-01,Pending
8021,Chennai,Anna Nagar,17692182,3795,5,2026-05-10,Sold
8022,Mumbai,Andheri,8682014,942,4,2026-05-24,Sold
8023,Hyderabad,Madhapur,71970059,4859,4,2026-05-13,Available
8024,Mumbai,Andheri,46521811,3240,5,2026-04-13,Sold
8025,Bengaluru,HSR Layout,18401068,1395,4,2026-05-27,Pending
8026,Pune,Baner,11173898,1096,1,2026-06-18,Available
8027,Pune,Baner,28402226,4654,1,2026-04-21,Sold
8028,Pune,Kharadi,36407424,4302,4,2026-04-16,Pending
8029,Chennai,Anna Nagar,4286256,504,2,2026-07-07,Available
8030,Pune,Wakad,9595093,976,3,2026-07-03,Available
8031,Bengaluru,Whitefield,18572899,3451,5,2026-05-18,Pending
8032,Chennai,Velachery,29191645,3228,1,2026-05-22,Pending
8033,Hyderabad,Gachibowli,9882595,1560,5,2026-04-12,Available
8034,Pune,Baner,28164157,4599,5,2026-06-27,Available
8035,Hyderabad,Miyapur,24474035,2055,5,2026-06-11,Pending
8036,Hyderabad,Banjara Hills,34441385,2946,1,2026-04-22,Available
8037,Hyderabad,Kukatpally,40912982,3204,3,2026-04-23,Available
8038,Pune,Hinjewadi,40568420,4272,4,2026-04-13,Sold
8039,Hyderabad,Madhapur,28899563,2271,5,2026-06-04,Pending
8040,Hyderabad,Jubilee Hills,5954589,974,2,2026-05-23,Available
8041,Bengaluru,HSR Layout,34664770,4938,3,2026-06-20,Pending
8042,Hyderabad,Kukatpally,21842338,2098,1,2026-05-26,Sold
8043,Mumbai,Bandra,23720826,1554,4,2026-06-18,Pending
8044,Bengaluru,HSR Layout,56909256,4125,1,2026-05-13,Available
8045,Hyderabad,Kukatpally,20318200,2865,2,2026-05-25,Pending
8046,Hyderabad,Kondapur,7881229,1672,5,2026-04-24,Sold
8047,Pune,Kharadi,5761666,552,5,2026-05-21,Available
8048,Bengaluru,Electronic City,56823819,4170,4,2026-05-02,Available
8049,Pune,Baner,41583877,3507,2,2026-06-16,Available
8050,Bengaluru,Whitefield,39915982,4006,2,2026-05-24,Sold
8051,Pune,Hinjewadi,51087636,4231,2,2026-06-14,Sold
8052,Hyderabad,Gachibowli,24597937,3808,3,2026-06-17,Pending
8053,Pune,Baner,44372700,3311,4,2026-05-30,Pending
8054,Chennai,Velachery,6838186,594,1,2026-04-22,Pending
8055,Chennai,Adyar,15838787,2538,4,2026-04-27,Sold
8056,Hyderabad,Madhapur,40655800,3296,2,2026-05-25,Available
8057,Bengaluru,Electronic City,26068455,4392,5,2026-07-07,Sold
8058,Chennai,Adyar,5328091,789,5,2026-05-13,Available
8059,Hyderabad,Gachibowli,12564661,3063,4,2026-05-17,Pending
8060,Bengaluru,HSR Layout,41300964,3181,4,2026-04-10,Sold
8061,Chennai,Anna Nagar,24088200,2538,3,2026-04-23,Sold
8062,Pune,Baner,42159551,3743,3,2026-05-21,Pending
8063,Hyderabad,Madhapur,30209925,4687,3,2026-05-31,Available
8064,Chennai,OMR,7758986,663,3,2026-04-22,Sold
8065,Chennai,OMR,29357597,2169,1,2026-06-29,Sold
8066,Bengaluru,Indiranagar,3127616,828,5,2026-07-09,Pending
8067,Pune,Baner,13829470,1004,2,2026-04-11,Sold
8068,Bengaluru,Electronic City,23628714,1840,1,2026-06-18,Available
8069,Chennai,OMR,22701603,1931,1,2026-05-17,Sold
8070,Mumbai,Bandra,15875393,2311,2,2026-05-08,Available
8071,Chennai,Anna Nagar,25508468,2628,2,2026-04-11,Sold
8072,Chennai,Velachery,13694445,2220,4,2026-06-20,Pending
8073,Chennai,OMR,23116928,3400,3,2026-04-28,Available
8074,Hyderabad,Gachibowli,47031836,3531,1,2026-05-25,Pending
8075,Chennai,OMR,8690899,1623,5,2026-06-04,Pending
8076,Hyderabad,Gachibowli,13524889,3157,5,2026-05-13,Available
8077,Mumbai,Powai,38435001,2533,5,2026-04-22,Available
8078,Bengaluru,Whitefield,36233215,4164,1,2026-06-29,Pending
8079,Pune,Kharadi,37475595,2507,5,2026-04-13,Available
8080,Bengaluru,Indiranagar,63845121,4972,4,2026-06-03,Sold
8081,Chennai,OMR,13184065,895,4,2026-04-27,Available
8082,Mumbai,Bandra,51259821,4015,1,2026-05-30,Pending
8083,Pune,Hinjewadi,34745161,3237,5,2026-05-10,Sold
8084,Bengaluru,Indiranagar,47944076,4933,5,2026-06-16,Available
8085,Hyderabad,Kukatpally,57713386,3880,2,2026-05-04,Sold
8086,Pune,Hinjewadi,46109735,3245,2,2026-07-07,Pending
8087,Bengaluru,Indiranagar,26514313,3161,1,2026-04-26,Available
8088,Mumbai,Powai,56117668,4014,5,2026-07-07,Available
8089,Hyderabad,Kukatpally,23949298,2519,2,2026-05-30,Pending
8090,Chennai,Anna Nagar,5988613,549,5,2026-07-08,Available
8091,Chennai,Adyar,24884872,1775,5,2026-04-23,Available
8092,Pune,Kharadi,33859420,4122,3,2026-05-08,Available
8093,Chennai,OMR,14316918,1222,3,2026-04-12,Sold
8094,Chennai,OMR,30161836,2157,5,2026-04-20,Available
8095,Hyderabad,Madhapur,15703898,1616,5,2026-07-02,Sold
8096,Hyderabad,Jubilee Hills,20221131,2980,3,2026-06-11,Pending
8097,Pune,Hinjewadi,29055397,2453,2,2026-04-15,Pending
8098,Bengaluru,HSR Layout,53638687,3651,4,2026-05-10,Available
8099,Bengaluru,HSR Layout,30376602,2932,3,2026-07-05,Pending
8100,Hyderabad,Madhapur,18685277,1324,4,2026-04-20,Sold
8101,Bengaluru,HSR Layout,19710935,3247,5,2026-06-13,Available
8102,Bengaluru,Electronic City,32378943,4784,4,2026-06-10,Sold
8103,Hyderabad,Banjara Hills,54163109,4300,2,2026-06-11,Pending
8104,Chennai,Anna Nagar,30832074,3149,4,2026-06-15,Available
8105,Bengaluru,Indiranagar,21061724,3461,1,2026-05-25,Pending
8106,Bengaluru,HSR Layout,25731689,3975,4,2026-04-28,Sold
8107,Bengaluru,HSR Layout,45352731,4511,5,2026-04-16,Available
8108,Bengaluru,HSR Layout,38961889,3381,5,2026-05-12,Pending
8109,Pune,Wakad,41893097,4094,1,2026-06-15,Available
8110,Hyderabad,Miyapur,10649422,1931,5,2026-05-21,Available
8111,Hyderabad,Madhapur,13664491,2243,1,2026-07-02,Sold
8112,Chennai,Velachery,14820201,2086,5,2026-05-13,Pending
8113,Hyderabad,Kondapur,11289262,2505,5,2026-05-18,Pending
8114,Bengaluru,Electronic City,54535725,4891,1,2026-06-15,Available
8115,Pune,Wakad,12574633,1794,4,2026-04-12,Pending
8116,Chennai,Velachery,17436028,2535,5,2026-05-12,Available
8117,Mumbai,Powai,58613456,4968,5,2026-04-19,Available
8118,Bengaluru,HSR Layout,17323102,2274,1,2026-06-25,Available
8119,Hyderabad,Jubilee Hills,36594706,4617,4,2026-04-14,Sold
8120,Chennai,Anna Nagar,44605758,3710,4,2026-06-29,Sold
8121,Bengaluru,Indiranagar,15018897,1722,3,2026-07-08,Available
8122,Pune,Baner,18890810,1674,2,2026-04-11,Sold
8123,Bengaluru,Indiranagar,8319762,1020,3,2026-04-30,Sold
8124,Chennai,Anna Nagar,21196913,4715,4,2026-06-02,Sold
8125,Bengaluru,Electronic City,35276200,3654,5,2026-04-21,Available
8126,Bengaluru,Whitefield,25313795,1689,3,2026-04-25,Available
8127,Pune,Baner,31919697,2681,1,2026-05-30,Pending
8128,Hyderabad,Kukatpally,13279278,1033,5,2026-07-09,Pending
8129,Pune,Hinjewadi,16275148,1813,4,2026-06-20,Available
8130,Mumbai,Andheri,24875017,3649,1,2026-05-15,Sold
8131,Mumbai,Andheri,38042365,4267,5,2026-05-13,Available
8132,Hyderabad,Kukatpally,46933722,4042,3,2026-05-18,Sold
8133,Hyderabad,Jubilee Hills,57793568,4837,1,2026-04-15,Sold
8134,Hyderabad,Jubilee Hills,24467896,3318,4,2026-05-13,Pending
8135,Hyderabad,Banjara Hills,37159012,3853,2,2026-07-05,Sold
8136,Mumbai,Thane,61300798,4300,1,2026-05-01,Pending
8137,Mumbai,Thane,18032474,3723,4,2026-05-10,Available
8138,Hyderabad,Madhapur,7935519,849,5,2026-07-07,Available
8139,Hyderabad,Gachibowli,25803171,1765,4,2026-06-05,Sold
8140,Chennai,Adyar,20621897,3690,3,2026-06-06,Pending
8141,Chennai,OMR,19062257,3372,3,2026-05-29,Available
8142,Hyderabad,Kukatpally,31058113,3007,1,2026-04-11,Available
8143,Chennai,Anna Nagar,21886946,1916,2,2026-07-02,Pending
8144,Hyderabad,Kukatpally,28751664,2320,4,2026-04-22,Available
8145,Bengaluru,HSR Layout,44034245,3932,2,2026-04-23,Pending
8146,Mumbai,Powai,14758323,1796,1,2026-06-18,Pending
8147,Bengaluru,HSR Layout,11297777,795,4,2026-06-02,Sold
8148,Mumbai,Thane,8024503,1982,3,2026-06-21,Sold
8149,Chennai,OMR,71950386,4955,5,2026-06-03,Sold
8150,Pune,Hinjewadi,50358809,4428,1,2026-06-05,Available
8151,Pune,Wakad,20602966,1413,4,2026-07-01,Available
8152,Pune,Wakad,30079352,3963,2,2026-04-16,Sold
8153,Bengaluru,HSR Layout,51268919,4560,5,2026-04-17,Pending
8154,Bengaluru,HSR Layout,19678206,1454,3,2026-07-02,Available
8155,Mumbai,Andheri,13804676,997,3,2026-05-14,Sold
8156,Bengaluru,HSR Layout,18547213,2431,5,2026-06-26,Pending
8157,Chennai,Anna Nagar,45208675,3378,4,2026-05-20,Sold
8158,Chennai,Anna Nagar,20125223,2134,4,2026-06-23,Available
8159,Hyderabad,Banjara Hills,39391007,2750,2,2026-06-14,Sold
8160,Hyderabad,Gachibowli,13675964,3335,2,2026-06-10,Pending
8161,Hyderabad,Gachibowli,28683529,3928,4,2026-06-16,Sold
8162,Pune,Hinjewadi,14708692,2255,2,2026-04-12,Available
8163,Chennai,OMR,37196955,3990,4,2026-07-06,Available
8164,Chennai,Adyar,7516449,1308,1,2026-05-12,Pending
8165,Hyderabad,Gachibowli,59166280,4527,3,2026-05-27,Available
8166,Pune,Kharadi,6139196,1125,4,2026-06-06,Pending
8167,Mumbai,Powai,41780673,4665,2,2026-07-04,Sold
8168,Pune,Hinjewadi,38365578,4090,1,2026-06-10,Available
8169,Mumbai,Bandra,8346812,1070,3,2026-06-23,Sold
8170,Chennai,Adyar,46918051,4289,4,2026-06-29,Available
8171,Chennai,Anna Nagar,26106992,3613,1,2026-05-28,Pending
8172,Mumbai,Thane,26383045,4350,4,2026-05-02,Available
8173,Bengaluru,Indiranagar,6815338,512,2,2026-04-19,Available
8174,Pune,Kharadi,15319990,1313,1,2026-05-30,Sold
8175,Chennai,Adyar,34705407,3699,4,2026-05-19,Available
8176,Hyderabad,Madhapur,38396044,3063,5,2026-05-02,Pending
8177,Pune,Wakad,28436827,2928,5,2026-07-05,Sold
8178,Chennai,Adyar,11041401,1921,5,2026-06-07,Pending
8179,Chennai,Adyar,12403639,1090,4,2026-06-16,Pending
8180,Bengaluru,Electronic City,10974751,889,2,2026-05-28,Sold
8181,Bengaluru,Whitefield,53284276,4008,3,2026-05-14,Pending
8182,Hyderabad,Kondapur,8690775,1868,3,2026-05-25,Pending
8183,Mumbai,Bandra,3246650,505,1,2026-05-05,Pending
8184,Hyderabad,Gachibowli,17296028,2283,3,2026-05-20,Sold
8185,Hyderabad,Banjara Hills,20877132,4507,5,2026-04-29,Available
8186,Bengaluru,Indiranagar,37494638,3753,2,2026-05-26,Pending
8187,Chennai,Anna Nagar,37172435,3740,3,2026-04-30,Sold
8188,Pune,Hinjewadi,9890457,709,3,2026-04-26,Sold
8189,Hyderabad,Banjara Hills,33913027,3403,3,2026-05-20,Available
8190,Mumbai,Bandra,8505326,1059,5,2026-05-05,Pending
8191,Chennai,Anna Nagar,53254606,3545,4,2026-06-24,Sold
8192,Bengaluru,Indiranagar,27237603,2046,2,2026-05-19,Pending
8193,Bengaluru,Indiranagar,26732302,3159,1,2026-04-30,Pending
8194,Bengaluru,Whitefield,20301795,1863,2,2026-05-03,Pending
8195,Pune,Baner,15405446,1830,4,2026-06-15,Available
8196,Pune,Kharadi,43316055,4757,1,2026-05-27,Pending
8197,Chennai,Anna Nagar,35704757,3079,3,2026-04-28,Sold
8198,Hyderabad,Banjara Hills,28047441,2273,1,2026-06-16,Available
8199,Bengaluru,Electronic City,18507276,1558,2,2026-04-18,Sold
8200,Chennai,Anna Nagar,13633199,2056,5,2026-04-25,Available
8201,Mumbai,Andheri,52557330,3734,1,2026-05-11,Available
8202,Pune,Hinjewadi,29103334,2887,1,2026-07-05,Pending
8203,Hyderabad,Gachibowli,45556907,3724,3,2026-06-13,Sold
8204,Hyderabad,Kukatpally,28857965,3006,5,2026-05-16,Pending
8205,Mumbai,Andheri,24798646,3111,4,2026-06-27,Available
8206,Pune,Kharadi,17034545,1171,4,2026-04-21,Available
8207,Hyderabad,Banjara Hills,8647463,1794,5,2026-05-09,Pending
8208,Chennai,OMR,21604349,1732,5,2026-06-18,Sold
8209,Bengaluru,Indiranagar,27745765,2218,2,2026-05-22,Sold
8210,Chennai,Anna Nagar,55533363,4329,4,2026-05-02,Available
8211,Bengaluru,Indiranagar,13021102,856,1,2026-04-18,Pending
8212,Hyderabad,Gachibowli,42518402,2999,1,2026-05-05,Pending
8213,Bengaluru,HSR Layout,50557024,4601,1,2026-06-06,Available
8214,Pune,Baner,19703912,2738,4,2026-04-29,Pending
8215,Hyderabad,Kondapur,16113844,1175,3,2026-06-29,Pending
8216,Mumbai,Bandra,51097390,4601,3,2026-05-10,Available
8217,Hyderabad,Kondapur,57833438,4802,3,2026-04-25,Sold
8218,Chennai,Anna Nagar,64355981,4642,1,2026-04-20,Sold
8219,Bengaluru,Whitefield,23129526,3059,1,2026-05-09,Available
8220,Pune,Kharadi,20158972,2366,2,2026-05-18,Pending
8221,Chennai,Velachery,5820484,806,4,2026-06-06,Available
8222,Chennai,Velachery,55889799,3886,1,2026-05-31,Sold
8223,Mumbai,Bandra,16422896,1995,4,2026-05-19,Sold
8224,Pune,Kharadi,45085039,4053,4,2026-06-07,Pending
8225,Bengaluru,Indiranagar,9307157,641,3,2026-05-31,Sold
8226,Bengaluru,Electronic City,37865412,4476,1,2026-05-19,Sold
8227,Pune,Wakad,6114165,721,3,2026-05-17,Available
8228,Bengaluru,Indiranagar,40233306,3755,5,2026-07-04,Sold
8229,Chennai,Adyar,17090853,2406,4,2026-06-07,Available
8230,Mumbai,Thane,15086311,2201,5,2026-05-12,Sold
8231,Pune,Kharadi,40060408,2759,5,2026-06-08,Sold
8232,Mumbai,Andheri,12716910,886,3,2026-04-11,Pending
8233,Bengaluru,Whitefield,33343109,3351,4,2026-04-29,Pending
8234,Pune,Wakad,9652850,957,3,2026-05-20,Available
8235,Mumbai,Thane,20766164,4715,4,2026-06-16,Pending
8236,Chennai,OMR,13975189,2881,3,2026-06-14,Available
8237,Hyderabad,Gachibowli,10090561,972,4,2026-06-10,Available
8238,Pune,Hinjewadi,27143363,3170,3,2026-07-07,Pending
8239,Bengaluru,Whitefield,34656790,3663,2,2026-05-26,Available
8240,Pune,Baner,25633329,2621,2,2026-05-04,Sold
8241,Hyderabad,Kukatpally,15604958,1928,2,2026-07-06,Available
8242,Hyderabad,Kukatpally,34084353,3194,3,2026-05-01,Available
8243,Chennai,Velachery,40457854,4505,1,2026-06-01,Available
8244,Pune,Wakad,22059697,1966,3,2026-05-16,Sold
8245,Bengaluru,Electronic City,14769258,1924,1,2026-06-11,Pending
8246,Pune,Baner,41005373,4798,3,2026-07-09,Sold
8247,Hyderabad,Madhapur,3435806,599,3,2026-05-02,Available
8248,Chennai,Velachery,17857867,2004,4,2026-04-24,Pending
8249,Chennai,OMR,22645179,3807,4,2026-04-21,Available
8250,Hyderabad,Kondapur,25985961,3577,2,2026-05-31,Sold
8251,Bengaluru,Electronic City,22828550,2736,4,2026-05-23,Pending
8252,Pune,Kharadi,42733937,4898,5,2026-06-20,Sold
8253,Bengaluru,Indiranagar,40330514,3613,5,2026-05-18,Available
8254,Pune,Wakad,47055538,4781,2,2026-06-01,Available
8255,Hyderabad,Madhapur,17872323,1986,5,2026-05-18,Pending
8256,Chennai,Adyar,38722990,3666,1,2026-05-03,Pending
8257,Pune,Hinjewadi,11460031,1840,4,2026-05-10,Available
8258,Pune,Kharadi,6243355,656,3,2026-04-18,Pending
8259,Pune,Hinjewadi,11821752,2525,2,2026-06-19,Pending
8260,Mumbai,Thane,21992869,1876,2,2026-07-05,Available
8261,Pune,Wakad,14273473,3536,2,2026-04-19,Sold
8262,Pune,Wakad,58884888,4943,5,2026-06-16,Pending
8263,Pune,Kharadi,12137668,2429,2,2026-06-27,Pending
8264,Bengaluru,HSR Layout,17279569,1720,2,2026-05-30,Sold
8265,Bengaluru,HSR Layout,69401203,4830,1,2026-06-23,Available
8266,Bengaluru,HSR Layout,42386873,3392,2,2026-05-05,Pending
8267,Bengaluru,Electronic City,55402522,4028,3,2026-06-18,Pending
8268,Bengaluru,Indiranagar,23799682,3541,5,2026-04-23,Available
8269,Chennai,Velachery,19185531,3714,1,2026-06-02,Available
8270,Pune,Baner,9084997,808,5,2026-07-06,Sold
8271,Mumbai,Thane,21987692,3679,4,2026-07-02,Sold
8272,Chennai,Adyar,51817707,4054,2,2026-06-13,Sold
8273,Pune,Wakad,13580775,937,2,2026-07-08,Available
8274,Bengaluru,Whitefield,15151358,2055,5,2026-04-27,Sold
8275,Pune,Baner,11113089,2012,4,2026-06-05,Available
8276,Pune,Wakad,21383966,2113,3,2026-05-28,Sold
8277,Pune,Hinjewadi,14754776,3016,4,2026-05-04,Available
8278,Pune,Wakad,45605968,4052,4,2026-04-28,Sold
8279,Hyderabad,Banjara Hills,16597354,1390,5,2026-05-23,Available
8280,Bengaluru,HSR Layout,19649577,2476,5,2026-05-03,Available
8281,Pune,Hinjewadi,48162115,3410,5,2026-04-22,Available
8282,Hyderabad,Gachibowli,32153770,2686,4,2026-05-19,Sold
8283,Chennai,Velachery,13814971,963,1,2026-04-22,Available
8284,Hyderabad,Miyapur,18193756,4439,3,2026-05-11,Pending
8285,Mumbai,Thane,37563743,4667,3,2026-04-17,Available
8286,Pune,Kharadi,39645794,3836,3,2026-05-31,Available
8287,Bengaluru,Indiranagar,47270015,3922,5,2026-06-21,Available
8288,Mumbai,Powai,63684302,4281,2,2026-05-25,Available
8289,Chennai,Velachery,62697845,4527,3,2026-07-07,Pending
8290,Chennai,OMR,15637486,3569,1,2026-04-27,Sold
8291,Mumbai,Andheri,20070259,3359,4,2026-06-27,Sold
8292,Mumbai,Thane,63122280,4838,3,2026-06-04,Available
8293,Hyderabad,Jubilee Hills,10072495,2463,4,2026-06-12,Pending
8294,Mumbai,Bandra,33590923,3213,5,2026-06-03,Sold
8295,Hyderabad,Madhapur,28008903,3098,1,2026-04-19,Pending
8296,Hyderabad,Jubilee Hills,9688443,2314,2,2026-05-23,Available
8297,Pune,Baner,19261974,2040,5,2026-04-27,Sold
8298,Mumbai,Powai,18914002,2116,2,2026-04-26,Pending
8299,Bengaluru,Whitefield,59096245,4723,3,2026-04-17,Sold
8300,Mumbai,Andheri,27307534,1861,2,2026-05-20,Sold
8301,Hyderabad,Gachibowli,27238290,3264,2,2026-05-07,Pending
8302,Hyderabad,Miyapur,19625370,2620,3,2026-04-18,Sold
8303,Bengaluru,Whitefield,25226998,1822,2,2026-06-30,Pending
8304,Bengaluru,Electronic City,16383347,1105,2,2026-06-14,Pending
8305,Hyderabad,Gachibowli,20665333,2006,5,2026-05-14,Available
8306,Chennai,Anna Nagar,27709530,1928,2,2026-06-14,Pending
8307,Hyderabad,Gachibowli,39867186,3850,1,2026-05-08,Sold
8308,Chennai,Anna Nagar,15237104,1147,1,2026-05-27,Pending
8309,Bengaluru,Electronic City,18687009,3168,5,2026-04-10,Pending
8310,Pune,Kharadi,45574243,3925,1,2026-05-13,Available
8311,Bengaluru,Indiranagar,72185877,4984,2,2026-06-25,Sold
8312,Hyderabad,Banjara Hills,24521860,2310,5,2026-06-02,Pending
8313,Bengaluru,HSR Layout,26683257,3858,5,2026-05-20,Sold
8314,Chennai,OMR,9227301,1905,2,2026-06-29,Pending
8315,Hyderabad,Madhapur,12290763,1334,3,2026-06-29,Pending
8316,Pune,Wakad,34395667,2909,1,2026-06-16,Pending
8317,Chennai,Adyar,23839171,2662,4,2026-04-16,Sold
8318,Hyderabad,Kukatpally,31174110,3924,2,2026-05-04,Pending
8319,Mumbai,Powai,41623779,2889,2,2026-06-25,Available
8320,Pune,Kharadi,52517271,3721,1,2026-04-29,Sold
8321,Mumbai,Powai,15648576,2246,3,2026-05-27,Available
8322,Pune,Baner,11833435,1740,2,2026-06-15,Available
8323,Mumbai,Thane,39805710,4805,5,2026-05-07,Pending
8324,Hyderabad,Gachibowli,22021769,2560,4,2026-05-20,Sold
8325,Bengaluru,Indiranagar,57492952,4918,3,2026-04-26,Sold
8326,Hyderabad,Jubilee Hills,48405925,4900,4,2026-06-23,Sold
8327,Pune,Kharadi,24279218,2999,1,2026-06-11,Available
8328,Hyderabad,Jubilee Hills,44378990,4150,1,2026-06-16,Sold
8329,Pune,Wakad,24555945,1840,5,2026-06-24,Sold
8330,Pune,Hinjewadi,28922170,3838,4,2026-04-14,Sold
8331,Mumbai,Thane,6378622,906,1,2026-06-20,Available
8332,Bengaluru,Indiranagar,38253339,4308,5,2026-04-10,Pending
8333,Pune,Hinjewadi,60538321,4289,2,2026-05-29,Pending
8334,Hyderabad,Kukatpally,15829689,2755,1,2026-06-13,Available
8335,Hyderabad,Jubilee Hills,15714802,2219,1,2026-06-28,Sold
8336,Hyderabad,Kukatpally,62973597,4706,2,2026-07-01,Sold
8337,Hyderabad,Banjara Hills,31633163,4008,1,2026-04-11,Sold
8338,Mumbai,Andheri,11142886,791,5,2026-04-25,Sold
8339,Mumbai,Powai,35245981,3948,1,2026-04-30,Pending
8340,Mumbai,Thane,45324861,3364,5,2026-06-22,Available
8341,Mumbai,Powai,3753397,687,3,2026-05-22,Pending
8342,Chennai,OMR,15135788,1139,2,2026-06-12,Available
8343,Pune,Wakad,29601059,3551,4,2026-05-24,Sold
8344,Pune,Hinjewadi,47290255,4306,4,2026-06-14,Sold
8345,Chennai,Velachery,20971019,4843,1,2026-06-02,Available
8346,Pune,Baner,39505341,2963,2,2026-07-02,Available
8347,Hyderabad,Kukatpally,22250403,3484,3,2026-07-09,Pending
8348,Mumbai,Thane,18212818,2269,3,2026-06-07,Available
8349,Chennai,Velachery,11358294,1050,2,2026-05-26,Pending
8350,Chennai,Velachery,29047712,2869,3,2026-05-21,Available
8351,Bengaluru,Indiranagar,25698065,4399,2,2026-04-23,Available
8352,Mumbai,Andheri,58588060,4286,4,2026-05-28,Pending
8353,Pune,Kharadi,10955857,1919,4,2026-06-26,Sold
8354,Chennai,OMR,21064806,1534,2,2026-07-01,Sold
8355,Bengaluru,HSR Layout,14437082,2628,3,2026-04-21,Sold
8356,Bengaluru,Whitefield,44294668,4328,5,2026-05-13,Pending
8357,Hyderabad,Banjara Hills,18310909,1270,2,2026-05-26,Available
8358,Bengaluru,HSR Layout,16065146,1913,2,2026-06-22,Pending
8359,Mumbai,Thane,30984320,2399,1,2026-05-31,Available
8360,Pune,Kharadi,12529062,982,5,2026-04-17,Sold
8361,Hyderabad,Miyapur,18276978,2739,4,2026-07-06,Pending
8362,Mumbai,Powai,15369208,2267,2,2026-05-24,Sold
8363,Chennai,Velachery,18269223,3046,4,2026-06-03,Available
8364,Pune,Wakad,14007845,2915,4,2026-05-09,Sold
8365,Hyderabad,Madhapur,10278821,711,4,2026-06-25,Pending
8366,Mumbai,Andheri,21039191,4504,1,2026-04-30,Sold
8367,Mumbai,Thane,8182236,1789,1,2026-04-20,Pending
8368,Chennai,Anna Nagar,4592167,668,4,2026-05-03,Pending
8369,Hyderabad,Madhapur,8210277,1117,5,2026-07-03,Available
8370,Chennai,Adyar,25103715,4484,4,2026-04-23,Sold
8371,Mumbai,Powai,28266042,4646,5,2026-04-24,Pending
8372,Chennai,Adyar,45943157,3567,4,2026-05-29,Pending
8373,Mumbai,Thane,7686035,1299,1,2026-07-03,Available
8374,Pune,Wakad,15697109,2028,3,2026-04-29,Sold
8375,Bengaluru,HSR Layout,37632324,3528,2,2026-06-21,Sold
8376,Hyderabad,Miyapur,41337014,4430,3,2026-06-17,Sold
8377,Bengaluru,Whitefield,54469539,4407,5,2026-06-27,Pending
8378,Chennai,OMR,22706951,2057,5,2026-04-23,Pending
8379,Hyderabad,Banjara Hills,50217529,3900,4,2026-07-05,Pending
8380,Chennai,Velachery,10293709,2066,1,2026-04-11,Pending
8381,Mumbai,Bandra,2755280,574,5,2026-04-24,Available
8382,Pune,Wakad,15161869,1427,4,2026-04-19,Sold
8383,Bengaluru,HSR Layout,28539115,3847,2,2026-05-17,Sold
8384,Pune,Baner,29169990,2927,2,2026-04-29,Pending
8385,Chennai,Adyar,65959090,4534,2,2026-04-17,Available
8386,Mumbai,Thane,17971159,2503,2,2026-04-10,Available
8387,Hyderabad,Miyapur,25387660,4383,4,2026-05-22,Pending
8388,Pune,Hinjewadi,17330527,1859,5,2026-04-28,Pending
8389,Mumbai,Andheri,10787223,969,4,2026-04-16,Available
8390,Mumbai,Andheri,37129522,2869,1,2026-06-28,Available
8391,Pune,Baner,23553001,2525,5,2026-06-13,Sold
8392,Hyderabad,Gachibowli,31700262,2128,3,2026-05-10,Pending
8393,Mumbai,Powai,26132483,3143,3,2026-06-23,Pending
8394,Bengaluru,HSR Layout,39968462,4888,4,2026-07-01,Pending
8395,Hyderabad,Banjara Hills,34593238,3306,2,2026-07-07,Available
8396,Pune,Hinjewadi,3881229,811,1,2026-04-30,Available
8397,Bengaluru,Electronic City,59034978,4223,2,2026-06-07,Pending
8398,Pune,Kharadi,13218529,2547,1,2026-07-02,Available
8399,Hyderabad,Miyapur,30465216,2309,1,2026-05-22,Sold
8400,Bengaluru,Indiranagar,42966247,3260,5,2026-04-11,Sold
8401,Pune,Baner,18168565,1261,2,2026-05-13,Available
8402,Bengaluru,Electronic City,33818260,2336,4,2026-05-06,Pending
8403,Pune,Kharadi,40322120,3354,2,2026-07-05,Pending
8404,Bengaluru,Electronic City,29000981,4951,4,2026-04-27,Sold
8405,Bengaluru,Indiranagar,31841314,2205,4,2026-07-07,Available
8406,Mumbai,Thane,17305469,3172,4,2026-04-12,Available
8407,Mumbai,Andheri,22565904,1572,4,2026-05-06,Sold
8408,Bengaluru,Electronic City,13627726,1271,4,2026-07-02,Sold
8409,Hyderabad,Kondapur,11664479,1208,4,2026-05-21,Pending
8410,Chennai,Velachery,33884016,2622,5,2026-05-01,Pending
8411,Chennai,Anna Nagar,32033843,2353,2,2026-05-10,Pending
8412,Chennai,OMR,58237075,4111,5,2026-06-10,Pending
8413,Pune,Hinjewadi,20798013,3796,1,2026-06-19,Pending
8414,Hyderabad,Madhapur,4374439,610,2,2026-05-10,Sold
8415,Bengaluru,Electronic City,33346809,2631,4,2026-06-02,Sold
8416,Mumbai,Powai,24904853,2702,1,2026-06-23,Available
8417,Chennai,Adyar,49968884,3430,4,2026-06-26,Available
8418,Bengaluru,Electronic City,42555567,3237,2,2026-05-14,Available
8419,Bengaluru,HSR Layout,13136695,1006,3,2026-05-29,Pending
8420,Bengaluru,Whitefield,16538322,1268,2,2026-05-19,Pending
8421,Chennai,Velachery,29402913,4158,2,2026-06-06,Sold
8422,Pune,Baner,62937769,4691,2,2026-04-20,Pending
8423,Chennai,Anna Nagar,17844252,1963,4,2026-05-05,Pending
8424,Bengaluru,Indiranagar,31062515,4655,4,2026-06-10,Pending
8425,Chennai,Velachery,8907552,1331,3,2026-05-11,Pending
8426,Chennai,Velachery,36501987,4006,5,2026-06-17,Available
8427,Hyderabad,Gachibowli,42363857,3184,4,2026-06-23,Sold
8428,Bengaluru,Whitefield,21511850,4239,1,2026-06-18,Pending
8429,Hyderabad,Madhapur,22614134,3928,5,2026-07-01,Available
8430,Bengaluru,HSR Layout,56942808,4035,4,2026-06-02,Sold
8431,Bengaluru,Indiranagar,24780785,2843,4,2026-05-21,Sold
8432,Hyderabad,Kondapur,13554414,1273,5,2026-05-02,Pending
8433,Chennai,Anna Nagar,15227229,2693,3,2026-06-15,Available
8434,Chennai,OMR,10946149,1223,1,2026-05-15,Pending
8435,Hyderabad,Jubilee Hills,27844479,3372,5,2026-04-26,Pending
8436,Chennai,Anna Nagar,10034605,859,4,2026-05-19,Available
8437,Chennai,Velachery,26395491,2863,5,2026-06-30,Available
8438,Pune,Wakad,18037307,3991,3,2026-05-28,Available
8439,Chennai,Anna Nagar,20175672,2829,5,2026-07-08,Available
8440,Chennai,Adyar,56780664,4035,3,2026-07-06,Sold
8441,Hyderabad,Banjara Hills,11640819,2315,1,2026-05-06,Pending
8442,Hyderabad,Miyapur,44583702,3249,5,2026-05-16,Available
8443,Hyderabad,Miyapur,17238928,2491,4,2026-04-30,Sold
8444,Chennai,Adyar,12441823,1558,1,2026-04-11,Pending
8445,Bengaluru,HSR Layout,15066687,1040,1,2026-05-25,Pending
8446,Chennai,Adyar,41208718,3128,3,2026-07-06,Available
8447,Hyderabad,Kukatpally,22751848,2960,2,2026-06-03,Available
8448,Hyderabad,Banjara Hills,19199281,2166,5,2026-05-10,Sold
8449,Pune,Baner,20678616,3275,1,2026-07-03,Pending
8450,Hyderabad,Kondapur,27875723,3074,5,2026-06-28,Available
8451,Pune,Wakad,46107786,3411,5,2026-07-05,Sold
8452,Pune,Kharadi,10442567,1615,4,2026-05-25,Available
8453,Bengaluru,Electronic City,59581476,4408,5,2026-07-05,Pending
8454,Pune,Hinjewadi,23946689,2522,5,2026-04-16,Pending
8455,Pune,Baner,37596555,3139,3,2026-06-19,Sold
8456,Mumbai,Thane,8404798,802,3,2026-05-23,Sold
8457,Bengaluru,Indiranagar,31892045,3565,5,2026-05-01,Pending
8458,Bengaluru,Whitefield,9313900,846,2,2026-04-15,Pending
8459,Bengaluru,HSR Layout,11868154,2074,1,2026-05-08,Sold
8460,Bengaluru,Indiranagar,50182644,3369,1,2026-06-17,Sold
8461,Chennai,Anna Nagar,19766980,1320,5,2026-06-05,Sold
8462,Pune,Kharadi,27370887,1956,2,2026-07-05,Sold
8463,Bengaluru,Electronic City,53469492,4892,2,2026-04-27,Sold
8464,Bengaluru,Whitefield,45912389,4109,2,2026-05-20,Pending
8465,Chennai,Velachery,12742625,2771,5,2026-05-08,Pending
8466,Pune,Baner,14398834,1977,4,2026-05-09,Available
8467,Chennai,Adyar,5072822,727,2,2026-06-02,Pending
8468,Chennai,OMR,17051034,2639,4,2026-06-11,Pending
8469,Pune,Kharadi,20018348,2516,1,2026-05-16,Pending
8470,Pune,Kharadi,49464872,3674,2,2026-06-29,Available
8471,Mumbai,Powai,26170636,3017,3,2026-04-17,Pending
8472,Bengaluru,Whitefield,33139940,2756,2,2026-04-19,Pending
8473,Hyderabad,Kukatpally,8062207,1840,1,2026-05-18,Sold
8474,Chennai,Adyar,58219642,4867,1,2026-06-09,Available
8475,Bengaluru,Electronic City,15201776,1280,4,2026-05-08,Available
8476,Chennai,OMR,37085447,2823,2,2026-06-28,Available
8477,Mumbai,Bandra,23152635,2195,4,2026-04-19,Pending
8478,Hyderabad,Gachibowli,19379185,3932,2,2026-06-07,Pending
8479,Chennai,OMR,13962985,1009,1,2026-06-07,Sold
8480,Bengaluru,Whitefield,44571815,4470,3,2026-06-09,Pending
8481,Hyderabad,Jubilee Hills,56215142,4661,4,2026-06-06,Pending
8482,Pune,Hinjewadi,32667008,2881,3,2026-05-24,Available
8483,Bengaluru,HSR Layout,14031098,1287,2,2026-05-04,Pending
8484,Chennai,Velachery,22178159,3126,1,2026-04-19,Pending
8485,Pune,Hinjewadi,4779166,911,2,2026-06-04,Sold
8486,Chennai,Anna Nagar,31730537,2832,4,2026-07-03,Pending
8487,Chennai,Anna Nagar,42104723,2923,4,2026-04-25,Sold
8488,Hyderabad,Jubilee Hills,45096072,4715,1,2026-07-02,Pending
8489,Chennai,Adyar,30461514,3290,4,2026-05-27,Sold
8490,Bengaluru,Electronic City,32533435,3181,4,2026-04-21,Sold
8491,Pune,Kharadi,17563302,4018,5,2026-06-03,Available
8492,Pune,Wakad,30150649,4066,1,2026-05-24,Pending
8493,Pune,Hinjewadi,5495885,900,4,2026-05-20,Sold
8494,Pune,Hinjewadi,20889995,2213,4,2026-05-05,Sold
8495,Bengaluru,HSR Layout,46576807,4094,1,2026-05-18,Available
8496,Chennai,OMR,12025940,2269,1,2026-06-08,Sold
8497,Hyderabad,Miyapur,6061812,608,4,2026-04-14,Available
8498,Pune,Hinjewadi,37668112,2893,4,2026-04-19,Available
8499,Mumbai,Thane,33799215,2308,2,2026-07-04,Pending
8500,Mumbai,Bandra,10040746,953,4,2026-05-06,Available
8501,Bengaluru,Electronic City,33336151,2348,5,2026-05-29,Available
8502,Chennai,Adyar,43755161,4923,1,2026-05-06,Sold
8503,Pune,Baner,13147305,2253,2,2026-04-22,Available
8504,Pune,Wakad,41437991,4226,3,2026-07-01,Pending
8505,Bengaluru,HSR Layout,58357640,4867,3,2026-05-20,Available
8506,Hyderabad,Banjara Hills,15801635,1454,3,2026-06-19,Sold
8507,Mumbai,Powai,9291038,1564,1,2026-04-20,Pending
8508,Bengaluru,Indiranagar,28692436,4263,4,2026-07-01,Sold
8509,Chennai,Anna Nagar,8082412,1049,3,2026-04-15,Available
8510,Chennai,OMR,26929561,2907,4,2026-04-20,Sold
8511,Pune,Baner,60284452,4372,5,2026-04-10,Sold
8512,Mumbai,Andheri,19440547,4576,5,2026-04-14,Sold
8513,Hyderabad,Jubilee Hills,17984745,1993,1,2026-06-29,Pending
8514,Bengaluru,HSR Layout,65103150,4605,1,2026-04-16,Available
8515,Pune,Baner,22804697,4979,5,2026-04-11,Available
8516,Mumbai,Thane,8843527,1227,3,2026-05-14,Sold
8517,Pune,Hinjewadi,10305931,1220,4,2026-06-01,Available
8518,Chennai,OMR,9455798,1259,1,2026-04-12,Available
8519,Mumbai,Bandra,41748166,4569,3,2026-06-08,Pending
8520,Bengaluru,Indiranagar,24714488,2066,4,2026-05-28,Sold
8521,Bengaluru,Whitefield,33018436,3678,5,2026-07-01,Available
8522,Mumbai,Powai,15902602,1114,5,2026-05-19,Pending
8523,Bengaluru,Electronic City,15958319,1529,4,2026-05-28,Pending
8524,Mumbai,Andheri,14919635,3249,4,2026-06-07,Pending
8525,Hyderabad,Kondapur,4700602,1004,4,2026-05-12,Sold
8526,Mumbai,Andheri,14336856,1549,4,2026-05-15,Pending
8527,Chennai,OMR,51053888,4342,1,2026-06-13,Pending
8528,Chennai,Adyar,41000858,4545,4,2026-05-24,Available
8529,Chennai,Adyar,26441611,1906,5,2026-04-16,Available
8530,Chennai,Velachery,5483995,1352,3,2026-06-12,Available
8531,Mumbai,Andheri,36450318,3646,5,2026-05-22,Sold
8532,Chennai,OMR,19142064,1492,3,2026-06-03,Pending
8533,Mumbai,Bandra,26732130,4180,2,2026-07-06,Available
8534,Pune,Hinjewadi,36044957,2730,5,2026-06-11,Available
8535,Mumbai,Thane,3222205,743,2,2026-05-31,Pending
8536,Pune,Wakad,37177431,4813,1,2026-05-06,Sold
8537,Pune,Kharadi,24895319,3619,1,2026-06-13,Pending
8538,Pune,Baner,13145451,2209,3,2026-07-03,Sold
8539,Hyderabad,Gachibowli,24365618,3090,2,2026-07-09,Sold
8540,Bengaluru,HSR Layout,48792726,3334,3,2026-05-22,Sold
8541,Hyderabad,Gachibowli,28579788,3193,5,2026-05-18,Sold
8542,Chennai,Anna Nagar,31154443,4781,3,2026-05-27,Sold
8543,Mumbai,Andheri,4043749,875,5,2026-07-03,Sold
8544,Mumbai,Powai,51861468,3470,4,2026-05-13,Sold
8545,Hyderabad,Kukatpally,33842367,2446,4,2026-04-26,Available
8546,Mumbai,Thane,43045396,3992,4,2026-05-23,Sold
8547,Hyderabad,Gachibowli,20063876,3655,5,2026-06-13,Available
8548,Bengaluru,Indiranagar,20529832,1756,5,2026-05-31,Available
8549,Bengaluru,Indiranagar,13935033,1729,2,2026-06-18,Available
8550,Bengaluru,Whitefield,5357184,718,3,2026-04-25,Sold
8551,Pune,Hinjewadi,25385530,2936,3,2026-06-03,Available
8552,Pune,Hinjewadi,33155977,4413,5,2026-06-29,Sold
8553,Hyderabad,Jubilee Hills,11220366,1248,2,2026-04-23,Available
8554,Mumbai,Thane,24796239,2855,2,2026-05-21,Sold
8555,Pune,Kharadi,9595922,1665,2,2026-06-09,Pending
8556,Hyderabad,Madhapur,23418664,3874,5,2026-05-06,Available
8557,Pune,Kharadi,64856401,4985,5,2026-06-03,Available
8558,Bengaluru,HSR Layout,37663058,3518,4,2026-04-28,Available
8559,Pune,Baner,21720000,3867,1,2026-06-03,Sold
8560,Pune,Baner,5210937,1244,1,2026-06-13,Sold
8561,Chennai,Adyar,29198767,3022,2,2026-06-03,Sold
8562,Mumbai,Andheri,29033385,4474,2,2026-06-10,Sold
8563,Hyderabad,Banjara Hills,18203756,3419,2,2026-06-04,Available
8564,Bengaluru,Indiranagar,27931520,3804,1,2026-04-16,Sold
8565,Pune,Wakad,25955871,2368,3,2026-06-22,Pending
8566,Bengaluru,Indiranagar,34046214,2925,5,2026-04-28,Pending
8567,Chennai,Adyar,15243461,1199,3,2026-05-14,Pending
8568,Chennai,Velachery,23722836,4265,3,2026-07-08,Sold
8569,Mumbai,Bandra,72657160,4975,3,2026-06-14,Sold
8570,Hyderabad,Miyapur,40968759,4075,2,2026-06-27,Available
8571,Pune,Kharadi,39204131,3379,3,2026-05-27,Pending
8572,Hyderabad,Madhapur,47873077,3561,5,2026-04-16,Sold
8573,Hyderabad,Banjara Hills,22403091,2374,1,2026-06-06,Pending
8574,Mumbai,Powai,10573433,853,5,2026-05-15,Sold
8575,Mumbai,Thane,21554022,4050,2,2026-04-29,Pending
8576,Bengaluru,Electronic City,11647158,1166,5,2026-05-09,Pending
8577,Chennai,Anna Nagar,23955797,3932,3,2026-04-19,Pending
8578,Hyderabad,Madhapur,11104404,797,2,2026-05-27,Sold
8579,Pune,Kharadi,37886670,3352,1,2026-06-30,Sold
8580,Chennai,Anna Nagar,38614150,2923,4,2026-06-19,Sold
8581,Pune,Hinjewadi,17090451,1259,5,2026-05-13,Sold
8582,Mumbai,Thane,28081425,2117,2,2026-06-06,Available
8583,Bengaluru,Electronic City,55431282,4741,5,2026-06-18,Available
8584,Chennai,Adyar,36523829,2921,4,2026-05-30,Sold
8585,Chennai,Adyar,8249807,684,3,2026-06-24,Available
8586,Pune,Hinjewadi,66065747,4698,1,2026-05-01,Pending
8587,Bengaluru,Electronic City,17519172,2762,5,2026-04-16,Sold
8588,Chennai,OMR,23132860,3087,1,2026-04-24,Sold
8589,Pune,Baner,51943990,4013,5,2026-06-22,Available
8590,Pune,Kharadi,51974995,4654,2,2026-05-12,Available
8591,Pune,Baner,27185329,4153,4,2026-04-25,Sold
8592,Bengaluru,Electronic City,34073136,3158,1,2026-06-02,Available
8593,Pune,Hinjewadi,9893047,980,5,2026-04-30,Available
8594,Pune,Wakad,43418872,3066,2,2026-05-21,Available
8595,Chennai,OMR,24792450,2056,4,2026-05-01,Pending
8596,Bengaluru,HSR Layout,7675880,1211,2,2026-06-05,Sold
8597,Chennai,OMR,20895188,1986,4,2026-05-07,Pending
8598,Pune,Baner,13085834,1317,4,2026-07-05,Available
8599,Pune,Wakad,18624666,3938,2,2026-06-03,Sold
8600,Chennai,Adyar,52151349,4350,4,2026-07-01,Pending
8601,Pune,Baner,6403009,1178,4,2026-04-26,Pending
8602,Bengaluru,Whitefield,39423902,2735,2,2026-06-29,Pending
8603,Mumbai,Bandra,21227167,1614,4,2026-04-14,Available
8604,Pune,Kharadi,10965858,1066,1,2026-06-08,Sold
8605,Bengaluru,Indiranagar,21470662,1708,3,2026-05-27,Sold
8606,Pune,Hinjewadi,33250186,3446,5,2026-06-15,Available
8607,Mumbai,Andheri,19692180,3331,2,2026-04-13,Sold
8608,Hyderabad,Gachibowli,52473557,4135,4,2026-07-05,Pending
8609,Bengaluru,Indiranagar,19871977,3339,5,2026-07-02,Available
8610,Bengaluru,Electronic City,32173262,3999,3,2026-06-23,Pending
8611,Chennai,Adyar,9281117,1789,1,2026-06-27,Pending
8612,Chennai,Velachery,15968969,1660,2,2026-07-04,Available
8613,Hyderabad,Kondapur,59479783,4900,3,2026-07-05,Sold
8614,Mumbai,Thane,20721183,4053,4,2026-06-27,Pending
8615,Hyderabad,Jubilee Hills,23655285,2768,4,2026-07-01,Pending
8616,Pune,Wakad,22262698,3824,5,2026-05-22,Sold
8617,Hyderabad,Jubilee Hills,42487044,3629,3,2026-04-30,Pending
8618,Chennai,Velachery,14995006,2063,4,2026-05-26,Pending
8619,Hyderabad,Banjara Hills,68681532,4728,1,2026-06-23,Pending
8620,Chennai,Anna Nagar,30291578,3467,3,2026-05-21,Pending
8621,Hyderabad,Kondapur,31870010,3540,1,2026-05-10,Available
8622,Hyderabad,Madhapur,26075872,3049,1,2026-05-27,Pending
8623,Pune,Wakad,6912607,761,2,2026-06-25,Sold
8624,Chennai,OMR,37546472,3660,2,2026-05-25,Pending
8625,Pune,Wakad,11752401,858,5,2026-05-17,Available
8626,Pune,Hinjewadi,23958562,1982,3,2026-04-24,Available
8627,Hyderabad,Madhapur,5619286,1087,5,2026-05-31,Available
8628,Mumbai,Bandra,11880322,2737,4,2026-06-05,Pending
8629,Hyderabad,Madhapur,13999761,1331,3,2026-04-15,Sold
8630,Mumbai,Powai,35781973,3361,2,2026-05-13,Pending
8631,Hyderabad,Kukatpally,12389720,1671,1,2026-05-29,Sold
8632,Hyderabad,Miyapur,25607573,2570,4,2026-05-06,Sold
8633,Mumbai,Bandra,43314093,3011,2,2026-05-16,Sold
8634,Chennai,OMR,21684854,1813,4,2026-07-02,Available
8635,Hyderabad,Jubilee Hills,21827629,3189,4,2026-04-12,Sold
8636,Chennai,Adyar,18577529,4416,2,2026-05-13,Pending
8637,Bengaluru,Indiranagar,21104857,1936,1,2026-07-05,Pending
8638,Hyderabad,Kukatpally,35836764,2662,2,2026-05-22,Pending
8639,Chennai,OMR,12636773,1051,5,2026-04-24,Pending
8640,Bengaluru,Electronic City,42316186,4795,4,2026-05-03,Available
8641,Hyderabad,Kukatpally,19701218,3267,4,2026-04-19,Sold
8642,Mumbai,Andheri,16807735,2493,5,2026-05-21,Sold
8643,Chennai,Velachery,49638912,3610,3,2026-06-16,Available
8644,Bengaluru,Indiranagar,37832273,4712,2,2026-06-11,Sold
8645,Mumbai,Bandra,13809949,2550,3,2026-04-10,Pending
8646,Mumbai,Bandra,50310069,3507,4,2026-06-06,Pending
8647,Bengaluru,HSR Layout,8499181,1808,3,2026-05-31,Available
8648,Hyderabad,Kondapur,44494038,4586,3,2026-05-14,Sold
8649,Bengaluru,Whitefield,28224014,2054,2,2026-05-30,Sold
8650,Chennai,Anna Nagar,9581905,1675,4,2026-06-13,Pending
8651,Hyderabad,Kukatpally,26788692,4686,4,2026-05-18,Sold
8652,Bengaluru,Indiranagar,42938046,2932,4,2026-04-30,Available
8653,Bengaluru,Electronic City,60944110,4288,4,2026-05-03,Sold
8654,Bengaluru,Indiranagar,21436839,3625,5,2026-04-12,Sold
8655,Hyderabad,Kondapur,14740983,2027,5,2026-06-01,Pending
8656,Bengaluru,Whitefield,16298910,2457,4,2026-07-05,Pending
8657,Pune,Hinjewadi,15654717,1468,4,2026-05-23,Sold
8658,Pune,Wakad,6190154,692,3,2026-04-12,Pending
8659,Hyderabad,Jubilee Hills,20174261,4471,4,2026-06-01,Available
8660,Pune,Kharadi,12615702,1195,4,2026-04-21,Pending
8661,Chennai,Anna Nagar,27881042,1919,3,2026-06-07,Pending
8662,Chennai,Velachery,46112052,3821,4,2026-07-06,Available
8663,Mumbai,Powai,15635705,3120,1,2026-07-07,Pending
8664,Bengaluru,Electronic City,20232869,3106,4,2026-04-14,Pending
8665,Bengaluru,Whitefield,21564953,4707,5,2026-06-28,Sold
8666,Pune,Kharadi,24110281,2573,2,2026-05-05,Pending
8667,Hyderabad,Jubilee Hills,30270682,4729,5,2026-06-19,Pending
8668,Bengaluru,Whitefield,46837572,3303,1,2026-04-13,Available
8669,Hyderabad,Kukatpally,41138096,3916,2,2026-06-24,Sold
8670,Bengaluru,Whitefield,15787433,2220,3,2026-04-28,Pending
8671,Hyderabad,Banjara Hills,36704862,4037,3,2026-06-16,Sold
8672,Hyderabad,Kondapur,9663003,1802,1,2026-05-03,Sold
8673,Bengaluru,Electronic City,46053314,3613,5,2026-06-26,Available
8674,Chennai,Adyar,30730474,3024,3,2026-07-07,Sold
8675,Chennai,Anna Nagar,28824837,2237,2,2026-07-06,Sold
8676,Hyderabad,Madhapur,15450797,1094,1,2026-04-29,Sold
8677,Pune,Baner,27022862,4616,3,2026-06-15,Available
8678,Mumbai,Powai,7404029,756,5,2026-04-11,Sold
8679,Mumbai,Thane,32294720,3583,3,2026-04-10,Pending
8680,Hyderabad,Banjara Hills,16531196,2917,4,2026-04-11,Available
8681,Mumbai,Powai,8685373,733,2,2026-05-27,Sold
8682,Pune,Kharadi,16683895,3761,5,2026-04-15,Pending
8683,Mumbai,Powai,20519250,1976,3,2026-04-26,Available
8684,Mumbai,Andheri,29589163,2052,3,2026-04-20,Available
8685,Chennai,OMR,8896796,945,1,2026-06-07,Pending
8686,Mumbai,Andheri,38193038,4347,4,2026-04-23,Pending
8687,Bengaluru,Electronic City,6654347,1175,4,2026-05-14,Pending
8688,Pune,Wakad,6758313,1545,2,2026-06-04,Sold
8689,Mumbai,Powai,29346544,3929,4,2026-07-01,Sold
8690,Mumbai,Thane,27677787,2652,4,2026-05-24,Pending
8691,Mumbai,Andheri,15791042,1709,2,2026-05-02,Available
8692,Mumbai,Powai,43597330,3927,2,2026-06-12,Sold
8693,Bengaluru,HSR Layout,21546790,3398,3,2026-07-06,Pending
8694,Hyderabad,Jubilee Hills,15427734,1242,3,2026-07-05,Available
8695,Bengaluru,Whitefield,12785599,3121,4,2026-04-22,Sold
8696,Hyderabad,Kondapur,30281745,2080,4,2026-05-06,Sold
8697,Hyderabad,Kondapur,10598550,932,3,2026-04-10,Sold
8698,Mumbai,Bandra,12709819,992,3,2026-07-04,Sold
8699,Chennai,Adyar,28168910,2876,1,2026-05-20,Available
8700,Mumbai,Thane,51414261,3783,1,2026-06-08,Sold
8701,Bengaluru,Indiranagar,10822150,1203,5,2026-05-18,Available
8702,Mumbai,Bandra,15209483,2142,3,2026-04-20,Sold
8703,Pune,Kharadi,16104006,1862,1,2026-04-11,Pending
8704,Bengaluru,Whitefield,18783110,1368,1,2026-05-25,Pending
8705,Chennai,Adyar,19028296,2089,5,2026-06-26,Sold
8706,Mumbai,Bandra,5690715,539,4,2026-06-04,Sold
8707,Pune,Baner,12626953,1128,3,2026-05-22,Sold
8708,Mumbai,Thane,52209302,4545,1,2026-06-24,Available
8709,Mumbai,Thane,45835287,4571,1,2026-06-24,Available
8710,Bengaluru,Whitefield,24375445,2900,3,2026-04-16,Sold
8711,Chennai,OMR,40764141,4778,5,2026-07-08,Sold
8712,Pune,Kharadi,8380232,1367,3,2026-04-14,Sold
8713,Bengaluru,Whitefield,35298111,4944,1,2026-04-16,Available
8714,Bengaluru,Whitefield,18378844,2333,2,2026-05-20,Pending
8715,Bengaluru,Whitefield,35070270,4065,5,2026-07-06,Sold
8716,Pune,Hinjewadi,8671377,1280,2,2026-05-04,Available
8717,Hyderabad,Kondapur,14652222,1668,3,2026-06-17,Pending
8718,Bengaluru,Electronic City,66445575,4999,4,2026-05-08,Sold
8719,Bengaluru,Whitefield,30294334,2769,1,2026-06-01,Pending
8720,Chennai,Anna Nagar,51234086,3966,3,2026-05-09,Available
8721,Bengaluru,Whitefield,12280963,1022,5,2026-05-22,Sold
8722,Mumbai,Bandra,44789720,3594,3,2026-07-06,Pending
8723,Chennai,Adyar,9758639,1266,5,2026-06-24,Sold
8724,Hyderabad,Miyapur,24820248,3811,3,2026-07-02,Sold
8725,Mumbai,Bandra,12329699,2784,5,2026-05-30,Available
8726,Mumbai,Powai,52437857,3783,3,2026-06-28,Pending
8727,Bengaluru,Whitefield,9511978,1285,1,2026-05-08,Pending
8728,Bengaluru,Electronic City,20894858,3337,1,2026-06-16,Available
8729,Hyderabad,Gachibowli,6036496,1157,2,2026-04-28,Sold
8730,Bengaluru,Indiranagar,36520259,3661,4,2026-06-19,Sold
8731,Mumbai,Thane,13158957,2462,3,2026-05-28,Pending
8732,Hyderabad,Banjara Hills,19161468,2013,4,2026-07-09,Available
8733,Chennai,OMR,30245809,2263,1,2026-05-18,Sold
8734,Hyderabad,Madhapur,8297452,1404,5,2026-06-19,Pending
8735,Chennai,Adyar,15940069,1330,1,2026-06-04,Pending
8736,Chennai,Anna Nagar,3011374,788,5,2026-07-08,Sold
8737,Pune,Wakad,9440927,1605,4,2026-05-25,Available
8738,Mumbai,Powai,24200334,2481,5,2026-05-07,Pending
8739,Hyderabad,Banjara Hills,9328818,857,2,2026-05-23,Available
8740,Pune,Baner,16776594,2587,4,2026-06-02,Sold
8741,Mumbai,Bandra,27575006,1859,1,2026-04-14,Pending
8742,Chennai,Anna Nagar,4201972,880,5,2026-05-03,Sold
8743,Bengaluru,HSR Layout,45356718,3571,5,2026-04-13,Available
8744,Hyderabad,Madhapur,34315009,4034,1,2026-07-06,Sold
8745,Pune,Hinjewadi,3593765,723,2,2026-06-03,Sold
8746,Bengaluru,Electronic City,21485840,1818,3,2026-06-02,Sold
8747,Bengaluru,Whitefield,52285665,4065,2,2026-06-15,Pending
8748,Mumbai,Bandra,53686230,4291,5,2026-05-09,Pending
8749,Chennai,Velachery,16773497,2855,5,2026-05-07,Sold
8750,Mumbai,Bandra,26081251,3951,2,2026-06-14,Available
8751,Bengaluru,HSR Layout,24130632,3015,1,2026-04-19,Pending
8752,Pune,Hinjewadi,2563965,508,2,2026-05-29,Available
8753,Bengaluru,Whitefield,26186733,2042,4,2026-06-21,Pending
8754,Mumbai,Thane,43739190,3234,5,2026-04-17,Pending
8755,Pune,Baner,6419695,699,2,2026-06-05,Available
8756,Hyderabad,Kondapur,19900247,1937,1,2026-07-07,Sold
8757,Pune,Kharadi,41042272,3379,3,2026-05-20,Available
8758,Bengaluru,Electronic City,18842623,2148,3,2026-06-09,Pending
8759,Mumbai,Bandra,46966358,3179,5,2026-05-25,Available
8760,Chennai,Adyar,36035894,2923,3,2026-06-19,Sold
8761,Pune,Wakad,38573384,3571,1,2026-04-18,Sold
8762,Mumbai,Thane,23924264,3116,5,2026-05-24,Sold
8763,Chennai,Anna Nagar,16926109,1787,4,2026-05-12,Available
8764,Bengaluru,Whitefield,24991169,2790,2,2026-07-06,Pending
8765,Hyderabad,Jubilee Hills,41469047,4951,3,2026-06-14,Pending
8766,Mumbai,Thane,18704465,1605,3,2026-06-08,Pending
8767,Pune,Kharadi,42672174,4986,3,2026-06-09,Pending
8768,Hyderabad,Madhapur,57206147,4601,1,2026-05-05,Pending
8769,Mumbai,Thane,18029235,2251,4,2026-07-03,Sold
8770,Pune,Wakad,6645453,861,1,2026-04-24,Pending
8771,Bengaluru,Whitefield,9790388,946,5,2026-05-24,Available
8772,Mumbai,Andheri,37690706,4722,1,2026-06-16,Available
8773,Chennai,Anna Nagar,28928074,4900,1,2026-05-03,Pending
8774,Chennai,OMR,54371886,3843,3,2026-06-21,Available
8775,Pune,Baner,11911881,2489,3,2026-06-28,Pending
8776,Bengaluru,Whitefield,24389977,4271,2,2026-05-08,Available
8777,Chennai,Anna Nagar,17060922,1365,4,2026-05-20,Sold
8778,Mumbai,Bandra,6311508,1248,1,2026-05-25,Sold
8779,Bengaluru,Indiranagar,9015526,637,3,2026-05-23,Pending
8780,Mumbai,Thane,16639493,2157,2,2026-06-14,Available
8781,Hyderabad,Miyapur,20221239,3815,4,2026-05-18,Sold
8782,Bengaluru,Electronic City,31972815,3029,2,2026-04-11,Sold
8783,Bengaluru,Whitefield,53928432,3947,2,2026-04-16,Available
8784,Bengaluru,HSR Layout,30201716,2622,1,2026-07-05,Available
8785,Bengaluru,Whitefield,22983358,3462,3,2026-06-25,Sold
8786,Bengaluru,HSR Layout,36717571,4583,5,2026-06-26,Available
8787,Pune,Kharadi,25947060,2528,3,2026-07-05,Sold
8788,Mumbai,Powai,56537856,3809,1,2026-05-29,Sold
8789,Pune,Baner,34828252,3231,3,2026-06-03,Sold
8790,Bengaluru,HSR Layout,8967389,2102,1,2026-06-20,Available
8791,Bengaluru,Whitefield,35275301,2921,1,2026-07-03,Sold
8792,Bengaluru,Electronic City,38897717,3745,1,2026-04-17,Pending
8793,Hyderabad,Banjara Hills,20381676,4132,1,2026-06-01,Pending
8794,Chennai,Anna Nagar,47085623,4388,5,2026-06-05,Sold
8795,Mumbai,Andheri,13646730,936,2,2026-06-15,Available
8796,Pune,Baner,11886086,989,5,2026-07-04,Available
8797,Hyderabad,Kondapur,5393651,796,1,2026-07-08,Sold
8798,Mumbai,Thane,3466468,768,2,2026-05-17,Sold
8799,Mumbai,Bandra,44763204,3793,4,2026-05-22,Sold
8800,Pune,Wakad,31042689,3218,5,2026-05-25,Available
8801,Pune,Wakad,26882116,4964,3,2026-06-09,Pending
8802,Bengaluru,Indiranagar,21677508,2332,5,2026-04-17,Sold
8803,Mumbai,Andheri,24309521,3754,3,2026-06-23,Available
8804,Hyderabad,Gachibowli,21021947,2222,4,2026-07-03,Available
8805,Chennai,Adyar,4301862,789,4,2026-06-08,Available
8806,Mumbai,Andheri,16067665,1548,5,2026-05-11,Sold
8807,Hyderabad,Kondapur,33749184,3148,2,2026-05-09,Pending
8808,Pune,Hinjewadi,21152525,1454,2,2026-07-05,Sold
8809,Hyderabad,Miyapur,37825776,2995,3,2026-07-07,Pending
8810,Hyderabad,Banjara Hills,41064300,4305,1,2026-07-03,Available
8811,Pune,Kharadi,43623228,4421,1,2026-06-23,Sold
8812,Bengaluru,HSR Layout,12694439,2096,1,2026-06-20,Pending
8813,Hyderabad,Banjara Hills,16967871,1286,2,2026-06-29,Available
8814,Pune,Hinjewadi,3636009,650,3,2026-05-14,Available
8815,Chennai,OMR,17388599,3745,3,2026-06-20,Sold
8816,Bengaluru,Whitefield,16195287,1546,2,2026-07-06,Available
8817,Mumbai,Thane,65386995,4840,3,2026-04-12,Available
8818,Bengaluru,HSR Layout,37365932,3046,1,2026-06-20,Sold
8819,Bengaluru,Electronic City,10848954,1307,2,2026-05-02,Pending
8820,Pune,Hinjewadi,8057892,1598,4,2026-07-08,Pending
8821,Mumbai,Powai,31943051,2288,4,2026-04-11,Pending
8822,Hyderabad,Madhapur,24948577,1762,4,2026-05-13,Sold
8823,Pune,Wakad,24580884,3240,1,2026-06-30,Sold
8824,Bengaluru,Indiranagar,4078099,516,5,2026-06-13,Pending
8825,Hyderabad,Kukatpally,23366726,1690,2,2026-04-15,Available
8826,Chennai,Velachery,27813044,3789,4,2026-05-08,Available
8827,Chennai,Adyar,11401360,1345,3,2026-07-03,Pending
8828,Bengaluru,Whitefield,14085722,1423,2,2026-05-09,Sold
8829,Hyderabad,Miyapur,8682159,726,5,2026-04-16,Pending
8830,Hyderabad,Banjara Hills,61692288,4491,3,2026-05-24,Pending
8831,Hyderabad,Jubilee Hills,13594292,3351,2,2026-04-28,Pending
8832,Bengaluru,Electronic City,16932176,1110,2,2026-06-26,Sold
8833,Hyderabad,Kondapur,15279595,1019,4,2026-06-26,Available
8834,Hyderabad,Miyapur,30791052,3333,2,2026-05-14,Available
8835,Hyderabad,Gachibowli,3031439,792,5,2026-04-28,Sold
8836,Pune,Wakad,64786435,4456,1,2026-06-14,Pending
8837,Pune,Hinjewadi,17621542,1881,3,2026-06-15,Sold
8838,Hyderabad,Kondapur,16192215,1566,1,2026-05-27,Available
8839,Bengaluru,Electronic City,32062459,2172,5,2026-05-29,Pending
8840,Mumbai,Bandra,13901533,2883,2,2026-05-19,Sold
8841,Pune,Wakad,40350115,3351,4,2026-05-23,Pending
8842,Chennai,Anna Nagar,14340953,3571,3,2026-04-28,Pending
8843,Hyderabad,Madhapur,12302833,2811,1,2026-04-14,Pending
8844,Chennai,Adyar,14350774,2578,2,2026-07-04,Available
8845,Chennai,Adyar,55886044,3943,5,2026-05-24,Available
8846,Mumbai,Powai,16863509,3040,4,2026-05-15,Available
8847,Pune,Wakad,29807923,3013,4,2026-07-09,Available
8848,Hyderabad,Miyapur,16222487,1856,5,2026-06-16,Sold
8849,Hyderabad,Kukatpally,22358472,4804,5,2026-07-04,Available
8850,Chennai,Velachery,6356543,1366,5,2026-06-10,Available
8851,Pune,Wakad,25742392,3399,3,2026-04-26,Sold
8852,Mumbai,Bandra,27292173,2320,4,2026-04-13,Pending
8853,Hyderabad,Jubilee Hills,14508618,2059,3,2026-05-19,Sold
8854,Chennai,OMR,22328602,3307,1,2026-06-13,Available
8855,Bengaluru,Electronic City,8264254,746,3,2026-07-08,Pending
8856,Pune,Baner,3197023,540,5,2026-06-25,Available
8857,Bengaluru,Whitefield,6226368,1279,4,2026-05-06,Available
8858,Pune,Hinjewadi,22785127,4420,5,2026-06-01,Sold
8859,Pune,Baner,41608124,2985,1,2026-05-14,Pending
8860,Mumbai,Powai,14830729,1083,1,2026-06-05,Pending
8861,Pune,Wakad,23831656,2681,5,2026-04-10,Sold
8862,Pune,Wakad,13689593,1878,1,2026-05-09,Sold
8863,Mumbai,Andheri,12710810,1178,2,2026-04-10,Pending
8864,Bengaluru,HSR Layout,17373859,1443,1,2026-04-24,Available
8865,Hyderabad,Miyapur,10873428,2713,4,2026-04-14,Available
8866,Pune,Wakad,12973392,929,4,2026-05-10,Available
8867,Hyderabad,Gachibowli,33862134,4849,4,2026-07-04,Available
8868,Chennai,Velachery,6653570,540,3,2026-05-26,Sold
8869,Pune,Kharadi,54057665,4864,2,2026-07-04,Pending
8870,Chennai,OMR,35090098,4528,3,2026-05-27,Pending
8871,Chennai,OMR,10251078,1401,3,2026-07-07,Sold
8872,Bengaluru,Whitefield,19524171,4778,2,2026-06-29,Pending
8873,Mumbai,Thane,9504443,639,5,2026-04-27,Sold
8874,Mumbai,Andheri,7375238,1408,3,2026-05-31,Pending
8875,Mumbai,Thane,31341208,2147,3,2026-04-27,Sold
8876,Bengaluru,Electronic City,7688805,1764,3,2026-06-23,Pending
8877,Mumbai,Thane,36637550,3390,3,2026-05-17,Sold
8878,Mumbai,Bandra,46908651,3936,4,2026-04-16,Sold
8879,Chennai,OMR,40087964,3322,2,2026-05-12,Pending
8880,Hyderabad,Miyapur,5543414,1257,5,2026-04-14,Available
8881,Mumbai,Thane,61722780,4737,4,2026-06-18,Pending
8882,Mumbai,Powai,14567245,1208,4,2026-04-26,Available
8883,Hyderabad,Madhapur,18568894,3366,2,2026-05-15,Pending
8884,Chennai,Velachery,34604116,2647,2,2026-05-29,Pending
8885,Pune,Wakad,25045536,3896,4,2026-05-28,Available
8886,Bengaluru,Electronic City,30453069,3397,1,2026-05-13,Available
8887,Bengaluru,Electronic City,47216545,3403,2,2026-06-01,Sold
8888,Bengaluru,Electronic City,25765037,1942,3,2026-07-06,Pending
8889,Hyderabad,Kondapur,40465199,4190,3,2026-06-14,Pending
8890,Chennai,Adyar,3635493,697,2,2026-04-22,Available
8891,Pune,Wakad,9933519,1529,2,2026-07-08,Pending
8892,Chennai,Anna Nagar,29967841,2970,1,2026-06-26,Available
8893,Mumbai,Bandra,32085306,2623,4,2026-05-21,Pending
8894,Chennai,Adyar,18590275,1726,2,2026-07-02,Available
8895,Mumbai,Bandra,70536435,4736,5,2026-04-15,Available
8896,Bengaluru,Electronic City,41945534,3738,4,2026-06-09,Sold
8897,Mumbai,Powai,59086034,4469,3,2026-06-24,Sold
8898,Pune,Hinjewadi,15039659,2012,5,2026-05-15,Pending
8899,Mumbai,Bandra,45409482,4796,2,2026-06-09,Available
8900,Mumbai,Andheri,15421369,2702,2,2026-05-06,Available
8901,Chennai,OMR,8883656,1219,3,2026-04-22,Pending
8902,Mumbai,Powai,19514505,3909,2,2026-05-03,Available
8903,Hyderabad,Kondapur,47807443,3354,5,2026-04-18,Pending
8904,Bengaluru,Whitefield,48131535,4224,1,2026-06-23,Pending
8905,Chennai,OMR,13483415,1190,4,2026-05-16,Available
8906,Hyderabad,Madhapur,38279532,3772,3,2026-06-25,Available
8907,Chennai,Anna Nagar,49468194,4696,5,2026-07-08,Sold
8908,Pune,Wakad,19235988,1474,5,2026-05-24,Pending
8909,Mumbai,Powai,20343457,1499,4,2026-07-04,Sold
8910,Bengaluru,Whitefield,13607432,2471,2,2026-04-21,Pending
8911,Hyderabad,Gachibowli,46389798,3220,2,2026-06-19,Available
8912,Bengaluru,HSR Layout,6072235,560,3,2026-05-24,Available
8913,Chennai,OMR,5000077,667,3,2026-05-14,Sold
8914,Chennai,Anna Nagar,39863919,4591,4,2026-06-09,Available
8915,Hyderabad,Gachibowli,24619987,3060,4,2026-06-11,Pending
8916,Hyderabad,Kukatpally,22061985,3096,3,2026-06-28,Pending
8917,Bengaluru,Indiranagar,4765060,797,2,2026-04-12,Sold
8918,Bengaluru,Indiranagar,40477646,3490,4,2026-06-28,Available
8919,Hyderabad,Madhapur,12152902,1142,2,2026-06-20,Pending
8920,Hyderabad,Miyapur,37792104,4590,4,2026-04-29,Available
8921,Mumbai,Bandra,7061092,901,4,2026-04-19,Sold
8922,Pune,Hinjewadi,30390112,4796,5,2026-04-10,Sold
8923,Bengaluru,Indiranagar,31792270,4084,1,2026-05-14,Sold
8924,Pune,Wakad,45403491,3596,4,2026-05-05,Sold
8925,Mumbai,Thane,9529791,986,1,2026-07-04,Available
8926,Hyderabad,Gachibowli,19059973,3091,3,2026-07-01,Available
8927,Bengaluru,HSR Layout,37141683,4058,2,2026-06-25,Sold
8928,Mumbai,Bandra,23313407,4962,5,2026-05-06,Sold
8929,Pune,Hinjewadi,57807682,4023,3,2026-05-03,Pending
8930,Pune,Wakad,19492938,2592,5,2026-05-16,Pending
8931,Hyderabad,Kondapur,30352898,2699,1,2026-05-05,Sold
8932,Hyderabad,Madhapur,7039445,733,4,2026-06-09,Pending
8933,Hyderabad,Miyapur,31035949,3048,1,2026-05-18,Pending
8934,Mumbai,Andheri,65709789,4771,5,2026-06-20,Sold
8935,Mumbai,Thane,8870249,979,3,2026-05-02,Available
8936,Pune,Wakad,34708039,2416,3,2026-06-18,Pending
8937,Bengaluru,HSR Layout,45106630,4775,2,2026-06-19,Pending
8938,Hyderabad,Miyapur,9696449,1338,2,2026-06-12,Available
8939,Pune,Baner,42841026,4021,1,2026-06-05,Available
8940,Mumbai,Thane,36287721,2674,1,2026-05-20,Sold
8941,Bengaluru,Indiranagar,29705809,3334,2,2026-06-19,Pending
8942,Mumbai,Powai,10814375,2685,5,2026-04-30,Sold
8943,Pune,Hinjewadi,16392413,2686,4,2026-06-15,Sold
8944,Chennai,Adyar,58813787,4255,4,2026-05-16,Sold
8945,Hyderabad,Gachibowli,24997353,4526,2,2026-04-28,Available
8946,Chennai,Adyar,8947160,1185,3,2026-04-23,Sold
8947,Pune,Wakad,27381101,2009,4,2026-06-25,Sold
8948,Mumbai,Andheri,16453247,1088,4,2026-04-23,Available
8949,Bengaluru,Electronic City,12728551,915,3,2026-04-21,Pending
8950,Bengaluru,Indiranagar,33794966,3624,4,2026-06-22,Sold
8951,Pune,Wakad,45680682,4961,3,2026-06-12,Sold
8952,Chennai,Velachery,32134624,2853,5,2026-05-08,Pending
8953,Chennai,Velachery,27759818,4714,5,2026-06-03,Pending
8954,Hyderabad,Miyapur,13652587,2474,1,2026-05-08,Sold
8955,Hyderabad,Kondapur,36733363,3676,5,2026-06-02,Sold
8956,Hyderabad,Kukatpally,26942816,2181,1,2026-04-22,Pending
8957,Hyderabad,Jubilee Hills,19406602,1818,4,2026-04-23,Sold
8958,Hyderabad,Kondapur,20915441,1487,2,2026-04-20,Pending
8959,Pune,Baner,10095198,772,2,2026-05-04,Sold
8960,Chennai,Anna Nagar,30706372,2901,5,2026-05-10,Pending
8961,Mumbai,Bandra,18117168,1378,2,2026-06-26,Sold
8962,Bengaluru,Whitefield,18366763,1801,5,2026-05-25,Sold
8963,Hyderabad,Gachibowli,47708759,3371,1,2026-06-22,Available
8964,Pune,Hinjewadi,39856189,3778,4,2026-04-19,Available
8965,Mumbai,Andheri,12808966,2920,1,2026-05-26,Available
8966,Pune,Hinjewadi,17659339,3624,5,2026-07-06,Available
8967,Pune,Wakad,19013440,1471,5,2026-06-14,Available
8968,Chennai,Velachery,29765318,3782,5,2026-05-14,Sold
8969,Chennai,OMR,21900381,2350,2,2026-04-14,Sold
8970,Hyderabad,Jubilee Hills,21628125,4205,2,2026-04-11,Sold
8971,Bengaluru,HSR Layout,12121467,2572,3,2026-05-23,Sold
8972,Pune,Baner,40754678,2920,2,2026-05-18,Sold
8973,Bengaluru,Whitefield,29947965,2249,5,2026-04-24,Pending
8974,Chennai,Adyar,14501610,1259,4,2026-04-20,Pending
8975,Pune,Wakad,24440748,2244,2,2026-05-09,Sold
8976,Bengaluru,Indiranagar,57578454,4701,2,2026-06-06,Sold
8977,Bengaluru,Whitefield,40552245,2846,4,2026-05-04,Pending
8978,Bengaluru,Indiranagar,29073893,4963,4,2026-05-16,Pending
8979,Pune,Baner,21315501,3191,2,2026-05-12,Sold
8980,Chennai,Adyar,26282710,4801,4,2026-06-19,Pending
8981,Mumbai,Bandra,29832971,3186,1,2026-06-19,Sold
8982,Bengaluru,Whitefield,56615964,4454,2,2026-04-11,Sold
8983,Hyderabad,Gachibowli,27361776,3596,2,2026-04-12,Pending
8984,Bengaluru,Indiranagar,36569374,3051,1,2026-05-14,Sold
8985,Mumbai,Bandra,43158261,3711,5,2026-07-01,Pending
8986,Hyderabad,Madhapur,22328035,3113,3,2026-04-25,Pending
8987,Pune,Hinjewadi,30945739,4101,5,2026-06-23,Pending
8988,Hyderabad,Banjara Hills,29835830,4296,3,2026-05-27,Sold
8989,Bengaluru,Whitefield,38597322,3641,2,2026-04-21,Pending
8990,Mumbai,Andheri,19730526,3596,2,2026-04-19,Available
8991,Chennai,Velachery,28298955,4509,4,2026-05-22,Sold
8992,Hyderabad,Miyapur,16979832,3151,4,2026-06-27,Sold
8993,Bengaluru,Electronic City,15080854,2977,5,2026-06-11,Pending
8994,Chennai,Adyar,9744360,657,2,2026-06-24,Pending
8995,Bengaluru,HSR Layout,20108722,1578,5,2026-04-13,Sold
8996,Hyderabad,Jubilee Hills,6699598,969,1,2026-04-22,Sold
8997,Bengaluru,Whitefield,46709971,3841,4,2026-05-09,Sold
8998,Hyderabad,Jubilee Hills,6124842,594,1,2026-04-23,Sold
8999,Mumbai,Bandra,55599055,3895,5,2026-04-18,Sold
9000,Hyderabad,Kondapur,12317370,1617,1,2026-04-12,Pending
9001,Hyderabad,Gachibowli,51416841,4569,5,2026-04-28,Available
9002,Chennai,Adyar,16418745,3944,4,2026-05-23,Sold
9003,Mumbai,Powai,24196740,2703,1,2026-07-05,Available
9004,Mumbai,Andheri,25979749,4800,4,2026-04-20,Available
9005,Mumbai,Andheri,64097243,4531,3,2026-06-26,Available
9006,Chennai,OMR,72104388,4942,3,2026-04-22,Sold
9007,Bengaluru,Electronic City,40628764,3049,4,2026-05-25,Available
9008,Mumbai,Andheri,25528731,1680,2,2026-05-17,Pending
9009,Bengaluru,Electronic City,45842166,4180,2,2026-04-27,Available
9010,Hyderabad,Banjara Hills,20885693,3277,2,2026-04-12,Available
9011,Chennai,OMR,15611225,1758,3,2026-07-08,Pending
9012,Chennai,Anna Nagar,9484916,1195,5,2026-04-17,Pending
9013,Hyderabad,Miyapur,20485752,2117,5,2026-06-11,Available
9014,Hyderabad,Gachibowli,14206450,1651,3,2026-04-15,Sold
9015,Hyderabad,Miyapur,3463270,661,3,2026-04-24,Available
9016,Mumbai,Powai,62945372,4483,3,2026-07-08,Available
9017,Chennai,Anna Nagar,70059765,4732,1,2026-06-13,Pending
9018,Chennai,OMR,40067025,2898,5,2026-05-27,Available
9019,Bengaluru,Electronic City,15920438,1233,5,2026-07-01,Available
9020,Pune,Wakad,25209884,2757,5,2026-06-24,Sold
9021,Hyderabad,Miyapur,57907528,4872,1,2026-04-26,Sold
9022,Bengaluru,Indiranagar,34627327,3496,4,2026-06-20,Available
9023,Mumbai,Andheri,9841910,656,5,2026-04-16,Available
9024,Chennai,Anna Nagar,18316524,1393,5,2026-04-29,Pending
9025,Pune,Kharadi,21500668,4062,5,2026-06-10,Pending
9026,Hyderabad,Madhapur,29046320,3131,1,2026-06-24,Available
9027,Pune,Kharadi,18493399,2137,1,2026-05-21,Available
9028,Mumbai,Andheri,19440170,2874,5,2026-06-11,Pending
9029,Hyderabad,Banjara Hills,6563274,595,2,2026-05-15,Pending
9030,Pune,Baner,49778178,3636,2,2026-06-08,Pending
9031,Mumbai,Bandra,63298838,4507,3,2026-06-07,Pending
9032,Hyderabad,Madhapur,6369962,552,5,2026-06-19,Pending
9033,Hyderabad,Madhapur,8707826,702,2,2026-04-29,Sold
9034,Bengaluru,Electronic City,31662831,2135,1,2026-05-03,Sold
9035,Pune,Wakad,18395686,2903,1,2026-05-05,Sold
9036,Bengaluru,HSR Layout,61268985,4399,2,2026-04-22,Available
9037,Bengaluru,Electronic City,35030857,4595,4,2026-05-22,Pending
9038,Chennai,Adyar,15462006,2708,4,2026-06-09,Available
9039,Bengaluru,Whitefield,26362598,2578,5,2026-05-28,Sold
9040,Mumbai,Bandra,14660634,1093,4,2026-04-14,Sold
9041,Bengaluru,Indiranagar,23750117,2748,4,2026-04-24,Sold
9042,Hyderabad,Gachibowli,31184708,2789,4,2026-06-13,Sold
9043,Mumbai,Andheri,20727509,4445,5,2026-05-17,Available
9044,Hyderabad,Madhapur,26390824,3279,1,2026-06-19,Available
9045,Chennai,Anna Nagar,30574515,4447,3,2026-06-09,Pending
9046,Pune,Kharadi,8791658,819,4,2026-06-23,Available
9047,Pune,Wakad,52892916,4051,1,2026-06-10,Sold
9048,Pune,Baner,5475686,897,5,2026-06-01,Sold
9049,Bengaluru,Whitefield,57706892,4158,4,2026-06-30,Pending
9050,Bengaluru,Electronic City,15312602,2452,5,2026-05-04,Available
9051,Bengaluru,Whitefield,13609935,2316,1,2026-05-17,Sold
9052,Hyderabad,Madhapur,23836072,3201,2,2026-05-16,Sold
9053,Bengaluru,HSR Layout,27903613,3056,2,2026-06-03,Sold
9054,Mumbai,Andheri,18472050,4379,4,2026-05-02,Available
9055,Mumbai,Andheri,17519099,1707,1,2026-05-11,Sold
9056,Mumbai,Bandra,15989223,1387,5,2026-05-27,Pending
9057,Pune,Wakad,42632259,4902,2,2026-06-26,Available
9058,Bengaluru,Whitefield,45534684,3212,4,2026-06-30,Sold
9059,Mumbai,Andheri,20660054,1574,3,2026-05-04,Sold
9060,Chennai,OMR,12305836,1838,5,2026-07-01,Available
9061,Hyderabad,Kukatpally,48365633,4082,1,2026-05-28,Sold
9062,Bengaluru,Electronic City,29538655,2463,5,2026-05-30,Sold
9063,Bengaluru,Indiranagar,11289582,1078,3,2026-07-05,Pending
9064,Pune,Hinjewadi,22946873,2582,2,2026-05-03,Pending
9065,Hyderabad,Kondapur,24265880,4491,3,2026-05-03,Available
9066,Bengaluru,HSR Layout,11063365,982,4,2026-07-07,Sold
9067,Hyderabad,Miyapur,61392569,4308,5,2026-06-05,Pending
9068,Mumbai,Thane,7488326,1461,3,2026-05-02,Sold
9069,Mumbai,Bandra,24066406,1995,2,2026-05-24,Available
9070,Hyderabad,Banjara Hills,14493901,2826,3,2026-07-03,Pending
9071,Pune,Kharadi,9754531,1586,5,2026-06-02,Sold
9072,Bengaluru,Indiranagar,45300024,3626,1,2026-05-12,Available
9073,Pune,Kharadi,20757365,1453,1,2026-05-07,Pending
9074,Pune,Kharadi,10243469,1949,4,2026-05-18,Pending
9075,Hyderabad,Kondapur,24644445,1717,2,2026-06-02,Sold
9076,Bengaluru,Whitefield,66692215,4629,2,2026-06-29,Pending
9077,Bengaluru,HSR Layout,8335511,1290,1,2026-04-30,Sold
9078,Bengaluru,Indiranagar,33485074,3840,2,2026-05-06,Sold
9079,Mumbai,Andheri,50866268,3409,2,2026-05-14,Pending
9080,Chennai,Adyar,11154030,1126,2,2026-06-24,Available
9081,Pune,Baner,10946673,1268,2,2026-05-12,Pending
9082,Hyderabad,Kukatpally,3917319,682,5,2026-05-29,Sold
9083,Pune,Hinjewadi,40452176,3095,5,2026-06-29,Sold
9084,Bengaluru,HSR Layout,23138041,2198,5,2026-07-02,Available
9085,Mumbai,Andheri,34111099,3119,5,2026-06-27,Sold
9086,Chennai,Adyar,50857512,4544,3,2026-04-17,Available
9087,Bengaluru,Electronic City,11975124,1134,5,2026-04-19,Available
9088,Chennai,Adyar,5223851,532,5,2026-05-20,Available
9089,Pune,Wakad,35491179,3966,4,2026-05-17,Pending
9090,Pune,Hinjewadi,10678965,2205,3,2026-05-31,Pending
9091,Pune,Hinjewadi,18486922,2306,5,2026-04-17,Sold
9092,Pune,Kharadi,9168258,1415,5,2026-05-11,Available
9093,Pune,Hinjewadi,16731931,2272,2,2026-05-27,Available
9094,Hyderabad,Banjara Hills,25308677,3263,4,2026-05-02,Sold
9095,Mumbai,Powai,34443735,2566,5,2026-04-30,Available
9096,Pune,Baner,24143384,2794,3,2026-04-21,Available
9097,Bengaluru,Whitefield,40016490,4025,3,2026-06-11,Sold
9098,Hyderabad,Kondapur,5604838,1168,1,2026-04-27,Pending
9099,Pune,Wakad,20968900,1439,4,2026-06-12,Available
9100,Pune,Wakad,14749750,972,3,2026-05-29,Available
9101,Hyderabad,Gachibowli,27558873,3529,4,2026-06-28,Available
9102,Hyderabad,Kondapur,30670831,2498,1,2026-06-05,Pending
9103,Mumbai,Bandra,18541059,3509,3,2026-04-24,Sold
9104,Mumbai,Andheri,51163418,3856,1,2026-06-10,Available
9105,Hyderabad,Kukatpally,11447951,2454,5,2026-06-16,Sold
9106,Mumbai,Andheri,66559879,4782,2,2026-07-06,Pending
9107,Chennai,Velachery,3344520,547,1,2026-04-28,Pending
9108,Hyderabad,Banjara Hills,24631727,4995,2,2026-06-26,Pending
9109,Hyderabad,Jubilee Hills,16485142,2668,2,2026-05-23,Sold
9110,Hyderabad,Kukatpally,25054178,1697,4,2026-05-19,Available
9111,Chennai,OMR,17778068,1391,1,2026-05-26,Sold
9112,Hyderabad,Kondapur,22406539,1758,2,2026-06-10,Available
9113,Pune,Hinjewadi,16020479,1798,2,2026-06-10,Pending
9114,Pune,Baner,36830062,2962,3,2026-06-02,Available
9115,Mumbai,Thane,19586653,2925,2,2026-05-15,Available
9116,Pune,Hinjewadi,34004911,2829,5,2026-06-25,Pending
9117,Pune,Hinjewadi,52605960,4145,2,2026-05-10,Pending
9118,Chennai,Anna Nagar,32413277,3135,5,2026-07-08,Sold
9119,Mumbai,Bandra,4654953,1019,1,2026-06-30,Available
9120,Chennai,Adyar,50380437,4382,1,2026-05-13,Available
9121,Pune,Wakad,58944142,3993,3,2026-04-10,Sold
9122,Pune,Kharadi,48965904,3672,1,2026-05-22,Available
9123,Pune,Baner,7140575,1775,4,2026-05-17,Pending
9124,Mumbai,Bandra,36789185,3398,4,2026-05-11,Available
9125,Mumbai,Bandra,48835000,4185,3,2026-04-27,Sold
9126,Bengaluru,Electronic City,8576906,1684,5,2026-06-15,Sold
9127,Hyderabad,Madhapur,6646534,647,2,2026-06-26,Pending
9128,Mumbai,Powai,15111903,1159,2,2026-06-12,Sold
9129,Mumbai,Thane,22876058,3402,3,2026-06-16,Sold
9130,Hyderabad,Banjara Hills,42973684,4114,2,2026-06-12,Available
9131,Bengaluru,HSR Layout,44432314,3924,2,2026-06-23,Pending
9132,Chennai,Adyar,46136980,4325,1,2026-05-19,Pending
9133,Pune,Wakad,5749123,1294,2,2026-05-06,Available
9134,Chennai,Anna Nagar,32770187,4167,4,2026-05-15,Available
9135,Bengaluru,HSR Layout,51307184,4302,5,2026-04-29,Pending
9136,Mumbai,Powai,46883195,4645,3,2026-05-12,Sold
9137,Mumbai,Bandra,18892467,2398,2,2026-06-14,Sold
9138,Mumbai,Bandra,3897115,626,1,2026-04-16,Available
9139,Hyderabad,Jubilee Hills,7362096,559,5,2026-05-28,Available
9140,Bengaluru,Electronic City,12304563,1307,3,2026-04-15,Available
9141,Mumbai,Thane,25569807,3028,1,2026-06-22,Sold
9142,Pune,Kharadi,24848259,4435,4,2026-04-25,Sold
9143,Chennai,Adyar,20359047,2139,4,2026-04-11,Pending
9144,Chennai,Adyar,4141190,755,3,2026-05-23,Pending
9145,Bengaluru,HSR Layout,3249562,774,1,2026-06-02,Pending
9146,Mumbai,Bandra,19837130,4571,4,2026-06-24,Sold
9147,Bengaluru,Indiranagar,13740855,1117,3,2026-05-09,Sold
9148,Chennai,OMR,6214304,1143,3,2026-04-26,Available
9149,Chennai,OMR,49956155,4244,3,2026-05-07,Available
9150,Hyderabad,Kondapur,41272473,3179,3,2026-06-05,Available
9151,Pune,Hinjewadi,14868611,1083,2,2026-04-30,Sold
9152,Pune,Wakad,15965470,3549,2,2026-05-22,Sold
9153,Bengaluru,HSR Layout,38149486,2717,1,2026-05-02,Available
9154,Mumbai,Powai,46674920,4531,3,2026-06-24,Pending
9155,Chennai,Velachery,18190181,1678,5,2026-07-06,Pending
9156,Hyderabad,Jubilee Hills,44367918,4487,3,2026-05-09,Sold
9157,Pune,Hinjewadi,23301251,4498,2,2026-04-24,Sold
9158,Hyderabad,Kukatpally,56549052,4870,2,2026-04-10,Pending
9159,Chennai,OMR,21550187,1945,3,2026-07-04,Sold
9160,Chennai,OMR,7004986,1066,2,2026-05-04,Sold
9161,Mumbai,Thane,30452338,2369,3,2026-04-27,Available
9162,Hyderabad,Kukatpally,17872083,1603,5,2026-04-20,Available
9163,Hyderabad,Madhapur,34637269,2690,5,2026-06-04,Pending
9164,Chennai,Anna Nagar,25289775,1714,3,2026-04-15,Pending
9165,Hyderabad,Kondapur,20565470,4561,5,2026-04-17,Sold
9166,Pune,Wakad,40407877,3142,3,2026-07-08,Available
9167,Pune,Baner,21589009,2299,4,2026-04-18,Available
9168,Bengaluru,Whitefield,40654246,4796,4,2026-06-26,Sold
9169,Hyderabad,Banjara Hills,51036657,3618,5,2026-05-11,Pending
9170,Chennai,Velachery,16554498,3130,3,2026-05-31,Available
9171,Mumbai,Powai,38186163,2773,5,2026-06-06,Sold
9172,Bengaluru,Electronic City,4538550,550,4,2026-06-19,Sold
9173,Chennai,Adyar,17738969,1822,2,2026-04-15,Pending
9174,Pune,Wakad,16462565,1505,3,2026-06-22,Pending
9175,Bengaluru,Indiranagar,24190065,2644,1,2026-05-17,Sold
9176,Chennai,OMR,3457080,527,2,2026-06-19,Pending
9177,Bengaluru,Electronic City,54070643,4580,2,2026-05-22,Available
9178,Mumbai,Thane,7707761,675,3,2026-06-28,Pending
9179,Chennai,Velachery,52329223,4074,2,2026-06-24,Pending
9180,Hyderabad,Madhapur,26455385,2472,2,2026-06-11,Pending
9181,Hyderabad,Kukatpally,21359163,2084,3,2026-05-30,Available
9182,Chennai,Adyar,19275836,2021,2,2026-06-18,Sold
9183,Mumbai,Thane,52832718,4068,4,2026-04-21,Sold
9184,Chennai,Velachery,11366377,1240,4,2026-06-07,Available
9185,Bengaluru,HSR Layout,26624021,1966,1,2026-05-02,Sold
9186,Bengaluru,Whitefield,38719092,3653,4,2026-05-06,Pending
9187,Mumbai,Andheri,11465483,2515,4,2026-05-09,Available
9188,Chennai,Anna Nagar,8615240,1154,1,2026-05-09,Sold
9189,Hyderabad,Madhapur,34403289,2595,2,2026-04-23,Sold
9190,Hyderabad,Madhapur,8115424,842,2,2026-04-29,Pending
9191,Bengaluru,Whitefield,26278684,2847,5,2026-04-16,Pending
9192,Pune,Wakad,24843280,2372,2,2026-07-02,Available
9193,Pune,Kharadi,35486556,3059,4,2026-04-29,Pending
9194,Pune,Baner,19807905,2955,5,2026-04-24,Available
9195,Chennai,Velachery,7638277,983,3,2026-06-25,Available
9196,Chennai,Adyar,30928919,2531,5,2026-04-24,Sold
9197,Hyderabad,Gachibowli,24533694,2160,4,2026-05-02,Available
9198,Mumbai,Andheri,14129356,1109,1,2026-05-28,Pending
9199,Pune,Kharadi,6210278,791,2,2026-06-06,Sold
9200,Pune,Kharadi,31404633,3348,1,2026-07-09,Pending
9201,Bengaluru,Indiranagar,28153988,4553,4,2026-06-17,Sold
9202,Chennai,Anna Nagar,20861306,3083,1,2026-05-03,Sold
9203,Pune,Hinjewadi,34537195,2524,1,2026-05-31,Sold
9204,Chennai,Adyar,7295627,563,5,2026-06-23,Sold
9205,Mumbai,Andheri,35633154,3669,5,2026-06-22,Available
9206,Pune,Hinjewadi,51656500,4901,5,2026-06-12,Available
9207,Chennai,Anna Nagar,17669868,2611,5,2026-04-22,Pending
9208,Chennai,Velachery,58133295,4217,5,2026-04-29,Pending
9209,Hyderabad,Miyapur,18732942,3509,5,2026-06-24,Pending
9210,Hyderabad,Madhapur,32632698,2532,4,2026-04-14,Sold
9211,Pune,Hinjewadi,8403011,1342,4,2026-06-02,Pending
9212,Hyderabad,Jubilee Hills,9439013,2329,1,2026-06-06,Sold
9213,Hyderabad,Kondapur,41210392,3046,4,2026-04-24,Sold
9214,Mumbai,Powai,30628868,2411,5,2026-05-30,Sold
9215,Hyderabad,Madhapur,20503493,2284,3,2026-05-11,Pending
9216,Hyderabad,Kukatpally,19115554,1532,3,2026-06-13,Pending
9217,Bengaluru,Whitefield,13986273,1172,4,2026-07-07,Pending
9218,Mumbai,Powai,19535032,4259,2,2026-05-02,Sold
9219,Pune,Kharadi,46848510,4881,2,2026-04-22,Pending
9220,Bengaluru,Whitefield,33911596,4795,4,2026-06-19,Pending
9221,Hyderabad,Kondapur,49031655,4289,1,2026-05-04,Available
9222,Hyderabad,Kukatpally,56321213,4306,2,2026-05-09,Pending
9223,Mumbai,Thane,7884815,1651,1,2026-07-04,Pending
9224,Hyderabad,Jubilee Hills,14469838,3366,2,2026-06-14,Pending
9225,Pune,Baner,31885689,2795,4,2026-04-29,Available
9226,Pune,Baner,35372947,3410,3,2026-04-24,Pending
9227,Chennai,Adyar,21578645,3636,5,2026-06-09,Available
9228,Hyderabad,Gachibowli,4867972,971,1,2026-06-15,Pending
9229,Mumbai,Thane,57051259,4370,2,2026-06-08,Pending
9230,Pune,Baner,46425719,3901,5,2026-04-25,Pending
9231,Mumbai,Bandra,12973041,1288,4,2026-04-10,Available
9232,Hyderabad,Gachibowli,21013686,1634,2,2026-04-17,Pending
9233,Bengaluru,Electronic City,36852918,2518,4,2026-06-16,Sold
9234,Chennai,Adyar,27691505,2540,3,2026-04-28,Pending
9235,Chennai,Adyar,38402030,3199,2,2026-05-27,Sold
9236,Chennai,OMR,49420016,3456,5,2026-05-03,Pending
9237,Bengaluru,Indiranagar,46569746,3143,4,2026-06-05,Sold
9238,Mumbai,Thane,6688461,650,4,2026-06-25,Available
9239,Pune,Baner,23566914,2344,2,2026-04-30,Sold
9240,Chennai,Anna Nagar,15359534,1629,4,2026-04-17,Sold
9241,Mumbai,Andheri,64601378,4901,1,2026-04-17,Available
9242,Bengaluru,Electronic City,54248008,3853,2,2026-06-23,Sold
9243,Bengaluru,Indiranagar,30683779,2857,3,2026-05-31,Pending
9244,Pune,Wakad,31714972,4061,5,2026-06-04,Sold
9245,Mumbai,Powai,18639617,3664,4,2026-06-29,Available
9246,Mumbai,Powai,60103540,4288,2,2026-05-17,Sold
9247,Chennai,Velachery,44689279,4259,5,2026-07-02,Sold
9248,Pune,Wakad,29523280,3493,1,2026-04-22,Pending
9249,Pune,Kharadi,9165030,1340,5,2026-07-03,Available
9250,Hyderabad,Miyapur,39038927,4149,5,2026-04-16,Available
9251,Chennai,Velachery,11181502,861,5,2026-06-09,Pending
9252,Hyderabad,Jubilee Hills,15061250,1144,1,2026-06-05,Sold
9253,Bengaluru,HSR Layout,54400878,4991,5,2026-05-17,Pending
9254,Hyderabad,Madhapur,4798473,728,5,2026-04-23,Sold
9255,Hyderabad,Jubilee Hills,49062077,3979,3,2026-05-02,Pending
9256,Pune,Hinjewadi,36953158,3891,5,2026-07-02,Pending
9257,Pune,Wakad,21214825,2898,1,2026-06-08,Pending
9258,Chennai,Adyar,9639683,1262,2,2026-06-26,Pending
9259,Pune,Hinjewadi,14663986,2306,5,2026-05-21,Sold
9260,Hyderabad,Kukatpally,22821839,1657,4,2026-04-12,Sold
9261,Hyderabad,Madhapur,20204046,3589,3,2026-06-26,Pending
9262,Pune,Wakad,22880098,2970,2,2026-07-01,Pending
9263,Bengaluru,Whitefield,66697233,4470,2,2026-04-27,Pending
9264,Pune,Wakad,67137511,4738,2,2026-05-08,Available
9265,Chennai,Adyar,7724509,1299,3,2026-04-19,Available
9266,Hyderabad,Jubilee Hills,11219797,2353,3,2026-06-29,Pending
9267,Pune,Baner,36322963,2754,2,2026-04-13,Sold
9268,Mumbai,Thane,6829808,974,4,2026-07-06,Available
9269,Hyderabad,Banjara Hills,40153008,3334,2,2026-06-25,Sold
9270,Bengaluru,Whitefield,27992407,3417,3,2026-06-22,Pending
9271,Hyderabad,Madhapur,30334302,2756,2,2026-04-23,Pending
9272,Mumbai,Andheri,12980376,1195,4,2026-04-17,Pending
9273,Bengaluru,Indiranagar,16635479,3458,4,2026-04-13,Available
9274,Bengaluru,Indiranagar,9301599,760,1,2026-06-20,Pending
9275,Chennai,Anna Nagar,26974958,1926,4,2026-06-18,Available
9276,Hyderabad,Madhapur,12279111,2306,1,2026-06-28,Pending
9277,Pune,Hinjewadi,62370797,4923,3,2026-07-06,Sold
9278,Hyderabad,Banjara Hills,20957364,1707,2,2026-06-09,Pending
9279,Hyderabad,Kondapur,15523011,2403,2,2026-05-11,Sold
9280,Pune,Hinjewadi,16924522,1470,1,2026-05-20,Pending
9281,Bengaluru,Electronic City,16350338,3847,3,2026-06-12,Available
9282,Bengaluru,HSR Layout,3387741,561,1,2026-06-01,Sold
9283,Bengaluru,Whitefield,17668185,3371,4,2026-04-20,Sold
9284,Bengaluru,Indiranagar,16145898,3337,4,2026-06-11,Available
9285,Mumbai,Thane,40180205,3968,2,2026-06-18,Available
9286,Hyderabad,Miyapur,53641206,4429,5,2026-06-07,Available
9287,Bengaluru,HSR Layout,11096851,1738,2,2026-05-20,Pending
9288,Hyderabad,Kukatpally,25279575,3140,2,2026-04-22,Pending
9289,Bengaluru,Whitefield,35197574,2806,5,2026-05-26,Pending
9290,Pune,Wakad,31678361,3358,4,2026-05-30,Sold
9291,Mumbai,Andheri,39929234,2892,5,2026-04-20,Available
9292,Hyderabad,Miyapur,27767668,2917,5,2026-07-07,Available
9293,Bengaluru,Electronic City,6746342,683,2,2026-05-16,Pending
9294,Pune,Hinjewadi,2317280,597,5,2026-06-18,Available
9295,Mumbai,Thane,12098235,941,5,2026-06-02,Pending
9296,Bengaluru,Indiranagar,42624924,4639,2,2026-05-06,Pending
9297,Bengaluru,Whitefield,28078981,4356,2,2026-06-02,Pending
9298,Mumbai,Powai,56167996,3848,5,2026-06-02,Available
9299,Pune,Baner,45522463,3753,5,2026-07-01,Pending
9300,Bengaluru,HSR Layout,14619093,2217,1,2026-05-10,Available
9301,Mumbai,Bandra,11495267,1237,5,2026-05-26,Pending
9302,Mumbai,Bandra,29310452,4944,1,2026-06-19,Pending
9303,Hyderabad,Banjara Hills,13608300,906,3,2026-05-21,Pending
9304,Hyderabad,Kukatpally,5012145,1024,5,2026-04-29,Sold
9305,Mumbai,Bandra,5878250,1193,5,2026-06-11,Available
9306,Mumbai,Bandra,36380976,4630,2,2026-05-20,Pending
9307,Hyderabad,Kondapur,11265229,1199,2,2026-04-21,Pending
9308,Mumbai,Andheri,34952273,3398,1,2026-06-29,Available
9309,Bengaluru,Indiranagar,11384546,1857,1,2026-04-21,Available
9310,Pune,Baner,10666469,2199,5,2026-06-28,Available
9311,Hyderabad,Madhapur,10071744,1436,1,2026-06-01,Pending
9312,Mumbai,Thane,20225078,3394,4,2026-04-13,Pending
9313,Chennai,Adyar,10158335,994,2,2026-06-21,Sold
9314,Bengaluru,Electronic City,43002761,3944,3,2026-06-04,Available
9315,Chennai,Velachery,37050587,2601,5,2026-06-16,Pending
9316,Mumbai,Powai,29791390,3470,1,2026-07-08,Available
9317,Hyderabad,Miyapur,26110467,4180,5,2026-06-27,Pending
9318,Mumbai,Thane,44857421,3219,2,2026-06-26,Pending
9319,Pune,Wakad,29047504,2966,3,2026-05-06,Pending
9320,Pune,Hinjewadi,14444160,1458,1,2026-04-19,Available
9321,Chennai,Velachery,20184093,1895,1,2026-05-07,Pending
9322,Chennai,Velachery,11965033,1391,1,2026-06-16,Available
9323,Bengaluru,HSR Layout,7025174,698,2,2026-05-18,Pending
9324,Mumbai,Thane,24303401,2159,2,2026-05-09,Available
9325,Chennai,Adyar,49488020,3927,2,2026-06-17,Sold
9326,Pune,Wakad,10731996,1058,1,2026-05-26,Sold
9327,Bengaluru,Electronic City,19939895,1441,5,2026-07-05,Pending
9328,Pune,Wakad,39897864,4279,5,2026-04-20,Available
9329,Bengaluru,Electronic City,15778035,1543,3,2026-04-26,Sold
9330,Bengaluru,Whitefield,6508652,799,5,2026-06-28,Pending
9331,Pune,Baner,3016032,590,5,2026-06-04,Pending
9332,Mumbai,Powai,38463601,3714,1,2026-05-11,Sold
9333,Mumbai,Thane,37912149,2935,4,2026-05-09,Available
9334,Hyderabad,Banjara Hills,12352800,2628,3,2026-04-29,Pending
9335,Hyderabad,Banjara Hills,56806780,3886,5,2026-07-04,Pending
9336,Mumbai,Bandra,22308360,4350,5,2026-07-04,Pending
9337,Mumbai,Powai,7486633,997,4,2026-06-18,Available
9338,Pune,Hinjewadi,23280899,3405,1,2026-05-05,Sold
9339,Bengaluru,Electronic City,24409924,2075,2,2026-06-25,Sold
9340,Bengaluru,Electronic City,23049646,1915,5,2026-04-25,Sold
9341,Mumbai,Powai,12562026,1008,1,2026-05-26,Pending
9342,Pune,Kharadi,17665998,4326,4,2026-04-14,Sold
9343,Mumbai,Bandra,29392208,3476,1,2026-06-08,Pending
9344,Mumbai,Powai,52412168,4827,5,2026-04-20,Sold
9345,Pune,Kharadi,15099959,3291,3,2026-04-15,Sold
9346,Mumbai,Powai,27948403,3547,5,2026-05-02,Pending
9347,Bengaluru,Whitefield,46262901,4828,5,2026-06-09,Sold
9348,Bengaluru,Whitefield,7575280,528,1,2026-07-01,Available
9349,Chennai,OMR,8840981,1660,1,2026-06-17,Sold
9350,Bengaluru,Whitefield,15882931,1279,3,2026-05-04,Available
9351,Hyderabad,Kondapur,14019803,1466,3,2026-06-29,Available
9352,Mumbai,Thane,22154798,1872,5,2026-05-25,Available
9353,Bengaluru,HSR Layout,20553980,3368,4,2026-04-14,Sold
9354,Chennai,Velachery,13816478,3236,3,2026-06-28,Available
9355,Pune,Baner,27127005,3252,4,2026-06-12,Available
9356,Mumbai,Bandra,16370228,4096,2,2026-06-11,Available
9357,Mumbai,Thane,23742619,2574,5,2026-05-14,Available
9358,Pune,Baner,14335195,1663,3,2026-05-08,Pending
9359,Chennai,Adyar,21087102,2044,1,2026-04-19,Pending
9360,Bengaluru,Whitefield,11974535,3017,1,2026-07-08,Sold
9361,Mumbai,Powai,45356260,3344,2,2026-04-19,Sold
9362,Bengaluru,Indiranagar,57338733,4824,4,2026-07-04,Pending
9363,Bengaluru,Whitefield,11432151,1515,4,2026-06-30,Pending
9364,Pune,Kharadi,27791631,2335,5,2026-04-26,Available
9365,Hyderabad,Kondapur,27662935,4390,5,2026-05-16,Sold
9366,Mumbai,Andheri,18446430,2368,1,2026-04-21,Sold
9367,Bengaluru,Whitefield,20654124,3072,5,2026-06-19,Available
9368,Pune,Hinjewadi,39753239,3152,5,2026-05-10,Available
9369,Chennai,Adyar,43948807,3104,3,2026-05-04,Sold
9370,Bengaluru,Whitefield,20785315,3556,1,2026-06-13,Pending
9371,Mumbai,Andheri,18802195,2141,2,2026-06-01,Available
9372,Hyderabad,Jubilee Hills,7824913,1245,5,2026-05-20,Available
9373,Chennai,OMR,33014766,4518,1,2026-06-24,Sold
9374,Pune,Baner,30781452,2782,3,2026-06-03,Available
9375,Chennai,Anna Nagar,50321726,3446,3,2026-05-06,Pending
9376,Mumbai,Bandra,29432075,2054,5,2026-04-14,Sold
9377,Mumbai,Powai,47296957,3263,2,2026-05-11,Available
9378,Bengaluru,Indiranagar,9275866,1000,3,2026-05-22,Sold
9379,Chennai,Velachery,17638833,1826,1,2026-04-27,Pending
9380,Bengaluru,Whitefield,26647960,3609,5,2026-06-19,Sold
9381,Chennai,Anna Nagar,19432281,4685,1,2026-05-29,Pending
9382,Bengaluru,HSR Layout,31235556,2062,4,2026-04-21,Available
9383,Hyderabad,Kondapur,23939741,3114,1,2026-05-11,Pending
9384,Bengaluru,HSR Layout,38094422,4361,3,2026-07-02,Pending
9385,Hyderabad,Kukatpally,40552509,3745,2,2026-06-25,Available
9386,Mumbai,Thane,24500782,3696,3,2026-07-09,Available
9387,Pune,Kharadi,11569547,1268,2,2026-05-24,Sold
9388,Mumbai,Powai,8148604,1068,3,2026-04-24,Pending
9389,Mumbai,Bandra,37121974,4924,2,2026-06-14,Available
9390,Pune,Baner,15127261,2329,4,2026-07-02,Available
9391,Mumbai,Bandra,20219008,2166,1,2026-04-21,Pending
9392,Hyderabad,Jubilee Hills,24664156,2784,1,2026-06-09,Sold
9393,Mumbai,Andheri,3573270,885,5,2026-05-08,Sold
9394,Mumbai,Bandra,58017125,3896,2,2026-05-14,Sold
9395,Mumbai,Powai,45580419,4398,3,2026-04-10,Available
9396,Pune,Hinjewadi,37417731,3093,4,2026-06-16,Pending
9397,Bengaluru,Electronic City,22402289,1729,5,2026-07-07,Available
9398,Bengaluru,Whitefield,35387383,4789,2,2026-04-24,Available
9399,Mumbai,Powai,20942648,4715,5,2026-05-23,Sold
9400,Chennai,Adyar,22204427,4267,5,2026-06-08,Available
9401,Chennai,OMR,30121760,4973,2,2026-05-03,Pending
9402,Hyderabad,Gachibowli,18315385,4250,4,2026-04-27,Pending
9403,Bengaluru,Electronic City,6775294,799,1,2026-07-03,Pending
9404,Mumbai,Thane,28302249,2280,4,2026-05-31,Available
9405,Pune,Wakad,34334069,3456,4,2026-04-23,Available
9406,Chennai,Adyar,11558406,975,2,2026-05-06,Pending
9407,Bengaluru,Indiranagar,20865701,3456,2,2026-05-08,Pending
9408,Bengaluru,Electronic City,63998541,4803,4,2026-05-04,Available
9409,Mumbai,Bandra,55112612,4721,3,2026-06-25,Sold
9410,Pune,Kharadi,37400896,4780,3,2026-05-13,Available
9411,Hyderabad,Miyapur,8764771,1306,4,2026-06-27,Sold
9412,Chennai,Velachery,16913483,4181,5,2026-07-03,Available
9413,Chennai,Anna Nagar,42513687,4697,4,2026-05-10,Pending
9414,Chennai,OMR,25425230,3716,4,2026-06-09,Pending
9415,Hyderabad,Jubilee Hills,7271431,516,2,2026-05-25,Sold
9416,Mumbai,Bandra,4301422,808,3,2026-06-14,Sold
9417,Pune,Kharadi,17044153,1391,4,2026-04-22,Pending
9418,Bengaluru,Electronic City,12225146,1990,5,2026-05-07,Available
9419,Bengaluru,Indiranagar,9911213,799,3,2026-04-22,Sold
9420,Hyderabad,Madhapur,16766918,2051,1,2026-07-06,Available
9421,Chennai,Velachery,42961234,4877,1,2026-04-24,Available
9422,Bengaluru,HSR Layout,7184279,647,2,2026-04-30,Sold
9423,Pune,Hinjewadi,12945187,3251,2,2026-06-15,Sold
9424,Pune,Wakad,35229921,2674,1,2026-06-02,Available
9425,Hyderabad,Jubilee Hills,57936463,4816,5,2026-05-30,Pending
9426,Hyderabad,Madhapur,20649769,4514,5,2026-05-21,Available
9427,Chennai,Anna Nagar,44349522,4121,4,2026-06-28,Sold
9428,Bengaluru,Electronic City,54064831,4234,5,2026-05-20,Available
9429,Bengaluru,Indiranagar,45285450,4883,3,2026-05-16,Pending
9430,Chennai,Adyar,9823224,731,4,2026-06-16,Sold
9431,Mumbai,Andheri,3267815,821,4,2026-04-25,Sold
9432,Mumbai,Powai,7508167,525,5,2026-05-18,Pending
9433,Bengaluru,HSR Layout,29725362,2691,3,2026-07-03,Available
9434,Bengaluru,HSR Layout,28844606,1968,4,2026-06-17,Sold
9435,Mumbai,Thane,28103740,3248,4,2026-04-13,Sold
9436,Mumbai,Powai,19125075,4771,1,2026-06-03,Pending
9437,Hyderabad,Kukatpally,8754102,1666,1,2026-05-17,Pending
9438,Hyderabad,Kukatpally,15516015,1077,3,2026-05-15,Available
9439,Chennai,Adyar,25456190,1730,1,2026-05-01,Pending
9440,Chennai,Anna Nagar,14665952,1130,3,2026-05-17,Pending
9441,Mumbai,Bandra,24062977,3692,4,2026-04-18,Sold
9442,Bengaluru,HSR Layout,26854803,2469,3,2026-05-08,Pending
9443,Pune,Kharadi,24094576,1646,2,2026-04-15,Available
9444,Mumbai,Thane,31593338,3757,5,2026-06-11,Pending
9445,Pune,Kharadi,27460614,3065,5,2026-05-05,Sold
9446,Bengaluru,Electronic City,33674088,3753,3,2026-06-16,Sold
9447,Bengaluru,Whitefield,56758279,3983,3,2026-06-19,Available
9448,Bengaluru,Electronic City,11386927,2150,4,2026-05-13,Pending
9449,Pune,Kharadi,40872992,2912,5,2026-05-08,Available
9450,Hyderabad,Kukatpally,16600661,2412,1,2026-05-08,Pending
9451,Hyderabad,Kukatpally,39942877,2789,3,2026-05-20,Available
9452,Hyderabad,Jubilee Hills,19560786,1517,2,2026-05-03,Sold
9453,Mumbai,Thane,41666466,4811,1,2026-04-18,Available
9454,Hyderabad,Kukatpally,48237989,4204,5,2026-05-29,Sold
9455,Chennai,Adyar,19316968,2937,5,2026-05-24,Sold
9456,Hyderabad,Kondapur,41682637,2751,5,2026-05-12,Sold
9457,Pune,Baner,75306607,4999,4,2026-06-18,Pending
9458,Chennai,Velachery,11040965,1755,5,2026-04-14,Pending
9459,Mumbai,Thane,16494990,1375,4,2026-07-01,Available
9460,Pune,Hinjewadi,17713523,2115,4,2026-04-26,Pending
9461,Pune,Wakad,23403789,2798,5,2026-06-04,Pending
9462,Chennai,Adyar,13012482,2183,1,2026-04-30,Pending
9463,Chennai,Adyar,34355310,2335,3,2026-07-02,Sold
9464,Mumbai,Bandra,6287055,833,3,2026-06-14,Available
9465,Mumbai,Thane,26446645,2890,4,2026-05-28,Pending
9466,Pune,Kharadi,16278075,2324,3,2026-04-29,Pending
9467,Mumbai,Powai,14023822,1200,1,2026-06-17,Sold
9468,Bengaluru,Electronic City,40328102,2890,1,2026-07-09,Pending
9469,Chennai,Anna Nagar,29070240,2948,5,2026-05-29,Sold
9470,Hyderabad,Kondapur,50760288,3561,1,2026-05-22,Available
9471,Bengaluru,Whitefield,8521647,570,4,2026-05-09,Available
9472,Hyderabad,Kukatpally,10986900,1548,4,2026-04-28,Available
9473,Pune,Baner,5717027,677,3,2026-04-30,Pending
9474,Mumbai,Powai,29589029,2553,3,2026-04-20,Sold
9475,Bengaluru,Electronic City,39461817,4730,1,2026-05-26,Sold
9476,Bengaluru,Electronic City,6890998,1321,3,2026-05-20,Available
9477,Hyderabad,Miyapur,38089640,4624,1,2026-05-21,Sold
9478,Bengaluru,Whitefield,13127736,2482,2,2026-06-23,Available
9479,Pune,Hinjewadi,7970793,1269,3,2026-04-13,Sold
9480,Mumbai,Thane,4598285,896,1,2026-05-18,Pending
9481,Bengaluru,Whitefield,19925483,3150,3,2026-05-24,Pending
9482,Hyderabad,Banjara Hills,19975401,2915,3,2026-06-05,Available
9483,Chennai,OMR,20906973,2498,2,2026-04-30,Sold
9484,Bengaluru,HSR Layout,31051827,2264,1,2026-05-05,Pending
9485,Mumbai,Powai,19687304,1514,1,2026-06-15,Pending
9486,Bengaluru,Whitefield,30767618,2394,3,2026-04-29,Sold
9487,Bengaluru,Whitefield,20295532,1687,3,2026-05-03,Sold
9488,Pune,Baner,17480353,1649,2,2026-06-08,Sold
9489,Bengaluru,Whitefield,9740353,1646,2,2026-04-24,Available
9490,Bengaluru,HSR Layout,25009218,1725,2,2026-06-16,Sold
9491,Bengaluru,HSR Layout,16850157,2218,3,2026-06-30,Pending
9492,Bengaluru,HSR Layout,16017272,3440,5,2026-04-29,Sold
9493,Mumbai,Thane,31408384,2164,3,2026-04-21,Pending
9494,Hyderabad,Kukatpally,54809298,4022,2,2026-04-28,Available
9495,Chennai,Anna Nagar,23108193,4455,5,2026-05-28,Pending
9496,Bengaluru,HSR Layout,17174636,2490,3,2026-04-29,Pending
9497,Hyderabad,Madhapur,37095065,2810,4,2026-06-06,Available
9498,Pune,Wakad,11389022,1101,2,2026-04-30,Sold
9499,Hyderabad,Kukatpally,32588100,2381,2,2026-07-09,Pending
9500,Pune,Hinjewadi,14317757,1305,2,2026-06-06,Sold
9501,Pune,Baner,45657363,4591,3,2026-06-17,Sold
9502,Chennai,Anna Nagar,65135361,4753,2,2026-04-18,Sold
9503,Hyderabad,Kondapur,8974678,622,4,2026-04-15,Available
9504,Bengaluru,Electronic City,18518235,2215,2,2026-05-02,Available
9505,Mumbai,Bandra,39514555,3076,1,2026-05-13,Pending
9506,Chennai,Anna Nagar,37588795,4118,5,2026-04-22,Sold
9507,Bengaluru,Electronic City,50595028,4736,3,2026-06-23,Sold
9508,Bengaluru,Indiranagar,13025879,2255,3,2026-06-21,Pending
9509,Bengaluru,Indiranagar,43006770,3993,2,2026-06-19,Available
9510,Chennai,Anna Nagar,37884462,3402,5,2026-05-09,Available
9511,Bengaluru,Indiranagar,59270959,4528,4,2026-04-14,Available
9512,Chennai,Adyar,50519131,4117,5,2026-06-13,Available
9513,Hyderabad,Miyapur,20941203,2021,1,2026-07-05,Available
9514,Mumbai,Thane,48523335,4746,3,2026-05-09,Available
9515,Pune,Baner,14297519,2632,1,2026-05-06,Available
9516,Chennai,Anna Nagar,39030840,4849,3,2026-06-18,Available
9517,Chennai,Adyar,4434357,738,2,2026-05-21,Pending
9518,Hyderabad,Madhapur,14291998,2792,3,2026-06-06,Pending
9519,Mumbai,Bandra,37056472,2621,5,2026-04-20,Available
9520,Mumbai,Andheri,21346267,2417,5,2026-06-13,Sold
9521,Pune,Kharadi,4908622,559,1,2026-06-06,Sold
9522,Bengaluru,Indiranagar,9400612,1331,1,2026-05-28,Pending
9523,Bengaluru,Indiranagar,18578677,2734,1,2026-04-27,Pending
9524,Bengaluru,Whitefield,26499230,3057,1,2026-04-29,Sold
9525,Bengaluru,Electronic City,12694973,1545,5,2026-05-05,Pending
9526,Pune,Kharadi,19224271,2034,4,2026-06-27,Sold
9527,Mumbai,Bandra,28487385,4875,1,2026-06-13,Pending
9528,Chennai,Anna Nagar,20369235,3213,4,2026-07-06,Available
9529,Mumbai,Andheri,30361932,2269,1,2026-06-10,Available
9530,Pune,Baner,33837186,3968,2,2026-06-24,Pending
9531,Hyderabad,Kukatpally,26950383,1804,4,2026-06-19,Pending
9532,Hyderabad,Miyapur,25996567,4656,2,2026-04-14,Pending
9533,Bengaluru,Indiranagar,4981445,678,5,2026-06-08,Pending
9534,Bengaluru,HSR Layout,15524133,2008,5,2026-05-10,Pending
9535,Pune,Wakad,32081061,3810,5,2026-04-19,Sold
9536,Hyderabad,Jubilee Hills,18477109,3725,1,2026-05-26,Available
9537,Hyderabad,Miyapur,33183008,3498,5,2026-05-25,Pending
9538,Mumbai,Thane,30804677,3320,5,2026-05-08,Sold
9539,Hyderabad,Miyapur,28205514,2531,1,2026-07-02,Pending
9540,Chennai,Anna Nagar,22085678,3670,4,2026-04-17,Pending
9541,Chennai,Velachery,48880024,4895,3,2026-06-13,Available
9542,Pune,Baner,35516334,2417,5,2026-05-12,Sold
9543,Bengaluru,HSR Layout,15549572,2741,2,2026-05-03,Sold
9544,Pune,Kharadi,27055517,2422,5,2026-06-23,Sold
9545,Bengaluru,Indiranagar,28293396,3352,4,2026-04-17,Pending
9546,Bengaluru,HSR Layout,25888948,3293,3,2026-04-30,Pending
9547,Bengaluru,Whitefield,37513178,4830,2,2026-06-14,Sold
9548,Mumbai,Thane,41507635,3043,3,2026-05-10,Available
9549,Chennai,OMR,13985974,1498,4,2026-04-20,Pending
9550,Chennai,Adyar,16610587,3900,4,2026-06-23,Pending
9551,Chennai,Anna Nagar,11213528,2391,5,2026-06-01,Available
9552,Bengaluru,HSR Layout,9781039,1791,4,2026-06-21,Available
9553,Bengaluru,Whitefield,3801025,662,5,2026-06-26,Pending
9554,Mumbai,Bandra,13763103,2282,2,2026-06-16,Available
9555,Bengaluru,Indiranagar,26621443,3921,3,2026-06-11,Sold
9556,Bengaluru,Electronic City,19571115,4773,3,2026-04-27,Available
9557,Mumbai,Powai,33228937,2387,4,2026-06-03,Pending
9558,Hyderabad,Jubilee Hills,3178663,652,5,2026-05-19,Sold
9559,Mumbai,Powai,12586260,1997,3,2026-06-04,Sold
9560,Chennai,OMR,31783919,3650,3,2026-04-16,Sold
9561,Chennai,OMR,13100770,1080,1,2026-06-08,Pending
9562,Bengaluru,Electronic City,60903273,4385,2,2026-05-14,Sold
9563,Chennai,Velachery,25242850,3987,1,2026-06-30,Pending
9564,Bengaluru,Electronic City,22093017,3425,3,2026-06-14,Pending
9565,Mumbai,Bandra,27307347,4018,4,2026-06-04,Available
9566,Pune,Wakad,4478866,671,5,2026-05-19,Sold
9567,Bengaluru,HSR Layout,20044481,3458,4,2026-05-31,Sold
9568,Bengaluru,Whitefield,22180740,1712,3,2026-04-20,Available
9569,Bengaluru,Indiranagar,25063056,2560,5,2026-04-22,Pending
9570,Pune,Baner,6172076,770,3,2026-05-02,Sold
9571,Chennai,Velachery,40169002,3179,3,2026-04-25,Available
9572,Pune,Baner,15163197,2347,5,2026-04-15,Sold
9573,Chennai,Adyar,44760753,4535,5,2026-05-16,Sold
9574,Bengaluru,Electronic City,21303016,1700,2,2026-06-24,Sold
9575,Hyderabad,Madhapur,5876594,624,3,2026-06-14,Pending
9576,Bengaluru,Indiranagar,15352345,1669,4,2026-06-03,Pending
9577,Chennai,Anna Nagar,7467732,639,2,2026-04-15,Pending
9578,Pune,Hinjewadi,9139485,1085,3,2026-06-26,Sold
9579,Mumbai,Thane,28285508,2825,3,2026-04-16,Sold
9580,Mumbai,Bandra,36701989,2933,1,2026-05-08,Available
9581,Chennai,Velachery,37679747,3708,4,2026-07-05,Sold
9582,Bengaluru,Whitefield,2553319,505,2,2026-07-05,Sold
9583,Hyderabad,Jubilee Hills,37009389,4233,4,2026-07-06,Sold
9584,Bengaluru,Electronic City,10233226,1232,1,2026-04-15,Available
9585,Chennai,Velachery,65659390,4893,2,2026-05-27,Pending
9586,Bengaluru,Electronic City,34744369,2363,5,2026-07-04,Pending
9587,Pune,Kharadi,24373800,3229,5,2026-04-11,Available
9588,Pune,Kharadi,24599764,2668,1,2026-04-23,Sold
9589,Hyderabad,Jubilee Hills,18189824,1927,4,2026-06-07,Sold
9590,Hyderabad,Kondapur,47021469,3640,3,2026-06-05,Pending
9591,Hyderabad,Kondapur,31832269,4362,1,2026-06-02,Available
9592,Hyderabad,Kukatpally,18465088,2064,2,2026-06-28,Available
9593,Hyderabad,Banjara Hills,23267145,4117,5,2026-05-20,Available
9594,Chennai,Anna Nagar,39752694,3239,1,2026-07-06,Available
9595,Chennai,OMR,25816372,4924,5,2026-05-08,Pending
9596,Bengaluru,HSR Layout,21966805,3676,5,2026-05-03,Available
9597,Pune,Baner,13806419,3086,5,2026-04-19,Sold
9598,Mumbai,Powai,63087536,4942,5,2026-05-04,Sold
9599,Mumbai,Bandra,10464921,746,4,2026-06-06,Available
9600,Bengaluru,Indiranagar,10896383,1388,2,2026-06-14,Available
9601,Hyderabad,Kukatpally,28852347,2587,3,2026-05-16,Available
9602,Hyderabad,Kondapur,28113583,3677,3,2026-06-28,Sold
9603,Chennai,Adyar,8256453,959,3,2026-05-16,Pending
9604,Hyderabad,Kondapur,45252468,3792,1,2026-04-10,Sold
9605,Pune,Baner,19343815,4532,1,2026-05-06,Sold
9606,Hyderabad,Miyapur,20341437,4361,3,2026-06-16,Available
9607,Pune,Baner,62326853,4896,1,2026-06-19,Pending
9608,Pune,Baner,47054847,4139,4,2026-05-27,Sold
9609,Hyderabad,Kondapur,37933794,3922,2,2026-07-01,Sold
9610,Bengaluru,Indiranagar,45299689,4609,4,2026-06-05,Sold
9611,Bengaluru,HSR Layout,20336464,3477,2,2026-06-28,Pending
9612,Mumbai,Bandra,23612301,1939,1,2026-04-27,Pending
9613,Pune,Baner,19247901,2072,1,2026-06-02,Available
9614,Hyderabad,Madhapur,4365567,698,5,2026-04-15,Sold
9615,Chennai,Adyar,28946025,2060,1,2026-06-04,Available
9616,Bengaluru,Electronic City,25253981,4391,1,2026-06-04,Available
9617,Hyderabad,Jubilee Hills,7878184,591,2,2026-07-03,Available
9618,Chennai,OMR,7806838,1184,2,2026-05-18,Pending
9619,Bengaluru,Electronic City,3709476,574,2,2026-07-03,Available
9620,Chennai,Anna Nagar,40313920,3358,5,2026-04-23,Sold
9621,Mumbai,Bandra,24608531,2978,1,2026-06-20,Sold
9622,Chennai,Adyar,53218940,4138,5,2026-05-21,Pending
9623,Pune,Kharadi,42139417,4369,3,2026-06-02,Pending
9624,Hyderabad,Miyapur,29774949,4453,2,2026-06-03,Available
9625,Mumbai,Powai,3196446,607,1,2026-04-15,Available
9626,Chennai,Velachery,28524491,2899,1,2026-05-21,Sold
9627,Mumbai,Andheri,7985401,625,3,2026-04-11,Pending
9628,Bengaluru,HSR Layout,50007577,3559,1,2026-04-27,Pending
9629,Hyderabad,Kondapur,2706432,624,1,2026-07-09,Available
9630,Bengaluru,Whitefield,29856000,4325,2,2026-04-29,Available
9631,Pune,Wakad,6747316,698,5,2026-05-12,Available
9632,Chennai,Velachery,41745642,4221,3,2026-05-01,Sold
9633,Pune,Wakad,4444320,535,1,2026-04-14,Pending
9634,Pune,Hinjewadi,16892135,2141,5,2026-04-21,Pending
9635,Hyderabad,Kondapur,17004925,1885,4,2026-07-01,Available
9636,Bengaluru,Electronic City,35098716,4729,4,2026-05-14,Sold
9637,Mumbai,Thane,44332755,3216,5,2026-06-03,Pending
9638,Hyderabad,Banjara Hills,22697418,2665,2,2026-04-20,Pending
9639,Hyderabad,Jubilee Hills,34412358,3166,5,2026-05-01,Available
9640,Hyderabad,Banjara Hills,12286060,973,1,2026-05-07,Sold
9641,Mumbai,Bandra,59331494,4089,3,2026-06-29,Available
9642,Mumbai,Andheri,10909963,1032,4,2026-04-12,Sold
9643,Mumbai,Thane,44988319,2992,5,2026-04-28,Available
9644,Mumbai,Thane,27716627,1920,1,2026-06-05,Available
9645,Bengaluru,Electronic City,11495262,831,3,2026-06-03,Sold
9646,Chennai,Velachery,48669501,4489,1,2026-05-12,Sold
9647,Mumbai,Bandra,16838769,2958,5,2026-05-13,Pending
9648,Pune,Baner,50220072,4811,5,2026-06-21,Sold
9649,Mumbai,Bandra,21950871,1555,3,2026-05-04,Pending
9650,Mumbai,Bandra,38620335,3573,4,2026-05-22,Pending
9651,Pune,Kharadi,27233955,2013,2,2026-06-24,Pending
9652,Bengaluru,HSR Layout,5215445,865,3,2026-04-30,Pending
9653,Bengaluru,Whitefield,16709519,1344,5,2026-04-17,Sold
9654,Bengaluru,Indiranagar,16953498,1300,2,2026-06-11,Sold
9655,Bengaluru,Indiranagar,10512126,775,3,2026-05-03,Available
9656,Chennai,Adyar,23638976,1823,3,2026-06-29,Sold
9657,Chennai,Anna Nagar,20761686,3140,5,2026-05-27,Available
9658,Pune,Kharadi,24095884,3689,1,2026-06-15,Pending
9659,Chennai,Adyar,63265119,4814,5,2026-04-26,Pending
9660,Pune,Kharadi,30411205,2179,4,2026-05-16,Available
9661,Pune,Kharadi,8668195,706,3,2026-05-03,Sold
9662,Bengaluru,Indiranagar,15889972,3332,4,2026-06-13,Sold
9663,Hyderabad,Madhapur,30931022,2258,4,2026-05-05,Sold
9664,Chennai,OMR,13088081,1076,3,2026-05-30,Available
9665,Hyderabad,Banjara Hills,48793303,4315,5,2026-06-14,Sold
9666,Hyderabad,Banjara Hills,30198063,2370,1,2026-04-21,Pending
9667,Mumbai,Andheri,12604775,2207,5,2026-06-01,Pending
9668,Hyderabad,Kukatpally,31643593,2810,3,2026-04-13,Sold
9669,Mumbai,Thane,12631762,1342,1,2026-06-04,Pending
9670,Chennai,Velachery,22194396,3513,5,2026-04-17,Pending
9671,Bengaluru,Electronic City,12900917,2262,1,2026-06-22,Available
9672,Mumbai,Bandra,19397526,2055,3,2026-05-18,Sold
9673,Pune,Wakad,35530297,3946,4,2026-06-23,Sold
9674,Bengaluru,Whitefield,13884651,1032,4,2026-05-13,Available
9675,Hyderabad,Gachibowli,27648446,4775,5,2026-06-28,Sold
9676,Bengaluru,Whitefield,6762265,533,3,2026-07-04,Available
9677,Chennai,Velachery,43996375,4063,2,2026-05-09,Available
9678,Hyderabad,Gachibowli,19450138,4649,2,2026-04-18,Available
9679,Mumbai,Bandra,20720180,1448,4,2026-07-08,Pending
9680,Chennai,Anna Nagar,29114361,2854,4,2026-06-13,Pending
9681,Chennai,Anna Nagar,36460517,2897,3,2026-06-17,Available
9682,Chennai,Adyar,12459827,1664,3,2026-04-30,Pending
9683,Pune,Baner,11840374,2407,5,2026-04-17,Pending
9684,Bengaluru,Indiranagar,7738934,715,2,2026-04-24,Available
9685,Hyderabad,Kukatpally,17315227,2822,4,2026-04-21,Available
9686,Hyderabad,Madhapur,18463185,1844,4,2026-04-19,Sold
9687,Hyderabad,Gachibowli,12219314,1046,3,2026-05-02,Pending
9688,Chennai,Velachery,12987047,2180,3,2026-05-30,Sold
9689,Pune,Baner,11893602,1885,1,2026-05-13,Pending
9690,Bengaluru,Electronic City,47873930,4204,1,2026-06-12,Available
9691,Hyderabad,Kondapur,13781704,1621,1,2026-06-07,Pending
9692,Chennai,Adyar,25487905,2648,5,2026-07-05,Sold
9693,Pune,Wakad,12185222,1948,4,2026-06-25,Pending
9694,Mumbai,Powai,57533447,4729,2,2026-06-02,Sold
9695,Mumbai,Andheri,13378249,2646,4,2026-07-05,Sold
9696,Mumbai,Thane,19665764,3205,2,2026-05-14,Sold
9697,Chennai,Adyar,26220675,3019,2,2026-05-11,Available
9698,Mumbai,Bandra,26519705,3774,4,2026-04-22,Sold
9699,Bengaluru,HSR Layout,26189323,2600,5,2026-05-18,Sold
9700,Pune,Hinjewadi,13939502,1938,1,2026-05-19,Available
9701,Pune,Hinjewadi,10614537,1398,2,2026-04-27,Available
9702,Pune,Kharadi,39444278,3739,5,2026-04-12,Available
9703,Hyderabad,Kondapur,4668020,642,2,2026-07-07,Sold
9704,Hyderabad,Madhapur,25405722,3349,3,2026-05-27,Pending
9705,Pune,Wakad,29035407,2403,1,2026-06-28,Available
9706,Chennai,Velachery,15162835,1864,1,2026-06-19,Pending
9707,Mumbai,Powai,30934287,4590,4,2026-07-04,Pending
9708,Chennai,OMR,20628368,3935,3,2026-06-23,Sold
9709,Bengaluru,Whitefield,28517948,3147,1,2026-06-08,Available
9710,Bengaluru,HSR Layout,6778457,628,1,2026-04-17,Available
9711,Hyderabad,Kondapur,26574827,4226,3,2026-06-13,Pending
9712,Mumbai,Andheri,19819732,3272,1,2026-05-12,Pending
9713,Bengaluru,Indiranagar,18788873,4493,1,2026-05-12,Sold
9714,Pune,Kharadi,15798802,2748,1,2026-06-11,Pending
9715,Mumbai,Thane,51119571,4233,2,2026-05-22,Available
9716,Bengaluru,HSR Layout,5642386,1242,5,2026-07-04,Available
9717,Bengaluru,Electronic City,6104045,933,1,2026-05-28,Sold
9718,Mumbai,Andheri,32146547,2634,4,2026-05-02,Available
9719,Pune,Baner,31220125,3494,3,2026-07-06,Sold
9720,Mumbai,Powai,10658555,1018,5,2026-07-03,Sold
9721,Chennai,Adyar,24413525,2239,4,2026-06-02,Sold
9722,Bengaluru,Electronic City,47110214,4120,4,2026-05-11,Pending
9723,Mumbai,Andheri,16420595,3754,3,2026-06-18,Pending
9724,Bengaluru,HSR Layout,15116117,1246,3,2026-05-25,Pending
9725,Mumbai,Bandra,55406278,4148,1,2026-06-19,Available
9726,Mumbai,Andheri,29303740,3487,1,2026-06-29,Pending
9727,Bengaluru,Indiranagar,21368088,3044,3,2026-05-10,Sold
9728,Hyderabad,Gachibowli,30734266,2827,5,2026-05-29,Sold
9729,Chennai,OMR,4921220,606,5,2026-04-27,Sold
9730,Hyderabad,Gachibowli,74137051,4983,1,2026-04-21,Pending
9731,Bengaluru,Indiranagar,41724676,4427,4,2026-06-16,Pending
9732,Chennai,Anna Nagar,20418151,4831,1,2026-04-28,Sold
9733,Pune,Hinjewadi,42642657,4157,5,2026-04-21,Sold
9734,Mumbai,Thane,7925896,793,5,2026-05-07,Available
9735,Hyderabad,Banjara Hills,62339057,4589,1,2026-05-09,Pending
9736,Hyderabad,Madhapur,28199985,3782,2,2026-06-24,Sold
9737,Bengaluru,Electronic City,16889419,1206,1,2026-04-12,Sold
9738,Mumbai,Thane,8692170,1486,3,2026-04-16,Pending
9739,Chennai,Velachery,26239555,3982,1,2026-04-11,Available
9740,Mumbai,Powai,23575772,1897,1,2026-05-22,Sold
9741,Pune,Hinjewadi,20350174,4668,4,2026-06-29,Sold
9742,Pune,Hinjewadi,31892862,2114,1,2026-06-24,Sold
9743,Bengaluru,HSR Layout,33335865,2583,5,2026-05-09,Available
9744,Hyderabad,Banjara Hills,6828181,709,3,2026-05-02,Available
9745,Bengaluru,Indiranagar,31587770,2881,1,2026-05-13,Available
9746,Bengaluru,HSR Layout,12732553,1684,3,2026-06-20,Sold
9747,Bengaluru,Electronic City,67779258,4962,3,2026-06-24,Pending
9748,Chennai,Adyar,21377499,2503,5,2026-06-02,Sold
9749,Mumbai,Powai,35589919,4135,2,2026-06-25,Pending
9750,Hyderabad,Banjara Hills,7603917,517,1,2026-06-20,Pending
9751,Mumbai,Powai,5931104,864,2,2026-07-01,Available
9752,Bengaluru,HSR Layout,55722453,4714,5,2026-06-18,Pending
9753,Chennai,Velachery,40271736,2878,5,2026-05-03,Available
9754,Mumbai,Andheri,31260021,2247,2,2026-07-03,Sold
9755,Hyderabad,Banjara Hills,49250925,4801,5,2026-05-20,Available
9756,Hyderabad,Banjara Hills,19658026,1566,4,2026-05-31,Pending
9757,Pune,Wakad,17071168,1660,1,2026-05-05,Pending
9758,Bengaluru,Electronic City,10835550,2767,1,2026-04-11,Pending
9759,Mumbai,Andheri,8459092,911,2,2026-06-04,Available
9760,Pune,Baner,5962364,567,2,2026-05-11,Pending
9761,Pune,Hinjewadi,36530718,3850,4,2026-05-17,Sold
9762,Chennai,Adyar,7439438,1268,1,2026-04-15,Available
9763,Mumbai,Bandra,25578507,4504,4,2026-06-24,Available
9764,Hyderabad,Banjara Hills,12644237,1092,2,2026-07-07,Sold
9765,Chennai,Velachery,20236107,1433,1,2026-04-21,Pending
9766,Pune,Baner,5383662,762,5,2026-04-10,Sold
9767,Mumbai,Powai,29305596,2388,4,2026-06-27,Pending
9768,Chennai,Velachery,8847342,1332,3,2026-05-29,Available
9769,Mumbai,Thane,18473701,3976,4,2026-06-10,Available
9770,Pune,Hinjewadi,27690712,2661,2,2026-06-27,Available
9771,Bengaluru,Indiranagar,24114273,1579,1,2026-05-18,Sold
9772,Hyderabad,Madhapur,21595504,2100,5,2026-05-09,Pending
9773,Chennai,Anna Nagar,5981691,1127,4,2026-05-23,Sold
9774,Hyderabad,Miyapur,21921665,1439,5,2026-05-02,Available
9775,Hyderabad,Madhapur,15615489,3211,2,2026-05-05,Pending
9776,Bengaluru,HSR Layout,41372253,4001,3,2026-04-29,Sold
9777,Mumbai,Thane,67405978,4947,3,2026-06-11,Pending
9778,Bengaluru,Whitefield,15804688,3873,2,2026-04-15,Sold
9779,Mumbai,Thane,15144637,1715,4,2026-06-30,Pending
9780,Mumbai,Thane,18432389,1584,3,2026-06-16,Sold
9781,Bengaluru,Indiranagar,57412829,4487,2,2026-05-17,Pending
9782,Chennai,Velachery,19505454,2738,2,2026-07-04,Available
9783,Mumbai,Powai,55217109,3909,5,2026-05-01,Sold
9784,Bengaluru,Indiranagar,17820617,1680,5,2026-04-29,Pending
9785,Bengaluru,Whitefield,21461623,4327,3,2026-06-17,Available
9786,Mumbai,Andheri,55222667,4044,1,2026-05-15,Sold
9787,Chennai,Velachery,44976748,3557,3,2026-06-28,Available
9788,Mumbai,Bandra,13071874,2393,4,2026-06-04,Sold
9789,Bengaluru,Electronic City,12786124,1169,4,2026-04-16,Sold
9790,Bengaluru,HSR Layout,12766117,1267,1,2026-07-05,Sold
9791,Bengaluru,Indiranagar,10370986,1861,3,2026-07-08,Sold
9792,Mumbai,Thane,22544020,4916,3,2026-06-07,Available
9793,Mumbai,Bandra,29064262,2439,5,2026-04-30,Sold
9794,Hyderabad,Miyapur,64387327,4720,1,2026-05-04,Pending
9795,Hyderabad,Kondapur,11128338,1908,3,2026-05-12,Available
9796,Chennai,Anna Nagar,11980698,1958,4,2026-06-02,Available
9797,Hyderabad,Banjara Hills,12601312,1623,3,2026-05-03,Sold
9798,Mumbai,Powai,37179550,3004,4,2026-07-07,Available
9799,Mumbai,Thane,5648429,817,3,2026-06-06,Sold
9800,Mumbai,Andheri,46306133,4042,5,2026-06-18,Available
9801,Chennai,Adyar,28896991,3336,4,2026-04-11,Pending
9802,Hyderabad,Madhapur,19366275,3200,3,2026-07-01,Available
9803,Pune,Baner,20811207,2367,5,2026-06-13,Available
9804,Hyderabad,Gachibowli,33401160,4479,4,2026-06-19,Pending
9805,Bengaluru,Indiranagar,5839226,540,5,2026-04-26,Sold
9806,Bengaluru,Electronic City,38592197,4106,2,2026-04-17,Sold
9807,Bengaluru,Indiranagar,17971257,1165,5,2026-04-22,Pending
9808,Bengaluru,Electronic City,37776206,3009,2,2026-05-06,Available
9809,Pune,Wakad,14890786,1005,5,2026-06-04,Sold
9810,Hyderabad,Miyapur,32632605,2424,2,2026-06-28,Sold
9811,Hyderabad,Jubilee Hills,14691650,3589,5,2026-04-27,Pending
9812,Hyderabad,Kukatpally,33099136,4242,4,2026-07-03,Pending
9813,Chennai,OMR,19827944,4396,4,2026-05-27,Sold
9814,Hyderabad,Kondapur,42013195,4987,5,2026-07-06,Pending
9815,Hyderabad,Banjara Hills,11436605,1930,5,2026-05-17,Available
9816,Hyderabad,Jubilee Hills,57467470,4364,1,2026-07-04,Available
9817,Chennai,Velachery,63269095,4482,4,2026-06-22,Available
9818,Chennai,OMR,34979548,3333,3,2026-05-22,Pending
9819,Mumbai,Bandra,32431532,4102,4,2026-04-11,Pending
9820,Mumbai,Thane,29215186,3766,3,2026-05-02,Pending
9821,Pune,Baner,31887222,4043,4,2026-06-07,Available
9822,Chennai,Anna Nagar,48392834,3933,2,2026-06-23,Pending
9823,Hyderabad,Miyapur,4843103,1270,1,2026-06-23,Sold
9824,Pune,Kharadi,57965332,4018,5,2026-04-23,Pending
9825,Mumbai,Bandra,36192299,4775,2,2026-06-17,Available
9826,Hyderabad,Madhapur,59584848,4800,4,2026-06-09,Pending
9827,Mumbai,Andheri,29151948,2612,2,2026-05-21,Available
9828,Mumbai,Bandra,21375011,3278,2,2026-07-04,Available
9829,Hyderabad,Jubilee Hills,53105835,4950,3,2026-06-12,Pending
9830,Hyderabad,Banjara Hills,19627938,3176,2,2026-06-06,Sold
9831,Bengaluru,Indiranagar,32129264,4033,3,2026-05-21,Available
9832,Bengaluru,Whitefield,29371725,2692,1,2026-05-25,Pending
9833,Mumbai,Thane,39619887,4881,3,2026-05-10,Pending
9834,Bengaluru,Indiranagar,14267956,2809,3,2026-04-20,Pending
9835,Chennai,OMR,3390731,706,5,2026-04-25,Sold
9836,Hyderabad,Gachibowli,20938026,2593,3,2026-06-26,Available
9837,Mumbai,Thane,49162664,4169,3,2026-04-27,Available
9838,Mumbai,Thane,26776147,4823,3,2026-07-01,Available
9839,Chennai,OMR,7637398,1171,2,2026-06-16,Available
9840,Hyderabad,Kukatpally,2436903,510,1,2026-04-29,Pending
9841,Pune,Wakad,18086886,1541,5,2026-06-23,Available
9842,Pune,Kharadi,39541425,4570,1,2026-05-25,Available
9843,Mumbai,Powai,35104474,2663,1,2026-05-01,Available
9844,Mumbai,Bandra,6775631,670,1,2026-06-22,Pending
9845,Mumbai,Andheri,15373034,1128,2,2026-04-17,Sold
9846,Hyderabad,Gachibowli,11732507,1274,5,2026-05-19,Pending
9847,Pune,Kharadi,27597008,4961,2,2026-06-07,Available
9848,Chennai,Anna Nagar,28138354,4041,4,2026-05-01,Available
9849,Mumbai,Powai,39160805,3551,3,2026-06-10,Pending
9850,Chennai,OMR,21503565,2105,2,2026-05-09,Pending
9851,Hyderabad,Madhapur,24197684,4913,1,2026-06-02,Available
9852,Bengaluru,HSR Layout,26070182,2914,5,2026-04-25,Available
9853,Pune,Baner,19591802,1805,2,2026-06-13,Available
9854,Hyderabad,Miyapur,12697828,1249,3,2026-07-08,Sold
9855,Hyderabad,Miyapur,56201005,4374,1,2026-04-19,Sold
9856,Chennai,Velachery,2764822,542,1,2026-05-28,Sold
9857,Chennai,OMR,23199996,3482,1,2026-07-03,Pending
9858,Chennai,Adyar,15278310,2905,4,2026-06-10,Pending
9859,Mumbai,Bandra,5527621,998,4,2026-06-14,Available
9860,Mumbai,Andheri,37870940,4283,2,2026-06-07,Pending
9861,Bengaluru,HSR Layout,45714921,4077,2,2026-06-05,Sold
9862,Hyderabad,Banjara Hills,10232501,1385,2,2026-04-17,Pending
9863,Hyderabad,Miyapur,39818447,3532,3,2026-06-21,Sold
9864,Hyderabad,Jubilee Hills,11258173,1917,2,2026-07-07,Available
9865,Mumbai,Powai,73204095,4899,2,2026-07-03,Pending
9866,Pune,Baner,38904243,4843,3,2026-04-11,Pending
9867,Hyderabad,Madhapur,41689161,3406,4,2026-05-05,Sold
9868,Pune,Hinjewadi,15246259,1147,4,2026-06-02,Available
9869,Bengaluru,Whitefield,44886059,3241,5,2026-05-15,Sold
9870,Mumbai,Andheri,26237508,2861,4,2026-05-31,Pending
9871,Chennai,Adyar,5237586,733,4,2026-06-02,Sold
9872,Hyderabad,Gachibowli,51033881,3794,2,2026-06-14,Available
9873,Mumbai,Andheri,9007036,1204,4,2026-04-30,Pending
9874,Bengaluru,Electronic City,55208212,4008,4,2026-06-08,Pending
9875,Chennai,OMR,9827221,1532,4,2026-04-27,Pending
9876,Pune,Hinjewadi,5732104,642,4,2026-06-14,Sold
9877,Bengaluru,Electronic City,18904962,3195,5,2026-06-09,Pending
9878,Mumbai,Bandra,57961403,4777,4,2026-05-17,Pending
9879,Hyderabad,Madhapur,25902655,2467,3,2026-04-19,Pending
9880,Bengaluru,Indiranagar,16323091,3223,5,2026-05-18,Sold
9881,Hyderabad,Kondapur,20649185,2414,5,2026-04-21,Sold
9882,Hyderabad,Banjara Hills,73008875,4913,2,2026-07-04,Pending
9883,Hyderabad,Kondapur,33514496,2768,2,2026-06-30,Sold
9884,Bengaluru,HSR Layout,10756641,718,4,2026-06-04,Sold
9885,Bengaluru,Indiranagar,5485544,1087,4,2026-05-29,Pending
9886,Mumbai,Thane,16502361,1083,2,2026-05-04,Sold
9887,Mumbai,Thane,18798317,3414,3,2026-05-21,Sold
9888,Chennai,Anna Nagar,14951210,1071,2,2026-05-20,Pending
9889,Hyderabad,Banjara Hills,19786340,2179,5,2026-06-26,Available
9890,Bengaluru,Indiranagar,16072219,2852,2,2026-04-21,Pending
9891,Pune,Hinjewadi,3835343,755,5,2026-04-11,Pending
9892,Pune,Wakad,28484806,4296,1,2026-04-30,Available
9893,Hyderabad,Banjara Hills,5883969,1305,3,2026-05-11,Available
9894,Bengaluru,Indiranagar,8557485,1833,4,2026-04-27,Available
9895,Mumbai,Powai,49244619,4719,5,2026-05-07,Pending
9896,Mumbai,Thane,17209383,2687,1,2026-07-02,Sold
9897,Hyderabad,Kondapur,12357058,1158,3,2026-04-10,Available
9898,Bengaluru,HSR Layout,10419713,1139,4,2026-06-12,Pending
9899,Bengaluru,Whitefield,22932845,2435,5,2026-06-15,Pending
9900,Bengaluru,Electronic City,66279652,4647,2,2026-06-19,Sold
9901,Chennai,OMR,33792985,3286,4,2026-04-13,Pending
9902,Chennai,Adyar,27902294,2065,4,2026-04-13,Available
9903,Pune,Hinjewadi,8074224,736,4,2026-05-31,Available
9904,Chennai,Velachery,50347562,4006,3,2026-06-20,Pending
9905,Hyderabad,Gachibowli,60585790,4516,3,2026-07-09,Sold
9906,Bengaluru,Electronic City,15214855,1174,5,2026-05-26,Available
9907,Bengaluru,Electronic City,11077992,1970,3,2026-05-30,Available
9908,Hyderabad,Banjara Hills,44112392,4530,5,2026-05-20,Available
9909,Bengaluru,Electronic City,20543382,2632,3,2026-06-28,Pending
9910,Pune,Wakad,68736866,4817,3,2026-05-30,Sold
9911,Chennai,Velachery,25922417,2563,5,2026-06-01,Pending
9912,Hyderabad,Miyapur,36424193,4801,4,2026-06-24,Sold
9913,Bengaluru,Whitefield,31500050,3013,1,2026-07-03,Pending
9914,Hyderabad,Kondapur,34537203,2503,2,2026-05-24,Pending
9915,Bengaluru,Whitefield,58958419,4096,5,2026-07-04,Sold
9916,Mumbai,Thane,24287962,2039,3,2026-05-01,Sold
9917,Mumbai,Thane,21183041,3310,2,2026-06-23,Available
9918,Bengaluru,Whitefield,9074025,1164,3,2026-06-02,Pending
9919,Pune,Hinjewadi,16469477,2432,3,2026-06-10,Sold
9920,Pune,Hinjewadi,21133022,4644,1,2026-06-28,Sold
9921,Hyderabad,Madhapur,34321745,3782,3,2026-07-09,Available
9922,Chennai,Anna Nagar,50793140,3982,4,2026-05-14,Sold
9923,Pune,Hinjewadi,26982798,3248,5,2026-06-04,Pending
9924,Chennai,Velachery,18096781,4403,3,2026-04-27,Pending
9925,Mumbai,Bandra,8811726,915,5,2026-06-07,Available
9926,Chennai,OMR,69245230,4900,2,2026-04-20,Sold
9927,Mumbai,Bandra,38248916,3199,4,2026-04-27,Sold
9928,Hyderabad,Gachibowli,24995365,4240,3,2026-06-15,Sold
9929,Bengaluru,HSR Layout,49755168,3829,5,2026-06-24,Available
9930,Bengaluru,Whitefield,18831906,1285,5,2026-07-08,Pending
9931,Chennai,Anna Nagar,16729248,1784,2,2026-04-26,Sold
9932,Hyderabad,Miyapur,41691405,3909,2,2026-06-15,Pending
9933,Hyderabad,Banjara Hills,37891491,3568,4,2026-06-01,Pending
9934,Mumbai,Thane,12675788,2213,1,2026-05-13,Pending
9935,Chennai,Adyar,22838686,3379,1,2026-04-27,Available
9936,Hyderabad,Miyapur,73048366,4980,2,2026-05-22,Pending
9937,Mumbai,Andheri,61727971,4974,1,2026-05-13,Available
9938,Hyderabad,Miyapur,24158134,2695,5,2026-05-20,Sold
9939,Chennai,Velachery,34142748,4342,4,2026-07-04,Sold
9940,Chennai,Velachery,9939875,1796,2,2026-04-19,Sold
9941,Pune,Hinjewadi,6486236,1541,1,2026-07-03,Available
9942,Bengaluru,Indiranagar,34344756,3503,1,2026-06-08,Sold
9943,Chennai,Adyar,25062232,2154,1,2026-05-23,Pending
9944,Hyderabad,Madhapur,52100192,4859,5,2026-04-21,Sold
9945,Chennai,OMR,64963945,4670,3,2026-04-10,Pending
9946,Hyderabad,Kondapur,21084135,2719,5,2026-05-29,Available
9947,Pune,Hinjewadi,34689003,3212,3,2026-05-08,Available
9948,Chennai,Velachery,21099847,2608,2,2026-06-24,Pending
9949,Hyderabad,Banjara Hills,25261831,2511,2,2026-04-17,Sold
9950,Chennai,Anna Nagar,16481091,3271,3,2026-07-07,Available
9951,Mumbai,Bandra,30240526,4694,5,2026-07-01,Sold
9952,Mumbai,Powai,54895507,4690,2,2026-05-27,Sold
9953,Bengaluru,HSR Layout,45295947,4584,2,2026-05-11,Pending
9954,Hyderabad,Gachibowli,12170553,2373,1,2026-05-19,Sold
9955,Bengaluru,Whitefield,21256289,4113,5,2026-04-29,Available
9956,Pune,Kharadi,4870446,598,5,2026-06-11,Available
9957,Chennai,Adyar,17644523,3243,4,2026-04-20,Pending
9958,Hyderabad,Banjara Hills,31944585,2518,2,2026-04-14,Available
9959,Hyderabad,Madhapur,61169578,4939,2,2026-05-05,Available
9960,Mumbai,Thane,38127844,4229,3,2026-05-13,Pending
9961,Hyderabad,Kukatpally,54254109,4740,5,2026-06-22,Available
9962,Mumbai,Andheri,49824423,3609,4,2026-04-19,Sold
9963,Chennai,OMR,27114115,3236,4,2026-06-09,Pending
9964,Bengaluru,Whitefield,64602703,4400,3,2026-06-17,Pending
9965,Mumbai,Andheri,33934772,3039,4,2026-06-23,Sold
9966,Pune,Wakad,40874377,3377,1,2026-04-10,Sold
9967,Bengaluru,Electronic City,24324568,1830,2,2026-05-29,Available
9968,Chennai,Adyar,15329606,1352,4,2026-05-14,Sold
9969,Pune,Hinjewadi,24721452,2268,5,2026-04-21,Pending
9970,Hyderabad,Gachibowli,14436628,1841,4,2026-04-28,Available
9971,Bengaluru,Indiranagar,8707109,804,1,2026-07-06,Sold
9972,Hyderabad,Madhapur,7896402,636,3,2026-06-17,Available
9973,Hyderabad,Gachibowli,39321567,3462,2,2026-05-15,Available
9974,Bengaluru,Electronic City,20752774,4688,4,2026-05-05,Available
9975,Pune,Hinjewadi,16262164,1137,5,2026-06-28,Pending
9976,Pune,Baner,5866993,885,1,2026-05-31,Pending
9977,Pune,Hinjewadi,21022797,3987,1,2026-06-08,Available
9978,Pune,Hinjewadi,50696935,3781,5,2026-05-21,Available
9979,Pune,Baner,28945142,3646,2,2026-05-14,Pending
9980,Pune,Baner,17654272,2677,1,2026-05-02,Available
9981,Chennai,Adyar,10170463,1771,3,2026-05-28,Available
9982,Mumbai,Thane,29375970,2476,4,2026-05-27,Sold
9983,Mumbai,Thane,7281462,1508,4,2026-07-03,Available
9984,Hyderabad,Kondapur,15536711,2973,3,2026-04-23,Sold
9985,Chennai,OMR,4737118,586,2,2026-07-08,Available
9986,Bengaluru,Electronic City,9500815,1063,3,2026-06-24,Available
9987,Hyderabad,Kukatpally,15957350,1197,1,2026-07-01,Pending
9988,Chennai,Adyar,16571028,2143,3,2026-04-27,Pending
9989,Pune,Wakad,13415964,991,2,2026-04-29,Sold
9990,Bengaluru,Whitefield,20517558,3727,4,2026-05-17,Available
9991,Bengaluru,Electronic City,27175168,3587,4,2026-04-20,Sold
9992,Pune,Baner,37445800,2966,2,2026-04-17,Available
9993,Hyderabad,Jubilee Hills,14763582,2981,5,2026-04-16,Pending
9994,Pune,Wakad,42001147,2868,3,2026-06-28,Sold
9995,Hyderabad,Madhapur,35690142,3683,3,2026-04-23,Available
9996,Chennai,Anna Nagar,42654468,3393,3,2026-06-03,Pending
9997,Bengaluru,HSR Layout,31759437,2483,3,2026-06-10,Available
9998,Hyderabad,Gachibowli,39200098,3052,4,2026-06-04,Available
9999,Mumbai,Thane,33056123,2996,3,2026-07-06,Sold
10000,Chennai,Adyar,38311981,2976,2,2026-06-30,Pending
