Place_ID,Category,Name,City,Locality,Latitude,Longitude,Distance_km,Rating
1,Hospital,Mall_1,Chennai,Velachery,17.74892,72.75304,6.34,4.2
2,Mall,Airport_2,Hyderabad,Miyapur,12.326079,78.867748,1.06,4.4
3,Airport,College_3,Pune,Hinjewadi,14.993146,74.513177,2.95,5.0
4,Hospital,Hospital_4,Hyderabad,Miyapur,13.063892,75.911705,9.45,3.9
5,Mall,Bus Stop_5,Hyderabad,Gachibowli,13.992169,75.086332,3.97,4.7
6,Metro,Metro_6,Hyderabad,Madhapur,13.944874,73.095409,2.4,3.5
7,Hospital,College_7,Mumbai,Bandra,13.019735,76.276728,6.38,3.1
8,Metro,Park_8,Hyderabad,Madhapur,14.380376,72.420605,9.56,4.2
9,Metro,Restaurant_9,Mumbai,Powai,15.362766,74.494819,9.15,4.5
10,Mall,Mall_10,Chennai,OMR,18.35781,74.845569,5.22,3.7
11,School,College_11,Hyderabad,Gachibowli,13.355515,76.841112,9.1,3.7
12,College,Metro_12,Hyderabad,Banjara Hills,15.346229,73.428174,6.15,4.2
13,Airport,Park_13,Mumbai,Andheri,12.916887,72.113944,5.49,4.7
14,Metro,Metro_14,Hyderabad,Jubilee Hills,16.083441,79.234374,1.5,4.2
15,Hospital,College_15,Hyderabad,Miyapur,15.715084,75.859896,3.32,4.9
16,Hospital,Mall_16,Pune,Kharadi,15.732998,75.824291,4.34,3.4
17,Restaurant,Bus Stop_17,Chennai,OMR,13.771755,73.098037,3.46,3.4
18,Park,Park_18,Chennai,OMR,15.878352,75.523665,0.49,4.6
19,Hospital,Park_19,Chennai,Velachery,13.045576,79.353372,0.93,4.7
20,Metro,Mall_20,Hyderabad,Kondapur,14.374062,76.424513,9.33,4.3
21,College,Hospital_21,Pune,Kharadi,16.7051,74.164179,6.62,4.3
22,School,Hospital_22,Mumbai,Thane,18.877084,74.741637,6.69,3.8
23,Metro,School_23,Pune,Wakad,15.216171,73.260264,3.42,3.2
24,Bus Stop,Airport_24,Chennai,Velachery,12.635962,78.536354,7.23,4.0
25,Metro,Airport_25,Chennai,Velachery,15.004713,77.608426,9.6,3.8
26,Mall,Mall_26,Mumbai,Powai,15.42506,72.026515,7.42,5.0
27,College,School_27,Mumbai,Thane,17.368791,76.935792,4.91,4.9
28,Restaurant,College_28,Hyderabad,Jubilee Hills,16.962096,74.284348,9.94,3.8
29,Bus Stop,Park_29,Bengaluru,Whitefield,13.832663,74.876429,7.3,3.8
30,Hospital,Airport_30,Mumbai,Andheri,14.271833,74.706181,9.26,4.5
31,Bus Stop,Restaurant_31,Hyderabad,Kondapur,13.999362,79.484719,5.54,4.4
32,Park,Bus Stop_32,Hyderabad,Jubilee Hills,17.268676,77.155926,6.59,3.6
33,Hospital,Metro_33,Pune,Baner,13.131599,73.66298,3.49,3.2
34,Airport,Metro_34,Bengaluru,Electronic City,18.21076,77.997261,6.9,4.1
35,Bus Stop,Restaurant_35,Bengaluru,Whitefield,14.7983,75.566867,8.57,4.9
36,Park,Restaurant_36,Bengaluru,Whitefield,15.656559,77.4566,6.4,4.4
37,Mall,Restaurant_37,Hyderabad,Gachibowli,18.604783,73.533614,2.55,4.9
38,Bus Stop,Mall_38,Chennai,OMR,18.19394,77.177347,0.17,3.6
39,Bus Stop,School_39,Pune,Hinjewadi,14.18201,78.560036,9.49,3.3
40,Mall,Metro_40,Mumbai,Powai,12.993378,72.414724,6.56,4.0
41,Park,Bus Stop_41,Mumbai,Powai,18.89488,75.539481,0.97,4.4
42,School,Park_42,Bengaluru,Electronic City,14.263164,77.898558,2.03,3.1
43,Hospital,College_43,Pune,Wakad,18.703827,76.935828,7.18,3.9
44,Bus Stop,Metro_44,Mumbai,Andheri,18.496696,73.463514,2.55,3.1
45,Bus Stop,College_45,Hyderabad,Kukatpally,18.86179,79.067797,6.24,4.3
46,Bus Stop,Park_46,Pune,Hinjewadi,15.968189,74.983768,9.93,4.0
47,Restaurant,Metro_47,Bengaluru,Whitefield,12.031445,79.0626,4.55,3.5
48,Airport,Metro_48,Hyderabad,Gachibowli,14.58096,73.130956,6.25,3.2
49,Park,Bus Stop_49,Hyderabad,Banjara Hills,12.442898,72.811102,9.54,3.6
50,Hospital,Bus Stop_50,Pune,Wakad,18.049725,79.972963,5.82,3.7
51,Hospital,Bus Stop_51,Bengaluru,HSR Layout,12.997478,78.451746,4.96,4.6
52,Mall,School_52,Bengaluru,Electronic City,14.201682,76.861158,4.06,4.0
53,Bus Stop,Park_53,Mumbai,Andheri,18.794846,78.525198,5.87,3.9
54,Hospital,Hospital_54,Chennai,Adyar,12.163627,76.951135,1.37,3.9
55,School,Hospital_55,Hyderabad,Banjara Hills,16.59967,72.325213,9.96,4.5
56,College,Metro_56,Hyderabad,Madhapur,18.696475,79.32833,2.62,4.9
57,Restaurant,School_57,Mumbai,Bandra,13.661794,74.978136,6.4,3.7
58,School,Park_58,Mumbai,Powai,17.996196,77.903385,8.22,3.5
59,Airport,Park_59,Pune,Wakad,13.045553,76.928416,1.15,3.7
60,Park,Bus Stop_60,Bengaluru,Indiranagar,13.429291,76.991436,8.13,4.9
61,Hospital,School_61,Hyderabad,Jubilee Hills,16.049307,76.815052,6.17,4.3
62,Bus Stop,Bus Stop_62,Bengaluru,HSR Layout,16.256581,76.055586,7.48,3.9
63,Mall,Hospital_63,Mumbai,Bandra,13.626077,72.310541,8.81,3.0
64,Park,Mall_64,Chennai,Velachery,13.343559,75.109657,3.98,4.2
65,School,Hospital_65,Pune,Kharadi,12.783251,76.975753,8.58,4.5
66,Airport,Bus Stop_66,Bengaluru,Whitefield,13.440064,72.895758,2.69,3.7
67,Mall,Hospital_67,Chennai,OMR,15.526161,78.811019,5.79,3.6
68,Metro,Park_68,Mumbai,Powai,17.335267,79.822926,8.17,4.9
69,School,Airport_69,Bengaluru,Indiranagar,17.367667,75.922334,2.14,3.5
70,Park,Mall_70,Pune,Kharadi,12.888164,76.752707,1.35,3.9
71,Hospital,Metro_71,Bengaluru,HSR Layout,13.08216,73.247886,9.63,3.2
72,Restaurant,Park_72,Mumbai,Bandra,15.044461,73.569527,4.69,3.3
73,Hospital,Bus Stop_73,Pune,Baner,16.908133,76.699415,2.5,3.8
74,Mall,Restaurant_74,Bengaluru,Electronic City,12.137601,78.8683,3.55,4.7
75,School,Park_75,Mumbai,Bandra,16.474829,78.631883,2.82,3.8
76,Metro,Metro_76,Hyderabad,Gachibowli,16.887769,74.817,9.3,3.1
77,Bus Stop,Park_77,Bengaluru,Indiranagar,16.662265,78.645593,9.83,4.4
78,Airport,Metro_78,Mumbai,Powai,16.580819,74.562564,5.35,3.7
79,Metro,Hospital_79,Pune,Hinjewadi,16.591697,74.000212,6.72,4.8
80,Metro,College_80,Chennai,Velachery,12.550305,78.714234,2.54,3.3
81,School,Airport_81,Pune,Hinjewadi,16.871199,75.980852,8.11,3.2
82,Airport,Bus Stop_82,Mumbai,Thane,17.027289,77.002223,2.59,3.1
83,Restaurant,Bus Stop_83,Chennai,Anna Nagar,14.336053,79.874294,5.5,3.1
84,College,Metro_84,Chennai,OMR,17.753729,75.800425,1.1,3.4
85,School,College_85,Hyderabad,Kukatpally,18.103455,73.109567,5.72,3.1
86,School,Bus Stop_86,Hyderabad,Banjara Hills,15.125302,72.113044,0.15,4.4
87,Restaurant,College_87,Hyderabad,Banjara Hills,12.902779,72.142217,4.66,4.9
88,College,College_88,Chennai,OMR,12.103107,77.20558,6.8,3.3
89,School,Metro_89,Hyderabad,Kondapur,14.700162,78.289938,6.05,3.6
90,Metro,Park_90,Mumbai,Bandra,16.212475,79.168928,9.76,4.6
91,School,Bus Stop_91,Pune,Baner,15.779868,75.8781,4.65,3.2
92,Airport,Bus Stop_92,Chennai,OMR,15.647277,74.076332,7.82,4.7
93,College,Mall_93,Bengaluru,Whitefield,14.601678,75.707471,2.69,4.6
94,College,Hospital_94,Mumbai,Powai,18.744277,74.031964,8.64,4.3
95,Restaurant,School_95,Hyderabad,Jubilee Hills,15.951333,77.125064,8.39,3.1
96,Bus Stop,Hospital_96,Pune,Baner,14.223778,72.04622,3.81,3.8
97,School,Hospital_97,Mumbai,Bandra,17.020587,73.56083,4.58,3.7
98,Metro,School_98,Bengaluru,Indiranagar,14.323854,77.888503,2.78,4.7
99,Park,Mall_99,Chennai,Velachery,14.226468,79.225346,9.71,3.9
100,School,Restaurant_100,Chennai,Velachery,14.026,79.169596,2.94,3.7
101,Mall,Metro_101,Hyderabad,Kukatpally,13.264805,78.746972,6.16,4.4
102,Park,Mall_102,Bengaluru,Electronic City,16.845701,76.156496,1.94,4.7
103,School,Park_103,Chennai,OMR,16.164265,72.037116,8.74,4.9
104,Mall,Park_104,Mumbai,Thane,17.631515,73.074973,0.28,4.2
105,Bus Stop,Metro_105,Pune,Baner,12.720052,78.956209,5.46,3.5
106,Bus Stop,Mall_106,Bengaluru,HSR Layout,18.637361,72.14807,8.4,4.4
107,Mall,Restaurant_107,Pune,Wakad,14.274158,73.173034,6.72,3.5
108,Mall,School_108,Mumbai,Thane,12.240616,77.132595,2.95,3.6
109,Restaurant,Park_109,Bengaluru,Whitefield,18.309948,72.675792,8.41,4.2
110,Bus Stop,Bus Stop_110,Pune,Kharadi,16.972519,75.687067,0.22,3.7
111,College,Airport_111,Bengaluru,Electronic City,13.99374,79.900084,7.38,3.2
112,School,Bus Stop_112,Bengaluru,HSR Layout,14.467179,77.402752,7.68,4.2
113,Airport,School_113,Mumbai,Thane,18.109329,76.85867,7.89,4.7
114,Bus Stop,School_114,Mumbai,Thane,15.75812,78.423621,0.35,3.5
115,Restaurant,Mall_115,Mumbai,Andheri,16.339945,75.497278,1.08,3.7
116,Park,Airport_116,Mumbai,Bandra,14.811486,78.138624,8.22,5.0
117,School,School_117,Mumbai,Bandra,13.454559,79.14513,3.14,4.4
118,Metro,Metro_118,Hyderabad,Kondapur,12.108087,72.236257,5.23,4.0
119,Metro,School_119,Hyderabad,Gachibowli,15.432987,75.740141,2.74,3.2
120,Airport,School_120,Pune,Hinjewadi,16.36802,72.156387,9.0,4.6
121,Metro,Airport_121,Chennai,Adyar,13.700495,75.118363,3.85,3.0
122,Mall,Bus Stop_122,Chennai,Adyar,15.736253,75.084779,0.45,4.3
123,Mall,Park_123,Chennai,Velachery,13.374074,76.35893,9.51,4.0
124,Hospital,Restaurant_124,Bengaluru,Indiranagar,18.297321,76.70051,8.53,4.5
125,Mall,Hospital_125,Mumbai,Powai,14.729544,72.688296,7.22,3.2
126,College,Mall_126,Chennai,Velachery,14.823647,79.271384,10.0,3.8
127,Park,Metro_127,Hyderabad,Madhapur,18.388802,77.872427,5.69,3.5
128,Bus Stop,Mall_128,Mumbai,Andheri,18.549723,72.894977,2.88,3.2
129,Restaurant,Metro_129,Mumbai,Thane,16.381641,76.069267,9.7,4.3
130,School,Restaurant_130,Pune,Wakad,14.504781,75.293104,6.95,3.3
131,Park,School_131,Chennai,Anna Nagar,15.94288,74.668574,3.67,3.4
132,College,College_132,Hyderabad,Kondapur,16.911367,75.584145,0.93,4.4
133,Hospital,Metro_133,Pune,Wakad,15.418403,78.271009,7.5,3.1
134,Airport,Metro_134,Mumbai,Bandra,18.734158,76.203491,5.56,3.7
135,Mall,Metro_135,Chennai,Velachery,15.968086,77.025689,1.47,4.3
136,College,School_136,Mumbai,Powai,13.3357,77.783602,6.69,4.7
137,Hospital,School_137,Bengaluru,Indiranagar,17.629144,77.402092,7.26,3.7
138,Airport,Restaurant_138,Chennai,Adyar,16.531504,74.394495,5.85,3.8
139,Mall,Restaurant_139,Pune,Kharadi,12.799775,73.444013,4.64,4.1
140,Restaurant,Hospital_140,Hyderabad,Jubilee Hills,12.5616,75.26421,4.65,4.4
141,Hospital,Metro_141,Pune,Kharadi,17.42486,73.094419,4.32,4.8
142,Airport,Hospital_142,Pune,Kharadi,14.568877,78.731792,3.62,3.7
143,Restaurant,Park_143,Pune,Hinjewadi,14.480479,77.551422,8.75,4.3
144,College,Bus Stop_144,Bengaluru,Electronic City,12.096605,74.738944,2.37,4.9
145,Airport,College_145,Pune,Hinjewadi,13.5142,79.151876,3.4,3.0
146,Hospital,Airport_146,Mumbai,Powai,14.691018,72.507863,7.94,4.6
147,Mall,Mall_147,Bengaluru,HSR Layout,17.176725,76.071256,9.97,3.3
148,Hospital,Mall_148,Bengaluru,Whitefield,14.772519,78.178782,5.88,3.2
149,School,Mall_149,Bengaluru,Electronic City,18.793887,77.522243,0.57,3.9
150,School,Airport_150,Pune,Wakad,13.69215,72.454403,9.24,3.4
151,School,School_151,Chennai,OMR,16.752745,74.702199,9.26,4.1
152,Airport,Mall_152,Chennai,OMR,13.096751,72.148811,7.44,3.5
153,Mall,Bus Stop_153,Mumbai,Powai,15.9151,74.890839,7.59,3.2
154,Airport,Mall_154,Hyderabad,Miyapur,15.802901,73.639509,4.47,4.7
155,Bus Stop,Bus Stop_155,Bengaluru,Electronic City,14.266822,79.228005,9.08,3.8
156,College,Park_156,Bengaluru,Whitefield,16.96485,73.934633,9.55,3.3
157,Metro,Bus Stop_157,Chennai,Anna Nagar,15.39886,79.127757,8.65,5.0
158,Mall,Mall_158,Chennai,OMR,12.93369,74.421668,7.94,4.4
159,Metro,Mall_159,Hyderabad,Madhapur,16.023955,77.587391,6.89,3.3
160,School,Bus Stop_160,Pune,Hinjewadi,18.700676,72.61862,7.92,4.9
161,Bus Stop,Bus Stop_161,Chennai,OMR,15.176181,74.257091,8.83,4.6
162,Airport,College_162,Hyderabad,Madhapur,17.109979,79.928098,5.53,3.6
163,Restaurant,Mall_163,Pune,Hinjewadi,14.396506,76.36944,9.25,4.5
164,College,Metro_164,Chennai,Adyar,15.336327,73.769792,6.44,4.7
165,Park,College_165,Hyderabad,Kondapur,12.861238,73.230755,6.98,3.9
166,School,Metro_166,Mumbai,Bandra,16.76126,74.935403,3.13,4.1
167,Airport,School_167,Chennai,Anna Nagar,12.639301,77.089144,7.15,3.6
168,Restaurant,Bus Stop_168,Mumbai,Thane,14.697501,76.629607,5.02,4.8
169,Restaurant,School_169,Hyderabad,Gachibowli,14.904249,75.788819,9.27,3.6
170,School,Restaurant_170,Chennai,Adyar,13.544959,72.617095,6.94,3.8
171,Restaurant,Bus Stop_171,Pune,Kharadi,13.018671,74.674687,6.84,3.6
172,Restaurant,School_172,Bengaluru,Indiranagar,14.134772,73.054002,7.32,3.0
173,Metro,Bus Stop_173,Hyderabad,Kukatpally,13.537846,75.51286,8.6,3.2
174,Mall,Restaurant_174,Bengaluru,Whitefield,18.456789,76.488475,1.1,3.2
175,Airport,Restaurant_175,Hyderabad,Gachibowli,17.834934,77.649679,7.22,3.6
176,Mall,College_176,Chennai,Anna Nagar,18.618896,77.323061,1.57,3.4
177,Park,Park_177,Chennai,Adyar,12.854891,79.386537,6.02,4.1
178,School,Metro_178,Hyderabad,Madhapur,17.374417,78.120607,3.4,3.9
179,School,School_179,Bengaluru,Electronic City,17.514083,74.385858,5.18,3.2
180,Hospital,Metro_180,Bengaluru,Indiranagar,17.093367,77.87393,5.01,4.1
181,Hospital,School_181,Hyderabad,Kondapur,15.978619,72.336506,1.15,3.1
182,Mall,Mall_182,Pune,Kharadi,13.075599,74.113393,2.51,4.5
183,Bus Stop,Bus Stop_183,Pune,Hinjewadi,14.361067,72.784603,0.42,4.6
184,Hospital,Mall_184,Bengaluru,HSR Layout,13.42617,79.399188,8.68,3.1
185,Restaurant,Park_185,Chennai,Adyar,13.135591,79.725998,7.51,4.2
186,Hospital,Mall_186,Hyderabad,Gachibowli,13.386095,75.663238,6.56,4.7
187,Airport,Bus Stop_187,Chennai,Adyar,15.423371,72.130829,8.46,4.2
188,Metro,Airport_188,Chennai,Anna Nagar,16.908237,75.53625,1.76,3.7
189,Park,Airport_189,Pune,Baner,18.690486,76.054031,6.79,5.0
190,School,College_190,Pune,Baner,14.912193,76.114204,4.98,4.4
191,Restaurant,School_191,Hyderabad,Gachibowli,15.134135,78.008591,9.98,3.3
192,College,School_192,Pune,Wakad,12.18063,76.385674,7.96,3.7
193,Airport,College_193,Bengaluru,HSR Layout,14.156011,76.164105,4.09,4.4
194,Restaurant,Bus Stop_194,Chennai,Adyar,13.86794,73.631797,7.55,3.6
195,Bus Stop,Hospital_195,Chennai,Adyar,12.847672,75.59726,9.31,3.3
196,Airport,Hospital_196,Bengaluru,Whitefield,14.799843,75.998491,9.25,3.1
197,Bus Stop,Park_197,Hyderabad,Banjara Hills,14.825764,76.589781,1.4,4.4
198,Restaurant,Hospital_198,Mumbai,Andheri,17.769724,74.184226,1.31,4.9
199,Mall,Mall_199,Bengaluru,Whitefield,13.925425,72.472802,5.61,4.6
200,School,Airport_200,Chennai,OMR,17.675432,74.144465,9.62,3.7
201,Restaurant,School_201,Chennai,OMR,15.019301,79.753463,4.44,3.4
202,Airport,Metro_202,Bengaluru,Electronic City,17.233562,79.586441,5.7,3.6
203,Airport,Airport_203,Chennai,Anna Nagar,16.839245,75.368151,4.81,4.6
204,Metro,Metro_204,Bengaluru,Whitefield,15.555556,73.674313,0.23,3.4
205,Mall,Airport_205,Pune,Baner,15.245984,72.346004,3.89,3.2
206,Mall,College_206,Pune,Kharadi,16.0044,79.363792,6.95,3.9
207,Mall,School_207,Bengaluru,Whitefield,12.439192,73.908808,0.48,3.1
208,Restaurant,Metro_208,Bengaluru,HSR Layout,16.04642,75.309912,6.2,3.6
209,Mall,School_209,Pune,Baner,15.891263,78.570821,1.95,4.0
210,Park,Park_210,Mumbai,Bandra,18.883142,76.901442,3.16,3.6
211,School,Metro_211,Mumbai,Andheri,12.524968,72.909356,8.51,3.9
212,Park,Mall_212,Hyderabad,Madhapur,16.945448,74.021171,0.23,4.1
213,Airport,Hospital_213,Chennai,Velachery,12.012116,78.16803,5.42,4.9
214,Hospital,Metro_214,Bengaluru,HSR Layout,16.644419,73.959651,6.14,4.2
215,Bus Stop,Park_215,Bengaluru,Electronic City,13.799904,72.221412,0.87,4.5
216,Hospital,College_216,Pune,Hinjewadi,12.995625,72.902901,3.49,4.7
217,Metro,School_217,Hyderabad,Kukatpally,17.620101,77.36576,1.52,3.2
218,Park,Airport_218,Hyderabad,Kukatpally,16.085653,72.496435,3.73,4.0
219,School,Hospital_219,Hyderabad,Banjara Hills,17.325582,79.45804,6.67,4.7
220,Mall,Hospital_220,Bengaluru,Electronic City,15.411995,72.879043,2.73,3.9
221,Hospital,College_221,Bengaluru,Electronic City,13.556834,77.953775,2.73,4.8
222,College,School_222,Mumbai,Bandra,14.224735,73.642664,5.42,3.5
223,School,Park_223,Mumbai,Bandra,17.625446,79.564626,4.45,3.3
224,Mall,Mall_224,Bengaluru,Electronic City,18.576092,75.215936,8.36,3.4
225,Restaurant,Bus Stop_225,Mumbai,Andheri,14.848855,74.745315,1.46,3.5
226,Mall,Metro_226,Hyderabad,Kondapur,18.989338,73.082098,9.57,3.5
227,College,Mall_227,Mumbai,Powai,18.772288,79.231718,5.05,4.1
228,School,College_228,Chennai,Velachery,18.282797,76.56252,2.2,3.7
229,Airport,Bus Stop_229,Hyderabad,Kukatpally,18.228342,75.724038,6.67,4.5
230,Bus Stop,Airport_230,Bengaluru,HSR Layout,12.249693,73.087968,1.84,4.0
231,Metro,Hospital_231,Hyderabad,Jubilee Hills,12.819997,77.034865,6.05,4.7
232,Park,Mall_232,Pune,Hinjewadi,15.743959,77.804975,0.29,3.2
233,School,Park_233,Hyderabad,Madhapur,12.513442,74.791483,1.4,4.7
234,Hospital,Hospital_234,Chennai,Anna Nagar,13.318754,79.431764,5.9,3.4
235,Restaurant,Bus Stop_235,Mumbai,Thane,17.773983,75.775128,5.27,3.7
236,College,Airport_236,Hyderabad,Gachibowli,15.589551,73.691713,8.29,4.4
237,Mall,Airport_237,Chennai,Adyar,12.389596,76.873698,1.28,4.0
238,College,Bus Stop_238,Pune,Wakad,17.427996,72.849726,7.73,3.7
239,Bus Stop,Restaurant_239,Mumbai,Andheri,12.615024,79.379685,0.95,3.8
240,Bus Stop,Airport_240,Hyderabad,Jubilee Hills,18.368708,77.362607,3.69,4.8
241,Restaurant,Airport_241,Mumbai,Powai,15.309382,79.65118,8.04,3.1
242,School,School_242,Pune,Baner,14.194099,77.835065,9.52,3.7
243,School,Metro_243,Chennai,Anna Nagar,16.324807,75.155294,7.57,4.6
244,Restaurant,College_244,Chennai,Anna Nagar,12.935147,76.312986,9.47,3.9
245,Bus Stop,Park_245,Mumbai,Bandra,12.448125,72.946783,8.04,4.9
246,Airport,Restaurant_246,Chennai,Adyar,17.173494,74.818174,3.7,4.9
247,School,Mall_247,Hyderabad,Jubilee Hills,15.984635,72.189075,3.73,4.9
248,Restaurant,Metro_248,Mumbai,Bandra,13.412067,74.41411,1.92,4.8
249,Park,Park_249,Pune,Hinjewadi,13.451758,72.187383,2.41,3.4
250,Hospital,College_250,Mumbai,Powai,18.322646,73.323433,7.15,4.4
251,Mall,Mall_251,Chennai,Adyar,18.60889,75.541004,2.35,4.7
252,College,Park_252,Chennai,Adyar,16.444962,75.564307,4.77,3.4
253,College,Restaurant_253,Pune,Kharadi,12.513021,77.610723,0.16,4.7
254,Airport,Metro_254,Mumbai,Andheri,16.338274,73.251755,5.54,3.8
255,Hospital,Airport_255,Bengaluru,Electronic City,16.314701,78.452428,2.62,4.2
256,Mall,School_256,Pune,Wakad,12.470361,78.483243,7.39,3.3
257,Metro,Metro_257,Chennai,Velachery,13.846846,77.867354,9.77,3.1
258,Bus Stop,Airport_258,Hyderabad,Madhapur,14.294684,77.555513,3.97,3.5
259,School,College_259,Bengaluru,Indiranagar,13.259293,73.21794,4.45,3.0
260,Bus Stop,Mall_260,Chennai,Adyar,18.403848,76.486536,5.74,4.5
261,Park,Airport_261,Mumbai,Andheri,13.128874,79.160297,1.67,4.7
262,Hospital,Bus Stop_262,Mumbai,Andheri,13.043584,78.088411,4.47,4.5
263,Park,College_263,Chennai,OMR,12.249801,78.674603,6.47,3.6
264,Mall,College_264,Mumbai,Powai,12.37469,79.906282,6.05,4.8
265,Park,Park_265,Hyderabad,Jubilee Hills,13.297128,73.093017,9.13,3.4
266,College,Restaurant_266,Pune,Wakad,16.372462,79.742558,9.62,4.8
267,Hospital,Airport_267,Bengaluru,Whitefield,18.404534,79.191051,3.86,3.2
268,Mall,Restaurant_268,Bengaluru,Indiranagar,16.044261,73.425685,9.59,4.3
269,Mall,Hospital_269,Bengaluru,Electronic City,14.101969,79.753929,6.87,4.9
270,Metro,Mall_270,Bengaluru,Whitefield,12.612857,74.243922,1.11,4.9
271,Restaurant,Bus Stop_271,Chennai,Anna Nagar,12.47097,78.643294,1.7,4.5
272,Bus Stop,College_272,Pune,Kharadi,15.804664,73.300577,5.48,3.0
273,School,College_273,Hyderabad,Madhapur,18.480079,72.045963,9.88,3.5
274,Metro,Metro_274,Hyderabad,Miyapur,13.8186,78.191845,3.12,3.6
275,Metro,Mall_275,Hyderabad,Jubilee Hills,16.10937,75.9821,6.73,3.9
276,Airport,Mall_276,Mumbai,Powai,16.911399,77.294905,0.48,3.8
277,Park,Hospital_277,Mumbai,Powai,12.397967,73.53523,9.35,4.6
278,School,Mall_278,Mumbai,Bandra,15.06131,77.279895,5.87,4.4
279,Hospital,Hospital_279,Chennai,Velachery,13.132603,75.502246,8.1,3.2
280,Airport,Metro_280,Bengaluru,Whitefield,12.589459,74.448269,3.8,4.0
281,Mall,Restaurant_281,Pune,Kharadi,15.527229,75.350247,5.47,4.1
282,Park,Airport_282,Chennai,Adyar,14.244748,77.453205,6.97,3.5
283,Airport,Mall_283,Hyderabad,Kondapur,15.06225,76.866725,2.77,4.0
284,Bus Stop,Bus Stop_284,Bengaluru,Electronic City,14.948597,74.512372,2.0,4.5
285,School,Mall_285,Chennai,OMR,15.573579,79.961746,2.15,4.2
286,Hospital,Restaurant_286,Pune,Kharadi,16.957009,78.791466,4.66,3.5
287,Park,College_287,Mumbai,Andheri,18.316136,72.928026,7.78,4.0
288,College,Mall_288,Hyderabad,Gachibowli,16.19316,73.401518,6.96,3.1
289,Mall,Mall_289,Hyderabad,Madhapur,14.872392,75.644495,8.79,3.7
290,Bus Stop,School_290,Chennai,Anna Nagar,18.686557,74.955074,1.7,4.3
291,School,College_291,Pune,Baner,13.629043,78.319706,5.5,4.6
292,Metro,Park_292,Pune,Kharadi,13.811006,77.156509,3.16,4.4
293,Hospital,Metro_293,Pune,Kharadi,12.88393,78.821995,9.07,4.9
294,Hospital,School_294,Hyderabad,Gachibowli,17.811367,77.507839,6.28,3.2
295,Restaurant,College_295,Bengaluru,Electronic City,18.090464,79.918453,6.16,4.7
296,Hospital,Mall_296,Bengaluru,Indiranagar,17.502465,75.647479,4.45,4.6
297,Metro,Bus Stop_297,Mumbai,Andheri,16.369325,78.127986,9.19,3.9
298,School,Park_298,Pune,Kharadi,15.997604,79.206556,2.61,4.7
299,Bus Stop,Bus Stop_299,Pune,Kharadi,17.504553,77.425231,2.85,3.2
300,Park,Mall_300,Pune,Kharadi,15.764023,75.517369,9.4,3.3
301,Mall,Hospital_301,Chennai,Anna Nagar,18.866356,73.261006,2.63,4.7
302,College,School_302,Chennai,Adyar,14.100858,75.692033,9.96,3.4
303,Metro,Bus Stop_303,Hyderabad,Kondapur,18.517572,75.139663,9.07,4.6
304,Metro,Park_304,Bengaluru,Whitefield,18.316989,79.962062,4.4,4.3
305,Restaurant,Metro_305,Bengaluru,HSR Layout,14.073979,75.055549,1.24,4.5
306,Mall,Airport_306,Hyderabad,Kondapur,16.313182,77.093465,4.85,4.4
307,Metro,Bus Stop_307,Mumbai,Thane,17.838598,76.69034,1.57,3.5
308,School,Bus Stop_308,Bengaluru,Whitefield,12.237013,75.554748,3.7,4.6
309,Mall,Airport_309,Hyderabad,Gachibowli,13.557166,72.651935,8.41,3.1
310,School,Park_310,Hyderabad,Miyapur,12.408809,72.894943,4.62,3.7
311,Park,Mall_311,Pune,Wakad,17.608251,75.966039,9.9,4.9
312,Metro,Hospital_312,Chennai,Velachery,12.895988,78.479234,3.07,4.6
313,Bus Stop,Restaurant_313,Bengaluru,Indiranagar,18.272056,79.664513,4.02,3.8
314,Metro,Metro_314,Bengaluru,Electronic City,13.684583,77.941787,0.98,4.8
315,Bus Stop,College_315,Pune,Kharadi,15.67231,73.148176,0.23,4.7
316,School,Hospital_316,Mumbai,Powai,13.77093,72.194335,7.67,4.2
317,Mall,Park_317,Pune,Baner,18.265394,75.702746,5.71,3.7
318,Metro,Hospital_318,Pune,Wakad,14.333,77.651046,2.56,4.4
319,Hospital,Hospital_319,Bengaluru,HSR Layout,16.67218,73.504587,4.58,3.0
320,School,Airport_320,Mumbai,Thane,13.623866,73.106127,0.47,4.6
321,Park,Bus Stop_321,Mumbai,Bandra,12.187815,78.738221,6.25,3.1
322,Bus Stop,Park_322,Pune,Baner,14.830726,72.817418,6.72,3.0
323,Restaurant,Metro_323,Mumbai,Bandra,14.652213,74.367743,6.27,4.0
324,Restaurant,Airport_324,Pune,Hinjewadi,14.242689,79.010878,6.18,3.3
325,Bus Stop,Restaurant_325,Hyderabad,Madhapur,18.662237,73.228357,6.85,4.5
326,Park,Mall_326,Chennai,Anna Nagar,12.936566,74.428832,9.03,3.1
327,Park,Restaurant_327,Chennai,OMR,15.651641,78.456152,1.92,4.2
328,Hospital,Hospital_328,Chennai,Velachery,13.411857,74.45013,3.56,4.8
329,Mall,Bus Stop_329,Bengaluru,HSR Layout,18.362182,75.209855,7.17,4.6
330,Hospital,Hospital_330,Pune,Wakad,14.050592,74.257546,4.55,4.1
331,Hospital,Restaurant_331,Mumbai,Andheri,12.721825,76.015855,6.4,4.5
332,School,Park_332,Mumbai,Bandra,12.897819,74.595921,8.49,4.6
333,Airport,Bus Stop_333,Chennai,Velachery,18.969137,77.827538,1.16,3.1
334,Restaurant,Mall_334,Pune,Hinjewadi,14.457046,75.344832,6.65,4.6
335,Bus Stop,Metro_335,Hyderabad,Kondapur,13.654708,78.242339,9.2,4.6
336,Mall,Park_336,Chennai,Anna Nagar,14.272929,75.424302,1.94,3.4
337,Bus Stop,Mall_337,Mumbai,Andheri,17.682247,78.100231,6.23,3.6
338,Hospital,School_338,Hyderabad,Kukatpally,15.494024,76.581682,5.8,4.5
339,Metro,College_339,Pune,Baner,15.046981,77.189798,8.04,4.2
340,Park,Hospital_340,Bengaluru,Electronic City,13.286701,79.262765,3.8,4.2
341,Park,Airport_341,Hyderabad,Kondapur,13.890337,79.072604,0.34,4.7
342,Airport,Restaurant_342,Chennai,Anna Nagar,12.961398,74.922423,5.22,4.6
343,Restaurant,Mall_343,Hyderabad,Kondapur,15.932355,75.804444,1.39,4.4
344,Metro,Restaurant_344,Mumbai,Andheri,12.404763,77.320951,5.33,3.3
345,College,Mall_345,Hyderabad,Miyapur,14.123883,76.661307,2.07,4.0
346,School,Park_346,Hyderabad,Jubilee Hills,17.352052,74.696131,9.34,3.8
347,Restaurant,School_347,Mumbai,Thane,17.705076,78.646024,6.1,3.0
348,Bus Stop,Airport_348,Mumbai,Thane,14.873451,76.524771,9.47,3.0
349,Bus Stop,Park_349,Mumbai,Powai,18.676027,78.729652,2.73,3.5
350,Hospital,College_350,Mumbai,Andheri,15.588303,79.911257,4.9,4.8
351,Hospital,Airport_351,Bengaluru,Indiranagar,15.883905,76.762671,6.52,4.6
352,Airport,Restaurant_352,Pune,Kharadi,12.050443,76.620338,3.97,3.9
353,Park,College_353,Chennai,Anna Nagar,14.263515,72.912448,6.77,4.8
354,Mall,Hospital_354,Bengaluru,HSR Layout,15.110315,72.933709,7.27,3.9
355,Restaurant,Airport_355,Pune,Baner,12.054986,75.271392,9.67,4.5
356,Restaurant,Park_356,Hyderabad,Kondapur,14.872992,76.986328,2.62,4.2
357,Bus Stop,Metro_357,Chennai,Adyar,16.908375,73.701578,7.76,4.8
358,Airport,Restaurant_358,Mumbai,Andheri,16.773671,75.050604,2.73,4.3
359,Hospital,School_359,Mumbai,Bandra,13.481335,78.582866,0.33,4.1
360,Hospital,Mall_360,Pune,Hinjewadi,15.421568,76.354259,9.52,4.7
361,Metro,Restaurant_361,Pune,Wakad,16.27059,73.872759,5.16,3.4
362,Metro,School_362,Hyderabad,Miyapur,14.574563,76.112852,6.06,4.6
363,Metro,Metro_363,Bengaluru,Electronic City,16.80495,78.352319,3.1,3.3
364,Hospital,Metro_364,Chennai,Velachery,15.705016,76.848586,8.76,3.6
365,Airport,Metro_365,Mumbai,Powai,13.260735,79.496749,9.25,3.9
366,Metro,Hospital_366,Hyderabad,Kondapur,12.708956,74.516539,8.03,3.6
367,Metro,College_367,Hyderabad,Jubilee Hills,12.281692,79.416762,6.44,4.6
368,Mall,Airport_368,Hyderabad,Madhapur,17.063091,78.032648,3.11,4.5
369,Airport,College_369,Mumbai,Powai,16.792539,75.605148,7.17,4.6
370,Park,Restaurant_370,Chennai,OMR,15.283099,72.707624,6.07,3.7
371,School,Restaurant_371,Bengaluru,Indiranagar,15.567916,77.698158,4.24,4.8
372,College,Metro_372,Pune,Baner,16.999949,75.768853,2.39,3.7
373,College,Restaurant_373,Pune,Hinjewadi,14.473029,74.794022,9.83,3.6
374,Restaurant,Bus Stop_374,Bengaluru,Whitefield,18.991244,76.27898,8.78,3.5
375,Hospital,College_375,Hyderabad,Kondapur,13.782043,74.937706,4.55,3.5
376,Airport,Metro_376,Bengaluru,Electronic City,16.688399,78.743382,4.14,4.7
377,Airport,School_377,Chennai,Adyar,17.769661,76.358257,0.7,3.5
378,College,Metro_378,Bengaluru,Whitefield,16.476054,73.83635,3.31,4.6
379,Metro,Bus Stop_379,Bengaluru,Whitefield,18.426969,72.84106,5.01,4.9
380,Mall,Mall_380,Chennai,OMR,13.559166,77.043709,3.52,5.0
381,Mall,Airport_381,Hyderabad,Gachibowli,13.261741,75.698394,4.19,4.9
382,Restaurant,Bus Stop_382,Chennai,Velachery,17.458848,72.032169,7.49,3.7
383,College,School_383,Hyderabad,Jubilee Hills,12.24681,78.647058,5.29,4.7
384,Metro,Restaurant_384,Mumbai,Powai,14.726211,79.02055,7.77,4.9
385,Mall,Airport_385,Hyderabad,Gachibowli,13.219609,79.982578,9.81,3.4
386,Hospital,School_386,Mumbai,Bandra,17.160387,76.58595,2.14,4.4
387,Mall,College_387,Pune,Kharadi,13.882821,73.188492,3.09,4.8
388,Park,Mall_388,Pune,Wakad,12.514604,79.940574,8.58,3.3
389,Restaurant,College_389,Chennai,Anna Nagar,12.134079,78.698211,5.66,3.2
390,Airport,Hospital_390,Chennai,Velachery,16.21634,78.471176,2.08,4.7
391,Metro,Restaurant_391,Mumbai,Andheri,16.019186,77.386852,7.82,4.4
392,Restaurant,School_392,Bengaluru,Indiranagar,13.692516,73.175653,0.36,3.2
393,School,Park_393,Pune,Hinjewadi,18.5463,75.368613,7.62,3.4
394,College,School_394,Pune,Baner,17.470208,73.769169,4.53,3.7
395,Restaurant,Airport_395,Hyderabad,Jubilee Hills,17.838563,74.38974,3.95,3.3
396,Bus Stop,Airport_396,Hyderabad,Jubilee Hills,13.052032,78.231976,3.92,4.9
397,Park,Restaurant_397,Mumbai,Powai,17.042468,73.143048,8.95,3.4
398,College,Airport_398,Chennai,Velachery,18.630909,75.753048,2.65,3.3
399,Park,Hospital_399,Mumbai,Bandra,16.016744,78.905171,9.54,4.2
400,Airport,College_400,Hyderabad,Kondapur,12.959171,76.097392,0.78,3.8
401,Park,Bus Stop_401,Mumbai,Bandra,13.726766,79.789506,0.22,4.2
402,School,Restaurant_402,Hyderabad,Gachibowli,13.563432,79.019767,1.34,4.0
403,College,Mall_403,Mumbai,Thane,16.839491,72.962802,6.03,3.2
404,Mall,Restaurant_404,Bengaluru,HSR Layout,16.369018,78.86224,9.82,4.7
405,Airport,College_405,Bengaluru,HSR Layout,12.257441,72.807165,9.64,4.2
406,Park,Airport_406,Bengaluru,Whitefield,16.748264,75.708923,5.38,4.0
407,Hospital,School_407,Mumbai,Powai,12.915319,72.232873,0.36,4.8
408,College,College_408,Chennai,Anna Nagar,13.121368,74.919948,5.59,4.8
409,Mall,Metro_409,Mumbai,Powai,12.221646,72.428378,0.96,3.1
410,Hospital,Park_410,Mumbai,Powai,14.680989,76.163744,4.69,4.6
411,Mall,Metro_411,Chennai,Velachery,12.052274,72.508872,7.7,3.2
412,Restaurant,Mall_412,Pune,Baner,14.248596,79.250579,1.69,3.6
413,Mall,Restaurant_413,Chennai,Adyar,18.801011,74.137041,5.88,3.1
414,Restaurant,Hospital_414,Mumbai,Bandra,15.977432,76.089066,6.57,3.3
415,College,Bus Stop_415,Bengaluru,Electronic City,13.108219,79.873873,5.5,4.8
416,Hospital,Airport_416,Hyderabad,Gachibowli,15.742705,75.978788,2.98,4.1
417,Mall,School_417,Hyderabad,Kukatpally,17.983557,78.926929,7.89,4.1
418,Airport,Metro_418,Pune,Hinjewadi,18.290368,74.911042,9.48,4.4
419,Airport,Bus Stop_419,Pune,Baner,14.278004,78.870705,3.72,3.1
420,Metro,School_420,Bengaluru,Indiranagar,13.941147,76.203335,9.77,4.1
421,Airport,Metro_421,Chennai,Adyar,16.987966,74.61464,9.28,3.6
422,Park,Hospital_422,Mumbai,Bandra,12.842946,79.165493,4.87,3.7
423,Hospital,Airport_423,Pune,Kharadi,17.597878,78.675385,4.81,4.9
424,College,Metro_424,Hyderabad,Jubilee Hills,17.417983,78.913818,8.4,3.0
425,Park,Park_425,Bengaluru,HSR Layout,13.882948,74.508222,0.51,3.1
426,Hospital,Restaurant_426,Bengaluru,Electronic City,15.406956,76.184073,5.02,3.2
427,Restaurant,Mall_427,Mumbai,Andheri,14.942268,76.043098,5.45,3.3
428,Hospital,Mall_428,Bengaluru,Whitefield,13.558519,79.732917,1.31,4.6
429,Mall,Park_429,Pune,Baner,13.215854,77.518706,4.99,3.1
430,Hospital,Restaurant_430,Hyderabad,Madhapur,16.752164,78.718103,8.44,3.2
431,Metro,Hospital_431,Pune,Kharadi,17.276262,77.420966,7.82,3.9
432,Bus Stop,Park_432,Hyderabad,Miyapur,12.683584,72.738735,8.31,4.0
433,Hospital,Mall_433,Hyderabad,Kukatpally,15.045768,75.763663,3.63,4.9
434,Restaurant,School_434,Hyderabad,Miyapur,13.901312,76.088771,6.51,3.2
435,Restaurant,Restaurant_435,Pune,Baner,13.268545,78.219539,8.97,3.0
436,Metro,Mall_436,Pune,Wakad,13.847801,72.601369,0.83,4.4
437,College,Hospital_437,Hyderabad,Madhapur,16.877812,73.701016,8.96,4.1
438,Park,Restaurant_438,Pune,Kharadi,12.863735,77.767354,3.59,5.0
439,Metro,Park_439,Mumbai,Andheri,17.70792,78.638591,9.11,4.4
440,College,College_440,Mumbai,Bandra,18.263749,74.908571,6.74,3.6
441,Airport,Metro_441,Pune,Baner,18.192025,74.434878,7.38,4.3
442,Park,Bus Stop_442,Mumbai,Thane,13.51027,74.08853,2.14,3.9
443,School,Hospital_443,Hyderabad,Kondapur,12.229287,78.390561,0.97,4.4
444,Airport,Mall_444,Mumbai,Powai,18.703074,77.426704,1.36,3.7
445,School,Restaurant_445,Mumbai,Bandra,18.409447,72.64055,3.93,5.0
446,Park,Bus Stop_446,Chennai,Anna Nagar,18.803856,79.126634,3.33,3.3
447,Mall,Mall_447,Pune,Baner,18.293923,77.091998,5.07,3.0
448,Hospital,College_448,Chennai,Adyar,14.311874,72.726981,0.56,4.9
449,Restaurant,Mall_449,Bengaluru,HSR Layout,14.968597,78.351723,5.95,4.0
450,College,School_450,Pune,Wakad,17.637481,75.661991,5.21,4.6
451,Park,Bus Stop_451,Mumbai,Powai,14.004142,73.72083,5.27,3.2
452,College,College_452,Chennai,Velachery,15.070164,74.897674,1.4,4.3
453,School,Hospital_453,Mumbai,Bandra,14.296421,72.190939,2.9,3.8
454,Metro,Hospital_454,Bengaluru,Whitefield,13.747436,72.592765,3.87,4.6
455,Mall,Hospital_455,Hyderabad,Banjara Hills,17.589105,74.692215,1.63,4.5
456,Restaurant,Metro_456,Hyderabad,Miyapur,17.352266,77.74957,6.55,4.9
457,Metro,Hospital_457,Pune,Baner,15.831066,75.311044,5.21,4.5
458,Metro,Metro_458,Mumbai,Thane,16.572048,74.767841,5.85,4.2
459,Park,Bus Stop_459,Bengaluru,Whitefield,18.531009,79.995983,7.26,3.2
460,Hospital,Bus Stop_460,Hyderabad,Miyapur,15.688073,78.441172,0.7,3.2
461,Hospital,Hospital_461,Bengaluru,Whitefield,14.266368,73.917567,5.94,4.1
462,Bus Stop,Hospital_462,Hyderabad,Banjara Hills,15.777062,74.863615,8.28,3.3
463,Hospital,School_463,Hyderabad,Kukatpally,17.686288,77.891282,8.79,5.0
464,Metro,Airport_464,Hyderabad,Kondapur,17.893159,72.228346,9.69,3.5
465,School,Park_465,Chennai,Adyar,12.873079,72.597066,2.13,4.7
466,Airport,School_466,Mumbai,Andheri,13.033979,78.977587,5.53,3.3
467,Hospital,College_467,Mumbai,Powai,17.002539,78.828017,7.61,3.7
468,College,Hospital_468,Chennai,Adyar,13.347545,79.031189,4.59,4.9
469,Airport,School_469,Mumbai,Thane,15.633719,73.342425,9.85,3.2
470,Metro,Hospital_470,Chennai,OMR,17.642047,72.404684,7.25,4.9
471,School,College_471,Mumbai,Powai,16.870841,79.820103,1.15,4.2
472,Restaurant,Mall_472,Bengaluru,Indiranagar,13.764938,73.561972,7.48,4.2
473,College,Bus Stop_473,Bengaluru,HSR Layout,15.159981,72.997608,2.38,3.7
474,Bus Stop,Park_474,Hyderabad,Kukatpally,12.05512,77.481491,6.55,4.3
475,Restaurant,College_475,Bengaluru,Electronic City,15.909645,79.310794,0.14,3.1
476,Mall,School_476,Pune,Hinjewadi,14.338193,73.848152,3.28,4.5
477,Bus Stop,College_477,Hyderabad,Jubilee Hills,16.940185,74.539909,1.63,5.0
478,Metro,Mall_478,Pune,Hinjewadi,13.869514,77.093354,4.9,3.5
479,School,College_479,Pune,Wakad,17.251183,76.981993,8.27,3.9
480,Metro,Bus Stop_480,Mumbai,Thane,15.238612,73.707511,1.38,3.4
481,Hospital,Bus Stop_481,Bengaluru,Indiranagar,18.19875,72.57122,7.02,4.9
482,Park,Hospital_482,Mumbai,Bandra,18.415267,73.212871,9.98,4.2
483,Bus Stop,Airport_483,Chennai,Anna Nagar,17.539004,73.591983,7.58,4.4
484,Airport,College_484,Bengaluru,Indiranagar,15.688155,74.842292,8.04,3.3
485,Bus Stop,School_485,Pune,Baner,14.195685,76.557826,7.58,3.6
486,Airport,College_486,Pune,Hinjewadi,17.03178,78.024124,8.07,3.9
487,School,Park_487,Mumbai,Bandra,14.667889,76.779059,8.97,4.0
488,Restaurant,Restaurant_488,Bengaluru,Indiranagar,15.127898,79.51853,6.46,3.6
489,Airport,Park_489,Bengaluru,Indiranagar,12.870399,76.24186,6.06,5.0
490,Metro,School_490,Bengaluru,Indiranagar,17.899829,76.412225,8.27,3.3
491,Airport,Airport_491,Pune,Kharadi,13.365971,72.853396,7.89,4.1
492,Airport,School_492,Chennai,OMR,17.066522,73.070925,9.11,4.5
493,College,Mall_493,Mumbai,Andheri,18.555797,79.92428,2.91,4.2
494,College,Hospital_494,Bengaluru,Whitefield,16.525151,77.422128,7.83,4.1
495,Hospital,Restaurant_495,Chennai,Adyar,15.598035,78.407167,8.8,3.1
496,Restaurant,School_496,Pune,Hinjewadi,18.881306,72.814002,2.38,3.4
497,Restaurant,Airport_497,Bengaluru,Whitefield,17.182581,77.919028,4.61,3.9
498,Hospital,Metro_498,Hyderabad,Banjara Hills,12.639966,72.453531,6.53,4.5
499,Airport,Mall_499,Mumbai,Bandra,12.232111,75.914686,6.94,3.9
500,Bus Stop,Hospital_500,Hyderabad,Jubilee Hills,17.305323,73.145736,9.84,4.1
501,Bus Stop,Mall_501,Hyderabad,Kukatpally,18.371375,78.767052,9.96,4.5
502,Metro,Restaurant_502,Mumbai,Powai,15.893907,74.769643,9.47,4.3
503,Restaurant,Restaurant_503,Hyderabad,Kondapur,18.29691,76.959973,8.64,4.8
504,Hospital,Airport_504,Hyderabad,Jubilee Hills,16.502389,74.77592,2.04,4.5
505,Metro,Restaurant_505,Hyderabad,Madhapur,16.790603,76.288168,4.8,3.2
506,School,College_506,Hyderabad,Madhapur,16.418872,77.14785,5.3,4.8
507,Restaurant,Mall_507,Hyderabad,Gachibowli,15.160788,72.418999,8.49,5.0
508,Airport,Bus Stop_508,Pune,Hinjewadi,14.742087,78.036301,7.4,4.6
509,Metro,School_509,Hyderabad,Madhapur,13.016797,79.766206,2.52,4.4
510,College,Bus Stop_510,Chennai,Anna Nagar,15.2076,76.697536,6.45,4.3
511,Bus Stop,Airport_511,Hyderabad,Kukatpally,15.878473,74.86898,9.88,4.5
512,Hospital,School_512,Chennai,Anna Nagar,12.693637,79.129331,3.43,3.6
513,Metro,Bus Stop_513,Bengaluru,Whitefield,17.72435,73.824931,5.93,3.4
514,Airport,Hospital_514,Chennai,Adyar,13.841624,77.662696,1.91,4.7
515,Airport,Mall_515,Hyderabad,Kondapur,18.691508,73.554616,9.14,3.3
516,Bus Stop,Hospital_516,Chennai,Adyar,17.779827,77.880087,3.5,3.4
517,School,Metro_517,Mumbai,Thane,18.586344,72.191571,1.58,4.2
518,Hospital,Hospital_518,Chennai,Adyar,13.198765,77.337376,6.28,3.5
519,Hospital,Mall_519,Chennai,OMR,15.358548,72.551772,4.23,4.7
520,Airport,Metro_520,Chennai,OMR,16.746935,75.279157,4.35,3.9
521,Mall,Restaurant_521,Chennai,Velachery,15.857117,79.447257,7.11,3.7
522,College,Bus Stop_522,Pune,Hinjewadi,18.687536,79.246351,9.76,3.9
523,College,Airport_523,Pune,Wakad,14.874529,72.919623,7.06,3.1
524,School,College_524,Pune,Kharadi,12.655262,74.36708,6.36,4.2
525,Metro,Restaurant_525,Mumbai,Powai,14.463036,75.966868,4.67,4.6
526,Hospital,Mall_526,Mumbai,Andheri,13.164495,76.810372,4.15,4.9
527,Hospital,Metro_527,Mumbai,Powai,17.123225,74.894729,2.29,3.2
528,Airport,Bus Stop_528,Hyderabad,Madhapur,18.526481,78.545221,0.54,4.6
529,Park,Restaurant_529,Chennai,Adyar,15.449213,75.921068,4.15,3.9
530,Restaurant,College_530,Bengaluru,Electronic City,15.073717,77.34094,8.97,4.3
531,Airport,Metro_531,Hyderabad,Miyapur,13.085285,76.038779,6.33,3.8
532,Restaurant,School_532,Pune,Baner,14.208989,75.57561,7.34,3.9
533,Restaurant,Restaurant_533,Mumbai,Andheri,14.405794,75.471772,1.12,4.1
534,Bus Stop,Hospital_534,Bengaluru,HSR Layout,16.168807,78.201556,1.84,4.7
535,Metro,Restaurant_535,Chennai,Adyar,16.820446,73.473536,6.72,3.4
536,Metro,Park_536,Bengaluru,Indiranagar,13.527,79.723823,2.45,4.5
537,Restaurant,Mall_537,Hyderabad,Kukatpally,13.811402,75.827818,1.49,3.8
538,Metro,Restaurant_538,Chennai,Adyar,13.580914,75.200295,4.43,3.9
539,Mall,Metro_539,Bengaluru,HSR Layout,12.205782,72.343096,8.46,3.9
540,Park,Park_540,Bengaluru,Whitefield,14.952985,75.494895,2.52,3.0
541,Hospital,Restaurant_541,Pune,Hinjewadi,17.59659,74.019168,4.02,3.9
542,Park,Airport_542,Mumbai,Powai,16.587788,79.668412,6.12,4.5
543,Bus Stop,Mall_543,Hyderabad,Gachibowli,14.133091,78.248406,5.09,3.9
544,School,Airport_544,Pune,Kharadi,12.950792,76.167485,5.42,3.7
545,Hospital,Hospital_545,Mumbai,Thane,16.844453,76.53989,6.0,3.7
546,School,College_546,Pune,Hinjewadi,14.351629,74.215816,7.25,4.8
547,Park,Park_547,Chennai,Velachery,17.401218,79.34108,1.83,4.7
548,Park,Hospital_548,Hyderabad,Miyapur,12.01026,72.943306,3.45,3.2
549,College,Metro_549,Bengaluru,Indiranagar,15.799333,78.436224,8.16,4.9
550,Hospital,Restaurant_550,Mumbai,Andheri,14.896618,78.292039,2.2,4.9
551,Airport,Mall_551,Chennai,Anna Nagar,18.667476,79.778831,5.21,3.1
552,Airport,Hospital_552,Hyderabad,Madhapur,14.082841,74.975174,1.93,3.4
553,Metro,Bus Stop_553,Hyderabad,Gachibowli,15.818566,72.693496,3.77,3.4
554,Airport,School_554,Hyderabad,Jubilee Hills,16.660616,75.088831,5.33,4.2
555,School,Park_555,Bengaluru,HSR Layout,14.412144,78.432697,2.95,3.8
556,College,Mall_556,Pune,Wakad,14.36636,77.010511,5.59,3.6
557,Hospital,School_557,Bengaluru,Indiranagar,12.887856,78.327815,1.46,4.6
558,Bus Stop,Metro_558,Pune,Wakad,12.923203,77.169392,0.33,3.4
559,Restaurant,Restaurant_559,Pune,Kharadi,17.711066,79.128038,6.68,3.1
560,Bus Stop,Restaurant_560,Chennai,Velachery,14.47847,73.273742,2.07,3.8
561,Restaurant,Airport_561,Mumbai,Thane,12.86787,74.219417,5.09,4.5
562,Mall,Mall_562,Mumbai,Thane,14.544557,79.745638,4.93,4.7
563,Restaurant,Metro_563,Hyderabad,Madhapur,15.560228,75.232321,8.29,4.4
564,Metro,Restaurant_564,Bengaluru,Whitefield,17.159383,72.788057,6.08,4.5
565,Mall,School_565,Pune,Wakad,15.090074,79.893455,7.5,3.8
566,Restaurant,Restaurant_566,Chennai,OMR,14.760229,72.422723,4.74,3.4
567,Mall,College_567,Hyderabad,Miyapur,16.548486,73.219953,2.18,4.4
568,Metro,College_568,Chennai,Velachery,16.792373,74.019652,4.78,4.3
569,Bus Stop,College_569,Hyderabad,Kukatpally,16.212223,74.756351,3.72,4.1
570,College,Bus Stop_570,Pune,Wakad,16.277633,75.23605,7.83,4.9
571,Restaurant,Park_571,Bengaluru,Whitefield,14.793665,74.742707,9.91,4.8
572,Mall,Metro_572,Chennai,Anna Nagar,12.757924,77.498293,7.09,3.8
573,Airport,Metro_573,Mumbai,Andheri,14.451598,79.447986,6.45,3.1
574,School,Mall_574,Mumbai,Bandra,18.862017,74.744217,5.81,4.9
575,Restaurant,Metro_575,Mumbai,Powai,12.968165,74.344969,2.92,3.3
576,Park,Mall_576,Bengaluru,Whitefield,13.900601,74.324246,5.22,3.0
577,Mall,College_577,Bengaluru,Whitefield,15.02454,76.10038,6.56,4.7
578,Metro,Metro_578,Hyderabad,Madhapur,12.379277,76.764454,4.15,4.0
579,Mall,Park_579,Hyderabad,Gachibowli,12.683234,74.789086,1.71,4.1
580,Bus Stop,Mall_580,Mumbai,Andheri,17.053003,73.813963,2.55,4.4
581,Park,Park_581,Mumbai,Bandra,17.022482,73.949932,4.88,5.0
582,Restaurant,Restaurant_582,Hyderabad,Gachibowli,16.092844,76.610933,9.6,3.6
583,School,Hospital_583,Pune,Baner,12.935129,77.89388,7.66,3.8
584,College,Park_584,Bengaluru,Indiranagar,12.110022,73.971503,6.99,4.0
585,Restaurant,Bus Stop_585,Chennai,Velachery,15.536124,77.081882,8.42,4.2
586,Hospital,Airport_586,Bengaluru,Indiranagar,18.438446,74.47036,1.15,3.7
587,Hospital,College_587,Hyderabad,Gachibowli,13.284183,75.874939,8.09,3.3
588,Park,School_588,Chennai,Anna Nagar,15.707848,76.320858,7.49,4.3
589,Bus Stop,Airport_589,Hyderabad,Gachibowli,12.287297,79.69806,2.01,3.8
590,Metro,Mall_590,Bengaluru,Indiranagar,12.810181,75.603388,7.58,3.9
591,Restaurant,Mall_591,Chennai,Adyar,14.395138,79.429054,7.64,3.7
592,Hospital,Mall_592,Chennai,Anna Nagar,12.424559,77.70462,6.8,3.5
593,Hospital,Bus Stop_593,Chennai,OMR,13.963866,78.962118,0.69,3.5
594,Metro,Park_594,Hyderabad,Madhapur,13.148122,74.015748,0.95,3.5
595,School,School_595,Hyderabad,Kondapur,17.067755,77.74823,9.82,4.4
596,Mall,Airport_596,Bengaluru,Electronic City,14.861453,75.95154,4.86,3.3
597,School,Airport_597,Hyderabad,Kondapur,17.061146,74.267362,5.71,4.8
598,Restaurant,Metro_598,Chennai,Velachery,16.787842,73.773621,3.31,4.2
599,School,College_599,Pune,Hinjewadi,18.934529,75.447459,0.35,4.6
600,Mall,Restaurant_600,Hyderabad,Gachibowli,14.622625,74.761805,3.35,3.1
601,Restaurant,Restaurant_601,Chennai,Adyar,13.26687,79.850335,2.32,4.0
602,Bus Stop,Metro_602,Mumbai,Bandra,17.025291,77.595446,7.45,4.7
603,Metro,Hospital_603,Hyderabad,Kukatpally,14.974491,73.619908,7.08,4.2
604,Park,Airport_604,Bengaluru,HSR Layout,17.489992,76.726972,2.56,3.2
605,Park,Park_605,Chennai,OMR,12.954127,73.460511,7.18,3.5
606,Restaurant,College_606,Bengaluru,HSR Layout,18.421478,79.065426,4.37,3.3
607,Bus Stop,Restaurant_607,Pune,Baner,16.9882,72.03044,4.01,3.5
608,Mall,Metro_608,Pune,Hinjewadi,18.782578,74.795484,2.63,3.8
609,Airport,Airport_609,Pune,Baner,14.228461,72.951277,2.89,3.9
610,College,Hospital_610,Pune,Wakad,15.876819,76.589624,7.75,3.2
611,Restaurant,Park_611,Bengaluru,Whitefield,14.664252,75.605487,2.12,3.8
612,Metro,Mall_612,Chennai,Velachery,13.456679,73.459075,4.84,3.9
613,Airport,Restaurant_613,Bengaluru,HSR Layout,12.63319,72.038794,0.63,3.3
614,Mall,Park_614,Bengaluru,HSR Layout,12.718912,76.92576,0.52,4.4
615,College,Park_615,Chennai,Anna Nagar,13.260044,79.133181,4.3,4.9
616,Metro,College_616,Chennai,Velachery,13.450019,76.295549,8.99,3.7
617,Bus Stop,Park_617,Bengaluru,HSR Layout,13.527534,73.792238,3.74,4.4
618,Bus Stop,Hospital_618,Pune,Kharadi,13.793282,78.425627,4.36,3.5
619,Mall,School_619,Chennai,Anna Nagar,16.994421,76.392937,3.93,4.4
620,School,Park_620,Mumbai,Bandra,12.254648,78.293556,6.57,4.9
621,Park,Mall_621,Bengaluru,Whitefield,18.545709,76.727381,6.76,3.4
622,College,College_622,Hyderabad,Miyapur,14.061793,74.47071,5.98,3.3
623,Park,Mall_623,Chennai,OMR,18.657835,79.773274,1.87,3.2
624,Hospital,College_624,Bengaluru,Indiranagar,16.228418,75.810395,5.57,3.3
625,School,School_625,Chennai,Adyar,17.161586,72.77883,5.81,3.4
626,Metro,Hospital_626,Chennai,Velachery,14.381103,73.577548,1.3,3.7
627,Bus Stop,Mall_627,Mumbai,Thane,16.049634,75.286657,7.11,4.1
628,College,College_628,Pune,Baner,15.44812,74.35152,5.67,4.1
629,Park,Hospital_629,Mumbai,Powai,15.499063,75.791313,0.24,4.0
630,School,Hospital_630,Mumbai,Bandra,17.290852,75.894625,9.56,3.4
631,Airport,College_631,Mumbai,Powai,15.49678,72.985722,8.02,3.5
632,Airport,Hospital_632,Chennai,Adyar,14.449208,75.91336,0.31,4.7
633,Airport,Metro_633,Mumbai,Bandra,16.017588,76.944892,0.88,4.8
634,Airport,Park_634,Chennai,Anna Nagar,14.343318,79.977668,0.45,4.2
635,Metro,Park_635,Pune,Baner,18.554768,73.470558,1.69,4.0
636,Restaurant,Airport_636,Mumbai,Andheri,12.502,77.831397,9.16,5.0
637,Bus Stop,Bus Stop_637,Chennai,OMR,18.756883,79.799231,5.34,3.5
638,Metro,Airport_638,Mumbai,Thane,17.621535,79.89563,7.72,3.3
639,Park,Hospital_639,Bengaluru,Electronic City,16.416449,74.091522,9.92,3.9
640,Hospital,College_640,Pune,Kharadi,13.342071,76.617424,0.79,4.8
641,College,Park_641,Chennai,Anna Nagar,12.275138,75.865937,4.67,4.2
642,Mall,Park_642,Mumbai,Bandra,13.137297,78.158796,8.65,3.7
643,School,Bus Stop_643,Hyderabad,Gachibowli,12.738894,74.78233,1.36,4.0
644,Mall,Park_644,Bengaluru,Indiranagar,13.868824,76.2165,9.14,5.0
645,College,Park_645,Pune,Wakad,16.18264,72.740079,1.25,3.5
646,Hospital,Restaurant_646,Chennai,OMR,17.16731,74.65089,4.25,4.6
647,Mall,Mall_647,Hyderabad,Jubilee Hills,17.262333,77.643605,1.31,3.7
648,College,Park_648,Chennai,Adyar,15.648083,77.036466,5.47,5.0
649,Airport,Mall_649,Hyderabad,Banjara Hills,14.374811,73.856976,1.18,5.0
650,Metro,Airport_650,Chennai,OMR,18.894605,75.523433,3.26,4.3
651,Hospital,Metro_651,Hyderabad,Gachibowli,17.807757,77.709553,1.59,3.4
652,College,Bus Stop_652,Bengaluru,Electronic City,15.697782,72.942181,4.67,3.4
653,Metro,Hospital_653,Chennai,Anna Nagar,12.636113,75.090924,2.49,4.4
654,Restaurant,Airport_654,Chennai,Velachery,15.892212,74.605184,5.4,3.1
655,Hospital,Airport_655,Mumbai,Thane,12.520735,73.781271,7.72,3.9
656,Mall,Mall_656,Pune,Wakad,17.582714,76.569866,6.93,3.6
657,School,Restaurant_657,Hyderabad,Kondapur,12.407557,79.429873,2.1,4.4
658,Hospital,Bus Stop_658,Bengaluru,HSR Layout,14.961413,73.429983,2.07,4.7
659,School,Restaurant_659,Chennai,OMR,17.565731,75.45414,0.88,3.3
660,Restaurant,Mall_660,Mumbai,Bandra,13.04146,75.829264,5.03,4.6
661,Hospital,Restaurant_661,Chennai,Adyar,17.043553,75.769964,0.79,3.2
662,Airport,Airport_662,Bengaluru,Electronic City,13.740046,79.305973,4.2,4.6
663,Airport,Airport_663,Bengaluru,HSR Layout,18.088513,75.142952,0.31,4.0
664,School,Mall_664,Chennai,Adyar,14.976725,73.580927,9.36,3.2
665,Bus Stop,Mall_665,Chennai,OMR,18.963322,77.927479,9.23,4.2
666,Bus Stop,School_666,Hyderabad,Madhapur,18.982695,74.052452,4.03,3.8
667,Bus Stop,Park_667,Chennai,Velachery,13.817519,72.17075,5.97,4.1
668,Hospital,Airport_668,Bengaluru,Indiranagar,15.124832,72.850385,1.71,5.0
669,Restaurant,Restaurant_669,Bengaluru,HSR Layout,17.434652,76.159241,1.07,4.0
670,Hospital,Hospital_670,Bengaluru,Indiranagar,13.131195,74.301192,1.51,3.1
671,Airport,Metro_671,Hyderabad,Miyapur,18.351174,72.103743,7.13,3.1
672,Mall,School_672,Bengaluru,Electronic City,12.13989,78.098238,3.89,4.2
673,School,Mall_673,Mumbai,Bandra,15.319534,79.867109,5.18,3.4
674,Bus Stop,College_674,Pune,Kharadi,16.084762,75.405078,5.78,4.0
675,Restaurant,Hospital_675,Chennai,OMR,13.408469,75.973645,8.95,4.2
676,Metro,School_676,Mumbai,Powai,13.570072,78.377931,7.36,3.7
677,College,Airport_677,Mumbai,Thane,18.232326,73.998091,8.69,3.3
678,Hospital,Bus Stop_678,Mumbai,Bandra,15.40142,75.718383,6.52,4.7
679,Airport,Park_679,Mumbai,Thane,15.748835,76.774495,6.24,4.5
680,School,Restaurant_680,Chennai,Adyar,16.242389,76.419854,5.22,4.8
681,Hospital,School_681,Mumbai,Powai,15.803711,76.779512,4.82,3.3
682,Restaurant,Metro_682,Pune,Kharadi,14.472645,75.60417,0.27,3.4
683,School,Park_683,Hyderabad,Kondapur,18.300015,73.383684,6.38,3.4
684,College,Bus Stop_684,Hyderabad,Jubilee Hills,12.089091,77.556312,9.17,4.3
685,School,College_685,Hyderabad,Jubilee Hills,12.402442,73.523142,7.34,3.7
686,College,School_686,Bengaluru,Electronic City,16.833712,75.026462,5.76,3.4
687,Metro,Bus Stop_687,Hyderabad,Miyapur,12.533329,78.137459,2.62,4.0
688,Bus Stop,Mall_688,Mumbai,Powai,18.122901,77.250371,9.45,3.1
689,Hospital,Hospital_689,Mumbai,Bandra,17.387367,79.553913,1.92,4.3
690,Hospital,Restaurant_690,Mumbai,Bandra,16.936313,77.706301,5.72,4.9
691,Restaurant,Bus Stop_691,Mumbai,Bandra,12.416812,79.594531,7.03,4.9
692,Park,Airport_692,Hyderabad,Banjara Hills,14.268753,76.271778,3.8,4.6
693,Restaurant,Metro_693,Pune,Wakad,14.413519,79.933445,7.13,4.4
694,Restaurant,College_694,Mumbai,Powai,15.097999,78.651061,7.0,4.3
695,Restaurant,Airport_695,Chennai,Anna Nagar,17.560716,75.017241,3.35,3.2
696,Mall,Airport_696,Hyderabad,Madhapur,12.404823,74.366386,7.88,4.9
697,Mall,College_697,Bengaluru,Indiranagar,15.351508,72.205558,5.2,4.2
698,Restaurant,Restaurant_698,Chennai,Adyar,15.319981,76.611518,9.89,4.8
699,Metro,Airport_699,Hyderabad,Banjara Hills,14.66643,77.033018,9.66,4.9
700,Airport,Mall_700,Chennai,OMR,13.943069,76.388105,8.72,3.1
701,College,Hospital_701,Bengaluru,Indiranagar,18.998412,79.698434,0.15,3.9
702,Metro,Park_702,Hyderabad,Kondapur,13.998171,72.694715,3.68,3.3
703,School,School_703,Mumbai,Bandra,13.559176,74.946414,5.98,3.0
704,Metro,Bus Stop_704,Pune,Wakad,15.254192,79.526836,3.74,4.8
705,Metro,Airport_705,Bengaluru,Whitefield,14.150861,77.259483,3.31,4.1
706,Hospital,Airport_706,Hyderabad,Gachibowli,12.89619,76.219771,2.29,4.7
707,Bus Stop,Bus Stop_707,Chennai,Adyar,18.251998,77.178695,2.15,4.9
708,Hospital,School_708,Chennai,Adyar,13.292015,79.948944,2.62,4.9
709,Bus Stop,College_709,Chennai,OMR,18.706679,74.373939,8.27,3.8
710,Restaurant,Hospital_710,Hyderabad,Banjara Hills,13.212911,75.957938,5.93,4.5
711,Bus Stop,Restaurant_711,Bengaluru,Whitefield,17.248399,78.40202,5.61,3.5
712,Restaurant,Park_712,Chennai,OMR,18.221757,73.863931,3.41,4.5
713,Mall,Park_713,Chennai,Anna Nagar,17.114485,75.132379,9.37,3.2
714,Park,Hospital_714,Chennai,OMR,16.664319,72.216852,2.08,3.6
715,College,Mall_715,Chennai,Velachery,14.969033,72.932996,0.86,4.7
716,Hospital,Airport_716,Bengaluru,Indiranagar,14.232105,72.091822,0.43,3.4
717,Airport,Park_717,Mumbai,Bandra,16.908921,77.571723,0.9,4.6
718,Mall,Park_718,Bengaluru,Whitefield,12.981171,74.231244,3.78,4.7
719,Hospital,Metro_719,Chennai,Velachery,18.483446,73.149676,1.62,3.7
720,Metro,Restaurant_720,Chennai,Velachery,18.42174,79.539293,2.89,3.9
721,Metro,Airport_721,Bengaluru,Indiranagar,14.842271,75.774268,0.83,4.5
722,School,Bus Stop_722,Chennai,Anna Nagar,13.416307,72.305596,0.42,3.7
723,School,School_723,Mumbai,Andheri,17.142233,76.286504,0.8,4.4
724,Bus Stop,Park_724,Bengaluru,Whitefield,18.874895,72.590872,5.77,3.7
725,Bus Stop,Park_725,Mumbai,Thane,18.6492,72.648732,8.78,3.3
726,Mall,Bus Stop_726,Hyderabad,Miyapur,18.783749,75.283128,8.31,4.3
727,Airport,Mall_727,Hyderabad,Banjara Hills,13.711192,74.003588,0.41,4.4
728,Airport,Bus Stop_728,Pune,Baner,16.853419,76.488665,7.31,3.0
729,Bus Stop,Restaurant_729,Bengaluru,Whitefield,14.064769,72.005419,3.26,4.5
730,Metro,College_730,Chennai,Anna Nagar,12.715086,75.350617,0.97,4.8
731,Mall,Bus Stop_731,Pune,Baner,12.637245,75.195327,0.71,3.4
732,Bus Stop,Bus Stop_732,Hyderabad,Kondapur,12.127574,74.59195,3.28,3.9
733,Hospital,College_733,Hyderabad,Kukatpally,16.811513,73.653842,5.88,4.1
734,Airport,Hospital_734,Chennai,Velachery,13.321553,77.267663,2.92,3.4
735,College,Park_735,Pune,Kharadi,12.121608,74.201691,9.64,3.2
736,Bus Stop,School_736,Bengaluru,Indiranagar,18.113375,73.35039,3.72,4.8
737,Airport,School_737,Hyderabad,Kondapur,15.729796,74.005384,4.56,4.5
738,Hospital,Mall_738,Pune,Wakad,16.954757,76.134354,0.8,4.8
739,Mall,Airport_739,Mumbai,Andheri,13.245503,77.141359,3.73,3.7
740,Hospital,Restaurant_740,Chennai,Velachery,13.871948,76.728042,2.51,3.3
741,Bus Stop,College_741,Mumbai,Andheri,17.848429,75.033959,1.0,4.2
742,Metro,Airport_742,Chennai,Adyar,16.535595,74.764442,3.71,4.0
743,Bus Stop,Bus Stop_743,Chennai,OMR,15.20128,72.10618,8.13,4.5
744,School,Bus Stop_744,Mumbai,Powai,15.752884,72.012437,4.32,4.0
745,Restaurant,Park_745,Chennai,OMR,17.733531,77.570193,4.34,3.6
746,Bus Stop,Metro_746,Pune,Wakad,17.023472,76.591697,6.87,4.4
747,School,Mall_747,Hyderabad,Gachibowli,13.696548,74.421352,5.5,3.9
748,Bus Stop,Restaurant_748,Chennai,Anna Nagar,13.939704,79.703613,8.02,3.1
749,Restaurant,Park_749,Pune,Kharadi,13.400635,78.914677,6.79,3.5
750,School,Restaurant_750,Chennai,Velachery,14.033034,74.1846,3.39,3.4
751,Park,College_751,Bengaluru,Indiranagar,14.739896,76.333777,0.97,3.4
752,Park,Bus Stop_752,Bengaluru,HSR Layout,16.440922,72.539421,8.18,4.9
753,Metro,College_753,Hyderabad,Kukatpally,18.88197,72.770856,5.3,3.4
754,Restaurant,College_754,Hyderabad,Gachibowli,16.480605,72.582137,8.06,3.0
755,Airport,Restaurant_755,Pune,Kharadi,12.772538,74.090403,3.78,4.8
756,Metro,Airport_756,Hyderabad,Jubilee Hills,13.561476,73.706618,7.78,4.6
757,School,Restaurant_757,Chennai,Velachery,18.976988,76.449382,5.48,4.4
758,School,Restaurant_758,Mumbai,Powai,15.296508,79.427919,4.13,3.6
759,College,Hospital_759,Pune,Hinjewadi,18.973927,74.461452,0.2,4.7
760,School,Park_760,Mumbai,Andheri,16.021784,76.467692,0.33,4.1
761,School,Park_761,Hyderabad,Banjara Hills,13.57534,75.628322,4.23,4.5
762,Bus Stop,Mall_762,Bengaluru,Whitefield,12.36665,77.490039,3.48,3.5
763,Airport,Mall_763,Hyderabad,Miyapur,17.358797,76.594391,6.33,4.1
764,Park,College_764,Mumbai,Powai,12.732108,72.059928,8.82,3.6
765,Hospital,Park_765,Pune,Wakad,17.097763,74.539152,8.89,3.7
766,Metro,Park_766,Mumbai,Thane,13.178296,72.322906,1.85,3.6
767,Airport,Metro_767,Chennai,Anna Nagar,16.894289,77.483214,1.63,3.0
768,Bus Stop,Hospital_768,Chennai,OMR,16.397684,72.27031,4.88,3.3
769,Bus Stop,Airport_769,Bengaluru,Indiranagar,12.422763,73.231894,7.39,4.5
770,Restaurant,Mall_770,Mumbai,Bandra,17.349678,75.166927,8.35,3.8
771,Bus Stop,School_771,Pune,Wakad,16.822715,72.47935,2.69,4.1
772,College,College_772,Bengaluru,HSR Layout,16.61114,75.530397,2.86,3.3
773,College,Hospital_773,Bengaluru,Whitefield,18.994977,73.034178,3.61,4.3
774,Metro,Restaurant_774,Pune,Baner,15.983179,74.563599,8.87,3.8
775,Park,Restaurant_775,Mumbai,Andheri,13.196315,73.468897,2.69,3.7
776,Hospital,College_776,Chennai,Anna Nagar,16.20977,77.111653,3.82,3.4
777,College,Airport_777,Hyderabad,Jubilee Hills,18.119159,78.785765,6.27,4.9
778,Hospital,Park_778,Chennai,Adyar,18.824431,73.46356,3.66,3.5
779,Restaurant,College_779,Pune,Baner,18.084487,77.796298,2.36,4.8
780,Airport,Restaurant_780,Bengaluru,Electronic City,18.911327,74.695759,9.43,4.8
781,Park,Park_781,Chennai,Anna Nagar,18.068957,76.375805,2.07,4.0
782,Metro,Mall_782,Mumbai,Thane,17.5679,74.603428,4.8,4.9
783,Restaurant,Restaurant_783,Pune,Baner,14.56161,79.118091,4.83,3.7
784,Airport,Bus Stop_784,Chennai,Anna Nagar,15.593191,77.208465,3.14,4.9
785,Restaurant,School_785,Chennai,Adyar,16.632947,76.46026,6.76,3.5
786,Airport,Park_786,Chennai,Anna Nagar,13.806636,77.564982,3.65,3.5
787,Metro,Airport_787,Chennai,Adyar,17.705908,77.144957,5.51,4.2
788,College,School_788,Mumbai,Bandra,16.889219,75.455605,3.86,4.9
789,Park,Hospital_789,Bengaluru,Indiranagar,16.249053,74.120703,2.94,3.7
790,Hospital,Hospital_790,Mumbai,Thane,18.026138,78.331849,0.64,4.6
791,College,Hospital_791,Pune,Hinjewadi,18.918708,75.334684,2.1,5.0
792,Hospital,College_792,Pune,Wakad,14.966716,76.02244,6.3,3.7
793,Park,Mall_793,Bengaluru,Whitefield,12.154828,77.707254,7.8,3.8
794,Mall,Restaurant_794,Chennai,OMR,16.37053,75.581684,1.63,4.4
795,Park,Metro_795,Bengaluru,Indiranagar,15.411906,74.362523,3.7,3.8
796,Park,Metro_796,Hyderabad,Kondapur,16.155509,77.401949,5.09,4.3
797,Airport,College_797,Mumbai,Bandra,17.787144,79.579729,0.65,4.4
798,Mall,Hospital_798,Bengaluru,Electronic City,17.697453,74.465169,6.75,3.7
799,College,College_799,Bengaluru,HSR Layout,14.722676,79.406193,4.22,3.9
800,Bus Stop,Restaurant_800,Hyderabad,Kondapur,12.388719,75.355402,4.31,4.7
801,Metro,Metro_801,Mumbai,Bandra,17.282476,72.249221,0.85,4.6
802,Airport,Restaurant_802,Hyderabad,Miyapur,18.211974,74.405213,5.13,3.4
803,School,Restaurant_803,Pune,Wakad,13.142201,77.04758,1.29,3.8
804,Airport,Hospital_804,Hyderabad,Kukatpally,15.091948,78.344397,6.71,3.9
805,Restaurant,Airport_805,Pune,Kharadi,15.460004,77.596487,7.5,4.6
806,Mall,Bus Stop_806,Pune,Baner,17.87926,79.416703,1.55,4.6
807,Bus Stop,Metro_807,Bengaluru,Whitefield,12.147097,72.506176,6.32,4.7
808,Restaurant,Bus Stop_808,Mumbai,Andheri,12.763578,75.771466,2.72,4.1
809,College,Mall_809,Mumbai,Thane,17.900524,79.15769,7.43,4.4
810,Metro,College_810,Hyderabad,Miyapur,17.271709,79.701431,0.29,4.4
811,Hospital,Bus Stop_811,Mumbai,Bandra,16.645309,78.499662,9.47,4.9
812,Restaurant,Hospital_812,Hyderabad,Madhapur,17.050102,79.717882,5.57,3.8
813,Restaurant,Metro_813,Mumbai,Bandra,14.375222,78.919791,8.34,3.4
814,School,College_814,Mumbai,Andheri,13.220199,78.446608,2.63,4.4
815,Hospital,Hospital_815,Bengaluru,HSR Layout,13.607488,75.876486,4.04,4.3
816,Restaurant,College_816,Mumbai,Thane,15.082185,75.104791,9.8,4.2
817,Bus Stop,College_817,Bengaluru,HSR Layout,12.238109,74.735413,9.01,4.6
818,College,Airport_818,Mumbai,Andheri,14.728515,73.370657,6.5,3.7
819,Metro,Restaurant_819,Chennai,Velachery,13.472226,74.141916,4.19,4.8
820,Park,Restaurant_820,Chennai,OMR,15.719664,75.302584,2.85,4.5
821,School,Mall_821,Hyderabad,Gachibowli,17.55425,74.037504,7.32,4.7
822,Hospital,Mall_822,Bengaluru,Indiranagar,17.346489,72.980292,5.68,4.0
823,Bus Stop,Airport_823,Chennai,OMR,17.952265,73.569709,8.97,3.6
824,Mall,Bus Stop_824,Pune,Kharadi,14.33139,77.863003,6.4,4.7
825,Mall,Mall_825,Hyderabad,Jubilee Hills,15.332071,72.266925,0.46,3.9
826,Restaurant,Airport_826,Bengaluru,Whitefield,12.16817,77.334305,1.61,4.2
827,Park,Bus Stop_827,Mumbai,Bandra,12.760017,72.082051,8.24,3.6
828,Metro,School_828,Chennai,OMR,17.854146,76.136727,1.82,3.9
829,School,Airport_829,Chennai,Adyar,12.517886,73.912412,2.86,4.0
830,Mall,Metro_830,Mumbai,Bandra,12.6577,72.832934,2.35,3.5
831,Mall,Park_831,Mumbai,Andheri,16.234408,78.358058,2.37,4.7
832,Airport,Hospital_832,Chennai,Velachery,18.293314,72.972584,7.21,3.4
833,College,Restaurant_833,Pune,Baner,18.61541,74.741767,8.25,3.4
834,School,Mall_834,Bengaluru,Electronic City,14.334402,74.589689,4.42,3.8
835,School,Restaurant_835,Pune,Hinjewadi,18.432773,78.327507,0.76,3.5
836,Metro,Mall_836,Hyderabad,Jubilee Hills,14.483579,76.740572,3.7,3.9
837,Metro,School_837,Bengaluru,HSR Layout,13.525671,78.962862,2.42,3.9
838,Park,Airport_838,Bengaluru,Electronic City,13.665682,78.590311,9.49,4.2
839,Hospital,Airport_839,Hyderabad,Miyapur,12.260139,76.34084,9.9,3.4
840,Bus Stop,College_840,Pune,Wakad,16.338425,75.722006,9.64,3.9
841,College,Restaurant_841,Mumbai,Bandra,13.99485,76.336118,1.48,4.8
842,Mall,Bus Stop_842,Hyderabad,Miyapur,18.399877,76.947738,9.22,4.3
843,Restaurant,Park_843,Hyderabad,Kukatpally,15.678001,79.613921,9.84,4.1
844,School,School_844,Hyderabad,Miyapur,16.752801,72.685623,4.73,3.3
845,College,Restaurant_845,Hyderabad,Banjara Hills,14.686244,79.731278,7.31,4.9
846,Park,Mall_846,Bengaluru,Whitefield,16.845456,78.303815,4.23,4.8
847,Park,Hospital_847,Chennai,OMR,15.542286,78.896254,8.65,4.5
848,Mall,Restaurant_848,Pune,Wakad,12.970554,72.263866,8.19,4.8
849,Hospital,College_849,Hyderabad,Kondapur,12.952705,74.469655,8.57,4.7
850,School,Park_850,Pune,Hinjewadi,17.778963,75.472391,7.97,4.7
851,Metro,Hospital_851,Bengaluru,Whitefield,12.604264,78.510339,0.43,3.6
852,Airport,Restaurant_852,Mumbai,Bandra,16.078696,74.27702,3.93,3.7
853,College,Park_853,Hyderabad,Banjara Hills,17.233615,79.56004,6.57,3.8
854,School,Bus Stop_854,Pune,Kharadi,16.060847,74.892652,7.56,3.6
855,Metro,College_855,Chennai,Velachery,16.122422,74.519086,7.36,3.8
856,Airport,School_856,Bengaluru,Whitefield,15.412233,75.919457,7.84,3.1
857,Bus Stop,Restaurant_857,Mumbai,Bandra,15.463351,77.443351,6.57,4.3
858,Airport,College_858,Chennai,Velachery,14.347374,76.076838,7.51,4.4
859,School,Bus Stop_859,Chennai,OMR,15.619547,74.9071,5.94,4.1
860,Bus Stop,Park_860,Bengaluru,HSR Layout,18.387586,72.520157,8.08,4.2
861,Mall,Restaurant_861,Bengaluru,Indiranagar,16.236962,78.479754,2.27,4.0
862,Mall,Metro_862,Mumbai,Powai,15.493982,73.969313,4.91,3.4
863,Airport,Airport_863,Mumbai,Powai,14.01758,79.586226,3.19,3.6
864,Hospital,Restaurant_864,Bengaluru,Indiranagar,12.539232,74.913117,5.01,4.2
865,Hospital,Park_865,Mumbai,Thane,18.910489,79.102814,6.78,3.9
866,Park,Hospital_866,Bengaluru,Whitefield,14.453799,79.224745,8.06,4.6
867,Bus Stop,School_867,Chennai,Adyar,13.336055,75.431501,6.91,4.4
868,School,College_868,Pune,Wakad,12.140874,73.932459,0.89,4.0
869,College,School_869,Mumbai,Powai,12.797058,77.781132,5.57,3.2
870,School,Hospital_870,Mumbai,Andheri,17.851331,79.045978,1.41,3.4
871,Bus Stop,Metro_871,Bengaluru,HSR Layout,13.701014,77.90089,0.98,3.5
872,College,Restaurant_872,Hyderabad,Madhapur,14.568686,77.686152,2.35,4.2
873,Park,Bus Stop_873,Bengaluru,HSR Layout,14.950078,79.214258,9.27,4.6
874,Park,Mall_874,Chennai,Anna Nagar,13.854709,73.99553,4.25,4.1
875,Restaurant,Airport_875,Pune,Hinjewadi,12.552533,72.606476,1.89,3.9
876,College,School_876,Bengaluru,Electronic City,16.712823,79.903535,8.78,3.8
877,Bus Stop,School_877,Chennai,Anna Nagar,17.200457,76.817752,2.27,3.8
878,College,College_878,Mumbai,Thane,18.969584,79.733653,8.88,3.4
879,Hospital,College_879,Mumbai,Thane,15.767858,79.354678,6.49,4.1
880,Metro,Metro_880,Hyderabad,Jubilee Hills,12.112443,73.55576,5.84,4.9
881,Park,Metro_881,Chennai,Velachery,12.089154,73.807679,4.47,3.2
882,School,College_882,Chennai,Adyar,15.460052,73.950863,2.95,3.0
883,Bus Stop,Airport_883,Bengaluru,Indiranagar,13.880458,77.489402,4.08,3.2
884,College,Metro_884,Mumbai,Andheri,16.028672,73.491468,4.07,4.6
885,Restaurant,Restaurant_885,Bengaluru,Indiranagar,14.983067,77.572862,6.74,3.0
886,Airport,Park_886,Chennai,Adyar,12.661375,75.448172,3.14,5.0
887,Mall,Metro_887,Bengaluru,Electronic City,16.789977,73.869408,6.97,3.4
888,Hospital,Restaurant_888,Pune,Hinjewadi,13.992288,76.334158,1.66,3.5
889,Park,Park_889,Bengaluru,Indiranagar,15.616747,78.214053,3.27,3.4
890,Restaurant,School_890,Mumbai,Thane,15.094958,72.420417,1.53,4.8
891,Bus Stop,Bus Stop_891,Bengaluru,Whitefield,17.878971,73.36585,4.0,4.9
892,Park,School_892,Chennai,Adyar,17.839251,74.382967,1.89,3.7
893,Bus Stop,Mall_893,Mumbai,Bandra,18.38299,73.501605,5.83,3.5
894,Mall,College_894,Bengaluru,Electronic City,13.993928,72.447198,5.42,4.4
895,College,Park_895,Chennai,Velachery,13.975326,73.332087,3.71,3.9
896,Park,Mall_896,Hyderabad,Kondapur,14.021258,74.806352,5.44,4.3
897,School,Restaurant_897,Mumbai,Bandra,15.809161,74.257006,6.01,3.7
898,Park,Mall_898,Chennai,Adyar,14.932076,78.167806,5.9,4.1
899,Hospital,Restaurant_899,Mumbai,Bandra,16.74416,76.196783,8.69,4.3
900,Restaurant,Mall_900,Chennai,Anna Nagar,18.524871,74.796622,6.83,4.7
901,Airport,Park_901,Mumbai,Bandra,16.074696,76.692319,0.56,4.6
902,Metro,Restaurant_902,Hyderabad,Miyapur,15.123352,75.357052,2.33,4.2
903,Bus Stop,Bus Stop_903,Bengaluru,Indiranagar,12.684099,75.52106,3.52,3.4
904,Restaurant,Park_904,Pune,Wakad,17.505335,75.290334,6.17,4.4
905,School,Park_905,Chennai,OMR,15.902501,72.379388,8.02,3.7
906,Airport,Restaurant_906,Hyderabad,Miyapur,16.919659,73.583475,4.88,3.6
907,Restaurant,Bus Stop_907,Mumbai,Bandra,18.219707,72.3175,3.51,3.5
908,College,Metro_908,Mumbai,Andheri,12.817883,73.830059,8.59,4.2
909,Restaurant,College_909,Mumbai,Thane,13.254143,75.727301,0.19,3.1
910,Park,School_910,Pune,Baner,17.737883,73.388497,5.42,3.7
911,Mall,Mall_911,Mumbai,Powai,18.22815,77.20792,3.33,4.8
912,School,Park_912,Hyderabad,Miyapur,16.532625,74.24827,7.2,4.1
913,Park,Park_913,Bengaluru,Whitefield,13.247112,75.873429,6.48,3.5
914,College,College_914,Mumbai,Bandra,12.90116,72.264757,1.3,4.1
915,Hospital,Park_915,Pune,Baner,16.706145,73.077534,4.77,3.6
916,Restaurant,Mall_916,Bengaluru,Whitefield,14.555585,72.253709,1.61,3.8
917,Hospital,Restaurant_917,Pune,Hinjewadi,16.649882,77.390476,1.55,4.0
918,Hospital,School_918,Chennai,OMR,12.496376,72.349464,4.47,4.2
919,Airport,School_919,Pune,Hinjewadi,13.39582,73.944738,3.65,4.7
920,Metro,College_920,Mumbai,Andheri,16.053908,77.024988,7.79,4.1
921,Airport,College_921,Hyderabad,Miyapur,18.423998,76.700405,2.88,4.6
922,Mall,Metro_922,Mumbai,Thane,12.485226,76.701203,7.94,3.3
923,Restaurant,Restaurant_923,Pune,Wakad,13.910503,76.250408,8.16,5.0
924,Airport,Hospital_924,Pune,Baner,14.153765,77.410573,0.63,4.6
925,Park,Park_925,Chennai,OMR,14.821179,77.913426,7.75,4.4
926,Bus Stop,Restaurant_926,Bengaluru,HSR Layout,15.295472,72.183122,9.96,3.9
927,Restaurant,Metro_927,Pune,Wakad,14.867199,73.757231,8.59,3.6
928,School,School_928,Mumbai,Andheri,14.804258,78.610962,1.8,3.4
929,Mall,Park_929,Hyderabad,Jubilee Hills,16.292745,76.322473,7.76,4.8
930,Park,Airport_930,Mumbai,Thane,15.260402,78.838364,5.79,3.7
931,Bus Stop,Bus Stop_931,Chennai,Velachery,12.279829,79.833163,9.87,4.2
932,School,College_932,Bengaluru,Whitefield,12.792951,78.3066,4.37,3.4
933,College,Park_933,Bengaluru,Whitefield,13.265957,74.462714,7.34,3.9
934,Park,Park_934,Bengaluru,HSR Layout,13.2939,76.234889,1.78,4.6
935,Park,Mall_935,Hyderabad,Kukatpally,18.753284,73.074743,6.51,4.6
936,School,Park_936,Hyderabad,Madhapur,17.040801,79.523825,7.12,4.6
937,Airport,Bus Stop_937,Mumbai,Powai,15.845356,73.910839,1.86,4.5
938,School,Park_938,Chennai,Adyar,18.280341,74.311446,8.16,4.0
939,Park,Metro_939,Chennai,Velachery,17.396048,75.308959,9.22,3.8
940,Mall,Park_940,Pune,Wakad,18.85808,75.052763,0.1,3.9
941,Mall,Metro_941,Mumbai,Thane,17.330886,78.984559,5.75,3.7
942,Bus Stop,Metro_942,Chennai,OMR,13.032543,75.006092,8.53,4.5
943,Park,Metro_943,Chennai,Adyar,15.234271,74.87721,1.21,4.2
944,Metro,College_944,Pune,Baner,15.806722,76.657005,0.75,3.4
945,Metro,Mall_945,Pune,Baner,15.322067,76.423768,6.74,3.4
946,School,Mall_946,Hyderabad,Gachibowli,18.277738,76.266238,6.07,3.8
947,College,Airport_947,Hyderabad,Gachibowli,14.686669,78.076435,9.06,4.4
948,Metro,College_948,Mumbai,Andheri,17.91609,77.766413,1.78,4.3
949,Park,College_949,Pune,Hinjewadi,16.107633,75.844108,9.43,3.7
950,Mall,Bus Stop_950,Pune,Hinjewadi,13.69745,75.687831,5.28,4.5
951,Metro,College_951,Chennai,Adyar,16.484584,79.55047,1.82,4.1
952,School,Metro_952,Mumbai,Thane,15.148638,75.551963,7.27,3.6
953,Hospital,Mall_953,Bengaluru,HSR Layout,12.490743,72.301738,3.64,4.2
954,Hospital,Airport_954,Chennai,Velachery,14.02654,74.818456,2.43,4.8
955,Bus Stop,Airport_955,Hyderabad,Gachibowli,14.61965,77.4,9.03,4.9
956,Hospital,Bus Stop_956,Pune,Hinjewadi,13.373129,79.162551,4.82,4.8
957,Bus Stop,Metro_957,Hyderabad,Kukatpally,15.741443,73.417899,0.5,5.0
958,Hospital,School_958,Mumbai,Powai,12.374734,76.899158,4.35,5.0
959,Hospital,Metro_959,Pune,Kharadi,17.634722,74.749257,6.87,3.5
960,Mall,Hospital_960,Pune,Kharadi,14.095921,76.997747,8.6,3.3
961,College,Park_961,Pune,Hinjewadi,17.11068,72.30686,7.7,4.6
962,Mall,Metro_962,Pune,Hinjewadi,17.993962,73.073313,8.38,4.3
963,Mall,Hospital_963,Chennai,Anna Nagar,13.299874,75.979941,4.03,4.6
964,Metro,Mall_964,Pune,Wakad,18.926844,75.838187,9.46,4.7
965,School,College_965,Chennai,OMR,14.347243,78.682665,5.73,4.2
966,Mall,Restaurant_966,Chennai,Adyar,16.543622,72.685103,8.6,3.8
967,College,Airport_967,Hyderabad,Jubilee Hills,12.251524,75.297199,9.81,3.5
968,Airport,Airport_968,Chennai,OMR,15.754013,79.060903,5.95,4.1
969,Bus Stop,Park_969,Chennai,OMR,14.028184,74.493541,4.97,3.0
970,School,Bus Stop_970,Hyderabad,Kukatpally,18.588909,75.557697,4.45,5.0
971,Bus Stop,Bus Stop_971,Bengaluru,Whitefield,17.875684,76.728922,7.52,3.3
972,Restaurant,School_972,Pune,Hinjewadi,17.720075,77.886414,0.84,4.8
973,School,College_973,Chennai,Velachery,14.414891,78.107597,8.38,3.2
974,Mall,Airport_974,Mumbai,Powai,13.123455,72.301037,5.67,3.6
975,Metro,Metro_975,Chennai,Adyar,15.09401,73.407858,4.13,3.0
976,Bus Stop,Mall_976,Hyderabad,Jubilee Hills,18.614236,79.922549,1.89,3.2
977,College,Metro_977,Pune,Hinjewadi,15.413873,73.583793,0.79,4.5
978,Metro,Airport_978,Chennai,OMR,15.521346,79.548241,1.4,4.0
979,School,Bus Stop_979,Hyderabad,Miyapur,14.025919,76.693129,2.9,4.4
980,Bus Stop,College_980,Bengaluru,Indiranagar,17.771196,76.734432,8.86,4.2
981,Restaurant,Restaurant_981,Chennai,Anna Nagar,15.869907,72.585018,1.12,4.6
982,Metro,Airport_982,Chennai,Adyar,12.794834,79.681476,1.3,4.5
983,Park,Hospital_983,Pune,Wakad,18.917831,73.468813,3.74,4.9
984,School,Bus Stop_984,Hyderabad,Banjara Hills,13.147979,76.770297,6.72,4.3
985,Metro,Hospital_985,Hyderabad,Gachibowli,13.924544,73.248752,2.75,4.6
986,Hospital,College_986,Bengaluru,Electronic City,14.24372,78.880553,0.48,3.2
987,Metro,Airport_987,Pune,Kharadi,17.203843,76.360443,5.91,3.6
988,Metro,College_988,Hyderabad,Banjara Hills,14.551781,79.712173,6.84,4.0
989,School,Airport_989,Bengaluru,Electronic City,16.926024,77.469422,3.15,3.8
990,Mall,Park_990,Mumbai,Bandra,14.369464,76.932679,9.77,4.0
991,College,College_991,Pune,Kharadi,18.011407,78.146845,5.48,3.8
992,Airport,Park_992,Hyderabad,Madhapur,14.90179,78.410809,4.43,4.4
993,Metro,School_993,Chennai,Anna Nagar,15.256544,74.737435,4.37,3.6
994,Bus Stop,Airport_994,Hyderabad,Kukatpally,14.669404,74.771087,2.87,4.6
995,Bus Stop,Restaurant_995,Hyderabad,Gachibowli,12.195202,76.702266,2.56,3.5
996,Hospital,Airport_996,Mumbai,Andheri,18.060153,74.124711,9.42,3.0
997,Metro,School_997,Chennai,Anna Nagar,17.0999,78.612649,2.64,3.2
998,Park,Hospital_998,Bengaluru,HSR Layout,13.364312,74.580933,1.08,4.9
999,Hospital,Bus Stop_999,Mumbai,Thane,14.96779,77.380101,3.22,3.0
1000,School,Hospital_1000,Chennai,OMR,15.664529,77.367636,1.09,4.8
1001,College,Park_1001,Mumbai,Bandra,16.762207,73.833958,4.77,3.4
1002,School,Restaurant_1002,Mumbai,Bandra,15.717007,75.457936,5.46,3.0
1003,School,Mall_1003,Bengaluru,HSR Layout,18.605041,79.542928,9.26,4.1
1004,Park,School_1004,Hyderabad,Jubilee Hills,17.89621,72.293943,2.0,4.6
1005,Bus Stop,Restaurant_1005,Chennai,Velachery,13.299689,78.739801,7.01,3.3
1006,School,School_1006,Bengaluru,Whitefield,12.392983,76.467826,5.71,3.8
1007,Hospital,School_1007,Bengaluru,Electronic City,16.458241,79.271608,6.42,5.0
1008,Park,College_1008,Chennai,Velachery,12.42319,79.798147,3.14,3.3
1009,College,Bus Stop_1009,Hyderabad,Jubilee Hills,12.263165,79.640259,3.63,3.3
1010,School,Airport_1010,Chennai,Adyar,18.703471,72.250804,7.71,3.4
1011,Bus Stop,College_1011,Bengaluru,HSR Layout,18.508922,79.248493,1.76,4.2
1012,Restaurant,Mall_1012,Mumbai,Bandra,18.368013,76.402066,2.21,4.2
1013,Metro,Park_1013,Mumbai,Andheri,13.028889,74.620779,7.07,4.6
1014,School,Mall_1014,Pune,Wakad,13.950655,79.356519,1.63,3.5
1015,School,Park_1015,Bengaluru,HSR Layout,17.575995,75.61816,5.88,4.1
1016,Mall,Park_1016,Pune,Hinjewadi,17.850863,76.125494,7.78,3.9
1017,School,School_1017,Bengaluru,HSR Layout,15.94835,74.750393,8.27,4.6
1018,Restaurant,Restaurant_1018,Chennai,Adyar,14.023954,72.21737,5.92,4.4
1019,College,Park_1019,Bengaluru,Indiranagar,18.244837,72.296076,3.69,4.5
1020,Restaurant,Metro_1020,Bengaluru,Indiranagar,12.83146,75.809907,7.65,3.3
1021,Restaurant,Metro_1021,Chennai,Adyar,18.999006,74.961662,4.93,4.9
1022,Hospital,Restaurant_1022,Hyderabad,Gachibowli,14.608967,72.872894,5.59,3.3
1023,Mall,Hospital_1023,Mumbai,Bandra,17.58761,77.334484,0.91,3.2
1024,Metro,Metro_1024,Pune,Wakad,15.134051,78.949823,6.16,3.2
1025,Bus Stop,Bus Stop_1025,Hyderabad,Gachibowli,12.292061,75.698634,9.18,4.6
1026,Park,Mall_1026,Pune,Wakad,18.75644,74.263921,9.98,4.7
1027,Hospital,Bus Stop_1027,Hyderabad,Kukatpally,12.70077,74.864038,3.8,3.1
1028,Hospital,Park_1028,Pune,Hinjewadi,15.348792,76.884476,2.71,4.4
1029,Hospital,College_1029,Chennai,Adyar,12.117296,77.460775,2.89,4.9
1030,Hospital,Restaurant_1030,Hyderabad,Kondapur,18.136121,73.091233,1.21,3.6
1031,College,Airport_1031,Mumbai,Andheri,13.685831,73.499435,5.66,3.0
1032,Mall,School_1032,Bengaluru,Electronic City,15.335539,76.918465,6.37,4.6
1033,Hospital,College_1033,Pune,Wakad,13.089593,73.858009,6.74,3.1
1034,Airport,Restaurant_1034,Hyderabad,Kondapur,16.539146,77.274356,8.49,4.6
1035,Airport,Bus Stop_1035,Mumbai,Bandra,18.824217,72.776164,7.35,4.4
1036,Hospital,Bus Stop_1036,Bengaluru,Whitefield,13.26845,74.25582,1.53,4.5
1037,Mall,Mall_1037,Hyderabad,Jubilee Hills,14.952515,74.821363,6.83,4.0
1038,Mall,Airport_1038,Pune,Baner,15.249306,78.257283,0.27,4.7
1039,Airport,School_1039,Chennai,OMR,18.006958,77.995184,5.34,3.8
1040,Park,School_1040,Pune,Hinjewadi,18.936944,79.358232,2.68,3.6
1041,Hospital,Metro_1041,Mumbai,Thane,13.20391,76.847384,9.08,3.9
1042,School,Park_1042,Mumbai,Thane,14.806365,75.966776,0.86,3.5
1043,Restaurant,College_1043,Chennai,Velachery,18.871,76.014939,8.91,3.1
1044,School,Metro_1044,Mumbai,Bandra,16.444031,74.375869,8.84,4.1
1045,School,Mall_1045,Pune,Baner,14.737461,77.906638,5.55,3.0
1046,School,Restaurant_1046,Hyderabad,Madhapur,16.254866,75.082245,9.17,4.6
1047,Hospital,Park_1047,Pune,Wakad,18.329341,78.563151,5.29,4.6
1048,Airport,Mall_1048,Chennai,Anna Nagar,16.548746,72.585992,2.9,4.1
1049,College,College_1049,Hyderabad,Kukatpally,17.46369,73.775535,1.18,3.9
1050,School,Metro_1050,Bengaluru,Indiranagar,13.4619,77.206947,1.5,4.2
1051,Restaurant,Bus Stop_1051,Hyderabad,Gachibowli,16.271129,72.186305,6.08,4.9
1052,College,Park_1052,Hyderabad,Kukatpally,12.183945,79.390765,2.75,4.5
1053,School,Metro_1053,Bengaluru,Indiranagar,17.468629,77.810764,3.27,4.5
1054,Bus Stop,Mall_1054,Pune,Baner,18.645791,75.970598,8.27,4.5
1055,Mall,Hospital_1055,Chennai,Adyar,13.178347,74.053695,9.01,4.2
1056,Metro,School_1056,Hyderabad,Kukatpally,14.505513,73.163194,7.98,3.3
1057,Hospital,Metro_1057,Hyderabad,Kukatpally,18.753176,72.973524,1.79,5.0
1058,Park,Mall_1058,Chennai,Anna Nagar,17.234881,77.091615,5.83,3.0
1059,School,Restaurant_1059,Bengaluru,Electronic City,18.264592,73.015232,4.38,4.5
1060,Metro,Restaurant_1060,Chennai,Anna Nagar,17.730167,73.538215,1.12,4.9
1061,Bus Stop,Hospital_1061,Bengaluru,Indiranagar,17.616361,78.09586,6.98,3.7
1062,College,Metro_1062,Chennai,Velachery,18.297035,72.659776,1.85,4.4
1063,Hospital,College_1063,Chennai,OMR,14.887977,72.024046,4.68,4.8
1064,School,Hospital_1064,Chennai,Adyar,15.908906,76.671506,6.16,3.6
1065,Metro,Bus Stop_1065,Hyderabad,Miyapur,13.055794,74.675194,3.13,4.4
1066,College,Park_1066,Mumbai,Thane,12.64222,73.572399,9.91,3.4
1067,Restaurant,Hospital_1067,Bengaluru,Whitefield,14.649201,73.641383,0.29,3.9
1068,Airport,Metro_1068,Pune,Hinjewadi,14.334896,78.324199,2.63,3.5
1069,School,Hospital_1069,Hyderabad,Jubilee Hills,16.119231,79.171307,9.67,3.9
1070,Bus Stop,School_1070,Mumbai,Bandra,16.847122,74.233943,7.66,3.1
1071,Airport,Bus Stop_1071,Pune,Hinjewadi,18.330634,77.018013,0.31,4.8
1072,School,Bus Stop_1072,Bengaluru,Electronic City,15.723185,74.421179,3.68,4.3
1073,Metro,Airport_1073,Chennai,Adyar,18.606678,73.338097,3.71,4.8
1074,Metro,Park_1074,Hyderabad,Kondapur,17.412313,74.320731,3.89,3.2
1075,College,Airport_1075,Chennai,OMR,15.806814,79.805204,9.95,3.4
1076,Airport,College_1076,Bengaluru,Electronic City,14.862876,74.805316,6.11,5.0
1077,Park,Mall_1077,Hyderabad,Miyapur,16.287244,75.898945,0.75,3.1
1078,School,Airport_1078,Chennai,Adyar,18.646182,78.697653,5.64,3.1
1079,Metro,Hospital_1079,Chennai,OMR,15.207025,74.76066,6.81,4.6
1080,College,College_1080,Bengaluru,Indiranagar,17.208317,72.938344,4.68,3.3
1081,Restaurant,Hospital_1081,Mumbai,Bandra,17.404844,76.333371,8.81,3.3
1082,Bus Stop,School_1082,Chennai,OMR,14.047793,79.2319,7.18,4.7
1083,School,College_1083,Mumbai,Thane,18.987072,72.585547,3.72,4.5
1084,Bus Stop,School_1084,Bengaluru,Whitefield,13.413687,77.304465,7.67,4.3
1085,Airport,Mall_1085,Bengaluru,Electronic City,12.143901,74.303581,2.93,4.6
1086,Restaurant,Airport_1086,Chennai,Velachery,12.665765,77.651206,9.62,4.9
1087,Metro,Airport_1087,Chennai,Adyar,15.554954,72.567981,6.38,4.8
1088,College,Park_1088,Hyderabad,Kondapur,16.271159,74.754627,4.61,3.9
1089,Hospital,Bus Stop_1089,Pune,Wakad,18.528239,73.684857,0.23,4.9
1090,Park,School_1090,Mumbai,Andheri,15.295732,77.212416,9.23,3.1
1091,Hospital,Restaurant_1091,Pune,Baner,15.958161,79.018795,4.7,4.2
1092,Hospital,College_1092,Bengaluru,HSR Layout,16.473961,74.523326,4.77,3.6
1093,Park,Metro_1093,Mumbai,Powai,12.369168,76.720679,0.91,3.9
1094,Mall,Park_1094,Pune,Hinjewadi,13.244338,78.089136,4.2,4.9
1095,Airport,Mall_1095,Pune,Kharadi,13.498615,77.819867,7.26,3.7
1096,Mall,Bus Stop_1096,Chennai,Adyar,18.795333,78.322789,8.28,4.0
1097,Mall,Airport_1097,Chennai,OMR,14.570482,73.783523,5.62,5.0
1098,Airport,Bus Stop_1098,Pune,Kharadi,12.10002,76.816358,2.25,3.8
1099,Restaurant,Hospital_1099,Pune,Hinjewadi,16.011625,78.995143,0.32,5.0
1100,Metro,College_1100,Bengaluru,Electronic City,12.561259,73.487055,3.06,4.5
1101,Bus Stop,Restaurant_1101,Hyderabad,Gachibowli,12.11839,79.260716,1.0,4.2
1102,Bus Stop,Airport_1102,Pune,Hinjewadi,13.728783,75.147938,1.62,3.9
1103,Park,Hospital_1103,Hyderabad,Gachibowli,14.199542,76.893415,5.9,4.7
1104,School,School_1104,Chennai,OMR,18.533577,77.668031,6.9,3.2
1105,Park,Bus Stop_1105,Pune,Wakad,13.815248,77.614768,6.03,4.0
1106,Bus Stop,Airport_1106,Mumbai,Bandra,16.635449,74.294514,0.93,4.7
1107,Restaurant,Hospital_1107,Pune,Wakad,13.083576,78.350782,8.2,4.6
1108,Bus Stop,Hospital_1108,Hyderabad,Madhapur,12.164864,72.28193,5.57,3.9
1109,Restaurant,Mall_1109,Mumbai,Bandra,13.586215,74.767148,2.28,3.1
1110,College,Metro_1110,Pune,Kharadi,16.934628,74.93479,9.98,3.8
1111,College,School_1111,Hyderabad,Miyapur,17.442233,72.747273,0.32,3.5
1112,Bus Stop,Metro_1112,Chennai,Anna Nagar,13.247541,74.127054,8.73,3.6
1113,Hospital,Metro_1113,Pune,Hinjewadi,17.624269,75.136196,3.1,4.8
1114,Park,Bus Stop_1114,Pune,Hinjewadi,15.439072,74.493387,7.36,4.4
1115,Restaurant,Park_1115,Bengaluru,Whitefield,12.865303,72.046038,4.38,3.4
1116,Park,College_1116,Chennai,Adyar,15.91484,75.583082,2.31,4.6
1117,Restaurant,Mall_1117,Mumbai,Thane,16.172451,73.749052,5.79,4.8
1118,College,Park_1118,Hyderabad,Gachibowli,13.184464,79.522788,1.58,4.8
1119,College,Airport_1119,Mumbai,Thane,18.716377,75.488717,2.68,4.9
1120,Hospital,Airport_1120,Bengaluru,Indiranagar,12.143508,78.619633,5.35,3.6
1121,Bus Stop,Restaurant_1121,Chennai,Anna Nagar,18.291073,75.936829,4.98,4.2
1122,Mall,Bus Stop_1122,Hyderabad,Miyapur,17.486538,73.899591,9.9,4.1
1123,Hospital,Restaurant_1123,Pune,Kharadi,13.827713,73.209163,2.64,4.6
1124,Hospital,College_1124,Mumbai,Thane,17.077755,73.337413,4.17,4.2
1125,Bus Stop,School_1125,Chennai,Adyar,15.002701,74.907728,9.96,3.6
1126,School,Bus Stop_1126,Chennai,OMR,13.498712,76.705763,6.86,4.8
1127,Hospital,Bus Stop_1127,Mumbai,Bandra,15.54412,76.192771,4.99,4.0
1128,School,College_1128,Chennai,OMR,14.481591,74.668826,2.79,4.3
1129,School,Hospital_1129,Chennai,OMR,13.966955,78.569197,4.78,3.8
1130,Park,Mall_1130,Hyderabad,Kukatpally,16.17659,79.037854,5.84,3.7
1131,College,Bus Stop_1131,Hyderabad,Jubilee Hills,12.319399,73.635796,0.4,4.8
1132,College,Airport_1132,Hyderabad,Jubilee Hills,16.589959,72.952831,9.2,3.6
1133,Metro,Mall_1133,Mumbai,Andheri,17.661323,75.41322,5.61,3.5
1134,Hospital,Bus Stop_1134,Mumbai,Bandra,12.345122,75.256415,6.05,3.5
1135,School,Bus Stop_1135,Chennai,Adyar,18.777811,76.203104,6.29,4.0
1136,Restaurant,Hospital_1136,Mumbai,Thane,15.158742,74.632173,8.68,4.2
1137,School,Restaurant_1137,Pune,Baner,16.163972,72.565327,9.82,3.8
1138,Hospital,Restaurant_1138,Pune,Wakad,18.953424,76.682593,2.88,3.1
1139,Hospital,Airport_1139,Chennai,Adyar,15.288095,74.55445,6.92,4.8
1140,Metro,Airport_1140,Pune,Wakad,14.647641,74.679224,6.34,3.6
1141,Mall,Restaurant_1141,Hyderabad,Kukatpally,16.250904,73.090744,8.94,3.4
1142,Mall,Mall_1142,Pune,Kharadi,18.412959,78.405069,2.8,3.5
1143,Hospital,College_1143,Bengaluru,HSR Layout,18.96917,78.8823,6.53,3.7
1144,Hospital,College_1144,Bengaluru,HSR Layout,12.778361,79.583703,4.34,4.1
1145,Airport,Bus Stop_1145,Hyderabad,Banjara Hills,12.128485,76.940216,2.91,3.6
1146,Restaurant,School_1146,Pune,Kharadi,12.867346,79.170308,6.35,4.9
1147,Metro,Hospital_1147,Chennai,OMR,14.197132,75.50274,7.78,4.8
1148,Mall,College_1148,Bengaluru,Electronic City,14.459538,74.03049,6.47,3.9
1149,Mall,Restaurant_1149,Pune,Wakad,12.433169,74.81627,3.83,3.1
1150,Bus Stop,Metro_1150,Hyderabad,Gachibowli,15.176613,72.427128,3.14,4.7
1151,Hospital,College_1151,Chennai,Velachery,16.407363,79.957985,0.22,4.7
1152,Park,School_1152,Hyderabad,Miyapur,14.7356,72.263564,2.07,3.1
1153,Mall,Metro_1153,Pune,Wakad,12.863156,75.601702,5.01,3.2
1154,Airport,Airport_1154,Bengaluru,Indiranagar,14.057016,78.697935,1.21,4.0
1155,Mall,Mall_1155,Hyderabad,Miyapur,17.636571,72.712657,2.75,4.5
1156,Metro,Park_1156,Bengaluru,Indiranagar,13.861043,73.377108,10.0,4.9
1157,Mall,Restaurant_1157,Mumbai,Thane,13.24852,79.030899,2.8,4.0
1158,College,School_1158,Pune,Baner,17.772112,77.045831,5.29,3.0
1159,Airport,Bus Stop_1159,Mumbai,Powai,17.66843,73.227794,7.83,3.1
1160,Airport,Metro_1160,Pune,Wakad,17.312408,74.111878,6.78,3.6
1161,Airport,Airport_1161,Mumbai,Bandra,13.733756,76.880123,3.13,3.9
1162,Mall,School_1162,Hyderabad,Kondapur,15.461082,75.262656,5.78,3.3
1163,Airport,School_1163,Hyderabad,Banjara Hills,17.755277,74.643681,0.88,5.0
1164,Restaurant,School_1164,Pune,Kharadi,14.628018,78.53943,6.37,3.5
1165,Airport,School_1165,Chennai,Anna Nagar,18.848741,79.796707,3.73,4.3
1166,Metro,Metro_1166,Mumbai,Powai,14.391446,73.122174,9.25,4.1
1167,Hospital,Hospital_1167,Pune,Kharadi,16.145201,78.548021,4.37,4.0
1168,Bus Stop,Airport_1168,Bengaluru,HSR Layout,15.175677,79.991664,7.26,4.4
1169,Hospital,College_1169,Chennai,OMR,14.774352,74.427852,6.87,3.5
1170,College,Bus Stop_1170,Chennai,OMR,12.17662,79.194354,0.71,5.0
1171,Hospital,Park_1171,Hyderabad,Banjara Hills,17.337739,77.57216,4.0,3.7
1172,Park,Metro_1172,Pune,Baner,12.010329,74.503214,5.79,3.6
1173,Hospital,Restaurant_1173,Chennai,Velachery,16.703693,72.128231,1.16,3.9
1174,Restaurant,Mall_1174,Hyderabad,Madhapur,13.632361,77.465876,8.73,3.3
1175,School,School_1175,Mumbai,Andheri,16.338117,78.790771,6.74,4.0
1176,Mall,Metro_1176,Mumbai,Powai,16.653498,76.605356,5.97,4.5
1177,Metro,School_1177,Hyderabad,Gachibowli,16.153022,78.641176,9.27,4.6
1178,Restaurant,Park_1178,Bengaluru,Whitefield,18.447322,75.285535,2.68,5.0
1179,Park,Bus Stop_1179,Pune,Hinjewadi,15.473234,73.786153,5.56,4.9
1180,Hospital,Metro_1180,Hyderabad,Kondapur,16.528518,79.507126,8.67,4.6
1181,Mall,Hospital_1181,Chennai,Anna Nagar,17.100442,78.244101,1.75,4.0
1182,Airport,College_1182,Pune,Hinjewadi,18.246732,75.963128,6.6,3.3
1183,Metro,Airport_1183,Chennai,Anna Nagar,15.10512,76.8311,7.55,4.9
1184,Bus Stop,College_1184,Bengaluru,Electronic City,13.26006,72.661014,5.11,4.7
1185,Mall,Bus Stop_1185,Hyderabad,Miyapur,12.642233,75.054187,1.78,4.7
1186,Restaurant,Bus Stop_1186,Mumbai,Thane,12.156707,78.328739,9.58,3.9
1187,Restaurant,Airport_1187,Hyderabad,Kondapur,14.541075,75.196399,6.57,4.8
1188,Restaurant,School_1188,Mumbai,Bandra,17.42681,77.127554,9.44,4.5
1189,Hospital,College_1189,Hyderabad,Kukatpally,17.581892,74.69065,5.89,3.5
1190,Restaurant,Airport_1190,Chennai,Adyar,14.244378,77.188098,8.06,3.3
1191,Hospital,Restaurant_1191,Mumbai,Powai,12.039975,74.481914,4.89,3.0
1192,Mall,Hospital_1192,Pune,Hinjewadi,17.455872,78.171646,3.89,3.7
1193,Metro,Restaurant_1193,Hyderabad,Banjara Hills,12.394282,75.803109,5.88,3.5
1194,Restaurant,Airport_1194,Chennai,OMR,12.700169,73.469972,4.93,3.6
1195,School,Park_1195,Pune,Hinjewadi,15.933659,76.616923,2.3,3.5
1196,Restaurant,Hospital_1196,Bengaluru,Electronic City,13.145328,78.269579,4.15,3.8
1197,Bus Stop,Metro_1197,Hyderabad,Banjara Hills,14.600998,73.603817,1.12,3.4
1198,Restaurant,School_1198,Hyderabad,Kondapur,12.595514,79.601509,1.18,4.4
1199,College,Mall_1199,Pune,Kharadi,16.718762,75.237958,1.2,3.9
1200,Park,Bus Stop_1200,Chennai,OMR,12.940372,72.301829,1.89,4.4
1201,College,School_1201,Chennai,Anna Nagar,13.162858,72.38495,0.65,4.1
1202,School,Mall_1202,Pune,Hinjewadi,13.186142,78.650813,4.44,4.3
1203,Park,Hospital_1203,Chennai,Velachery,17.383738,79.073417,8.56,3.9
1204,Bus Stop,College_1204,Bengaluru,Indiranagar,13.277277,77.225428,6.37,4.4
1205,Bus Stop,School_1205,Hyderabad,Miyapur,17.702523,79.367552,7.49,4.1
1206,Bus Stop,Mall_1206,Mumbai,Thane,12.424691,79.076316,1.42,3.1
1207,School,Metro_1207,Chennai,Anna Nagar,12.728628,77.49755,4.65,4.6
1208,Bus Stop,Mall_1208,Pune,Baner,18.949156,79.868277,3.83,3.8
1209,Metro,Hospital_1209,Bengaluru,Indiranagar,12.693503,76.237303,0.36,3.3
1210,Bus Stop,Metro_1210,Mumbai,Andheri,17.289583,75.238427,4.99,5.0
1211,Hospital,Metro_1211,Pune,Kharadi,17.277638,74.988221,4.64,3.5
1212,Airport,Airport_1212,Chennai,Anna Nagar,15.191538,76.693331,5.88,4.6
1213,Hospital,Restaurant_1213,Bengaluru,Electronic City,17.428672,75.035466,1.12,3.8
1214,Park,Airport_1214,Pune,Kharadi,14.551105,75.463576,6.41,3.8
1215,Restaurant,Mall_1215,Pune,Baner,17.212032,77.861197,8.56,4.1
1216,College,Airport_1216,Mumbai,Thane,13.345894,73.291919,6.91,4.5
1217,College,Airport_1217,Bengaluru,Indiranagar,15.628186,72.496864,0.43,3.1
1218,Restaurant,Park_1218,Hyderabad,Miyapur,15.149854,78.595233,6.04,3.7
1219,Bus Stop,College_1219,Hyderabad,Madhapur,18.208267,72.486817,4.47,4.7
1220,Park,Airport_1220,Chennai,OMR,17.689415,73.017045,8.06,3.1
1221,Airport,Metro_1221,Hyderabad,Kukatpally,17.162841,77.650821,7.16,4.2
1222,Park,Restaurant_1222,Mumbai,Powai,18.338236,74.594207,3.84,3.3
1223,Mall,Metro_1223,Mumbai,Andheri,14.962032,72.731079,0.96,4.5
1224,Hospital,Bus Stop_1224,Chennai,Velachery,17.851776,77.253784,9.8,4.1
1225,Park,Bus Stop_1225,Chennai,Anna Nagar,12.096134,75.233058,9.29,3.8
1226,Metro,Bus Stop_1226,Pune,Hinjewadi,17.876159,76.775107,3.75,3.9
1227,Park,Hospital_1227,Hyderabad,Madhapur,18.57125,73.601691,5.29,3.5
1228,School,Hospital_1228,Chennai,OMR,17.094599,73.783723,6.91,4.4
1229,Airport,Metro_1229,Hyderabad,Kukatpally,13.904621,77.122782,0.66,3.9
1230,College,Metro_1230,Bengaluru,HSR Layout,14.063344,78.474809,2.51,4.0
1231,Mall,College_1231,Pune,Wakad,18.960643,78.043715,4.79,3.2
1232,Metro,Hospital_1232,Hyderabad,Banjara Hills,15.696179,75.059054,7.55,3.9
1233,School,Hospital_1233,Chennai,OMR,16.531853,73.159972,4.66,4.9
1234,Airport,Bus Stop_1234,Mumbai,Powai,18.411992,76.578625,5.75,3.4
1235,School,Hospital_1235,Bengaluru,Indiranagar,12.342809,75.977351,4.29,4.8
1236,Metro,Airport_1236,Pune,Hinjewadi,15.746313,74.212652,2.58,3.8
1237,Airport,Metro_1237,Pune,Baner,18.895313,77.059114,2.19,3.2
1238,Mall,College_1238,Mumbai,Powai,13.085301,73.799469,6.93,3.7
1239,Bus Stop,College_1239,Hyderabad,Gachibowli,18.758536,72.236785,6.01,4.7
1240,Bus Stop,Metro_1240,Hyderabad,Banjara Hills,14.698499,74.581616,8.05,4.7
1241,Mall,School_1241,Mumbai,Powai,12.46065,76.551105,1.7,4.8
1242,Hospital,School_1242,Bengaluru,Whitefield,13.905703,78.728093,6.96,4.0
1243,Airport,Airport_1243,Hyderabad,Jubilee Hills,15.244191,79.447639,4.73,4.0
1244,Bus Stop,School_1244,Hyderabad,Gachibowli,16.432407,75.640572,6.17,4.6
1245,Metro,Airport_1245,Hyderabad,Kondapur,14.63681,75.387434,8.76,3.1
1246,School,Metro_1246,Hyderabad,Miyapur,17.270382,77.499624,0.35,4.0
1247,Park,Park_1247,Chennai,Anna Nagar,17.058467,72.090399,1.15,4.3
1248,Restaurant,Hospital_1248,Chennai,Anna Nagar,14.008617,75.328346,4.56,3.4
1249,Mall,Bus Stop_1249,Pune,Baner,13.537753,74.367802,6.23,4.4
1250,Airport,Mall_1250,Hyderabad,Madhapur,18.17197,77.566813,8.35,3.4
1251,College,Bus Stop_1251,Hyderabad,Gachibowli,17.034552,74.746581,1.0,3.8
1252,Hospital,Airport_1252,Pune,Hinjewadi,12.773045,79.08915,8.0,5.0
1253,College,College_1253,Hyderabad,Gachibowli,16.052461,75.943991,6.16,4.5
1254,Hospital,Restaurant_1254,Chennai,Anna Nagar,12.484181,72.835982,2.14,5.0
1255,Mall,Airport_1255,Hyderabad,Madhapur,17.501101,72.172099,2.53,3.4
1256,College,School_1256,Mumbai,Andheri,15.340616,77.672956,8.97,4.7
1257,Restaurant,Mall_1257,Pune,Hinjewadi,16.525892,76.117313,5.29,3.1
1258,Restaurant,Restaurant_1258,Pune,Kharadi,17.48925,73.978571,6.41,4.7
1259,Metro,Restaurant_1259,Bengaluru,HSR Layout,18.177146,76.649916,9.91,3.3
1260,Metro,Mall_1260,Hyderabad,Gachibowli,17.440118,77.875395,0.19,3.1
1261,Metro,School_1261,Chennai,Adyar,16.293064,78.188431,5.49,3.9
1262,Metro,Mall_1262,Bengaluru,Indiranagar,13.484183,74.629718,8.98,4.3
1263,Metro,Mall_1263,Pune,Wakad,18.922967,72.938078,8.15,3.8
1264,Restaurant,College_1264,Hyderabad,Jubilee Hills,13.311012,79.386264,7.17,3.9
1265,Bus Stop,College_1265,Hyderabad,Banjara Hills,14.557713,75.944566,5.32,3.1
1266,Mall,Airport_1266,Chennai,OMR,14.580539,75.579733,5.98,4.8
1267,Restaurant,Park_1267,Hyderabad,Banjara Hills,15.920645,73.850827,6.87,3.2
1268,Bus Stop,Hospital_1268,Bengaluru,Electronic City,13.550437,77.988198,8.04,3.9
1269,Airport,Bus Stop_1269,Bengaluru,Whitefield,16.399696,74.579678,9.47,4.5
1270,Restaurant,Hospital_1270,Mumbai,Andheri,15.94679,79.557459,3.44,3.2
1271,Hospital,Metro_1271,Hyderabad,Madhapur,18.076026,77.116403,2.68,4.8
1272,Hospital,Airport_1272,Mumbai,Powai,18.7361,72.10463,6.21,3.9
1273,Hospital,College_1273,Mumbai,Powai,18.527376,72.445126,3.4,4.3
1274,Bus Stop,College_1274,Bengaluru,Indiranagar,16.597925,78.105187,9.9,4.4
1275,Bus Stop,School_1275,Hyderabad,Miyapur,17.468921,75.055446,5.04,3.0
1276,College,Restaurant_1276,Pune,Baner,16.051433,76.647524,3.39,3.2
1277,Hospital,College_1277,Pune,Hinjewadi,18.013435,73.260156,4.69,3.0
1278,Hospital,Metro_1278,Chennai,Adyar,12.223479,74.254807,1.29,4.6
1279,Hospital,Metro_1279,Chennai,Anna Nagar,17.360662,75.200662,7.46,4.7
1280,Park,Hospital_1280,Mumbai,Bandra,18.379838,74.867242,6.58,3.2
1281,Airport,Metro_1281,Hyderabad,Banjara Hills,16.602699,74.874644,9.47,4.9
1282,Hospital,College_1282,Bengaluru,Electronic City,15.413856,74.152506,9.71,3.4
1283,Airport,School_1283,Bengaluru,Indiranagar,16.086304,75.982831,8.0,3.9
1284,Hospital,Metro_1284,Mumbai,Bandra,17.989917,75.017422,2.14,4.6
1285,Mall,Park_1285,Hyderabad,Jubilee Hills,15.256976,72.972017,4.13,4.2
1286,Mall,Restaurant_1286,Chennai,Anna Nagar,12.514869,74.824442,8.3,3.4
1287,Airport,Metro_1287,Bengaluru,Indiranagar,13.812037,75.002525,3.66,4.4
1288,Mall,Restaurant_1288,Bengaluru,Electronic City,18.826062,78.208893,3.78,4.5
1289,Airport,Airport_1289,Bengaluru,Indiranagar,14.577254,72.62954,4.22,3.1
1290,Park,Restaurant_1290,Hyderabad,Madhapur,18.985233,78.031533,8.54,3.7
1291,Bus Stop,Restaurant_1291,Hyderabad,Miyapur,13.515817,75.855391,7.81,4.7
1292,Mall,Bus Stop_1292,Hyderabad,Miyapur,13.337111,75.571921,6.39,3.9
1293,Hospital,Airport_1293,Hyderabad,Kukatpally,16.988304,73.163741,7.1,4.4
1294,Hospital,Park_1294,Hyderabad,Banjara Hills,15.62747,73.362151,5.66,4.9
1295,School,Airport_1295,Pune,Baner,12.034975,78.691508,0.11,4.3
1296,School,College_1296,Bengaluru,Indiranagar,13.734874,73.735063,9.69,3.2
1297,Metro,School_1297,Hyderabad,Miyapur,18.401882,79.332557,9.81,3.0
1298,School,College_1298,Hyderabad,Jubilee Hills,12.444406,76.952843,9.08,3.7
1299,Park,Park_1299,Bengaluru,Whitefield,15.17363,72.884425,9.58,3.4
1300,Mall,Metro_1300,Bengaluru,Electronic City,17.821264,77.080675,4.52,4.2
1301,Metro,Metro_1301,Pune,Hinjewadi,14.885637,75.889582,6.48,3.2
1302,Park,Bus Stop_1302,Bengaluru,Whitefield,15.615292,76.273572,2.87,5.0
1303,Mall,Metro_1303,Hyderabad,Gachibowli,14.799024,79.359942,1.35,3.5
1304,Restaurant,Metro_1304,Hyderabad,Kukatpally,17.233426,73.929204,7.39,3.4
1305,Park,Bus Stop_1305,Chennai,OMR,17.536855,75.883355,6.97,3.7
1306,Bus Stop,Park_1306,Pune,Baner,18.32278,78.467832,7.26,3.5
1307,Mall,Park_1307,Bengaluru,HSR Layout,14.460185,77.011146,1.09,4.0
1308,Restaurant,Hospital_1308,Pune,Baner,16.95948,76.218498,8.83,4.3
1309,Bus Stop,Restaurant_1309,Pune,Hinjewadi,14.738112,74.625848,1.98,3.4
1310,Hospital,College_1310,Pune,Kharadi,13.044016,77.984781,8.73,5.0
1311,Restaurant,College_1311,Bengaluru,Electronic City,17.903656,77.447007,9.66,3.4
1312,Bus Stop,Metro_1312,Pune,Hinjewadi,17.491392,73.748966,3.18,4.5
1313,School,Airport_1313,Chennai,OMR,16.611076,73.498069,4.1,3.5
1314,Metro,School_1314,Chennai,Anna Nagar,16.455926,77.921767,8.08,3.2
1315,Restaurant,Hospital_1315,Bengaluru,Electronic City,18.478371,72.486952,7.13,3.4
1316,Restaurant,Airport_1316,Mumbai,Bandra,13.071693,75.968034,9.05,3.5
1317,Airport,Hospital_1317,Mumbai,Andheri,15.78672,75.158837,0.78,4.4
1318,Hospital,College_1318,Hyderabad,Miyapur,18.659698,72.857724,4.41,4.3
1319,College,Airport_1319,Pune,Hinjewadi,15.935146,75.1756,1.14,3.9
1320,Hospital,School_1320,Pune,Hinjewadi,15.444673,75.568468,5.03,4.7
1321,Airport,Restaurant_1321,Bengaluru,HSR Layout,14.370945,76.016866,4.92,4.5
1322,Restaurant,Airport_1322,Mumbai,Powai,15.973724,79.626608,9.98,3.8
1323,School,College_1323,Chennai,Velachery,12.957951,79.469641,1.73,3.2
1324,Metro,Hospital_1324,Hyderabad,Kondapur,13.473324,79.980642,1.24,4.6
1325,Airport,Metro_1325,Pune,Wakad,16.672636,77.119736,1.28,3.3
1326,Park,Restaurant_1326,Chennai,Adyar,15.519704,76.740272,4.75,4.1
1327,Airport,Bus Stop_1327,Mumbai,Powai,18.65521,76.37206,6.06,4.1
1328,Mall,School_1328,Chennai,Anna Nagar,15.967594,72.931139,4.77,3.5
1329,Park,Metro_1329,Pune,Baner,12.348944,79.191081,0.43,4.1
1330,Airport,Mall_1330,Mumbai,Thane,18.673875,73.118804,3.07,3.3
1331,Restaurant,College_1331,Mumbai,Thane,12.369636,73.392299,3.05,4.2
1332,Park,Restaurant_1332,Chennai,Velachery,14.636161,72.381863,5.57,4.8
1333,School,Metro_1333,Mumbai,Andheri,12.768958,76.268018,2.55,4.8
1334,Hospital,Park_1334,Hyderabad,Gachibowli,17.20719,77.053854,5.12,4.2
1335,Bus Stop,Metro_1335,Pune,Wakad,14.112166,76.164657,9.55,5.0
1336,Hospital,School_1336,Bengaluru,Indiranagar,14.680312,76.514291,1.47,4.1
1337,Mall,Restaurant_1337,Hyderabad,Kondapur,13.038996,72.388176,4.24,3.5
1338,Bus Stop,Restaurant_1338,Bengaluru,Whitefield,16.171216,77.893642,8.56,3.4
1339,Mall,Restaurant_1339,Pune,Kharadi,14.04541,76.074967,5.07,4.6
1340,Bus Stop,Metro_1340,Bengaluru,HSR Layout,16.276514,77.374771,3.97,3.5
1341,Airport,Airport_1341,Chennai,Anna Nagar,12.983814,79.218783,6.31,3.2
1342,Restaurant,Park_1342,Mumbai,Bandra,15.177828,79.323592,9.36,4.6
1343,Park,Restaurant_1343,Bengaluru,Indiranagar,18.009528,72.898918,5.58,4.5
1344,Metro,Mall_1344,Chennai,Velachery,12.296522,78.976035,1.05,5.0
1345,Hospital,Airport_1345,Pune,Wakad,16.517799,77.015387,9.3,3.4
1346,Park,Mall_1346,Bengaluru,Electronic City,18.542664,76.073676,1.76,3.8
1347,School,Restaurant_1347,Hyderabad,Kukatpally,18.949792,77.969498,6.66,4.5
1348,Restaurant,Restaurant_1348,Pune,Hinjewadi,14.427975,79.853316,9.44,4.1
1349,College,Airport_1349,Chennai,Velachery,17.187403,76.907081,1.14,3.6
1350,Metro,School_1350,Pune,Wakad,16.329334,79.391737,7.26,3.8
1351,Park,Mall_1351,Chennai,OMR,13.32298,76.038614,6.69,4.0
1352,Airport,Park_1352,Pune,Baner,12.790754,78.923865,0.1,4.4
1353,College,Metro_1353,Chennai,Adyar,16.135039,77.898157,4.93,4.2
1354,Metro,College_1354,Bengaluru,Whitefield,15.753793,73.854906,4.84,4.2
1355,Hospital,College_1355,Pune,Wakad,13.986708,76.865032,2.18,3.2
1356,Park,Park_1356,Hyderabad,Gachibowli,13.810097,79.390848,1.04,3.7
1357,Bus Stop,Restaurant_1357,Pune,Wakad,15.818391,79.700876,8.86,3.4
1358,Restaurant,Bus Stop_1358,Bengaluru,Electronic City,17.702556,74.279941,6.39,4.7
1359,Restaurant,Mall_1359,Chennai,OMR,15.183324,79.932256,2.76,5.0
1360,School,Mall_1360,Bengaluru,HSR Layout,13.678662,77.669549,1.81,4.5
1361,Metro,Mall_1361,Hyderabad,Madhapur,16.807657,79.620416,3.01,4.4
1362,College,Restaurant_1362,Bengaluru,Electronic City,14.105376,72.637225,7.71,3.2
1363,Mall,Park_1363,Bengaluru,Electronic City,12.865583,79.159452,3.25,3.1
1364,Hospital,Restaurant_1364,Mumbai,Powai,16.94699,75.108819,3.14,4.3
1365,Restaurant,Hospital_1365,Chennai,OMR,18.052358,78.89102,5.43,3.8
1366,College,Airport_1366,Chennai,Adyar,16.226452,72.419915,6.48,3.1
1367,Metro,Bus Stop_1367,Pune,Baner,18.270458,73.648744,7.03,4.6
1368,Mall,Hospital_1368,Bengaluru,Indiranagar,18.238185,76.873196,1.89,4.3
1369,Park,Hospital_1369,Bengaluru,Electronic City,14.809904,74.135945,8.48,4.2
1370,Bus Stop,Bus Stop_1370,Hyderabad,Kondapur,16.85997,75.750381,6.61,4.0
1371,Hospital,Park_1371,Pune,Baner,17.493581,79.402087,1.26,3.3
1372,Mall,Mall_1372,Mumbai,Bandra,12.238071,74.813423,8.79,4.6
1373,Mall,Restaurant_1373,Chennai,Velachery,16.643354,73.018055,0.76,3.2
1374,Airport,Park_1374,Bengaluru,Indiranagar,16.603942,78.632115,4.75,3.8
1375,Mall,Airport_1375,Hyderabad,Madhapur,16.17579,74.969037,2.81,3.1
1376,Bus Stop,School_1376,Chennai,OMR,17.908675,78.61545,0.96,5.0
1377,Park,Metro_1377,Bengaluru,Whitefield,15.591909,77.239877,3.43,5.0
1378,Airport,College_1378,Chennai,OMR,14.203104,77.623882,9.63,3.7
1379,College,College_1379,Mumbai,Andheri,16.75005,77.681182,5.25,5.0
1380,Restaurant,School_1380,Mumbai,Andheri,17.700288,77.709015,6.45,3.9
1381,School,Restaurant_1381,Chennai,Anna Nagar,14.196243,72.213305,0.86,3.5
1382,School,Bus Stop_1382,Chennai,Velachery,12.193329,76.522525,4.39,4.1
1383,College,Bus Stop_1383,Chennai,OMR,16.281684,76.557444,4.73,3.7
1384,Park,Hospital_1384,Chennai,OMR,16.550599,72.693672,0.85,4.8
1385,College,School_1385,Mumbai,Bandra,15.603445,74.119437,8.0,4.9
1386,College,College_1386,Mumbai,Powai,12.426576,78.207246,5.15,4.2
1387,Park,Park_1387,Mumbai,Thane,18.885473,72.391887,1.42,3.5
1388,Hospital,Restaurant_1388,Chennai,Velachery,17.681839,76.903192,0.36,3.9
1389,Restaurant,Bus Stop_1389,Hyderabad,Banjara Hills,17.397224,75.337976,5.06,3.3
1390,Bus Stop,Hospital_1390,Bengaluru,HSR Layout,13.555358,79.524005,5.07,3.3
1391,Mall,College_1391,Chennai,Velachery,16.601262,79.016336,9.42,4.8
1392,School,School_1392,Hyderabad,Gachibowli,18.673689,77.97674,3.62,4.1
1393,Metro,Hospital_1393,Hyderabad,Madhapur,17.19172,75.098132,7.43,3.9
1394,College,Bus Stop_1394,Pune,Wakad,18.496982,74.055827,6.02,3.6
1395,Airport,Park_1395,Pune,Baner,14.738982,77.033701,8.8,3.8
1396,Mall,Airport_1396,Bengaluru,Electronic City,15.209192,72.93269,2.35,4.2
1397,Airport,Airport_1397,Mumbai,Bandra,15.029868,75.047086,5.38,4.7
1398,Airport,Airport_1398,Hyderabad,Jubilee Hills,15.603686,73.012568,6.22,3.1
1399,Bus Stop,Hospital_1399,Bengaluru,HSR Layout,14.048015,74.826263,1.51,4.7
1400,Metro,Park_1400,Chennai,OMR,14.319139,76.764663,6.25,3.8
1401,Airport,Bus Stop_1401,Bengaluru,Electronic City,12.798163,78.110281,5.38,3.5
1402,Mall,Airport_1402,Mumbai,Bandra,16.827993,74.224008,9.03,4.0
1403,Airport,College_1403,Bengaluru,Whitefield,12.272597,76.75043,7.34,3.8
1404,Bus Stop,Metro_1404,Mumbai,Thane,14.849724,74.720413,8.69,4.1
1405,Airport,Mall_1405,Pune,Baner,15.036168,72.840709,2.71,4.5
1406,Park,Mall_1406,Pune,Hinjewadi,14.974881,77.386688,3.07,3.2
1407,College,Metro_1407,Hyderabad,Gachibowli,12.726494,78.474337,8.96,4.1
1408,Metro,School_1408,Chennai,Anna Nagar,16.815775,74.646651,0.25,4.7
1409,Bus Stop,Hospital_1409,Pune,Hinjewadi,13.259687,79.752402,7.04,3.4
1410,Park,Metro_1410,Mumbai,Andheri,16.965848,76.310166,3.39,3.3
1411,Mall,College_1411,Hyderabad,Jubilee Hills,12.203389,77.695444,2.75,4.3
1412,Metro,Mall_1412,Mumbai,Andheri,16.913286,72.468446,2.73,3.9
1413,Bus Stop,Hospital_1413,Chennai,Velachery,16.887973,72.491587,9.7,3.7
1414,School,Hospital_1414,Chennai,Adyar,15.57778,74.067144,4.19,4.2
1415,Airport,Restaurant_1415,Bengaluru,Indiranagar,13.601193,72.054693,5.32,3.7
1416,Airport,College_1416,Chennai,Adyar,14.040177,75.217409,6.61,3.1
1417,College,Hospital_1417,Chennai,Anna Nagar,17.80872,78.581604,2.42,5.0
1418,Restaurant,Metro_1418,Bengaluru,Whitefield,13.039574,77.302688,0.5,3.3
1419,College,Airport_1419,Bengaluru,HSR Layout,17.047147,72.398707,6.14,3.6
1420,School,Airport_1420,Mumbai,Andheri,12.67454,79.201577,5.67,3.4
1421,Metro,Airport_1421,Hyderabad,Jubilee Hills,15.63512,74.106099,7.37,4.4
1422,Airport,School_1422,Hyderabad,Miyapur,18.09363,74.855235,7.03,4.5
1423,Park,College_1423,Hyderabad,Gachibowli,12.890197,76.100392,5.41,4.1
1424,Restaurant,Bus Stop_1424,Mumbai,Thane,16.883123,74.937806,5.02,3.9
1425,Hospital,Mall_1425,Chennai,Adyar,15.582598,76.277796,6.77,4.3
1426,School,School_1426,Pune,Baner,13.148513,72.440454,7.78,4.2
1427,School,Park_1427,Bengaluru,Electronic City,17.521453,74.910787,5.84,3.2
1428,School,Mall_1428,Mumbai,Thane,17.209129,76.075603,9.55,3.4
1429,Restaurant,Hospital_1429,Bengaluru,HSR Layout,15.179971,76.406765,5.3,3.4
1430,Mall,Airport_1430,Bengaluru,Whitefield,13.808849,75.022298,8.76,3.8
1431,Mall,College_1431,Bengaluru,Whitefield,12.556025,79.61161,2.21,4.4
1432,Metro,Bus Stop_1432,Pune,Baner,15.582371,73.453594,7.28,3.8
1433,Metro,Restaurant_1433,Bengaluru,Electronic City,16.758791,75.061211,6.96,3.8
1434,Airport,Hospital_1434,Mumbai,Thane,12.616165,75.198497,8.0,4.7
1435,Mall,College_1435,Hyderabad,Madhapur,16.102138,79.301462,5.46,3.5
1436,School,Airport_1436,Chennai,Adyar,13.191192,76.58284,4.41,3.7
1437,School,College_1437,Hyderabad,Gachibowli,14.499626,77.732423,6.22,3.7
1438,Restaurant,College_1438,Chennai,Velachery,12.846969,72.846866,4.24,3.7
1439,Hospital,Airport_1439,Chennai,Anna Nagar,12.506846,78.266347,3.23,3.8
1440,Restaurant,School_1440,Pune,Hinjewadi,17.674964,78.448188,3.94,4.5
1441,School,Park_1441,Chennai,Adyar,12.549249,77.279362,3.06,3.9
1442,Restaurant,College_1442,Hyderabad,Gachibowli,15.012331,73.959322,0.52,3.3
1443,Metro,School_1443,Chennai,Anna Nagar,17.015755,78.837729,3.06,4.2
1444,Airport,Park_1444,Mumbai,Bandra,16.40193,77.182283,7.24,3.6
1445,Park,Restaurant_1445,Hyderabad,Miyapur,14.05272,79.094019,0.18,4.9
1446,Hospital,Hospital_1446,Hyderabad,Kondapur,12.387814,72.668505,4.43,4.6
1447,Park,Metro_1447,Hyderabad,Gachibowli,13.651207,77.424714,8.72,3.6
1448,Park,Bus Stop_1448,Hyderabad,Kondapur,14.675138,79.362986,0.6,3.4
1449,Airport,Metro_1449,Mumbai,Thane,14.808831,72.78079,3.73,3.1
1450,Park,College_1450,Pune,Kharadi,14.984639,75.829758,4.4,4.1
1451,Hospital,Mall_1451,Hyderabad,Kukatpally,16.857235,72.799634,5.51,4.1
1452,Hospital,Restaurant_1452,Chennai,Anna Nagar,16.205368,76.235237,5.14,3.0
1453,College,Mall_1453,Chennai,Anna Nagar,15.045274,77.731138,2.91,4.3
1454,Hospital,Park_1454,Chennai,OMR,15.104465,76.083925,7.98,3.3
1455,Hospital,Park_1455,Mumbai,Powai,14.619236,78.968533,5.83,3.8
1456,Metro,Airport_1456,Hyderabad,Kondapur,17.646469,74.591239,5.02,3.0
1457,Park,Mall_1457,Chennai,Adyar,16.135819,73.25636,6.33,4.2
1458,College,Hospital_1458,Chennai,OMR,17.242794,78.464423,9.58,4.8
1459,Hospital,Hospital_1459,Mumbai,Thane,13.174073,79.527367,8.31,3.2
1460,College,College_1460,Mumbai,Bandra,12.442792,74.524255,5.93,4.6
1461,School,Park_1461,Chennai,Adyar,13.439368,76.087113,9.42,4.0
1462,Metro,Park_1462,Hyderabad,Banjara Hills,12.731848,79.847478,4.83,4.0
1463,Airport,College_1463,Pune,Hinjewadi,15.648747,77.602785,4.24,4.1
1464,College,Metro_1464,Pune,Kharadi,15.64004,76.306278,7.69,4.8
1465,Park,Hospital_1465,Bengaluru,HSR Layout,14.267281,78.454934,7.46,4.9
1466,School,Park_1466,Chennai,Adyar,18.855423,74.173815,4.99,4.2
1467,Park,Mall_1467,Pune,Baner,16.222795,73.378474,1.72,4.3
1468,Metro,Hospital_1468,Pune,Hinjewadi,18.744672,73.105235,7.48,4.7
1469,College,School_1469,Bengaluru,Whitefield,14.876851,76.543378,1.29,3.1
1470,Bus Stop,Mall_1470,Bengaluru,Whitefield,17.237563,76.204335,7.63,4.0
1471,College,Airport_1471,Bengaluru,Electronic City,14.0693,72.135797,5.42,4.1
1472,Mall,School_1472,Chennai,OMR,15.261467,75.978372,4.48,4.9
1473,Restaurant,Metro_1473,Chennai,Anna Nagar,17.403482,75.35565,0.49,4.0
1474,School,Restaurant_1474,Pune,Wakad,16.157242,72.238425,0.53,4.5
1475,Airport,College_1475,Bengaluru,Electronic City,17.862155,72.693984,3.25,4.2
1476,Park,College_1476,Pune,Wakad,12.802997,75.485819,3.35,3.6
1477,Bus Stop,Airport_1477,Pune,Baner,17.782988,76.288444,7.07,3.6
1478,Restaurant,Airport_1478,Mumbai,Bandra,14.924795,77.815608,1.78,3.9
1479,Restaurant,Mall_1479,Pune,Hinjewadi,17.99969,74.419088,6.24,3.5
1480,Hospital,Airport_1480,Hyderabad,Madhapur,17.942611,77.48372,4.16,3.2
1481,Bus Stop,College_1481,Mumbai,Andheri,13.185648,74.851415,5.38,3.7
1482,Mall,School_1482,Mumbai,Thane,15.069039,73.255908,2.86,3.7
1483,School,Mall_1483,Pune,Wakad,14.562112,74.214477,4.67,3.1
1484,Bus Stop,Bus Stop_1484,Mumbai,Thane,14.986398,79.782022,7.09,4.7
1485,Mall,Hospital_1485,Hyderabad,Kondapur,17.320167,72.093673,3.25,4.6
1486,Metro,Restaurant_1486,Hyderabad,Banjara Hills,14.385761,79.696157,0.73,4.7
1487,College,Park_1487,Hyderabad,Kukatpally,17.960631,76.24557,9.77,4.6
1488,Metro,Metro_1488,Bengaluru,Indiranagar,15.841309,78.809247,6.96,4.6
1489,College,Airport_1489,Bengaluru,Indiranagar,13.751227,74.963319,2.8,3.7
1490,Hospital,Park_1490,Pune,Hinjewadi,18.550391,72.488009,5.49,4.8
1491,Hospital,Mall_1491,Pune,Hinjewadi,17.950121,77.569936,3.52,3.5
1492,Bus Stop,Restaurant_1492,Pune,Baner,15.394903,76.244655,1.2,4.0
1493,Hospital,Bus Stop_1493,Hyderabad,Jubilee Hills,12.896064,73.084424,7.22,3.7
1494,Park,College_1494,Chennai,Anna Nagar,15.219761,78.315677,7.25,3.3
1495,Bus Stop,Restaurant_1495,Hyderabad,Kukatpally,17.50811,78.993936,9.77,3.5
1496,Airport,College_1496,Chennai,Velachery,16.046243,79.895422,1.34,3.3
1497,Airport,Hospital_1497,Hyderabad,Jubilee Hills,18.191351,72.312741,1.18,3.7
1498,Restaurant,Hospital_1498,Hyderabad,Kukatpally,16.407968,79.763405,1.54,4.3
1499,College,Mall_1499,Bengaluru,Whitefield,17.747339,76.315322,2.65,3.2
1500,Airport,School_1500,Hyderabad,Gachibowli,12.730124,79.889662,2.12,3.4
1501,School,Airport_1501,Chennai,OMR,13.955788,73.724641,2.77,3.2
1502,College,Bus Stop_1502,Mumbai,Andheri,18.544103,74.695126,0.14,4.3
1503,Restaurant,Hospital_1503,Chennai,Velachery,17.895723,76.635709,6.49,4.6
1504,School,Bus Stop_1504,Pune,Hinjewadi,17.956969,72.563627,5.42,3.5
1505,Park,Bus Stop_1505,Chennai,Anna Nagar,13.266299,72.856999,9.08,4.2
1506,College,Mall_1506,Chennai,Velachery,16.807574,74.666149,1.61,4.8
1507,College,Park_1507,Mumbai,Powai,12.517381,77.561357,8.44,3.1
1508,Airport,Mall_1508,Hyderabad,Kukatpally,17.040367,72.470693,8.78,4.7
1509,Metro,Park_1509,Bengaluru,Whitefield,18.119051,77.190777,2.18,4.9
1510,Mall,Park_1510,Chennai,Anna Nagar,12.137487,77.318231,3.1,4.7
1511,Hospital,Mall_1511,Chennai,Adyar,18.859643,73.71511,6.85,3.7
1512,Bus Stop,Airport_1512,Hyderabad,Kondapur,12.458126,76.290367,8.09,3.3
1513,Airport,Metro_1513,Mumbai,Powai,14.890767,75.230418,1.3,4.8
1514,Hospital,School_1514,Pune,Hinjewadi,13.821506,74.975927,6.43,3.2
1515,Park,Restaurant_1515,Mumbai,Powai,15.763023,75.128521,7.7,4.1
1516,Bus Stop,Airport_1516,Mumbai,Thane,13.329143,72.060489,5.12,4.7
1517,Mall,Metro_1517,Mumbai,Thane,13.126038,72.372833,0.52,4.5
1518,Metro,Bus Stop_1518,Hyderabad,Kondapur,16.023816,75.019666,9.31,4.1
1519,Bus Stop,Bus Stop_1519,Chennai,Anna Nagar,14.864785,72.083853,6.24,3.4
1520,Park,Metro_1520,Mumbai,Thane,18.342336,77.299577,8.5,3.0
1521,Hospital,Bus Stop_1521,Pune,Baner,17.31399,75.232092,5.8,3.3
1522,Restaurant,Bus Stop_1522,Mumbai,Bandra,17.574217,74.961808,3.05,3.5
1523,Bus Stop,Restaurant_1523,Bengaluru,HSR Layout,17.282809,74.724965,5.35,4.3
1524,Restaurant,College_1524,Chennai,Anna Nagar,18.439429,73.661776,7.58,4.3
1525,School,Mall_1525,Hyderabad,Madhapur,13.648663,76.87292,9.13,4.1
1526,College,Bus Stop_1526,Bengaluru,Electronic City,14.023135,75.295848,7.67,3.8
1527,Mall,Park_1527,Mumbai,Powai,15.079637,74.992484,5.17,3.1
1528,Airport,Hospital_1528,Bengaluru,Indiranagar,13.48512,72.812976,5.34,4.1
1529,Park,Airport_1529,Hyderabad,Gachibowli,17.172563,78.497987,1.55,4.0
1530,Mall,Hospital_1530,Chennai,OMR,16.532682,74.382884,8.9,3.0
1531,Restaurant,School_1531,Mumbai,Bandra,16.848147,73.46993,2.3,3.5
1532,School,School_1532,Mumbai,Bandra,15.188361,75.872082,9.36,3.1
1533,Mall,Mall_1533,Mumbai,Andheri,18.877022,73.780144,6.56,3.5
1534,Metro,College_1534,Chennai,OMR,18.859216,77.426348,4.88,3.3
1535,College,Mall_1535,Pune,Wakad,16.887174,76.639853,9.24,4.8
1536,College,College_1536,Mumbai,Andheri,17.021774,79.674752,6.41,3.3
1537,Metro,Restaurant_1537,Chennai,Adyar,18.690203,78.947629,5.83,3.8
1538,Park,Park_1538,Mumbai,Bandra,12.45961,75.936973,8.51,3.1
1539,School,Restaurant_1539,Pune,Kharadi,13.183125,74.895552,4.84,4.9
1540,College,Bus Stop_1540,Hyderabad,Banjara Hills,15.508689,75.121549,0.84,3.5
1541,Park,Hospital_1541,Mumbai,Andheri,12.603625,72.158285,9.25,4.6
1542,Restaurant,Metro_1542,Hyderabad,Jubilee Hills,15.460838,76.991642,0.37,3.9
1543,College,Mall_1543,Mumbai,Andheri,16.45931,75.077192,8.59,4.5
1544,Park,Metro_1544,Bengaluru,Indiranagar,12.570363,77.608978,5.31,4.3
1545,Bus Stop,Restaurant_1545,Hyderabad,Kondapur,16.121345,74.95072,6.62,4.2
1546,College,Hospital_1546,Pune,Hinjewadi,14.484833,72.468112,2.7,4.5
1547,Metro,Airport_1547,Mumbai,Bandra,13.775342,74.190381,9.33,3.3
1548,College,Airport_1548,Chennai,OMR,12.286615,75.226393,5.96,4.6
1549,School,Airport_1549,Chennai,Anna Nagar,13.878213,78.685796,9.38,3.4
1550,Airport,Airport_1550,Mumbai,Bandra,18.360771,73.707208,8.57,4.8
1551,Metro,Metro_1551,Mumbai,Thane,18.072296,78.807361,9.38,4.3
1552,Hospital,Mall_1552,Chennai,Velachery,18.701748,72.682528,8.23,3.3
1553,Airport,Hospital_1553,Chennai,Anna Nagar,14.13334,72.702098,9.43,4.2
1554,Park,Mall_1554,Chennai,Velachery,13.982687,74.085795,8.47,3.2
1555,College,College_1555,Hyderabad,Miyapur,17.984141,79.975515,5.7,4.2
1556,Bus Stop,School_1556,Chennai,OMR,18.495174,73.532827,4.87,4.6
1557,Hospital,School_1557,Chennai,Velachery,16.498707,75.077661,2.3,3.3
1558,School,Hospital_1558,Pune,Hinjewadi,14.199637,79.849181,4.49,4.3
1559,Park,Airport_1559,Hyderabad,Banjara Hills,13.578465,75.539265,8.2,3.5
1560,Airport,Bus Stop_1560,Chennai,Velachery,15.5286,75.081002,9.48,3.7
1561,Restaurant,College_1561,Chennai,Adyar,14.125166,78.357708,2.16,5.0
1562,Metro,College_1562,Bengaluru,Indiranagar,13.353127,76.496276,7.35,3.9
1563,Hospital,Metro_1563,Pune,Hinjewadi,13.609592,74.960026,4.23,4.3
1564,Metro,School_1564,Mumbai,Powai,12.877143,73.587002,5.35,4.2
1565,Hospital,Hospital_1565,Chennai,Adyar,18.920324,77.842122,6.03,4.9
1566,College,Airport_1566,Hyderabad,Jubilee Hills,13.930213,77.762274,8.22,5.0
1567,Airport,Metro_1567,Mumbai,Powai,13.534811,74.259318,8.85,3.0
1568,Metro,College_1568,Chennai,Anna Nagar,18.356784,79.774639,5.23,4.8
1569,School,Metro_1569,Bengaluru,Indiranagar,14.913693,78.79754,4.82,4.1
1570,School,College_1570,Hyderabad,Kukatpally,13.351454,73.380264,7.9,3.8
1571,Bus Stop,Restaurant_1571,Hyderabad,Madhapur,13.368081,75.650286,6.09,4.3
1572,Metro,Metro_1572,Mumbai,Powai,15.889425,78.249397,9.94,4.1
1573,Mall,Airport_1573,Bengaluru,Whitefield,18.646996,78.180449,7.9,4.5
1574,Bus Stop,Hospital_1574,Chennai,Velachery,12.977204,75.953483,1.59,4.7
1575,Airport,School_1575,Chennai,Velachery,18.894862,73.24018,1.93,3.3
1576,School,School_1576,Pune,Hinjewadi,15.085163,77.244966,3.7,4.5
1577,School,College_1577,Hyderabad,Miyapur,12.747303,73.182938,9.82,4.4
1578,Metro,Park_1578,Bengaluru,HSR Layout,18.849907,72.315426,6.82,4.0
1579,Bus Stop,Restaurant_1579,Mumbai,Powai,16.072694,72.139534,4.63,3.2
1580,Metro,College_1580,Chennai,OMR,16.248292,72.778677,1.02,3.8
1581,Mall,Hospital_1581,Mumbai,Thane,18.341852,77.751019,8.25,3.2
1582,School,Hospital_1582,Hyderabad,Kukatpally,17.505707,74.801509,9.61,3.7
1583,Bus Stop,Metro_1583,Mumbai,Bandra,12.173873,72.381861,0.35,3.2
1584,School,Restaurant_1584,Pune,Baner,17.138348,72.177722,6.89,3.2
1585,Metro,Mall_1585,Chennai,Anna Nagar,13.354194,75.24581,1.46,3.9
1586,Bus Stop,Airport_1586,Chennai,Adyar,12.202763,73.369329,1.49,3.3
1587,Metro,Park_1587,Hyderabad,Kukatpally,13.868136,78.250698,6.88,4.8
1588,College,School_1588,Hyderabad,Miyapur,12.466026,75.47395,7.91,3.8
1589,Bus Stop,College_1589,Mumbai,Thane,17.257438,79.364815,5.52,3.0
1590,School,School_1590,Hyderabad,Jubilee Hills,17.957031,75.306521,8.07,3.5
1591,Mall,Metro_1591,Pune,Wakad,14.566069,73.91556,9.51,3.7
1592,Hospital,Bus Stop_1592,Chennai,Anna Nagar,18.181494,77.582492,3.41,3.8
1593,Mall,Park_1593,Chennai,OMR,13.187796,79.756993,0.42,3.0
1594,Restaurant,Park_1594,Chennai,Anna Nagar,18.154723,72.460253,8.19,3.6
1595,Restaurant,Bus Stop_1595,Bengaluru,Whitefield,12.985122,75.234618,6.86,3.8
1596,School,School_1596,Hyderabad,Jubilee Hills,12.691549,72.971865,9.74,4.9
1597,Park,Airport_1597,Chennai,OMR,16.795377,75.57657,8.19,4.4
1598,Restaurant,Mall_1598,Chennai,OMR,14.693659,76.521767,1.07,3.6
1599,Airport,Metro_1599,Mumbai,Thane,17.446491,75.467729,3.88,3.0
1600,Metro,Metro_1600,Chennai,Anna Nagar,16.019515,73.627293,5.1,4.2
1601,Park,Restaurant_1601,Bengaluru,Indiranagar,15.457822,78.51906,3.01,4.0
1602,Park,Mall_1602,Pune,Baner,17.648427,79.629262,3.75,4.7
1603,School,School_1603,Mumbai,Bandra,15.154732,75.039708,1.2,4.1
1604,School,School_1604,Chennai,Adyar,13.391529,72.888534,8.01,4.9
1605,College,Park_1605,Hyderabad,Jubilee Hills,14.908277,75.466802,1.33,3.3
1606,Mall,Hospital_1606,Chennai,OMR,17.712454,76.453939,1.72,4.4
1607,Metro,Park_1607,Bengaluru,Electronic City,15.230517,75.28462,5.15,3.0
1608,Mall,Park_1608,Chennai,Velachery,18.386895,79.169905,9.85,4.4
1609,School,Airport_1609,Pune,Hinjewadi,13.346692,76.96842,3.73,4.4
1610,Metro,School_1610,Mumbai,Powai,15.760232,72.702046,9.27,4.9
1611,Park,Hospital_1611,Mumbai,Bandra,12.33019,72.520777,5.51,4.3
1612,Park,Restaurant_1612,Mumbai,Andheri,17.266896,72.578079,0.66,4.4
1613,Bus Stop,College_1613,Bengaluru,Indiranagar,12.516865,78.731865,8.42,3.3
1614,School,Metro_1614,Pune,Hinjewadi,18.324654,77.846683,1.06,3.4
1615,School,Bus Stop_1615,Mumbai,Bandra,15.371753,79.302577,4.63,3.6
1616,School,Restaurant_1616,Pune,Kharadi,15.58475,75.808384,2.18,4.0
1617,Park,Mall_1617,Pune,Wakad,16.15985,74.303281,3.24,3.4
1618,College,Metro_1618,Pune,Wakad,14.235401,77.983503,6.92,3.8
1619,Park,Mall_1619,Mumbai,Thane,15.828055,76.309328,6.91,4.0
1620,Restaurant,Restaurant_1620,Mumbai,Powai,16.313551,73.426365,4.41,4.9
1621,Metro,Restaurant_1621,Mumbai,Bandra,13.868254,78.340255,6.94,3.2
1622,Metro,School_1622,Mumbai,Thane,12.170201,74.004163,7.9,3.4
1623,School,Hospital_1623,Bengaluru,Indiranagar,12.073949,76.140575,2.63,4.6
1624,Park,Restaurant_1624,Chennai,Velachery,16.68368,74.694798,0.33,3.6
1625,Restaurant,School_1625,Pune,Wakad,17.906939,79.101508,0.5,3.1
1626,College,Restaurant_1626,Chennai,Adyar,18.33949,74.663155,1.96,3.1
1627,Hospital,Metro_1627,Chennai,OMR,18.440348,78.663703,3.32,4.8
1628,Restaurant,School_1628,Mumbai,Thane,17.799299,72.698895,7.47,3.5
1629,Metro,Mall_1629,Mumbai,Bandra,12.794996,78.734881,8.19,3.4
1630,School,School_1630,Pune,Wakad,14.572708,79.203522,3.22,3.6
1631,Airport,Restaurant_1631,Mumbai,Thane,12.470789,73.15297,5.46,3.8
1632,Bus Stop,Hospital_1632,Hyderabad,Miyapur,13.297954,77.794553,3.87,4.6
1633,Park,Airport_1633,Mumbai,Thane,15.727163,74.820691,4.97,4.1
1634,Restaurant,School_1634,Chennai,OMR,12.246559,79.163015,7.82,3.6
1635,Restaurant,Airport_1635,Mumbai,Thane,16.943445,78.491351,8.66,4.2
1636,College,Bus Stop_1636,Chennai,OMR,17.342606,77.310576,1.06,3.3
1637,Hospital,Airport_1637,Hyderabad,Gachibowli,15.978217,74.473763,2.69,4.7
1638,Mall,Mall_1638,Pune,Wakad,13.833082,73.542947,9.07,3.0
1639,Bus Stop,Park_1639,Bengaluru,Electronic City,18.126371,78.156285,7.35,3.4
1640,Park,Restaurant_1640,Mumbai,Thane,18.565118,78.461219,3.89,4.3
1641,Park,Metro_1641,Chennai,Anna Nagar,18.315091,78.221273,8.02,3.4
1642,School,College_1642,Bengaluru,Whitefield,15.203644,78.654611,3.63,3.5
1643,Metro,Bus Stop_1643,Pune,Wakad,14.202617,76.814849,4.86,4.6
1644,Metro,College_1644,Mumbai,Thane,13.330671,75.861546,5.98,3.8
1645,Restaurant,Metro_1645,Mumbai,Thane,12.900268,74.729796,9.82,4.4
1646,Bus Stop,Airport_1646,Chennai,Velachery,12.681622,79.297904,3.77,4.7
1647,Park,College_1647,Mumbai,Powai,15.469748,77.706893,7.27,3.1
1648,Bus Stop,Hospital_1648,Chennai,OMR,14.497452,75.405206,8.82,4.4
1649,College,Metro_1649,Mumbai,Bandra,18.317744,73.809869,8.95,3.3
1650,Hospital,School_1650,Chennai,Adyar,18.400102,79.772795,8.86,3.5
1651,College,College_1651,Pune,Hinjewadi,13.466107,75.974472,5.39,4.9
1652,Restaurant,School_1652,Mumbai,Andheri,13.60234,74.318092,9.31,3.1
1653,College,School_1653,Chennai,Velachery,18.630625,78.619539,1.64,3.8
1654,Restaurant,Bus Stop_1654,Pune,Hinjewadi,18.519865,73.299042,8.55,4.1
1655,Bus Stop,Hospital_1655,Bengaluru,Whitefield,15.627265,79.769831,0.38,4.9
1656,Bus Stop,Park_1656,Hyderabad,Madhapur,14.481035,78.545512,3.62,3.7
1657,Restaurant,Bus Stop_1657,Hyderabad,Miyapur,15.295138,73.31282,2.79,3.8
1658,Mall,Bus Stop_1658,Bengaluru,Indiranagar,17.697256,75.756369,6.13,3.8
1659,School,Metro_1659,Pune,Wakad,15.509304,76.972489,3.54,3.4
1660,Mall,Metro_1660,Bengaluru,Electronic City,12.312841,75.65341,2.02,4.4
1661,Restaurant,Airport_1661,Bengaluru,Indiranagar,18.972069,77.686568,1.88,3.3
1662,College,Park_1662,Hyderabad,Gachibowli,17.099355,75.608627,0.62,4.6
1663,Bus Stop,Park_1663,Pune,Kharadi,15.241321,72.142223,6.47,3.5
1664,Metro,Metro_1664,Mumbai,Powai,16.142291,75.829864,6.09,3.1
1665,Hospital,Airport_1665,Chennai,Anna Nagar,15.724904,73.809277,7.58,4.7
1666,Restaurant,Mall_1666,Bengaluru,Electronic City,17.230846,73.396731,1.43,3.3
1667,Restaurant,School_1667,Pune,Hinjewadi,15.752209,76.210498,1.9,3.3
1668,College,Mall_1668,Hyderabad,Madhapur,12.208495,72.563511,4.35,4.6
1669,Mall,Airport_1669,Pune,Hinjewadi,15.783439,74.555943,6.51,3.2
1670,College,Park_1670,Bengaluru,Whitefield,12.456272,77.005303,2.7,4.5
1671,Metro,Park_1671,Hyderabad,Madhapur,13.555002,76.677975,5.4,4.5
1672,Mall,Metro_1672,Pune,Baner,15.439556,75.381639,9.22,4.2
1673,Hospital,Hospital_1673,Bengaluru,Whitefield,18.892134,76.104832,6.45,4.4
1674,Park,College_1674,Mumbai,Andheri,14.90589,77.303955,5.12,4.2
1675,Restaurant,School_1675,Bengaluru,Indiranagar,18.376497,75.719719,4.95,4.1
1676,Hospital,Metro_1676,Hyderabad,Gachibowli,13.890151,78.195502,2.15,3.3
1677,Metro,Bus Stop_1677,Chennai,Velachery,15.987077,77.988608,8.86,3.5
1678,Park,Airport_1678,Chennai,Adyar,18.612964,74.982021,8.17,4.3
1679,College,Hospital_1679,Chennai,Anna Nagar,12.352881,73.048277,7.76,4.0
1680,Metro,Bus Stop_1680,Mumbai,Powai,16.984272,78.685405,8.45,3.4
1681,College,Park_1681,Pune,Kharadi,18.93617,76.722231,1.99,3.2
1682,College,Park_1682,Pune,Hinjewadi,13.295841,79.219381,3.55,3.8
1683,Restaurant,Hospital_1683,Bengaluru,Whitefield,14.290511,79.478488,4.09,3.4
1684,Restaurant,Bus Stop_1684,Chennai,Velachery,15.459834,76.688478,5.99,3.3
1685,Hospital,Metro_1685,Chennai,Velachery,15.537066,76.135221,8.44,4.5
1686,Mall,School_1686,Bengaluru,Indiranagar,18.886321,74.608793,7.32,3.4
1687,Restaurant,Park_1687,Bengaluru,Whitefield,13.31969,76.182508,7.15,3.7
1688,Park,Park_1688,Bengaluru,HSR Layout,12.583582,72.591614,5.92,3.8
1689,Restaurant,Mall_1689,Mumbai,Thane,16.885117,78.46256,4.96,4.1
1690,Park,Bus Stop_1690,Mumbai,Bandra,18.506483,74.71031,3.2,3.8
1691,Bus Stop,College_1691,Pune,Kharadi,15.520227,77.953384,6.4,4.9
1692,Airport,Hospital_1692,Pune,Kharadi,17.269309,78.109732,2.53,4.7
1693,Bus Stop,Hospital_1693,Pune,Kharadi,18.656524,77.16462,8.14,4.0
1694,Metro,School_1694,Pune,Wakad,18.910245,73.280616,5.66,3.4
1695,Park,Bus Stop_1695,Mumbai,Powai,12.179617,78.193467,0.56,3.5
1696,Hospital,Park_1696,Pune,Kharadi,18.436337,73.691896,5.34,4.2
1697,Metro,Hospital_1697,Hyderabad,Banjara Hills,17.618573,74.789602,0.23,3.5
1698,Mall,Metro_1698,Chennai,Anna Nagar,16.684495,77.592319,3.87,3.7
1699,College,College_1699,Chennai,Anna Nagar,18.718119,76.627541,3.09,3.3
1700,Bus Stop,Bus Stop_1700,Bengaluru,HSR Layout,14.400595,75.020571,2.9,4.6
1701,Hospital,Metro_1701,Hyderabad,Madhapur,18.269271,77.605078,8.21,4.1
1702,College,Airport_1702,Mumbai,Powai,17.113973,74.323042,0.3,4.9
1703,Park,College_1703,Pune,Kharadi,13.583578,77.758396,3.98,3.2
1704,Mall,College_1704,Hyderabad,Jubilee Hills,16.656045,76.968758,2.54,4.1
1705,Metro,Hospital_1705,Chennai,OMR,16.589876,78.075405,9.09,4.7
1706,College,Bus Stop_1706,Chennai,Anna Nagar,13.678253,74.94277,5.31,3.5
1707,Park,College_1707,Bengaluru,Whitefield,16.664539,75.538855,8.5,3.1
1708,Restaurant,Mall_1708,Bengaluru,HSR Layout,13.516583,76.462553,8.44,3.5
1709,Metro,Hospital_1709,Chennai,Anna Nagar,14.650372,72.476896,5.28,4.7
1710,Park,Bus Stop_1710,Pune,Kharadi,15.935162,73.405239,3.38,3.2
1711,College,College_1711,Bengaluru,Indiranagar,13.262311,73.546536,1.99,3.4
1712,Airport,Mall_1712,Bengaluru,Whitefield,18.515283,72.072961,8.76,4.3
1713,School,Park_1713,Hyderabad,Banjara Hills,15.275796,75.824706,1.6,4.6
1714,Bus Stop,College_1714,Pune,Wakad,13.506738,79.969613,1.12,4.8
1715,Airport,Hospital_1715,Pune,Baner,16.628883,79.142579,0.99,4.5
1716,Bus Stop,College_1716,Mumbai,Bandra,13.659193,73.863401,3.94,4.0
1717,Park,Bus Stop_1717,Pune,Wakad,12.168842,77.776123,6.34,4.8
1718,Airport,Mall_1718,Chennai,Velachery,12.722501,72.499245,3.16,4.9
1719,Park,College_1719,Chennai,Adyar,16.740547,75.298534,7.6,3.9
1720,School,Hospital_1720,Hyderabad,Madhapur,15.941244,74.553578,8.33,3.7
1721,Park,Restaurant_1721,Hyderabad,Kondapur,13.685132,76.650677,9.43,4.1
1722,Airport,Metro_1722,Pune,Kharadi,18.696414,78.195766,9.87,3.2
1723,College,Metro_1723,Pune,Kharadi,18.809121,79.278227,0.59,3.7
1724,Hospital,Restaurant_1724,Chennai,Velachery,17.598141,77.163049,8.59,3.8
1725,Hospital,Hospital_1725,Pune,Baner,16.600801,77.880778,0.52,4.2
1726,Park,Metro_1726,Hyderabad,Madhapur,13.764599,78.341176,2.86,4.8
1727,Metro,Hospital_1727,Mumbai,Bandra,12.948328,75.520546,7.31,3.5
1728,Bus Stop,School_1728,Hyderabad,Jubilee Hills,12.881041,75.195377,8.97,4.4
1729,College,Bus Stop_1729,Bengaluru,Whitefield,16.388062,77.57563,3.76,4.4
1730,Restaurant,Bus Stop_1730,Bengaluru,HSR Layout,16.280074,78.85697,6.75,3.6
1731,Bus Stop,School_1731,Mumbai,Bandra,12.709009,72.975274,4.63,4.1
1732,Hospital,Airport_1732,Chennai,Adyar,13.16321,72.468412,0.75,4.8
1733,Park,School_1733,Chennai,Velachery,18.125993,73.282165,6.79,4.2
1734,School,Bus Stop_1734,Mumbai,Andheri,13.596902,77.425174,2.91,3.3
1735,College,Park_1735,Chennai,OMR,18.315667,77.63478,2.34,3.1
1736,Bus Stop,College_1736,Mumbai,Powai,15.199572,74.376506,4.03,4.5
1737,Hospital,School_1737,Bengaluru,Indiranagar,14.446754,76.50159,1.43,4.1
1738,Restaurant,Airport_1738,Mumbai,Thane,18.855261,77.443208,7.91,4.5
1739,Metro,Park_1739,Mumbai,Powai,14.895798,78.437072,0.58,4.5
1740,Airport,College_1740,Mumbai,Andheri,12.281736,73.400348,5.05,3.2
1741,School,Airport_1741,Mumbai,Bandra,13.912519,79.213303,8.95,3.8
1742,Bus Stop,Bus Stop_1742,Mumbai,Andheri,15.958031,76.359516,5.71,4.2
1743,School,School_1743,Bengaluru,Electronic City,15.405777,72.606334,7.79,4.5
1744,Bus Stop,College_1744,Pune,Baner,12.641064,75.524495,7.53,4.2
1745,College,Park_1745,Bengaluru,Whitefield,15.809924,79.925278,5.62,3.4
1746,Hospital,Restaurant_1746,Pune,Hinjewadi,16.049772,79.799334,9.95,3.1
1747,Airport,Park_1747,Pune,Hinjewadi,14.210761,73.807583,3.34,4.8
1748,School,Mall_1748,Hyderabad,Madhapur,15.705996,76.81716,6.99,4.5
1749,Park,Metro_1749,Bengaluru,Electronic City,18.136971,74.249198,7.99,4.2
1750,School,Mall_1750,Bengaluru,Electronic City,14.612049,74.693225,4.46,4.1
1751,College,Metro_1751,Chennai,OMR,16.799828,72.586813,7.6,4.7
1752,Hospital,Hospital_1752,Hyderabad,Kondapur,15.595204,78.349262,8.58,4.5
1753,Park,Mall_1753,Bengaluru,Indiranagar,17.369866,75.904942,5.96,3.7
1754,School,Mall_1754,Hyderabad,Madhapur,15.979921,74.56239,7.23,3.1
1755,School,Mall_1755,Pune,Hinjewadi,12.00658,75.717653,7.3,4.9
1756,Bus Stop,Restaurant_1756,Bengaluru,Whitefield,16.00269,74.15664,3.08,3.9
1757,Park,School_1757,Chennai,Velachery,12.993519,74.576002,7.39,3.3
1758,Airport,Park_1758,Pune,Wakad,13.326365,78.422782,5.56,3.7
1759,School,Hospital_1759,Mumbai,Bandra,15.345033,78.503692,9.88,4.2
1760,Airport,College_1760,Mumbai,Thane,17.930205,76.355066,3.19,3.2
1761,College,Park_1761,Bengaluru,Indiranagar,15.177391,75.978525,0.47,5.0
1762,Mall,Park_1762,Chennai,OMR,16.434304,77.826292,2.21,4.1
1763,Airport,Hospital_1763,Chennai,OMR,15.042043,75.196095,7.94,3.3
1764,Metro,Park_1764,Hyderabad,Gachibowli,13.269924,74.363318,3.94,3.8
1765,Mall,Airport_1765,Chennai,Anna Nagar,18.148864,76.405639,9.99,3.3
1766,School,College_1766,Mumbai,Bandra,13.270326,78.002885,1.6,3.1
1767,School,College_1767,Pune,Hinjewadi,18.51871,79.885252,2.4,4.5
1768,Restaurant,Metro_1768,Bengaluru,Electronic City,18.268977,77.25635,4.51,4.6
1769,Mall,Mall_1769,Bengaluru,Whitefield,18.333779,75.395628,8.95,4.7
1770,Bus Stop,Bus Stop_1770,Bengaluru,Electronic City,16.542271,76.551886,5.7,4.2
1771,Metro,School_1771,Hyderabad,Madhapur,13.329916,77.211966,7.29,3.6
1772,Metro,College_1772,Hyderabad,Jubilee Hills,15.908999,78.040484,2.61,3.8
1773,Bus Stop,Bus Stop_1773,Hyderabad,Banjara Hills,15.77777,79.511057,4.47,3.1
1774,College,Airport_1774,Chennai,Adyar,15.389991,79.038736,2.98,4.0
1775,Restaurant,College_1775,Bengaluru,Electronic City,14.762347,79.808359,0.65,4.6
1776,Airport,School_1776,Chennai,Anna Nagar,13.541209,72.830046,3.58,3.3
1777,Restaurant,Airport_1777,Hyderabad,Jubilee Hills,12.889684,78.756388,9.15,3.3
1778,School,Bus Stop_1778,Mumbai,Andheri,15.154389,73.055638,9.04,3.2
1779,Park,College_1779,Mumbai,Thane,13.070004,78.26392,4.15,3.9
1780,Restaurant,Bus Stop_1780,Chennai,OMR,12.901283,75.711105,3.42,4.1
1781,Airport,Hospital_1781,Mumbai,Andheri,12.081779,76.35656,4.18,3.7
1782,Bus Stop,Restaurant_1782,Mumbai,Andheri,14.002717,72.748022,8.76,4.0
1783,Restaurant,Park_1783,Pune,Kharadi,14.024136,76.783957,1.18,3.4
1784,Mall,Metro_1784,Mumbai,Andheri,12.163991,78.242279,9.09,5.0
1785,Park,Hospital_1785,Hyderabad,Kukatpally,13.077951,79.771793,1.84,4.5
1786,Mall,Mall_1786,Pune,Baner,12.133095,76.534134,3.86,3.7
1787,Bus Stop,Restaurant_1787,Chennai,Anna Nagar,18.252856,75.563098,4.55,4.3
1788,Metro,Metro_1788,Mumbai,Bandra,15.210689,75.761922,6.58,3.5
1789,Hospital,Airport_1789,Pune,Kharadi,18.55478,73.113787,6.52,3.8
1790,Park,Airport_1790,Bengaluru,Electronic City,15.558804,78.570134,1.22,3.7
1791,Mall,School_1791,Chennai,Velachery,18.261994,76.684274,0.54,3.0
1792,Hospital,Mall_1792,Hyderabad,Banjara Hills,16.911785,75.938327,5.04,3.1
1793,Mall,Hospital_1793,Pune,Baner,13.364399,74.678142,3.87,4.3
1794,Park,Restaurant_1794,Chennai,Adyar,13.692263,79.185499,3.78,4.2
1795,School,College_1795,Bengaluru,Electronic City,18.225198,73.802611,0.57,3.0
1796,Park,Bus Stop_1796,Hyderabad,Madhapur,12.421229,78.585234,3.34,4.1
1797,College,Hospital_1797,Pune,Kharadi,13.916848,72.143748,0.75,4.5
1798,Park,College_1798,Pune,Wakad,16.596464,74.806292,3.8,4.0
1799,School,Metro_1799,Pune,Baner,16.187191,75.127807,3.15,4.6
1800,Metro,Bus Stop_1800,Mumbai,Bandra,17.908659,74.680776,0.85,4.3
1801,School,College_1801,Mumbai,Andheri,18.900036,79.073,5.09,4.1
1802,Airport,Metro_1802,Mumbai,Andheri,16.767057,73.61296,8.67,4.1
1803,Metro,Metro_1803,Pune,Kharadi,12.38814,75.298733,4.0,4.5
1804,Park,Airport_1804,Bengaluru,Electronic City,18.436831,79.575127,6.14,4.3
1805,Metro,Metro_1805,Bengaluru,Whitefield,12.030976,74.618699,3.84,5.0
1806,Park,Hospital_1806,Chennai,OMR,16.109724,77.599925,8.5,3.0
1807,School,School_1807,Chennai,Adyar,13.067773,75.617082,6.15,4.2
1808,Park,Mall_1808,Hyderabad,Kondapur,13.896377,73.005278,0.97,4.7
1809,Park,School_1809,Mumbai,Andheri,18.642349,79.929348,1.88,3.1
1810,Hospital,Restaurant_1810,Hyderabad,Banjara Hills,13.204805,79.579803,3.06,3.4
1811,College,Restaurant_1811,Hyderabad,Kukatpally,15.980407,72.091277,6.59,3.0
1812,Metro,Hospital_1812,Chennai,OMR,15.743556,76.37853,9.46,4.9
1813,School,Hospital_1813,Mumbai,Bandra,18.32086,79.421222,4.02,4.4
1814,Hospital,Restaurant_1814,Chennai,OMR,17.002241,79.64157,1.64,3.9
1815,Metro,Airport_1815,Pune,Baner,12.524915,75.801528,1.06,3.1
1816,Restaurant,Metro_1816,Chennai,Velachery,12.202307,78.192227,5.96,4.9
1817,Park,Bus Stop_1817,Pune,Hinjewadi,16.817091,78.496869,9.15,4.7
1818,Hospital,Bus Stop_1818,Chennai,Anna Nagar,12.179926,72.027065,7.21,3.4
1819,Restaurant,Park_1819,Mumbai,Thane,12.509364,74.152298,6.07,4.3
1820,Restaurant,College_1820,Mumbai,Bandra,14.196295,72.487414,2.25,4.2
1821,Hospital,Metro_1821,Pune,Hinjewadi,17.86678,76.49423,6.68,4.4
1822,Hospital,Bus Stop_1822,Mumbai,Andheri,15.380567,77.524122,7.23,4.4
1823,Park,College_1823,Chennai,Adyar,18.269969,76.040043,3.75,3.9
1824,School,Metro_1824,Chennai,OMR,13.358821,75.300785,9.62,4.5
1825,Mall,Park_1825,Bengaluru,HSR Layout,12.997682,78.667506,1.5,3.8
1826,Hospital,Mall_1826,Mumbai,Thane,16.495207,77.36635,2.07,3.9
1827,Bus Stop,Hospital_1827,Bengaluru,Indiranagar,12.737269,76.284754,8.48,3.4
1828,Metro,Restaurant_1828,Hyderabad,Jubilee Hills,14.669334,75.094002,3.77,3.2
1829,Airport,Mall_1829,Pune,Kharadi,12.535087,76.700234,8.93,3.9
1830,Hospital,Bus Stop_1830,Mumbai,Powai,17.060147,77.737169,5.69,4.1
1831,Restaurant,Mall_1831,Bengaluru,HSR Layout,16.500066,79.54263,2.13,4.3
1832,Hospital,Restaurant_1832,Bengaluru,Indiranagar,16.90537,75.973789,2.78,3.0
1833,School,Bus Stop_1833,Mumbai,Thane,14.06035,76.007332,3.8,3.8
1834,Airport,Mall_1834,Mumbai,Bandra,14.554837,77.14406,9.95,4.2
1835,Metro,School_1835,Mumbai,Bandra,15.050787,75.848562,5.79,3.5
1836,Park,Airport_1836,Mumbai,Powai,13.673607,79.736383,0.82,3.6
1837,Restaurant,Hospital_1837,Bengaluru,Indiranagar,18.924923,73.524976,0.56,3.1
1838,Airport,Bus Stop_1838,Hyderabad,Miyapur,13.678979,75.542212,5.13,4.6
1839,College,Restaurant_1839,Mumbai,Thane,15.569455,73.084293,2.53,3.7
1840,Airport,Bus Stop_1840,Mumbai,Thane,14.025384,77.769522,7.17,3.8
1841,Airport,School_1841,Bengaluru,Indiranagar,14.422839,78.917092,1.12,4.1
1842,School,Metro_1842,Pune,Wakad,13.532241,79.937651,9.68,3.6
1843,Restaurant,Hospital_1843,Mumbai,Bandra,15.751937,72.59075,9.43,4.0
1844,College,Restaurant_1844,Bengaluru,HSR Layout,16.234433,75.020467,1.66,3.6
1845,Bus Stop,Bus Stop_1845,Pune,Baner,14.249604,73.28185,6.89,4.1
1846,Bus Stop,Hospital_1846,Mumbai,Powai,18.910806,74.122542,0.63,4.2
1847,School,School_1847,Mumbai,Bandra,18.461514,78.869652,5.13,3.6
1848,Metro,Park_1848,Mumbai,Thane,13.564529,76.947378,2.81,4.9
1849,Restaurant,Park_1849,Pune,Wakad,18.687734,79.29909,6.87,4.2
1850,Park,Restaurant_1850,Bengaluru,HSR Layout,17.282267,79.774452,1.12,4.7
1851,Bus Stop,Park_1851,Chennai,Anna Nagar,14.032745,74.620822,2.14,3.7
1852,College,Park_1852,Chennai,Velachery,16.104781,75.961006,1.07,4.6
1853,College,Hospital_1853,Pune,Wakad,14.10333,74.80188,6.67,3.4
1854,Airport,School_1854,Pune,Hinjewadi,14.122488,73.20577,4.57,3.9
1855,Metro,Metro_1855,Mumbai,Bandra,12.093382,73.43394,4.54,4.6
1856,Park,Metro_1856,Mumbai,Thane,13.939159,78.830228,0.8,3.2
1857,Park,Hospital_1857,Chennai,Velachery,12.602849,76.37226,3.64,4.7
1858,College,School_1858,Pune,Wakad,13.836887,77.127504,5.91,3.5
1859,Restaurant,College_1859,Chennai,Adyar,18.279832,75.666797,8.29,3.9
1860,Bus Stop,Airport_1860,Mumbai,Thane,13.018274,76.882185,6.16,4.2
1861,Hospital,College_1861,Hyderabad,Jubilee Hills,18.079856,77.087898,7.09,3.4
1862,Mall,School_1862,Mumbai,Powai,17.84683,73.695855,2.09,4.2
1863,College,Mall_1863,Mumbai,Powai,12.775627,74.746266,3.49,3.9
1864,Mall,Bus Stop_1864,Chennai,Velachery,13.239659,77.899086,7.91,4.5
1865,Mall,Airport_1865,Hyderabad,Madhapur,16.346026,75.624112,6.16,3.8
1866,Hospital,Park_1866,Chennai,Velachery,17.583126,73.804327,8.95,3.8
1867,Metro,Metro_1867,Pune,Wakad,13.902244,78.987222,8.31,3.8
1868,Mall,Restaurant_1868,Bengaluru,Whitefield,15.891968,74.221246,1.34,3.0
1869,College,Park_1869,Pune,Baner,13.75565,77.475948,8.92,4.8
1870,College,Park_1870,Mumbai,Thane,12.114991,74.422358,8.67,3.5
1871,College,Airport_1871,Hyderabad,Miyapur,13.400955,73.561146,2.21,3.3
1872,Hospital,Park_1872,Hyderabad,Jubilee Hills,16.449886,73.756561,9.41,4.8
1873,Restaurant,Airport_1873,Pune,Hinjewadi,12.778432,73.017766,4.3,3.9
1874,Metro,Airport_1874,Chennai,OMR,12.69407,74.592179,5.0,4.9
1875,School,Bus Stop_1875,Mumbai,Thane,13.814188,73.750289,6.35,3.7
1876,Airport,Metro_1876,Mumbai,Bandra,17.089969,73.46087,4.35,4.5
1877,Metro,Mall_1877,Mumbai,Powai,13.111041,75.247808,8.61,3.2
1878,School,Metro_1878,Mumbai,Powai,16.350361,75.803429,6.0,4.3
1879,Bus Stop,Hospital_1879,Pune,Baner,14.318458,77.908987,3.19,4.0
1880,Metro,School_1880,Pune,Hinjewadi,16.223649,77.132166,6.53,4.6
1881,Metro,Mall_1881,Pune,Kharadi,14.857835,76.87021,1.11,4.9
1882,Bus Stop,Bus Stop_1882,Pune,Wakad,14.060649,77.128236,3.07,4.9
1883,Bus Stop,Restaurant_1883,Pune,Hinjewadi,16.445596,74.633566,8.06,3.3
1884,Hospital,Mall_1884,Mumbai,Powai,13.325668,72.964083,7.28,3.3
1885,College,Park_1885,Bengaluru,HSR Layout,12.393273,72.7351,8.87,4.7
1886,Airport,Bus Stop_1886,Mumbai,Thane,12.584558,75.620902,3.94,3.8
1887,College,Airport_1887,Hyderabad,Kukatpally,17.847742,78.274785,5.18,4.8
1888,Airport,Park_1888,Mumbai,Powai,17.207228,79.716135,9.05,3.0
1889,Hospital,Airport_1889,Hyderabad,Banjara Hills,14.586714,78.930907,1.41,3.7
1890,Airport,Metro_1890,Hyderabad,Kukatpally,16.408277,78.805294,9.2,4.9
1891,Bus Stop,Restaurant_1891,Chennai,OMR,14.460848,75.750249,1.79,3.2
1892,Mall,Park_1892,Pune,Wakad,17.526746,72.194894,9.12,4.6
1893,Restaurant,Airport_1893,Bengaluru,Electronic City,16.452388,74.291376,5.58,4.2
1894,Metro,Bus Stop_1894,Hyderabad,Jubilee Hills,18.10793,73.111704,6.75,4.0
1895,Hospital,Airport_1895,Chennai,Velachery,16.44086,73.724879,4.15,3.1
1896,Mall,Restaurant_1896,Bengaluru,Whitefield,17.402923,72.543446,2.07,4.2
1897,Restaurant,School_1897,Pune,Wakad,15.785102,77.79703,9.26,4.6
1898,Bus Stop,Park_1898,Chennai,OMR,12.668781,78.31039,3.72,4.1
1899,Bus Stop,School_1899,Pune,Kharadi,13.288771,78.609334,4.74,3.6
1900,Restaurant,Restaurant_1900,Bengaluru,HSR Layout,16.975541,72.211589,1.84,3.2
1901,Hospital,Park_1901,Chennai,Anna Nagar,15.559556,73.670631,1.73,5.0
1902,Bus Stop,School_1902,Hyderabad,Kukatpally,13.345945,79.290035,9.85,3.6
1903,Hospital,Mall_1903,Pune,Baner,17.881219,79.614721,9.8,4.6
1904,Restaurant,Metro_1904,Mumbai,Andheri,16.468824,78.270591,6.6,4.7
1905,College,Restaurant_1905,Bengaluru,Indiranagar,17.523365,78.556176,1.72,4.3
1906,Hospital,Restaurant_1906,Mumbai,Andheri,16.105652,74.208392,2.64,4.1
1907,College,Metro_1907,Hyderabad,Madhapur,12.189947,77.632345,6.23,3.8
1908,Metro,Airport_1908,Chennai,OMR,18.052177,78.485613,9.13,4.9
1909,Mall,Restaurant_1909,Chennai,OMR,13.658749,73.375077,2.08,4.0
1910,Hospital,College_1910,Chennai,OMR,16.068612,72.768998,6.64,4.0
1911,School,Bus Stop_1911,Pune,Wakad,16.169873,74.482925,7.4,4.8
1912,Mall,Hospital_1912,Hyderabad,Jubilee Hills,13.678043,74.57388,9.33,3.9
1913,College,Mall_1913,Pune,Wakad,12.335018,76.80451,7.3,3.8
1914,Restaurant,School_1914,Bengaluru,Electronic City,12.435487,77.132338,0.35,4.8
1915,School,Airport_1915,Hyderabad,Kondapur,14.123537,74.888746,0.86,4.5
1916,College,Hospital_1916,Hyderabad,Gachibowli,15.807597,73.671409,0.45,4.6
1917,Restaurant,Restaurant_1917,Hyderabad,Miyapur,13.475107,74.35126,1.28,4.3
1918,Bus Stop,Airport_1918,Bengaluru,Electronic City,16.444961,75.342596,7.07,3.7
1919,Bus Stop,Bus Stop_1919,Mumbai,Thane,17.896825,73.658764,7.99,3.2
1920,Hospital,School_1920,Chennai,Adyar,13.993116,74.780316,2.64,3.1
1921,Airport,Bus Stop_1921,Pune,Wakad,16.687518,77.297228,9.51,3.8
1922,Metro,School_1922,Chennai,Velachery,12.528137,79.625672,0.54,3.3
1923,Mall,School_1923,Hyderabad,Jubilee Hills,13.665673,77.06634,4.16,3.2
1924,College,Restaurant_1924,Bengaluru,Indiranagar,18.27753,74.042912,8.8,3.7
1925,School,Restaurant_1925,Hyderabad,Gachibowli,17.648489,75.777232,8.66,4.1
1926,Airport,Mall_1926,Pune,Hinjewadi,12.958931,78.257406,1.28,4.9
1927,Hospital,School_1927,Bengaluru,Indiranagar,16.567762,72.11507,1.69,4.2
1928,College,College_1928,Mumbai,Thane,13.450825,72.279386,4.65,4.1
1929,Mall,Restaurant_1929,Chennai,Velachery,12.270502,78.462904,4.35,3.4
1930,Hospital,Mall_1930,Hyderabad,Kukatpally,14.43009,75.661263,9.09,4.0
1931,Hospital,Metro_1931,Bengaluru,Whitefield,16.243759,78.173071,9.96,3.3
1932,Bus Stop,Hospital_1932,Hyderabad,Kukatpally,12.15227,75.007172,9.6,4.1
1933,Mall,Mall_1933,Pune,Hinjewadi,12.486036,73.745331,1.75,4.4
1934,Restaurant,Bus Stop_1934,Bengaluru,Electronic City,14.126822,77.493956,4.75,4.7
1935,Bus Stop,Restaurant_1935,Pune,Baner,17.389567,77.279389,5.26,4.7
1936,Park,College_1936,Chennai,Adyar,14.408216,76.452819,3.73,4.6
1937,Park,Bus Stop_1937,Bengaluru,HSR Layout,15.489973,79.45196,0.5,4.5
1938,Restaurant,Airport_1938,Mumbai,Thane,13.402941,74.408172,3.69,3.0
1939,Mall,Mall_1939,Hyderabad,Gachibowli,18.394544,78.394482,4.1,3.3
1940,Hospital,Hospital_1940,Pune,Baner,13.08882,79.658937,5.89,4.2
1941,Mall,Airport_1941,Pune,Kharadi,17.874882,77.022502,8.93,3.9
1942,College,School_1942,Chennai,Anna Nagar,17.62689,79.088483,8.38,4.5
1943,Mall,School_1943,Pune,Baner,13.099111,79.571498,5.06,4.1
1944,Bus Stop,Restaurant_1944,Bengaluru,Indiranagar,12.72328,79.424214,1.43,5.0
1945,Airport,Park_1945,Bengaluru,Indiranagar,16.94537,73.448203,6.81,5.0
1946,Metro,Restaurant_1946,Chennai,Adyar,15.107032,78.292993,7.93,3.7
1947,Mall,Restaurant_1947,Hyderabad,Banjara Hills,18.752834,77.300766,7.28,3.7
1948,Metro,Airport_1948,Chennai,Anna Nagar,15.867593,72.278963,6.39,4.6
1949,College,Restaurant_1949,Hyderabad,Gachibowli,16.676896,73.704171,4.45,3.9
1950,Metro,College_1950,Chennai,OMR,16.334194,76.849238,3.06,3.9
1951,Metro,Restaurant_1951,Pune,Baner,14.137471,78.165164,0.41,3.1
1952,Mall,Airport_1952,Chennai,OMR,18.132119,73.762488,7.98,3.8
1953,Restaurant,Bus Stop_1953,Bengaluru,HSR Layout,18.412717,73.625794,1.77,4.0
1954,Airport,Metro_1954,Pune,Baner,15.83843,79.252713,6.48,4.2
1955,Metro,Airport_1955,Mumbai,Bandra,16.639638,74.375523,2.19,3.6
1956,Mall,Mall_1956,Pune,Baner,14.734943,75.471434,5.84,3.9
1957,Airport,Airport_1957,Mumbai,Bandra,16.407641,78.347213,4.36,4.9
1958,Mall,Hospital_1958,Chennai,Anna Nagar,17.697104,78.852693,9.07,4.3
1959,College,College_1959,Chennai,Anna Nagar,16.25736,78.269806,8.35,4.9
1960,Restaurant,Hospital_1960,Pune,Baner,14.511658,79.612871,1.02,3.7
1961,Park,Park_1961,Mumbai,Andheri,17.734787,79.366264,1.46,3.6
1962,Metro,Hospital_1962,Hyderabad,Gachibowli,15.149412,72.681502,6.96,4.6
1963,Park,Bus Stop_1963,Mumbai,Andheri,16.276665,73.667532,0.94,4.6
1964,College,College_1964,Bengaluru,HSR Layout,16.805778,73.041616,1.21,4.3
1965,Bus Stop,Hospital_1965,Bengaluru,Indiranagar,18.850975,77.17134,9.76,4.3
1966,College,Mall_1966,Pune,Hinjewadi,12.341721,77.190125,9.89,4.9
1967,Park,Metro_1967,Bengaluru,Electronic City,12.527302,77.708219,2.59,3.6
1968,Park,Metro_1968,Pune,Baner,12.021913,74.520782,8.68,4.3
1969,School,School_1969,Mumbai,Andheri,13.945931,75.2779,2.91,4.8
1970,Restaurant,Park_1970,Chennai,OMR,18.805316,75.165683,0.64,3.1
1971,Restaurant,Park_1971,Bengaluru,Indiranagar,16.949787,74.613031,8.39,3.5
1972,Metro,School_1972,Bengaluru,Electronic City,13.579641,76.107751,0.31,4.9
1973,Restaurant,College_1973,Bengaluru,Whitefield,18.196495,79.169863,0.62,4.8
1974,Mall,Park_1974,Chennai,Velachery,17.521888,73.138376,3.07,4.2
1975,Airport,School_1975,Pune,Kharadi,12.623174,79.913943,6.82,4.4
1976,College,Hospital_1976,Hyderabad,Gachibowli,14.433399,73.65451,4.7,4.9
1977,Park,Bus Stop_1977,Bengaluru,HSR Layout,16.59657,79.776589,1.84,4.2
1978,Metro,Hospital_1978,Mumbai,Thane,13.588059,75.170017,9.32,4.7
1979,Hospital,College_1979,Bengaluru,HSR Layout,14.883838,75.513322,3.24,4.5
1980,Park,Metro_1980,Bengaluru,Indiranagar,18.531377,76.3133,5.34,3.7
1981,Restaurant,School_1981,Mumbai,Bandra,17.981168,79.666409,5.45,5.0
1982,Restaurant,Hospital_1982,Pune,Baner,18.082234,74.93082,3.65,4.6
1983,Airport,College_1983,Mumbai,Powai,15.296068,75.973009,3.45,4.0
1984,Restaurant,School_1984,Chennai,Adyar,12.817907,75.573538,6.25,4.8
1985,Hospital,School_1985,Hyderabad,Banjara Hills,15.782014,73.121571,1.36,3.9
1986,Restaurant,School_1986,Pune,Hinjewadi,13.801248,73.539225,6.0,3.5
1987,Mall,College_1987,Mumbai,Thane,17.39191,76.442507,4.57,3.9
1988,Mall,School_1988,Bengaluru,Whitefield,16.27014,77.100366,5.55,4.9
1989,Hospital,Metro_1989,Mumbai,Bandra,14.737847,77.951978,9.48,3.3
1990,College,Airport_1990,Mumbai,Powai,16.68799,74.328375,3.79,4.5
1991,Airport,School_1991,Bengaluru,HSR Layout,12.980237,79.024562,1.87,4.9
1992,Hospital,Mall_1992,Mumbai,Bandra,14.789016,75.73911,5.96,4.8
1993,Bus Stop,Hospital_1993,Pune,Hinjewadi,13.352628,75.094377,2.03,4.9
1994,Park,Airport_1994,Bengaluru,Indiranagar,14.187706,76.295302,4.1,4.9
1995,Airport,Hospital_1995,Mumbai,Bandra,13.649827,74.639376,2.85,3.9
1996,Bus Stop,Park_1996,Hyderabad,Kondapur,18.947864,77.964979,0.35,4.6
1997,Park,Airport_1997,Pune,Baner,15.359999,74.755796,5.34,4.7
1998,Restaurant,College_1998,Pune,Kharadi,16.455915,75.750819,5.3,5.0
1999,Hospital,Mall_1999,Mumbai,Powai,13.523033,79.616155,9.38,3.7
2000,Mall,Metro_2000,Bengaluru,Electronic City,18.614137,73.207636,4.25,3.8
2001,Restaurant,College_2001,Bengaluru,HSR Layout,16.989482,72.849358,8.58,3.5
2002,Park,Bus Stop_2002,Pune,Hinjewadi,14.855595,79.91061,5.69,3.4
2003,Hospital,Mall_2003,Chennai,Velachery,16.959654,72.822265,4.92,4.3
2004,Airport,Hospital_2004,Pune,Kharadi,14.098599,75.639999,0.44,4.7
2005,Park,Park_2005,Bengaluru,Electronic City,13.642074,74.309062,6.31,3.9
2006,Park,Restaurant_2006,Bengaluru,HSR Layout,13.899176,75.786363,2.15,4.8
2007,College,School_2007,Mumbai,Powai,12.684523,77.288791,4.64,3.9
2008,Bus Stop,Mall_2008,Hyderabad,Jubilee Hills,13.095556,78.206775,7.06,4.1
2009,College,College_2009,Pune,Baner,13.430196,72.216527,9.08,4.6
2010,Restaurant,Airport_2010,Mumbai,Powai,14.690911,75.937994,1.24,4.8
2011,Metro,Restaurant_2011,Bengaluru,Electronic City,17.684931,77.150658,7.67,4.3
2012,Restaurant,School_2012,Chennai,Velachery,12.198761,74.696163,8.32,4.3
2013,School,Bus Stop_2013,Pune,Wakad,13.354381,74.490132,5.16,4.2
2014,Hospital,Airport_2014,Hyderabad,Gachibowli,17.601678,73.749946,6.52,4.0
2015,Metro,Park_2015,Chennai,OMR,15.239699,76.052905,6.01,3.4
2016,Mall,Park_2016,Chennai,Velachery,16.581918,72.580429,1.94,3.0
2017,Hospital,Hospital_2017,Mumbai,Bandra,16.667977,73.872311,6.94,3.5
2018,Metro,Hospital_2018,Bengaluru,Whitefield,17.881162,76.693647,3.3,3.2
2019,Restaurant,College_2019,Hyderabad,Madhapur,18.514541,75.039672,3.66,4.9
2020,Restaurant,Airport_2020,Mumbai,Bandra,18.028215,79.19436,8.84,4.3
2021,Mall,Mall_2021,Chennai,Velachery,15.656256,72.223592,6.78,3.3
2022,Bus Stop,Airport_2022,Bengaluru,Electronic City,18.003439,74.247514,0.78,3.8
2023,Mall,School_2023,Hyderabad,Miyapur,18.564948,77.392714,2.15,4.3
2024,Bus Stop,College_2024,Bengaluru,Indiranagar,15.187178,73.131078,9.34,3.0
2025,Park,Mall_2025,Bengaluru,Whitefield,18.608628,72.683031,6.67,3.4
2026,Bus Stop,College_2026,Bengaluru,Whitefield,17.402817,76.431872,6.31,4.8
2027,College,College_2027,Bengaluru,HSR Layout,14.612101,79.527915,5.86,3.8
2028,Bus Stop,Mall_2028,Bengaluru,Electronic City,16.811055,79.804562,7.8,3.1
2029,Bus Stop,Hospital_2029,Hyderabad,Gachibowli,18.271652,77.070237,3.41,4.2
2030,Metro,Bus Stop_2030,Pune,Kharadi,13.005449,79.402245,1.06,4.8
2031,Metro,Park_2031,Hyderabad,Banjara Hills,13.613254,77.157073,3.51,4.5
2032,Restaurant,Metro_2032,Chennai,Anna Nagar,16.708783,79.238426,1.78,4.7
2033,Bus Stop,College_2033,Chennai,Adyar,16.406319,73.673915,9.58,4.6
2034,School,Mall_2034,Bengaluru,Electronic City,15.011496,72.331668,6.45,4.8
2035,Bus Stop,Hospital_2035,Pune,Wakad,12.882128,78.206411,7.92,4.3
2036,College,College_2036,Chennai,OMR,12.280566,72.815545,5.23,4.5
2037,Park,Restaurant_2037,Mumbai,Andheri,14.202441,75.684206,2.63,4.3
2038,Park,Park_2038,Mumbai,Andheri,13.402193,77.528805,2.34,3.2
2039,Restaurant,Hospital_2039,Hyderabad,Jubilee Hills,16.002556,74.847976,6.97,4.3
2040,Hospital,Park_2040,Hyderabad,Jubilee Hills,15.366154,77.421855,4.63,3.4
2041,Mall,Metro_2041,Mumbai,Andheri,13.108679,79.857709,9.49,5.0
2042,Restaurant,Park_2042,Hyderabad,Kondapur,13.597122,78.62965,9.24,3.5
2043,Hospital,Park_2043,Bengaluru,Whitefield,18.563577,75.568142,1.44,3.9
2044,Restaurant,Metro_2044,Pune,Kharadi,18.377889,75.202249,8.15,3.7
2045,Bus Stop,Metro_2045,Chennai,OMR,15.744966,72.798068,8.58,3.8
2046,Airport,Mall_2046,Chennai,OMR,18.260123,74.211727,4.38,4.7
2047,Park,Bus Stop_2047,Pune,Baner,13.888069,74.598701,5.71,4.2
2048,Restaurant,Metro_2048,Pune,Kharadi,18.001015,79.150237,8.62,3.0
2049,Airport,Hospital_2049,Hyderabad,Kukatpally,15.327504,73.634237,7.55,3.4
2050,College,Airport_2050,Chennai,OMR,16.946885,77.596258,5.62,4.2
2051,School,Airport_2051,Chennai,Adyar,12.45504,78.386737,1.22,3.2
2052,Park,School_2052,Bengaluru,Indiranagar,18.639233,72.439624,4.49,4.1
2053,Bus Stop,Bus Stop_2053,Bengaluru,Whitefield,12.837471,74.404568,7.05,4.8
2054,Park,Airport_2054,Pune,Baner,12.259207,76.770517,5.23,3.1
2055,Airport,College_2055,Bengaluru,Electronic City,16.394073,79.770406,4.72,3.7
2056,Restaurant,School_2056,Mumbai,Thane,17.437732,75.897614,2.92,4.5
2057,Hospital,Metro_2057,Chennai,OMR,12.953511,76.957333,9.28,4.3
2058,Park,School_2058,Bengaluru,Electronic City,16.170267,79.699128,7.66,4.4
2059,College,Restaurant_2059,Chennai,Anna Nagar,17.122027,72.552547,3.04,4.5
2060,Bus Stop,Mall_2060,Bengaluru,Whitefield,17.624687,79.270101,3.58,3.5
2061,Park,Bus Stop_2061,Hyderabad,Banjara Hills,18.755179,78.318673,7.05,4.6
2062,Bus Stop,Restaurant_2062,Mumbai,Andheri,18.188888,72.380167,1.35,3.4
2063,Mall,Metro_2063,Hyderabad,Jubilee Hills,14.190261,77.586437,4.61,3.2
2064,Airport,Hospital_2064,Chennai,Velachery,17.819623,73.275403,0.97,3.6
2065,Bus Stop,Metro_2065,Hyderabad,Kondapur,14.979999,74.914171,9.41,3.6
2066,Hospital,Hospital_2066,Pune,Wakad,12.518667,74.324448,6.72,4.3
2067,College,Restaurant_2067,Mumbai,Bandra,15.042594,73.065722,5.95,4.9
2068,School,Restaurant_2068,Hyderabad,Gachibowli,13.629723,78.696806,6.14,5.0
2069,Hospital,College_2069,Chennai,OMR,12.918826,79.514458,5.07,4.1
2070,Restaurant,Metro_2070,Mumbai,Thane,12.679407,78.142191,8.11,3.5
2071,Mall,College_2071,Pune,Wakad,18.112733,75.553954,9.84,4.9
2072,School,Restaurant_2072,Pune,Baner,13.724818,75.49488,7.43,4.8
2073,Bus Stop,Hospital_2073,Chennai,Velachery,13.513748,74.188096,9.68,3.4
2074,Restaurant,Airport_2074,Hyderabad,Kukatpally,18.802916,78.607304,1.86,4.6
2075,Park,Metro_2075,Chennai,Anna Nagar,18.726734,75.065075,5.03,3.9
2076,Hospital,Hospital_2076,Pune,Baner,16.834629,76.617528,5.18,4.4
2077,College,Metro_2077,Mumbai,Andheri,17.55761,73.827541,4.47,4.8
2078,Park,Metro_2078,Pune,Hinjewadi,14.704268,77.03539,2.33,4.6
2079,School,Bus Stop_2079,Chennai,Anna Nagar,15.815425,73.107815,6.25,3.7
2080,Mall,Metro_2080,Bengaluru,HSR Layout,13.621133,76.490283,8.23,3.2
2081,School,Mall_2081,Bengaluru,HSR Layout,12.793448,77.114758,2.55,3.3
2082,Park,College_2082,Pune,Kharadi,18.927404,73.382104,8.6,3.4
2083,Hospital,College_2083,Chennai,Anna Nagar,13.590281,77.292478,5.64,3.7
2084,College,Metro_2084,Pune,Wakad,16.971315,77.292654,4.87,4.4
2085,College,Mall_2085,Mumbai,Powai,15.194239,79.68431,4.79,3.2
2086,College,Airport_2086,Bengaluru,Electronic City,14.80049,76.455482,8.39,3.0
2087,College,Bus Stop_2087,Bengaluru,Electronic City,18.571698,73.592684,6.65,4.5
2088,Metro,Mall_2088,Mumbai,Thane,15.747296,79.275666,5.86,3.8
2089,Mall,Metro_2089,Hyderabad,Madhapur,16.299045,78.793848,8.25,4.7
2090,Bus Stop,Hospital_2090,Chennai,Velachery,17.91803,78.096549,0.4,3.7
2091,Hospital,College_2091,Hyderabad,Banjara Hills,17.940657,73.635075,4.07,4.0
2092,School,Hospital_2092,Chennai,Velachery,16.075767,75.275834,5.27,3.3
2093,Airport,Park_2093,Chennai,OMR,12.100308,79.893874,4.24,4.8
2094,Hospital,Restaurant_2094,Pune,Hinjewadi,16.4381,75.359378,6.59,4.4
2095,Hospital,School_2095,Mumbai,Bandra,15.612835,78.378546,0.95,3.5
2096,Hospital,Metro_2096,Bengaluru,Whitefield,17.637641,78.104556,1.95,4.5
2097,Hospital,Mall_2097,Pune,Baner,17.357804,79.924368,8.75,3.9
2098,College,College_2098,Hyderabad,Kukatpally,16.244898,76.594227,3.77,4.1
2099,Hospital,Metro_2099,Pune,Kharadi,17.572772,78.652904,5.63,4.5
2100,Hospital,Mall_2100,Mumbai,Powai,12.688222,78.259089,8.36,4.5
2101,Restaurant,Mall_2101,Bengaluru,Indiranagar,15.545925,79.336878,8.23,3.5
2102,Airport,College_2102,Mumbai,Bandra,13.104788,79.339738,3.2,3.6
2103,Mall,Restaurant_2103,Mumbai,Andheri,13.616246,76.624891,7.74,3.2
2104,Park,School_2104,Chennai,Anna Nagar,14.526025,73.405022,1.04,4.4
2105,School,Hospital_2105,Bengaluru,Electronic City,12.593233,72.723703,1.67,4.6
2106,Mall,Mall_2106,Pune,Kharadi,15.406964,76.386533,8.31,5.0
2107,Bus Stop,Bus Stop_2107,Mumbai,Bandra,16.199361,72.204464,7.71,4.4
2108,Hospital,Airport_2108,Hyderabad,Kondapur,16.383044,75.512501,8.73,4.7
2109,School,College_2109,Pune,Hinjewadi,17.398112,79.937507,2.68,3.5
2110,Park,College_2110,Pune,Kharadi,12.977243,72.456894,7.32,3.1
2111,Park,College_2111,Chennai,OMR,18.558575,72.4026,4.77,3.6
2112,Park,Mall_2112,Hyderabad,Banjara Hills,15.100438,73.011215,2.73,3.0
2113,Metro,Restaurant_2113,Chennai,Velachery,13.490517,77.787537,7.49,4.5
2114,College,Mall_2114,Hyderabad,Kondapur,12.062937,75.854198,4.26,4.7
2115,Metro,Hospital_2115,Bengaluru,Electronic City,18.86025,76.87467,4.86,4.9
2116,Hospital,Hospital_2116,Pune,Baner,12.986935,77.094412,5.66,3.4
2117,College,College_2117,Chennai,OMR,13.867624,78.83229,3.74,3.1
2118,Metro,Hospital_2118,Mumbai,Andheri,13.056258,72.049791,2.84,3.4
2119,Metro,Park_2119,Chennai,Velachery,14.530724,74.379898,1.29,3.8
2120,School,Mall_2120,Pune,Wakad,18.704265,73.522283,3.81,4.2
2121,Mall,Park_2121,Hyderabad,Banjara Hills,12.00696,72.994067,4.33,4.0
2122,Bus Stop,Mall_2122,Mumbai,Thane,13.638792,76.759954,2.08,3.6
2123,Hospital,Restaurant_2123,Mumbai,Andheri,17.933697,76.091207,0.85,4.3
2124,College,Restaurant_2124,Hyderabad,Jubilee Hills,15.84208,72.069905,2.69,3.4
2125,Hospital,Metro_2125,Mumbai,Andheri,16.216899,76.368132,0.66,4.3
2126,Airport,Mall_2126,Mumbai,Bandra,13.856796,79.485192,4.69,4.8
2127,Bus Stop,Hospital_2127,Hyderabad,Gachibowli,13.280075,72.481373,1.53,3.2
2128,Metro,Hospital_2128,Mumbai,Andheri,14.880894,75.877839,4.59,4.2
2129,Bus Stop,Park_2129,Chennai,Velachery,15.517511,77.522596,7.2,3.9
2130,Bus Stop,Park_2130,Bengaluru,Electronic City,16.870594,75.545916,0.91,4.2
2131,School,Airport_2131,Hyderabad,Jubilee Hills,14.949798,76.130268,5.69,3.3
2132,Bus Stop,College_2132,Chennai,Adyar,16.538961,77.534317,5.54,4.9
2133,Bus Stop,Bus Stop_2133,Mumbai,Bandra,13.959653,74.054707,8.1,3.5
2134,Hospital,Mall_2134,Mumbai,Bandra,17.270806,77.373687,8.5,4.2
2135,Mall,Mall_2135,Hyderabad,Banjara Hills,18.477234,72.086632,3.83,3.5
2136,School,Hospital_2136,Bengaluru,Electronic City,16.375829,76.725286,1.26,3.6
2137,Metro,Metro_2137,Hyderabad,Madhapur,12.33297,73.580645,6.49,4.1
2138,Mall,Metro_2138,Hyderabad,Kondapur,14.829941,77.517544,1.98,4.6
2139,Restaurant,Airport_2139,Pune,Wakad,12.345888,73.118775,3.15,4.1
2140,Hospital,Mall_2140,Hyderabad,Gachibowli,14.504507,75.259468,2.06,4.2
2141,School,Airport_2141,Pune,Wakad,15.765544,75.30347,1.34,4.1
2142,School,Airport_2142,Chennai,OMR,13.055139,75.864129,3.56,4.6
2143,Hospital,Hospital_2143,Chennai,Adyar,12.61442,75.352473,3.09,4.0
2144,School,Bus Stop_2144,Chennai,Velachery,18.71539,78.573705,7.73,4.1
2145,Airport,Park_2145,Bengaluru,Whitefield,17.339156,76.476366,9.09,4.0
2146,Bus Stop,Bus Stop_2146,Pune,Hinjewadi,13.044362,75.245107,2.92,3.4
2147,Hospital,Metro_2147,Chennai,Adyar,15.927177,75.325597,9.06,4.7
2148,Hospital,Restaurant_2148,Bengaluru,Indiranagar,15.116557,77.773294,9.86,3.5
2149,School,Hospital_2149,Chennai,Velachery,13.314497,72.508731,9.92,4.6
2150,Airport,School_2150,Mumbai,Thane,15.863148,79.945828,2.48,3.9
2151,Airport,Metro_2151,Hyderabad,Kondapur,12.838292,76.784362,7.26,3.9
2152,College,Airport_2152,Hyderabad,Banjara Hills,18.977149,75.023892,0.82,4.6
2153,School,Bus Stop_2153,Pune,Hinjewadi,13.923471,76.200188,8.64,3.2
2154,Bus Stop,Mall_2154,Mumbai,Bandra,16.182045,78.966398,4.81,4.4
2155,Mall,School_2155,Bengaluru,Indiranagar,15.027398,72.780246,6.37,3.3
2156,Bus Stop,Hospital_2156,Chennai,OMR,17.097436,74.788617,2.3,3.7
2157,Metro,Airport_2157,Bengaluru,Whitefield,15.209552,76.971689,2.22,4.8
2158,Metro,Hospital_2158,Hyderabad,Kondapur,14.232483,77.369607,0.69,3.5
2159,Mall,Bus Stop_2159,Bengaluru,Whitefield,15.578785,72.712332,8.25,4.5
2160,Metro,College_2160,Bengaluru,Indiranagar,15.441617,78.891087,0.32,4.3
2161,Metro,Bus Stop_2161,Pune,Baner,15.75157,74.23524,3.13,4.5
2162,Restaurant,Mall_2162,Bengaluru,HSR Layout,17.016195,74.853457,3.33,4.3
2163,Hospital,Mall_2163,Hyderabad,Kondapur,17.488884,75.061644,7.54,3.8
2164,School,Park_2164,Chennai,Velachery,13.327516,73.166323,9.87,3.7
2165,School,Hospital_2165,Hyderabad,Kukatpally,16.796826,75.987827,5.5,4.9
2166,Metro,School_2166,Bengaluru,HSR Layout,14.692858,75.683459,3.92,4.5
2167,Metro,Bus Stop_2167,Mumbai,Bandra,18.695956,78.289607,4.82,3.8
2168,College,Metro_2168,Bengaluru,HSR Layout,16.319956,76.885151,1.82,4.5
2169,Mall,Mall_2169,Mumbai,Powai,14.383372,74.641455,2.57,4.6
2170,Restaurant,Park_2170,Bengaluru,Electronic City,13.668693,79.007161,6.08,4.5
2171,Hospital,Airport_2171,Bengaluru,HSR Layout,18.383879,72.448481,7.7,4.6
2172,Mall,Mall_2172,Mumbai,Andheri,18.730639,76.394344,3.98,4.7
2173,Metro,Restaurant_2173,Mumbai,Bandra,12.205084,76.987454,9.26,3.1
2174,Airport,College_2174,Chennai,Velachery,18.921351,77.129035,5.08,4.6
2175,Park,College_2175,Pune,Hinjewadi,13.348422,73.162599,4.5,4.6
2176,Airport,Bus Stop_2176,Pune,Baner,14.697976,77.056161,9.59,3.9
2177,Metro,Mall_2177,Hyderabad,Gachibowli,13.811558,72.58572,2.12,4.5
2178,Bus Stop,Park_2178,Mumbai,Andheri,16.031354,75.085471,8.92,4.4
2179,Bus Stop,Hospital_2179,Chennai,Anna Nagar,12.512621,76.875374,1.39,3.2
2180,Metro,Airport_2180,Pune,Baner,17.663664,78.189108,5.49,3.8
2181,College,Airport_2181,Chennai,OMR,15.696129,77.990923,5.48,3.4
2182,Bus Stop,Park_2182,Bengaluru,Electronic City,18.230713,73.863772,8.75,4.4
2183,Bus Stop,College_2183,Mumbai,Powai,13.724459,74.490953,4.32,4.3
2184,Restaurant,College_2184,Pune,Wakad,18.844397,74.160014,0.67,3.4
2185,School,College_2185,Bengaluru,HSR Layout,14.456282,73.208656,8.87,3.8
2186,College,Hospital_2186,Pune,Hinjewadi,12.203734,72.221374,7.53,4.4
2187,Mall,Bus Stop_2187,Chennai,Adyar,13.790967,73.953229,5.98,4.3
2188,Airport,Hospital_2188,Pune,Baner,15.905724,74.271642,2.89,4.5
2189,Restaurant,Mall_2189,Mumbai,Powai,15.877924,73.245237,3.27,3.4
2190,Hospital,Mall_2190,Mumbai,Bandra,18.761616,77.083059,9.76,4.4
2191,Metro,College_2191,Chennai,Adyar,13.710371,79.85615,5.77,4.9
2192,Mall,Airport_2192,Pune,Wakad,15.684225,74.486487,1.68,3.3
2193,Bus Stop,Mall_2193,Hyderabad,Banjara Hills,13.835146,78.979889,1.1,3.8
2194,Airport,School_2194,Bengaluru,Indiranagar,17.156811,79.422707,8.88,4.7
2195,Restaurant,Restaurant_2195,Hyderabad,Miyapur,12.968743,76.7726,9.14,4.7
2196,Park,Restaurant_2196,Chennai,Velachery,12.792691,73.736675,7.91,3.1
2197,Restaurant,Mall_2197,Pune,Hinjewadi,12.100434,77.047326,8.07,4.7
2198,Metro,Metro_2198,Mumbai,Powai,15.498296,72.765651,5.56,4.4
2199,Restaurant,Bus Stop_2199,Hyderabad,Jubilee Hills,12.370259,77.615641,8.16,4.7
2200,Hospital,Park_2200,Pune,Kharadi,15.201996,72.869698,3.17,4.2
2201,Mall,Airport_2201,Mumbai,Thane,14.482969,76.483562,2.67,3.8
2202,Bus Stop,Park_2202,Hyderabad,Gachibowli,15.272574,77.64457,4.1,4.5
2203,School,School_2203,Hyderabad,Jubilee Hills,17.835841,72.4608,8.22,3.4
2204,Hospital,Park_2204,Bengaluru,Indiranagar,14.941265,77.142983,3.81,4.8
2205,Hospital,Hospital_2205,Bengaluru,Electronic City,15.597812,78.463513,6.69,3.7
2206,Metro,Bus Stop_2206,Bengaluru,Whitefield,18.09101,77.943847,9.37,3.6
2207,Park,Mall_2207,Mumbai,Andheri,16.549813,75.22795,3.89,3.9
2208,Restaurant,Metro_2208,Chennai,Velachery,16.955299,74.576012,9.49,4.7
2209,Bus Stop,School_2209,Hyderabad,Jubilee Hills,13.86952,75.42495,4.59,5.0
2210,Metro,Metro_2210,Mumbai,Bandra,18.525761,74.89196,6.09,3.0
2211,School,College_2211,Chennai,Velachery,18.996343,73.329289,8.84,4.6
2212,College,Hospital_2212,Bengaluru,Indiranagar,13.301603,76.247196,7.8,4.2
2213,Mall,Bus Stop_2213,Mumbai,Andheri,13.394782,76.000189,5.33,3.4
2214,Mall,Airport_2214,Chennai,Adyar,12.177388,73.317856,6.41,3.3
2215,Mall,Restaurant_2215,Mumbai,Powai,16.917304,73.932428,6.7,4.6
2216,Airport,Metro_2216,Bengaluru,Electronic City,12.984104,75.283915,3.36,3.5
2217,College,Park_2217,Pune,Kharadi,18.74125,72.680246,0.38,4.0
2218,Hospital,Mall_2218,Chennai,OMR,18.52406,79.675572,6.08,4.2
2219,Restaurant,Restaurant_2219,Bengaluru,Indiranagar,17.219982,79.190907,0.88,4.0
2220,Park,Metro_2220,Chennai,Anna Nagar,17.294372,75.43539,9.19,4.8
2221,Restaurant,Mall_2221,Bengaluru,Electronic City,15.724329,78.557148,3.46,4.6
2222,Park,Park_2222,Pune,Kharadi,16.697507,76.554888,9.75,4.7
2223,School,Mall_2223,Chennai,Anna Nagar,15.033268,74.917592,7.61,4.9
2224,School,Airport_2224,Mumbai,Thane,15.000693,79.879256,8.76,3.7
2225,Airport,Hospital_2225,Bengaluru,HSR Layout,12.531064,73.214974,2.93,3.1
2226,Metro,Park_2226,Bengaluru,Electronic City,12.855617,79.832365,1.95,4.3
2227,Mall,Airport_2227,Pune,Wakad,17.686791,74.05712,0.93,3.5
2228,Hospital,Restaurant_2228,Pune,Hinjewadi,13.046878,79.985651,3.08,4.9
2229,College,Park_2229,Pune,Kharadi,17.900571,77.180898,3.9,4.9
2230,Hospital,Hospital_2230,Pune,Wakad,13.070911,74.406286,7.24,4.3
2231,School,Hospital_2231,Bengaluru,Electronic City,14.091431,74.47844,3.47,3.9
2232,Metro,Park_2232,Mumbai,Bandra,14.850355,78.922965,0.14,3.5
2233,Park,Airport_2233,Bengaluru,Indiranagar,18.387208,74.11169,8.44,4.8
2234,Airport,Airport_2234,Hyderabad,Kukatpally,18.958588,73.55484,4.68,4.8
2235,Bus Stop,Restaurant_2235,Mumbai,Thane,12.422523,78.425491,4.92,3.6
2236,Mall,Park_2236,Hyderabad,Madhapur,13.48475,77.872855,9.19,4.0
2237,Mall,School_2237,Hyderabad,Kukatpally,14.511207,75.073202,1.54,3.1
2238,Mall,Hospital_2238,Bengaluru,HSR Layout,12.757396,73.003822,7.44,4.6
2239,Airport,Mall_2239,Mumbai,Andheri,15.469456,79.349141,9.67,3.9
2240,Metro,School_2240,Chennai,Anna Nagar,17.051331,76.255035,2.42,4.0
2241,Park,Bus Stop_2241,Hyderabad,Kukatpally,12.437025,78.081184,2.31,4.2
2242,Hospital,Airport_2242,Bengaluru,HSR Layout,16.661353,75.12261,5.58,4.6
2243,Hospital,Airport_2243,Chennai,OMR,12.895249,75.349138,9.14,4.9
2244,Bus Stop,School_2244,Hyderabad,Kukatpally,15.648393,74.282534,6.24,3.3
2245,Mall,Bus Stop_2245,Bengaluru,Electronic City,13.208715,77.657789,0.4,4.3
2246,Bus Stop,Hospital_2246,Mumbai,Andheri,18.948,79.724041,7.73,4.4
2247,Hospital,Mall_2247,Pune,Wakad,15.082267,73.784805,8.14,3.4
2248,Hospital,Park_2248,Hyderabad,Jubilee Hills,12.270953,74.136049,7.7,3.9
2249,School,Bus Stop_2249,Hyderabad,Jubilee Hills,13.110044,77.770526,4.42,3.8
2250,Airport,Airport_2250,Bengaluru,Electronic City,14.59961,76.663638,0.18,3.5
2251,Mall,College_2251,Pune,Hinjewadi,18.080013,77.625193,2.17,4.3
2252,Restaurant,College_2252,Hyderabad,Kukatpally,15.145017,72.172872,3.06,4.7
2253,College,Metro_2253,Bengaluru,HSR Layout,15.093923,75.433872,7.23,4.9
2254,Restaurant,Airport_2254,Bengaluru,Electronic City,16.233843,76.148315,5.58,4.9
2255,Airport,Hospital_2255,Chennai,OMR,12.172278,74.51447,7.67,3.1
2256,Airport,Mall_2256,Pune,Baner,17.737264,77.009326,4.06,3.5
2257,Mall,School_2257,Bengaluru,Whitefield,14.792167,78.248736,9.88,4.6
2258,Bus Stop,Airport_2258,Chennai,Velachery,12.035462,72.011401,6.87,4.3
2259,College,School_2259,Pune,Hinjewadi,12.607216,79.450149,6.59,4.8
2260,Park,College_2260,Bengaluru,Whitefield,12.375632,76.637498,2.52,3.1
2261,Restaurant,Airport_2261,Mumbai,Bandra,17.372198,78.645086,9.74,4.6
2262,Bus Stop,Metro_2262,Pune,Kharadi,15.603246,72.420126,7.81,4.1
2263,Mall,Airport_2263,Mumbai,Bandra,12.827227,77.659765,6.14,4.4
2264,Restaurant,School_2264,Bengaluru,Electronic City,13.498399,73.804832,5.06,4.3
2265,Airport,Park_2265,Mumbai,Andheri,13.093842,75.815273,0.41,3.3
2266,Airport,Restaurant_2266,Pune,Hinjewadi,17.400958,76.318399,7.79,5.0
2267,Mall,Airport_2267,Bengaluru,Whitefield,12.301733,74.720614,2.38,4.1
2268,Bus Stop,Mall_2268,Bengaluru,Electronic City,12.235035,72.100882,5.24,4.3
2269,Park,Mall_2269,Pune,Kharadi,13.958862,75.325394,1.61,3.3
2270,Airport,Hospital_2270,Pune,Baner,16.264971,75.243219,3.6,4.3
2271,Restaurant,Airport_2271,Bengaluru,HSR Layout,15.062337,76.34483,3.15,4.6
2272,Metro,Metro_2272,Mumbai,Powai,18.646633,78.883995,6.11,4.8
2273,Mall,Park_2273,Bengaluru,HSR Layout,15.960784,77.469613,7.04,4.5
2274,Mall,College_2274,Bengaluru,Electronic City,15.727363,74.405165,7.42,4.1
2275,College,Mall_2275,Hyderabad,Miyapur,17.356224,74.964761,6.91,4.1
2276,College,Park_2276,Bengaluru,Indiranagar,13.110941,75.34556,7.66,4.6
2277,Airport,Park_2277,Mumbai,Powai,14.44572,78.046324,9.9,4.1
2278,Mall,Airport_2278,Bengaluru,HSR Layout,18.779187,72.550623,1.74,4.8
2279,Bus Stop,Restaurant_2279,Chennai,OMR,14.196031,76.568619,9.95,3.7
2280,School,Restaurant_2280,Chennai,Adyar,13.054211,75.48503,3.19,3.3
2281,Bus Stop,Metro_2281,Mumbai,Powai,15.327695,72.322884,9.35,4.2
2282,Airport,Hospital_2282,Pune,Baner,15.2143,79.885257,1.66,3.6
2283,Bus Stop,Metro_2283,Mumbai,Thane,17.43284,75.953153,0.94,4.6
2284,Metro,College_2284,Bengaluru,Electronic City,17.062271,72.208656,1.81,4.8
2285,Park,School_2285,Mumbai,Thane,16.741524,74.963633,9.49,5.0
2286,Airport,Park_2286,Pune,Hinjewadi,14.742083,79.831617,3.67,5.0
2287,Airport,Airport_2287,Chennai,Anna Nagar,13.905534,77.982845,3.66,4.4
2288,Metro,College_2288,Mumbai,Thane,16.545338,74.066288,1.82,3.0
2289,Park,College_2289,Bengaluru,Indiranagar,15.77092,78.504049,4.84,4.4
2290,Bus Stop,School_2290,Chennai,Anna Nagar,12.469645,79.692925,3.98,3.8
2291,Airport,Airport_2291,Hyderabad,Jubilee Hills,12.472376,74.624173,6.1,3.1
2292,Metro,Park_2292,Chennai,Adyar,13.611684,74.766607,4.0,4.8
2293,Airport,Hospital_2293,Chennai,Anna Nagar,13.51244,73.250801,1.43,3.4
2294,Mall,Restaurant_2294,Hyderabad,Kukatpally,14.352805,72.077922,0.12,3.4
2295,Airport,Airport_2295,Chennai,Adyar,17.568879,75.308289,8.55,5.0
2296,Restaurant,Airport_2296,Hyderabad,Kukatpally,16.850945,78.217398,5.01,4.1
2297,Park,Airport_2297,Chennai,Adyar,18.650895,75.637315,4.17,4.1
2298,School,Bus Stop_2298,Chennai,OMR,15.91614,77.133232,6.15,4.6
2299,Park,Mall_2299,Pune,Kharadi,14.770653,73.250328,6.61,3.7
2300,Metro,Bus Stop_2300,Chennai,OMR,17.00604,72.927433,8.61,3.1
2301,School,School_2301,Hyderabad,Jubilee Hills,18.700627,75.687148,1.97,3.2
2302,School,Mall_2302,Mumbai,Powai,12.20427,76.275791,8.53,3.2
2303,College,Mall_2303,Bengaluru,Indiranagar,16.586926,76.996134,0.14,3.9
2304,School,Park_2304,Pune,Baner,14.254138,77.757505,4.21,4.9
2305,Hospital,School_2305,Pune,Hinjewadi,17.242994,76.126822,9.09,4.5
2306,Metro,Mall_2306,Hyderabad,Miyapur,12.0902,72.895469,6.69,4.7
2307,Park,Restaurant_2307,Mumbai,Thane,17.141931,75.335795,8.27,4.4
2308,Hospital,Mall_2308,Chennai,Anna Nagar,15.949742,72.165682,0.93,4.7
2309,College,Mall_2309,Hyderabad,Miyapur,13.870335,74.776813,8.64,3.1
2310,School,Hospital_2310,Mumbai,Bandra,13.114413,75.416729,5.76,4.9
2311,Restaurant,Park_2311,Mumbai,Powai,13.339702,75.47757,4.3,3.5
2312,Airport,Restaurant_2312,Mumbai,Bandra,18.402334,75.631754,1.14,4.9
2313,College,Restaurant_2313,Mumbai,Andheri,15.803887,78.732725,2.4,3.7
2314,Metro,College_2314,Bengaluru,Electronic City,14.986724,77.249152,8.25,3.2
2315,Hospital,Park_2315,Chennai,Anna Nagar,12.25394,79.017399,4.06,3.3
2316,Park,Restaurant_2316,Pune,Kharadi,12.570051,79.816596,7.73,3.2
2317,Restaurant,Airport_2317,Chennai,Velachery,12.904053,77.636239,0.67,4.6
2318,Bus Stop,College_2318,Pune,Hinjewadi,14.513886,79.730063,7.37,4.4
2319,Bus Stop,School_2319,Pune,Hinjewadi,18.049004,76.598002,0.9,3.4
2320,Hospital,Mall_2320,Pune,Wakad,15.853409,75.791905,6.83,4.1
2321,Hospital,Hospital_2321,Chennai,Anna Nagar,12.485494,79.822449,4.76,3.4
2322,Bus Stop,Metro_2322,Bengaluru,Indiranagar,12.49423,74.936349,7.87,3.8
2323,Bus Stop,Hospital_2323,Hyderabad,Kondapur,17.12889,79.868068,9.39,4.7
2324,Park,Restaurant_2324,Chennai,OMR,18.343181,74.285612,7.67,3.6
2325,Airport,Restaurant_2325,Hyderabad,Kukatpally,14.113337,72.770027,1.93,4.8
2326,Mall,Airport_2326,Mumbai,Bandra,15.648954,79.543572,5.52,3.2
2327,Park,Hospital_2327,Chennai,Anna Nagar,14.351482,76.480922,6.11,3.8
2328,Bus Stop,Restaurant_2328,Bengaluru,Indiranagar,16.295259,79.18497,2.36,3.2
2329,Mall,School_2329,Pune,Hinjewadi,18.415839,77.177944,5.42,4.0
2330,Mall,Mall_2330,Mumbai,Andheri,13.652502,77.415608,0.73,4.5
2331,Hospital,Bus Stop_2331,Bengaluru,Indiranagar,12.501586,75.503302,2.34,4.2
2332,School,Bus Stop_2332,Bengaluru,Indiranagar,15.339324,77.056509,6.84,3.0
2333,Metro,Airport_2333,Chennai,Adyar,14.028621,72.628381,6.53,4.4
2334,Hospital,Hospital_2334,Bengaluru,Electronic City,16.859965,73.966251,5.03,3.3
2335,School,Park_2335,Mumbai,Andheri,18.477698,76.417867,0.35,4.9
2336,Park,Metro_2336,Pune,Baner,18.896066,77.223175,6.84,4.4
2337,School,Mall_2337,Pune,Kharadi,17.185685,72.337825,6.33,3.1
2338,College,Metro_2338,Chennai,OMR,12.772413,79.470301,1.52,3.4
2339,Restaurant,Park_2339,Bengaluru,Indiranagar,14.440698,76.8978,8.77,3.3
2340,Mall,Restaurant_2340,Pune,Kharadi,18.715959,75.813571,9.12,4.0
2341,College,Park_2341,Mumbai,Powai,16.563757,74.79456,3.19,3.6
2342,School,Hospital_2342,Pune,Baner,16.34174,78.028909,1.68,4.1
2343,Park,College_2343,Pune,Kharadi,14.087774,74.935485,3.78,3.9
2344,Airport,College_2344,Pune,Kharadi,18.431554,79.78819,6.49,3.3
2345,Bus Stop,Restaurant_2345,Pune,Baner,15.502296,73.976793,6.8,3.1
2346,Hospital,Hospital_2346,Chennai,OMR,17.857481,75.702659,6.19,4.1
2347,Bus Stop,Hospital_2347,Bengaluru,Indiranagar,15.429165,72.872906,8.67,3.6
2348,Metro,School_2348,Pune,Hinjewadi,14.000252,75.424727,3.06,5.0
2349,Metro,Bus Stop_2349,Pune,Wakad,14.910236,78.828849,3.74,3.6
2350,Park,Park_2350,Hyderabad,Miyapur,13.930915,73.301884,4.23,3.9
2351,School,Airport_2351,Mumbai,Powai,14.487889,76.59753,1.68,4.1
2352,Metro,Restaurant_2352,Bengaluru,HSR Layout,16.407672,72.501575,7.01,3.8
2353,Metro,Mall_2353,Hyderabad,Banjara Hills,15.854251,77.817271,6.0,4.3
2354,Bus Stop,Park_2354,Pune,Baner,17.920183,76.208893,2.39,3.5
2355,Park,Airport_2355,Pune,Hinjewadi,14.738276,78.798808,0.85,5.0
2356,College,School_2356,Pune,Hinjewadi,15.449898,79.716934,7.44,4.0
2357,Mall,Bus Stop_2357,Pune,Baner,12.948955,75.526252,6.77,3.1
2358,Airport,Mall_2358,Pune,Kharadi,13.485401,74.636649,3.34,3.5
2359,College,Hospital_2359,Chennai,Adyar,15.032764,77.413206,1.03,4.7
2360,College,Airport_2360,Chennai,Velachery,16.115656,78.844812,3.79,3.8
2361,Airport,Hospital_2361,Hyderabad,Kondapur,14.920829,73.78411,8.26,4.3
2362,College,Restaurant_2362,Mumbai,Thane,12.425506,78.310696,4.97,3.2
2363,Bus Stop,Bus Stop_2363,Hyderabad,Miyapur,16.675096,72.396825,3.99,3.4
2364,Bus Stop,Mall_2364,Mumbai,Powai,12.948894,79.986173,5.02,4.0
2365,College,Hospital_2365,Chennai,OMR,13.934722,79.370276,4.07,4.1
2366,Airport,Park_2366,Pune,Baner,14.502835,72.160067,9.82,4.4
2367,Restaurant,Airport_2367,Pune,Hinjewadi,15.887786,77.41926,9.56,4.5
2368,Bus Stop,School_2368,Hyderabad,Kukatpally,16.020224,77.3833,6.06,3.5
2369,Metro,Bus Stop_2369,Bengaluru,Indiranagar,14.413758,79.447337,0.61,4.5
2370,Mall,Park_2370,Chennai,OMR,16.18374,74.114435,0.8,4.1
2371,Park,Airport_2371,Bengaluru,HSR Layout,15.331766,78.361817,5.0,3.7
2372,Metro,Park_2372,Mumbai,Thane,17.170103,78.985389,7.95,3.1
2373,Mall,School_2373,Pune,Baner,16.482141,77.026809,3.32,3.5
2374,College,Mall_2374,Hyderabad,Kukatpally,16.655252,79.718617,0.26,3.3
2375,Mall,Bus Stop_2375,Bengaluru,HSR Layout,18.767007,73.449395,7.85,4.7
2376,Restaurant,Bus Stop_2376,Chennai,Adyar,12.499072,76.376945,7.6,3.6
2377,Metro,Metro_2377,Mumbai,Powai,18.050624,77.968896,6.36,3.1
2378,College,Metro_2378,Mumbai,Andheri,18.726809,79.281316,2.64,4.7
2379,Mall,College_2379,Mumbai,Thane,13.808685,75.53107,1.95,4.0
2380,Park,Restaurant_2380,Hyderabad,Banjara Hills,15.331004,76.749304,5.45,3.9
2381,School,Mall_2381,Mumbai,Andheri,12.931712,77.665785,2.93,3.9
2382,Metro,College_2382,Chennai,Anna Nagar,18.171493,72.750052,0.63,4.9
2383,Metro,Bus Stop_2383,Hyderabad,Jubilee Hills,12.223774,74.021754,3.06,3.3
2384,Metro,Mall_2384,Bengaluru,Whitefield,15.788574,75.574454,1.87,4.4
2385,Mall,Restaurant_2385,Chennai,Anna Nagar,16.145768,77.303808,2.05,4.5
2386,College,School_2386,Hyderabad,Jubilee Hills,15.247747,77.789486,7.61,4.6
2387,School,College_2387,Mumbai,Andheri,12.991876,72.459797,3.32,3.9
2388,College,Restaurant_2388,Hyderabad,Kukatpally,14.388542,78.654511,1.2,4.9
2389,Bus Stop,Metro_2389,Mumbai,Andheri,17.488197,72.735227,6.92,4.6
2390,College,Airport_2390,Mumbai,Powai,17.921367,73.656032,5.08,3.0
2391,College,Mall_2391,Bengaluru,HSR Layout,16.242068,73.346523,6.24,3.7
2392,Park,Bus Stop_2392,Chennai,Velachery,12.741637,79.056583,2.18,3.7
2393,Restaurant,Restaurant_2393,Mumbai,Bandra,14.378497,78.35265,3.84,3.5
2394,Park,Restaurant_2394,Chennai,OMR,12.554174,77.412296,8.12,3.3
2395,Metro,Airport_2395,Hyderabad,Gachibowli,13.312386,79.88409,5.23,3.2
2396,College,Park_2396,Chennai,Velachery,14.547405,78.832156,6.63,4.0
2397,Hospital,Park_2397,Hyderabad,Banjara Hills,18.429323,73.829711,7.37,3.8
2398,School,Airport_2398,Chennai,OMR,13.743832,76.663715,5.71,3.1
2399,School,School_2399,Bengaluru,Whitefield,17.518219,77.746439,1.0,3.2
2400,College,Park_2400,Hyderabad,Kukatpally,13.996625,76.953003,3.81,3.9
2401,Restaurant,Bus Stop_2401,Mumbai,Bandra,17.194803,76.325499,3.92,4.0
2402,Park,School_2402,Hyderabad,Jubilee Hills,15.841054,72.952952,1.58,3.4
2403,School,Park_2403,Hyderabad,Madhapur,16.614702,78.070258,5.41,4.7
2404,Bus Stop,Hospital_2404,Mumbai,Andheri,13.698629,79.202121,1.14,4.2
2405,Restaurant,Bus Stop_2405,Chennai,Velachery,15.36562,76.660393,2.11,3.2
2406,Metro,School_2406,Bengaluru,Whitefield,13.052956,79.714554,4.62,3.8
2407,College,Airport_2407,Chennai,Adyar,14.00847,74.107021,8.63,3.8
2408,Metro,Airport_2408,Chennai,Velachery,13.461908,76.045835,3.3,3.7
2409,College,Airport_2409,Mumbai,Andheri,16.535629,77.406204,6.31,4.7
2410,Mall,School_2410,Mumbai,Andheri,13.595863,74.542023,3.57,3.2
2411,School,Mall_2411,Mumbai,Thane,18.862264,76.821514,7.87,4.4
2412,Mall,Metro_2412,Pune,Hinjewadi,18.946644,79.735476,7.26,3.6
2413,College,Park_2413,Pune,Kharadi,17.491775,79.971412,5.53,4.5
2414,College,College_2414,Chennai,Velachery,14.848335,78.108037,5.83,3.3
2415,Restaurant,Park_2415,Chennai,Adyar,18.202265,74.35892,4.25,4.8
2416,Metro,Hospital_2416,Chennai,Velachery,17.356213,74.020506,3.81,4.4
2417,College,College_2417,Mumbai,Andheri,12.297545,79.182532,3.92,3.1
2418,Restaurant,School_2418,Bengaluru,HSR Layout,13.896021,76.204774,1.17,4.6
2419,Park,Hospital_2419,Mumbai,Powai,17.231467,77.715077,7.96,3.4
2420,Bus Stop,Park_2420,Hyderabad,Miyapur,13.635855,72.637404,3.69,3.4
2421,College,Airport_2421,Hyderabad,Madhapur,14.693954,77.462213,0.22,4.1
2422,College,Mall_2422,Pune,Hinjewadi,16.355825,77.696046,8.8,4.4
2423,Park,School_2423,Pune,Kharadi,17.841539,75.665542,6.6,3.5
2424,Restaurant,College_2424,Hyderabad,Gachibowli,16.936894,73.361514,2.33,3.8
2425,School,School_2425,Bengaluru,Indiranagar,18.9338,76.507016,3.05,3.4
2426,Mall,Mall_2426,Hyderabad,Kondapur,12.116413,79.123611,2.28,4.1
2427,Metro,Hospital_2427,Chennai,Velachery,15.174713,72.874989,2.97,4.2
2428,Bus Stop,College_2428,Mumbai,Thane,12.087088,79.239637,2.71,4.9
2429,Airport,Metro_2429,Hyderabad,Gachibowli,16.788818,75.422761,9.71,5.0
2430,College,Metro_2430,Bengaluru,Indiranagar,15.738048,76.900674,2.47,3.0
2431,Metro,Bus Stop_2431,Chennai,OMR,18.150419,77.811729,9.87,3.4
2432,Park,Restaurant_2432,Mumbai,Bandra,17.350389,75.658454,3.13,4.6
2433,Bus Stop,Park_2433,Mumbai,Andheri,16.689478,75.053197,5.08,4.4
2434,Bus Stop,Hospital_2434,Chennai,Anna Nagar,13.559904,76.602048,3.35,4.1
2435,Bus Stop,Park_2435,Chennai,Adyar,15.632391,79.741312,4.75,3.8
2436,Metro,Park_2436,Mumbai,Thane,13.81064,78.358688,4.4,4.4
2437,Restaurant,Mall_2437,Hyderabad,Miyapur,16.666023,76.136321,9.13,3.4
2438,College,Restaurant_2438,Mumbai,Thane,16.983756,76.123681,4.33,4.0
2439,Hospital,Park_2439,Bengaluru,HSR Layout,14.3778,75.099043,4.94,3.3
2440,Airport,Hospital_2440,Chennai,Anna Nagar,12.726216,77.801916,9.78,3.0
2441,Bus Stop,Airport_2441,Chennai,Velachery,12.969907,72.014836,3.23,4.3
2442,Bus Stop,Airport_2442,Chennai,Anna Nagar,18.536252,79.001001,3.75,3.5
2443,Hospital,School_2443,Mumbai,Thane,18.51684,75.442686,3.21,3.2
2444,Bus Stop,College_2444,Chennai,Anna Nagar,15.501732,72.555793,2.16,4.7
2445,Metro,Mall_2445,Pune,Wakad,12.032125,72.245321,3.73,3.6
2446,Airport,Park_2446,Mumbai,Powai,14.615413,79.417161,6.47,4.5
2447,Airport,Airport_2447,Bengaluru,Indiranagar,17.400983,77.291457,4.89,4.3
2448,Airport,Restaurant_2448,Bengaluru,Whitefield,13.043371,75.388294,0.55,3.9
2449,Hospital,Airport_2449,Mumbai,Andheri,13.078913,73.953627,2.3,4.6
2450,Mall,Bus Stop_2450,Bengaluru,HSR Layout,15.146798,76.00519,8.63,4.7
2451,Airport,Airport_2451,Mumbai,Powai,13.762904,78.910721,9.3,3.6
2452,College,Mall_2452,Mumbai,Bandra,18.050232,79.889969,0.75,4.2
2453,Hospital,Hospital_2453,Hyderabad,Jubilee Hills,14.68519,75.484835,2.35,4.4
2454,Metro,Bus Stop_2454,Chennai,Adyar,13.660162,74.388189,9.87,3.4
2455,Mall,Hospital_2455,Chennai,Velachery,16.202516,77.635073,7.33,4.7
2456,Metro,Bus Stop_2456,Chennai,OMR,12.407066,78.865552,6.9,3.3
2457,Airport,School_2457,Mumbai,Andheri,13.063976,77.670843,3.6,3.5
2458,School,Metro_2458,Pune,Kharadi,16.816551,77.693348,1.24,3.7
2459,Hospital,Park_2459,Bengaluru,Indiranagar,15.213247,77.233874,7.1,3.4
2460,School,Hospital_2460,Bengaluru,Indiranagar,16.080086,76.591832,2.25,4.7
2461,Bus Stop,College_2461,Bengaluru,Indiranagar,17.751071,74.047449,0.55,3.1
2462,School,Mall_2462,Pune,Kharadi,13.286944,78.511854,2.32,3.2
2463,Metro,School_2463,Mumbai,Bandra,15.416667,76.396936,9.74,4.6
2464,School,Mall_2464,Pune,Wakad,14.813087,78.565904,5.76,4.7
2465,School,Park_2465,Bengaluru,HSR Layout,16.716083,76.791035,4.0,4.9
2466,Bus Stop,School_2466,Pune,Hinjewadi,13.139503,74.135147,5.56,5.0
2467,Hospital,Restaurant_2467,Hyderabad,Miyapur,16.511601,76.614743,8.54,3.6
2468,Hospital,School_2468,Mumbai,Andheri,17.189236,72.705995,9.21,3.9
2469,Park,Park_2469,Hyderabad,Jubilee Hills,14.774047,75.71302,2.66,4.8
2470,School,Hospital_2470,Chennai,Adyar,16.347457,74.559826,6.04,3.3
2471,Metro,Metro_2471,Chennai,Velachery,13.152105,72.269661,3.21,3.0
2472,School,Airport_2472,Bengaluru,HSR Layout,14.47768,79.169563,6.1,3.4
2473,Hospital,Airport_2473,Pune,Wakad,18.5547,77.842986,8.07,3.2
2474,Park,Hospital_2474,Hyderabad,Gachibowli,18.243849,76.539656,6.28,3.9
2475,Metro,Bus Stop_2475,Mumbai,Andheri,18.151213,78.364859,5.84,3.5
2476,Bus Stop,Bus Stop_2476,Chennai,Anna Nagar,18.233601,76.380471,3.23,4.5
2477,Restaurant,School_2477,Bengaluru,Indiranagar,12.574086,73.357323,4.2,3.3
2478,Park,Metro_2478,Pune,Wakad,18.397627,78.629634,0.58,3.0
2479,Restaurant,Airport_2479,Pune,Wakad,12.716859,74.61233,9.33,4.0
2480,Mall,College_2480,Pune,Kharadi,13.95811,79.974219,4.01,3.9
2481,Hospital,Mall_2481,Pune,Hinjewadi,16.993351,72.279767,6.64,3.7
2482,Hospital,Metro_2482,Chennai,Velachery,17.387646,79.496512,7.88,3.7
2483,Restaurant,College_2483,Pune,Wakad,12.128542,79.099144,8.99,4.1
2484,Hospital,Park_2484,Pune,Baner,14.477827,74.228367,4.99,4.6
2485,Airport,Bus Stop_2485,Pune,Baner,17.440421,77.498674,3.87,4.7
2486,School,Restaurant_2486,Hyderabad,Madhapur,16.990516,78.275476,6.13,3.8
2487,Bus Stop,Restaurant_2487,Mumbai,Bandra,16.453312,77.099649,5.95,3.7
2488,Metro,School_2488,Hyderabad,Miyapur,12.839336,72.521341,8.12,4.3
2489,Metro,Bus Stop_2489,Bengaluru,Indiranagar,14.274413,74.425464,0.55,4.1
2490,Park,Park_2490,Chennai,Velachery,14.998884,79.335205,4.3,4.1
2491,Park,College_2491,Chennai,Anna Nagar,17.663152,75.544048,2.21,4.1
2492,College,Hospital_2492,Bengaluru,HSR Layout,16.230689,77.926288,7.13,4.6
2493,College,College_2493,Hyderabad,Banjara Hills,15.424606,78.491284,4.84,4.7
2494,Hospital,Airport_2494,Mumbai,Andheri,16.89572,76.20673,3.9,4.8
2495,Bus Stop,School_2495,Mumbai,Thane,13.515726,74.954341,0.87,3.4
2496,Airport,Park_2496,Bengaluru,HSR Layout,17.045682,77.308712,0.32,4.7
2497,College,Airport_2497,Hyderabad,Kondapur,14.265092,76.67139,8.22,3.4
2498,Restaurant,Hospital_2498,Hyderabad,Banjara Hills,15.997763,79.634558,2.17,3.0
2499,Park,School_2499,Bengaluru,Whitefield,16.671026,77.452733,5.93,3.9
2500,Hospital,Metro_2500,Chennai,Velachery,15.001104,75.034643,4.74,4.5
2501,Airport,Metro_2501,Pune,Baner,14.967279,79.564356,8.19,3.6
2502,Bus Stop,School_2502,Pune,Kharadi,14.419276,79.502385,6.0,4.6
2503,Mall,Airport_2503,Bengaluru,Electronic City,13.191023,74.859641,9.43,3.7
2504,College,College_2504,Bengaluru,Electronic City,14.19073,78.343648,0.73,4.5
2505,Restaurant,Park_2505,Pune,Baner,16.80593,75.002284,6.44,3.8
2506,Airport,Metro_2506,Bengaluru,HSR Layout,18.332019,78.211888,9.44,4.3
2507,Bus Stop,Metro_2507,Pune,Kharadi,18.44427,77.2232,6.7,3.1
2508,Bus Stop,School_2508,Bengaluru,Indiranagar,12.47573,75.803179,1.46,4.0
2509,College,Park_2509,Mumbai,Powai,15.834757,73.638808,0.98,4.2
2510,College,Metro_2510,Chennai,Anna Nagar,17.150043,73.992616,8.4,4.8
2511,School,Restaurant_2511,Pune,Kharadi,15.295404,77.496519,9.75,3.9
2512,School,Restaurant_2512,Pune,Baner,14.431044,77.08533,7.39,3.6
2513,School,Metro_2513,Chennai,Anna Nagar,13.35464,73.029648,5.82,4.2
2514,Mall,Restaurant_2514,Bengaluru,Electronic City,17.871714,73.96618,2.22,3.7
2515,School,Restaurant_2515,Pune,Kharadi,12.777366,76.613365,1.37,3.8
2516,Park,Bus Stop_2516,Pune,Wakad,12.370294,78.050404,3.9,4.4
2517,Metro,Hospital_2517,Pune,Kharadi,15.357159,73.041875,8.09,3.7
2518,School,Restaurant_2518,Mumbai,Andheri,17.202229,78.053761,6.86,4.2
2519,Mall,Bus Stop_2519,Hyderabad,Banjara Hills,15.30677,72.756581,8.49,4.3
2520,Hospital,Park_2520,Pune,Wakad,14.961672,76.970497,2.11,3.3
2521,Bus Stop,School_2521,Hyderabad,Banjara Hills,16.071059,78.759653,7.45,3.6
2522,Restaurant,Hospital_2522,Chennai,OMR,13.566509,78.151654,1.91,4.6
2523,College,College_2523,Pune,Hinjewadi,17.527555,79.995404,1.79,4.6
2524,School,Metro_2524,Chennai,Anna Nagar,18.531843,76.719865,6.32,3.8
2525,Restaurant,Airport_2525,Mumbai,Andheri,13.84715,76.548001,5.42,4.6
2526,School,Hospital_2526,Mumbai,Bandra,12.959303,72.238479,4.15,4.9
2527,Metro,Mall_2527,Chennai,Velachery,13.499203,72.603283,8.11,3.4
2528,Mall,College_2528,Pune,Hinjewadi,17.342472,79.397803,8.73,4.0
2529,Park,Mall_2529,Mumbai,Thane,14.071046,77.929574,7.3,3.6
2530,College,School_2530,Hyderabad,Jubilee Hills,14.486439,72.976751,3.32,5.0
2531,Metro,College_2531,Mumbai,Powai,14.324018,75.909554,6.81,4.6
2532,Metro,College_2532,Hyderabad,Gachibowli,14.866653,76.43905,7.11,4.9
2533,Mall,Mall_2533,Hyderabad,Miyapur,18.875349,74.022723,1.34,3.8
2534,Metro,Restaurant_2534,Hyderabad,Madhapur,14.621282,79.260874,2.64,3.2
2535,Hospital,College_2535,Chennai,Velachery,16.967701,73.525608,6.01,3.1
2536,Metro,Metro_2536,Mumbai,Bandra,14.502776,79.886607,0.99,4.9
2537,College,College_2537,Mumbai,Powai,17.56431,76.268987,3.13,3.6
2538,College,Mall_2538,Pune,Wakad,12.062406,79.51436,7.9,4.9
2539,School,Hospital_2539,Mumbai,Andheri,14.848041,77.827563,3.2,3.6
2540,Metro,Hospital_2540,Hyderabad,Miyapur,13.875305,74.242885,3.78,4.8
2541,School,Metro_2541,Chennai,Adyar,14.968666,74.214709,1.48,4.0
2542,Bus Stop,Mall_2542,Chennai,Anna Nagar,17.655569,73.444579,4.25,3.7
2543,School,Hospital_2543,Hyderabad,Banjara Hills,13.479404,78.061202,3.39,4.7
2544,Bus Stop,Hospital_2544,Bengaluru,Electronic City,14.477157,77.517759,1.98,4.4
2545,School,College_2545,Hyderabad,Banjara Hills,16.386134,77.229192,8.76,4.5
2546,College,Mall_2546,Hyderabad,Kondapur,13.610792,78.326415,0.48,3.2
2547,Hospital,Bus Stop_2547,Pune,Wakad,15.387545,73.326823,9.86,3.7
2548,College,College_2548,Chennai,Anna Nagar,15.072761,72.885756,8.93,3.0
2549,College,Airport_2549,Mumbai,Bandra,18.792304,73.46753,7.23,3.2
2550,Bus Stop,Mall_2550,Hyderabad,Kukatpally,14.527862,74.479983,1.27,4.6
2551,Park,Restaurant_2551,Pune,Kharadi,13.978892,77.335791,2.09,5.0
2552,Metro,Restaurant_2552,Chennai,Adyar,15.792669,72.13392,9.49,3.5
2553,Airport,School_2553,Mumbai,Powai,17.307297,79.659418,8.87,4.8
2554,Mall,Bus Stop_2554,Hyderabad,Banjara Hills,12.744096,72.015882,1.83,4.6
2555,School,Bus Stop_2555,Chennai,Anna Nagar,18.23138,76.739792,6.33,3.5
2556,Restaurant,School_2556,Hyderabad,Gachibowli,12.552242,75.036856,6.66,4.5
2557,Airport,Airport_2557,Pune,Kharadi,16.260753,72.428606,4.95,4.4
2558,Restaurant,Hospital_2558,Hyderabad,Gachibowli,16.183135,73.86975,1.83,4.7
2559,Mall,Restaurant_2559,Mumbai,Andheri,13.880516,76.910433,2.53,3.2
2560,Park,School_2560,Bengaluru,Whitefield,17.915642,73.42749,2.17,3.1
2561,Hospital,Hospital_2561,Mumbai,Thane,13.92678,77.080132,7.18,4.0
2562,Metro,School_2562,Pune,Kharadi,16.870922,74.565003,7.92,4.1
2563,Park,Restaurant_2563,Chennai,Velachery,14.925171,78.703061,4.66,4.1
2564,Park,College_2564,Chennai,OMR,12.763112,75.546503,5.77,3.4
2565,Metro,College_2565,Hyderabad,Miyapur,16.633122,76.063851,8.0,3.9
2566,Mall,School_2566,Mumbai,Powai,18.568081,72.037205,4.63,3.2
2567,Bus Stop,Mall_2567,Hyderabad,Banjara Hills,17.350119,75.732291,2.3,3.4
2568,College,Airport_2568,Pune,Kharadi,12.826131,72.196702,7.07,4.1
2569,Bus Stop,Metro_2569,Hyderabad,Kukatpally,15.722353,76.626044,0.49,4.0
2570,Airport,College_2570,Chennai,Adyar,13.576097,78.558899,6.85,3.7
2571,Bus Stop,Mall_2571,Hyderabad,Kukatpally,14.869024,75.872604,7.96,4.8
2572,Mall,School_2572,Bengaluru,Indiranagar,13.693682,75.779017,4.48,3.8
2573,Hospital,Park_2573,Bengaluru,HSR Layout,14.873907,79.905329,1.02,4.4
2574,Restaurant,Mall_2574,Hyderabad,Banjara Hills,12.980398,76.639645,5.31,4.8
2575,Bus Stop,Airport_2575,Chennai,Anna Nagar,18.521585,78.721668,3.3,4.6
2576,Restaurant,Metro_2576,Pune,Hinjewadi,12.026563,73.741505,2.43,4.5
2577,Metro,Hospital_2577,Hyderabad,Kukatpally,13.865954,79.469724,8.88,4.6
2578,College,Restaurant_2578,Bengaluru,Indiranagar,18.158522,77.029404,4.06,3.2
2579,Mall,Park_2579,Pune,Kharadi,14.026033,77.660031,7.79,3.4
2580,Restaurant,Bus Stop_2580,Mumbai,Powai,12.947225,79.822502,8.96,4.4
2581,Bus Stop,Restaurant_2581,Pune,Baner,13.210843,72.992959,7.01,3.3
2582,College,College_2582,Chennai,Anna Nagar,15.548103,77.249269,3.53,3.4
2583,Metro,Park_2583,Hyderabad,Kondapur,13.324226,72.079614,1.49,5.0
2584,Park,Hospital_2584,Pune,Hinjewadi,14.982323,79.604744,7.12,5.0
2585,College,Mall_2585,Chennai,Velachery,14.195226,76.063219,0.54,3.3
2586,Metro,Hospital_2586,Pune,Hinjewadi,18.133511,74.977338,6.57,4.7
2587,Hospital,Metro_2587,Mumbai,Thane,16.394061,78.327639,2.26,3.9
2588,College,Hospital_2588,Pune,Hinjewadi,13.818397,73.287275,9.8,4.9
2589,College,Mall_2589,Hyderabad,Gachibowli,18.460197,78.509209,7.15,3.9
2590,Airport,Metro_2590,Chennai,Anna Nagar,15.32208,75.470535,3.15,3.5
2591,College,Hospital_2591,Chennai,Velachery,18.631468,77.938839,0.59,4.8
2592,School,Metro_2592,Bengaluru,Whitefield,13.255744,74.673979,7.11,4.5
2593,Restaurant,Mall_2593,Bengaluru,HSR Layout,14.926089,74.293758,8.34,4.0
2594,College,Airport_2594,Chennai,OMR,14.285808,72.455872,0.86,3.1
2595,Bus Stop,Airport_2595,Mumbai,Powai,14.804565,75.045805,5.33,3.7
2596,Hospital,Airport_2596,Chennai,OMR,18.440037,75.902325,0.14,3.9
2597,College,Mall_2597,Pune,Wakad,15.482966,77.334159,3.27,3.2
2598,School,Metro_2598,Pune,Baner,16.964307,79.260012,3.58,4.4
2599,Hospital,Airport_2599,Hyderabad,Miyapur,13.423471,76.782318,4.34,3.4
2600,Restaurant,School_2600,Bengaluru,Indiranagar,13.84678,77.223967,5.24,4.4
2601,College,Mall_2601,Pune,Hinjewadi,14.270268,73.790958,6.58,4.6
2602,Hospital,Bus Stop_2602,Chennai,Adyar,13.423983,73.094994,8.37,3.9
2603,Metro,Bus Stop_2603,Mumbai,Powai,13.257396,77.767274,1.32,4.6
2604,School,School_2604,Hyderabad,Madhapur,13.011489,77.858583,6.42,3.4
2605,Mall,Metro_2605,Hyderabad,Banjara Hills,15.105887,75.422662,2.84,3.4
2606,College,Bus Stop_2606,Chennai,Adyar,14.931642,76.780748,0.83,4.3
2607,School,Metro_2607,Bengaluru,HSR Layout,13.454629,75.866264,2.5,3.0
2608,School,Park_2608,Mumbai,Powai,14.558415,73.938363,2.68,4.0
2609,Restaurant,School_2609,Bengaluru,Whitefield,13.889148,73.765557,8.94,4.7
2610,Mall,Restaurant_2610,Chennai,Velachery,17.570154,75.60043,1.89,3.1
2611,Mall,College_2611,Bengaluru,Indiranagar,13.643269,75.071106,4.69,3.8
2612,Airport,Airport_2612,Bengaluru,Whitefield,18.178958,76.968477,5.09,3.8
2613,Park,Mall_2613,Bengaluru,Electronic City,15.209227,72.364216,3.13,3.8
2614,School,Park_2614,Hyderabad,Jubilee Hills,14.35107,76.826078,4.1,3.9
2615,Mall,Park_2615,Bengaluru,HSR Layout,17.103236,78.370553,9.36,4.3
2616,Mall,School_2616,Pune,Baner,14.154659,73.523555,8.86,3.4
2617,School,Mall_2617,Pune,Hinjewadi,18.488093,72.278763,8.29,3.2
2618,Hospital,School_2618,Hyderabad,Banjara Hills,15.028708,76.05163,0.16,3.3
2619,Hospital,Mall_2619,Pune,Baner,13.890254,73.363839,9.97,3.1
2620,Bus Stop,Hospital_2620,Mumbai,Bandra,12.267818,73.218968,4.59,3.3
2621,Mall,Hospital_2621,Pune,Hinjewadi,14.468432,76.233703,0.28,4.1
2622,Airport,Restaurant_2622,Chennai,Velachery,15.021472,75.349113,8.8,3.9
2623,School,Hospital_2623,Hyderabad,Kondapur,14.151332,73.315377,5.49,4.1
2624,College,Mall_2624,Hyderabad,Gachibowli,17.348132,72.023688,0.63,4.8
2625,School,Metro_2625,Chennai,OMR,18.115494,77.555939,4.14,3.0
2626,Bus Stop,Restaurant_2626,Mumbai,Bandra,14.022562,77.085733,2.61,4.6
2627,School,Airport_2627,Bengaluru,Indiranagar,13.773644,73.068148,9.55,4.3
2628,Mall,School_2628,Hyderabad,Jubilee Hills,13.480618,72.801096,6.46,3.8
2629,School,Mall_2629,Mumbai,Thane,14.671927,73.79526,8.83,4.4
2630,Metro,Bus Stop_2630,Hyderabad,Kondapur,14.127999,76.524362,1.42,3.5
2631,Park,Hospital_2631,Bengaluru,Whitefield,18.963559,75.195611,0.42,3.2
2632,College,School_2632,Bengaluru,Electronic City,16.064538,75.000138,2.09,3.4
2633,Bus Stop,College_2633,Bengaluru,Whitefield,13.55688,72.33663,7.53,3.7
2634,Hospital,College_2634,Bengaluru,HSR Layout,12.670775,73.451883,3.4,4.6
2635,School,Restaurant_2635,Pune,Baner,18.895565,79.394178,6.09,4.8
2636,College,Bus Stop_2636,Bengaluru,Whitefield,15.994072,72.855148,5.48,3.9
2637,Hospital,Hospital_2637,Chennai,Anna Nagar,17.272135,75.860707,0.67,3.9
2638,School,School_2638,Hyderabad,Kondapur,17.79362,77.895177,0.32,4.3
2639,School,Mall_2639,Hyderabad,Banjara Hills,18.655868,72.585144,9.86,3.2
2640,School,Airport_2640,Bengaluru,Electronic City,16.791077,76.013068,1.77,4.3
2641,Metro,School_2641,Hyderabad,Kukatpally,12.510533,74.391112,0.83,5.0
2642,Park,Hospital_2642,Bengaluru,Indiranagar,14.990359,78.519207,8.75,3.0
2643,Airport,College_2643,Hyderabad,Gachibowli,12.328813,79.618199,0.88,5.0
2644,Park,College_2644,Mumbai,Thane,18.414843,74.368354,7.96,4.4
2645,Hospital,Park_2645,Chennai,Adyar,14.985215,72.003629,4.36,3.2
2646,Bus Stop,Metro_2646,Chennai,Velachery,17.039165,79.896956,2.25,3.5
2647,Park,Metro_2647,Bengaluru,Indiranagar,14.478126,79.611464,0.33,3.1
2648,Metro,Bus Stop_2648,Chennai,Anna Nagar,17.047605,73.953288,0.45,3.6
2649,Airport,School_2649,Mumbai,Powai,14.694277,74.846206,2.33,5.0
2650,Mall,Park_2650,Hyderabad,Kondapur,17.313151,76.092885,8.13,3.3
2651,College,Restaurant_2651,Mumbai,Andheri,17.592512,76.115663,7.85,3.6
2652,Mall,College_2652,Mumbai,Bandra,13.926973,72.526237,5.11,4.5
2653,Hospital,Metro_2653,Pune,Kharadi,17.018376,75.437246,0.3,3.4
2654,School,School_2654,Chennai,Anna Nagar,18.439501,79.093089,6.19,3.7
2655,College,School_2655,Bengaluru,HSR Layout,16.680513,72.522999,3.78,4.8
2656,Mall,School_2656,Mumbai,Andheri,16.334084,76.170795,6.44,4.3
2657,Airport,Park_2657,Mumbai,Thane,12.64946,79.339099,7.38,4.4
2658,School,Metro_2658,Chennai,Velachery,12.37331,77.918726,1.5,3.4
2659,School,Restaurant_2659,Hyderabad,Kondapur,18.731735,74.181429,6.41,4.3
2660,Metro,Metro_2660,Chennai,Adyar,14.848754,72.923862,1.3,3.6
2661,School,Park_2661,Hyderabad,Jubilee Hills,16.912246,78.314807,9.62,4.0
2662,School,School_2662,Chennai,Anna Nagar,17.866413,73.578898,2.16,4.9
2663,College,Airport_2663,Mumbai,Thane,16.58741,77.72807,8.41,3.3
2664,Restaurant,College_2664,Pune,Kharadi,12.049379,77.790211,9.2,3.9
2665,Hospital,Park_2665,Chennai,Anna Nagar,15.671878,72.450435,0.57,3.4
2666,School,College_2666,Bengaluru,Whitefield,12.328206,77.570514,9.17,3.4
2667,School,Mall_2667,Bengaluru,Whitefield,18.577445,77.032419,3.4,3.8
2668,Metro,Park_2668,Hyderabad,Madhapur,15.053807,73.583656,9.53,4.1
2669,Mall,College_2669,Chennai,Velachery,14.433356,75.117504,1.24,4.3
2670,Bus Stop,Hospital_2670,Mumbai,Andheri,18.35563,77.129981,7.13,4.5
2671,College,Metro_2671,Hyderabad,Jubilee Hills,14.587998,74.74036,5.8,3.3
2672,Mall,Airport_2672,Mumbai,Thane,15.221358,79.304331,2.67,4.5
2673,Restaurant,Hospital_2673,Hyderabad,Kukatpally,17.786966,78.929185,2.03,4.2
2674,Park,Mall_2674,Mumbai,Andheri,13.518568,76.405004,9.0,4.9
2675,Mall,Metro_2675,Hyderabad,Madhapur,16.208288,79.968671,8.78,3.8
2676,Airport,Restaurant_2676,Pune,Wakad,14.060016,74.698036,0.66,3.7
2677,Hospital,Hospital_2677,Chennai,Velachery,14.059198,79.003681,2.37,3.2
2678,Mall,Hospital_2678,Hyderabad,Madhapur,15.944584,74.896072,3.68,3.5
2679,School,Bus Stop_2679,Bengaluru,HSR Layout,15.744212,74.33679,7.64,4.2
2680,Metro,Bus Stop_2680,Chennai,Velachery,12.424728,77.646944,1.89,4.7
2681,Metro,Restaurant_2681,Pune,Kharadi,17.322873,73.108651,9.51,4.7
2682,College,Park_2682,Mumbai,Bandra,13.950978,74.245049,5.46,3.2
2683,College,Bus Stop_2683,Hyderabad,Madhapur,13.187909,73.72341,3.31,3.9
2684,Airport,Airport_2684,Pune,Wakad,14.791117,79.351168,6.06,3.6
2685,Hospital,Airport_2685,Chennai,OMR,16.50778,75.763024,9.47,4.6
2686,College,Mall_2686,Chennai,OMR,14.498709,79.930682,7.96,3.8
2687,Park,Airport_2687,Pune,Baner,12.68907,75.927231,6.09,4.1
2688,School,Metro_2688,Mumbai,Andheri,17.632621,75.307042,2.41,4.1
2689,Park,Mall_2689,Pune,Wakad,18.112065,73.510469,2.83,4.6
2690,Park,College_2690,Pune,Wakad,13.221466,73.162574,9.08,3.8
2691,School,College_2691,Pune,Kharadi,15.403397,72.847508,4.61,4.7
2692,Bus Stop,School_2692,Pune,Baner,12.912233,79.818352,2.92,4.8
2693,College,Mall_2693,Chennai,Velachery,18.371787,79.932768,9.29,4.4
2694,Metro,Mall_2694,Chennai,Velachery,14.810097,72.099777,3.31,3.3
2695,College,School_2695,Bengaluru,Whitefield,17.138266,78.937643,6.47,4.5
2696,College,Bus Stop_2696,Mumbai,Powai,13.208586,77.725825,5.34,4.7
2697,Bus Stop,School_2697,Hyderabad,Banjara Hills,16.101337,78.067126,5.78,4.0
2698,College,Park_2698,Mumbai,Powai,17.278554,75.511932,6.08,3.7
2699,Restaurant,Hospital_2699,Hyderabad,Kondapur,14.605535,78.035036,9.6,5.0
2700,Mall,Restaurant_2700,Bengaluru,HSR Layout,17.960271,75.753959,9.76,4.0
2701,Park,Mall_2701,Chennai,OMR,17.371272,72.272084,9.73,3.6
2702,Hospital,Restaurant_2702,Hyderabad,Jubilee Hills,12.945709,73.91905,4.08,4.8
2703,Airport,School_2703,Mumbai,Bandra,14.11363,76.229946,4.16,4.3
2704,Hospital,Metro_2704,Mumbai,Thane,17.109331,72.083921,6.51,4.9
2705,Restaurant,Bus Stop_2705,Hyderabad,Miyapur,18.431316,72.815088,3.57,4.0
2706,School,Metro_2706,Hyderabad,Kondapur,16.206254,73.259519,4.96,4.5
2707,Mall,Metro_2707,Pune,Hinjewadi,18.983384,74.616862,8.38,4.6
2708,Bus Stop,Airport_2708,Bengaluru,Electronic City,18.536936,75.290486,7.02,3.8
2709,Airport,Mall_2709,Hyderabad,Miyapur,12.463666,77.84635,8.86,4.6
2710,Airport,Restaurant_2710,Hyderabad,Gachibowli,13.636877,76.158784,3.59,3.2
2711,Hospital,College_2711,Mumbai,Bandra,14.147219,77.170569,9.8,3.7
2712,Restaurant,Restaurant_2712,Pune,Hinjewadi,13.919004,77.936857,7.18,3.4
2713,Hospital,Restaurant_2713,Mumbai,Thane,16.690365,77.336581,9.17,4.8
2714,Mall,Restaurant_2714,Chennai,Adyar,14.555108,73.04045,9.36,3.3
2715,Hospital,School_2715,Chennai,OMR,13.318501,72.783753,2.71,3.9
2716,Airport,Mall_2716,Pune,Hinjewadi,13.791388,78.297876,8.35,4.5
2717,Metro,School_2717,Hyderabad,Gachibowli,14.125829,74.522014,0.17,4.1
2718,Mall,Airport_2718,Bengaluru,Whitefield,15.054684,73.156694,9.69,4.3
2719,Metro,College_2719,Bengaluru,HSR Layout,18.453545,79.497671,6.64,3.1
2720,College,Restaurant_2720,Mumbai,Thane,12.258345,75.505181,7.53,4.0
2721,College,Restaurant_2721,Pune,Wakad,12.590237,75.184401,1.13,3.3
2722,Mall,Airport_2722,Bengaluru,Whitefield,14.875927,72.499584,6.62,4.4
2723,School,Hospital_2723,Bengaluru,Whitefield,15.293302,75.269038,8.04,3.1
2724,College,Metro_2724,Chennai,OMR,12.417849,79.863756,5.9,3.0
2725,Mall,College_2725,Mumbai,Thane,15.481607,79.873434,8.67,4.5
2726,Mall,Restaurant_2726,Hyderabad,Gachibowli,17.991195,72.450182,3.47,3.9
2727,Bus Stop,Hospital_2727,Pune,Hinjewadi,18.62264,77.927332,0.33,4.9
2728,Bus Stop,Park_2728,Pune,Hinjewadi,16.568896,73.109682,0.91,4.2
2729,Metro,Bus Stop_2729,Hyderabad,Kukatpally,15.603372,73.095856,6.77,3.2
2730,Mall,Mall_2730,Mumbai,Bandra,16.823695,77.783972,0.49,3.2
2731,College,Restaurant_2731,Pune,Kharadi,18.622234,74.322357,6.58,4.5
2732,College,Hospital_2732,Pune,Hinjewadi,14.42745,79.277458,0.94,3.3
2733,Hospital,Restaurant_2733,Chennai,Anna Nagar,15.9859,73.314185,1.86,4.2
2734,Airport,Restaurant_2734,Bengaluru,HSR Layout,16.248731,74.631131,9.3,4.7
2735,Hospital,School_2735,Mumbai,Thane,13.216102,77.537517,5.74,3.4
2736,Airport,Mall_2736,Bengaluru,Electronic City,15.84045,79.796469,6.93,4.6
2737,School,School_2737,Chennai,OMR,15.555738,72.131782,3.5,4.9
2738,Metro,Park_2738,Bengaluru,HSR Layout,13.200652,77.259828,7.13,3.7
2739,Park,College_2739,Hyderabad,Jubilee Hills,17.072085,78.979313,6.03,4.3
2740,Metro,Restaurant_2740,Hyderabad,Madhapur,18.853459,79.143373,7.96,4.7
2741,Bus Stop,Bus Stop_2741,Mumbai,Powai,17.818503,73.640118,9.52,3.0
2742,College,College_2742,Mumbai,Bandra,17.199372,77.104377,6.0,3.6
2743,Metro,Hospital_2743,Bengaluru,HSR Layout,18.353495,78.082998,5.32,4.5
2744,Hospital,Hospital_2744,Chennai,Velachery,14.234825,73.093162,0.7,4.5
2745,Metro,Hospital_2745,Pune,Kharadi,13.902841,75.736487,5.82,4.0
2746,Metro,Bus Stop_2746,Bengaluru,HSR Layout,16.414954,77.354034,0.62,3.9
2747,Metro,Mall_2747,Hyderabad,Jubilee Hills,16.324115,74.251427,7.45,4.7
2748,Hospital,Restaurant_2748,Mumbai,Andheri,13.904068,77.016921,5.18,4.5
2749,Mall,Airport_2749,Pune,Wakad,15.583259,72.871465,8.0,4.2
2750,Mall,Park_2750,Mumbai,Powai,18.450454,74.533089,0.62,3.0
2751,Restaurant,College_2751,Bengaluru,Electronic City,15.210727,72.873657,3.74,3.4
2752,School,School_2752,Mumbai,Bandra,15.753874,76.875122,4.83,3.1
2753,Bus Stop,Hospital_2753,Mumbai,Andheri,12.75608,74.407264,6.21,3.1
2754,Park,Bus Stop_2754,Mumbai,Powai,12.857944,75.224942,1.06,4.4
2755,Metro,Metro_2755,Mumbai,Andheri,14.686915,76.891146,7.05,4.3
2756,Mall,Restaurant_2756,Hyderabad,Miyapur,15.177768,78.166918,7.25,3.2
2757,Airport,College_2757,Bengaluru,Electronic City,15.12705,79.004372,9.2,3.0
2758,Bus Stop,Mall_2758,Pune,Kharadi,17.274602,72.229968,6.29,4.7
2759,College,Bus Stop_2759,Mumbai,Thane,13.350862,77.358232,4.06,3.6
2760,Bus Stop,School_2760,Bengaluru,Electronic City,16.605032,79.783046,4.56,4.0
2761,Metro,Metro_2761,Hyderabad,Gachibowli,17.887471,78.622357,6.32,4.0
2762,Metro,Metro_2762,Pune,Wakad,13.212575,77.869855,0.18,3.0
2763,Metro,Airport_2763,Pune,Baner,14.243214,78.617165,8.18,3.3
2764,School,Metro_2764,Bengaluru,Whitefield,13.119799,72.061601,9.34,3.6
2765,Bus Stop,College_2765,Mumbai,Bandra,16.055545,79.351378,0.89,3.6
2766,Metro,Metro_2766,Bengaluru,Whitefield,14.896249,79.003474,7.27,4.8
2767,Mall,Hospital_2767,Pune,Wakad,17.430413,73.687851,3.91,3.1
2768,Bus Stop,Park_2768,Pune,Hinjewadi,18.946576,74.638716,9.96,3.6
2769,Bus Stop,Mall_2769,Chennai,OMR,15.137978,76.652665,0.97,3.9
2770,Bus Stop,Hospital_2770,Pune,Baner,16.183556,73.102204,6.92,4.4
2771,Park,Restaurant_2771,Bengaluru,Electronic City,16.345555,75.730103,4.4,4.5
2772,Airport,Metro_2772,Chennai,OMR,16.630605,75.387258,1.15,4.7
2773,Restaurant,Restaurant_2773,Chennai,Adyar,12.614162,78.496199,7.85,3.5
2774,Bus Stop,Park_2774,Pune,Wakad,13.706476,79.664525,4.38,3.5
2775,Mall,College_2775,Chennai,Velachery,12.065212,79.426676,1.02,3.2
2776,Park,Park_2776,Pune,Baner,16.97629,74.857557,0.42,3.9
2777,School,Park_2777,Pune,Baner,17.152696,74.952503,4.14,4.3
2778,Hospital,School_2778,Pune,Kharadi,18.314174,79.136052,1.1,3.6
2779,Hospital,Park_2779,Bengaluru,HSR Layout,16.015904,76.428356,2.65,4.2
2780,Mall,Mall_2780,Mumbai,Bandra,15.916524,77.095635,8.47,3.3
2781,Park,Bus Stop_2781,Pune,Hinjewadi,18.833803,72.074291,8.04,4.8
2782,Park,Airport_2782,Pune,Baner,16.539107,76.42541,8.17,3.2
2783,Metro,Park_2783,Mumbai,Bandra,15.70403,76.953372,2.57,3.0
2784,College,Park_2784,Chennai,Velachery,14.806887,76.099579,1.7,3.2
2785,College,Metro_2785,Chennai,OMR,18.032737,76.368152,9.62,4.1
2786,Hospital,Hospital_2786,Chennai,Velachery,18.573646,72.062085,3.77,4.4
2787,Hospital,School_2787,Mumbai,Andheri,16.580026,77.425841,7.38,4.8
2788,Airport,Hospital_2788,Hyderabad,Kukatpally,17.383514,75.92342,3.83,3.1
2789,Metro,Park_2789,Bengaluru,Whitefield,12.854431,74.238174,5.25,3.9
2790,Mall,Metro_2790,Chennai,Adyar,16.232857,76.376339,5.49,4.6
2791,Park,Metro_2791,Chennai,Velachery,15.291992,73.54459,1.0,5.0
2792,Park,Bus Stop_2792,Hyderabad,Gachibowli,18.939471,72.279247,7.13,3.8
2793,Airport,Hospital_2793,Chennai,Velachery,12.240905,79.834434,6.81,3.7
2794,Restaurant,Airport_2794,Hyderabad,Jubilee Hills,17.504381,76.454451,9.87,4.6
2795,School,Bus Stop_2795,Chennai,Adyar,16.557833,72.191305,8.85,3.5
2796,Hospital,Bus Stop_2796,Hyderabad,Jubilee Hills,13.500947,74.85077,0.84,5.0
2797,School,Mall_2797,Hyderabad,Kondapur,15.150685,76.747588,4.59,3.7
2798,Restaurant,Metro_2798,Chennai,Anna Nagar,15.749829,78.422933,3.08,3.5
2799,College,Airport_2799,Mumbai,Thane,16.704464,73.687389,1.97,3.4
2800,Mall,Hospital_2800,Chennai,Velachery,18.819086,75.753145,6.94,3.2
2801,Mall,Park_2801,Mumbai,Thane,14.048841,78.86441,9.07,4.9
2802,Restaurant,College_2802,Bengaluru,HSR Layout,16.388462,74.246792,1.13,4.0
2803,Restaurant,Mall_2803,Chennai,Adyar,18.772956,76.798342,1.85,4.0
2804,Hospital,College_2804,Hyderabad,Madhapur,15.503621,79.385452,0.94,3.5
2805,Park,Mall_2805,Pune,Wakad,18.941705,75.860953,0.89,4.4
2806,Mall,Mall_2806,Bengaluru,HSR Layout,17.99685,78.530387,9.02,4.1
2807,Hospital,Airport_2807,Pune,Hinjewadi,16.622338,74.856215,9.2,4.4
2808,Bus Stop,Hospital_2808,Pune,Wakad,14.992028,72.611433,5.8,3.9
2809,Metro,Mall_2809,Hyderabad,Kondapur,16.537895,76.001513,5.02,3.8
2810,Hospital,Mall_2810,Chennai,OMR,17.623286,78.985636,0.19,3.3
2811,Park,College_2811,Pune,Wakad,14.101625,78.04832,3.41,3.2
2812,Restaurant,College_2812,Pune,Hinjewadi,17.970796,72.743487,6.18,4.2
2813,Hospital,Airport_2813,Mumbai,Thane,18.636428,72.66992,2.45,3.6
2814,College,Metro_2814,Bengaluru,Whitefield,15.802964,77.373501,6.06,3.7
2815,Bus Stop,Park_2815,Mumbai,Bandra,12.732573,77.538806,0.36,3.9
2816,Hospital,Mall_2816,Hyderabad,Jubilee Hills,14.880322,72.026127,0.77,4.5
2817,Hospital,Mall_2817,Pune,Hinjewadi,14.457507,73.339525,2.54,4.2
2818,School,School_2818,Pune,Wakad,16.508657,78.073108,5.97,4.3
2819,Mall,Mall_2819,Chennai,Velachery,12.426215,72.930483,2.52,4.6
2820,Mall,Park_2820,Chennai,Velachery,12.825409,76.38724,0.4,4.3
2821,Hospital,Mall_2821,Chennai,Adyar,14.956242,79.697195,2.14,3.8
2822,Metro,Bus Stop_2822,Bengaluru,HSR Layout,18.100787,74.840269,2.56,3.1
2823,Metro,School_2823,Pune,Hinjewadi,15.050462,73.969119,8.12,3.6
2824,Hospital,College_2824,Hyderabad,Banjara Hills,12.700522,74.466438,9.67,4.2
2825,Airport,School_2825,Mumbai,Andheri,12.857739,77.551748,4.92,4.5
2826,Airport,College_2826,Mumbai,Powai,12.76126,79.081104,4.41,3.9
2827,School,Mall_2827,Hyderabad,Miyapur,12.658416,72.555162,3.71,4.5
2828,Mall,Airport_2828,Mumbai,Powai,17.819535,76.020842,3.46,3.3
2829,Restaurant,School_2829,Bengaluru,Electronic City,13.530969,76.314287,3.27,3.7
2830,Restaurant,Restaurant_2830,Bengaluru,HSR Layout,16.758708,78.08124,4.23,4.6
2831,Park,Mall_2831,Chennai,Adyar,15.677861,75.410072,9.11,3.7
2832,Bus Stop,Restaurant_2832,Chennai,Velachery,12.620501,76.691345,2.13,3.6
2833,School,Hospital_2833,Hyderabad,Miyapur,16.372651,76.842556,9.67,3.6
2834,Metro,Metro_2834,Chennai,Velachery,15.338575,74.194747,0.23,4.0
2835,Restaurant,Park_2835,Hyderabad,Jubilee Hills,13.075459,76.204123,7.5,3.6
2836,Park,Mall_2836,Mumbai,Thane,15.5924,78.743146,1.52,4.0
2837,Metro,School_2837,Mumbai,Bandra,12.36959,75.839495,1.59,3.8
2838,Hospital,Metro_2838,Hyderabad,Banjara Hills,17.595908,76.000176,9.55,4.6
2839,Hospital,College_2839,Hyderabad,Madhapur,15.539265,76.951654,1.66,3.5
2840,Airport,School_2840,Mumbai,Bandra,17.924054,76.675586,9.33,3.6
2841,Hospital,Restaurant_2841,Chennai,Adyar,14.514699,72.776699,1.41,4.1
2842,Hospital,Metro_2842,Mumbai,Thane,18.965215,76.328617,1.32,4.8
2843,Restaurant,Restaurant_2843,Pune,Kharadi,12.328552,72.418376,0.53,4.8
2844,Restaurant,Mall_2844,Mumbai,Powai,14.618243,79.683607,1.95,4.2
2845,College,Restaurant_2845,Chennai,OMR,18.670852,78.174133,5.36,5.0
2846,Airport,Airport_2846,Bengaluru,Electronic City,12.977563,75.638968,2.56,4.8
2847,Mall,Metro_2847,Hyderabad,Kukatpally,17.56705,72.351203,0.18,4.5
2848,Airport,College_2848,Bengaluru,Indiranagar,15.430053,73.362175,7.57,3.8
2849,Restaurant,Park_2849,Bengaluru,Whitefield,16.293469,73.769963,8.07,3.7
2850,Park,Bus Stop_2850,Hyderabad,Madhapur,13.686699,78.600783,0.38,3.1
2851,Mall,Bus Stop_2851,Pune,Kharadi,16.207168,75.634672,1.75,4.7
2852,Airport,Airport_2852,Chennai,Adyar,13.527317,76.248848,8.32,3.1
2853,School,School_2853,Mumbai,Andheri,17.818946,75.641636,9.33,3.2
2854,Hospital,Bus Stop_2854,Chennai,OMR,14.091053,76.777074,2.01,3.8
2855,Mall,Metro_2855,Pune,Baner,13.570467,78.349242,1.5,3.1
2856,Mall,College_2856,Pune,Baner,14.746871,74.874906,2.76,4.4
2857,Airport,Mall_2857,Mumbai,Powai,16.748151,79.684191,1.41,4.4
2858,Airport,Hospital_2858,Pune,Kharadi,16.654245,78.285194,6.39,3.2
2859,Airport,College_2859,Pune,Hinjewadi,13.864246,79.875879,3.98,3.5
2860,Mall,Airport_2860,Chennai,Anna Nagar,13.985122,72.822382,3.02,3.4
2861,Hospital,Bus Stop_2861,Hyderabad,Jubilee Hills,12.319688,77.760488,4.66,4.3
2862,School,Mall_2862,Pune,Hinjewadi,17.993745,78.040546,3.55,4.6
2863,Park,Hospital_2863,Pune,Baner,16.865466,73.057488,5.19,4.5
2864,School,Restaurant_2864,Pune,Wakad,12.306476,77.489439,1.96,4.6
2865,Mall,Park_2865,Pune,Hinjewadi,18.283318,74.397728,8.67,3.6
2866,Hospital,College_2866,Hyderabad,Kondapur,12.632571,76.888397,3.04,3.3
2867,Park,Airport_2867,Bengaluru,Indiranagar,17.758856,74.560177,6.52,3.2
2868,Bus Stop,College_2868,Mumbai,Andheri,12.223472,78.105963,5.26,4.2
2869,Restaurant,Hospital_2869,Mumbai,Thane,14.403064,73.766869,9.2,3.3
2870,Metro,Mall_2870,Chennai,OMR,13.071528,77.122735,0.82,3.9
2871,College,College_2871,Pune,Baner,15.100766,72.659258,4.6,3.9
2872,Park,Mall_2872,Hyderabad,Jubilee Hills,15.89812,76.266657,1.77,3.0
2873,Restaurant,College_2873,Pune,Hinjewadi,18.470863,74.272246,7.83,3.3
2874,Park,Bus Stop_2874,Pune,Baner,13.791032,79.467417,9.57,3.9
2875,Hospital,Park_2875,Mumbai,Thane,16.567005,75.046206,9.7,3.1
2876,Park,Park_2876,Bengaluru,HSR Layout,18.036032,79.724919,6.91,3.5
2877,Park,Airport_2877,Bengaluru,HSR Layout,12.731894,74.166692,3.99,4.1
2878,Bus Stop,Airport_2878,Pune,Hinjewadi,17.071112,74.61905,3.82,4.5
2879,Metro,Airport_2879,Mumbai,Thane,12.731563,78.876073,9.45,3.6
2880,Hospital,Airport_2880,Mumbai,Powai,17.192721,77.468394,2.1,4.6
2881,College,Hospital_2881,Chennai,OMR,18.498341,75.419025,0.6,3.0
2882,School,Metro_2882,Chennai,Adyar,17.233322,78.057352,2.28,4.1
2883,Restaurant,Restaurant_2883,Mumbai,Powai,16.649575,76.135256,2.22,3.8
2884,Bus Stop,Park_2884,Chennai,OMR,17.381519,75.521951,4.94,4.9
2885,School,Bus Stop_2885,Mumbai,Thane,13.96337,79.793963,4.55,3.8
2886,Park,Restaurant_2886,Chennai,Anna Nagar,14.984288,79.469003,8.37,4.4
2887,School,School_2887,Chennai,OMR,17.16971,72.807596,7.24,3.1
2888,Metro,Bus Stop_2888,Bengaluru,Indiranagar,12.295453,73.368723,6.58,3.3
2889,School,Mall_2889,Hyderabad,Miyapur,13.62653,76.777397,5.68,3.0
2890,Airport,College_2890,Mumbai,Powai,17.732149,78.519246,7.66,3.0
2891,College,Bus Stop_2891,Pune,Kharadi,17.567019,79.381021,7.89,4.6
2892,School,Hospital_2892,Bengaluru,Whitefield,14.148685,72.058746,3.55,3.1
2893,Restaurant,Hospital_2893,Hyderabad,Jubilee Hills,15.709647,73.043273,3.25,3.8
2894,Metro,Restaurant_2894,Bengaluru,Whitefield,14.203842,72.656387,3.93,3.1
2895,Airport,College_2895,Hyderabad,Kondapur,12.566299,77.397413,6.81,3.3
2896,Metro,Airport_2896,Bengaluru,Indiranagar,14.54833,73.23686,1.16,4.0
2897,Mall,Airport_2897,Mumbai,Bandra,12.716574,72.289766,9.96,3.7
2898,Airport,School_2898,Mumbai,Powai,15.415566,74.13641,5.27,3.4
2899,Hospital,Mall_2899,Chennai,Anna Nagar,14.60695,78.857421,6.65,3.2
2900,Mall,Restaurant_2900,Pune,Baner,15.20041,74.356878,0.83,3.3
2901,Restaurant,Park_2901,Bengaluru,Whitefield,17.857973,74.332148,6.55,3.4
2902,Metro,Park_2902,Hyderabad,Kukatpally,17.487816,74.655941,2.51,3.0
2903,Park,Mall_2903,Pune,Wakad,16.220777,77.752325,6.03,4.2
2904,School,Metro_2904,Chennai,Velachery,18.697116,74.15292,5.78,3.0
2905,Hospital,Restaurant_2905,Pune,Hinjewadi,15.276614,78.060256,4.91,4.2
2906,School,Restaurant_2906,Mumbai,Thane,16.869481,73.869156,0.6,3.8
2907,College,Mall_2907,Pune,Baner,14.759017,78.664497,1.06,4.6
2908,Airport,Bus Stop_2908,Mumbai,Andheri,14.009433,75.913045,0.64,4.6
2909,Restaurant,Bus Stop_2909,Pune,Baner,17.369582,76.149247,8.39,3.5
2910,Hospital,School_2910,Mumbai,Andheri,12.415114,78.723665,6.74,5.0
2911,Airport,Airport_2911,Bengaluru,Electronic City,16.194082,79.049934,4.43,4.2
2912,Bus Stop,Restaurant_2912,Bengaluru,Electronic City,12.018448,79.494933,8.81,3.8
2913,Park,Park_2913,Bengaluru,Whitefield,14.115409,72.017117,3.28,4.8
2914,Airport,Metro_2914,Mumbai,Andheri,18.635392,76.636545,1.04,4.9
2915,Airport,Restaurant_2915,Hyderabad,Gachibowli,17.200424,78.248135,8.53,4.7
2916,Airport,Restaurant_2916,Chennai,Anna Nagar,13.85609,78.324922,9.32,4.1
2917,Mall,Hospital_2917,Hyderabad,Miyapur,15.336638,77.253158,1.86,4.9
2918,Park,Mall_2918,Mumbai,Bandra,14.069223,73.923596,5.76,3.0
2919,Airport,Restaurant_2919,Mumbai,Andheri,15.56326,79.245249,8.01,3.2
2920,Restaurant,Metro_2920,Bengaluru,Indiranagar,13.41494,74.130731,2.78,4.2
2921,College,Metro_2921,Pune,Hinjewadi,16.721045,79.249856,0.14,4.7
2922,Restaurant,Restaurant_2922,Mumbai,Thane,17.694314,77.774447,2.21,4.6
2923,Mall,Metro_2923,Chennai,Velachery,16.425022,79.718034,2.02,3.9
2924,Airport,Restaurant_2924,Mumbai,Bandra,12.21743,74.97229,7.32,4.2
2925,Bus Stop,Metro_2925,Hyderabad,Banjara Hills,13.468623,79.242007,0.9,3.6
2926,Bus Stop,Bus Stop_2926,Mumbai,Thane,15.376999,75.382385,9.37,4.5
2927,Mall,Metro_2927,Pune,Wakad,12.749665,77.815847,2.72,3.7
2928,Restaurant,Mall_2928,Hyderabad,Banjara Hills,18.699455,74.429271,3.16,3.2
2929,Restaurant,Mall_2929,Bengaluru,Whitefield,13.55577,73.435318,4.92,4.8
2930,Airport,Hospital_2930,Chennai,Velachery,17.528105,74.969268,4.02,3.7
2931,School,Park_2931,Mumbai,Andheri,12.446929,78.157796,2.96,4.4
2932,Metro,Metro_2932,Pune,Baner,14.497622,77.654919,2.92,4.6
2933,Metro,Restaurant_2933,Mumbai,Powai,13.373819,76.462593,5.37,4.9
2934,School,Metro_2934,Bengaluru,Electronic City,15.45801,77.828476,7.07,3.2
2935,Hospital,Restaurant_2935,Chennai,OMR,15.70355,78.055057,0.8,3.2
2936,College,Metro_2936,Bengaluru,Electronic City,14.663012,75.526423,5.29,4.7
2937,Metro,School_2937,Hyderabad,Kukatpally,15.818099,78.858952,6.4,3.6
2938,College,Hospital_2938,Chennai,OMR,17.713146,75.138217,1.53,4.9
2939,Mall,Mall_2939,Hyderabad,Jubilee Hills,12.702945,77.790469,9.81,4.1
2940,College,Airport_2940,Chennai,OMR,17.053829,77.316884,4.94,3.0
2941,Bus Stop,Airport_2941,Pune,Kharadi,17.722157,76.299571,8.23,3.8
2942,College,Metro_2942,Bengaluru,Whitefield,12.443528,77.882337,9.16,4.0
2943,Restaurant,Hospital_2943,Pune,Hinjewadi,17.283698,73.240828,2.26,4.9
2944,Park,College_2944,Bengaluru,HSR Layout,15.986673,74.382172,7.78,4.2
2945,College,Hospital_2945,Chennai,Anna Nagar,14.924187,74.454214,9.19,3.3
2946,Bus Stop,Hospital_2946,Bengaluru,Indiranagar,18.06727,75.896841,1.03,4.0
2947,Airport,Hospital_2947,Mumbai,Andheri,16.096946,76.216037,3.33,4.3
2948,Airport,Restaurant_2948,Mumbai,Andheri,17.310609,75.761354,2.23,4.2
2949,College,Park_2949,Hyderabad,Miyapur,14.68394,77.918712,8.75,3.4
2950,Restaurant,Airport_2950,Chennai,OMR,13.8315,79.18785,3.72,3.9
2951,Mall,Metro_2951,Chennai,OMR,14.952269,74.166327,5.5,4.3
2952,Restaurant,Mall_2952,Chennai,OMR,18.268008,77.022589,5.02,3.5
2953,College,Airport_2953,Pune,Hinjewadi,18.183433,72.641577,4.32,3.6
2954,Hospital,Airport_2954,Mumbai,Thane,13.782508,76.35531,5.16,3.2
2955,Bus Stop,Hospital_2955,Bengaluru,Whitefield,12.853525,79.454245,2.68,3.4
2956,College,College_2956,Hyderabad,Banjara Hills,16.41358,79.470203,9.49,4.6
2957,Hospital,Mall_2957,Mumbai,Andheri,18.799141,79.573472,0.96,4.1
2958,Park,Metro_2958,Pune,Kharadi,12.147491,73.36679,1.57,3.9
2959,Restaurant,Hospital_2959,Chennai,Adyar,13.821596,78.554639,8.57,3.1
2960,Bus Stop,Airport_2960,Mumbai,Bandra,12.795406,74.964866,6.71,3.1
2961,School,Airport_2961,Chennai,Adyar,18.537332,74.225072,2.4,3.2
2962,School,College_2962,Mumbai,Powai,12.965625,74.867131,0.28,4.6
2963,Park,School_2963,Mumbai,Powai,14.195049,76.465752,9.79,3.3
2964,Mall,Restaurant_2964,Pune,Hinjewadi,18.346991,78.903993,5.17,4.3
2965,Mall,Airport_2965,Hyderabad,Miyapur,12.323848,78.435198,3.86,4.7
2966,Metro,Mall_2966,Chennai,Velachery,13.938468,73.458132,0.42,3.6
2967,School,School_2967,Mumbai,Thane,16.769054,74.369938,6.41,3.2
2968,Restaurant,Restaurant_2968,Hyderabad,Jubilee Hills,14.300563,73.707096,8.06,4.0
2969,College,Bus Stop_2969,Bengaluru,HSR Layout,16.611554,73.72432,8.28,3.8
2970,Bus Stop,Hospital_2970,Mumbai,Thane,17.050459,77.506925,1.22,4.3
2971,School,Airport_2971,Pune,Hinjewadi,18.146438,72.421083,3.72,4.5
2972,Park,Park_2972,Bengaluru,Indiranagar,13.831489,78.698419,2.57,3.7
2973,Airport,Restaurant_2973,Bengaluru,HSR Layout,12.495346,75.36264,5.15,3.7
2974,Bus Stop,School_2974,Pune,Kharadi,14.101533,77.014491,4.78,4.6
2975,Mall,Mall_2975,Hyderabad,Jubilee Hills,14.056813,78.837242,9.92,4.9
2976,Metro,School_2976,Pune,Wakad,16.477889,73.624594,5.14,4.0
2977,Park,Park_2977,Pune,Hinjewadi,13.257939,79.395567,0.39,3.8
2978,Airport,Restaurant_2978,Mumbai,Andheri,18.033528,75.102392,5.01,4.0
2979,College,Airport_2979,Hyderabad,Banjara Hills,16.989168,79.90838,1.38,4.0
2980,Metro,College_2980,Mumbai,Andheri,17.745556,79.050554,9.14,3.0
2981,Hospital,Mall_2981,Chennai,Velachery,16.703728,78.243991,3.46,4.4
2982,Metro,Hospital_2982,Pune,Kharadi,16.548075,78.912818,3.0,3.2
2983,Mall,Restaurant_2983,Bengaluru,Electronic City,16.933866,76.8543,3.97,4.6
2984,College,Airport_2984,Hyderabad,Banjara Hills,17.275493,79.967669,4.1,3.6
2985,Metro,Metro_2985,Bengaluru,HSR Layout,12.169526,78.81429,5.09,4.6
2986,Airport,Metro_2986,Mumbai,Powai,15.291089,73.601543,3.57,3.4
2987,Bus Stop,Bus Stop_2987,Mumbai,Andheri,17.175584,79.72772,7.11,3.5
2988,School,Hospital_2988,Chennai,Adyar,15.946731,76.769635,6.33,4.3
2989,Bus Stop,Bus Stop_2989,Pune,Baner,12.90305,77.00622,5.32,4.0
2990,Restaurant,Hospital_2990,Hyderabad,Gachibowli,15.274082,78.946112,3.9,4.4
2991,Park,Hospital_2991,Hyderabad,Jubilee Hills,13.500225,77.914971,1.98,4.1
2992,Bus Stop,School_2992,Hyderabad,Banjara Hills,18.911078,72.90562,5.24,3.1
2993,School,Bus Stop_2993,Chennai,Velachery,13.33452,77.612554,4.65,4.1
2994,Hospital,Bus Stop_2994,Chennai,Velachery,18.131862,75.887247,2.64,4.6
2995,Mall,Restaurant_2995,Hyderabad,Gachibowli,16.385485,72.340666,5.51,4.8
2996,Restaurant,Bus Stop_2996,Hyderabad,Miyapur,16.908479,77.061514,5.56,3.9
2997,Restaurant,Hospital_2997,Pune,Hinjewadi,16.595247,79.412698,2.17,4.6
2998,Restaurant,Bus Stop_2998,Bengaluru,HSR Layout,18.205956,78.583208,4.78,4.0
2999,Park,Metro_2999,Bengaluru,HSR Layout,15.755703,79.039717,6.58,3.7
3000,Hospital,Airport_3000,Mumbai,Powai,12.671685,79.517395,2.87,3.9
3001,School,Metro_3001,Hyderabad,Miyapur,14.028122,76.595585,0.45,4.0
3002,Restaurant,Metro_3002,Hyderabad,Jubilee Hills,13.939879,78.686864,7.57,3.5
3003,Restaurant,Hospital_3003,Chennai,Anna Nagar,15.975301,73.535174,4.13,5.0
3004,Metro,Airport_3004,Pune,Wakad,12.719614,77.319637,2.49,4.0
3005,College,Hospital_3005,Hyderabad,Kukatpally,15.707128,76.345666,1.51,3.3
3006,Park,Park_3006,Mumbai,Thane,17.52601,74.582918,3.77,3.1
3007,Park,Restaurant_3007,Chennai,Velachery,15.739376,75.503528,8.03,4.6
3008,Airport,Bus Stop_3008,Chennai,Anna Nagar,18.267394,79.29254,8.48,4.9
3009,Park,Bus Stop_3009,Hyderabad,Kondapur,16.546079,77.935729,4.51,3.1
3010,Hospital,Hospital_3010,Pune,Hinjewadi,12.336412,78.408817,6.56,3.8
3011,Restaurant,School_3011,Pune,Hinjewadi,12.640191,76.596347,2.1,3.1
3012,Park,Hospital_3012,Chennai,Adyar,16.052185,75.283295,0.88,3.1
3013,Bus Stop,Airport_3013,Pune,Hinjewadi,12.051932,78.0354,6.8,3.1
3014,School,Park_3014,Pune,Hinjewadi,14.911133,77.75274,0.81,3.8
3015,Park,Mall_3015,Bengaluru,HSR Layout,18.463738,78.091695,9.48,4.0
3016,Hospital,Hospital_3016,Mumbai,Bandra,16.480303,79.393132,7.77,3.6
3017,Bus Stop,Restaurant_3017,Bengaluru,Indiranagar,18.413444,72.71924,6.59,3.6
3018,Mall,Bus Stop_3018,Hyderabad,Kukatpally,14.131078,78.879074,6.72,3.8
3019,Hospital,Restaurant_3019,Pune,Hinjewadi,13.702639,79.534035,6.44,3.2
3020,Bus Stop,Airport_3020,Bengaluru,Electronic City,12.824706,75.234566,0.15,4.7
3021,Bus Stop,Hospital_3021,Hyderabad,Banjara Hills,18.728209,75.335884,7.54,3.7
3022,Bus Stop,Park_3022,Hyderabad,Kondapur,17.616463,73.191726,2.12,3.8
3023,College,Park_3023,Chennai,Adyar,15.924723,73.319225,1.57,3.7
3024,Hospital,College_3024,Bengaluru,Whitefield,12.378643,77.823866,4.99,5.0
3025,Hospital,Restaurant_3025,Mumbai,Bandra,15.381775,72.198774,4.93,3.8
3026,College,School_3026,Mumbai,Powai,18.240574,79.236435,2.27,3.8
3027,Mall,School_3027,Pune,Wakad,18.101815,72.408567,7.19,4.4
3028,Restaurant,School_3028,Hyderabad,Miyapur,14.289535,78.092243,0.74,4.9
3029,Mall,Hospital_3029,Mumbai,Powai,17.100364,73.001577,7.07,3.1
3030,Airport,Hospital_3030,Pune,Kharadi,17.175814,76.914049,5.77,3.8
3031,Park,School_3031,Mumbai,Andheri,12.340882,77.753699,9.71,3.8
3032,Hospital,School_3032,Mumbai,Thane,16.762364,78.149811,6.59,3.9
3033,Restaurant,Metro_3033,Bengaluru,Indiranagar,16.420021,73.010657,5.07,4.6
3034,Mall,College_3034,Bengaluru,HSR Layout,15.45774,72.485267,9.82,4.4
3035,Mall,Airport_3035,Mumbai,Powai,16.130241,73.009659,0.79,3.0
3036,School,Mall_3036,Mumbai,Powai,12.041429,74.557094,3.49,4.5
3037,Park,Mall_3037,Bengaluru,Indiranagar,17.441637,74.213366,8.25,3.6
3038,School,Mall_3038,Mumbai,Bandra,12.324163,76.496352,7.11,4.6
3039,Metro,School_3039,Bengaluru,HSR Layout,17.078097,78.960279,7.25,4.9
3040,Metro,Park_3040,Chennai,Adyar,17.7025,73.045845,4.76,4.9
3041,Restaurant,Hospital_3041,Chennai,Adyar,12.23605,76.637086,0.76,3.1
3042,Bus Stop,Metro_3042,Pune,Wakad,18.545347,73.865337,0.85,4.5
3043,Metro,Hospital_3043,Hyderabad,Madhapur,18.29006,76.891155,5.48,4.0
3044,Hospital,Park_3044,Mumbai,Thane,17.889641,77.829196,9.55,3.1
3045,Mall,School_3045,Chennai,OMR,12.839348,74.84539,8.98,4.1
3046,Mall,Airport_3046,Bengaluru,Electronic City,15.203882,72.767315,7.11,3.6
3047,College,Bus Stop_3047,Bengaluru,Electronic City,18.881294,76.21741,7.11,4.4
3048,School,College_3048,Chennai,Adyar,17.461347,74.858921,5.1,3.1
3049,Airport,Airport_3049,Mumbai,Thane,17.812927,73.027502,5.34,3.0
3050,Metro,Metro_3050,Pune,Kharadi,16.448552,79.566365,8.3,4.9
3051,Bus Stop,Hospital_3051,Chennai,Anna Nagar,16.258864,79.712242,1.0,4.4
3052,Park,Airport_3052,Mumbai,Thane,15.019105,73.140939,7.63,3.0
3053,Airport,Hospital_3053,Bengaluru,HSR Layout,12.933479,76.773438,4.57,4.7
3054,Hospital,Mall_3054,Mumbai,Bandra,18.617152,75.81981,0.59,4.8
3055,Hospital,Hospital_3055,Pune,Wakad,15.415348,73.204517,1.7,4.8
3056,Airport,Restaurant_3056,Mumbai,Thane,12.195838,78.448924,6.88,3.6
3057,College,Park_3057,Chennai,OMR,16.993692,75.695152,9.76,3.5
3058,Metro,Bus Stop_3058,Mumbai,Powai,17.64771,78.465298,0.91,4.5
3059,Metro,Metro_3059,Pune,Wakad,17.035827,77.612998,8.9,4.5
3060,Hospital,Park_3060,Hyderabad,Gachibowli,15.186808,73.479758,9.24,3.6
3061,Restaurant,Mall_3061,Bengaluru,HSR Layout,18.432551,75.921231,0.53,3.2
3062,Hospital,Metro_3062,Pune,Hinjewadi,16.389153,75.178141,3.02,3.2
3063,Airport,Bus Stop_3063,Pune,Baner,17.967265,72.125731,4.7,4.2
3064,Bus Stop,College_3064,Pune,Wakad,16.665867,73.243521,2.47,4.9
3065,Mall,Bus Stop_3065,Chennai,Velachery,12.893879,78.160088,2.22,3.8
3066,Metro,College_3066,Mumbai,Bandra,14.017314,77.307956,3.99,4.6
3067,Bus Stop,Bus Stop_3067,Pune,Baner,15.408555,72.643475,7.84,3.3
3068,Airport,Restaurant_3068,Chennai,OMR,13.317884,74.578861,6.38,4.7
3069,Restaurant,Metro_3069,Chennai,Anna Nagar,17.335914,75.345774,1.14,3.3
3070,College,Metro_3070,Chennai,Anna Nagar,14.223695,74.650674,3.37,4.4
3071,Bus Stop,Mall_3071,Bengaluru,Electronic City,13.919952,75.181998,8.88,4.4
3072,Restaurant,Bus Stop_3072,Chennai,Adyar,13.394562,74.56092,0.35,3.3
3073,Airport,School_3073,Pune,Baner,18.328291,77.598189,0.36,3.1
3074,Park,Metro_3074,Mumbai,Thane,13.532043,73.985619,6.95,3.9
3075,Hospital,College_3075,Mumbai,Powai,14.210824,76.925931,3.4,3.8
3076,Restaurant,School_3076,Hyderabad,Gachibowli,16.503551,75.678172,9.73,4.6
3077,Metro,Bus Stop_3077,Hyderabad,Kondapur,17.571943,73.295164,6.37,3.8
3078,School,Park_3078,Pune,Kharadi,12.839694,78.927336,7.88,4.4
3079,College,Mall_3079,Chennai,Velachery,14.572569,77.62345,6.85,3.3
3080,Mall,School_3080,Mumbai,Powai,17.40455,74.056682,0.63,4.2
3081,Metro,College_3081,Chennai,OMR,14.970146,74.836562,8.33,4.2
3082,Restaurant,Park_3082,Chennai,Anna Nagar,17.482882,75.214359,5.45,3.1
3083,Bus Stop,School_3083,Mumbai,Bandra,12.705703,78.744281,3.51,3.3
3084,Airport,Hospital_3084,Pune,Kharadi,17.705283,72.912078,5.49,4.4
3085,Restaurant,College_3085,Pune,Hinjewadi,14.876424,73.424055,5.87,4.9
3086,College,Metro_3086,Chennai,Anna Nagar,14.006581,76.754157,6.81,4.9
3087,Hospital,Park_3087,Bengaluru,Indiranagar,16.597699,77.626775,7.95,4.5
3088,Restaurant,School_3088,Chennai,Velachery,17.629956,73.730966,2.76,4.4
3089,Mall,Bus Stop_3089,Bengaluru,Indiranagar,17.912028,76.200618,0.25,4.0
3090,School,Restaurant_3090,Pune,Kharadi,14.73528,76.163271,9.73,4.5
3091,Mall,Metro_3091,Bengaluru,Indiranagar,17.917809,77.794134,3.64,4.8
3092,Mall,Mall_3092,Hyderabad,Banjara Hills,18.062633,76.507742,0.8,4.3
3093,Hospital,Restaurant_3093,Pune,Kharadi,14.08199,74.706941,5.79,3.9
3094,Hospital,Bus Stop_3094,Mumbai,Andheri,18.128704,74.171293,9.75,4.4
3095,Metro,Mall_3095,Hyderabad,Miyapur,17.145955,72.909686,5.27,4.5
3096,Bus Stop,Metro_3096,Chennai,Anna Nagar,13.127577,72.86388,4.43,3.9
3097,School,College_3097,Mumbai,Powai,14.837911,73.135363,8.3,3.8
3098,Mall,Park_3098,Mumbai,Powai,14.78244,78.905761,0.38,4.0
3099,Airport,Hospital_3099,Mumbai,Andheri,12.701843,74.959451,2.07,4.2
3100,Restaurant,Airport_3100,Pune,Hinjewadi,12.699207,72.529303,3.04,4.3
3101,Bus Stop,Restaurant_3101,Chennai,Adyar,15.387237,78.365437,9.62,3.9
3102,Restaurant,Mall_3102,Chennai,Adyar,12.068851,75.535124,3.94,4.0
3103,Park,Bus Stop_3103,Bengaluru,Electronic City,14.860479,75.500566,6.29,3.5
3104,Airport,Restaurant_3104,Bengaluru,HSR Layout,14.701731,77.189667,9.94,4.5
3105,College,Metro_3105,Mumbai,Bandra,18.095326,78.09034,8.34,3.6
3106,Mall,College_3106,Mumbai,Andheri,15.693786,74.631188,9.81,3.9
3107,Metro,College_3107,Hyderabad,Kukatpally,17.679592,73.364666,9.64,4.2
3108,Airport,Airport_3108,Bengaluru,Whitefield,12.645886,73.577927,8.87,4.5
3109,Restaurant,Metro_3109,Mumbai,Bandra,18.714385,78.692192,0.47,3.7
3110,Bus Stop,Airport_3110,Bengaluru,Electronic City,15.325313,73.349214,3.4,4.1
3111,Metro,Restaurant_3111,Bengaluru,HSR Layout,17.292807,79.957599,5.58,3.1
3112,Restaurant,School_3112,Hyderabad,Gachibowli,17.253731,75.040041,7.92,3.6
3113,College,School_3113,Bengaluru,Electronic City,16.137203,74.378389,2.54,3.1
3114,College,Restaurant_3114,Mumbai,Thane,14.529169,73.36777,7.62,3.3
3115,Bus Stop,Airport_3115,Chennai,Adyar,13.111382,77.876288,4.53,4.6
3116,Mall,Restaurant_3116,Mumbai,Andheri,18.882545,76.234582,1.27,4.0
3117,Restaurant,School_3117,Pune,Hinjewadi,12.602693,77.103873,5.67,4.4
3118,Airport,College_3118,Hyderabad,Kukatpally,14.758303,73.052441,9.12,4.1
3119,Hospital,Park_3119,Bengaluru,HSR Layout,17.024222,72.355566,3.41,3.2
3120,Restaurant,Restaurant_3120,Mumbai,Powai,14.820572,79.587656,6.21,5.0
3121,Restaurant,School_3121,Chennai,Anna Nagar,17.871468,73.953288,3.8,4.8
3122,Hospital,School_3122,Hyderabad,Miyapur,18.287713,75.881027,3.83,4.2
3123,Bus Stop,Park_3123,Chennai,Adyar,17.945071,75.396138,2.7,4.9
3124,Metro,Restaurant_3124,Pune,Hinjewadi,17.526264,74.881633,7.72,4.1
3125,Bus Stop,Park_3125,Pune,Kharadi,17.09128,74.632611,1.07,3.1
3126,Metro,Park_3126,Bengaluru,Whitefield,15.383472,73.702881,6.85,3.1
3127,Bus Stop,Metro_3127,Hyderabad,Jubilee Hills,12.975677,77.277866,7.77,3.7
3128,School,Airport_3128,Bengaluru,Electronic City,16.069391,72.544439,4.93,3.8
3129,Bus Stop,Hospital_3129,Pune,Wakad,18.870052,75.377457,3.78,3.6
3130,Hospital,Mall_3130,Hyderabad,Jubilee Hills,15.879458,72.244577,0.51,3.9
3131,Airport,Hospital_3131,Chennai,Adyar,16.487132,79.770459,3.41,4.6
3132,Restaurant,Metro_3132,Chennai,Adyar,17.760143,79.431752,9.41,4.3
3133,Airport,Metro_3133,Chennai,OMR,17.267603,73.124137,4.49,3.6
3134,College,School_3134,Pune,Wakad,15.118543,79.505543,8.51,4.7
3135,Mall,School_3135,Bengaluru,Electronic City,18.707386,72.241793,8.44,3.3
3136,Park,College_3136,Hyderabad,Banjara Hills,18.845702,72.095594,7.6,4.7
3137,Park,Hospital_3137,Hyderabad,Kukatpally,16.430489,72.295834,3.13,4.2
3138,Hospital,Restaurant_3138,Hyderabad,Kukatpally,18.214315,74.773296,9.17,3.1
3139,College,Bus Stop_3139,Hyderabad,Jubilee Hills,17.828493,73.711584,3.86,4.4
3140,School,School_3140,Chennai,Adyar,14.322368,77.814608,1.69,3.5
3141,Mall,Bus Stop_3141,Mumbai,Powai,18.034673,75.156389,7.77,3.6
3142,College,Restaurant_3142,Hyderabad,Kondapur,15.874612,76.705065,1.59,5.0
3143,School,Bus Stop_3143,Pune,Wakad,18.084999,76.250914,0.89,4.9
3144,Mall,Park_3144,Bengaluru,Whitefield,16.573488,76.03035,4.06,3.9
3145,School,Park_3145,Bengaluru,HSR Layout,16.077872,74.188836,9.34,3.5
3146,School,Metro_3146,Mumbai,Thane,13.733639,72.21445,3.26,3.2
3147,Airport,Airport_3147,Pune,Wakad,14.872999,79.647367,0.66,3.6
3148,Bus Stop,Park_3148,Pune,Hinjewadi,12.096164,72.188489,3.29,3.0
3149,Park,Metro_3149,Bengaluru,Whitefield,12.610049,73.664715,0.23,4.7
3150,Restaurant,Hospital_3150,Pune,Kharadi,16.457493,73.417559,5.79,4.9
3151,Metro,Airport_3151,Hyderabad,Gachibowli,12.749416,72.887675,5.16,3.8
3152,Metro,Mall_3152,Bengaluru,Electronic City,16.846899,78.879277,9.42,4.9
3153,Hospital,Hospital_3153,Mumbai,Powai,18.223865,72.084771,4.52,5.0
3154,School,Airport_3154,Pune,Kharadi,14.78067,72.16121,2.8,3.7
3155,Hospital,Park_3155,Chennai,OMR,12.835472,73.786067,3.18,3.3
3156,Airport,Metro_3156,Mumbai,Andheri,18.719964,74.126113,0.44,4.9
3157,Restaurant,Metro_3157,Mumbai,Thane,17.893176,74.703915,6.19,3.4
3158,Metro,Airport_3158,Pune,Hinjewadi,17.764783,78.887883,2.71,4.4
3159,Mall,College_3159,Chennai,OMR,15.93967,74.119502,4.72,3.2
3160,Mall,Airport_3160,Bengaluru,HSR Layout,18.602925,78.303552,8.53,4.5
3161,Park,Metro_3161,Hyderabad,Jubilee Hills,17.495289,73.109593,1.35,4.1
3162,Metro,Park_3162,Bengaluru,Indiranagar,14.116417,73.960582,0.84,4.0
3163,School,Bus Stop_3163,Pune,Kharadi,18.427613,78.656539,2.68,3.7
3164,Hospital,School_3164,Pune,Kharadi,18.272955,72.349067,5.53,3.4
3165,Metro,College_3165,Chennai,Velachery,13.855279,76.212341,8.44,3.4
3166,Mall,Metro_3166,Chennai,Velachery,17.52375,76.857498,9.95,4.9
3167,Park,Park_3167,Bengaluru,Indiranagar,18.704866,73.922199,5.9,3.0
3168,College,Bus Stop_3168,Bengaluru,Whitefield,12.315885,72.278209,1.39,5.0
3169,Mall,Bus Stop_3169,Pune,Kharadi,12.750013,73.153987,7.66,3.4
3170,Airport,Metro_3170,Chennai,OMR,15.690952,75.923161,1.64,4.5
3171,Bus Stop,Bus Stop_3171,Bengaluru,Indiranagar,14.338197,77.143797,4.69,4.7
3172,Hospital,Airport_3172,Pune,Hinjewadi,13.529271,79.722653,9.36,3.9
3173,Bus Stop,Restaurant_3173,Bengaluru,HSR Layout,12.591369,72.909674,3.07,4.5
3174,Park,Mall_3174,Bengaluru,Indiranagar,13.661549,73.808565,4.59,3.8
3175,Airport,Restaurant_3175,Pune,Kharadi,18.062209,78.503072,9.86,3.9
3176,Mall,College_3176,Hyderabad,Kukatpally,12.862092,75.616159,6.48,3.8
3177,College,College_3177,Hyderabad,Miyapur,18.664411,79.106308,8.87,3.3
3178,Bus Stop,Bus Stop_3178,Chennai,Anna Nagar,12.844775,76.971582,6.13,4.5
3179,Restaurant,Park_3179,Chennai,Anna Nagar,12.931901,77.764907,7.33,4.4
3180,Metro,Restaurant_3180,Bengaluru,Whitefield,14.783261,77.060851,5.25,3.6
3181,Mall,Park_3181,Hyderabad,Miyapur,14.623915,72.130503,3.15,4.1
3182,Hospital,Airport_3182,Pune,Wakad,18.438655,72.814039,0.69,4.9
3183,Metro,Park_3183,Bengaluru,Whitefield,13.857068,73.077168,8.47,3.2
3184,Bus Stop,Restaurant_3184,Bengaluru,HSR Layout,14.53006,73.219119,1.95,4.2
3185,College,Hospital_3185,Pune,Wakad,13.530655,78.082462,1.84,4.0
3186,School,Hospital_3186,Hyderabad,Gachibowli,12.207302,73.874725,5.85,4.1
3187,Park,Mall_3187,Pune,Wakad,13.247062,72.738103,6.39,3.3
3188,Restaurant,School_3188,Mumbai,Bandra,16.403358,73.843597,3.75,4.3
3189,Hospital,Hospital_3189,Bengaluru,HSR Layout,18.794514,79.638107,4.54,4.6
3190,Park,Airport_3190,Bengaluru,Electronic City,13.193553,75.839424,1.16,3.5
3191,Mall,Bus Stop_3191,Hyderabad,Madhapur,15.735274,76.172309,1.19,3.6
3192,Mall,Park_3192,Pune,Hinjewadi,18.484253,76.625487,2.4,3.6
3193,Bus Stop,Bus Stop_3193,Pune,Hinjewadi,17.631484,77.325336,4.66,3.9
3194,Bus Stop,School_3194,Pune,Baner,17.35142,77.871093,1.38,4.6
3195,Metro,Mall_3195,Bengaluru,Electronic City,12.32562,76.859428,6.3,3.5
3196,Hospital,Bus Stop_3196,Chennai,OMR,14.770854,79.803827,7.17,4.8
3197,Hospital,Hospital_3197,Hyderabad,Madhapur,13.222958,73.762158,2.3,3.3
3198,Hospital,Bus Stop_3198,Hyderabad,Madhapur,18.198269,73.463336,9.6,3.9
3199,Restaurant,College_3199,Mumbai,Andheri,12.528828,79.732469,8.94,4.5
3200,Metro,Bus Stop_3200,Pune,Baner,14.269734,74.796262,1.64,4.4
3201,School,Airport_3201,Hyderabad,Jubilee Hills,17.760943,75.873141,3.21,3.7
3202,College,Airport_3202,Hyderabad,Kondapur,18.01299,79.418349,9.95,5.0
3203,Mall,College_3203,Hyderabad,Gachibowli,16.729824,74.325653,2.74,3.0
3204,Bus Stop,Restaurant_3204,Pune,Wakad,12.434351,74.395773,9.01,3.9
3205,Mall,Mall_3205,Chennai,Anna Nagar,17.084665,72.185745,0.79,4.2
3206,Metro,School_3206,Hyderabad,Miyapur,12.308796,79.556807,3.61,3.4
3207,Hospital,Restaurant_3207,Hyderabad,Madhapur,17.982219,74.252104,8.1,4.7
3208,Restaurant,Park_3208,Chennai,Adyar,12.58444,72.776606,9.31,3.1
3209,Hospital,Hospital_3209,Bengaluru,Indiranagar,16.140127,74.083166,2.82,4.9
3210,Metro,Hospital_3210,Mumbai,Andheri,12.348889,74.113716,3.06,3.4
3211,Mall,Mall_3211,Pune,Baner,18.695233,79.219817,5.25,3.9
3212,Park,Park_3212,Hyderabad,Banjara Hills,15.74849,78.125754,9.69,4.1
3213,Airport,School_3213,Chennai,Adyar,16.73899,73.550601,7.7,4.5
3214,College,Restaurant_3214,Mumbai,Powai,13.56313,77.168501,4.39,3.5
3215,Restaurant,Restaurant_3215,Mumbai,Bandra,16.886627,78.299601,4.02,3.5
3216,Mall,Metro_3216,Pune,Hinjewadi,13.78011,77.817531,2.18,3.6
3217,College,Park_3217,Mumbai,Andheri,12.663197,79.390981,6.07,3.6
3218,Park,Park_3218,Pune,Wakad,18.345585,73.819546,2.55,4.7
3219,School,Metro_3219,Mumbai,Bandra,16.245954,74.039352,6.61,3.2
3220,Bus Stop,Park_3220,Bengaluru,Electronic City,14.472224,76.864252,3.12,3.8
3221,Restaurant,Mall_3221,Pune,Kharadi,17.820199,79.345646,9.08,3.8
3222,Park,College_3222,Bengaluru,Whitefield,17.64118,73.399374,1.58,3.6
3223,Metro,Restaurant_3223,Hyderabad,Gachibowli,15.21642,72.776097,4.13,4.1
3224,Metro,Metro_3224,Mumbai,Andheri,16.621483,79.570996,3.71,4.3
3225,Hospital,College_3225,Hyderabad,Banjara Hills,18.830776,76.670184,8.29,3.3
3226,Metro,Bus Stop_3226,Mumbai,Powai,16.035467,77.34778,4.81,3.6
3227,Hospital,School_3227,Hyderabad,Gachibowli,14.287548,73.380012,8.66,3.8
3228,Hospital,Mall_3228,Mumbai,Bandra,17.359583,72.517114,9.45,3.7
3229,Mall,Park_3229,Pune,Kharadi,12.950711,77.221701,9.57,4.2
3230,Mall,School_3230,Chennai,OMR,13.59421,73.45648,0.4,3.2
3231,Metro,Metro_3231,Mumbai,Thane,13.508465,78.900514,7.29,4.3
3232,Metro,Mall_3232,Hyderabad,Kondapur,17.985377,76.393232,2.87,3.0
3233,College,Restaurant_3233,Mumbai,Andheri,15.145365,72.969946,5.96,4.3
3234,Restaurant,Park_3234,Pune,Baner,15.150674,73.877955,8.74,4.0
3235,College,Park_3235,Bengaluru,Electronic City,15.99938,76.556877,9.63,4.6
3236,Restaurant,Hospital_3236,Pune,Hinjewadi,17.326777,73.445094,6.66,4.5
3237,Restaurant,School_3237,Pune,Hinjewadi,15.056316,73.843787,2.53,4.7
3238,Mall,College_3238,Pune,Hinjewadi,16.540807,79.765253,2.79,4.2
3239,Metro,Metro_3239,Bengaluru,HSR Layout,14.518678,74.035273,5.9,4.0
3240,Airport,Metro_3240,Bengaluru,HSR Layout,15.592483,75.71365,6.95,3.8
3241,School,Airport_3241,Mumbai,Bandra,15.505021,73.986947,4.06,4.5
3242,Restaurant,Bus Stop_3242,Hyderabad,Miyapur,12.472474,76.932845,2.5,5.0
3243,School,Park_3243,Pune,Wakad,13.776918,79.345794,5.84,3.0
3244,Bus Stop,Hospital_3244,Bengaluru,Whitefield,12.137997,76.585475,5.14,4.6
3245,Park,Hospital_3245,Bengaluru,HSR Layout,16.732649,76.330261,1.13,4.7
3246,Metro,Metro_3246,Mumbai,Andheri,12.351637,77.825394,9.52,3.3
3247,School,Airport_3247,Hyderabad,Jubilee Hills,18.937786,72.980632,6.08,4.2
3248,Metro,Airport_3248,Mumbai,Bandra,17.365698,75.763243,3.12,4.3
3249,Park,Metro_3249,Chennai,Velachery,17.994691,76.936049,3.85,3.8
3250,Park,School_3250,Hyderabad,Banjara Hills,12.106587,72.390822,9.68,4.5
3251,Restaurant,Bus Stop_3251,Chennai,Velachery,13.811899,79.17137,5.47,3.5
3252,Bus Stop,School_3252,Pune,Wakad,13.682753,78.763193,2.6,4.9
3253,Mall,School_3253,Chennai,Adyar,16.19419,73.758821,5.65,4.0
3254,Park,Mall_3254,Mumbai,Bandra,15.58594,78.492658,1.03,4.8
3255,School,Mall_3255,Bengaluru,Electronic City,14.662848,79.316845,5.36,5.0
3256,Restaurant,Metro_3256,Chennai,Velachery,12.941744,76.594943,5.3,4.5
3257,Bus Stop,Restaurant_3257,Chennai,OMR,18.46329,72.045242,2.94,3.5
3258,Restaurant,Mall_3258,Bengaluru,HSR Layout,15.309052,78.258688,8.95,5.0
3259,Airport,College_3259,Pune,Wakad,15.407748,75.454249,5.89,3.5
3260,Park,Park_3260,Bengaluru,Whitefield,13.205485,73.359082,2.6,4.5
3261,Park,Hospital_3261,Chennai,Anna Nagar,18.375889,78.067536,9.27,4.7
3262,Restaurant,School_3262,Pune,Hinjewadi,12.449084,78.548059,2.89,4.6
3263,College,Restaurant_3263,Chennai,Adyar,14.025382,79.325585,2.94,3.9
3264,Airport,College_3264,Bengaluru,Electronic City,15.546318,76.817257,2.2,3.7
3265,Hospital,Park_3265,Chennai,Anna Nagar,13.780456,77.51431,1.97,3.5
3266,Airport,Metro_3266,Chennai,Anna Nagar,12.442291,79.860888,2.03,3.8
3267,Airport,Metro_3267,Bengaluru,Electronic City,13.078729,79.478639,6.83,3.5
3268,Hospital,College_3268,Pune,Wakad,17.014773,78.686591,9.63,3.9
3269,Airport,Airport_3269,Chennai,OMR,13.070148,77.557014,7.76,3.7
3270,Park,Bus Stop_3270,Mumbai,Powai,17.607382,74.912839,2.51,3.5
3271,Restaurant,Park_3271,Bengaluru,Indiranagar,14.322529,74.401918,4.22,4.6
3272,School,College_3272,Hyderabad,Kukatpally,12.555269,78.515371,4.59,4.4
3273,College,Park_3273,Pune,Kharadi,17.40435,78.757695,8.08,3.5
3274,School,Park_3274,Hyderabad,Miyapur,12.422079,78.253335,1.59,3.0
3275,Hospital,School_3275,Pune,Wakad,17.341879,79.114669,4.98,3.2
3276,Metro,Park_3276,Chennai,Velachery,17.328523,76.654728,8.8,4.4
3277,Mall,School_3277,Pune,Baner,14.162344,73.18724,5.46,4.0
3278,Hospital,Bus Stop_3278,Mumbai,Thane,18.650393,75.098674,4.67,3.8
3279,School,Park_3279,Hyderabad,Miyapur,12.54674,79.181036,2.35,3.7
3280,Hospital,School_3280,Mumbai,Thane,18.556144,78.58439,4.81,3.4
3281,College,Bus Stop_3281,Pune,Hinjewadi,18.667603,79.067084,0.94,4.7
3282,Mall,College_3282,Hyderabad,Miyapur,14.020668,78.071597,8.17,3.5
3283,Mall,Mall_3283,Mumbai,Thane,16.243341,78.778225,8.23,4.5
3284,School,Airport_3284,Hyderabad,Miyapur,18.100582,77.457027,2.58,4.9
3285,Metro,Bus Stop_3285,Mumbai,Powai,16.07033,72.478353,9.38,5.0
3286,Hospital,School_3286,Pune,Hinjewadi,18.312084,74.728286,9.59,3.7
3287,Airport,Airport_3287,Pune,Hinjewadi,12.188007,74.245041,1.24,4.4
3288,Bus Stop,School_3288,Chennai,Anna Nagar,17.368577,73.038739,5.01,4.1
3289,Mall,Airport_3289,Bengaluru,HSR Layout,12.849751,79.921452,2.98,4.6
3290,Airport,Restaurant_3290,Mumbai,Bandra,14.662689,72.315073,4.72,3.8
3291,Mall,School_3291,Mumbai,Thane,13.190038,76.624447,0.97,3.4
3292,Mall,Airport_3292,Chennai,Velachery,17.99389,79.126879,4.63,4.9
3293,Restaurant,Airport_3293,Mumbai,Thane,12.49233,77.40285,2.2,3.3
3294,College,Restaurant_3294,Pune,Baner,18.371956,77.695967,3.93,3.0
3295,Bus Stop,Restaurant_3295,Mumbai,Thane,18.648543,75.071784,1.16,3.5
3296,Restaurant,Bus Stop_3296,Pune,Wakad,14.935273,74.178807,2.17,3.1
3297,Bus Stop,Airport_3297,Bengaluru,Whitefield,13.51715,78.640739,5.43,3.9
3298,Park,Bus Stop_3298,Chennai,Adyar,14.713664,78.67903,9.97,4.1
3299,Park,Metro_3299,Hyderabad,Madhapur,16.380686,79.572637,3.93,3.3
3300,Airport,Airport_3300,Pune,Baner,13.917216,74.865466,4.53,3.6
3301,Park,School_3301,Hyderabad,Banjara Hills,14.926446,77.648986,1.96,3.5
3302,Metro,School_3302,Pune,Kharadi,18.114866,74.644353,6.87,3.1
3303,Park,Bus Stop_3303,Hyderabad,Kondapur,17.472926,76.464844,7.9,3.3
3304,Mall,Airport_3304,Chennai,Adyar,17.482457,73.209996,5.44,4.1
3305,School,Park_3305,Mumbai,Bandra,18.323019,77.315203,0.25,4.7
3306,Mall,Park_3306,Pune,Kharadi,16.981844,76.129633,1.57,4.1
3307,Airport,Airport_3307,Mumbai,Thane,12.234985,74.076755,3.84,4.2
3308,School,Bus Stop_3308,Pune,Wakad,17.826157,79.612541,8.49,3.5
3309,Restaurant,Restaurant_3309,Pune,Wakad,17.400492,76.122105,7.3,3.6
3310,Restaurant,Metro_3310,Mumbai,Thane,15.030932,75.750083,2.35,4.4
3311,College,Park_3311,Mumbai,Thane,16.177423,73.071319,5.68,4.3
3312,Mall,Mall_3312,Hyderabad,Gachibowli,16.308926,74.969208,7.86,4.4
3313,Airport,Bus Stop_3313,Chennai,Adyar,16.674027,74.102588,2.71,4.7
3314,Metro,College_3314,Pune,Kharadi,17.615807,77.811216,6.63,4.1
3315,Park,Metro_3315,Pune,Kharadi,17.098313,79.680497,8.17,4.7
3316,Bus Stop,Bus Stop_3316,Mumbai,Thane,12.905694,79.87036,7.09,4.7
3317,Restaurant,Restaurant_3317,Hyderabad,Kondapur,12.352597,77.815698,7.8,4.2
3318,Metro,Mall_3318,Mumbai,Andheri,12.111841,77.310332,7.88,3.1
3319,Bus Stop,Restaurant_3319,Pune,Hinjewadi,12.183336,77.575497,9.49,3.0
3320,Hospital,Bus Stop_3320,Mumbai,Andheri,14.666197,76.792327,9.59,4.0
3321,Restaurant,Park_3321,Mumbai,Bandra,14.092172,75.908608,7.29,3.2
3322,Hospital,Mall_3322,Hyderabad,Gachibowli,18.019715,79.384822,2.31,3.2
3323,Hospital,Airport_3323,Chennai,Adyar,15.292829,73.178665,5.73,4.7
3324,Hospital,Mall_3324,Mumbai,Bandra,16.667839,77.957944,3.31,3.7
3325,Restaurant,Metro_3325,Pune,Kharadi,13.607069,78.48303,7.81,4.6
3326,Metro,Mall_3326,Hyderabad,Jubilee Hills,18.47654,78.26261,7.95,3.8
3327,Metro,Metro_3327,Mumbai,Powai,16.624881,72.26113,6.16,3.9
3328,School,Hospital_3328,Bengaluru,Whitefield,18.666847,73.131481,2.56,3.2
3329,School,Bus Stop_3329,Mumbai,Powai,15.843818,75.912055,7.51,3.1
3330,Metro,Airport_3330,Mumbai,Andheri,17.887167,79.099643,2.04,4.8
3331,Metro,Metro_3331,Bengaluru,HSR Layout,17.366009,73.838881,6.91,4.1
3332,School,Bus Stop_3332,Mumbai,Thane,16.236246,73.602378,9.29,3.0
3333,Park,Mall_3333,Bengaluru,Electronic City,16.472601,77.657735,0.12,4.5
3334,Restaurant,College_3334,Chennai,Adyar,13.935107,75.476163,2.2,4.1
3335,College,Restaurant_3335,Chennai,OMR,15.577841,75.934328,9.12,3.6
3336,Hospital,Airport_3336,Chennai,OMR,14.70367,79.055104,3.65,3.4
3337,School,Mall_3337,Hyderabad,Banjara Hills,18.969289,74.514617,8.03,3.8
3338,Airport,School_3338,Mumbai,Thane,15.573449,75.812653,5.97,3.2
3339,Metro,Bus Stop_3339,Pune,Kharadi,14.38491,75.901318,3.61,3.3
3340,Mall,Mall_3340,Bengaluru,Whitefield,15.96603,78.813764,7.43,4.2
3341,Metro,Metro_3341,Pune,Baner,16.258334,79.523078,4.85,4.9
3342,Park,Restaurant_3342,Pune,Baner,16.637347,75.571761,3.78,3.8
3343,Restaurant,Hospital_3343,Mumbai,Powai,13.839703,78.172371,8.86,4.0
3344,Park,Airport_3344,Pune,Kharadi,12.502136,77.539434,3.2,3.1
3345,Bus Stop,Metro_3345,Hyderabad,Banjara Hills,13.886657,75.723265,2.91,3.3
3346,Metro,Mall_3346,Hyderabad,Jubilee Hills,14.954958,78.965559,9.11,3.2
3347,Park,Metro_3347,Pune,Hinjewadi,14.783034,76.527492,6.17,4.2
3348,Hospital,Mall_3348,Chennai,Velachery,16.356905,75.661883,5.89,4.7
3349,Park,Restaurant_3349,Hyderabad,Miyapur,14.490441,78.961855,5.73,3.3
3350,Bus Stop,Mall_3350,Bengaluru,Indiranagar,18.789748,72.456526,7.76,4.5
3351,School,Metro_3351,Chennai,OMR,18.82897,76.931235,1.15,3.8
3352,Restaurant,Metro_3352,Hyderabad,Kukatpally,13.733238,77.591535,0.78,4.0
3353,College,College_3353,Mumbai,Andheri,17.158131,78.506103,2.41,4.8
3354,Metro,College_3354,Hyderabad,Madhapur,16.916217,78.952124,0.19,3.2
3355,Metro,Metro_3355,Pune,Wakad,13.298705,78.978608,1.34,3.4
3356,Metro,Airport_3356,Hyderabad,Kukatpally,15.100173,76.214081,3.25,3.2
3357,Airport,School_3357,Bengaluru,Whitefield,13.806588,76.362617,3.57,3.4
3358,Hospital,Park_3358,Bengaluru,HSR Layout,15.582635,75.27049,6.95,3.8
3359,School,Metro_3359,Bengaluru,Indiranagar,14.112584,78.354287,8.54,4.3
3360,School,Metro_3360,Pune,Baner,15.037482,72.96106,8.52,3.5
3361,School,School_3361,Hyderabad,Kukatpally,16.134789,77.987727,2.19,3.6
3362,Mall,Hospital_3362,Pune,Hinjewadi,13.840043,79.930703,6.35,5.0
3363,Airport,Hospital_3363,Bengaluru,Electronic City,15.885657,72.004435,8.24,3.7
3364,Bus Stop,Bus Stop_3364,Chennai,Velachery,14.835936,73.209319,6.49,4.6
3365,Restaurant,Hospital_3365,Bengaluru,HSR Layout,17.101854,74.900822,8.49,3.9
3366,Airport,Metro_3366,Chennai,Velachery,14.143908,73.164136,2.92,3.1
3367,School,Restaurant_3367,Pune,Baner,15.440335,77.037887,8.39,4.6
3368,College,School_3368,Chennai,OMR,13.037157,79.021617,4.66,4.5
3369,Metro,Park_3369,Chennai,OMR,16.875444,73.13693,9.78,3.4
3370,Park,Airport_3370,Chennai,Velachery,13.321261,77.667476,9.03,3.1
3371,Airport,Airport_3371,Pune,Hinjewadi,18.91064,73.842451,0.68,3.5
3372,College,Hospital_3372,Pune,Baner,15.964886,79.241039,8.61,4.2
3373,College,College_3373,Mumbai,Andheri,18.715996,77.976806,5.66,5.0
3374,Metro,Airport_3374,Hyderabad,Madhapur,18.765699,79.888764,1.03,3.6
3375,Metro,Airport_3375,Pune,Hinjewadi,17.314108,75.506159,0.92,3.4
3376,Metro,Metro_3376,Mumbai,Bandra,17.650629,73.24024,4.66,3.7
3377,Hospital,Mall_3377,Mumbai,Thane,15.037834,77.079696,7.94,4.2
3378,Park,School_3378,Mumbai,Andheri,13.338165,72.247726,2.45,3.1
3379,Airport,Bus Stop_3379,Pune,Baner,17.925947,75.985545,5.93,3.6
3380,Park,Restaurant_3380,Mumbai,Powai,16.408997,73.540038,5.17,3.2
3381,College,Airport_3381,Pune,Hinjewadi,14.523232,73.71829,0.44,3.1
3382,College,Mall_3382,Chennai,Velachery,18.389166,77.938993,2.94,4.0
3383,Bus Stop,Bus Stop_3383,Pune,Kharadi,16.303852,78.123554,6.34,4.0
3384,Mall,Hospital_3384,Mumbai,Thane,14.12757,78.655354,1.68,4.7
3385,Metro,Restaurant_3385,Hyderabad,Banjara Hills,18.241202,74.510988,2.54,3.3
3386,Hospital,Hospital_3386,Pune,Wakad,18.59777,78.046153,2.04,4.5
3387,School,Mall_3387,Hyderabad,Kukatpally,16.657184,76.606265,8.66,3.2
3388,Restaurant,Restaurant_3388,Chennai,Velachery,15.454493,75.333711,8.14,4.0
3389,School,Hospital_3389,Bengaluru,Whitefield,12.215353,77.192786,3.95,4.9
3390,Hospital,Metro_3390,Chennai,Velachery,14.614399,79.682596,7.21,3.5
3391,Park,Metro_3391,Mumbai,Andheri,15.734017,74.689551,0.31,4.8
3392,Airport,Park_3392,Bengaluru,Electronic City,18.402602,79.183206,1.16,3.2
3393,Bus Stop,Restaurant_3393,Chennai,Adyar,13.779575,77.990875,2.36,3.5
3394,Airport,Mall_3394,Mumbai,Thane,17.86966,77.088109,9.33,3.1
3395,Hospital,Airport_3395,Hyderabad,Kondapur,17.825108,73.021392,0.19,4.4
3396,Metro,School_3396,Bengaluru,HSR Layout,18.632036,77.629402,9.22,4.6
3397,College,Mall_3397,Hyderabad,Kukatpally,16.46583,77.857295,6.37,4.5
3398,Airport,Bus Stop_3398,Chennai,Anna Nagar,15.481666,77.017248,3.34,4.6
3399,Bus Stop,Mall_3399,Pune,Wakad,13.562425,77.159031,0.8,4.5
3400,Airport,Park_3400,Hyderabad,Gachibowli,16.815031,75.634183,7.73,4.6
3401,Bus Stop,Metro_3401,Hyderabad,Kukatpally,16.4206,76.357365,0.64,4.2
3402,Restaurant,College_3402,Bengaluru,HSR Layout,18.068777,77.566507,7.09,4.2
3403,School,Metro_3403,Chennai,Adyar,15.671161,78.04616,0.15,3.4
3404,Hospital,Restaurant_3404,Hyderabad,Kondapur,18.386282,77.37249,8.42,4.0
3405,Mall,Metro_3405,Mumbai,Thane,13.152322,76.060837,5.31,4.8
3406,College,Hospital_3406,Chennai,Velachery,18.567994,75.133107,4.74,3.8
3407,Airport,Mall_3407,Hyderabad,Jubilee Hills,12.623195,79.625939,2.34,3.6
3408,Park,Airport_3408,Mumbai,Powai,16.672634,73.676899,1.66,4.1
3409,College,Mall_3409,Bengaluru,HSR Layout,12.76,78.901184,7.77,3.6
3410,Mall,Restaurant_3410,Pune,Kharadi,14.390283,72.870417,6.56,3.8
3411,Bus Stop,Metro_3411,Bengaluru,Indiranagar,16.100544,76.577445,5.58,3.1
3412,Hospital,Bus Stop_3412,Hyderabad,Jubilee Hills,16.495397,76.480669,2.84,3.5
3413,Mall,Airport_3413,Mumbai,Andheri,14.504874,75.89038,4.36,4.6
3414,Bus Stop,Hospital_3414,Bengaluru,Electronic City,14.857905,72.658612,7.19,4.1
3415,Park,Restaurant_3415,Chennai,Velachery,13.058146,78.908016,6.84,3.3
3416,Airport,Bus Stop_3416,Hyderabad,Miyapur,12.332747,78.92342,4.37,4.4
3417,Park,Park_3417,Chennai,OMR,16.908939,72.933952,2.16,4.0
3418,Airport,Park_3418,Chennai,Anna Nagar,17.61839,76.642876,7.73,4.2
3419,Bus Stop,Hospital_3419,Pune,Kharadi,17.435889,77.592801,0.14,3.5
3420,Hospital,Restaurant_3420,Mumbai,Thane,14.445162,78.209672,3.66,4.4
3421,School,Airport_3421,Bengaluru,Indiranagar,13.256613,72.091981,7.83,3.0
3422,Metro,Park_3422,Mumbai,Bandra,14.163956,79.072563,1.52,4.9
3423,Metro,Restaurant_3423,Chennai,OMR,13.888106,73.463879,0.34,3.1
3424,Metro,School_3424,Chennai,Velachery,17.464796,76.240199,6.97,3.3
3425,Metro,Metro_3425,Hyderabad,Madhapur,13.083655,77.02551,4.28,3.2
3426,Mall,College_3426,Bengaluru,HSR Layout,14.457103,78.380547,2.63,4.4
3427,Hospital,Mall_3427,Pune,Hinjewadi,18.71714,79.918775,4.03,4.8
3428,Metro,Bus Stop_3428,Hyderabad,Kukatpally,17.688771,75.176097,4.77,3.0
3429,Mall,College_3429,Chennai,Anna Nagar,12.021372,72.546713,4.74,3.1
3430,Mall,Bus Stop_3430,Chennai,Anna Nagar,17.599591,76.769126,0.86,4.4
3431,Park,Airport_3431,Pune,Hinjewadi,14.54282,79.358431,7.91,3.1
3432,Airport,Bus Stop_3432,Mumbai,Andheri,14.252737,72.11121,7.33,4.5
3433,Mall,Metro_3433,Chennai,OMR,16.686684,75.744094,0.33,3.7
3434,Restaurant,Restaurant_3434,Hyderabad,Banjara Hills,13.602815,76.101377,0.89,4.4
3435,Park,Park_3435,Hyderabad,Jubilee Hills,13.561472,75.810483,6.47,4.7
3436,Metro,Restaurant_3436,Bengaluru,HSR Layout,17.091977,72.425758,4.76,3.5
3437,Metro,College_3437,Bengaluru,Indiranagar,17.481298,75.080645,6.26,4.3
3438,Bus Stop,Park_3438,Bengaluru,Electronic City,18.373723,76.36154,6.52,3.4
3439,Restaurant,School_3439,Hyderabad,Kukatpally,18.834817,74.99452,2.31,4.9
3440,Restaurant,Park_3440,Mumbai,Bandra,14.616753,79.503096,8.6,3.2
3441,Bus Stop,Airport_3441,Mumbai,Powai,16.787748,78.468827,0.4,4.6
3442,Mall,School_3442,Chennai,Adyar,15.119419,72.880584,0.59,4.5
3443,Mall,Airport_3443,Chennai,Adyar,16.603301,77.594574,0.18,4.5
3444,Airport,Park_3444,Pune,Kharadi,12.460958,76.143244,0.19,3.6
3445,Park,Airport_3445,Hyderabad,Kukatpally,14.70695,76.363137,4.9,4.7
3446,Mall,College_3446,Pune,Kharadi,14.383099,73.649854,3.3,4.5
3447,Metro,Airport_3447,Mumbai,Bandra,12.838661,79.866783,5.72,4.5
3448,College,Mall_3448,Pune,Kharadi,16.098794,79.930601,5.74,3.4
3449,Hospital,College_3449,Hyderabad,Gachibowli,12.292038,79.304086,0.67,3.6
3450,Mall,College_3450,Mumbai,Thane,12.417577,73.116139,7.49,3.1
3451,Restaurant,Park_3451,Bengaluru,Indiranagar,13.195921,79.030956,9.02,4.2
3452,Bus Stop,College_3452,Hyderabad,Banjara Hills,16.608494,74.486565,1.35,3.5
3453,Airport,Metro_3453,Hyderabad,Madhapur,13.768801,74.552045,9.34,3.7
3454,Airport,Hospital_3454,Mumbai,Bandra,14.035484,73.399076,9.84,4.2
3455,Park,Bus Stop_3455,Bengaluru,HSR Layout,12.857236,73.198974,5.39,4.0
3456,Mall,School_3456,Pune,Baner,17.643485,78.504756,7.09,4.8
3457,College,Restaurant_3457,Bengaluru,Electronic City,12.73811,74.242505,8.18,4.0
3458,Bus Stop,Restaurant_3458,Mumbai,Bandra,17.16426,75.820577,2.38,3.6
3459,College,College_3459,Hyderabad,Kondapur,17.934673,75.115536,8.06,4.4
3460,Hospital,School_3460,Chennai,Adyar,14.693127,74.724926,1.29,3.6
3461,Park,Hospital_3461,Bengaluru,HSR Layout,15.882412,73.661861,5.22,3.7
3462,Hospital,Mall_3462,Hyderabad,Kukatpally,12.747298,78.626407,0.38,4.5
3463,Bus Stop,Metro_3463,Mumbai,Andheri,18.546828,76.976214,3.66,4.7
3464,Park,School_3464,Chennai,Anna Nagar,14.881817,74.36048,2.17,4.6
3465,Restaurant,Airport_3465,Pune,Wakad,17.534426,79.742292,6.41,3.6
3466,Restaurant,College_3466,Hyderabad,Jubilee Hills,12.918528,73.923375,1.06,3.3
3467,Bus Stop,School_3467,Mumbai,Thane,14.629843,74.305428,9.15,4.2
3468,College,Airport_3468,Chennai,OMR,18.559625,78.006523,4.67,4.9
3469,School,School_3469,Pune,Hinjewadi,17.516456,72.053163,4.08,4.3
3470,Hospital,Metro_3470,Pune,Wakad,17.32683,76.461208,6.32,4.1
3471,Park,School_3471,Bengaluru,HSR Layout,12.561592,73.019366,5.02,3.6
3472,Airport,Bus Stop_3472,Hyderabad,Kukatpally,15.923394,77.063431,8.01,3.0
3473,Restaurant,Hospital_3473,Mumbai,Bandra,15.4382,78.677784,1.94,4.4
3474,Metro,Park_3474,Chennai,OMR,18.998791,75.374191,8.31,4.9
3475,Park,Restaurant_3475,Pune,Kharadi,12.359117,72.225206,9.01,3.7
3476,Airport,Bus Stop_3476,Chennai,Velachery,17.839421,77.584748,9.86,3.3
3477,Airport,Bus Stop_3477,Chennai,OMR,17.396722,74.579325,5.4,4.6
3478,Airport,Mall_3478,Bengaluru,Electronic City,14.947643,79.847158,2.99,3.7
3479,College,Metro_3479,Pune,Hinjewadi,16.499729,79.109081,9.75,3.9
3480,Hospital,Bus Stop_3480,Chennai,Anna Nagar,17.620479,79.028149,7.26,3.3
3481,Airport,College_3481,Hyderabad,Kukatpally,12.11301,72.590019,6.87,4.1
3482,School,Metro_3482,Mumbai,Andheri,15.796451,76.107065,1.85,4.4
3483,Mall,College_3483,Pune,Wakad,15.739215,78.101314,3.29,3.1
3484,Metro,Park_3484,Mumbai,Thane,13.182954,78.98596,2.2,4.4
3485,School,Mall_3485,Bengaluru,Whitefield,14.107697,74.891053,7.61,4.7
3486,Hospital,Restaurant_3486,Pune,Kharadi,16.335629,75.43802,6.04,4.6
3487,Park,Park_3487,Bengaluru,Electronic City,15.585527,73.998527,9.61,4.6
3488,Restaurant,Metro_3488,Pune,Wakad,18.454504,75.44287,3.91,3.8
3489,Airport,Park_3489,Hyderabad,Banjara Hills,16.481066,78.990497,3.58,3.1
3490,Restaurant,Mall_3490,Chennai,Velachery,12.845044,77.30544,5.55,3.0
3491,Metro,Bus Stop_3491,Bengaluru,Whitefield,14.85932,74.813182,4.93,3.7
3492,Restaurant,Restaurant_3492,Hyderabad,Miyapur,18.841477,76.207256,0.26,3.1
3493,Hospital,School_3493,Bengaluru,Whitefield,13.361915,76.604096,7.54,3.0
3494,School,Hospital_3494,Bengaluru,HSR Layout,15.060211,75.868485,6.1,3.4
3495,Bus Stop,School_3495,Chennai,Velachery,17.643751,78.761232,8.48,4.4
3496,Bus Stop,College_3496,Hyderabad,Kukatpally,16.456588,77.952644,9.89,3.3
3497,Bus Stop,Restaurant_3497,Chennai,Adyar,15.463413,74.794574,0.97,3.4
3498,Metro,College_3498,Hyderabad,Gachibowli,12.086525,79.643846,8.97,3.7
3499,Restaurant,Mall_3499,Pune,Kharadi,14.993949,74.745239,5.61,3.8
3500,Airport,Metro_3500,Chennai,OMR,13.063165,78.47238,1.62,3.1
3501,Mall,Park_3501,Bengaluru,HSR Layout,17.203701,75.678174,9.82,3.7
3502,Park,College_3502,Mumbai,Bandra,18.361874,72.561434,2.49,3.2
3503,Metro,Restaurant_3503,Bengaluru,Whitefield,17.730034,77.060506,4.69,3.4
3504,Park,Bus Stop_3504,Mumbai,Powai,18.122589,73.965382,1.44,4.9
3505,Airport,Hospital_3505,Hyderabad,Jubilee Hills,12.160169,74.751244,4.73,3.1
3506,Bus Stop,College_3506,Chennai,Anna Nagar,14.668161,72.776269,5.43,3.3
3507,Park,College_3507,Pune,Kharadi,14.790323,77.659517,2.04,4.9
3508,Park,College_3508,Chennai,Adyar,15.992393,75.79536,4.16,4.7
3509,Metro,Metro_3509,Hyderabad,Banjara Hills,17.153017,72.81515,8.66,3.6
3510,Airport,Mall_3510,Hyderabad,Madhapur,16.611861,74.858804,0.56,3.4
3511,School,Metro_3511,Bengaluru,Electronic City,13.398643,78.825697,5.97,4.9
3512,Restaurant,School_3512,Hyderabad,Banjara Hills,17.368833,78.105304,3.21,3.1
3513,Bus Stop,Bus Stop_3513,Bengaluru,HSR Layout,14.950907,72.549738,4.09,4.7
3514,Mall,Hospital_3514,Pune,Hinjewadi,13.776909,78.302494,1.04,4.6
3515,School,Bus Stop_3515,Chennai,Adyar,17.977631,73.23491,4.62,3.0
3516,Restaurant,Hospital_3516,Chennai,Anna Nagar,17.824388,72.787058,0.25,4.1
3517,Airport,Mall_3517,Hyderabad,Kukatpally,15.831488,75.889794,4.47,3.3
3518,Airport,Bus Stop_3518,Chennai,OMR,14.938056,72.304175,0.98,3.6
3519,Bus Stop,Mall_3519,Chennai,OMR,18.236817,74.843038,3.21,4.7
3520,Mall,School_3520,Hyderabad,Banjara Hills,14.464717,74.965232,6.79,4.2
3521,Airport,Hospital_3521,Chennai,Velachery,18.082028,73.938433,1.74,3.0
3522,Metro,College_3522,Hyderabad,Kondapur,13.002255,77.061655,8.32,4.3
3523,Bus Stop,Metro_3523,Chennai,Anna Nagar,18.488189,73.648937,1.07,4.9
3524,Park,Mall_3524,Chennai,Anna Nagar,16.269893,72.37108,6.95,4.2
3525,Park,Mall_3525,Bengaluru,Indiranagar,16.436803,77.038509,7.24,3.7
3526,School,Park_3526,Hyderabad,Banjara Hills,18.35171,76.863705,8.75,4.4
3527,Mall,Hospital_3527,Hyderabad,Kukatpally,13.797391,76.560049,1.78,4.6
3528,Metro,School_3528,Bengaluru,HSR Layout,17.838782,77.729204,4.81,4.7
3529,Bus Stop,School_3529,Bengaluru,HSR Layout,14.204918,77.726447,5.9,4.0
3530,Metro,Hospital_3530,Mumbai,Bandra,14.471895,79.440987,9.79,3.3
3531,College,Airport_3531,Chennai,OMR,18.856844,78.005807,3.92,4.8
3532,Restaurant,Restaurant_3532,Chennai,Anna Nagar,17.145235,79.264874,3.57,5.0
3533,College,Mall_3533,Hyderabad,Kondapur,13.879724,72.86236,0.56,4.8
3534,Park,Hospital_3534,Pune,Kharadi,13.453171,79.938767,6.14,4.3
3535,Mall,Hospital_3535,Chennai,OMR,16.648913,76.338603,1.29,3.7
3536,Airport,Mall_3536,Mumbai,Bandra,13.755674,78.970265,8.87,4.9
3537,Hospital,College_3537,Bengaluru,Whitefield,12.818782,73.766746,7.43,4.5
3538,Hospital,Mall_3538,Bengaluru,Indiranagar,15.873306,74.450458,4.84,3.8
3539,Airport,School_3539,Hyderabad,Jubilee Hills,13.930829,79.007001,8.0,4.7
3540,Park,Park_3540,Pune,Kharadi,17.363909,78.202723,0.37,4.9
3541,College,Park_3541,Hyderabad,Madhapur,14.731129,74.318181,4.26,5.0
3542,School,Metro_3542,Mumbai,Powai,13.236118,76.203151,0.49,4.1
3543,Hospital,Bus Stop_3543,Pune,Wakad,17.478579,77.606356,3.99,4.8
3544,College,Airport_3544,Hyderabad,Gachibowli,18.953742,79.733155,4.91,3.2
3545,Airport,Park_3545,Bengaluru,Whitefield,16.186025,72.853121,8.51,4.6
3546,Hospital,Park_3546,Chennai,Velachery,13.52581,76.861315,6.35,3.5
3547,Metro,Mall_3547,Pune,Wakad,17.561617,72.663486,3.03,3.9
3548,Mall,Metro_3548,Hyderabad,Kondapur,16.542318,72.792166,5.1,3.7
3549,School,Mall_3549,Mumbai,Thane,15.933801,77.831498,1.54,4.9
3550,Park,School_3550,Chennai,Anna Nagar,12.701566,79.719202,7.49,3.2
3551,Mall,Metro_3551,Hyderabad,Gachibowli,13.669165,76.660835,1.07,4.8
3552,Metro,Mall_3552,Chennai,Anna Nagar,14.694344,75.463525,1.37,4.4
3553,School,School_3553,Hyderabad,Kukatpally,12.051361,78.675042,3.96,4.7
3554,Bus Stop,Mall_3554,Pune,Baner,15.251144,76.514059,0.71,4.3
3555,School,Park_3555,Pune,Hinjewadi,13.1438,74.445842,4.12,4.5
3556,College,College_3556,Mumbai,Bandra,14.585357,78.615332,6.32,3.9
3557,Restaurant,Airport_3557,Chennai,Velachery,18.348517,79.036271,1.98,4.9
3558,Bus Stop,Metro_3558,Pune,Wakad,17.376097,76.56967,4.38,5.0
3559,Park,Bus Stop_3559,Chennai,Anna Nagar,14.840005,72.535856,6.9,4.1
3560,Restaurant,Metro_3560,Mumbai,Bandra,14.702763,74.204156,0.31,4.6
3561,Restaurant,Mall_3561,Bengaluru,HSR Layout,18.702941,75.24804,2.16,3.1
3562,Airport,Bus Stop_3562,Mumbai,Bandra,16.688757,78.616939,3.91,4.3
3563,Airport,Hospital_3563,Chennai,Velachery,15.399117,77.889968,9.36,3.5
3564,Mall,College_3564,Bengaluru,Indiranagar,16.492232,74.127862,9.76,4.0
3565,Metro,Restaurant_3565,Mumbai,Powai,13.416671,76.642361,8.66,4.6
3566,Hospital,Hospital_3566,Mumbai,Thane,14.661344,78.429828,1.85,3.1
3567,Bus Stop,School_3567,Hyderabad,Jubilee Hills,15.052598,73.746197,1.31,4.4
3568,School,School_3568,Pune,Hinjewadi,15.477094,75.259435,7.59,4.3
3569,Hospital,Metro_3569,Chennai,OMR,15.486889,79.589735,7.94,4.3
3570,Hospital,Hospital_3570,Bengaluru,Electronic City,16.189204,78.486516,5.64,4.6
3571,Restaurant,Restaurant_3571,Bengaluru,HSR Layout,16.202436,73.898989,2.34,4.7
3572,Metro,Restaurant_3572,Chennai,OMR,15.915704,76.348252,8.12,3.4
3573,Restaurant,Bus Stop_3573,Mumbai,Thane,12.6342,72.494868,5.82,3.9
3574,Airport,Park_3574,Pune,Hinjewadi,15.716942,73.332607,5.67,3.9
3575,Bus Stop,Mall_3575,Chennai,OMR,13.658688,79.753102,1.74,4.6
3576,Hospital,School_3576,Pune,Kharadi,14.949979,76.149465,5.31,4.4
3577,Mall,Mall_3577,Mumbai,Powai,15.579246,75.65042,5.42,4.0
3578,Metro,Restaurant_3578,Hyderabad,Kukatpally,18.136714,73.113173,8.1,3.2
3579,Airport,Metro_3579,Hyderabad,Jubilee Hills,14.806357,79.984309,3.5,4.0
3580,Metro,Mall_3580,Bengaluru,Whitefield,18.104723,72.181797,6.04,3.6
3581,Mall,Park_3581,Pune,Baner,17.721122,76.600464,9.83,3.3
3582,Airport,Park_3582,Mumbai,Andheri,12.092454,77.301323,6.01,4.6
3583,Metro,Bus Stop_3583,Bengaluru,Indiranagar,12.395121,75.935194,4.23,3.3
3584,Airport,Airport_3584,Hyderabad,Kukatpally,17.758399,76.261737,0.46,3.8
3585,Bus Stop,Airport_3585,Bengaluru,Indiranagar,14.352087,75.709186,7.12,3.5
3586,School,Restaurant_3586,Mumbai,Andheri,14.727636,74.707806,7.84,4.2
3587,Hospital,Airport_3587,Hyderabad,Jubilee Hills,17.682311,75.290623,1.91,3.1
3588,Park,Bus Stop_3588,Chennai,Anna Nagar,17.809538,75.078742,4.8,3.1
3589,Metro,Restaurant_3589,Bengaluru,Electronic City,13.990872,74.741936,6.06,4.0
3590,School,Park_3590,Chennai,Velachery,16.256321,72.86147,8.6,4.3
3591,Airport,Mall_3591,Chennai,Adyar,17.299617,79.302165,9.32,4.5
3592,School,Airport_3592,Pune,Baner,14.439843,77.987384,3.39,3.2
3593,Mall,College_3593,Pune,Hinjewadi,17.867446,77.143565,4.55,3.3
3594,Bus Stop,College_3594,Chennai,Velachery,18.775124,79.196595,3.25,4.4
3595,School,Metro_3595,Mumbai,Andheri,18.032088,78.723367,1.66,4.0
3596,Airport,Mall_3596,Pune,Hinjewadi,13.274417,78.671166,4.96,4.0
3597,School,Hospital_3597,Chennai,Adyar,15.294016,73.880808,2.08,4.6
3598,School,Restaurant_3598,Mumbai,Andheri,16.278397,79.671868,0.66,3.8
3599,School,Airport_3599,Chennai,Velachery,14.669847,73.82415,1.92,4.5
3600,Mall,Restaurant_3600,Mumbai,Andheri,13.681523,72.51867,0.41,5.0
3601,Airport,Park_3601,Pune,Baner,15.574012,75.08501,4.89,3.2
3602,Mall,Mall_3602,Hyderabad,Kukatpally,17.989724,79.32958,0.28,3.9
3603,College,Park_3603,Chennai,Anna Nagar,18.426486,74.16276,8.26,3.8
3604,Metro,School_3604,Pune,Hinjewadi,14.533441,72.045919,1.18,3.5
3605,Airport,School_3605,Mumbai,Powai,12.917127,73.260212,4.31,3.3
3606,Mall,Metro_3606,Hyderabad,Kukatpally,14.772989,77.305158,9.55,4.3
3607,School,Bus Stop_3607,Chennai,Anna Nagar,14.460248,74.880299,6.75,3.4
3608,College,Bus Stop_3608,Bengaluru,Electronic City,18.087393,74.939766,5.87,4.1
3609,Hospital,Restaurant_3609,Bengaluru,HSR Layout,13.137956,77.705171,8.38,3.5
3610,Mall,Airport_3610,Chennai,OMR,15.27767,76.591542,2.22,3.1
3611,Bus Stop,Mall_3611,Mumbai,Powai,14.231737,73.543958,7.15,4.5
3612,College,Restaurant_3612,Hyderabad,Banjara Hills,12.95111,75.093003,1.74,4.5
3613,Mall,Mall_3613,Pune,Baner,17.93482,76.005217,3.25,3.1
3614,Hospital,Airport_3614,Mumbai,Bandra,17.359517,77.706759,9.54,3.8
3615,Metro,Bus Stop_3615,Chennai,Adyar,14.314598,75.49095,2.1,4.3
3616,Mall,Restaurant_3616,Hyderabad,Madhapur,13.118643,74.286857,1.59,4.7
3617,Hospital,Airport_3617,Hyderabad,Jubilee Hills,12.368439,76.540865,8.58,3.3
3618,Mall,Mall_3618,Mumbai,Powai,12.707903,77.920182,1.27,3.8
3619,School,Airport_3619,Bengaluru,Whitefield,14.102971,74.789238,1.77,3.7
3620,Mall,Hospital_3620,Pune,Baner,17.874195,76.393104,1.72,3.0
3621,Restaurant,Metro_3621,Hyderabad,Kondapur,14.875326,78.330609,5.17,3.4
3622,Hospital,School_3622,Chennai,Adyar,13.259727,74.626141,0.89,3.7
3623,Metro,Metro_3623,Mumbai,Thane,12.998664,75.921693,0.26,4.5
3624,Bus Stop,Hospital_3624,Bengaluru,Electronic City,15.198587,75.071151,0.83,4.3
3625,Airport,Restaurant_3625,Pune,Kharadi,14.255975,73.24133,7.3,4.5
3626,Hospital,Hospital_3626,Bengaluru,HSR Layout,15.931418,74.217767,0.99,3.7
3627,College,Airport_3627,Bengaluru,Indiranagar,13.255265,75.993807,1.34,4.6
3628,College,Airport_3628,Hyderabad,Kondapur,14.407704,79.265727,1.44,4.5
3629,Bus Stop,Restaurant_3629,Hyderabad,Kondapur,15.051967,72.739181,8.12,4.9
3630,Park,Hospital_3630,Mumbai,Powai,12.674497,76.480984,7.32,3.8
3631,Hospital,Airport_3631,Mumbai,Thane,18.772025,77.236459,7.3,4.4
3632,Park,Metro_3632,Mumbai,Powai,14.904022,79.198623,7.49,4.7
3633,Metro,Bus Stop_3633,Chennai,Anna Nagar,15.777619,77.981631,7.42,3.6
3634,College,Bus Stop_3634,Chennai,Adyar,12.043729,76.697221,7.52,5.0
3635,School,Restaurant_3635,Bengaluru,Indiranagar,12.83587,72.460169,2.08,5.0
3636,College,Airport_3636,Hyderabad,Madhapur,16.92839,75.183369,2.54,4.0
3637,College,Hospital_3637,Mumbai,Thane,15.534839,79.737412,2.21,4.9
3638,Restaurant,Hospital_3638,Pune,Kharadi,13.76485,76.956949,4.8,3.3
3639,Hospital,Airport_3639,Pune,Wakad,13.601884,78.879052,3.04,4.7
3640,Hospital,Mall_3640,Pune,Baner,18.062246,74.864853,8.5,4.3
3641,Hospital,School_3641,Bengaluru,Electronic City,18.789107,77.676796,1.26,4.3
3642,Park,Mall_3642,Pune,Baner,17.796727,78.201041,9.65,3.2
3643,College,Metro_3643,Mumbai,Powai,18.956494,79.469265,9.61,3.4
3644,School,Park_3644,Mumbai,Powai,16.882428,78.683028,5.1,4.0
3645,College,Mall_3645,Hyderabad,Miyapur,15.5891,76.802467,4.97,4.3
3646,Park,Mall_3646,Pune,Hinjewadi,12.362135,73.399685,4.08,4.4
3647,Park,Airport_3647,Hyderabad,Kukatpally,18.047248,77.361255,1.33,4.5
3648,Bus Stop,Airport_3648,Bengaluru,HSR Layout,18.431919,74.343444,7.25,4.9
3649,College,Airport_3649,Hyderabad,Jubilee Hills,14.654341,75.403224,9.64,3.2
3650,Mall,Bus Stop_3650,Bengaluru,Whitefield,17.216075,76.977402,1.71,3.8
3651,College,School_3651,Hyderabad,Gachibowli,18.809057,79.313337,4.83,4.0
3652,School,Restaurant_3652,Bengaluru,Indiranagar,14.169639,78.838866,4.0,4.5
3653,College,College_3653,Hyderabad,Madhapur,17.669979,76.710246,9.1,4.7
3654,Restaurant,Hospital_3654,Hyderabad,Banjara Hills,16.302664,74.834875,1.32,3.8
3655,College,School_3655,Hyderabad,Miyapur,14.876295,74.299765,5.73,3.2
3656,Restaurant,College_3656,Mumbai,Powai,12.170034,73.840416,9.67,4.1
3657,Airport,Bus Stop_3657,Chennai,Adyar,16.719667,72.236792,2.5,3.2
3658,Bus Stop,School_3658,Bengaluru,HSR Layout,14.237936,79.60059,9.71,3.1
3659,Hospital,School_3659,Chennai,Anna Nagar,16.759398,75.291412,1.55,3.5
3660,Mall,Metro_3660,Mumbai,Powai,15.972982,77.094875,3.74,4.3
3661,Bus Stop,School_3661,Mumbai,Thane,13.550448,75.620963,6.26,4.6
3662,Airport,Restaurant_3662,Mumbai,Andheri,15.769976,78.805318,9.67,3.2
3663,Restaurant,Airport_3663,Bengaluru,Electronic City,13.959753,75.314989,7.47,4.9
3664,Mall,Hospital_3664,Hyderabad,Miyapur,15.145437,75.461006,2.32,4.7
3665,College,Mall_3665,Chennai,Velachery,17.538026,77.100304,6.93,4.4
3666,Park,Mall_3666,Bengaluru,Indiranagar,17.92417,74.818397,5.7,3.4
3667,Restaurant,Hospital_3667,Hyderabad,Miyapur,12.948149,74.460709,6.39,4.6
3668,Metro,Mall_3668,Hyderabad,Kondapur,18.559813,77.331867,0.44,4.6
3669,School,Park_3669,Hyderabad,Kukatpally,15.158353,79.349153,5.28,3.8
3670,Hospital,Bus Stop_3670,Hyderabad,Banjara Hills,13.171454,78.517179,1.77,3.7
3671,School,Hospital_3671,Hyderabad,Kondapur,18.356644,77.529125,2.61,4.8
3672,Mall,College_3672,Bengaluru,Electronic City,14.401678,77.133156,5.96,3.1
3673,School,Airport_3673,Pune,Baner,18.037157,78.924449,8.63,4.1
3674,Bus Stop,Park_3674,Mumbai,Bandra,17.517609,75.795996,8.1,3.7
3675,Metro,Airport_3675,Mumbai,Powai,18.313921,79.177493,6.67,3.8
3676,Airport,Park_3676,Bengaluru,Electronic City,18.478102,75.249496,5.18,3.4
3677,Bus Stop,Park_3677,Bengaluru,Electronic City,12.662942,72.702673,4.42,4.7
3678,Airport,Mall_3678,Chennai,Anna Nagar,12.447107,72.968561,2.09,4.2
3679,Bus Stop,College_3679,Mumbai,Bandra,17.543911,76.996836,9.53,4.3
3680,Hospital,School_3680,Bengaluru,HSR Layout,13.423883,72.208046,9.36,3.0
3681,Restaurant,College_3681,Bengaluru,Whitefield,16.287758,78.549471,1.71,4.1
3682,Metro,School_3682,Bengaluru,HSR Layout,16.55231,73.95999,6.34,3.0
3683,School,Park_3683,Chennai,Adyar,14.155729,75.004117,9.4,4.5
3684,Metro,Metro_3684,Mumbai,Bandra,16.225074,76.548157,9.53,4.2
3685,Airport,Restaurant_3685,Bengaluru,Whitefield,14.266578,72.597827,8.81,3.9
3686,Park,College_3686,Mumbai,Thane,16.956488,76.962086,2.1,3.1
3687,Bus Stop,Bus Stop_3687,Hyderabad,Madhapur,16.651875,79.723514,2.31,3.0
3688,Bus Stop,Metro_3688,Bengaluru,HSR Layout,18.730405,76.581913,0.92,4.5
3689,Airport,Hospital_3689,Bengaluru,HSR Layout,12.762379,72.905384,7.01,3.1
3690,Mall,School_3690,Chennai,Anna Nagar,18.938191,72.037614,6.88,4.9
3691,College,Park_3691,Hyderabad,Madhapur,13.314477,73.722116,8.18,3.9
3692,Bus Stop,Metro_3692,Pune,Kharadi,13.921759,79.7975,1.57,3.5
3693,Restaurant,Airport_3693,Bengaluru,Whitefield,18.000477,78.980639,6.01,4.4
3694,Mall,Park_3694,Bengaluru,Electronic City,16.876382,75.140997,0.76,3.9
3695,College,Restaurant_3695,Chennai,Anna Nagar,17.978734,74.308695,9.26,3.7
3696,Bus Stop,College_3696,Hyderabad,Jubilee Hills,12.540468,73.924197,7.97,4.4
3697,College,Bus Stop_3697,Mumbai,Andheri,12.39734,74.288181,2.65,3.1
3698,School,Metro_3698,Pune,Kharadi,16.429667,73.908147,6.39,4.9
3699,Airport,College_3699,Chennai,Adyar,15.408733,78.481491,2.08,3.6
3700,College,Hospital_3700,Hyderabad,Miyapur,13.359882,78.523795,5.34,3.9
3701,Metro,Mall_3701,Hyderabad,Jubilee Hills,14.818578,77.593903,0.4,3.8
3702,Bus Stop,Park_3702,Mumbai,Andheri,15.139872,79.828248,4.11,3.1
3703,Restaurant,Mall_3703,Mumbai,Powai,16.272166,74.286755,6.25,4.9
3704,College,Hospital_3704,Chennai,Anna Nagar,17.380172,73.869395,8.33,3.3
3705,Airport,School_3705,Mumbai,Powai,15.811478,79.856752,7.17,4.2
3706,School,Metro_3706,Mumbai,Andheri,12.161157,78.954793,2.1,3.5
3707,Hospital,Mall_3707,Mumbai,Powai,12.925767,72.226692,5.66,4.7
3708,Restaurant,College_3708,Pune,Wakad,18.264893,79.476001,2.86,4.7
3709,School,Metro_3709,Mumbai,Powai,17.255289,72.574664,0.77,3.6
3710,Mall,Bus Stop_3710,Hyderabad,Kondapur,14.049773,77.438658,9.4,3.3
3711,Hospital,Restaurant_3711,Pune,Wakad,15.782148,73.180453,8.56,4.6
3712,Restaurant,Bus Stop_3712,Pune,Baner,16.473512,74.649646,4.42,4.8
3713,Hospital,Airport_3713,Hyderabad,Madhapur,14.469153,75.477687,3.54,4.2
3714,Bus Stop,Bus Stop_3714,Chennai,Velachery,16.697367,75.940477,8.12,3.9
3715,Metro,Hospital_3715,Bengaluru,Whitefield,17.263521,79.135525,1.37,3.5
3716,Restaurant,College_3716,Pune,Wakad,15.886436,78.00743,6.81,4.4
3717,Metro,School_3717,Hyderabad,Miyapur,15.95023,78.802583,0.53,4.9
3718,Park,Park_3718,Hyderabad,Kukatpally,15.315177,77.040164,9.95,3.9
3719,School,School_3719,Mumbai,Andheri,12.560737,76.11633,2.37,3.6
3720,School,Bus Stop_3720,Hyderabad,Madhapur,18.726811,74.066839,9.2,4.8
3721,College,Airport_3721,Bengaluru,HSR Layout,14.149121,75.864923,1.53,3.0
3722,Mall,Bus Stop_3722,Hyderabad,Madhapur,14.900457,75.128202,4.67,3.2
3723,Metro,Restaurant_3723,Mumbai,Powai,16.177618,79.959772,3.65,4.9
3724,School,Metro_3724,Mumbai,Bandra,18.775201,74.958969,1.51,4.2
3725,Bus Stop,Airport_3725,Mumbai,Andheri,17.542702,76.592774,4.74,3.2
3726,Restaurant,Restaurant_3726,Mumbai,Thane,13.339064,79.630777,5.43,3.1
3727,Restaurant,School_3727,Bengaluru,Indiranagar,12.27705,76.438376,0.89,3.7
3728,Restaurant,Mall_3728,Chennai,OMR,14.989747,74.74712,3.91,4.6
3729,Park,Park_3729,Hyderabad,Gachibowli,12.724312,77.682381,6.68,4.5
3730,Airport,Park_3730,Mumbai,Bandra,18.002096,76.743075,3.65,4.6
3731,Metro,Bus Stop_3731,Pune,Baner,12.035541,76.854304,7.79,3.6
3732,Mall,Airport_3732,Bengaluru,HSR Layout,16.879201,72.377154,9.3,3.0
3733,Park,Restaurant_3733,Chennai,OMR,18.585342,78.986563,6.05,4.8
3734,College,College_3734,Mumbai,Andheri,13.40497,74.256227,3.62,3.6
3735,School,Bus Stop_3735,Pune,Wakad,16.929457,77.683659,2.93,3.2
3736,Restaurant,Airport_3736,Chennai,OMR,12.185101,78.410671,6.34,4.4
3737,Mall,Park_3737,Pune,Kharadi,17.611217,77.460628,4.36,3.3
3738,School,Bus Stop_3738,Hyderabad,Miyapur,12.757637,79.406836,1.84,3.9
3739,Bus Stop,College_3739,Bengaluru,HSR Layout,16.338493,77.102572,0.27,3.4
3740,Hospital,Restaurant_3740,Hyderabad,Miyapur,14.859715,79.01148,9.05,3.0
3741,School,Airport_3741,Chennai,Anna Nagar,12.156156,77.238973,5.63,4.0
3742,Hospital,Airport_3742,Pune,Hinjewadi,14.517382,76.03024,9.85,4.5
3743,Hospital,Metro_3743,Hyderabad,Kondapur,13.231007,74.572189,2.48,3.6
3744,Airport,College_3744,Bengaluru,Whitefield,15.404749,75.332243,5.44,4.3
3745,Metro,Airport_3745,Mumbai,Bandra,18.775611,78.867302,7.95,5.0
3746,College,Restaurant_3746,Mumbai,Andheri,14.757716,73.686387,9.26,4.4
3747,Park,Mall_3747,Pune,Hinjewadi,16.031662,72.707852,1.17,3.6
3748,School,Restaurant_3748,Chennai,Adyar,17.978214,74.168382,2.21,3.4
3749,Restaurant,Restaurant_3749,Mumbai,Powai,14.640609,75.867014,4.4,4.0
3750,College,Metro_3750,Pune,Kharadi,14.825936,72.402623,7.13,3.8
3751,Airport,Metro_3751,Chennai,Adyar,15.170513,73.148545,4.39,4.3
3752,Hospital,College_3752,Pune,Baner,17.889736,77.027873,5.78,3.8
3753,Airport,Mall_3753,Bengaluru,HSR Layout,13.998362,78.163219,9.13,3.6
3754,Airport,School_3754,Hyderabad,Banjara Hills,13.700437,78.03166,2.9,3.2
3755,School,Airport_3755,Chennai,Velachery,12.029849,73.933426,2.9,4.8
3756,Metro,Park_3756,Pune,Hinjewadi,12.672347,73.587207,6.96,4.6
3757,Bus Stop,Restaurant_3757,Chennai,Anna Nagar,13.774695,72.779377,2.36,3.8
3758,Metro,Restaurant_3758,Hyderabad,Kukatpally,16.221762,74.34447,2.62,4.1
3759,Bus Stop,Bus Stop_3759,Mumbai,Bandra,13.358754,78.868313,6.23,4.5
3760,Restaurant,Hospital_3760,Bengaluru,Indiranagar,18.293299,74.182473,6.17,3.4
3761,College,Mall_3761,Hyderabad,Kondapur,16.052579,75.24683,9.44,3.1
3762,Hospital,School_3762,Bengaluru,HSR Layout,14.859413,74.249418,5.89,3.1
3763,Hospital,Mall_3763,Chennai,Anna Nagar,18.352037,72.201785,3.7,3.5
3764,School,Airport_3764,Pune,Wakad,12.847067,74.1456,9.48,4.3
3765,Airport,Hospital_3765,Pune,Hinjewadi,16.98921,77.877064,2.34,4.5
3766,Airport,Mall_3766,Bengaluru,Indiranagar,15.828704,73.820859,9.59,3.8
3767,School,Bus Stop_3767,Hyderabad,Miyapur,13.218145,79.956677,1.86,3.7
3768,Mall,Park_3768,Chennai,Adyar,18.470879,75.861597,2.7,3.9
3769,Mall,Restaurant_3769,Mumbai,Bandra,12.642045,76.557046,7.11,3.9
3770,Airport,Mall_3770,Hyderabad,Gachibowli,18.91004,73.850828,6.56,3.9
3771,Hospital,School_3771,Bengaluru,Electronic City,13.932136,72.161257,9.64,4.1
3772,Mall,School_3772,Pune,Kharadi,17.173376,74.309818,9.39,4.4
3773,Restaurant,Bus Stop_3773,Mumbai,Thane,13.460728,79.051096,1.12,3.6
3774,Restaurant,Mall_3774,Bengaluru,Electronic City,12.628364,75.937818,9.94,4.8
3775,Metro,Mall_3775,Mumbai,Bandra,12.600844,75.012706,4.48,4.6
3776,Mall,College_3776,Mumbai,Andheri,14.171583,74.259882,0.63,4.5
3777,Mall,Airport_3777,Pune,Hinjewadi,12.238461,79.033761,0.86,3.8
3778,College,Metro_3778,Hyderabad,Jubilee Hills,12.591344,77.256319,9.95,4.2
3779,Hospital,Metro_3779,Pune,Kharadi,18.779735,78.236496,5.32,3.2
3780,Metro,Bus Stop_3780,Bengaluru,Electronic City,17.659103,78.675621,5.91,3.4
3781,Bus Stop,Airport_3781,Pune,Kharadi,15.940744,73.250231,1.92,4.0
3782,Park,Bus Stop_3782,Mumbai,Andheri,15.553159,78.804503,3.54,3.1
3783,Bus Stop,School_3783,Chennai,OMR,15.584704,72.252265,7.09,3.9
3784,Park,Airport_3784,Bengaluru,Indiranagar,13.112291,74.805758,8.82,3.9
3785,Airport,Metro_3785,Chennai,Anna Nagar,18.732343,74.022235,8.88,3.9
3786,Airport,Metro_3786,Pune,Baner,14.979869,73.778671,3.29,3.6
3787,Mall,Mall_3787,Pune,Hinjewadi,12.357557,76.212886,4.93,3.7
3788,Metro,Bus Stop_3788,Hyderabad,Miyapur,13.743201,79.383911,5.14,4.5
3789,College,Metro_3789,Hyderabad,Madhapur,17.326339,74.98545,9.52,4.9
3790,Park,Metro_3790,Hyderabad,Gachibowli,13.906019,77.962287,3.52,3.2
3791,Hospital,Metro_3791,Pune,Baner,13.3268,73.417544,1.95,4.1
3792,Hospital,Bus Stop_3792,Bengaluru,HSR Layout,13.661542,79.242232,0.2,3.0
3793,Hospital,Hospital_3793,Pune,Kharadi,14.333766,74.718039,3.0,4.5
3794,Mall,Hospital_3794,Hyderabad,Banjara Hills,12.360707,74.461375,0.16,3.8
3795,Hospital,Metro_3795,Pune,Wakad,15.327149,72.834704,3.39,3.6
3796,Metro,Restaurant_3796,Bengaluru,Indiranagar,15.629507,73.47301,6.91,3.6
3797,Bus Stop,Restaurant_3797,Bengaluru,Electronic City,17.634556,78.478071,3.71,4.3
3798,Metro,Mall_3798,Hyderabad,Miyapur,12.018128,78.172931,4.33,3.4
3799,School,Airport_3799,Chennai,Anna Nagar,13.332312,72.983633,8.37,3.7
3800,College,Mall_3800,Chennai,Anna Nagar,18.454268,74.904954,4.46,5.0
3801,Hospital,Bus Stop_3801,Pune,Hinjewadi,18.509157,72.429115,4.35,4.8
3802,Airport,Metro_3802,Bengaluru,Electronic City,12.737983,78.668079,4.48,3.2
3803,College,Airport_3803,Mumbai,Thane,13.255868,78.158952,3.69,3.9
3804,Restaurant,Airport_3804,Chennai,Anna Nagar,16.816299,78.648023,7.33,4.8
3805,School,Airport_3805,Mumbai,Powai,14.856323,77.267809,9.99,3.5
3806,Restaurant,College_3806,Chennai,OMR,17.794923,74.345264,5.61,4.1
3807,Bus Stop,School_3807,Mumbai,Bandra,18.218115,74.66663,4.8,3.8
3808,Hospital,Metro_3808,Chennai,Adyar,13.067782,76.792593,2.68,3.9
3809,Hospital,Restaurant_3809,Mumbai,Thane,15.957983,76.831225,1.36,4.6
3810,Metro,Bus Stop_3810,Mumbai,Thane,12.59935,73.276949,5.34,3.2
3811,Park,Restaurant_3811,Hyderabad,Miyapur,14.223185,76.581648,9.35,4.0
3812,School,Park_3812,Pune,Hinjewadi,12.517913,73.483368,7.58,4.1
3813,Bus Stop,Restaurant_3813,Mumbai,Powai,17.125139,78.789693,6.67,4.4
3814,School,Mall_3814,Bengaluru,Electronic City,17.537308,75.850402,8.51,4.3
3815,School,Mall_3815,Bengaluru,Whitefield,15.042339,79.658837,2.38,3.6
3816,Park,Hospital_3816,Chennai,Anna Nagar,17.783863,75.74798,0.99,5.0
3817,Park,Bus Stop_3817,Mumbai,Thane,16.64999,75.552145,7.95,4.9
3818,School,Park_3818,Hyderabad,Miyapur,17.186916,76.156037,5.72,4.9
3819,Mall,Metro_3819,Hyderabad,Kondapur,18.866507,76.395283,2.17,3.3
3820,School,Park_3820,Chennai,OMR,15.180031,77.717644,4.63,4.6
3821,College,Park_3821,Mumbai,Thane,14.406265,72.42456,4.3,4.6
3822,School,School_3822,Mumbai,Andheri,12.939923,73.687343,5.29,3.9
3823,Park,Hospital_3823,Hyderabad,Madhapur,14.571545,72.914758,3.83,4.1
3824,Airport,Airport_3824,Chennai,Adyar,12.363366,78.539591,8.85,5.0
3825,Mall,Hospital_3825,Mumbai,Thane,12.015084,73.341579,6.93,4.8
3826,Bus Stop,Bus Stop_3826,Pune,Hinjewadi,12.974619,73.371969,1.79,3.9
3827,Mall,Metro_3827,Pune,Hinjewadi,13.611431,78.953124,4.48,4.5
3828,Restaurant,Mall_3828,Mumbai,Thane,17.448629,77.064123,3.7,3.9
3829,Park,College_3829,Chennai,OMR,16.600316,74.623276,0.45,4.3
3830,Airport,Hospital_3830,Bengaluru,Whitefield,12.727915,79.924645,1.82,4.4
3831,School,School_3831,Hyderabad,Kukatpally,16.951649,72.602742,4.25,4.8
3832,Restaurant,Restaurant_3832,Pune,Kharadi,16.001008,75.053226,6.91,4.2
3833,College,School_3833,Bengaluru,HSR Layout,16.546151,75.553541,8.43,3.5
3834,Hospital,Metro_3834,Chennai,OMR,17.819806,72.949213,9.68,3.3
3835,Mall,Park_3835,Bengaluru,HSR Layout,18.237075,74.890606,6.05,3.9
3836,College,Hospital_3836,Chennai,Anna Nagar,15.59877,77.155064,1.77,3.3
3837,Airport,Mall_3837,Pune,Kharadi,17.010042,74.642307,8.34,4.7
3838,Bus Stop,College_3838,Pune,Baner,18.42137,73.226346,2.34,4.2
3839,Restaurant,College_3839,Pune,Wakad,18.464465,77.516417,1.99,3.8
3840,School,Mall_3840,Hyderabad,Banjara Hills,14.314048,79.181482,7.23,4.5
3841,Hospital,Bus Stop_3841,Pune,Hinjewadi,15.425125,76.356048,6.11,3.4
3842,Bus Stop,Hospital_3842,Pune,Baner,17.800274,75.881196,5.37,3.1
3843,Bus Stop,Mall_3843,Pune,Hinjewadi,15.728299,79.539353,3.39,4.7
3844,Hospital,Restaurant_3844,Hyderabad,Madhapur,15.176128,73.696502,7.91,3.1
3845,Hospital,Park_3845,Chennai,Velachery,14.863095,73.33541,9.8,4.2
3846,Metro,Mall_3846,Mumbai,Andheri,18.845703,73.584249,3.93,4.2
3847,Airport,Bus Stop_3847,Pune,Wakad,15.159077,75.040527,4.08,4.7
3848,School,College_3848,Chennai,OMR,13.541617,73.234947,5.85,4.1
3849,Hospital,Hospital_3849,Chennai,Velachery,16.622095,77.074969,6.96,3.9
3850,College,Mall_3850,Hyderabad,Gachibowli,17.058676,79.963953,0.8,3.4
3851,Mall,Hospital_3851,Mumbai,Thane,14.679923,74.279604,7.06,3.6
3852,School,Bus Stop_3852,Pune,Kharadi,16.706598,76.291681,6.0,3.0
3853,Park,College_3853,Mumbai,Thane,12.573755,77.52966,9.71,3.5
3854,Restaurant,Park_3854,Bengaluru,HSR Layout,12.42739,73.931201,6.89,3.4
3855,Park,Park_3855,Pune,Hinjewadi,16.392588,76.427123,2.14,3.7
3856,Hospital,College_3856,Hyderabad,Gachibowli,15.658002,75.504731,1.64,4.8
3857,Park,College_3857,Mumbai,Powai,17.016556,75.904041,7.22,3.1
3858,Metro,Mall_3858,Hyderabad,Kukatpally,18.815706,77.023071,7.57,4.3
3859,Hospital,Restaurant_3859,Pune,Wakad,15.403479,74.143799,9.39,3.2
3860,College,Park_3860,Hyderabad,Gachibowli,15.52646,79.820308,6.96,3.4
3861,Metro,Hospital_3861,Bengaluru,HSR Layout,18.867294,78.981314,5.7,4.5
3862,College,Metro_3862,Hyderabad,Kukatpally,17.084866,74.864781,8.0,4.7
3863,Restaurant,Metro_3863,Pune,Kharadi,14.974164,76.909826,3.97,4.2
3864,College,Airport_3864,Hyderabad,Kukatpally,17.452348,72.552948,3.46,3.4
3865,Bus Stop,Mall_3865,Hyderabad,Kondapur,13.686082,72.597081,4.16,3.1
3866,School,Park_3866,Hyderabad,Madhapur,16.183114,77.871168,3.51,4.4
3867,Bus Stop,Park_3867,Mumbai,Andheri,12.636751,74.80096,7.82,4.4
3868,School,Airport_3868,Chennai,OMR,17.073131,77.973866,8.86,4.3
3869,College,Mall_3869,Hyderabad,Miyapur,16.137615,77.22079,3.35,3.7
3870,Hospital,Restaurant_3870,Bengaluru,Electronic City,17.42881,77.844172,6.08,3.8
3871,Hospital,Park_3871,Hyderabad,Miyapur,12.083196,79.998999,8.3,3.9
3872,Park,Bus Stop_3872,Mumbai,Thane,18.616814,77.623661,6.84,3.2
3873,Bus Stop,Mall_3873,Hyderabad,Madhapur,12.439317,72.019094,8.79,4.4
3874,Restaurant,Hospital_3874,Bengaluru,Whitefield,14.588721,77.879202,4.42,4.1
3875,Hospital,Bus Stop_3875,Chennai,Adyar,14.241328,78.548565,9.45,4.6
3876,Mall,School_3876,Mumbai,Bandra,17.656219,77.131595,0.7,4.2
3877,Park,Restaurant_3877,Pune,Kharadi,16.520792,73.415272,4.3,3.3
3878,College,Bus Stop_3878,Pune,Kharadi,13.114435,79.391663,1.9,4.6
3879,School,Hospital_3879,Chennai,Adyar,18.799681,73.646377,6.1,3.7
3880,Airport,Airport_3880,Bengaluru,HSR Layout,12.765172,72.02397,0.15,4.7
3881,Hospital,School_3881,Pune,Wakad,14.828028,75.007568,1.46,4.5
3882,Park,Hospital_3882,Bengaluru,HSR Layout,18.83914,79.759559,1.33,3.5
3883,Restaurant,Airport_3883,Chennai,Anna Nagar,17.41905,78.741373,0.51,3.9
3884,School,Hospital_3884,Mumbai,Powai,17.418848,74.62937,0.53,3.2
3885,College,Metro_3885,Chennai,OMR,14.530757,75.031918,0.3,3.1
3886,Park,Hospital_3886,Chennai,Velachery,18.856363,72.994177,1.89,3.5
3887,Park,School_3887,Bengaluru,Electronic City,18.311309,78.708744,3.25,4.6
3888,Metro,Mall_3888,Bengaluru,Electronic City,14.482799,77.743485,7.45,4.0
3889,College,Metro_3889,Bengaluru,Whitefield,14.027066,77.741263,4.41,4.3
3890,Park,Metro_3890,Pune,Baner,17.293865,78.492731,6.36,4.0
3891,Restaurant,Metro_3891,Pune,Hinjewadi,13.615829,76.444038,6.78,3.1
3892,College,Park_3892,Hyderabad,Kukatpally,16.159548,73.258184,9.9,4.4
3893,Bus Stop,Hospital_3893,Chennai,Adyar,17.466252,77.124659,8.87,3.3
3894,Bus Stop,Airport_3894,Bengaluru,Electronic City,17.962845,73.357546,0.23,3.1
3895,Mall,Mall_3895,Chennai,Adyar,17.763243,77.480534,3.68,3.5
3896,School,College_3896,Bengaluru,HSR Layout,16.297854,73.275442,9.38,4.7
3897,School,College_3897,Bengaluru,Electronic City,18.074972,76.717999,2.47,4.5
3898,Metro,School_3898,Hyderabad,Kondapur,18.39663,76.167207,6.69,4.2
3899,College,College_3899,Hyderabad,Madhapur,18.772242,73.91442,4.25,3.5
3900,Hospital,Bus Stop_3900,Chennai,Velachery,18.892971,79.695502,8.81,3.6
3901,Metro,Airport_3901,Chennai,Anna Nagar,13.726207,77.511119,6.48,4.7
3902,Mall,Mall_3902,Hyderabad,Miyapur,12.037047,72.47245,6.24,4.4
3903,Mall,Park_3903,Pune,Baner,18.224972,77.871231,0.23,4.1
3904,Bus Stop,College_3904,Mumbai,Andheri,15.297641,74.395078,4.42,3.7
3905,School,College_3905,Chennai,Adyar,14.641608,75.313445,2.5,3.5
3906,School,Bus Stop_3906,Chennai,Velachery,15.256496,76.932301,6.43,3.7
3907,Mall,Restaurant_3907,Hyderabad,Gachibowli,12.574653,77.417081,4.79,3.7
3908,Bus Stop,Airport_3908,Bengaluru,Indiranagar,17.571428,77.483044,0.44,3.7
3909,College,Mall_3909,Mumbai,Andheri,14.686663,73.861044,1.9,4.8
3910,Airport,Mall_3910,Pune,Hinjewadi,18.330193,79.314636,8.52,3.2
3911,Airport,Mall_3911,Hyderabad,Gachibowli,17.454389,79.773037,9.15,4.6
3912,Bus Stop,Mall_3912,Hyderabad,Miyapur,13.298416,74.739926,4.06,3.9
3913,Park,College_3913,Hyderabad,Kukatpally,13.15017,74.260943,4.25,4.9
3914,Park,Bus Stop_3914,Chennai,Velachery,12.353611,76.702958,3.59,3.6
3915,Airport,Airport_3915,Mumbai,Andheri,17.413164,77.137465,0.66,4.7
3916,Metro,Mall_3916,Bengaluru,Indiranagar,14.357034,75.561784,8.72,4.2
3917,Bus Stop,Airport_3917,Hyderabad,Banjara Hills,15.107294,73.047021,8.04,3.2
3918,College,Metro_3918,Hyderabad,Jubilee Hills,13.041988,77.015738,7.53,3.6
3919,Hospital,Park_3919,Mumbai,Powai,18.825757,74.988889,9.88,4.9
3920,Hospital,School_3920,Bengaluru,Electronic City,16.930855,79.980915,9.12,3.8
3921,Metro,School_3921,Pune,Hinjewadi,14.753524,78.006915,4.51,4.1
3922,School,Bus Stop_3922,Bengaluru,HSR Layout,14.874218,73.220749,7.83,3.3
3923,School,Hospital_3923,Pune,Hinjewadi,17.208947,79.424196,0.75,3.1
3924,Park,College_3924,Bengaluru,Whitefield,12.243527,78.730437,3.9,4.7
3925,Bus Stop,Bus Stop_3925,Mumbai,Thane,18.325328,77.339974,4.47,4.1
3926,Mall,Mall_3926,Hyderabad,Gachibowli,17.881579,78.583154,9.77,4.5
3927,College,College_3927,Hyderabad,Kukatpally,12.856363,73.738748,9.8,3.6
3928,College,Metro_3928,Bengaluru,Indiranagar,16.800856,76.298893,9.57,3.2
3929,Park,College_3929,Chennai,Velachery,17.805115,78.646182,9.83,4.6
3930,Bus Stop,Airport_3930,Pune,Baner,12.075592,77.429045,1.58,4.3
3931,Restaurant,Hospital_3931,Pune,Hinjewadi,12.28341,75.341823,1.22,3.8
3932,Bus Stop,Mall_3932,Mumbai,Bandra,16.776405,73.635099,9.19,4.5
3933,Park,Metro_3933,Chennai,Anna Nagar,15.884961,75.278982,6.72,4.0
3934,Bus Stop,Restaurant_3934,Chennai,Velachery,12.319422,72.971786,8.88,4.7
3935,Restaurant,Airport_3935,Hyderabad,Kondapur,15.717057,77.742578,9.01,3.9
3936,Hospital,School_3936,Hyderabad,Madhapur,15.108407,75.32921,8.18,3.6
3937,School,College_3937,Bengaluru,HSR Layout,12.721657,78.5163,2.49,4.8
3938,Metro,Hospital_3938,Bengaluru,HSR Layout,14.325477,78.236319,5.21,3.1
3939,Bus Stop,Mall_3939,Pune,Baner,17.55874,78.431276,4.91,3.8
3940,Hospital,Hospital_3940,Chennai,Anna Nagar,15.256826,77.883326,9.78,3.7
3941,School,Park_3941,Chennai,Anna Nagar,18.11105,77.803678,9.31,3.9
3942,Metro,Metro_3942,Mumbai,Bandra,18.062327,73.440218,5.84,3.3
3943,Mall,Restaurant_3943,Hyderabad,Madhapur,18.441511,72.968521,8.75,3.7
3944,College,College_3944,Bengaluru,Electronic City,13.43998,78.598765,3.05,4.0
3945,Restaurant,Bus Stop_3945,Bengaluru,Electronic City,14.423431,76.346682,2.05,4.2
3946,Airport,Metro_3946,Pune,Hinjewadi,18.401507,72.963882,3.13,4.6
3947,Mall,School_3947,Pune,Wakad,14.950738,75.833755,3.19,3.4
3948,School,Park_3948,Pune,Baner,13.624518,74.516694,4.76,4.5
3949,Park,Metro_3949,Mumbai,Thane,16.571111,79.935109,2.95,4.8
3950,Hospital,Metro_3950,Hyderabad,Banjara Hills,14.325542,77.79702,7.76,3.0
3951,College,Airport_3951,Pune,Baner,13.990782,78.592801,5.66,3.5
3952,Bus Stop,Metro_3952,Chennai,Velachery,13.307977,74.116281,1.3,4.1
3953,Airport,Bus Stop_3953,Bengaluru,Whitefield,17.388291,78.91038,2.5,3.7
3954,Airport,Park_3954,Pune,Kharadi,17.613446,78.374649,7.6,3.4
3955,Metro,School_3955,Pune,Baner,14.084818,72.029486,1.95,4.8
3956,Hospital,Airport_3956,Bengaluru,Whitefield,12.943702,72.649736,0.8,3.9
3957,Mall,Park_3957,Hyderabad,Kukatpally,13.633493,79.081504,2.78,3.2
3958,Bus Stop,Park_3958,Mumbai,Thane,17.188289,76.643801,0.58,3.3
3959,College,Park_3959,Pune,Kharadi,14.653522,76.556447,2.29,4.4
3960,Airport,School_3960,Mumbai,Andheri,15.653839,77.685372,3.28,3.2
3961,Mall,Metro_3961,Hyderabad,Banjara Hills,16.431786,79.932478,1.11,4.7
3962,Mall,Mall_3962,Bengaluru,HSR Layout,12.772897,72.953766,7.74,5.0
3963,Mall,Airport_3963,Bengaluru,HSR Layout,16.5418,74.295138,7.64,4.9
3964,Airport,Park_3964,Chennai,Adyar,18.52258,75.429834,3.24,3.2
3965,Park,Park_3965,Pune,Hinjewadi,12.462354,78.924145,7.09,4.6
3966,College,Metro_3966,Bengaluru,Electronic City,16.050486,76.471974,3.31,3.4
3967,College,Mall_3967,Hyderabad,Banjara Hills,15.254663,76.391421,4.94,4.2
3968,Mall,Mall_3968,Bengaluru,Indiranagar,18.964472,73.390927,1.9,3.8
3969,Hospital,School_3969,Mumbai,Powai,18.527855,78.02087,9.11,4.4
3970,Hospital,Metro_3970,Hyderabad,Kukatpally,14.151535,77.480097,8.7,3.7
3971,Bus Stop,Hospital_3971,Bengaluru,Whitefield,15.283159,79.588203,6.9,4.2
3972,Mall,Hospital_3972,Pune,Wakad,15.230924,77.633616,6.59,4.7
3973,Metro,Bus Stop_3973,Pune,Hinjewadi,18.867274,72.282358,5.07,3.0
3974,Hospital,Park_3974,Bengaluru,HSR Layout,15.366778,79.788222,4.42,3.4
3975,Restaurant,Restaurant_3975,Hyderabad,Kukatpally,16.922878,76.362305,7.62,4.6
3976,Bus Stop,Park_3976,Hyderabad,Madhapur,14.75686,78.757407,1.18,3.2
3977,School,Restaurant_3977,Mumbai,Thane,17.877488,77.960108,1.12,3.0
3978,Airport,Restaurant_3978,Chennai,OMR,12.21028,74.140128,0.59,4.2
3979,School,School_3979,Hyderabad,Miyapur,13.511212,76.115631,6.9,4.2
3980,Hospital,Mall_3980,Bengaluru,HSR Layout,15.766177,78.421086,1.26,4.6
3981,Hospital,Mall_3981,Bengaluru,HSR Layout,18.809066,78.470865,0.5,4.3
3982,Bus Stop,Bus Stop_3982,Pune,Kharadi,17.61003,73.120346,9.17,3.9
3983,Hospital,Restaurant_3983,Pune,Baner,15.818571,74.910435,8.97,3.1
3984,Park,Metro_3984,Bengaluru,Whitefield,12.02888,77.475452,5.29,4.6
3985,Hospital,College_3985,Hyderabad,Banjara Hills,17.376306,74.898983,0.6,4.5
3986,Bus Stop,School_3986,Pune,Wakad,12.659122,76.265449,7.35,4.1
3987,Metro,Hospital_3987,Pune,Hinjewadi,14.622831,74.020012,4.83,3.3
3988,College,Hospital_3988,Bengaluru,Electronic City,12.546348,75.92176,4.7,4.9
3989,Hospital,Restaurant_3989,Bengaluru,HSR Layout,17.677858,75.546641,4.36,3.0
3990,Mall,School_3990,Hyderabad,Banjara Hills,17.670498,75.278485,0.11,3.1
3991,Mall,Restaurant_3991,Chennai,Velachery,16.805852,73.126342,3.85,4.1
3992,School,Mall_3992,Pune,Wakad,16.351692,77.828249,7.78,3.4
3993,Park,Park_3993,Pune,Kharadi,13.454225,78.857103,1.21,4.0
3994,Bus Stop,Mall_3994,Mumbai,Andheri,17.287389,73.069006,4.18,4.8
3995,Mall,Metro_3995,Mumbai,Thane,14.991868,72.758194,1.92,4.5
3996,Bus Stop,Park_3996,Mumbai,Bandra,16.999756,73.226715,4.95,3.4
3997,Metro,School_3997,Pune,Hinjewadi,12.717209,72.868237,3.16,4.3
3998,Metro,School_3998,Hyderabad,Jubilee Hills,16.889822,79.812941,9.43,5.0
3999,Airport,School_3999,Hyderabad,Kukatpally,18.429403,78.844274,5.61,3.1
4000,Restaurant,Hospital_4000,Bengaluru,Electronic City,12.78903,77.772443,5.6,3.1
4001,Hospital,Park_4001,Chennai,Anna Nagar,13.714491,79.359171,6.64,4.2
4002,Bus Stop,Bus Stop_4002,Mumbai,Thane,14.316491,75.680006,7.36,4.9
4003,Restaurant,College_4003,Bengaluru,Indiranagar,13.042264,72.435909,2.49,5.0
4004,Metro,Park_4004,Hyderabad,Banjara Hills,15.067311,79.877016,8.25,4.3
4005,College,Hospital_4005,Pune,Hinjewadi,15.870358,79.053383,5.3,4.9
4006,College,Airport_4006,Hyderabad,Madhapur,16.978401,72.378228,3.23,3.7
4007,Mall,Park_4007,Hyderabad,Banjara Hills,12.557032,73.893133,1.63,3.6
4008,Hospital,Metro_4008,Mumbai,Bandra,13.775565,72.457359,2.9,4.0
4009,Bus Stop,College_4009,Pune,Wakad,13.041332,78.246239,4.32,3.4
4010,Hospital,Mall_4010,Bengaluru,Indiranagar,12.301114,77.209228,6.66,3.8
4011,Airport,Mall_4011,Bengaluru,Electronic City,17.562266,74.801982,8.86,4.1
4012,Park,College_4012,Pune,Wakad,13.339605,76.198657,0.81,4.8
4013,Restaurant,College_4013,Mumbai,Bandra,18.882025,77.917073,5.93,3.9
4014,Bus Stop,Metro_4014,Bengaluru,HSR Layout,18.38197,74.538996,5.75,4.5
4015,Restaurant,Bus Stop_4015,Chennai,Velachery,15.164145,76.704026,1.2,4.0
4016,Metro,Hospital_4016,Bengaluru,HSR Layout,18.878743,73.607466,1.19,4.0
4017,Mall,School_4017,Hyderabad,Madhapur,13.794514,79.419056,6.54,5.0
4018,Park,School_4018,Hyderabad,Kondapur,18.776269,75.323273,9.52,3.5
4019,Mall,Metro_4019,Bengaluru,Indiranagar,16.46642,72.872371,6.16,4.3
4020,Mall,College_4020,Chennai,Velachery,13.162082,72.432766,8.89,3.7
4021,Airport,Airport_4021,Hyderabad,Kukatpally,13.906226,77.783431,7.12,4.7
4022,Airport,Mall_4022,Hyderabad,Banjara Hills,14.860301,79.314655,4.36,3.5
4023,College,Airport_4023,Pune,Hinjewadi,13.895345,77.084572,7.49,3.7
4024,Bus Stop,Park_4024,Bengaluru,Indiranagar,12.274609,73.879768,4.08,3.8
4025,Metro,Bus Stop_4025,Pune,Wakad,14.214472,77.166233,4.79,3.2
4026,Restaurant,Metro_4026,Pune,Kharadi,15.747529,77.512383,3.11,3.8
4027,Airport,Metro_4027,Chennai,Anna Nagar,17.706417,79.767456,4.91,3.4
4028,Bus Stop,College_4028,Hyderabad,Kondapur,12.880971,74.28552,9.9,4.8
4029,Bus Stop,Bus Stop_4029,Chennai,Adyar,12.184306,79.368601,6.43,4.9
4030,Metro,Airport_4030,Pune,Baner,12.011194,75.19223,8.94,3.6
4031,School,School_4031,Bengaluru,Electronic City,18.051091,74.720893,5.47,4.2
4032,College,Hospital_4032,Hyderabad,Madhapur,16.55999,79.746303,9.39,4.7
4033,Mall,Mall_4033,Bengaluru,HSR Layout,12.061626,75.71502,0.76,4.6
4034,School,Airport_4034,Bengaluru,Electronic City,18.848061,72.23673,8.89,3.5
4035,College,Bus Stop_4035,Bengaluru,HSR Layout,14.190818,78.266868,8.37,4.1
4036,Bus Stop,Park_4036,Mumbai,Andheri,12.158677,77.800996,7.44,4.8
4037,School,Park_4037,Mumbai,Andheri,12.34426,74.141206,4.28,4.5
4038,College,Hospital_4038,Chennai,Anna Nagar,16.481394,78.513109,5.27,4.6
4039,Park,Airport_4039,Bengaluru,Whitefield,16.358104,72.682767,8.81,3.7
4040,Mall,Hospital_4040,Chennai,Velachery,14.252444,73.126498,8.43,4.8
4041,Metro,Hospital_4041,Mumbai,Powai,13.788058,75.576801,7.48,4.3
4042,Bus Stop,Airport_4042,Bengaluru,Electronic City,14.140291,76.272559,5.51,3.6
4043,Metro,College_4043,Hyderabad,Jubilee Hills,13.011358,74.150116,2.86,3.5
4044,Airport,Mall_4044,Mumbai,Thane,12.861183,73.626211,5.39,3.8
4045,School,Mall_4045,Hyderabad,Kondapur,18.591004,78.045998,3.75,3.7
4046,Bus Stop,Mall_4046,Pune,Hinjewadi,17.562979,74.904063,1.88,4.4
4047,School,College_4047,Hyderabad,Banjara Hills,16.567425,72.704701,1.92,5.0
4048,Metro,Airport_4048,Chennai,Adyar,14.17748,79.870429,6.89,3.0
4049,College,Hospital_4049,Chennai,Anna Nagar,18.665794,77.243851,3.85,4.1
4050,Park,Bus Stop_4050,Hyderabad,Miyapur,17.743257,74.559691,8.47,3.7
4051,Airport,Hospital_4051,Chennai,Anna Nagar,17.123534,73.237525,9.91,3.7
4052,Metro,Restaurant_4052,Chennai,Adyar,18.779596,79.940606,9.45,4.0
4053,Mall,Park_4053,Pune,Wakad,16.194492,77.124328,6.88,4.2
4054,Restaurant,Park_4054,Hyderabad,Gachibowli,14.764184,75.520033,4.73,3.2
4055,Hospital,Restaurant_4055,Mumbai,Bandra,18.559249,79.539878,8.16,3.4
4056,School,Restaurant_4056,Bengaluru,Whitefield,15.002613,76.69579,6.99,4.3
4057,Metro,Bus Stop_4057,Chennai,OMR,13.118455,74.593905,6.6,3.3
4058,School,Airport_4058,Pune,Kharadi,18.592838,78.106848,5.29,4.5
4059,Bus Stop,Airport_4059,Chennai,Velachery,18.558559,73.864923,4.48,4.3
4060,Mall,College_4060,Hyderabad,Gachibowli,13.608961,74.32818,1.62,3.7
4061,Restaurant,Restaurant_4061,Bengaluru,HSR Layout,17.754115,72.136782,6.03,4.8
4062,Park,Restaurant_4062,Chennai,Anna Nagar,16.385319,79.951048,2.84,4.8
4063,Restaurant,School_4063,Hyderabad,Kukatpally,17.811362,74.756807,6.84,3.2
4064,Mall,Mall_4064,Mumbai,Andheri,13.884631,72.711201,1.53,3.1
4065,Hospital,Metro_4065,Pune,Hinjewadi,18.959023,72.977258,2.62,3.3
4066,Bus Stop,School_4066,Hyderabad,Miyapur,17.815236,72.410832,7.73,4.7
4067,Hospital,Metro_4067,Pune,Wakad,14.21835,75.729886,4.52,4.8
4068,Mall,Airport_4068,Mumbai,Thane,12.008929,78.043416,2.6,4.3
4069,Restaurant,Park_4069,Bengaluru,Electronic City,13.096758,72.277365,8.77,4.7
4070,Airport,Mall_4070,Pune,Baner,17.250224,75.110909,5.08,5.0
4071,Park,Restaurant_4071,Mumbai,Andheri,14.572682,77.091868,0.45,4.7
4072,Metro,Park_4072,Chennai,OMR,16.14344,74.079501,3.43,4.8
4073,Bus Stop,Restaurant_4073,Mumbai,Thane,14.379689,77.075556,9.66,3.8
4074,Airport,Restaurant_4074,Chennai,Velachery,15.448916,74.827472,1.92,4.0
4075,Bus Stop,Hospital_4075,Hyderabad,Kondapur,18.846764,76.638493,9.86,4.4
4076,School,Airport_4076,Bengaluru,Whitefield,16.943467,77.052627,4.78,4.2
4077,Bus Stop,Restaurant_4077,Pune,Kharadi,15.259209,74.096847,4.96,4.4
4078,School,Hospital_4078,Bengaluru,Indiranagar,13.523084,76.280379,9.25,3.9
4079,Mall,Restaurant_4079,Pune,Hinjewadi,18.67612,77.300857,0.97,4.6
4080,Airport,College_4080,Mumbai,Andheri,14.237145,72.288374,6.32,4.9
4081,Mall,Restaurant_4081,Bengaluru,Indiranagar,12.895104,75.333348,2.56,3.8
4082,College,Mall_4082,Mumbai,Powai,15.219747,76.553874,7.79,4.7
4083,Airport,Metro_4083,Pune,Hinjewadi,12.541154,79.421538,3.92,4.4
4084,Airport,Airport_4084,Hyderabad,Madhapur,16.589432,74.617889,9.7,4.3
4085,College,Park_4085,Pune,Baner,16.202257,78.398916,1.41,3.6
4086,Airport,School_4086,Pune,Hinjewadi,13.615144,75.537945,6.0,3.3
4087,Mall,Park_4087,Bengaluru,Electronic City,17.613818,79.305421,9.86,4.5
4088,Bus Stop,Bus Stop_4088,Chennai,Adyar,15.071043,72.434282,2.65,4.1
4089,Park,Airport_4089,Hyderabad,Kukatpally,16.019846,72.644864,3.95,4.4
4090,Hospital,Park_4090,Chennai,Velachery,12.958925,75.996357,6.67,4.6
4091,Park,Hospital_4091,Pune,Hinjewadi,18.135651,73.085654,8.43,3.5
4092,School,Airport_4092,Bengaluru,Electronic City,14.814475,73.707563,4.83,3.9
4093,Mall,Hospital_4093,Bengaluru,Electronic City,13.913572,74.232929,8.86,4.8
4094,Park,Hospital_4094,Hyderabad,Madhapur,12.440377,79.918757,0.68,4.1
4095,Mall,Airport_4095,Chennai,Anna Nagar,17.70491,74.94958,9.64,3.4
4096,Restaurant,School_4096,Bengaluru,Whitefield,18.461338,76.43543,2.63,3.4
4097,Metro,College_4097,Chennai,OMR,14.027947,75.133475,9.02,4.8
4098,Bus Stop,Restaurant_4098,Chennai,Anna Nagar,15.705315,76.115704,9.43,4.4
4099,Bus Stop,School_4099,Pune,Kharadi,12.585091,73.794931,6.73,3.8
4100,Park,Airport_4100,Bengaluru,Whitefield,13.970951,77.005589,3.89,3.4
4101,Hospital,College_4101,Mumbai,Bandra,18.522174,76.709624,3.8,3.9
4102,School,Park_4102,Bengaluru,Indiranagar,12.942786,79.947692,7.53,4.3
4103,School,Park_4103,Mumbai,Powai,17.421833,75.935619,9.03,3.7
4104,Mall,College_4104,Pune,Hinjewadi,15.043349,78.186889,5.4,4.9
4105,Restaurant,School_4105,Mumbai,Bandra,17.899122,73.713963,1.85,3.7
4106,College,Airport_4106,Mumbai,Andheri,18.249656,73.818452,8.56,3.4
4107,Airport,Airport_4107,Chennai,OMR,15.351586,76.816033,6.93,3.6
4108,Park,Park_4108,Chennai,Velachery,18.839495,76.926859,8.37,3.8
4109,Park,Restaurant_4109,Chennai,Velachery,15.185886,72.499856,9.48,3.4
4110,College,Hospital_4110,Bengaluru,HSR Layout,18.956567,75.017353,6.89,4.5
4111,Hospital,Restaurant_4111,Mumbai,Powai,12.09752,79.485178,9.02,3.4
4112,Mall,Metro_4112,Chennai,Anna Nagar,15.394895,76.6416,7.8,4.5
4113,Restaurant,Airport_4113,Bengaluru,Electronic City,16.123137,76.219209,2.97,3.7
4114,Mall,School_4114,Pune,Wakad,16.3191,77.126773,2.16,4.2
4115,Bus Stop,Airport_4115,Hyderabad,Madhapur,14.520053,77.700724,1.97,5.0
4116,College,Hospital_4116,Pune,Hinjewadi,16.859818,77.809607,8.66,4.9
4117,Mall,Airport_4117,Pune,Wakad,13.634073,72.652173,8.8,4.4
4118,Restaurant,School_4118,Mumbai,Thane,17.023752,77.264311,3.35,5.0
4119,Mall,Park_4119,Mumbai,Powai,12.544365,77.977419,9.66,4.4
4120,Mall,Bus Stop_4120,Hyderabad,Banjara Hills,17.672268,79.802242,3.81,3.4
4121,School,Mall_4121,Chennai,Anna Nagar,17.615218,74.176039,0.41,3.8
4122,College,Mall_4122,Pune,Hinjewadi,17.453934,78.512669,7.22,3.2
4123,Park,Restaurant_4123,Pune,Hinjewadi,12.646136,78.92792,6.55,3.2
4124,Restaurant,Metro_4124,Chennai,Velachery,14.743606,79.562074,8.94,4.2
4125,School,Airport_4125,Chennai,Anna Nagar,12.839786,77.290304,3.97,4.2
4126,College,Park_4126,Mumbai,Bandra,15.151281,72.64327,4.39,3.4
4127,Mall,School_4127,Pune,Hinjewadi,17.546098,79.529402,2.56,4.6
4128,Park,Bus Stop_4128,Chennai,OMR,18.512507,79.653076,5.37,3.4
4129,College,Park_4129,Chennai,Velachery,14.378856,77.411537,3.83,4.6
4130,Mall,Bus Stop_4130,Bengaluru,Electronic City,14.072289,77.946523,5.38,3.3
4131,Restaurant,Hospital_4131,Chennai,Velachery,14.620067,76.522757,8.62,3.7
4132,School,School_4132,Bengaluru,HSR Layout,15.239903,76.037576,8.94,3.3
4133,College,Mall_4133,Pune,Baner,13.484526,79.331564,3.51,3.1
4134,Bus Stop,College_4134,Chennai,Velachery,13.192826,76.223982,7.28,4.0
4135,Metro,Airport_4135,Chennai,OMR,15.15579,79.117963,8.18,3.8
4136,School,Airport_4136,Mumbai,Andheri,16.565861,78.823302,4.31,4.6
4137,Metro,Bus Stop_4137,Bengaluru,Whitefield,18.353867,73.902574,9.66,4.9
4138,Park,College_4138,Pune,Kharadi,12.508204,73.530079,3.66,4.5
4139,Metro,Metro_4139,Pune,Baner,15.008234,74.379826,1.6,3.7
4140,School,School_4140,Hyderabad,Banjara Hills,14.800541,72.385834,8.69,4.7
4141,Restaurant,School_4141,Bengaluru,Whitefield,15.661832,72.779132,7.03,3.4
4142,School,School_4142,Chennai,Velachery,18.279866,72.165625,0.32,3.1
4143,Restaurant,Mall_4143,Hyderabad,Banjara Hills,18.657633,79.719462,9.24,4.8
4144,Airport,Hospital_4144,Mumbai,Powai,16.518159,72.691859,9.64,4.4
4145,College,College_4145,Bengaluru,Whitefield,13.429678,79.46924,8.33,3.6
4146,College,College_4146,Chennai,Adyar,17.137647,74.959703,1.07,4.4
4147,Bus Stop,Mall_4147,Bengaluru,Indiranagar,13.024359,76.322886,1.93,4.3
4148,Metro,School_4148,Chennai,Velachery,17.212453,74.079896,8.41,3.2
4149,Hospital,Restaurant_4149,Pune,Wakad,12.302048,72.862618,1.72,3.5
4150,College,Metro_4150,Bengaluru,Electronic City,15.961388,79.609357,6.87,4.5
4151,Metro,Park_4151,Hyderabad,Kondapur,17.081609,77.351393,2.17,4.1
4152,Mall,College_4152,Chennai,Velachery,16.837512,78.1948,2.07,3.5
4153,Airport,College_4153,Pune,Wakad,16.726243,76.56152,3.79,3.5
4154,Mall,Metro_4154,Bengaluru,Electronic City,14.369659,74.11897,9.33,3.1
4155,Hospital,Park_4155,Bengaluru,Electronic City,16.780368,76.179772,7.87,4.5
4156,Park,Mall_4156,Chennai,OMR,17.248628,78.383806,5.98,3.4
4157,Hospital,Hospital_4157,Mumbai,Powai,16.321715,73.283751,2.41,4.1
4158,Mall,School_4158,Pune,Baner,17.869764,77.748633,8.99,4.5
4159,School,Hospital_4159,Hyderabad,Kukatpally,15.003061,74.968271,4.22,4.1
4160,Airport,Metro_4160,Hyderabad,Jubilee Hills,17.266373,73.831514,6.46,4.3
4161,Airport,Metro_4161,Bengaluru,Whitefield,12.932236,78.055945,7.61,3.7
4162,Hospital,Park_4162,Pune,Baner,12.78303,75.265292,4.56,3.4
4163,School,Bus Stop_4163,Bengaluru,Whitefield,15.237008,76.104169,9.84,4.6
4164,School,Metro_4164,Chennai,Adyar,12.930135,76.950892,2.9,4.7
4165,College,Mall_4165,Bengaluru,HSR Layout,14.826109,72.602065,1.65,4.6
4166,College,Hospital_4166,Chennai,Anna Nagar,16.965236,72.691382,9.15,3.3
4167,Hospital,College_4167,Chennai,OMR,12.208625,76.142702,6.07,4.5
4168,Airport,School_4168,Hyderabad,Miyapur,16.155167,77.654184,8.01,4.7
4169,Bus Stop,Park_4169,Chennai,Anna Nagar,13.770731,75.955213,7.23,3.3
4170,Mall,Bus Stop_4170,Chennai,Anna Nagar,14.233993,72.881579,4.74,3.7
4171,Metro,Restaurant_4171,Pune,Kharadi,14.780091,76.572956,6.7,4.6
4172,Bus Stop,Mall_4172,Hyderabad,Madhapur,13.513702,73.271116,4.96,3.2
4173,Park,Bus Stop_4173,Mumbai,Bandra,13.168924,74.437556,1.6,4.2
4174,Park,Metro_4174,Mumbai,Powai,17.160759,74.641805,6.99,4.6
4175,Bus Stop,Metro_4175,Mumbai,Andheri,16.651069,78.311204,2.51,4.7
4176,Metro,Hospital_4176,Pune,Hinjewadi,18.191243,77.678434,6.3,4.0
4177,Park,Metro_4177,Pune,Baner,12.121387,72.303973,3.1,3.3
4178,Bus Stop,School_4178,Hyderabad,Jubilee Hills,15.851156,76.544937,3.53,4.0
4179,Restaurant,Mall_4179,Hyderabad,Gachibowli,13.970307,72.36015,3.03,4.5
4180,College,Metro_4180,Pune,Hinjewadi,12.134057,75.305042,0.88,3.5
4181,Airport,Bus Stop_4181,Bengaluru,Indiranagar,13.154721,75.649943,7.43,4.7
4182,Metro,Park_4182,Chennai,Anna Nagar,12.552796,75.834497,3.34,3.9
4183,Airport,College_4183,Chennai,OMR,16.322733,75.447297,8.89,4.0
4184,School,Bus Stop_4184,Mumbai,Thane,12.332106,76.76067,7.03,3.7
4185,Bus Stop,Restaurant_4185,Hyderabad,Jubilee Hills,18.343305,74.77981,8.06,4.4
4186,Bus Stop,Restaurant_4186,Mumbai,Thane,12.87014,79.785152,6.93,4.2
4187,College,Airport_4187,Chennai,Velachery,15.29673,78.496252,1.22,4.2
4188,School,College_4188,Pune,Hinjewadi,14.538765,73.432067,2.56,3.7
4189,Airport,School_4189,Bengaluru,Electronic City,15.184844,78.500153,3.09,4.5
4190,Park,College_4190,Pune,Kharadi,12.033476,74.32038,0.81,4.1
4191,College,Airport_4191,Hyderabad,Kukatpally,12.743459,77.552162,3.9,4.2
4192,School,Park_4192,Bengaluru,Indiranagar,17.645413,78.454228,4.89,3.7
4193,Restaurant,College_4193,Mumbai,Andheri,12.147751,72.220209,3.29,4.0
4194,Park,Restaurant_4194,Chennai,Anna Nagar,12.972637,74.072658,3.06,3.6
4195,Park,Metro_4195,Hyderabad,Gachibowli,18.859862,78.552556,7.43,4.4
4196,Park,Bus Stop_4196,Chennai,Velachery,13.082319,75.312042,1.93,4.6
4197,Mall,College_4197,Hyderabad,Kukatpally,12.016083,75.886856,7.95,3.9
4198,Mall,School_4198,Bengaluru,Whitefield,16.530293,73.314744,1.34,4.1
4199,College,Park_4199,Pune,Wakad,17.027293,79.793857,8.71,4.6
4200,Park,School_4200,Pune,Hinjewadi,16.47799,74.988843,4.49,4.6
4201,Bus Stop,Bus Stop_4201,Pune,Baner,13.041667,78.249688,5.68,4.2
4202,School,College_4202,Mumbai,Thane,13.492032,74.95317,7.09,3.1
4203,Park,Metro_4203,Chennai,Adyar,14.284857,75.924417,7.42,4.8
4204,Hospital,Airport_4204,Hyderabad,Kondapur,16.012941,72.94753,6.0,3.2
4205,Bus Stop,Bus Stop_4205,Mumbai,Bandra,13.384394,77.040289,4.27,3.2
4206,Hospital,Mall_4206,Mumbai,Bandra,17.239201,74.52786,2.92,4.5
4207,Airport,School_4207,Mumbai,Thane,16.223803,76.51815,3.7,4.4
4208,Bus Stop,Restaurant_4208,Pune,Baner,15.506629,75.745398,9.95,4.0
4209,Restaurant,College_4209,Chennai,Velachery,15.031476,72.906648,4.72,4.7
4210,Airport,Bus Stop_4210,Bengaluru,Indiranagar,18.982,74.145598,7.71,4.2
4211,Metro,Hospital_4211,Bengaluru,HSR Layout,13.027547,78.152165,5.36,3.9
4212,Restaurant,School_4212,Pune,Baner,12.431751,78.813314,4.57,4.3
4213,Park,Hospital_4213,Mumbai,Bandra,13.166641,75.857004,1.32,4.1
4214,School,Restaurant_4214,Hyderabad,Gachibowli,18.875219,78.009125,7.28,4.3
4215,College,College_4215,Chennai,Velachery,14.522133,77.948573,5.56,3.6
4216,Restaurant,Airport_4216,Pune,Kharadi,18.329305,74.358364,1.52,3.8
4217,Mall,School_4217,Bengaluru,Indiranagar,12.166433,72.224552,3.21,3.9
4218,Park,School_4218,Bengaluru,Electronic City,16.731886,77.668337,4.04,3.8
4219,Metro,Airport_4219,Bengaluru,Electronic City,13.573214,79.977982,3.22,4.6
4220,Restaurant,Park_4220,Mumbai,Bandra,13.557994,72.70618,2.71,4.5
4221,Hospital,School_4221,Bengaluru,Electronic City,16.375953,79.367949,8.86,3.6
4222,College,School_4222,Bengaluru,Whitefield,17.735932,78.467731,3.87,4.2
4223,Restaurant,Mall_4223,Chennai,Adyar,17.560369,76.25314,3.97,4.3
4224,Restaurant,Mall_4224,Bengaluru,Whitefield,13.044058,77.658447,6.21,4.4
4225,College,Hospital_4225,Hyderabad,Kondapur,16.365494,75.438603,9.42,4.0
4226,Metro,Restaurant_4226,Hyderabad,Madhapur,14.888646,78.153563,5.49,4.8
4227,Restaurant,Hospital_4227,Hyderabad,Jubilee Hills,14.373586,78.049017,8.38,4.5
4228,School,Bus Stop_4228,Pune,Baner,16.582887,78.436684,5.19,3.4
4229,College,Bus Stop_4229,Chennai,Adyar,17.028652,73.324735,7.03,4.3
4230,Restaurant,College_4230,Hyderabad,Madhapur,18.697503,76.758318,2.99,4.9
4231,College,Metro_4231,Bengaluru,Indiranagar,13.195578,79.46653,6.35,3.1
4232,Bus Stop,School_4232,Hyderabad,Miyapur,16.674065,76.430656,4.52,3.0
4233,College,School_4233,Hyderabad,Kukatpally,14.363961,78.265313,5.52,4.8
4234,Hospital,Mall_4234,Chennai,Velachery,18.184984,76.30261,7.66,3.5
4235,Mall,Bus Stop_4235,Bengaluru,Indiranagar,12.832671,78.61687,2.92,3.0
4236,Park,College_4236,Bengaluru,Electronic City,18.209879,74.271811,9.08,3.7
4237,Hospital,Mall_4237,Mumbai,Thane,15.457761,77.293245,2.4,4.1
4238,Hospital,Metro_4238,Hyderabad,Kondapur,12.482502,78.616703,8.99,4.3
4239,College,Hospital_4239,Pune,Hinjewadi,15.108037,79.639048,9.76,3.8
4240,School,Metro_4240,Pune,Kharadi,13.571859,77.373982,9.87,4.0
4241,Hospital,Airport_4241,Pune,Hinjewadi,13.669041,78.750717,3.45,3.8
4242,College,Park_4242,Mumbai,Bandra,13.01231,73.522369,6.41,3.7
4243,College,Metro_4243,Hyderabad,Kukatpally,18.680393,79.866875,7.74,4.8
4244,Park,Restaurant_4244,Chennai,Adyar,15.298766,72.085745,8.23,4.3
4245,Airport,Bus Stop_4245,Hyderabad,Kondapur,14.444383,73.61666,3.99,4.1
4246,Metro,Restaurant_4246,Pune,Wakad,15.10521,72.250837,6.39,4.6
4247,Bus Stop,Bus Stop_4247,Mumbai,Powai,16.683043,79.774069,1.01,3.9
4248,College,Metro_4248,Pune,Wakad,14.266359,73.634031,9.28,3.3
4249,Bus Stop,Airport_4249,Pune,Hinjewadi,13.871962,74.835735,5.23,4.3
4250,Bus Stop,Metro_4250,Hyderabad,Kondapur,14.930257,73.718238,5.67,3.6
4251,School,College_4251,Chennai,Velachery,18.236117,77.769895,1.92,3.8
4252,Restaurant,Park_4252,Chennai,OMR,18.694504,78.576623,3.58,3.5
4253,Hospital,Hospital_4253,Chennai,Adyar,13.192087,78.50153,0.84,4.8
4254,Airport,Restaurant_4254,Mumbai,Thane,12.124067,74.152813,6.03,3.2
4255,Restaurant,Hospital_4255,Mumbai,Bandra,12.160565,76.430629,9.42,3.7
4256,College,Airport_4256,Hyderabad,Banjara Hills,13.410178,73.484638,9.94,3.9
4257,School,Airport_4257,Chennai,Velachery,16.981634,79.34672,2.46,3.0
4258,School,School_4258,Pune,Baner,17.847451,74.609211,7.63,3.1
4259,Bus Stop,Airport_4259,Pune,Hinjewadi,18.085918,72.95788,7.38,4.7
4260,School,Mall_4260,Chennai,OMR,13.37338,78.775555,0.13,4.6
4261,Restaurant,College_4261,Bengaluru,Indiranagar,17.434578,73.3423,9.38,3.7
4262,Hospital,Mall_4262,Pune,Kharadi,16.840587,73.027943,0.75,4.4
4263,Metro,Metro_4263,Pune,Wakad,14.048689,73.01016,9.13,3.9
4264,School,Bus Stop_4264,Mumbai,Bandra,14.677759,74.728977,9.3,3.3
4265,Mall,Metro_4265,Pune,Baner,17.794656,72.929944,4.99,4.1
4266,Park,Airport_4266,Chennai,Anna Nagar,13.81136,74.567116,3.65,4.5
4267,Airport,Restaurant_4267,Bengaluru,Whitefield,16.79215,74.034461,2.15,4.8
4268,Mall,Hospital_4268,Hyderabad,Banjara Hills,12.054845,74.79137,2.03,3.7
4269,Restaurant,Hospital_4269,Bengaluru,Electronic City,17.920891,79.110815,4.2,3.6
4270,School,Metro_4270,Hyderabad,Gachibowli,18.54518,74.185705,5.15,3.7
4271,Hospital,School_4271,Chennai,Adyar,12.763789,79.121275,3.47,3.9
4272,Hospital,Park_4272,Chennai,OMR,13.690224,74.261812,9.42,3.3
4273,School,Metro_4273,Chennai,Adyar,16.676445,79.957515,1.8,4.4
4274,Park,Metro_4274,Mumbai,Bandra,17.292273,73.074948,0.35,4.5
4275,Mall,Restaurant_4275,Mumbai,Andheri,17.643352,78.764193,4.39,4.4
4276,Hospital,Hospital_4276,Bengaluru,Whitefield,17.695346,77.796333,4.65,3.8
4277,Airport,Airport_4277,Chennai,Adyar,18.394786,77.985901,5.19,3.0
4278,Metro,Mall_4278,Chennai,Adyar,18.714384,73.838171,0.72,4.2
4279,College,Restaurant_4279,Hyderabad,Miyapur,15.226438,77.769576,8.52,3.7
4280,Park,Hospital_4280,Hyderabad,Banjara Hills,17.25214,76.984592,2.71,3.5
4281,School,Mall_4281,Pune,Hinjewadi,17.653171,75.792732,0.34,4.5
4282,Bus Stop,Restaurant_4282,Bengaluru,HSR Layout,12.596302,77.895972,9.43,4.4
4283,Hospital,Hospital_4283,Pune,Hinjewadi,13.958829,72.481796,2.12,4.0
4284,Hospital,Park_4284,Bengaluru,Whitefield,16.955107,76.915914,1.84,4.0
4285,Metro,School_4285,Bengaluru,HSR Layout,18.181084,72.5489,9.29,4.9
4286,College,Bus Stop_4286,Bengaluru,Electronic City,16.623569,72.04391,0.26,3.4
4287,College,Restaurant_4287,Hyderabad,Madhapur,12.756239,78.216518,8.9,3.2
4288,Airport,College_4288,Bengaluru,HSR Layout,15.769379,77.71505,9.92,3.0
4289,Bus Stop,College_4289,Hyderabad,Jubilee Hills,18.880906,77.120026,5.1,4.7
4290,Hospital,Hospital_4290,Mumbai,Thane,12.464133,74.683268,4.15,4.3
4291,School,Airport_4291,Hyderabad,Gachibowli,16.767264,77.365002,9.48,4.3
4292,College,Mall_4292,Mumbai,Bandra,18.706592,78.296396,0.78,3.8
4293,Hospital,Airport_4293,Chennai,Adyar,12.134986,75.646244,0.41,4.6
4294,School,Airport_4294,Chennai,OMR,14.579268,79.683405,8.06,4.3
4295,Restaurant,Metro_4295,Pune,Hinjewadi,17.727123,72.227937,9.99,3.1
4296,Bus Stop,Hospital_4296,Mumbai,Andheri,12.08284,72.52425,5.55,3.9
4297,Metro,Bus Stop_4297,Hyderabad,Madhapur,16.441172,73.16941,2.89,3.9
4298,Restaurant,Metro_4298,Pune,Wakad,15.126231,77.106903,4.21,4.8
4299,Restaurant,Metro_4299,Pune,Baner,14.742744,73.659006,7.87,4.6
4300,Airport,School_4300,Pune,Hinjewadi,13.613818,73.661189,2.81,4.5
4301,Mall,Bus Stop_4301,Pune,Baner,12.595348,72.094211,2.64,4.6
4302,Hospital,Mall_4302,Mumbai,Bandra,16.610557,77.851197,0.89,4.1
4303,School,Hospital_4303,Chennai,OMR,16.161872,79.125193,4.48,5.0
4304,School,Hospital_4304,Pune,Hinjewadi,14.378555,75.129949,4.48,3.4
4305,Bus Stop,Airport_4305,Mumbai,Powai,12.998191,78.610131,1.1,3.5
4306,School,Park_4306,Pune,Baner,16.832501,76.630495,2.88,3.7
4307,Restaurant,Hospital_4307,Hyderabad,Kondapur,16.947165,72.37261,0.26,3.2
4308,Airport,Hospital_4308,Mumbai,Powai,15.633426,76.398515,2.11,3.6
4309,Park,Airport_4309,Bengaluru,Whitefield,18.64949,77.198667,1.36,3.5
4310,Restaurant,Park_4310,Bengaluru,Electronic City,12.070711,74.087241,7.82,3.3
4311,Airport,Park_4311,Hyderabad,Kukatpally,16.395306,77.1203,4.69,3.9
4312,Airport,School_4312,Mumbai,Thane,14.03419,73.974668,5.56,4.8
4313,Park,Restaurant_4313,Pune,Wakad,16.51507,78.53349,3.5,3.9
4314,Restaurant,Hospital_4314,Chennai,OMR,14.046574,72.642192,2.2,4.8
4315,Park,Bus Stop_4315,Mumbai,Andheri,15.790325,73.173451,3.17,4.2
4316,Metro,Restaurant_4316,Bengaluru,Indiranagar,18.519297,74.725435,6.44,4.6
4317,Hospital,Restaurant_4317,Pune,Kharadi,15.621573,74.256642,8.01,4.9
4318,Bus Stop,Bus Stop_4318,Bengaluru,Whitefield,12.962722,73.520813,2.19,4.6
4319,School,Metro_4319,Bengaluru,Whitefield,18.726811,78.536884,4.1,3.8
4320,Airport,Metro_4320,Pune,Baner,15.062011,75.1977,2.31,3.7
4321,Restaurant,Mall_4321,Hyderabad,Gachibowli,12.64955,77.048568,8.1,4.2
4322,Airport,School_4322,Bengaluru,Electronic City,16.425924,75.547229,6.07,4.1
4323,Park,Bus Stop_4323,Chennai,Anna Nagar,14.531125,73.789203,8.69,4.2
4324,School,Restaurant_4324,Hyderabad,Kukatpally,16.217847,72.172082,0.72,3.8
4325,Park,Hospital_4325,Hyderabad,Kukatpally,13.286092,76.923592,3.65,4.2
4326,College,Park_4326,Pune,Hinjewadi,13.866495,74.146583,1.72,3.6
4327,College,Restaurant_4327,Mumbai,Bandra,13.068353,72.722318,6.19,3.9
4328,School,Airport_4328,Chennai,OMR,16.749769,77.584307,0.45,3.5
4329,Hospital,Mall_4329,Mumbai,Bandra,14.04175,75.743678,1.27,4.9
4330,Hospital,Bus Stop_4330,Bengaluru,Indiranagar,14.09282,73.723612,4.51,3.9
4331,Airport,College_4331,Hyderabad,Miyapur,16.947955,73.581123,5.78,4.6
4332,School,Restaurant_4332,Pune,Wakad,14.693273,79.983807,7.55,3.9
4333,Bus Stop,Park_4333,Mumbai,Powai,15.687277,72.661666,8.2,4.5
4334,School,Bus Stop_4334,Chennai,OMR,12.166368,74.356232,8.94,4.9
4335,Metro,Park_4335,Chennai,Adyar,15.007956,76.117943,0.19,3.8
4336,Restaurant,Mall_4336,Chennai,Velachery,18.50629,76.26083,4.37,4.0
4337,Bus Stop,Hospital_4337,Mumbai,Andheri,12.089066,79.673454,0.21,3.5
4338,Park,Restaurant_4338,Chennai,OMR,16.928802,76.862007,1.18,4.9
4339,School,Metro_4339,Chennai,Anna Nagar,18.666279,74.403219,7.57,3.8
4340,Metro,College_4340,Hyderabad,Kukatpally,13.195079,77.262727,3.99,3.8
4341,Park,Hospital_4341,Chennai,Adyar,18.120347,79.57619,6.77,4.7
4342,Metro,Mall_4342,Mumbai,Thane,15.010469,76.479903,4.24,4.7
4343,Mall,Park_4343,Hyderabad,Jubilee Hills,12.757496,77.607638,8.9,4.6
4344,Metro,Restaurant_4344,Hyderabad,Kondapur,12.445365,76.33492,9.14,4.9
4345,School,Airport_4345,Hyderabad,Jubilee Hills,13.575971,79.810147,8.45,3.5
4346,Hospital,Bus Stop_4346,Mumbai,Bandra,13.803366,73.039612,0.58,3.8
4347,Restaurant,Park_4347,Pune,Hinjewadi,14.761843,78.368255,5.89,4.6
4348,Mall,Metro_4348,Mumbai,Bandra,13.107364,76.023591,4.18,4.0
4349,Bus Stop,Hospital_4349,Chennai,Adyar,13.04719,75.395718,7.23,3.6
4350,Bus Stop,School_4350,Chennai,Velachery,17.299465,74.723273,5.39,4.1
4351,School,Park_4351,Hyderabad,Banjara Hills,17.717798,72.418714,8.84,3.6
4352,Park,Hospital_4352,Bengaluru,Indiranagar,12.167461,73.083374,9.71,3.9
4353,Bus Stop,School_4353,Mumbai,Thane,13.040472,74.080245,2.47,4.3
4354,Park,Park_4354,Mumbai,Thane,12.728355,73.644072,4.61,3.1
4355,School,Bus Stop_4355,Hyderabad,Madhapur,12.764978,75.702969,9.92,4.1
4356,Bus Stop,School_4356,Bengaluru,Indiranagar,16.475308,79.035999,7.75,3.2
4357,School,Park_4357,Bengaluru,HSR Layout,14.211715,73.364121,3.9,3.9
4358,Park,Bus Stop_4358,Mumbai,Andheri,14.244433,73.382297,4.06,3.0
4359,Airport,Hospital_4359,Pune,Hinjewadi,12.825544,79.854844,7.77,4.5
4360,Airport,Mall_4360,Hyderabad,Jubilee Hills,14.846004,76.375576,4.47,3.3
4361,Bus Stop,College_4361,Pune,Kharadi,16.624751,79.324108,3.19,3.3
4362,Hospital,Metro_4362,Chennai,Anna Nagar,12.276373,72.186279,3.21,3.7
4363,Restaurant,Metro_4363,Bengaluru,Indiranagar,12.300235,74.729209,2.39,4.8
4364,Metro,College_4364,Hyderabad,Miyapur,14.704112,75.397603,8.42,3.0
4365,School,Hospital_4365,Mumbai,Thane,14.048454,78.768305,3.83,4.6
4366,Park,College_4366,Hyderabad,Gachibowli,13.810775,79.124461,3.57,4.8
4367,Restaurant,Metro_4367,Mumbai,Bandra,16.79847,76.59727,7.31,3.9
4368,Hospital,School_4368,Bengaluru,Electronic City,16.953197,72.281298,1.98,3.3
4369,Bus Stop,Park_4369,Pune,Hinjewadi,18.775975,75.847892,1.12,3.9
4370,Hospital,Bus Stop_4370,Bengaluru,Electronic City,15.29928,79.036703,2.22,4.5
4371,Park,Airport_4371,Hyderabad,Jubilee Hills,17.19398,74.86424,3.43,3.3
4372,Mall,School_4372,Bengaluru,Whitefield,16.756932,72.185775,7.02,4.4
4373,College,Bus Stop_4373,Mumbai,Thane,14.078052,78.322755,9.87,4.0
4374,Mall,Park_4374,Mumbai,Powai,13.479252,74.318445,9.71,3.8
4375,Hospital,Park_4375,Chennai,Anna Nagar,15.322417,72.109576,9.15,3.5
4376,College,Mall_4376,Mumbai,Andheri,18.803609,78.438695,2.51,4.2
4377,Bus Stop,School_4377,Pune,Wakad,17.661795,72.649484,4.34,4.9
4378,Hospital,Metro_4378,Pune,Kharadi,14.000148,76.389437,0.57,3.1
4379,Mall,Hospital_4379,Mumbai,Bandra,12.648715,77.746846,8.42,3.4
4380,College,Airport_4380,Bengaluru,Whitefield,13.307514,78.309794,1.58,3.9
4381,Airport,Park_4381,Bengaluru,Indiranagar,12.025372,72.765029,6.95,3.3
4382,Bus Stop,Mall_4382,Bengaluru,Indiranagar,18.970204,76.956344,5.95,4.4
4383,Park,Park_4383,Bengaluru,Indiranagar,15.22807,76.392465,7.74,3.2
4384,School,Metro_4384,Chennai,Adyar,12.097445,75.11692,3.44,4.2
4385,Bus Stop,College_4385,Pune,Hinjewadi,18.155244,75.559984,9.91,3.4
4386,Hospital,Mall_4386,Bengaluru,HSR Layout,18.99445,73.21779,8.19,3.1
4387,Mall,Airport_4387,Pune,Wakad,12.636081,78.289031,7.39,3.6
4388,Restaurant,Park_4388,Hyderabad,Kondapur,17.92523,77.212574,8.74,4.3
4389,Park,Airport_4389,Pune,Hinjewadi,14.453562,78.76291,5.99,4.2
4390,Metro,Airport_4390,Pune,Kharadi,13.569666,74.48146,8.74,4.2
4391,Park,Bus Stop_4391,Mumbai,Bandra,15.508966,72.301871,1.74,3.1
4392,Restaurant,College_4392,Hyderabad,Jubilee Hills,12.236884,73.499121,1.41,3.2
4393,Park,Restaurant_4393,Bengaluru,Indiranagar,16.652028,78.024032,1.31,4.8
4394,Mall,Restaurant_4394,Hyderabad,Miyapur,17.22507,79.112479,7.13,3.4
4395,Hospital,Hospital_4395,Chennai,Anna Nagar,16.124473,75.141183,4.91,4.4
4396,School,College_4396,Bengaluru,Whitefield,13.060783,78.572088,2.74,4.7
4397,School,Park_4397,Hyderabad,Miyapur,16.026278,76.373414,6.23,3.8
4398,Hospital,Hospital_4398,Mumbai,Powai,15.056618,76.104363,6.01,4.1
4399,Airport,College_4399,Chennai,Adyar,12.007003,79.336958,8.91,3.8
4400,Park,Hospital_4400,Mumbai,Bandra,14.414085,73.647441,1.99,3.3
4401,School,College_4401,Hyderabad,Madhapur,18.371639,74.996894,3.83,3.6
4402,Metro,Restaurant_4402,Bengaluru,Indiranagar,14.67652,74.468666,4.33,3.3
4403,Hospital,Restaurant_4403,Pune,Kharadi,17.853608,73.966257,6.62,3.2
4404,Bus Stop,Mall_4404,Chennai,Velachery,18.308627,75.316239,7.54,3.4
4405,Park,School_4405,Chennai,Anna Nagar,12.91165,77.247856,8.54,4.9
4406,Bus Stop,Metro_4406,Bengaluru,Electronic City,18.968029,72.395101,1.68,4.6
4407,School,Hospital_4407,Pune,Baner,16.733141,75.720801,4.19,3.1
4408,Metro,Mall_4408,Hyderabad,Banjara Hills,15.179769,75.684001,9.31,4.6
4409,School,Park_4409,Pune,Kharadi,18.928679,75.883681,5.26,4.0
4410,Airport,Airport_4410,Mumbai,Andheri,17.87461,78.240215,0.72,4.8
4411,Restaurant,Mall_4411,Pune,Baner,14.131542,76.554594,6.69,4.5
4412,Hospital,Metro_4412,Pune,Wakad,16.556744,74.603228,6.19,3.7
4413,Airport,Hospital_4413,Mumbai,Thane,12.498792,76.177604,2.9,4.9
4414,Mall,Bus Stop_4414,Bengaluru,HSR Layout,15.632839,79.055909,6.05,3.6
4415,School,Restaurant_4415,Pune,Hinjewadi,17.795699,77.264329,6.05,4.6
4416,Park,Park_4416,Mumbai,Powai,16.947735,77.4743,9.58,4.5
4417,College,Restaurant_4417,Pune,Wakad,17.059062,73.4424,4.73,3.8
4418,Airport,Mall_4418,Chennai,Anna Nagar,16.828411,75.969624,2.58,4.4
4419,Bus Stop,Restaurant_4419,Chennai,Anna Nagar,14.088613,74.430217,3.93,3.8
4420,Hospital,Airport_4420,Bengaluru,Indiranagar,18.795372,73.996719,1.7,3.8
4421,Mall,Restaurant_4421,Hyderabad,Jubilee Hills,14.381719,77.109851,2.38,4.0
4422,Metro,Airport_4422,Mumbai,Bandra,14.047542,75.916884,6.59,3.8
4423,Park,Metro_4423,Bengaluru,HSR Layout,17.535738,76.235191,6.14,3.9
4424,Metro,Metro_4424,Bengaluru,Indiranagar,15.595959,73.732865,8.63,4.0
4425,Hospital,Mall_4425,Hyderabad,Jubilee Hills,12.340817,72.334852,6.88,4.6
4426,Hospital,College_4426,Bengaluru,Whitefield,12.420407,78.928707,2.57,3.9
4427,Mall,College_4427,Bengaluru,Whitefield,17.858399,79.688584,9.17,4.3
4428,Airport,Airport_4428,Pune,Kharadi,15.149507,72.859158,4.28,4.9
4429,Park,Park_4429,Chennai,Velachery,17.425908,77.744127,4.47,3.4
4430,School,Airport_4430,Mumbai,Powai,16.463575,75.912909,5.11,3.1
4431,Bus Stop,School_4431,Bengaluru,HSR Layout,14.024433,79.199679,6.83,3.3
4432,College,Park_4432,Chennai,Velachery,14.600599,78.359989,7.46,3.2
4433,Metro,Airport_4433,Bengaluru,Whitefield,18.944014,73.765978,3.65,3.3
4434,Hospital,College_4434,Mumbai,Bandra,15.161815,72.161351,7.87,3.6
4435,Bus Stop,Mall_4435,Hyderabad,Gachibowli,15.412137,72.11226,6.79,4.3
4436,School,Metro_4436,Mumbai,Powai,17.16283,79.995734,9.48,4.1
4437,College,Mall_4437,Mumbai,Andheri,16.37083,76.192338,6.42,3.1
4438,College,Hospital_4438,Hyderabad,Banjara Hills,14.673854,73.084701,5.64,4.4
4439,Bus Stop,Restaurant_4439,Mumbai,Andheri,15.390008,79.458667,4.92,4.9
4440,Restaurant,Metro_4440,Mumbai,Powai,15.334916,75.795384,6.09,3.9
4441,Park,Hospital_4441,Hyderabad,Kondapur,18.843806,77.672871,8.49,3.4
4442,College,Park_4442,Hyderabad,Miyapur,15.800903,79.317822,1.73,4.9
4443,Bus Stop,Park_4443,Hyderabad,Kondapur,16.616324,74.601992,4.63,3.7
4444,Park,School_4444,Bengaluru,Whitefield,17.45368,75.78505,4.83,3.6
4445,Park,Park_4445,Bengaluru,Indiranagar,13.435349,73.578876,5.52,4.6
4446,Metro,School_4446,Hyderabad,Madhapur,18.657776,77.78483,0.54,4.6
4447,Bus Stop,School_4447,Chennai,Velachery,13.332713,73.461379,4.02,4.3
4448,Hospital,Bus Stop_4448,Pune,Baner,16.931102,79.577659,3.81,4.0
4449,College,Bus Stop_4449,Chennai,Anna Nagar,15.672798,79.524958,8.09,3.4
4450,Metro,School_4450,Pune,Wakad,12.72391,73.429441,9.68,3.3
4451,School,Airport_4451,Bengaluru,Indiranagar,16.434419,72.911809,4.02,4.3
4452,Park,Restaurant_4452,Mumbai,Bandra,16.869107,73.504489,2.83,3.7
4453,Airport,Restaurant_4453,Hyderabad,Kondapur,13.826092,76.445504,0.21,3.6
4454,Hospital,Bus Stop_4454,Chennai,Anna Nagar,14.618798,77.647799,8.66,4.2
4455,Restaurant,Bus Stop_4455,Mumbai,Powai,18.441103,73.627097,1.36,4.6
4456,Bus Stop,Airport_4456,Chennai,Adyar,18.686143,75.317641,5.38,3.9
4457,Restaurant,Airport_4457,Pune,Kharadi,17.431962,72.205646,3.63,3.5
4458,Restaurant,Hospital_4458,Pune,Baner,12.789252,76.656292,8.92,3.8
4459,School,Metro_4459,Hyderabad,Gachibowli,12.213804,75.073543,9.22,4.9
4460,Restaurant,Airport_4460,Chennai,Anna Nagar,18.217592,74.655389,4.97,3.5
4461,College,Hospital_4461,Mumbai,Thane,14.571026,78.322404,5.5,4.1
4462,Mall,Park_4462,Mumbai,Bandra,14.867515,74.257144,0.33,4.5
4463,Hospital,College_4463,Hyderabad,Jubilee Hills,17.216057,74.478954,8.51,3.1
4464,Airport,Hospital_4464,Pune,Wakad,13.092447,75.479357,8.86,3.9
4465,Park,Park_4465,Bengaluru,Electronic City,17.282,79.325109,2.16,4.4
4466,College,College_4466,Chennai,OMR,14.967196,79.206721,7.11,4.1
4467,Mall,School_4467,Mumbai,Bandra,12.498883,73.221942,7.39,3.8
4468,Park,Airport_4468,Bengaluru,Electronic City,13.225135,79.943694,7.52,4.2
4469,Park,Park_4469,Bengaluru,Indiranagar,18.354119,77.980237,2.57,4.5
4470,Bus Stop,School_4470,Mumbai,Thane,16.986873,75.394197,7.72,4.1
4471,College,Restaurant_4471,Pune,Baner,16.780722,76.484359,5.12,4.7
4472,Bus Stop,Restaurant_4472,Hyderabad,Kukatpally,17.773384,75.045832,7.12,4.1
4473,Park,Metro_4473,Mumbai,Powai,13.015838,72.721841,8.96,3.4
4474,Bus Stop,Airport_4474,Hyderabad,Miyapur,14.797494,73.001838,7.22,4.3
4475,Bus Stop,School_4475,Pune,Hinjewadi,13.211114,74.46744,6.81,4.0
4476,Airport,Restaurant_4476,Bengaluru,Electronic City,12.70142,75.092612,6.83,3.6
4477,Park,College_4477,Chennai,Velachery,12.162784,74.557406,2.06,4.0
4478,Bus Stop,Mall_4478,Mumbai,Powai,13.60018,72.457438,8.87,4.2
4479,College,College_4479,Pune,Hinjewadi,14.753795,74.10004,6.82,4.3
4480,Park,Mall_4480,Mumbai,Powai,14.467205,76.280952,2.47,3.8
4481,Bus Stop,Park_4481,Bengaluru,Electronic City,17.555756,73.475148,3.04,4.8
4482,Bus Stop,Airport_4482,Pune,Kharadi,14.109327,79.326481,1.11,3.4
4483,Park,Mall_4483,Chennai,OMR,15.127347,76.511446,0.68,3.9
4484,College,Metro_4484,Pune,Baner,13.226913,73.287223,9.29,3.8
4485,Mall,Airport_4485,Chennai,Velachery,12.372454,79.620488,1.3,3.8
4486,Bus Stop,Hospital_4486,Hyderabad,Kondapur,12.949089,72.332091,8.17,4.3
4487,Bus Stop,Mall_4487,Hyderabad,Jubilee Hills,14.121833,73.573288,9.77,4.1
4488,College,Airport_4488,Hyderabad,Miyapur,16.629081,76.050617,2.73,4.1
4489,Metro,Restaurant_4489,Pune,Baner,18.285592,73.477569,6.86,4.5
4490,College,Hospital_4490,Bengaluru,HSR Layout,17.434193,72.134474,8.61,3.8
4491,Park,School_4491,Pune,Kharadi,16.313188,74.398562,8.87,4.9
4492,Metro,Metro_4492,Hyderabad,Kondapur,16.311072,78.478514,7.68,3.6
4493,Metro,College_4493,Hyderabad,Miyapur,12.971078,78.291333,8.26,4.0
4494,School,Bus Stop_4494,Bengaluru,Whitefield,17.176997,77.17956,5.93,3.4
4495,Mall,Bus Stop_4495,Mumbai,Powai,12.357766,77.354272,5.93,4.3
4496,Mall,Metro_4496,Pune,Baner,12.217409,75.702595,1.05,3.4
4497,Mall,School_4497,Chennai,Adyar,15.631747,72.526652,7.03,3.6
4498,College,Mall_4498,Mumbai,Powai,15.62872,77.598205,0.93,3.1
4499,Metro,Restaurant_4499,Mumbai,Powai,16.297636,75.009677,3.56,4.4
4500,Bus Stop,Hospital_4500,Pune,Kharadi,16.694971,73.79185,3.66,3.5
4501,College,Airport_4501,Hyderabad,Banjara Hills,15.355692,79.372313,5.42,3.6
4502,School,School_4502,Mumbai,Thane,17.395588,73.251779,8.5,4.0
4503,Bus Stop,Restaurant_4503,Bengaluru,Whitefield,16.677363,75.532241,2.18,4.9
4504,Restaurant,Mall_4504,Pune,Wakad,13.278305,73.458873,2.0,4.0
4505,Airport,Airport_4505,Mumbai,Andheri,17.035437,78.806002,3.48,4.4
4506,Hospital,Bus Stop_4506,Chennai,Velachery,12.881887,76.847017,6.99,4.9
4507,Hospital,Bus Stop_4507,Pune,Hinjewadi,16.785807,74.922796,6.96,4.1
4508,Mall,College_4508,Bengaluru,HSR Layout,16.338252,73.487876,0.36,4.4
4509,Park,Metro_4509,Pune,Wakad,12.743169,77.477288,8.88,3.0
4510,School,Bus Stop_4510,Bengaluru,HSR Layout,18.432692,74.799408,7.4,3.3
4511,College,Restaurant_4511,Chennai,OMR,13.099468,72.367887,0.9,4.1
4512,School,College_4512,Pune,Hinjewadi,15.395558,73.108548,4.32,4.8
4513,School,Mall_4513,Hyderabad,Madhapur,13.773641,79.296466,5.11,3.7
4514,Hospital,Bus Stop_4514,Mumbai,Andheri,18.105453,79.67315,5.95,4.5
4515,Bus Stop,College_4515,Mumbai,Thane,17.839848,72.173981,5.44,3.4
4516,College,Restaurant_4516,Chennai,OMR,17.770035,74.254746,6.14,3.9
4517,Hospital,Park_4517,Hyderabad,Madhapur,17.84438,76.06152,9.57,4.6
4518,Metro,Metro_4518,Bengaluru,Whitefield,14.243363,79.096835,6.4,4.3
4519,Park,Metro_4519,Hyderabad,Banjara Hills,17.178868,73.335617,8.3,4.8
4520,Mall,Airport_4520,Hyderabad,Miyapur,18.774121,74.451102,2.36,5.0
4521,School,Airport_4521,Bengaluru,Electronic City,12.173354,76.353556,6.93,4.9
4522,Park,School_4522,Pune,Baner,13.587954,75.141549,2.55,3.8
4523,Metro,Bus Stop_4523,Mumbai,Thane,13.724028,76.658829,8.07,4.9
4524,Park,Metro_4524,Hyderabad,Madhapur,13.89822,76.139858,3.99,4.7
4525,Bus Stop,Metro_4525,Mumbai,Thane,14.976159,74.396894,2.8,3.6
4526,Mall,Park_4526,Mumbai,Thane,14.45085,75.758129,6.16,3.8
4527,Hospital,Mall_4527,Mumbai,Bandra,16.275923,79.474228,1.26,4.2
4528,Hospital,Airport_4528,Mumbai,Thane,17.648205,74.735633,1.72,4.5
4529,Airport,Metro_4529,Pune,Hinjewadi,18.221625,75.001212,0.62,3.7
4530,College,College_4530,Bengaluru,Indiranagar,12.926709,79.229431,8.24,3.3
4531,School,Bus Stop_4531,Mumbai,Thane,12.73451,72.490717,8.32,3.1
4532,Park,Park_4532,Bengaluru,HSR Layout,15.857247,77.122887,6.53,4.8
4533,Bus Stop,College_4533,Chennai,Adyar,15.300384,77.30752,4.85,4.8
4534,Mall,Restaurant_4534,Mumbai,Powai,13.526643,78.9172,0.29,3.6
4535,Restaurant,School_4535,Pune,Hinjewadi,17.208886,76.173714,5.49,3.7
4536,Hospital,Bus Stop_4536,Chennai,OMR,18.89137,78.707449,1.27,3.3
4537,College,Metro_4537,Chennai,OMR,18.540861,76.308348,2.58,4.1
4538,Restaurant,Hospital_4538,Hyderabad,Kukatpally,18.997096,78.108377,4.34,4.7
4539,School,Mall_4539,Bengaluru,Indiranagar,12.141519,77.048074,1.42,4.0
4540,Metro,Bus Stop_4540,Hyderabad,Kondapur,12.547242,79.785682,9.84,3.1
4541,Metro,Mall_4541,Pune,Baner,18.705469,73.425122,2.07,3.2
4542,Restaurant,Restaurant_4542,Hyderabad,Kondapur,12.13137,76.394061,6.6,4.4
4543,College,School_4543,Hyderabad,Madhapur,13.659503,72.748067,6.18,3.4
4544,Mall,School_4544,Chennai,Velachery,12.109201,72.504477,6.14,3.4
4545,Park,School_4545,Chennai,OMR,15.018602,77.726777,1.41,4.8
4546,Restaurant,College_4546,Chennai,Adyar,18.170904,77.673047,1.42,4.8
4547,College,Mall_4547,Bengaluru,Whitefield,13.260082,74.105465,6.66,3.1
4548,Park,School_4548,Pune,Hinjewadi,12.073927,74.670707,7.4,3.1
4549,Hospital,Metro_4549,Chennai,Velachery,12.828532,77.413904,7.82,3.8
4550,Hospital,Park_4550,Mumbai,Powai,13.222692,79.438982,0.55,5.0
4551,Bus Stop,Restaurant_4551,Chennai,Adyar,16.816893,74.611709,9.17,4.8
4552,Hospital,College_4552,Pune,Kharadi,13.460243,72.595906,2.4,3.7
4553,Restaurant,Airport_4553,Chennai,OMR,18.131029,78.14391,9.34,3.5
4554,Park,Mall_4554,Mumbai,Powai,15.470828,75.534479,7.25,3.6
4555,School,Bus Stop_4555,Chennai,OMR,18.432889,75.685361,3.24,4.4
4556,Mall,Park_4556,Bengaluru,HSR Layout,12.487054,75.916868,4.5,4.3
4557,Bus Stop,Bus Stop_4557,Mumbai,Powai,12.393906,73.492515,2.58,3.4
4558,Bus Stop,Airport_4558,Chennai,OMR,18.52022,79.166539,6.8,4.3
4559,Restaurant,College_4559,Hyderabad,Jubilee Hills,12.472135,79.746168,6.59,3.9
4560,College,Mall_4560,Hyderabad,Miyapur,16.524041,77.417837,3.11,3.5
4561,Restaurant,School_4561,Bengaluru,HSR Layout,13.46369,78.683841,3.13,4.4
4562,Restaurant,Mall_4562,Pune,Hinjewadi,14.080778,79.117355,5.92,3.6
4563,Airport,Bus Stop_4563,Pune,Wakad,14.962606,74.63571,6.93,4.5
4564,Mall,Mall_4564,Chennai,Anna Nagar,14.934394,78.642237,7.45,3.7
4565,Park,Metro_4565,Bengaluru,Electronic City,12.674458,74.99346,2.74,3.3
4566,Restaurant,College_4566,Bengaluru,Whitefield,13.177865,72.937288,0.19,4.0
4567,Restaurant,Metro_4567,Bengaluru,Electronic City,14.503711,77.519377,3.55,3.6
4568,Restaurant,Mall_4568,Mumbai,Bandra,15.096492,75.208451,5.82,3.4
4569,College,Metro_4569,Pune,Hinjewadi,17.88627,77.578832,1.48,4.1
4570,College,Bus Stop_4570,Hyderabad,Banjara Hills,15.373922,72.322746,2.45,4.5
4571,Restaurant,Park_4571,Bengaluru,HSR Layout,12.408619,76.471022,5.29,3.2
4572,Mall,Restaurant_4572,Chennai,Velachery,13.226915,72.773761,6.86,3.4
4573,Restaurant,Mall_4573,Pune,Kharadi,12.270651,75.002302,2.16,3.8
4574,Mall,Hospital_4574,Pune,Wakad,12.630807,77.914722,5.62,4.3
4575,School,Hospital_4575,Bengaluru,HSR Layout,13.498744,75.327921,5.07,4.6
4576,Airport,Airport_4576,Chennai,Velachery,12.207649,79.392004,6.58,4.9
4577,Park,Mall_4577,Bengaluru,Whitefield,17.959028,79.276533,8.49,3.7
4578,Bus Stop,School_4578,Bengaluru,Whitefield,15.286719,72.498701,0.43,4.8
4579,Metro,School_4579,Mumbai,Powai,15.052717,72.556775,4.83,3.0
4580,Metro,Hospital_4580,Mumbai,Bandra,12.119674,72.320632,4.68,4.2
4581,Hospital,School_4581,Chennai,Adyar,17.769978,78.108278,5.46,4.8
4582,Mall,School_4582,Hyderabad,Kukatpally,18.161929,79.408498,7.43,4.4
4583,Airport,Bus Stop_4583,Pune,Baner,18.903454,74.528968,7.59,3.2
4584,Airport,Mall_4584,Hyderabad,Kukatpally,14.685086,75.328858,0.26,3.4
4585,Hospital,Bus Stop_4585,Hyderabad,Gachibowli,16.336256,78.199809,8.66,3.7
4586,Park,Hospital_4586,Mumbai,Andheri,18.546401,78.401383,4.07,4.5
4587,Bus Stop,Mall_4587,Mumbai,Thane,18.305342,72.327009,0.87,3.1
4588,Bus Stop,Airport_4588,Mumbai,Bandra,13.297539,73.116024,9.74,3.8
4589,Metro,Park_4589,Hyderabad,Miyapur,15.836916,74.800184,1.47,3.9
4590,Restaurant,Hospital_4590,Bengaluru,Electronic City,12.349712,79.420254,8.46,4.5
4591,Park,Metro_4591,Mumbai,Andheri,14.420314,73.955789,2.28,4.8
4592,School,Park_4592,Pune,Hinjewadi,16.295938,73.267613,3.21,4.3
4593,Mall,Hospital_4593,Hyderabad,Miyapur,16.688441,75.097977,9.69,4.5
4594,College,Bus Stop_4594,Pune,Wakad,18.442225,79.548427,2.23,4.3
4595,Park,Restaurant_4595,Bengaluru,Indiranagar,14.623182,74.789776,7.96,3.0
4596,Hospital,Park_4596,Hyderabad,Miyapur,17.928169,75.317125,8.14,4.7
4597,Metro,School_4597,Hyderabad,Kukatpally,18.968525,76.155975,9.1,3.4
4598,Park,Mall_4598,Mumbai,Bandra,12.12926,79.534914,2.03,4.0
4599,Bus Stop,Restaurant_4599,Hyderabad,Miyapur,14.665093,76.420611,4.61,4.6
4600,Hospital,Mall_4600,Chennai,Velachery,13.871063,79.885312,2.89,4.0
4601,Hospital,School_4601,Chennai,Adyar,18.38487,72.479668,0.9,4.8
4602,Airport,Park_4602,Hyderabad,Jubilee Hills,15.250761,78.233986,4.22,3.8
4603,Park,College_4603,Chennai,OMR,13.429936,78.240574,4.89,4.2
4604,Metro,Metro_4604,Hyderabad,Kukatpally,13.905855,75.13987,9.16,4.8
4605,College,School_4605,Chennai,OMR,17.361644,73.457581,5.06,4.1
4606,Bus Stop,Restaurant_4606,Bengaluru,Electronic City,12.138563,72.832513,3.98,4.7
4607,Mall,Restaurant_4607,Pune,Kharadi,17.198647,78.59197,6.55,4.4
4608,College,Hospital_4608,Mumbai,Thane,17.859179,74.13815,4.07,4.4
4609,Mall,Metro_4609,Chennai,Anna Nagar,12.193351,72.752075,8.24,3.2
4610,Restaurant,Bus Stop_4610,Mumbai,Powai,16.468967,77.307694,7.93,4.3
4611,School,School_4611,Hyderabad,Kukatpally,16.722813,72.124197,7.42,4.7
4612,College,College_4612,Chennai,Anna Nagar,12.485124,72.77644,5.08,4.4
4613,Park,Bus Stop_4613,Mumbai,Thane,16.536742,76.570378,1.25,3.6
4614,Hospital,Park_4614,Hyderabad,Kondapur,17.439266,76.372241,3.32,3.3
4615,College,Metro_4615,Mumbai,Thane,15.92559,75.840401,2.92,3.1
4616,College,Park_4616,Chennai,Anna Nagar,12.287446,79.421259,4.72,4.3
4617,Park,Mall_4617,Bengaluru,Whitefield,16.55916,72.123087,8.9,5.0
4618,Airport,Park_4618,Mumbai,Bandra,13.702277,77.644861,6.21,4.3
4619,College,College_4619,Pune,Wakad,17.545398,78.617545,1.09,3.8
4620,Hospital,Park_4620,Pune,Hinjewadi,17.995257,79.384196,3.69,4.9
4621,Restaurant,Metro_4621,Hyderabad,Madhapur,13.878362,77.858767,1.0,4.4
4622,Hospital,College_4622,Chennai,Velachery,18.477618,79.353517,2.26,4.3
4623,Bus Stop,Mall_4623,Pune,Hinjewadi,16.716016,75.926288,6.15,3.8
4624,Hospital,Metro_4624,Mumbai,Powai,18.083123,78.435779,5.46,3.8
4625,College,School_4625,Hyderabad,Gachibowli,12.161138,74.586436,4.82,4.1
4626,School,College_4626,Chennai,Anna Nagar,15.26892,75.935425,6.21,3.7
4627,Metro,Bus Stop_4627,Pune,Baner,13.324447,73.37696,9.85,3.2
4628,Bus Stop,Metro_4628,Hyderabad,Madhapur,13.093447,75.699319,9.59,4.6
4629,Bus Stop,Bus Stop_4629,Bengaluru,HSR Layout,18.375539,72.19467,3.36,3.5
4630,College,School_4630,Chennai,Adyar,13.386489,73.491038,2.72,4.5
4631,Park,Restaurant_4631,Chennai,OMR,16.629729,74.409402,9.65,4.2
4632,College,Restaurant_4632,Bengaluru,Whitefield,14.432538,73.270593,3.69,5.0
4633,Bus Stop,Restaurant_4633,Bengaluru,Electronic City,15.241256,77.347822,9.09,3.3
4634,Mall,Airport_4634,Mumbai,Thane,13.584538,77.500298,0.31,4.6
4635,Restaurant,Park_4635,Hyderabad,Kukatpally,14.591662,78.283293,5.32,3.5
4636,Mall,Mall_4636,Mumbai,Powai,12.803095,76.97301,5.41,4.4
4637,Restaurant,School_4637,Hyderabad,Kukatpally,18.081599,73.14124,8.96,4.0
4638,Hospital,Hospital_4638,Hyderabad,Banjara Hills,13.348949,78.837456,8.37,4.7
4639,Metro,Park_4639,Pune,Kharadi,12.508778,79.743011,9.23,4.8
4640,College,School_4640,Mumbai,Thane,17.164265,75.23766,4.85,3.9
4641,Hospital,Metro_4641,Pune,Baner,14.271127,73.564272,1.96,4.4
4642,Park,Mall_4642,Pune,Hinjewadi,16.993456,76.691542,8.74,4.2
4643,Park,Restaurant_4643,Pune,Wakad,17.364491,77.620506,1.97,3.3
4644,Hospital,Bus Stop_4644,Chennai,Anna Nagar,14.567212,75.670678,9.91,4.7
4645,Park,Park_4645,Pune,Baner,12.389042,72.412393,4.35,4.2
4646,Bus Stop,School_4646,Chennai,Adyar,18.510782,76.148504,0.16,4.5
4647,School,Airport_4647,Chennai,Adyar,12.885328,79.920836,6.32,4.4
4648,Park,Bus Stop_4648,Bengaluru,HSR Layout,17.914678,72.033476,9.68,4.9
4649,Bus Stop,Restaurant_4649,Chennai,Anna Nagar,17.20366,77.628247,5.13,3.4
4650,Airport,Bus Stop_4650,Chennai,OMR,13.262067,75.204652,3.38,3.8
4651,College,Mall_4651,Pune,Kharadi,16.55086,78.344304,7.12,3.1
4652,College,Bus Stop_4652,Chennai,Anna Nagar,15.713836,72.753664,1.94,3.6
4653,Park,Bus Stop_4653,Mumbai,Bandra,17.317057,72.17884,9.26,3.1
4654,Hospital,Hospital_4654,Hyderabad,Kukatpally,16.664286,72.243978,0.68,3.8
4655,Hospital,School_4655,Hyderabad,Kondapur,17.98328,75.267459,1.44,4.9
4656,School,Mall_4656,Mumbai,Thane,12.198382,79.589988,8.06,5.0
4657,Park,Airport_4657,Hyderabad,Banjara Hills,15.557011,76.488541,1.34,4.7
4658,Restaurant,School_4658,Chennai,Velachery,17.744333,72.278048,0.67,3.4
4659,Airport,Airport_4659,Hyderabad,Miyapur,17.599072,72.673105,7.04,4.7
4660,College,Mall_4660,Mumbai,Powai,15.062585,76.151562,9.48,4.5
4661,Bus Stop,Park_4661,Mumbai,Bandra,18.668556,74.006115,4.41,4.0
4662,Mall,Mall_4662,Bengaluru,Whitefield,16.64709,74.56208,2.04,4.2
4663,Hospital,Mall_4663,Bengaluru,Indiranagar,14.656549,72.255108,1.7,4.1
4664,Hospital,Bus Stop_4664,Mumbai,Thane,17.361378,76.563762,9.5,4.6
4665,Restaurant,Metro_4665,Bengaluru,Indiranagar,18.706851,77.354577,6.06,3.2
4666,College,Bus Stop_4666,Mumbai,Andheri,14.457467,79.073339,7.78,3.7
4667,School,Bus Stop_4667,Mumbai,Thane,12.730749,76.726524,8.5,3.7
4668,Metro,Restaurant_4668,Mumbai,Andheri,13.64362,72.050388,6.36,5.0
4669,School,Hospital_4669,Hyderabad,Banjara Hills,12.843518,74.640625,0.29,4.7
4670,Restaurant,Metro_4670,Bengaluru,HSR Layout,17.483479,79.161837,6.15,3.2
4671,Metro,Restaurant_4671,Chennai,Anna Nagar,13.475691,78.557286,2.97,3.3
4672,Park,College_4672,Hyderabad,Miyapur,12.520934,79.676971,9.55,3.5
4673,Restaurant,Mall_4673,Bengaluru,Whitefield,12.079148,79.905599,6.64,4.6
4674,Mall,College_4674,Bengaluru,Indiranagar,15.510437,78.425569,7.49,3.3
4675,Airport,Restaurant_4675,Pune,Kharadi,12.736871,79.417067,5.92,4.0
4676,Hospital,Mall_4676,Hyderabad,Kukatpally,18.417967,74.925706,2.35,4.8
4677,College,School_4677,Pune,Wakad,17.094681,72.301671,5.23,4.8
4678,Metro,College_4678,Hyderabad,Kondapur,13.830685,75.523787,1.53,4.3
4679,Park,Park_4679,Bengaluru,Whitefield,13.135024,72.251049,9.52,4.8
4680,Bus Stop,Airport_4680,Hyderabad,Jubilee Hills,14.243745,74.531129,1.37,3.4
4681,Airport,Restaurant_4681,Mumbai,Powai,18.935229,79.698552,9.03,4.9
4682,Restaurant,School_4682,Hyderabad,Jubilee Hills,16.529099,76.535336,5.63,3.5
4683,Metro,Airport_4683,Bengaluru,HSR Layout,16.476427,78.493399,3.15,4.4
4684,Restaurant,Restaurant_4684,Bengaluru,Whitefield,17.652271,74.867129,8.34,4.8
4685,Airport,Hospital_4685,Bengaluru,Whitefield,14.325012,75.44563,3.06,4.3
4686,Restaurant,Restaurant_4686,Mumbai,Bandra,17.564679,74.957053,4.56,3.5
4687,School,Hospital_4687,Chennai,OMR,12.626304,72.198479,2.62,3.1
4688,Park,College_4688,Bengaluru,HSR Layout,14.712972,74.582174,8.09,4.1
4689,Bus Stop,Bus Stop_4689,Chennai,OMR,12.925583,73.381415,3.84,4.8
4690,Airport,College_4690,Bengaluru,Electronic City,15.482133,78.368883,6.03,4.2
4691,Airport,Bus Stop_4691,Bengaluru,Electronic City,18.767668,75.137944,7.87,4.4
4692,Hospital,Park_4692,Mumbai,Powai,12.496952,77.61576,4.47,4.4
4693,Mall,Park_4693,Chennai,Adyar,12.976748,72.088463,9.64,4.4
4694,Metro,College_4694,Hyderabad,Gachibowli,12.62937,79.489394,2.21,4.6
4695,Bus Stop,Park_4695,Bengaluru,Indiranagar,16.567677,72.332263,1.52,4.9
4696,College,Restaurant_4696,Mumbai,Bandra,17.658884,78.368259,0.61,3.7
4697,School,Airport_4697,Chennai,OMR,12.989089,75.771153,7.95,3.6
4698,Park,Metro_4698,Pune,Wakad,12.546237,74.265847,9.84,4.8
4699,College,Mall_4699,Bengaluru,HSR Layout,13.933252,75.17382,8.59,3.5
4700,Restaurant,Airport_4700,Bengaluru,HSR Layout,12.963973,76.851394,2.94,3.3
4701,College,Mall_4701,Pune,Kharadi,12.233,78.769025,1.15,4.1
4702,Hospital,Bus Stop_4702,Chennai,OMR,14.059311,76.636758,8.45,3.8
4703,Mall,Park_4703,Hyderabad,Kondapur,12.091622,72.937101,7.86,3.2
4704,Hospital,Hospital_4704,Mumbai,Thane,18.263927,79.698214,7.35,4.5
4705,Park,Metro_4705,Pune,Kharadi,17.65903,79.335435,9.31,3.1
4706,Metro,Park_4706,Hyderabad,Gachibowli,17.541491,79.377372,3.1,3.1
4707,School,Hospital_4707,Mumbai,Bandra,15.996549,72.585463,2.15,4.1
4708,College,Park_4708,Bengaluru,Electronic City,13.191331,72.538894,9.95,4.8
4709,Restaurant,Mall_4709,Bengaluru,HSR Layout,13.464986,76.397884,4.76,3.8
4710,Hospital,Airport_4710,Pune,Hinjewadi,15.502589,78.898516,3.33,3.7
4711,Restaurant,Airport_4711,Chennai,Anna Nagar,14.039105,72.447039,7.1,3.1
4712,Metro,Bus Stop_4712,Bengaluru,Whitefield,12.795407,73.792303,0.29,3.4
4713,Airport,Restaurant_4713,Pune,Baner,13.120777,78.464667,6.64,3.0
4714,College,School_4714,Chennai,Anna Nagar,17.291171,77.057916,2.01,3.1
4715,School,Hospital_4715,Chennai,OMR,15.454171,75.091053,3.74,3.1
4716,Metro,Restaurant_4716,Pune,Wakad,14.159341,74.7603,4.1,3.7
4717,Metro,Restaurant_4717,Hyderabad,Gachibowli,12.892931,75.213954,9.97,3.1
4718,Restaurant,School_4718,Chennai,Velachery,17.054958,78.085723,6.52,3.8
4719,Hospital,College_4719,Pune,Baner,14.785208,75.438834,2.3,4.3
4720,College,Bus Stop_4720,Mumbai,Bandra,12.704709,77.852978,3.88,3.8
4721,Hospital,Mall_4721,Pune,Wakad,16.895304,73.11754,8.4,4.8
4722,Bus Stop,Restaurant_4722,Chennai,Adyar,16.252328,77.701828,3.09,3.1
4723,Hospital,Park_4723,Bengaluru,Electronic City,17.013786,75.695769,7.86,4.6
4724,College,Airport_4724,Bengaluru,HSR Layout,17.054593,76.525459,0.35,3.1
4725,College,Mall_4725,Chennai,Anna Nagar,12.024916,76.518732,4.82,3.6
4726,College,Airport_4726,Mumbai,Bandra,16.063592,76.225985,7.42,4.7
4727,Bus Stop,School_4727,Hyderabad,Gachibowli,15.680929,73.113461,1.02,3.9
4728,College,Bus Stop_4728,Hyderabad,Gachibowli,13.882088,75.462179,4.93,3.7
4729,Park,Hospital_4729,Pune,Hinjewadi,16.137165,74.457376,4.24,4.3
4730,College,Mall_4730,Pune,Kharadi,17.943918,75.486117,8.48,3.5
4731,Airport,Mall_4731,Hyderabad,Kondapur,14.909587,76.92487,4.7,3.0
4732,Park,Restaurant_4732,Bengaluru,Whitefield,16.171743,79.318161,5.09,3.7
4733,College,Mall_4733,Bengaluru,Whitefield,13.994949,76.757105,6.45,4.2
4734,Restaurant,Metro_4734,Mumbai,Andheri,13.311582,74.51645,4.08,3.0
4735,Airport,Bus Stop_4735,Hyderabad,Madhapur,18.832898,77.542387,1.46,3.7
4736,Hospital,Restaurant_4736,Pune,Baner,13.332984,78.051977,1.55,4.4
4737,Mall,Park_4737,Chennai,Adyar,15.680987,78.221296,1.2,3.3
4738,Park,Metro_4738,Chennai,OMR,14.77022,73.780055,6.1,4.7
4739,Bus Stop,Bus Stop_4739,Bengaluru,Electronic City,18.214851,79.430245,8.01,3.1
4740,School,Restaurant_4740,Hyderabad,Kondapur,15.685521,74.130789,2.02,4.0
4741,Hospital,Metro_4741,Mumbai,Bandra,18.987937,77.687619,7.35,3.9
4742,Restaurant,Metro_4742,Bengaluru,Electronic City,12.844633,75.748587,4.32,4.8
4743,Bus Stop,Restaurant_4743,Bengaluru,Whitefield,13.62155,73.900023,3.5,4.3
4744,Metro,Airport_4744,Mumbai,Thane,18.773335,77.894064,5.18,4.1
4745,Airport,Airport_4745,Hyderabad,Kukatpally,12.378885,74.925484,8.5,4.6
4746,Mall,Hospital_4746,Hyderabad,Banjara Hills,12.891413,74.062255,1.75,4.8
4747,Park,School_4747,Pune,Hinjewadi,13.874738,76.470693,8.75,3.7
4748,School,Hospital_4748,Mumbai,Bandra,14.177557,72.471041,1.16,4.1
4749,Metro,Airport_4749,Bengaluru,Electronic City,16.79204,76.466326,3.03,4.0
4750,Metro,College_4750,Bengaluru,HSR Layout,18.305457,72.660734,7.63,3.1
4751,Mall,Restaurant_4751,Bengaluru,Indiranagar,18.036031,76.339037,9.05,4.6
4752,Hospital,Restaurant_4752,Mumbai,Andheri,14.528837,78.059447,0.22,3.5
4753,College,Park_4753,Chennai,OMR,15.634588,74.378059,8.76,3.0
4754,Bus Stop,Airport_4754,Pune,Kharadi,17.474108,78.46429,7.2,4.4
4755,College,Mall_4755,Mumbai,Powai,12.180523,79.107803,9.23,3.5
4756,Restaurant,Restaurant_4756,Pune,Kharadi,17.049706,77.670764,0.44,3.0
4757,School,College_4757,Mumbai,Andheri,18.872999,74.321293,3.61,4.1
4758,College,Metro_4758,Bengaluru,Indiranagar,13.887717,78.202734,7.09,4.3
4759,Mall,Airport_4759,Pune,Baner,12.663344,73.888913,1.25,3.1
4760,Bus Stop,School_4760,Mumbai,Bandra,15.866729,76.621728,9.81,3.3
4761,Bus Stop,Metro_4761,Bengaluru,Electronic City,14.101407,72.564809,8.99,3.6
4762,Mall,Restaurant_4762,Hyderabad,Kukatpally,17.689253,76.786967,6.75,4.8
4763,Park,Airport_4763,Bengaluru,Whitefield,15.787693,72.656463,6.95,4.6
4764,Mall,Mall_4764,Pune,Kharadi,12.895501,76.747988,0.14,4.0
4765,Park,Park_4765,Chennai,Velachery,12.602086,78.614775,4.82,3.3
4766,Airport,College_4766,Chennai,Anna Nagar,17.300379,75.946362,3.41,3.7
4767,School,Restaurant_4767,Mumbai,Powai,12.10835,76.860428,8.47,4.3
4768,Metro,School_4768,Pune,Baner,15.019405,76.536303,6.8,4.7
4769,Restaurant,Restaurant_4769,Pune,Kharadi,16.73727,79.004907,5.99,3.4
4770,College,Mall_4770,Mumbai,Powai,13.824018,79.675312,8.27,4.7
4771,College,Bus Stop_4771,Chennai,Adyar,17.766819,73.910585,7.59,4.6
4772,Hospital,Park_4772,Mumbai,Thane,16.145812,78.43777,4.3,3.5
4773,Bus Stop,Park_4773,Bengaluru,Indiranagar,15.673742,75.413262,1.96,3.9
4774,Bus Stop,Metro_4774,Hyderabad,Banjara Hills,12.360932,72.544198,7.47,3.3
4775,Mall,Restaurant_4775,Hyderabad,Jubilee Hills,14.977228,74.836303,2.21,3.7
4776,Airport,School_4776,Bengaluru,Indiranagar,15.739945,73.625533,6.18,3.4
4777,Mall,Mall_4777,Hyderabad,Miyapur,13.755835,77.183343,4.12,3.0
4778,Metro,Bus Stop_4778,Hyderabad,Kondapur,17.799329,79.53072,1.7,3.3
4779,Airport,Bus Stop_4779,Bengaluru,Electronic City,18.417458,74.304632,6.8,3.4
4780,Park,Metro_4780,Chennai,Adyar,15.222168,77.940879,1.04,3.5
4781,College,Hospital_4781,Pune,Hinjewadi,16.566166,72.972045,9.63,4.4
4782,Bus Stop,Bus Stop_4782,Bengaluru,Indiranagar,13.836521,79.811828,2.4,3.3
4783,Park,Park_4783,Hyderabad,Kukatpally,12.255211,79.856759,1.8,3.8
4784,Restaurant,College_4784,Mumbai,Powai,17.739934,72.931791,9.3,3.8
4785,Bus Stop,Hospital_4785,Bengaluru,Indiranagar,14.132739,76.089553,6.17,3.6
4786,Park,Park_4786,Pune,Kharadi,18.953747,74.471418,0.46,4.5
4787,Hospital,Park_4787,Mumbai,Thane,12.673752,79.275017,6.09,4.1
4788,Airport,Restaurant_4788,Bengaluru,Whitefield,13.074732,77.773972,9.49,3.5
4789,Airport,Hospital_4789,Chennai,Adyar,16.113344,79.088305,2.78,4.2
4790,Restaurant,Metro_4790,Hyderabad,Miyapur,15.285158,78.840089,6.72,4.8
4791,Airport,Restaurant_4791,Pune,Wakad,14.491488,73.848255,8.84,4.6
4792,Metro,School_4792,Pune,Kharadi,16.782399,73.263237,6.91,4.3
4793,College,Park_4793,Mumbai,Thane,15.474505,77.985752,5.67,4.3
4794,Metro,Metro_4794,Hyderabad,Kondapur,16.306132,74.318462,0.41,5.0
4795,Bus Stop,Park_4795,Mumbai,Thane,15.705945,76.349568,3.44,4.0
4796,Metro,Airport_4796,Pune,Baner,12.338578,76.950296,1.39,4.4
4797,Airport,Airport_4797,Chennai,Adyar,17.348394,75.110474,0.71,3.1
4798,Park,Bus Stop_4798,Mumbai,Bandra,17.095516,72.726348,6.86,3.6
4799,Park,Restaurant_4799,Pune,Baner,16.838281,77.420097,0.86,3.7
4800,Hospital,Restaurant_4800,Mumbai,Bandra,15.365632,79.204603,7.56,4.6
4801,Metro,Bus Stop_4801,Mumbai,Andheri,15.371995,75.894265,3.9,3.7
4802,Airport,Hospital_4802,Hyderabad,Miyapur,17.777727,78.732962,1.27,4.4
4803,Park,Metro_4803,Hyderabad,Madhapur,16.64922,74.326316,0.36,4.1
4804,Mall,Airport_4804,Mumbai,Bandra,13.296862,77.886429,5.3,3.3
4805,School,Hospital_4805,Hyderabad,Banjara Hills,18.157597,76.469903,5.13,3.4
4806,Airport,Airport_4806,Mumbai,Powai,13.014772,77.498597,0.47,3.8
4807,Restaurant,College_4807,Mumbai,Powai,17.19766,73.890218,2.89,4.0
4808,Restaurant,School_4808,Pune,Wakad,17.587909,72.017313,1.55,3.4
4809,Restaurant,Bus Stop_4809,Bengaluru,Indiranagar,17.077761,78.21132,1.17,4.5
4810,College,School_4810,Hyderabad,Miyapur,13.968525,72.928143,0.37,3.3
4811,Metro,College_4811,Mumbai,Powai,12.162091,78.79999,1.43,4.9
4812,Metro,Mall_4812,Hyderabad,Miyapur,17.99418,79.892621,8.73,4.9
4813,Metro,Park_4813,Chennai,Adyar,18.505873,72.535917,0.58,4.3
4814,Metro,Hospital_4814,Pune,Baner,16.719415,76.769603,6.4,5.0
4815,Bus Stop,Bus Stop_4815,Mumbai,Andheri,15.632874,75.273453,8.36,3.3
4816,Airport,Hospital_4816,Pune,Hinjewadi,17.816781,76.039135,4.43,3.7
4817,School,Hospital_4817,Mumbai,Bandra,12.94949,72.336885,0.39,3.7
4818,Park,Airport_4818,Bengaluru,Whitefield,16.996926,75.033148,2.05,4.2
4819,Restaurant,Restaurant_4819,Pune,Hinjewadi,18.892746,76.716122,2.95,4.1
4820,Bus Stop,Park_4820,Pune,Kharadi,17.836047,72.345367,7.83,3.9
4821,Metro,Airport_4821,Chennai,OMR,15.106291,77.851446,4.97,4.4
4822,School,Bus Stop_4822,Hyderabad,Madhapur,15.083809,74.177791,2.72,3.5
4823,Park,Airport_4823,Bengaluru,Whitefield,13.013658,79.268478,2.33,3.6
4824,Metro,Park_4824,Chennai,Adyar,17.118506,76.890486,7.03,3.4
4825,Mall,Bus Stop_4825,Hyderabad,Miyapur,15.876285,77.182146,9.71,4.1
4826,College,Mall_4826,Chennai,Adyar,15.889051,79.875745,9.74,4.9
4827,Bus Stop,College_4827,Chennai,Anna Nagar,12.149024,76.250954,8.65,4.6
4828,School,College_4828,Bengaluru,Electronic City,18.964337,79.885505,6.28,3.4
4829,Airport,Mall_4829,Pune,Baner,17.046878,72.89062,7.15,4.4
4830,Mall,Park_4830,Pune,Hinjewadi,15.455762,74.373833,4.79,3.6
4831,Restaurant,School_4831,Chennai,OMR,12.382944,76.029758,0.85,3.1
4832,Bus Stop,Metro_4832,Pune,Hinjewadi,17.301987,77.466449,9.01,4.2
4833,Bus Stop,School_4833,Pune,Wakad,16.131575,73.416012,0.6,4.6
4834,Hospital,Bus Stop_4834,Bengaluru,Indiranagar,12.80324,76.839198,0.7,3.7
4835,Metro,Airport_4835,Chennai,Velachery,14.599749,76.473966,5.49,4.8
4836,Restaurant,Park_4836,Mumbai,Thane,15.649075,74.339072,6.56,3.9
4837,Park,Park_4837,Mumbai,Thane,17.31526,75.515114,6.74,4.9
4838,College,College_4838,Hyderabad,Kukatpally,13.423212,79.524657,8.37,3.7
4839,Metro,Hospital_4839,Mumbai,Bandra,17.830959,73.240255,8.4,3.5
4840,Park,College_4840,Pune,Baner,13.534933,79.286695,2.88,4.6
4841,Hospital,Bus Stop_4841,Chennai,Anna Nagar,13.539383,75.848955,1.05,4.0
4842,Hospital,Bus Stop_4842,Bengaluru,Electronic City,14.092636,76.518133,4.92,3.7
4843,Restaurant,School_4843,Hyderabad,Kondapur,12.191607,78.768914,9.74,3.7
4844,Mall,Airport_4844,Bengaluru,Electronic City,15.434683,75.633133,1.7,4.8
4845,Bus Stop,College_4845,Pune,Kharadi,15.03367,72.342407,1.71,3.5
4846,Metro,Metro_4846,Mumbai,Andheri,18.453135,74.464719,2.67,3.9
4847,Metro,Mall_4847,Chennai,Velachery,16.535297,78.303283,8.97,4.6
4848,Mall,Restaurant_4848,Bengaluru,Whitefield,17.09339,74.899654,6.28,3.4
4849,Metro,Mall_4849,Mumbai,Andheri,17.54912,75.791879,8.58,3.6
4850,Airport,Bus Stop_4850,Pune,Wakad,18.111348,79.2929,3.63,4.7
4851,Bus Stop,Park_4851,Bengaluru,Whitefield,14.195989,77.707924,9.99,3.1
4852,Metro,School_4852,Bengaluru,HSR Layout,12.39017,77.06649,8.37,3.1
4853,Metro,Hospital_4853,Hyderabad,Madhapur,14.500951,77.241441,6.69,4.5
4854,College,College_4854,Bengaluru,Electronic City,18.260205,73.172697,3.48,4.8
4855,Metro,Mall_4855,Pune,Hinjewadi,15.749982,77.567759,2.9,3.4
4856,School,School_4856,Hyderabad,Gachibowli,17.29759,72.540211,9.32,3.4
4857,Park,Park_4857,Chennai,Anna Nagar,12.254214,76.585121,0.95,3.4
4858,Bus Stop,Airport_4858,Hyderabad,Banjara Hills,14.75824,74.934932,5.55,4.4
4859,Metro,College_4859,Bengaluru,Indiranagar,15.883677,73.052093,9.95,3.7
4860,Restaurant,Park_4860,Chennai,Velachery,16.072472,75.731787,2.2,4.6
4861,Metro,Restaurant_4861,Hyderabad,Gachibowli,14.425832,79.052704,7.37,3.1
4862,Restaurant,Bus Stop_4862,Bengaluru,Electronic City,17.406962,72.130319,8.83,4.4
4863,Metro,Bus Stop_4863,Chennai,Velachery,16.768634,79.293497,8.23,4.5
4864,Hospital,Park_4864,Bengaluru,Indiranagar,13.52288,76.131706,1.62,4.2
4865,Metro,Restaurant_4865,Hyderabad,Miyapur,14.940268,78.005375,8.88,3.0
4866,Mall,Bus Stop_4866,Pune,Baner,12.916613,79.938758,8.98,3.8
4867,School,Mall_4867,Chennai,Anna Nagar,17.959857,77.776824,2.8,4.7
4868,Airport,Mall_4868,Bengaluru,Electronic City,12.570975,76.789898,8.44,4.4
4869,College,Mall_4869,Bengaluru,Electronic City,13.84423,76.867426,0.33,4.7
4870,Metro,Airport_4870,Hyderabad,Kukatpally,13.622168,77.38929,3.7,3.6
4871,Hospital,Park_4871,Pune,Kharadi,17.841621,76.811263,3.66,4.7
4872,College,College_4872,Pune,Baner,12.811007,76.411002,7.99,3.7
4873,Airport,Restaurant_4873,Chennai,Velachery,14.208225,76.255271,7.49,3.9
4874,School,College_4874,Chennai,Anna Nagar,18.642157,75.172338,0.34,4.7
4875,College,Metro_4875,Mumbai,Thane,14.936724,74.684612,2.98,3.5
4876,Restaurant,School_4876,Bengaluru,Indiranagar,12.113393,76.24181,5.2,4.8
4877,Park,Park_4877,Bengaluru,HSR Layout,14.393196,72.696204,5.99,4.7
4878,College,Park_4878,Chennai,OMR,13.873027,73.966637,2.78,4.8
4879,Hospital,Park_4879,Hyderabad,Miyapur,13.610893,72.28094,5.58,3.2
4880,College,Mall_4880,Chennai,Velachery,13.687908,77.734835,6.65,4.3
4881,Metro,Airport_4881,Mumbai,Thane,15.400624,78.495156,7.99,4.2
4882,School,Metro_4882,Mumbai,Powai,12.127616,76.337823,4.04,4.3
4883,Park,Park_4883,Hyderabad,Gachibowli,18.257479,75.716231,5.99,4.1
4884,College,Bus Stop_4884,Hyderabad,Kondapur,14.23238,77.065204,9.83,4.6
4885,College,School_4885,Mumbai,Thane,16.279807,73.529562,1.09,4.3
4886,Restaurant,College_4886,Chennai,Anna Nagar,17.986795,73.458344,4.29,4.3
4887,Park,Airport_4887,Chennai,Velachery,12.342288,79.967046,1.69,3.0
4888,Park,Park_4888,Mumbai,Andheri,16.16038,76.123043,9.82,4.9
4889,Restaurant,Hospital_4889,Hyderabad,Miyapur,16.144715,79.305519,5.32,4.2
4890,Park,Hospital_4890,Pune,Baner,18.589123,78.555891,3.06,3.2
4891,Park,Restaurant_4891,Hyderabad,Jubilee Hills,16.935326,76.924284,6.79,3.9
4892,College,Mall_4892,Bengaluru,Electronic City,12.62346,79.314328,3.91,3.3
4893,Metro,Metro_4893,Pune,Wakad,15.806105,74.672573,1.34,3.3
4894,Mall,Restaurant_4894,Bengaluru,Electronic City,13.94127,75.490774,1.12,4.5
4895,Airport,Bus Stop_4895,Pune,Baner,14.762933,76.528332,8.28,4.3
4896,Park,Restaurant_4896,Chennai,Adyar,16.231568,73.638448,8.19,4.9
4897,Metro,Restaurant_4897,Pune,Kharadi,17.622284,77.72135,8.45,3.7
4898,Park,Restaurant_4898,Bengaluru,Whitefield,12.985571,78.828518,1.99,4.6
4899,Restaurant,Bus Stop_4899,Mumbai,Powai,15.738366,76.924285,0.89,4.1
4900,Restaurant,Airport_4900,Pune,Kharadi,14.375869,76.990489,2.06,3.1
4901,School,Metro_4901,Hyderabad,Banjara Hills,17.871392,73.002378,2.29,3.0
4902,Metro,Park_4902,Hyderabad,Miyapur,18.43513,79.715498,3.03,3.6
4903,Metro,College_4903,Chennai,Anna Nagar,14.783423,76.019455,2.28,4.3
4904,Bus Stop,School_4904,Pune,Wakad,12.14017,76.438024,1.76,3.3
4905,Hospital,Park_4905,Hyderabad,Jubilee Hills,13.67955,78.86211,6.83,3.9
4906,Bus Stop,Hospital_4906,Chennai,Adyar,18.377523,76.075614,3.36,3.2
4907,Mall,Bus Stop_4907,Pune,Baner,12.389729,77.745147,8.1,3.4
4908,Metro,Restaurant_4908,Mumbai,Bandra,15.766152,79.779456,7.62,3.6
4909,Metro,Bus Stop_4909,Bengaluru,HSR Layout,13.310661,79.013684,7.91,4.9
4910,Restaurant,College_4910,Pune,Kharadi,17.731053,78.587901,5.14,4.6
4911,Mall,Hospital_4911,Chennai,Adyar,15.206573,78.715145,4.67,3.0
4912,Bus Stop,Mall_4912,Mumbai,Bandra,13.42592,76.726689,5.27,4.2
4913,Bus Stop,Mall_4913,Chennai,Adyar,16.803974,77.855033,8.53,4.1
4914,College,Metro_4914,Hyderabad,Kondapur,18.373065,78.695868,8.12,3.3
4915,Metro,Hospital_4915,Pune,Kharadi,12.003976,73.627144,6.11,4.3
4916,Mall,Metro_4916,Bengaluru,Whitefield,14.180602,79.47171,7.86,3.8
4917,Hospital,Park_4917,Chennai,Anna Nagar,17.409784,74.220561,5.98,3.9
4918,Mall,Hospital_4918,Hyderabad,Jubilee Hills,13.781121,79.739963,6.28,3.5
4919,Park,Park_4919,Pune,Kharadi,12.807677,76.402776,7.41,4.8
4920,College,School_4920,Hyderabad,Jubilee Hills,14.799335,77.584821,5.35,3.0
4921,College,Hospital_4921,Mumbai,Andheri,15.533197,75.50275,8.0,4.2
4922,Metro,College_4922,Chennai,Adyar,13.099663,78.192514,4.28,4.8
4923,Bus Stop,Hospital_4923,Mumbai,Thane,13.828468,79.472772,9.22,3.8
4924,Bus Stop,Bus Stop_4924,Chennai,Velachery,14.592349,75.099165,1.98,3.6
4925,Restaurant,Restaurant_4925,Bengaluru,Electronic City,15.911449,76.746955,9.3,4.9
4926,Metro,School_4926,Bengaluru,HSR Layout,15.400689,79.581594,4.11,4.0
4927,Mall,Bus Stop_4927,Bengaluru,HSR Layout,16.872053,73.745407,7.79,3.3
4928,Hospital,Hospital_4928,Mumbai,Thane,16.624899,74.210559,5.2,4.2
4929,Restaurant,Metro_4929,Pune,Hinjewadi,15.856705,77.207671,6.57,4.2
4930,Restaurant,Airport_4930,Pune,Baner,13.309396,72.393779,3.24,4.3
4931,Airport,Mall_4931,Mumbai,Andheri,17.463833,79.823998,4.63,4.2
4932,Mall,Restaurant_4932,Hyderabad,Kukatpally,12.695494,73.239432,7.31,3.5
4933,Mall,Mall_4933,Mumbai,Andheri,15.715838,77.184595,7.93,3.9
4934,Hospital,Hospital_4934,Chennai,OMR,18.941344,77.852512,5.08,3.2
4935,Metro,Metro_4935,Mumbai,Bandra,17.008538,79.476333,1.79,3.3
4936,Bus Stop,Restaurant_4936,Chennai,OMR,18.744617,78.243588,7.29,3.9
4937,Airport,Hospital_4937,Pune,Wakad,14.397344,74.48425,5.14,4.1
4938,Park,Park_4938,Chennai,OMR,13.955848,74.387618,3.26,5.0
4939,Metro,College_4939,Bengaluru,HSR Layout,13.122325,75.288445,7.94,4.7
4940,Bus Stop,Park_4940,Hyderabad,Kondapur,17.111219,76.896536,0.8,4.2
4941,Hospital,School_4941,Mumbai,Andheri,18.739056,75.914578,2.32,4.9
4942,College,Bus Stop_4942,Hyderabad,Miyapur,15.174878,78.492721,4.8,4.0
4943,Hospital,Restaurant_4943,Chennai,Velachery,17.480434,77.998074,3.43,4.7
4944,School,Metro_4944,Bengaluru,HSR Layout,17.909217,74.967481,3.31,4.1
4945,Bus Stop,Airport_4945,Mumbai,Powai,17.577537,73.603823,9.59,4.5
4946,Airport,Mall_4946,Chennai,Anna Nagar,12.232202,78.284668,9.56,4.0
4947,College,School_4947,Hyderabad,Miyapur,18.73258,79.793558,2.66,3.7
4948,Restaurant,Hospital_4948,Pune,Baner,13.073398,72.994597,7.46,4.3
4949,Hospital,Metro_4949,Mumbai,Powai,17.963037,76.064694,7.81,3.4
4950,College,Metro_4950,Pune,Wakad,18.105471,76.621816,2.12,4.2
4951,Airport,College_4951,Hyderabad,Madhapur,14.190131,72.621775,9.12,4.1
4952,College,Mall_4952,Hyderabad,Banjara Hills,15.541877,74.124154,4.09,3.9
4953,Park,Bus Stop_4953,Chennai,Adyar,17.923767,72.904769,2.79,4.8
4954,Hospital,Airport_4954,Pune,Hinjewadi,14.623249,73.900117,2.11,4.7
4955,Bus Stop,Restaurant_4955,Hyderabad,Kukatpally,12.85612,72.391615,4.41,3.0
4956,School,Mall_4956,Hyderabad,Gachibowli,14.029645,78.56073,5.98,4.9
4957,Airport,Park_4957,Mumbai,Powai,14.949677,76.421609,7.2,4.2
4958,Restaurant,Metro_4958,Hyderabad,Miyapur,14.33999,78.007895,1.92,4.5
4959,Metro,Mall_4959,Mumbai,Thane,17.933976,73.877781,1.24,4.4
4960,Mall,Mall_4960,Chennai,OMR,13.623271,72.975061,1.89,4.8
4961,College,Bus Stop_4961,Bengaluru,HSR Layout,16.244512,77.19684,9.94,4.7
4962,Hospital,Bus Stop_4962,Hyderabad,Jubilee Hills,15.304399,74.789177,7.75,4.2
4963,Hospital,College_4963,Chennai,Adyar,17.728408,72.092386,7.9,4.0
4964,Metro,Park_4964,Mumbai,Powai,13.947566,74.446334,3.95,4.2
4965,Metro,Restaurant_4965,Mumbai,Powai,14.444408,72.113175,6.61,4.1
4966,School,Park_4966,Mumbai,Andheri,12.644687,78.510412,0.44,4.3
4967,Park,Park_4967,Chennai,Adyar,12.857486,75.178806,0.31,3.4
4968,School,Airport_4968,Mumbai,Thane,12.42251,78.354747,1.21,4.3
4969,Mall,Airport_4969,Mumbai,Andheri,16.050345,79.063666,8.32,4.3
4970,Restaurant,Mall_4970,Hyderabad,Miyapur,12.343341,79.822125,2.44,4.2
4971,College,Hospital_4971,Bengaluru,Indiranagar,12.872275,72.864214,2.84,4.1
4972,Restaurant,Restaurant_4972,Chennai,Anna Nagar,17.001365,72.863441,1.32,3.8
4973,Restaurant,School_4973,Mumbai,Powai,14.593654,78.684964,3.44,4.6
4974,Hospital,Park_4974,Pune,Baner,12.228638,75.752189,2.9,4.2
4975,Metro,Mall_4975,Hyderabad,Madhapur,12.084722,77.253432,1.34,3.1
4976,Airport,Airport_4976,Mumbai,Powai,17.684279,74.324638,9.29,3.8
4977,School,College_4977,Bengaluru,Electronic City,16.442613,74.081744,2.09,3.4
4978,College,Park_4978,Pune,Kharadi,16.890458,77.802301,1.62,4.5
4979,College,Park_4979,Bengaluru,Indiranagar,17.977121,73.083084,8.06,4.2
4980,Hospital,Restaurant_4980,Hyderabad,Kondapur,16.894704,79.988155,2.16,3.1
4981,Bus Stop,Metro_4981,Hyderabad,Banjara Hills,15.779461,74.380554,7.68,4.7
4982,College,School_4982,Bengaluru,HSR Layout,13.397416,74.64729,7.19,3.2
4983,Mall,School_4983,Pune,Baner,17.264664,77.507464,1.91,3.8
4984,Mall,College_4984,Bengaluru,HSR Layout,18.105372,79.434309,9.33,4.8
4985,Metro,Mall_4985,Pune,Wakad,18.82719,76.413947,8.61,4.6
4986,College,Mall_4986,Mumbai,Andheri,13.785036,79.057263,2.04,3.7
4987,Mall,Metro_4987,Mumbai,Bandra,12.510695,75.688211,3.97,3.1
4988,Hospital,Hospital_4988,Pune,Kharadi,18.717716,78.067012,9.73,4.4
4989,School,Mall_4989,Pune,Hinjewadi,16.09709,75.821933,2.8,4.8
4990,Restaurant,Bus Stop_4990,Hyderabad,Kukatpally,15.117528,75.200345,5.85,4.3
4991,Metro,Mall_4991,Bengaluru,Indiranagar,14.057613,73.098995,6.35,4.9
4992,College,Bus Stop_4992,Bengaluru,Indiranagar,13.110313,72.852667,3.7,3.6
4993,School,Hospital_4993,Hyderabad,Kukatpally,12.342745,72.06966,0.86,3.5
4994,Restaurant,College_4994,Chennai,Adyar,13.862638,73.093362,4.23,3.6
4995,Restaurant,Mall_4995,Bengaluru,Indiranagar,15.146858,77.852269,1.95,3.2
4996,Airport,Hospital_4996,Chennai,Velachery,18.530802,75.363467,2.83,4.3
4997,Metro,Bus Stop_4997,Hyderabad,Miyapur,16.344349,76.524341,4.94,3.1
4998,Mall,Bus Stop_4998,Mumbai,Thane,12.312321,76.438333,6.27,4.6
4999,Restaurant,Park_4999,Mumbai,Thane,15.497103,76.273286,5.99,3.2
5000,Mall,Metro_5000,Mumbai,Thane,12.135155,74.956336,1.69,4.9
5001,College,Bus Stop_5001,Chennai,Adyar,17.981403,78.049473,7.36,4.4
5002,Hospital,Restaurant_5002,Chennai,Anna Nagar,13.817436,77.080944,2.98,4.3
5003,Airport,Airport_5003,Mumbai,Andheri,15.260485,79.758188,5.72,4.7
5004,Bus Stop,Metro_5004,Pune,Hinjewadi,18.755401,74.93981,6.18,3.3
5005,Mall,Airport_5005,Hyderabad,Banjara Hills,12.176326,75.555226,1.67,3.8
5006,Metro,Bus Stop_5006,Hyderabad,Jubilee Hills,13.868413,75.81693,6.11,4.0
5007,Restaurant,Metro_5007,Bengaluru,Indiranagar,16.283828,73.771963,2.53,4.9
5008,Bus Stop,College_5008,Chennai,OMR,12.02225,73.596174,4.84,4.4
5009,Metro,College_5009,Mumbai,Powai,13.046282,75.010045,2.59,3.4
5010,School,College_5010,Chennai,OMR,16.475919,74.840037,7.81,4.0
5011,College,College_5011,Hyderabad,Kondapur,15.083657,79.201752,7.56,4.2
5012,Metro,College_5012,Mumbai,Powai,13.363545,79.063986,1.7,4.2
5013,Mall,Metro_5013,Chennai,Adyar,15.345626,74.807223,6.13,3.0
5014,Metro,Hospital_5014,Mumbai,Bandra,14.174262,74.91485,5.2,4.2
5015,Airport,School_5015,Hyderabad,Gachibowli,12.874427,74.656153,8.53,3.5
5016,College,Metro_5016,Hyderabad,Banjara Hills,17.750087,76.427257,7.31,3.9
5017,Hospital,Park_5017,Pune,Kharadi,18.265915,77.205359,3.75,3.6
5018,Mall,Mall_5018,Mumbai,Thane,14.395784,75.055118,7.96,4.4
5019,Metro,Metro_5019,Chennai,Velachery,17.510878,73.587744,9.34,3.6
5020,Restaurant,Airport_5020,Hyderabad,Gachibowli,13.664211,74.059287,3.52,3.6
5021,Mall,Park_5021,Bengaluru,Electronic City,18.173746,74.718468,1.99,4.0
5022,Metro,Hospital_5022,Hyderabad,Jubilee Hills,15.084395,78.507622,4.08,4.9
5023,School,College_5023,Hyderabad,Gachibowli,16.47117,74.358846,1.81,3.3
5024,Bus Stop,Hospital_5024,Chennai,Anna Nagar,13.214616,76.465729,8.46,3.1
5025,Mall,Airport_5025,Chennai,Anna Nagar,18.037333,76.382318,5.69,3.5
5026,Hospital,Park_5026,Mumbai,Andheri,12.178344,79.820945,6.63,4.7
5027,Mall,Mall_5027,Chennai,Velachery,18.657071,74.210846,0.29,3.3
5028,Mall,Restaurant_5028,Chennai,Adyar,18.798166,76.539452,0.94,4.0
5029,Park,College_5029,Hyderabad,Jubilee Hills,17.933714,78.587277,4.84,3.8
5030,Airport,Restaurant_5030,Hyderabad,Gachibowli,13.968392,76.176419,7.35,4.3
5031,Bus Stop,School_5031,Chennai,Velachery,17.71063,73.295777,3.73,3.8
5032,Metro,Park_5032,Pune,Baner,15.257619,77.299396,2.18,3.2
5033,Metro,Hospital_5033,Bengaluru,HSR Layout,15.185259,74.14075,0.58,4.4
5034,Restaurant,College_5034,Bengaluru,Indiranagar,12.153815,75.930812,3.74,3.2
5035,Restaurant,School_5035,Bengaluru,HSR Layout,17.240565,72.006459,4.48,3.8
5036,Park,School_5036,Mumbai,Powai,12.96044,77.381896,7.61,4.0
5037,Mall,Mall_5037,Pune,Kharadi,13.284752,79.281978,3.3,3.8
5038,Airport,Park_5038,Mumbai,Powai,14.376965,72.127124,4.51,4.5
5039,Bus Stop,Park_5039,Chennai,Anna Nagar,14.176714,72.281417,4.79,3.2
5040,Airport,Metro_5040,Chennai,Adyar,12.107383,77.849508,9.66,4.4
5041,Restaurant,School_5041,Bengaluru,HSR Layout,14.038881,74.2722,2.78,3.2
5042,Airport,Mall_5042,Hyderabad,Jubilee Hills,12.508591,73.786975,9.85,3.6
5043,Metro,College_5043,Bengaluru,HSR Layout,17.835419,73.466047,2.07,3.7
5044,Park,Bus Stop_5044,Chennai,OMR,18.035384,72.654548,6.32,4.4
5045,Hospital,Mall_5045,Bengaluru,Whitefield,17.198821,76.847774,4.01,3.8
5046,College,Mall_5046,Pune,Baner,12.35282,78.633597,0.22,4.4
5047,Metro,College_5047,Pune,Baner,14.158669,77.617448,3.12,4.9
5048,Airport,Restaurant_5048,Chennai,Adyar,15.208604,72.022088,8.69,4.1
5049,Hospital,Mall_5049,Bengaluru,Whitefield,12.03032,75.838303,6.67,4.5
5050,Metro,Park_5050,Hyderabad,Banjara Hills,17.47231,78.854612,7.44,4.6
5051,Mall,Mall_5051,Hyderabad,Jubilee Hills,15.788368,77.47119,7.2,4.6
5052,Airport,Airport_5052,Mumbai,Powai,15.449181,75.542632,2.26,3.5
5053,Restaurant,Restaurant_5053,Bengaluru,Indiranagar,13.064693,76.111469,5.02,3.1
5054,School,School_5054,Chennai,Anna Nagar,14.735226,73.432479,4.51,4.1
5055,Park,School_5055,Pune,Baner,16.209677,75.206402,9.44,3.3
5056,Park,College_5056,Pune,Wakad,13.055464,73.343654,7.28,3.6
5057,College,Mall_5057,Mumbai,Powai,12.914641,74.990133,1.31,4.2
5058,Mall,Mall_5058,Pune,Wakad,15.677478,78.478494,0.6,3.3
5059,Mall,Metro_5059,Hyderabad,Banjara Hills,12.044126,77.484906,6.43,3.7
5060,Restaurant,Hospital_5060,Chennai,Anna Nagar,13.347407,73.938725,6.16,3.0
5061,Mall,Hospital_5061,Mumbai,Andheri,14.864665,75.177102,6.6,4.2
5062,Airport,Airport_5062,Bengaluru,Electronic City,12.921309,79.421728,7.63,3.4
5063,College,Hospital_5063,Chennai,Velachery,13.236548,77.194737,3.22,4.8
5064,Bus Stop,School_5064,Pune,Wakad,14.082134,78.390734,1.17,3.2
5065,Mall,College_5065,Bengaluru,Indiranagar,15.502261,74.74265,1.14,3.4
5066,Restaurant,School_5066,Chennai,Velachery,12.702292,74.185659,7.96,4.3
5067,Airport,Hospital_5067,Mumbai,Thane,18.236573,72.652184,3.54,4.1
5068,Park,Airport_5068,Hyderabad,Kukatpally,15.154201,78.167545,8.68,4.4
5069,Bus Stop,Restaurant_5069,Bengaluru,Indiranagar,14.468085,76.717873,9.7,4.6
5070,College,School_5070,Pune,Baner,18.542165,77.466948,4.92,4.8
5071,Airport,Restaurant_5071,Bengaluru,Electronic City,14.735956,72.129618,2.45,3.7
5072,School,Hospital_5072,Mumbai,Powai,13.645739,74.030461,1.01,4.5
5073,School,Airport_5073,Bengaluru,Indiranagar,15.157952,72.481573,4.96,4.6
5074,School,Park_5074,Chennai,Velachery,12.344865,74.633958,7.03,4.3
5075,Park,Airport_5075,Chennai,Anna Nagar,16.459817,72.330953,2.32,4.6
5076,Park,Hospital_5076,Bengaluru,Electronic City,15.393117,76.049929,5.94,4.5
5077,Bus Stop,School_5077,Mumbai,Andheri,15.720313,79.615418,7.55,4.8
5078,Hospital,Metro_5078,Mumbai,Powai,12.525162,79.853029,4.12,3.7
5079,Mall,School_5079,Hyderabad,Miyapur,14.677091,79.41554,3.16,3.4
5080,Park,College_5080,Pune,Kharadi,12.189812,78.533646,2.09,4.0
5081,Bus Stop,College_5081,Pune,Wakad,16.688744,75.311436,0.82,3.1
5082,Metro,Restaurant_5082,Pune,Kharadi,16.251178,79.329366,5.96,3.3
5083,College,Hospital_5083,Mumbai,Andheri,17.336968,79.552477,4.78,4.1
5084,Mall,Airport_5084,Pune,Baner,18.37801,75.587227,7.7,4.1
5085,School,School_5085,Bengaluru,HSR Layout,13.347741,75.392894,5.18,3.9
5086,School,College_5086,Pune,Hinjewadi,12.379473,74.909483,6.61,4.2
5087,Restaurant,Bus Stop_5087,Mumbai,Andheri,18.355277,78.16237,1.65,4.5
5088,Hospital,Airport_5088,Bengaluru,Electronic City,18.215391,78.95785,5.96,3.7
5089,Bus Stop,Hospital_5089,Bengaluru,HSR Layout,17.569152,77.878086,8.9,5.0
5090,Restaurant,Metro_5090,Chennai,OMR,13.33013,77.436816,0.89,4.0
5091,Park,Hospital_5091,Chennai,Adyar,18.917616,77.356146,7.1,3.1
5092,Metro,Park_5092,Hyderabad,Banjara Hills,13.125469,75.378541,6.57,4.3
5093,College,School_5093,Chennai,Velachery,12.653338,73.182081,1.56,4.6
5094,Metro,Hospital_5094,Pune,Wakad,12.682947,73.238647,8.53,3.0
5095,Park,Metro_5095,Mumbai,Bandra,13.993742,74.987276,2.39,4.5
5096,Metro,College_5096,Hyderabad,Gachibowli,17.310244,78.969972,3.3,3.6
5097,Restaurant,Restaurant_5097,Chennai,Anna Nagar,17.739885,76.174531,6.18,3.5
5098,Park,Hospital_5098,Hyderabad,Jubilee Hills,16.183453,76.742541,4.48,3.9
5099,Metro,School_5099,Mumbai,Andheri,18.334947,79.428231,0.11,4.3
5100,School,Mall_5100,Hyderabad,Banjara Hills,14.505536,77.326677,2.07,3.9
5101,Mall,Hospital_5101,Hyderabad,Jubilee Hills,17.45494,75.906918,6.83,4.4
5102,Park,Mall_5102,Hyderabad,Kukatpally,12.430018,76.151982,0.98,4.2
5103,Park,School_5103,Pune,Baner,16.976728,73.387249,5.13,3.2
5104,School,Metro_5104,Pune,Kharadi,16.979577,75.638094,5.96,3.6
5105,School,Airport_5105,Pune,Kharadi,16.857829,73.323887,5.33,4.6
5106,College,Bus Stop_5106,Pune,Kharadi,15.772822,73.98515,9.63,4.1
5107,Mall,Mall_5107,Mumbai,Bandra,12.474456,78.941667,1.73,3.7
5108,Airport,Restaurant_5108,Bengaluru,Electronic City,12.761907,75.720981,0.5,3.4
5109,Airport,Airport_5109,Chennai,Adyar,14.732068,79.732287,8.56,4.7
5110,Metro,Hospital_5110,Mumbai,Thane,17.551662,72.883618,5.74,4.8
5111,Airport,Hospital_5111,Mumbai,Powai,14.505083,75.620396,6.23,4.7
5112,Airport,Park_5112,Mumbai,Andheri,13.654924,78.154079,6.71,3.4
5113,Mall,Airport_5113,Chennai,Velachery,14.599248,76.702296,6.89,3.5
5114,Airport,Airport_5114,Bengaluru,HSR Layout,18.24226,72.47906,3.26,4.4
5115,Airport,Park_5115,Mumbai,Thane,13.298089,77.153506,9.7,3.6
5116,Restaurant,Hospital_5116,Hyderabad,Banjara Hills,15.245052,79.559078,2.19,3.8
5117,Bus Stop,School_5117,Chennai,Anna Nagar,15.8676,78.11402,2.04,4.4
5118,Hospital,Metro_5118,Hyderabad,Gachibowli,13.587329,77.708523,2.5,3.6
5119,Airport,Mall_5119,Bengaluru,Electronic City,17.87544,79.083317,8.6,3.6
5120,College,College_5120,Hyderabad,Miyapur,18.090192,76.125296,4.43,3.5
5121,School,Park_5121,Pune,Baner,14.005727,76.686913,3.83,4.0
5122,Park,Metro_5122,Pune,Wakad,13.597757,79.022691,9.95,4.9
5123,Hospital,Mall_5123,Bengaluru,Electronic City,17.787236,76.298292,1.35,3.7
5124,Bus Stop,Metro_5124,Mumbai,Thane,18.733718,79.926926,0.31,3.3
5125,Mall,School_5125,Hyderabad,Banjara Hills,14.7231,74.406364,5.68,4.5
5126,Hospital,Airport_5126,Pune,Wakad,14.662056,75.846841,6.2,3.6
5127,Metro,School_5127,Hyderabad,Gachibowli,15.604047,77.701609,7.74,4.7
5128,Bus Stop,Mall_5128,Mumbai,Powai,17.897303,78.129974,8.59,3.3
5129,Mall,Park_5129,Pune,Hinjewadi,15.439684,76.788835,1.62,3.6
5130,Restaurant,Restaurant_5130,Pune,Baner,14.357796,74.751914,5.25,4.5
5131,Bus Stop,Restaurant_5131,Chennai,Adyar,12.566104,73.370549,4.1,4.8
5132,Bus Stop,Hospital_5132,Pune,Baner,13.109104,75.502105,3.08,3.5
5133,Park,Airport_5133,Hyderabad,Gachibowli,15.14191,75.213643,2.53,3.0
5134,Metro,Restaurant_5134,Hyderabad,Banjara Hills,15.467495,76.548765,9.84,3.8
5135,College,School_5135,Chennai,Velachery,14.393934,74.016841,1.04,3.1
5136,Mall,Bus Stop_5136,Bengaluru,Electronic City,18.244818,73.958214,9.45,3.7
5137,Metro,Airport_5137,Pune,Wakad,16.621281,78.974436,6.39,3.4
5138,Restaurant,Airport_5138,Hyderabad,Kondapur,12.408997,73.85218,6.03,4.9
5139,Metro,Bus Stop_5139,Mumbai,Andheri,13.091143,75.886858,7.7,4.1
5140,College,College_5140,Pune,Kharadi,13.890919,74.703682,1.04,4.9
5141,Hospital,Airport_5141,Bengaluru,HSR Layout,15.539083,76.749491,2.26,3.7
5142,Hospital,College_5142,Mumbai,Andheri,12.626503,77.873147,2.59,4.7
5143,College,Mall_5143,Chennai,Anna Nagar,14.050416,75.341942,2.32,3.7
5144,School,Airport_5144,Hyderabad,Kondapur,15.282399,74.685323,2.69,4.0
5145,Restaurant,Metro_5145,Bengaluru,HSR Layout,16.107634,79.685961,5.22,3.8
5146,Mall,College_5146,Pune,Hinjewadi,14.483585,73.652308,8.24,4.7
5147,Bus Stop,College_5147,Bengaluru,Electronic City,18.992093,77.976736,0.82,3.4
5148,Metro,Hospital_5148,Mumbai,Bandra,12.603779,76.646245,2.34,4.1
5149,Mall,Airport_5149,Chennai,Adyar,18.823968,77.759457,3.46,3.1
5150,Hospital,Bus Stop_5150,Chennai,Adyar,12.33226,74.700162,5.15,4.6
5151,Hospital,Mall_5151,Chennai,Velachery,14.333119,72.209953,4.82,4.2
5152,Mall,Hospital_5152,Hyderabad,Banjara Hills,18.944713,76.303958,1.67,4.0
5153,Hospital,Restaurant_5153,Hyderabad,Kukatpally,16.581982,76.125545,6.01,4.7
5154,Bus Stop,Bus Stop_5154,Pune,Kharadi,18.719219,77.771512,9.63,3.4
5155,College,Park_5155,Pune,Wakad,14.299313,74.870653,1.37,4.0
5156,Airport,Park_5156,Chennai,OMR,12.760348,79.836762,7.86,4.1
5157,Park,Park_5157,Pune,Hinjewadi,14.153908,76.82834,7.52,3.6
5158,Metro,Hospital_5158,Chennai,OMR,14.658481,73.941296,2.82,4.0
5159,Restaurant,Mall_5159,Pune,Kharadi,15.092791,73.121717,4.52,3.1
5160,Bus Stop,Metro_5160,Chennai,OMR,13.082028,72.499901,3.61,3.8
5161,College,Mall_5161,Mumbai,Bandra,15.337331,76.001617,4.17,4.6
5162,Airport,Metro_5162,Chennai,OMR,17.266861,79.019491,1.64,4.1
5163,Bus Stop,School_5163,Bengaluru,Indiranagar,14.774084,77.839183,9.45,3.6
5164,Hospital,Mall_5164,Hyderabad,Kukatpally,16.094682,79.088965,4.59,3.7
5165,Hospital,Airport_5165,Hyderabad,Madhapur,13.095508,78.138324,0.86,4.4
5166,Hospital,Airport_5166,Chennai,Anna Nagar,16.667687,77.99839,2.5,4.2
5167,Hospital,School_5167,Hyderabad,Jubilee Hills,13.955959,73.580332,7.4,3.0
5168,College,School_5168,Chennai,Adyar,12.528069,78.141606,8.2,4.6
5169,Park,College_5169,Bengaluru,Whitefield,18.847783,74.113845,2.08,3.3
5170,Hospital,Restaurant_5170,Mumbai,Andheri,13.866271,78.540874,8.93,3.6
5171,Bus Stop,Mall_5171,Chennai,Adyar,14.998662,72.743653,4.48,3.9
5172,Hospital,College_5172,Chennai,Velachery,14.405958,73.275484,4.61,4.9
5173,Hospital,School_5173,Mumbai,Bandra,15.366448,76.973842,3.42,4.9
5174,Mall,College_5174,Mumbai,Bandra,17.109311,77.295162,0.85,3.1
5175,Metro,Metro_5175,Pune,Baner,18.088958,76.202702,8.69,4.3
5176,Airport,Mall_5176,Bengaluru,Whitefield,12.978546,75.638256,1.79,3.8
5177,Restaurant,School_5177,Chennai,Adyar,18.027602,73.236672,6.81,3.1
5178,College,Restaurant_5178,Chennai,OMR,15.418071,74.419704,3.9,3.7
5179,Airport,Metro_5179,Chennai,Velachery,12.137214,73.251831,1.21,4.0
5180,Mall,Restaurant_5180,Mumbai,Powai,17.246348,75.308204,1.1,3.3
5181,College,Bus Stop_5181,Pune,Wakad,15.169631,73.084983,7.85,3.5
5182,Airport,Park_5182,Pune,Hinjewadi,16.65589,72.340923,0.78,3.0
5183,Hospital,Mall_5183,Chennai,OMR,18.463426,78.595926,9.19,4.9
5184,Metro,Hospital_5184,Bengaluru,Electronic City,17.937796,79.714782,6.06,4.2
5185,College,Park_5185,Chennai,Velachery,17.908168,75.184525,0.27,3.2
5186,Airport,Metro_5186,Hyderabad,Kukatpally,16.472436,72.505891,6.67,4.3
5187,Mall,School_5187,Mumbai,Powai,17.042446,75.674612,8.34,4.4
5188,College,College_5188,Hyderabad,Jubilee Hills,17.109158,77.905634,9.05,4.2
5189,Airport,Airport_5189,Hyderabad,Banjara Hills,16.842411,74.084684,9.65,4.1
5190,School,School_5190,Mumbai,Powai,15.062799,79.718155,7.95,3.0
5191,Mall,College_5191,Hyderabad,Banjara Hills,17.902225,74.739206,1.61,3.9
5192,Metro,Restaurant_5192,Bengaluru,Indiranagar,17.728247,73.928813,1.27,4.4
5193,Hospital,Bus Stop_5193,Bengaluru,Indiranagar,14.992329,72.436087,8.44,4.5
5194,Hospital,Restaurant_5194,Pune,Wakad,14.095423,76.275041,5.58,3.8
5195,School,Metro_5195,Chennai,Anna Nagar,15.003129,73.550964,1.07,3.8
5196,Park,Hospital_5196,Bengaluru,Electronic City,14.353926,79.516863,3.28,4.2
5197,Park,College_5197,Pune,Hinjewadi,16.742467,78.251731,1.25,4.7
5198,Metro,Mall_5198,Mumbai,Andheri,18.708809,78.469231,5.96,3.6
5199,Airport,Metro_5199,Pune,Baner,12.064378,72.678401,6.32,4.5
5200,Bus Stop,Park_5200,Hyderabad,Madhapur,17.867334,75.091149,1.38,4.9
5201,Bus Stop,School_5201,Mumbai,Powai,18.802704,76.276425,0.14,4.9
5202,Bus Stop,Bus Stop_5202,Hyderabad,Kukatpally,18.429715,73.676773,3.93,5.0
5203,School,Mall_5203,Bengaluru,HSR Layout,15.36672,77.240011,0.98,4.5
5204,College,Restaurant_5204,Hyderabad,Gachibowli,14.551942,73.815804,7.51,4.7
5205,Airport,Mall_5205,Bengaluru,Electronic City,12.45401,75.957252,6.36,4.3
5206,Hospital,Park_5206,Pune,Hinjewadi,12.553904,79.510193,8.97,4.2
5207,Airport,Hospital_5207,Bengaluru,Electronic City,13.184534,77.541877,0.2,3.6
5208,Metro,Mall_5208,Chennai,Velachery,13.220424,74.879769,8.81,4.8
5209,Hospital,Bus Stop_5209,Chennai,Velachery,18.982421,78.986779,0.62,4.1
5210,Metro,Bus Stop_5210,Bengaluru,Indiranagar,16.715198,78.370777,7.0,3.3
5211,School,College_5211,Chennai,Anna Nagar,18.677662,79.830607,8.3,3.2
5212,College,Restaurant_5212,Mumbai,Bandra,12.97375,74.196925,6.79,3.4
5213,School,Restaurant_5213,Mumbai,Powai,12.145724,72.293885,1.66,3.9
5214,School,Hospital_5214,Mumbai,Powai,18.313722,74.120919,3.04,4.3
5215,Bus Stop,School_5215,Chennai,Velachery,15.062252,75.877039,5.79,3.3
5216,College,Park_5216,Mumbai,Bandra,15.165227,78.38054,6.63,3.9
5217,Hospital,Metro_5217,Mumbai,Andheri,12.371166,75.336915,0.42,3.9
5218,School,Bus Stop_5218,Pune,Baner,16.002429,72.034293,0.83,4.5
5219,Park,Park_5219,Pune,Hinjewadi,13.231256,77.267427,9.91,3.8
5220,Park,College_5220,Mumbai,Andheri,15.400801,79.767024,8.09,3.8
5221,School,Restaurant_5221,Mumbai,Bandra,16.594786,72.834548,8.44,4.0
5222,Mall,Bus Stop_5222,Mumbai,Powai,15.651822,74.859285,2.49,4.9
5223,School,Park_5223,Bengaluru,Whitefield,14.728321,72.66836,6.58,4.5
5224,Restaurant,Metro_5224,Pune,Wakad,15.955133,77.888734,4.68,4.1
5225,Restaurant,Bus Stop_5225,Pune,Kharadi,13.099197,73.853977,8.42,5.0
5226,Park,Hospital_5226,Mumbai,Thane,15.639946,78.712412,6.85,4.7
5227,Hospital,Mall_5227,Mumbai,Thane,18.750015,72.022954,6.13,3.4
5228,Bus Stop,Airport_5228,Mumbai,Powai,16.794146,72.342116,1.7,3.7
5229,Restaurant,Bus Stop_5229,Hyderabad,Jubilee Hills,18.561676,76.96139,6.64,3.1
5230,Bus Stop,Airport_5230,Hyderabad,Kondapur,13.265094,74.164517,2.67,4.8
5231,Park,Restaurant_5231,Hyderabad,Kukatpally,15.275899,74.803488,0.69,4.4
5232,Mall,School_5232,Mumbai,Andheri,16.16605,74.198499,0.96,3.0
5233,College,Bus Stop_5233,Pune,Kharadi,15.666534,75.311513,8.48,4.4
5234,Metro,College_5234,Mumbai,Bandra,16.632462,78.846218,0.28,3.3
5235,Hospital,College_5235,Bengaluru,HSR Layout,16.61226,75.666148,6.46,3.5
5236,Park,Hospital_5236,Mumbai,Powai,16.41476,74.678885,1.93,4.3
5237,Airport,Mall_5237,Pune,Kharadi,15.926694,75.02271,6.89,4.5
5238,Hospital,Mall_5238,Hyderabad,Kukatpally,18.206205,76.69508,9.14,4.4
5239,Hospital,Hospital_5239,Bengaluru,Whitefield,16.909198,78.730157,4.08,4.7
5240,College,School_5240,Hyderabad,Gachibowli,16.449286,74.066964,2.31,4.9
5241,Park,Park_5241,Chennai,Anna Nagar,12.144363,78.923763,0.31,3.0
5242,Restaurant,Park_5242,Chennai,Anna Nagar,14.82274,73.064654,0.63,4.0
5243,College,Park_5243,Mumbai,Thane,16.853135,72.390076,7.22,4.4
5244,Restaurant,Airport_5244,Hyderabad,Madhapur,15.478589,73.248249,8.34,4.6
5245,College,Metro_5245,Bengaluru,HSR Layout,15.953864,72.68327,4.06,4.6
5246,College,College_5246,Pune,Hinjewadi,18.718617,73.577635,5.38,4.2
5247,Metro,Metro_5247,Bengaluru,HSR Layout,18.992046,78.997264,1.96,3.1
5248,Mall,Bus Stop_5248,Chennai,Velachery,18.70227,73.053871,0.65,4.8
5249,Restaurant,Metro_5249,Mumbai,Bandra,18.107096,73.638157,0.13,3.4
5250,School,School_5250,Bengaluru,Whitefield,18.862751,75.967183,7.34,4.1
5251,College,Metro_5251,Pune,Baner,14.005931,78.86109,6.3,5.0
5252,Hospital,Airport_5252,Mumbai,Thane,13.45838,75.066277,1.79,4.2
5253,Bus Stop,School_5253,Hyderabad,Gachibowli,18.729374,79.155694,2.61,3.7
5254,Mall,School_5254,Bengaluru,Whitefield,12.020241,79.51228,0.28,3.8
5255,Metro,Restaurant_5255,Bengaluru,Electronic City,18.488255,77.928606,9.68,3.6
5256,College,Bus Stop_5256,Mumbai,Andheri,18.338422,76.366305,5.97,3.0
5257,School,Mall_5257,Bengaluru,HSR Layout,13.208424,79.812748,5.52,4.9
5258,Bus Stop,Restaurant_5258,Mumbai,Thane,13.392348,79.171703,7.51,4.8
5259,College,Hospital_5259,Pune,Wakad,16.729316,75.777127,3.17,4.5
5260,Park,Metro_5260,Mumbai,Powai,15.501079,79.375904,8.09,3.9
5261,Airport,Metro_5261,Bengaluru,Indiranagar,16.921575,78.275232,0.8,3.0
5262,College,Restaurant_5262,Hyderabad,Madhapur,16.790069,75.452912,3.38,3.9
5263,Airport,Airport_5263,Pune,Hinjewadi,12.543262,77.103416,0.42,3.8
5264,Hospital,School_5264,Chennai,OMR,13.770508,72.318307,5.74,3.2
5265,Metro,Park_5265,Chennai,Velachery,17.748842,72.230194,8.92,3.5
5266,Restaurant,Metro_5266,Chennai,Velachery,13.394388,74.563404,5.39,4.6
5267,School,School_5267,Hyderabad,Banjara Hills,16.509838,72.452867,4.12,4.8
5268,Metro,Restaurant_5268,Chennai,OMR,13.890954,74.406784,1.09,4.2
5269,Airport,Park_5269,Mumbai,Bandra,14.025042,78.078981,4.51,5.0
5270,School,Park_5270,Mumbai,Andheri,16.49389,76.559922,1.56,3.6
5271,Metro,Metro_5271,Bengaluru,Indiranagar,14.784557,76.10513,1.06,3.9
5272,Airport,College_5272,Pune,Baner,18.976797,73.673664,3.23,3.7
5273,Mall,Restaurant_5273,Mumbai,Thane,16.961304,75.767191,2.66,3.8
5274,College,School_5274,Hyderabad,Kondapur,18.192785,72.941337,7.65,4.8
5275,Airport,Mall_5275,Hyderabad,Kukatpally,16.880106,72.034283,9.62,3.3
5276,Restaurant,School_5276,Bengaluru,Whitefield,13.118507,79.499643,9.12,3.1
5277,School,Park_5277,Bengaluru,HSR Layout,18.618128,73.790653,4.77,3.6
5278,Bus Stop,Airport_5278,Mumbai,Powai,12.833827,77.511597,8.88,4.3
5279,College,Metro_5279,Hyderabad,Kukatpally,14.642739,79.01619,0.15,3.6
5280,Park,Park_5280,Hyderabad,Madhapur,15.478249,76.902404,0.87,4.9
5281,School,Mall_5281,Chennai,OMR,13.356942,76.72416,1.14,4.2
5282,College,Restaurant_5282,Bengaluru,HSR Layout,12.761922,74.154496,2.51,4.1
5283,College,Airport_5283,Chennai,Adyar,15.922601,75.200848,6.35,4.2
5284,Park,School_5284,Hyderabad,Madhapur,16.758996,76.011188,1.32,3.9
5285,College,Mall_5285,Bengaluru,Indiranagar,15.124914,79.933492,8.95,4.5
5286,Hospital,Bus Stop_5286,Chennai,Anna Nagar,13.33547,74.013416,8.62,4.6
5287,Mall,College_5287,Hyderabad,Gachibowli,17.813754,74.499886,8.68,4.5
5288,Restaurant,Restaurant_5288,Bengaluru,Electronic City,15.135783,75.669064,5.01,3.6
5289,School,Restaurant_5289,Mumbai,Powai,17.783153,76.63968,6.64,3.0
5290,Bus Stop,Restaurant_5290,Chennai,Anna Nagar,12.013741,73.755266,4.49,3.7
5291,Bus Stop,Airport_5291,Pune,Kharadi,16.673914,75.580765,3.57,3.0
5292,Airport,Airport_5292,Bengaluru,Electronic City,15.285776,77.95196,9.9,4.9
5293,School,Bus Stop_5293,Bengaluru,Electronic City,17.833719,73.979401,1.44,4.8
5294,Mall,Hospital_5294,Mumbai,Bandra,13.367697,78.211462,4.99,4.0
5295,Park,Airport_5295,Mumbai,Bandra,16.851297,73.443604,5.49,4.5
5296,Metro,Mall_5296,Hyderabad,Banjara Hills,18.596956,79.265637,4.63,3.3
5297,Restaurant,School_5297,Pune,Baner,16.443039,76.747313,9.87,4.0
5298,Airport,Metro_5298,Bengaluru,Whitefield,17.99519,78.779681,3.2,5.0
5299,School,Restaurant_5299,Chennai,OMR,15.83582,74.024702,6.97,3.0
5300,Park,Mall_5300,Hyderabad,Banjara Hills,16.960983,77.142654,9.58,3.7
5301,Park,Park_5301,Hyderabad,Kondapur,13.183941,72.967214,3.96,4.2
5302,Hospital,Mall_5302,Mumbai,Powai,14.727819,72.170658,8.64,4.3
5303,Hospital,Hospital_5303,Pune,Wakad,15.887952,73.16321,3.92,3.3
5304,College,Park_5304,Mumbai,Thane,17.450465,73.067415,1.01,3.4
5305,School,Restaurant_5305,Pune,Baner,14.622198,79.424211,1.78,4.9
5306,Hospital,Metro_5306,Pune,Hinjewadi,16.460738,72.307485,0.4,4.0
5307,Bus Stop,Restaurant_5307,Chennai,Adyar,12.907462,79.581794,8.35,3.1
5308,Restaurant,Restaurant_5308,Mumbai,Thane,14.408676,72.542301,1.4,3.3
5309,Metro,Mall_5309,Hyderabad,Banjara Hills,16.848036,75.279873,3.96,4.4
5310,Airport,Airport_5310,Bengaluru,Indiranagar,15.207929,76.93778,8.67,4.2
5311,School,Airport_5311,Bengaluru,Electronic City,16.732779,75.642789,4.13,4.2
5312,Airport,College_5312,Mumbai,Bandra,18.242698,73.448798,2.81,4.6
5313,College,Mall_5313,Hyderabad,Kondapur,17.854156,76.193089,5.92,4.6
5314,Mall,Park_5314,Chennai,Adyar,15.674995,72.883127,7.06,4.3
5315,Metro,School_5315,Chennai,Velachery,15.317374,72.838375,9.86,4.9
5316,Metro,Hospital_5316,Mumbai,Andheri,16.905063,75.391301,5.43,4.8
5317,Hospital,College_5317,Bengaluru,Whitefield,13.779549,79.070263,3.29,4.1
5318,Hospital,Bus Stop_5318,Bengaluru,Whitefield,15.018856,77.881957,3.87,3.7
5319,School,Metro_5319,Bengaluru,Whitefield,14.220955,73.691759,1.72,4.4
5320,Park,Mall_5320,Pune,Kharadi,16.06876,76.204255,3.01,4.0
5321,College,College_5321,Bengaluru,Electronic City,15.481348,72.4147,8.56,4.4
5322,School,Mall_5322,Mumbai,Andheri,16.017844,77.939661,7.07,4.6
5323,Mall,Park_5323,Pune,Baner,14.027106,75.110184,3.97,3.5
5324,Restaurant,Hospital_5324,Hyderabad,Banjara Hills,17.022906,75.940161,3.15,3.3
5325,College,Park_5325,Chennai,Velachery,17.881487,76.717551,2.18,3.6
5326,College,Restaurant_5326,Mumbai,Bandra,15.134395,78.632848,3.5,4.1
5327,Park,Hospital_5327,Chennai,Velachery,12.495899,76.392293,5.64,3.7
5328,Mall,Park_5328,Bengaluru,HSR Layout,16.514335,77.126949,3.09,3.2
5329,Hospital,Bus Stop_5329,Bengaluru,Indiranagar,15.286653,79.990471,6.38,3.2
5330,Hospital,Airport_5330,Chennai,Anna Nagar,14.567568,77.52489,5.81,4.0
5331,Bus Stop,Bus Stop_5331,Mumbai,Powai,17.509053,73.259045,6.32,4.9
5332,College,Mall_5332,Chennai,Velachery,15.755975,77.184483,8.57,3.9
5333,College,School_5333,Hyderabad,Madhapur,12.355891,78.173195,0.11,3.7
5334,Mall,Hospital_5334,Chennai,OMR,15.939774,79.439335,2.88,3.7
5335,College,Park_5335,Pune,Baner,13.538162,76.790407,7.1,3.3
5336,Bus Stop,Park_5336,Mumbai,Bandra,15.161623,77.998645,7.0,4.2
5337,Mall,Airport_5337,Hyderabad,Gachibowli,17.048003,76.702641,2.76,3.3
5338,School,Park_5338,Mumbai,Thane,17.785596,76.469923,0.34,3.6
5339,Airport,Airport_5339,Hyderabad,Jubilee Hills,13.541809,78.834806,2.41,5.0
5340,College,Bus Stop_5340,Hyderabad,Gachibowli,17.984154,73.010971,2.37,4.7
5341,Airport,College_5341,Mumbai,Bandra,17.435773,77.368505,9.78,3.8
5342,Restaurant,Airport_5342,Hyderabad,Kondapur,13.645317,79.571062,5.14,4.8
5343,Metro,Bus Stop_5343,Pune,Hinjewadi,14.289126,72.944487,6.74,4.8
5344,Mall,Mall_5344,Pune,Baner,17.323353,79.086899,1.37,3.2
5345,Airport,Restaurant_5345,Chennai,Adyar,16.875735,78.853271,0.26,3.3
5346,Airport,Airport_5346,Bengaluru,Electronic City,15.629301,73.733577,9.24,3.1
5347,College,Park_5347,Pune,Wakad,18.873933,75.146091,0.77,4.1
5348,Hospital,Park_5348,Pune,Kharadi,18.682895,76.130817,4.71,4.2
5349,School,Airport_5349,Hyderabad,Banjara Hills,16.9884,75.348492,0.21,4.6
5350,Park,Metro_5350,Bengaluru,Indiranagar,15.33239,74.829134,0.22,4.0
5351,Bus Stop,College_5351,Mumbai,Andheri,15.815463,76.483139,1.5,3.6
5352,School,College_5352,Bengaluru,Whitefield,15.583775,73.498666,9.91,3.7
5353,Park,Park_5353,Hyderabad,Kondapur,18.110799,75.713571,2.59,3.5
5354,Park,College_5354,Bengaluru,HSR Layout,14.695766,75.273055,3.06,3.8
5355,Park,Mall_5355,Bengaluru,Indiranagar,14.300583,73.425697,1.52,4.4
5356,Mall,Hospital_5356,Mumbai,Bandra,16.544124,72.400609,0.7,4.2
5357,College,Metro_5357,Mumbai,Thane,18.24249,74.737032,6.0,3.8
5358,Park,Airport_5358,Mumbai,Thane,18.202358,75.863115,7.97,3.8
5359,Airport,Airport_5359,Bengaluru,Whitefield,13.660288,74.646196,9.47,4.4
5360,Hospital,Mall_5360,Pune,Baner,18.896255,77.114543,3.37,5.0
5361,College,School_5361,Pune,Hinjewadi,14.686611,74.958332,2.02,3.3
5362,Mall,Metro_5362,Mumbai,Bandra,14.48578,78.622464,5.25,3.5
5363,School,School_5363,Hyderabad,Kukatpally,18.280836,74.571285,9.7,4.1
5364,Mall,Restaurant_5364,Mumbai,Andheri,15.346597,72.70814,2.95,3.1
5365,College,Metro_5365,Bengaluru,Whitefield,15.120695,76.928097,2.45,4.7
5366,School,Bus Stop_5366,Bengaluru,Whitefield,15.895157,73.684767,6.13,3.6
5367,Park,School_5367,Bengaluru,Whitefield,14.174615,74.488676,3.08,4.7
5368,School,Airport_5368,Bengaluru,Indiranagar,16.654025,75.779633,2.59,3.3
5369,Mall,College_5369,Bengaluru,Whitefield,13.923022,77.249024,0.34,3.3
5370,Park,School_5370,Chennai,Velachery,16.159279,75.604145,0.67,3.6
5371,Hospital,School_5371,Pune,Wakad,17.906396,75.77304,7.5,4.2
5372,Park,College_5372,Pune,Kharadi,16.688344,76.461405,1.22,4.3
5373,Hospital,Mall_5373,Chennai,Anna Nagar,12.368048,78.652143,6.49,4.1
5374,School,Hospital_5374,Bengaluru,Electronic City,18.273271,78.679267,3.8,3.2
5375,Bus Stop,Airport_5375,Chennai,Velachery,13.78085,75.310267,7.01,4.4
5376,School,College_5376,Hyderabad,Banjara Hills,13.251282,73.180776,4.94,4.4
5377,College,Hospital_5377,Mumbai,Thane,12.550456,75.032143,7.83,3.1
5378,Airport,School_5378,Bengaluru,Indiranagar,12.735344,75.53907,9.38,3.6
5379,Hospital,Restaurant_5379,Bengaluru,Electronic City,15.464994,76.498316,6.46,3.6
5380,Restaurant,Restaurant_5380,Bengaluru,Electronic City,14.447861,76.289326,9.97,3.2
5381,Bus Stop,Restaurant_5381,Hyderabad,Banjara Hills,18.856841,79.403049,9.97,3.8
5382,Bus Stop,Restaurant_5382,Hyderabad,Madhapur,16.333614,77.755679,7.79,3.1
5383,Park,Metro_5383,Pune,Kharadi,18.988402,72.945409,6.08,4.2
5384,School,College_5384,Mumbai,Bandra,14.878447,72.995934,9.94,4.8
5385,Restaurant,Bus Stop_5385,Chennai,Velachery,12.571783,76.284516,1.7,4.3
5386,Mall,Bus Stop_5386,Chennai,Adyar,13.549613,79.388901,0.38,3.1
5387,School,Metro_5387,Bengaluru,Electronic City,13.50384,76.513801,0.32,3.7
5388,Hospital,Restaurant_5388,Pune,Kharadi,17.566646,79.058537,8.48,3.3
5389,Metro,Bus Stop_5389,Chennai,Velachery,16.845898,78.52032,9.24,3.7
5390,Bus Stop,Hospital_5390,Mumbai,Andheri,12.184708,76.342196,3.62,3.3
5391,Mall,Park_5391,Hyderabad,Gachibowli,18.811798,72.547599,9.74,3.7
5392,College,Hospital_5392,Chennai,Anna Nagar,12.914859,77.290962,6.17,3.9
5393,College,Park_5393,Hyderabad,Madhapur,16.041942,76.064862,8.56,4.2
5394,Mall,Airport_5394,Pune,Kharadi,14.035794,78.160967,8.37,4.7
5395,School,Mall_5395,Hyderabad,Jubilee Hills,12.785059,79.295874,1.62,4.2
5396,College,School_5396,Chennai,Velachery,16.290234,73.633453,9.89,4.4
5397,Airport,School_5397,Pune,Baner,13.876502,79.896867,5.53,3.7
5398,Park,Airport_5398,Hyderabad,Jubilee Hills,13.342544,75.889591,6.22,4.6
5399,Restaurant,Park_5399,Bengaluru,Indiranagar,15.727075,74.82994,3.47,3.4
5400,Restaurant,School_5400,Hyderabad,Jubilee Hills,18.384223,75.555265,7.49,3.3
5401,College,Mall_5401,Bengaluru,Indiranagar,13.32583,73.497334,6.17,3.9
5402,Airport,Metro_5402,Chennai,OMR,14.401248,75.7866,5.15,3.6
5403,Airport,Park_5403,Hyderabad,Madhapur,17.912611,78.575368,9.47,3.1
5404,College,Hospital_5404,Pune,Baner,17.169121,78.778513,0.12,3.1
5405,Airport,Restaurant_5405,Mumbai,Powai,13.743278,72.188146,9.46,3.9
5406,Airport,Park_5406,Chennai,Velachery,17.840475,79.268408,1.36,4.2
5407,Airport,Bus Stop_5407,Hyderabad,Madhapur,15.368636,73.353932,8.44,3.4
5408,Restaurant,College_5408,Mumbai,Powai,14.997782,79.77946,8.88,3.0
5409,School,School_5409,Mumbai,Bandra,12.313098,78.527434,8.93,3.9
5410,Hospital,Hospital_5410,Chennai,Anna Nagar,13.714771,74.836325,3.29,4.4
5411,Bus Stop,Metro_5411,Bengaluru,HSR Layout,15.524409,73.823334,0.15,4.8
5412,Park,School_5412,Hyderabad,Kukatpally,16.423186,72.753463,3.31,3.4
5413,Restaurant,Hospital_5413,Hyderabad,Gachibowli,13.101132,76.649606,0.35,3.4
5414,Airport,Mall_5414,Bengaluru,Whitefield,12.933261,72.360938,5.69,4.6
5415,Hospital,Bus Stop_5415,Mumbai,Bandra,14.15708,77.256798,2.92,3.9
5416,Park,Metro_5416,Chennai,Adyar,15.855037,79.725603,2.42,4.0
5417,Airport,Airport_5417,Mumbai,Thane,15.304307,73.25735,6.8,3.3
5418,Metro,College_5418,Bengaluru,Indiranagar,12.839742,74.223574,9.74,4.9
5419,Metro,Airport_5419,Mumbai,Powai,16.276374,72.37409,3.29,3.9
5420,Bus Stop,Bus Stop_5420,Bengaluru,Indiranagar,18.850635,78.050686,9.85,4.2
5421,Metro,Restaurant_5421,Pune,Baner,16.352732,75.721729,7.31,4.6
5422,Hospital,College_5422,Mumbai,Thane,13.778496,75.617251,3.12,3.9
5423,Restaurant,Bus Stop_5423,Chennai,Adyar,14.234446,72.653023,1.45,3.2
5424,College,College_5424,Bengaluru,Indiranagar,14.695141,74.62524,2.72,4.1
5425,Hospital,Park_5425,Chennai,Velachery,16.768062,74.284861,2.98,4.4
5426,Hospital,Park_5426,Bengaluru,HSR Layout,12.90332,79.303336,8.88,3.9
5427,Bus Stop,School_5427,Chennai,OMR,18.318231,78.705146,5.7,4.7
5428,Airport,Hospital_5428,Pune,Wakad,17.585129,77.613354,3.64,4.8
5429,College,Airport_5429,Hyderabad,Madhapur,16.290207,72.410899,5.87,3.2
5430,Mall,Hospital_5430,Chennai,Velachery,18.521519,74.42645,4.55,4.4
5431,Hospital,School_5431,Hyderabad,Banjara Hills,12.980444,75.137973,9.22,3.0
5432,Bus Stop,Mall_5432,Chennai,Anna Nagar,17.098036,74.37701,9.5,4.1
5433,School,Mall_5433,Mumbai,Powai,12.7826,73.432865,4.98,3.2
5434,Airport,School_5434,Mumbai,Bandra,12.942632,72.377355,7.03,5.0
5435,Mall,Hospital_5435,Mumbai,Bandra,18.769144,73.968531,4.83,4.5
5436,College,Airport_5436,Hyderabad,Miyapur,17.346962,79.524148,9.49,4.4
5437,Park,School_5437,Hyderabad,Banjara Hills,12.898411,78.325386,0.95,4.4
5438,Restaurant,Airport_5438,Chennai,OMR,18.83513,73.913398,2.46,4.7
5439,College,School_5439,Hyderabad,Miyapur,14.756791,76.032557,3.66,4.1
5440,College,Restaurant_5440,Chennai,Anna Nagar,13.966218,78.936383,7.19,3.4
5441,School,Airport_5441,Bengaluru,Whitefield,14.331272,77.799434,0.54,4.8
5442,Hospital,College_5442,Hyderabad,Kondapur,13.213998,78.093563,4.07,3.6
5443,Restaurant,Bus Stop_5443,Hyderabad,Miyapur,12.078997,75.747172,3.15,3.5
5444,Airport,Bus Stop_5444,Bengaluru,HSR Layout,14.758082,72.610082,9.36,3.5
5445,Park,Metro_5445,Pune,Wakad,18.679183,79.906693,7.93,3.5
5446,Hospital,Airport_5446,Hyderabad,Jubilee Hills,17.989527,72.502692,0.28,4.6
5447,Airport,Metro_5447,Chennai,Velachery,16.48921,76.988882,6.22,4.8
5448,Mall,Restaurant_5448,Mumbai,Thane,15.235881,72.900332,2.97,4.6
5449,Airport,Mall_5449,Bengaluru,Whitefield,17.673059,72.534837,9.38,4.7
5450,Airport,Bus Stop_5450,Hyderabad,Jubilee Hills,13.766789,72.101076,2.39,3.9
5451,Mall,Bus Stop_5451,Pune,Kharadi,13.65876,79.404442,0.41,3.2
5452,Bus Stop,Park_5452,Pune,Wakad,18.995157,74.211181,5.37,4.4
5453,College,College_5453,Pune,Hinjewadi,15.27344,76.877828,8.19,4.1
5454,Airport,Park_5454,Bengaluru,Indiranagar,14.390351,78.808309,5.62,3.5
5455,Hospital,Restaurant_5455,Chennai,Velachery,12.124734,75.043685,5.86,4.4
5456,School,Park_5456,Pune,Wakad,15.611319,74.165509,1.04,4.3
5457,Hospital,School_5457,Bengaluru,Electronic City,14.067696,76.312851,1.09,3.5
5458,Bus Stop,Restaurant_5458,Chennai,Velachery,16.246167,77.857539,9.96,3.6
5459,Park,Mall_5459,Chennai,Velachery,12.40016,79.199332,7.02,3.6
5460,School,Bus Stop_5460,Chennai,Velachery,15.659916,77.38639,9.99,3.7
5461,Airport,Hospital_5461,Mumbai,Thane,12.380963,76.46927,1.97,3.8
5462,Bus Stop,Airport_5462,Chennai,Adyar,16.318289,78.843742,9.0,4.5
5463,Restaurant,Park_5463,Pune,Baner,15.571649,79.686339,0.58,4.6
5464,Airport,Mall_5464,Mumbai,Andheri,15.265341,74.203246,9.49,3.0
5465,Airport,Mall_5465,Pune,Baner,17.699743,72.349491,8.57,4.9
5466,Park,College_5466,Chennai,Adyar,18.615088,79.744083,4.12,3.4
5467,Bus Stop,Park_5467,Mumbai,Powai,12.61928,77.868274,2.7,4.8
5468,Mall,Park_5468,Mumbai,Andheri,14.178477,72.829864,5.99,3.6
5469,Mall,Airport_5469,Mumbai,Bandra,15.152448,77.533047,1.63,3.7
5470,Park,Restaurant_5470,Chennai,Velachery,14.40396,76.702887,6.9,3.1
5471,Hospital,Hospital_5471,Chennai,Anna Nagar,15.039078,75.378081,6.98,4.8
5472,Restaurant,Bus Stop_5472,Hyderabad,Kukatpally,18.827105,78.544422,3.38,3.5
5473,Airport,Mall_5473,Pune,Baner,15.246327,76.169683,7.26,3.5
5474,Bus Stop,Hospital_5474,Chennai,Velachery,16.974212,75.474997,4.03,5.0
5475,Park,Restaurant_5475,Mumbai,Bandra,13.65626,77.1572,6.81,3.5
5476,School,Restaurant_5476,Pune,Baner,14.714911,72.733965,9.03,4.9
5477,College,Bus Stop_5477,Hyderabad,Kukatpally,17.452107,73.488965,2.38,3.0
5478,Mall,Airport_5478,Bengaluru,HSR Layout,16.958165,79.74188,0.87,4.1
5479,School,College_5479,Mumbai,Powai,16.258969,73.787102,7.55,4.1
5480,College,Hospital_5480,Chennai,Adyar,12.87133,75.768325,0.57,4.9
5481,Hospital,Hospital_5481,Chennai,Velachery,13.688609,75.278434,6.25,5.0
5482,Airport,Restaurant_5482,Mumbai,Bandra,15.361926,76.065264,4.9,4.6
5483,Restaurant,Park_5483,Pune,Hinjewadi,14.056559,76.263284,6.58,3.3
5484,School,Mall_5484,Hyderabad,Jubilee Hills,18.990608,77.394558,1.05,4.9
5485,Mall,Metro_5485,Chennai,Adyar,13.445022,77.95493,2.55,4.3
5486,Metro,Bus Stop_5486,Hyderabad,Gachibowli,16.921707,78.905475,7.19,3.1
5487,Park,College_5487,Bengaluru,HSR Layout,16.889821,76.64296,5.22,3.2
5488,Mall,Bus Stop_5488,Bengaluru,HSR Layout,15.190424,77.417421,7.86,4.8
5489,Hospital,Bus Stop_5489,Chennai,Adyar,17.808495,74.579481,4.68,4.7
5490,College,College_5490,Hyderabad,Kondapur,18.29856,72.400616,2.99,4.1
5491,Airport,Hospital_5491,Hyderabad,Madhapur,16.729042,73.555532,7.78,4.7
5492,Park,Bus Stop_5492,Bengaluru,Indiranagar,12.688359,75.734372,5.58,4.0
5493,School,Airport_5493,Chennai,Adyar,14.017715,79.200908,0.37,4.1
5494,Hospital,School_5494,Mumbai,Bandra,16.924119,75.396655,9.21,3.8
5495,School,Hospital_5495,Pune,Baner,15.980076,78.520022,5.72,4.4
5496,Metro,Hospital_5496,Chennai,Anna Nagar,16.029744,74.844062,3.74,5.0
5497,Restaurant,Airport_5497,Pune,Kharadi,16.931181,79.986559,5.99,3.4
5498,Metro,Mall_5498,Hyderabad,Banjara Hills,14.314036,72.687611,6.88,4.2
5499,Airport,Park_5499,Hyderabad,Madhapur,12.825592,77.166469,4.55,3.3
5500,Restaurant,Restaurant_5500,Hyderabad,Miyapur,14.977355,74.271894,5.98,3.4
5501,Metro,School_5501,Pune,Hinjewadi,13.795003,75.220511,4.85,4.5
5502,Metro,Park_5502,Hyderabad,Kukatpally,14.872132,76.557732,5.93,4.2
5503,College,Mall_5503,Chennai,Velachery,16.947898,74.032167,8.62,4.1
5504,Park,Restaurant_5504,Mumbai,Thane,15.519406,75.195795,3.97,4.4
5505,Metro,Mall_5505,Pune,Hinjewadi,12.352579,78.459567,3.99,3.3
5506,Airport,Park_5506,Chennai,Adyar,12.551974,75.511178,6.33,4.6
5507,College,School_5507,Chennai,OMR,12.0723,77.60426,9.76,3.6
5508,Mall,School_5508,Mumbai,Powai,18.359171,77.554069,3.49,4.8
5509,College,Mall_5509,Pune,Hinjewadi,15.832964,72.699874,1.03,4.1
5510,Airport,Airport_5510,Pune,Wakad,17.949173,72.25485,9.59,3.4
5511,Park,Metro_5511,Chennai,Anna Nagar,17.02049,75.966752,9.21,3.0
5512,Metro,Hospital_5512,Hyderabad,Kukatpally,14.039669,77.253684,9.95,4.0
5513,School,Airport_5513,Bengaluru,Indiranagar,15.044498,76.528185,7.59,3.7
5514,Bus Stop,Mall_5514,Pune,Kharadi,15.20825,72.256858,7.9,4.6
5515,School,School_5515,Mumbai,Powai,16.782449,72.104194,9.7,3.7
5516,College,Mall_5516,Hyderabad,Banjara Hills,16.034032,74.617307,6.48,4.3
5517,Park,Bus Stop_5517,Bengaluru,Indiranagar,13.001001,73.237083,8.47,3.2
5518,Airport,Bus Stop_5518,Bengaluru,Indiranagar,18.625841,73.531628,1.83,4.6
5519,Mall,Metro_5519,Pune,Baner,15.200599,74.828091,5.22,3.8
5520,Park,Airport_5520,Hyderabad,Kukatpally,17.376904,74.42327,2.44,4.0
5521,Mall,Airport_5521,Hyderabad,Madhapur,14.263561,73.126264,9.39,4.7
5522,Mall,Mall_5522,Pune,Wakad,12.119673,72.417024,9.59,4.7
5523,Metro,Metro_5523,Hyderabad,Kukatpally,14.814633,79.500761,8.17,4.5
5524,Restaurant,Metro_5524,Chennai,Velachery,14.276576,78.13779,3.23,3.1
5525,Mall,Metro_5525,Hyderabad,Kondapur,15.860731,76.976874,7.46,3.5
5526,Restaurant,Hospital_5526,Chennai,Anna Nagar,15.873456,76.720362,9.51,4.7
5527,School,Airport_5527,Chennai,Adyar,18.764227,74.319393,1.13,3.4
5528,Mall,Mall_5528,Mumbai,Thane,14.618792,78.23711,2.5,3.4
5529,Bus Stop,School_5529,Bengaluru,HSR Layout,18.143189,77.863661,4.6,4.0
5530,Airport,Mall_5530,Pune,Wakad,12.925754,72.059036,3.97,4.6
5531,Airport,Park_5531,Hyderabad,Gachibowli,16.295279,74.619561,5.57,3.0
5532,Mall,School_5532,Mumbai,Bandra,15.140791,79.977456,1.23,4.4
5533,Park,School_5533,Bengaluru,Indiranagar,17.500682,76.019903,8.03,4.9
5534,Park,Restaurant_5534,Hyderabad,Gachibowli,12.503159,72.063937,8.03,3.5
5535,Park,Park_5535,Mumbai,Bandra,14.903453,72.298974,3.51,4.2
5536,Park,Bus Stop_5536,Bengaluru,HSR Layout,15.465196,79.118217,1.26,4.4
5537,Metro,Airport_5537,Hyderabad,Kondapur,13.593156,76.227728,5.41,4.1
5538,School,Airport_5538,Hyderabad,Madhapur,16.08793,73.84447,8.29,3.1
5539,Restaurant,Hospital_5539,Chennai,OMR,13.854336,72.369254,6.43,3.1
5540,Airport,College_5540,Mumbai,Thane,14.145526,76.430978,0.25,4.9
5541,Hospital,Metro_5541,Pune,Kharadi,16.214522,79.792022,4.56,4.9
5542,Airport,Airport_5542,Chennai,Adyar,17.764249,74.395749,5.06,4.6
5543,College,Restaurant_5543,Hyderabad,Kondapur,13.876087,77.048338,5.53,3.0
5544,Bus Stop,Airport_5544,Bengaluru,Indiranagar,13.288405,75.793968,2.62,4.8
5545,Airport,School_5545,Bengaluru,Electronic City,17.231911,75.530928,9.54,4.4
5546,Park,Park_5546,Pune,Hinjewadi,16.844317,75.071198,3.97,3.5
5547,Metro,Hospital_5547,Mumbai,Powai,16.09935,72.220138,6.59,4.9
5548,School,Park_5548,Bengaluru,HSR Layout,13.365167,75.390111,9.45,4.7
5549,College,Hospital_5549,Bengaluru,Whitefield,13.307628,77.47762,2.07,3.6
5550,Metro,Mall_5550,Chennai,OMR,13.175182,72.213292,9.79,4.0
5551,Park,Restaurant_5551,Chennai,Adyar,17.004091,76.996351,9.0,3.8
5552,Hospital,Metro_5552,Mumbai,Powai,15.817305,73.150415,7.43,4.5
5553,College,Hospital_5553,Mumbai,Powai,17.719238,76.87232,9.19,4.1
5554,Airport,Mall_5554,Hyderabad,Kukatpally,12.31482,73.99338,5.69,4.0
5555,Mall,Park_5555,Pune,Baner,16.058312,77.610724,8.1,3.9
5556,Restaurant,College_5556,Pune,Baner,12.834457,77.3384,0.47,4.5
5557,Hospital,College_5557,Mumbai,Bandra,15.635363,76.744192,5.01,3.3
5558,Restaurant,Bus Stop_5558,Hyderabad,Gachibowli,18.231824,74.734728,1.17,4.5
5559,Park,Park_5559,Mumbai,Andheri,17.793106,78.337619,3.27,4.9
5560,Hospital,College_5560,Hyderabad,Kondapur,16.164122,75.70768,7.9,4.6
5561,Metro,Park_5561,Mumbai,Powai,13.708076,73.750165,4.99,3.6
5562,Park,School_5562,Bengaluru,Whitefield,12.277381,74.374236,0.72,4.2
5563,School,Airport_5563,Chennai,Anna Nagar,14.199098,77.97267,0.65,4.0
5564,Hospital,Hospital_5564,Mumbai,Andheri,13.531968,73.583565,5.55,4.0
5565,Restaurant,Hospital_5565,Bengaluru,Indiranagar,14.549721,76.43908,7.42,3.9
5566,Airport,Hospital_5566,Hyderabad,Jubilee Hills,18.939981,73.539474,3.92,4.0
5567,Restaurant,College_5567,Hyderabad,Jubilee Hills,18.383696,79.588039,1.14,3.2
5568,Restaurant,Hospital_5568,Bengaluru,Indiranagar,16.377099,74.351409,1.89,3.3
5569,School,Hospital_5569,Bengaluru,Electronic City,18.939497,73.944451,6.48,5.0
5570,College,Airport_5570,Chennai,Velachery,17.017359,72.049384,1.93,3.1
5571,Airport,Bus Stop_5571,Hyderabad,Miyapur,18.069767,78.344712,9.5,3.7
5572,Restaurant,School_5572,Pune,Hinjewadi,13.367908,75.130436,7.16,3.5
5573,Park,Restaurant_5573,Hyderabad,Banjara Hills,18.502736,79.655747,3.56,3.3
5574,Park,Restaurant_5574,Chennai,OMR,16.771527,76.021785,7.96,4.0
5575,School,Restaurant_5575,Mumbai,Thane,17.831393,72.540944,1.43,4.4
5576,Metro,Restaurant_5576,Chennai,Velachery,18.611226,78.220493,8.16,4.3
5577,School,College_5577,Mumbai,Bandra,13.941996,79.870522,5.13,4.1
5578,School,Hospital_5578,Pune,Hinjewadi,18.246637,79.530861,2.46,3.0
5579,Metro,Restaurant_5579,Hyderabad,Banjara Hills,18.810144,75.141681,5.34,3.4
5580,Bus Stop,College_5580,Mumbai,Andheri,16.868276,73.691249,4.02,3.4
5581,Metro,Restaurant_5581,Mumbai,Bandra,12.334716,72.528534,2.36,3.8
5582,Park,School_5582,Chennai,Adyar,16.882616,74.647213,2.89,4.4
5583,School,Hospital_5583,Hyderabad,Kondapur,12.071342,75.387875,5.4,4.7
5584,Metro,School_5584,Mumbai,Thane,17.316825,75.163019,4.57,5.0
5585,College,College_5585,Bengaluru,Indiranagar,14.048881,74.235228,5.06,4.6
5586,Mall,Hospital_5586,Mumbai,Thane,16.790101,76.799425,0.84,3.7
5587,Mall,Restaurant_5587,Pune,Baner,14.706153,79.592415,7.25,3.6
5588,Bus Stop,Airport_5588,Mumbai,Andheri,18.598313,73.18101,1.35,4.5
5589,Bus Stop,Airport_5589,Pune,Kharadi,12.669289,78.765834,7.57,4.9
5590,Park,School_5590,Chennai,OMR,14.69654,77.680768,5.21,4.3
5591,Airport,Metro_5591,Chennai,OMR,12.27393,75.990292,2.09,3.7
5592,School,College_5592,Pune,Baner,12.686967,72.965577,0.12,3.9
5593,Restaurant,Bus Stop_5593,Mumbai,Powai,15.777797,74.518208,8.08,3.2
5594,Airport,Restaurant_5594,Pune,Wakad,12.696795,75.42462,4.32,5.0
5595,College,Hospital_5595,Chennai,Adyar,15.675615,78.665055,3.68,3.8
5596,Restaurant,Mall_5596,Bengaluru,Indiranagar,12.179849,74.528772,2.36,3.0
5597,Airport,College_5597,Bengaluru,HSR Layout,14.005688,75.031959,1.43,3.5
5598,Bus Stop,School_5598,Chennai,Adyar,14.045992,75.998403,4.38,4.5
5599,Mall,Park_5599,Mumbai,Thane,15.908306,72.931628,4.72,4.4
5600,Mall,Metro_5600,Chennai,OMR,14.656122,79.2342,2.58,4.2
5601,Bus Stop,Airport_5601,Pune,Kharadi,15.4087,76.887326,5.52,3.0
5602,College,Bus Stop_5602,Bengaluru,Electronic City,18.484488,77.157021,6.16,4.7
5603,Park,Restaurant_5603,Bengaluru,Electronic City,14.748445,74.852183,5.74,4.9
5604,Park,Bus Stop_5604,Mumbai,Thane,17.170666,77.762522,3.3,3.6
5605,Bus Stop,College_5605,Hyderabad,Jubilee Hills,14.915047,77.279449,2.09,4.0
5606,Airport,School_5606,Pune,Baner,12.259846,76.935687,1.85,3.3
5607,Airport,Metro_5607,Hyderabad,Gachibowli,15.21724,72.666171,9.1,4.3
5608,Mall,Metro_5608,Pune,Wakad,12.239728,77.051133,2.88,4.0
5609,College,Metro_5609,Hyderabad,Gachibowli,12.564993,76.916584,5.42,3.0
5610,Mall,Metro_5610,Pune,Baner,15.101765,75.72597,9.84,3.9
5611,College,College_5611,Chennai,Adyar,14.989143,75.697533,7.39,4.1
5612,Park,Park_5612,Hyderabad,Gachibowli,13.094265,72.341255,3.35,3.3
5613,Hospital,College_5613,Hyderabad,Kondapur,16.249602,78.588744,5.96,4.5
5614,Park,Park_5614,Mumbai,Thane,17.411362,74.554718,3.24,3.5
5615,Metro,Airport_5615,Mumbai,Thane,18.42265,74.753887,8.17,4.7
5616,Restaurant,Restaurant_5616,Bengaluru,Electronic City,18.792552,73.831098,2.11,4.8
5617,Mall,College_5617,Mumbai,Bandra,13.967158,75.179198,6.2,4.0
5618,Hospital,Hospital_5618,Mumbai,Andheri,17.855379,79.212012,3.89,3.9
5619,Metro,Airport_5619,Bengaluru,Electronic City,18.249325,76.199569,8.67,3.2
5620,Metro,School_5620,Chennai,Anna Nagar,15.4083,73.202233,2.73,3.9
5621,Airport,College_5621,Chennai,Adyar,13.113513,79.55145,6.71,3.4
5622,Airport,Restaurant_5622,Chennai,Velachery,17.19503,76.458036,8.13,4.8
5623,Airport,School_5623,Bengaluru,Whitefield,17.889556,77.056631,3.87,3.0
5624,College,Hospital_5624,Mumbai,Andheri,17.668826,73.076293,1.57,4.9
5625,Airport,Hospital_5625,Pune,Kharadi,16.584497,75.07347,5.59,4.1
5626,Bus Stop,Hospital_5626,Bengaluru,Indiranagar,16.705068,76.589571,2.15,4.5
5627,Mall,Hospital_5627,Mumbai,Bandra,12.297597,72.513916,5.61,4.5
5628,Metro,Park_5628,Bengaluru,Electronic City,18.205339,73.236053,0.15,4.4
5629,Restaurant,College_5629,Mumbai,Powai,17.017315,76.511017,4.13,4.2
5630,Airport,Park_5630,Pune,Wakad,15.295227,75.799654,4.47,3.7
5631,Hospital,Bus Stop_5631,Chennai,OMR,14.629783,72.658592,8.7,3.9
5632,Restaurant,College_5632,Mumbai,Thane,17.341566,76.931941,7.08,4.6
5633,Mall,Bus Stop_5633,Chennai,Velachery,17.563519,78.701994,7.14,4.2
5634,College,Airport_5634,Chennai,Anna Nagar,13.547228,78.683405,2.53,3.1
5635,College,School_5635,Hyderabad,Madhapur,13.840241,74.198113,5.2,3.8
5636,Park,School_5636,Chennai,Anna Nagar,18.81632,74.11665,3.63,3.8
5637,College,Restaurant_5637,Pune,Hinjewadi,12.234764,77.157337,5.54,3.7
5638,Park,Airport_5638,Chennai,Velachery,12.480349,73.891233,8.59,4.0
5639,School,Mall_5639,Bengaluru,HSR Layout,14.391363,78.468834,2.6,4.2
5640,Restaurant,Park_5640,Bengaluru,Electronic City,18.021013,77.088903,5.89,3.3
5641,Metro,Airport_5641,Bengaluru,Whitefield,17.289132,75.162871,3.85,4.0
5642,Restaurant,Bus Stop_5642,Pune,Hinjewadi,18.972314,74.209209,7.18,4.5
5643,Park,College_5643,Bengaluru,Electronic City,18.083328,78.150857,9.6,4.7
5644,Hospital,Restaurant_5644,Pune,Kharadi,18.095757,77.267484,8.14,3.5
5645,Airport,Metro_5645,Mumbai,Thane,15.669669,77.819869,1.51,4.3
5646,Park,College_5646,Hyderabad,Jubilee Hills,16.376868,77.791043,7.45,4.0
5647,Hospital,Hospital_5647,Bengaluru,Whitefield,14.715475,76.273979,7.95,3.1
5648,Airport,Mall_5648,Mumbai,Bandra,15.278144,78.52296,6.59,4.7
5649,Bus Stop,Hospital_5649,Bengaluru,Electronic City,15.504673,76.863969,9.65,3.2
5650,Hospital,Bus Stop_5650,Chennai,OMR,14.711694,79.012254,1.67,4.4
5651,Hospital,Mall_5651,Mumbai,Andheri,15.102768,72.855594,7.9,3.7
5652,Airport,Restaurant_5652,Chennai,Velachery,12.162774,73.650329,6.08,4.4
5653,Mall,Airport_5653,Mumbai,Bandra,13.518653,79.55442,2.73,4.4
5654,Park,Bus Stop_5654,Hyderabad,Banjara Hills,13.800903,77.473599,1.72,4.2
5655,Park,Restaurant_5655,Chennai,Adyar,12.796348,78.199095,4.91,3.8
5656,Hospital,College_5656,Chennai,OMR,14.820078,75.706253,7.58,4.5
5657,College,School_5657,Mumbai,Powai,16.946947,74.668746,9.48,4.2
5658,Park,Park_5658,Mumbai,Bandra,18.462448,74.856452,9.35,4.5
5659,College,College_5659,Hyderabad,Madhapur,18.077855,75.135068,3.97,3.6
5660,Restaurant,Mall_5660,Chennai,Anna Nagar,15.154065,77.292344,1.56,3.5
5661,Hospital,College_5661,Mumbai,Powai,16.405253,76.585057,4.78,4.8
5662,Park,School_5662,Hyderabad,Kukatpally,17.778643,76.877043,9.16,4.2
5663,College,Metro_5663,Bengaluru,HSR Layout,16.778268,75.59171,9.74,3.6
5664,Restaurant,Restaurant_5664,Chennai,OMR,13.219828,77.080777,9.9,4.2
5665,Metro,Metro_5665,Pune,Baner,12.464722,75.80353,1.78,4.4
5666,College,College_5666,Bengaluru,HSR Layout,18.240679,78.796636,5.4,3.9
5667,Mall,Hospital_5667,Mumbai,Powai,18.784855,74.94818,5.82,4.3
5668,Park,Metro_5668,Mumbai,Thane,15.306185,79.918684,9.14,4.5
5669,College,Airport_5669,Hyderabad,Miyapur,16.438683,72.294187,0.36,4.6
5670,College,Park_5670,Mumbai,Bandra,15.249819,78.33133,0.94,4.8
5671,Park,Restaurant_5671,Mumbai,Powai,13.307336,74.403453,5.31,4.0
5672,Park,Airport_5672,Mumbai,Andheri,16.320771,78.182012,4.49,4.8
5673,Metro,Restaurant_5673,Hyderabad,Kondapur,14.37686,79.554667,4.59,3.8
5674,Park,School_5674,Mumbai,Powai,14.509049,79.66133,2.12,3.9
5675,Mall,Airport_5675,Mumbai,Andheri,13.007989,76.879471,1.21,4.6
5676,College,Bus Stop_5676,Pune,Kharadi,17.949355,74.181586,6.42,3.8
5677,Metro,Bus Stop_5677,Pune,Hinjewadi,13.346502,73.191832,4.83,3.5
5678,Metro,College_5678,Hyderabad,Banjara Hills,12.562155,74.580574,4.76,3.0
5679,Restaurant,Hospital_5679,Mumbai,Bandra,12.469121,74.231549,5.58,4.3
5680,Metro,College_5680,Hyderabad,Jubilee Hills,14.260841,72.859087,5.08,4.5
5681,School,Mall_5681,Bengaluru,Indiranagar,15.715949,75.925457,2.99,3.8
5682,Park,Airport_5682,Bengaluru,HSR Layout,13.098303,79.958716,5.03,3.7
5683,Bus Stop,Bus Stop_5683,Chennai,Anna Nagar,13.149185,72.201239,6.66,4.2
5684,Mall,Airport_5684,Chennai,OMR,17.501924,77.273819,5.29,4.8
5685,Bus Stop,Bus Stop_5685,Hyderabad,Kukatpally,14.176582,79.794958,1.23,4.0
5686,Hospital,Airport_5686,Bengaluru,Electronic City,14.245653,73.739375,3.24,3.5
5687,Mall,Mall_5687,Hyderabad,Kondapur,12.583082,77.18501,3.91,3.1
5688,Mall,College_5688,Hyderabad,Miyapur,16.994742,78.823886,0.23,4.0
5689,Bus Stop,School_5689,Hyderabad,Kondapur,18.863023,79.589741,1.6,3.3
5690,Hospital,College_5690,Chennai,Anna Nagar,13.549123,76.862423,5.87,3.2
5691,Park,College_5691,Hyderabad,Kukatpally,15.574749,73.684747,6.82,3.3
5692,College,Airport_5692,Hyderabad,Jubilee Hills,14.199912,79.08225,3.45,3.5
5693,Metro,Restaurant_5693,Mumbai,Powai,17.042325,79.45316,9.05,4.3
5694,Mall,College_5694,Hyderabad,Miyapur,14.335298,72.28263,7.24,3.3
5695,Park,Park_5695,Chennai,Adyar,18.502469,78.199571,4.41,3.9
5696,Mall,Airport_5696,Mumbai,Thane,12.495534,77.768233,5.41,4.0
5697,Restaurant,Bus Stop_5697,Hyderabad,Kukatpally,12.029383,78.471112,1.05,3.7
5698,Metro,Park_5698,Mumbai,Thane,15.060996,72.055565,3.88,4.1
5699,Hospital,Park_5699,Chennai,OMR,13.982423,77.571518,3.86,4.5
5700,Airport,Hospital_5700,Chennai,OMR,17.45622,79.289022,5.62,4.8
5701,Airport,Hospital_5701,Bengaluru,HSR Layout,15.292624,73.661329,6.73,4.8
5702,Mall,Bus Stop_5702,Chennai,Adyar,15.506959,76.358358,1.24,4.6
5703,Mall,Hospital_5703,Hyderabad,Kondapur,17.84464,72.631154,7.69,4.4
5704,Hospital,Mall_5704,Mumbai,Bandra,16.200514,77.975106,5.51,3.9
5705,Airport,Mall_5705,Chennai,Velachery,15.811554,74.577041,9.33,3.4
5706,Metro,Restaurant_5706,Bengaluru,Whitefield,12.959384,79.439059,3.93,4.3
5707,Mall,Hospital_5707,Pune,Hinjewadi,13.191328,72.99703,6.26,3.3
5708,Metro,College_5708,Pune,Wakad,17.637131,79.868694,2.09,4.6
5709,Hospital,School_5709,Bengaluru,HSR Layout,14.539594,79.393253,7.79,3.6
5710,Bus Stop,Metro_5710,Mumbai,Thane,15.719073,72.520461,8.3,3.9
5711,Bus Stop,Hospital_5711,Hyderabad,Jubilee Hills,15.899071,73.060931,6.13,3.5
5712,School,Park_5712,Mumbai,Andheri,15.793649,76.455049,5.01,3.3
5713,Airport,Metro_5713,Bengaluru,Whitefield,15.266299,76.31277,5.16,4.1
5714,Hospital,College_5714,Chennai,Velachery,12.723872,74.208107,6.77,4.3
5715,Mall,Bus Stop_5715,Bengaluru,Whitefield,18.220725,78.609509,8.38,4.3
5716,Park,Hospital_5716,Mumbai,Andheri,17.608502,73.071137,2.79,3.2
5717,Mall,College_5717,Chennai,Adyar,15.473299,72.311598,2.43,3.4
5718,Hospital,Metro_5718,Mumbai,Andheri,12.928043,79.748524,5.31,4.3
5719,College,School_5719,Mumbai,Thane,17.135638,78.718129,3.33,3.8
5720,College,Restaurant_5720,Pune,Baner,17.827275,77.402893,7.7,3.7
5721,Metro,College_5721,Pune,Baner,12.759922,73.107034,4.61,4.4
5722,College,Mall_5722,Pune,Hinjewadi,15.476234,79.888505,5.96,4.8
5723,Airport,Airport_5723,Chennai,Velachery,13.195117,74.46286,7.42,3.8
5724,Bus Stop,Restaurant_5724,Pune,Kharadi,15.975265,79.496219,8.29,3.1
5725,Airport,College_5725,Chennai,OMR,12.338401,76.810521,3.67,3.0
5726,Mall,Bus Stop_5726,Bengaluru,Indiranagar,18.912423,76.163832,0.94,4.8
5727,Hospital,Restaurant_5727,Hyderabad,Madhapur,17.880981,73.859374,7.82,4.5
5728,Metro,Mall_5728,Bengaluru,Electronic City,18.253787,72.738209,5.9,4.3
5729,Park,Restaurant_5729,Chennai,OMR,13.882806,72.333387,0.97,4.4
5730,Mall,School_5730,Mumbai,Andheri,13.1123,73.168228,3.51,3.6
5731,Hospital,Metro_5731,Bengaluru,Whitefield,13.567396,74.268615,4.0,4.9
5732,College,Hospital_5732,Hyderabad,Jubilee Hills,16.985591,74.503942,3.34,3.7
5733,College,Park_5733,Hyderabad,Kukatpally,15.568559,74.107519,9.3,4.9
5734,Airport,Hospital_5734,Pune,Kharadi,16.687609,77.893773,8.65,3.2
5735,Airport,Airport_5735,Mumbai,Thane,14.044064,73.412087,8.05,3.3
5736,School,Restaurant_5736,Chennai,OMR,17.97695,74.652944,3.81,3.8
5737,Mall,Park_5737,Hyderabad,Gachibowli,13.854928,74.126698,7.94,3.5
5738,Metro,Mall_5738,Pune,Wakad,13.657805,75.781275,1.17,3.4
5739,School,Bus Stop_5739,Pune,Hinjewadi,14.781461,77.847769,7.57,3.9
5740,Metro,College_5740,Chennai,Velachery,18.022586,77.079779,8.04,3.8
5741,Airport,Hospital_5741,Mumbai,Powai,16.899855,72.052986,1.93,3.9
5742,College,Airport_5742,Pune,Kharadi,16.044886,75.664629,9.07,3.1
5743,Mall,Mall_5743,Mumbai,Powai,13.443706,73.313765,7.57,3.2
5744,Airport,Hospital_5744,Mumbai,Andheri,14.299614,73.482834,3.07,4.1
5745,College,Restaurant_5745,Pune,Hinjewadi,16.887962,79.112476,6.33,4.5
5746,College,School_5746,Mumbai,Thane,12.13002,72.884081,9.31,3.6
5747,Airport,Hospital_5747,Hyderabad,Jubilee Hills,16.755767,74.783773,6.0,3.9
5748,Airport,Metro_5748,Mumbai,Bandra,18.148177,76.810676,9.53,3.6
5749,Bus Stop,Mall_5749,Hyderabad,Gachibowli,13.884544,77.896471,0.23,4.7
5750,Airport,Hospital_5750,Mumbai,Thane,15.834565,72.374704,6.22,4.0
5751,Restaurant,College_5751,Pune,Kharadi,16.699105,75.140457,9.86,3.1
5752,Metro,Mall_5752,Bengaluru,Electronic City,12.55556,73.106542,2.88,3.3
5753,Restaurant,Restaurant_5753,Mumbai,Powai,18.148915,75.522499,8.79,4.1
5754,Hospital,Restaurant_5754,Hyderabad,Jubilee Hills,15.660851,78.712936,8.86,4.5
5755,School,School_5755,Chennai,Velachery,14.97857,72.183279,9.45,4.2
5756,Restaurant,Bus Stop_5756,Hyderabad,Gachibowli,13.785487,77.348657,2.85,4.5
5757,College,Hospital_5757,Pune,Kharadi,15.622281,74.456643,1.12,3.2
5758,Hospital,Bus Stop_5758,Bengaluru,Indiranagar,17.988984,74.541584,0.41,4.5
5759,Metro,Metro_5759,Bengaluru,Electronic City,14.656479,72.469454,1.37,4.8
5760,Hospital,Bus Stop_5760,Hyderabad,Kondapur,15.608457,74.795726,1.27,4.5
5761,Park,College_5761,Pune,Baner,18.102965,74.927227,1.41,4.6
5762,Metro,Airport_5762,Mumbai,Andheri,12.261028,74.185537,1.57,3.3
5763,Bus Stop,Park_5763,Mumbai,Powai,17.195787,75.45693,0.21,4.1
5764,Hospital,Mall_5764,Mumbai,Powai,17.405444,75.907546,5.71,3.7
5765,Mall,School_5765,Pune,Kharadi,17.455372,78.266219,3.91,3.4
5766,Restaurant,Park_5766,Bengaluru,Electronic City,18.685525,73.698055,1.65,3.9
5767,School,School_5767,Chennai,Anna Nagar,16.70833,79.252709,6.59,4.1
5768,Airport,College_5768,Hyderabad,Gachibowli,12.084789,74.77611,1.1,3.4
5769,Park,Restaurant_5769,Chennai,Velachery,17.760763,77.365959,4.47,3.8
5770,College,Metro_5770,Bengaluru,Whitefield,18.099424,78.323063,0.94,3.1
5771,Metro,Restaurant_5771,Hyderabad,Kondapur,12.551098,76.386195,9.1,4.6
5772,Restaurant,Restaurant_5772,Chennai,Adyar,12.622617,76.480392,0.59,4.9
5773,School,Park_5773,Bengaluru,HSR Layout,14.781517,78.723603,6.47,4.6
5774,Bus Stop,Mall_5774,Bengaluru,Indiranagar,15.723696,76.426215,2.87,4.3
5775,Airport,Mall_5775,Hyderabad,Madhapur,17.294114,72.231426,9.1,3.9
5776,Metro,School_5776,Bengaluru,Whitefield,18.575643,77.919594,7.41,4.1
5777,Hospital,Mall_5777,Chennai,Adyar,13.533883,75.623238,9.1,4.4
5778,Hospital,College_5778,Hyderabad,Kondapur,15.057342,79.535262,7.54,4.6
5779,Bus Stop,Mall_5779,Mumbai,Thane,17.830772,74.520626,5.37,4.9
5780,Hospital,Park_5780,Mumbai,Thane,12.682465,74.64706,2.2,4.8
5781,Bus Stop,Mall_5781,Chennai,Adyar,16.03931,79.356941,6.73,3.6
5782,Hospital,Mall_5782,Bengaluru,HSR Layout,15.283196,78.57556,9.37,3.6
5783,School,Mall_5783,Chennai,Velachery,16.243158,77.986914,8.27,4.2
5784,Mall,Mall_5784,Mumbai,Bandra,14.977432,76.335816,6.97,3.8
5785,Airport,Park_5785,Chennai,OMR,15.323486,76.076358,4.25,4.7
5786,Park,Hospital_5786,Hyderabad,Banjara Hills,17.639074,74.082212,7.12,3.1
5787,Mall,Bus Stop_5787,Hyderabad,Banjara Hills,17.333331,77.250629,5.64,3.6
5788,Mall,Bus Stop_5788,Hyderabad,Jubilee Hills,17.700964,78.349594,8.42,4.6
5789,Park,Hospital_5789,Pune,Wakad,14.642989,74.780963,6.67,4.2
5790,College,School_5790,Hyderabad,Gachibowli,17.756188,74.795552,5.22,3.9
5791,Airport,Park_5791,Chennai,Velachery,14.83607,75.259254,1.2,4.2
5792,Hospital,Bus Stop_5792,Bengaluru,HSR Layout,13.053311,79.615894,2.6,3.4
5793,School,College_5793,Chennai,OMR,18.464859,76.429768,2.31,3.8
5794,Metro,Metro_5794,Pune,Hinjewadi,15.368291,74.705049,3.32,4.3
5795,Mall,Restaurant_5795,Pune,Baner,17.754325,72.252702,8.13,4.8
5796,Mall,School_5796,Chennai,Anna Nagar,14.278614,75.337464,3.85,4.3
5797,Restaurant,Park_5797,Bengaluru,HSR Layout,14.911188,76.194054,8.09,4.8
5798,Restaurant,Metro_5798,Pune,Baner,14.09058,76.993102,1.27,3.4
5799,Park,College_5799,Hyderabad,Kondapur,14.439268,73.11585,5.57,3.5
5800,Park,College_5800,Bengaluru,Indiranagar,18.431994,77.996229,3.01,4.7
5801,Mall,Hospital_5801,Chennai,OMR,15.18371,73.905888,3.4,3.3
5802,Bus Stop,College_5802,Bengaluru,Whitefield,16.154381,72.69411,9.57,3.4
5803,Airport,Bus Stop_5803,Mumbai,Bandra,16.044865,76.277224,8.45,4.1
5804,Mall,Mall_5804,Bengaluru,HSR Layout,18.951137,79.206633,6.49,4.0
5805,Airport,School_5805,Mumbai,Bandra,18.543216,75.623691,4.53,3.7
5806,Bus Stop,Mall_5806,Bengaluru,Electronic City,16.086927,75.754135,3.6,3.5
5807,College,School_5807,Hyderabad,Kondapur,18.373219,78.674204,0.75,3.5
5808,Restaurant,Mall_5808,Chennai,Velachery,17.856057,74.016062,9.9,3.5
5809,School,Hospital_5809,Pune,Hinjewadi,16.276501,79.807596,5.5,4.7
5810,Park,Park_5810,Chennai,Anna Nagar,15.270046,78.447691,3.25,3.8
5811,School,Metro_5811,Mumbai,Powai,17.560285,78.134197,0.26,4.3
5812,Mall,Restaurant_5812,Chennai,Anna Nagar,13.493299,75.853926,8.5,4.5
5813,Restaurant,Airport_5813,Bengaluru,HSR Layout,15.611681,79.194498,2.25,4.1
5814,Park,Restaurant_5814,Chennai,Adyar,15.886064,73.333584,2.66,3.3
5815,Restaurant,Metro_5815,Mumbai,Bandra,13.43915,73.250453,6.69,4.2
5816,School,Restaurant_5816,Pune,Hinjewadi,17.784588,76.301115,9.41,4.0
5817,Park,School_5817,Chennai,Adyar,13.432907,72.591391,1.79,3.7
5818,School,Hospital_5818,Hyderabad,Kukatpally,18.034665,77.304527,0.6,4.0
5819,Restaurant,Restaurant_5819,Hyderabad,Miyapur,14.507176,73.46294,6.24,4.0
5820,College,Mall_5820,Hyderabad,Jubilee Hills,14.480238,73.641169,1.82,3.2
5821,Metro,Bus Stop_5821,Chennai,Adyar,15.970581,76.832924,9.47,3.9
5822,Park,Restaurant_5822,Mumbai,Thane,14.096897,79.18851,8.72,4.8
5823,Hospital,College_5823,Pune,Hinjewadi,14.714327,76.377385,3.99,4.7
5824,Bus Stop,School_5824,Hyderabad,Madhapur,14.628372,79.115226,2.53,4.3
5825,Mall,Airport_5825,Chennai,Adyar,17.53272,74.664777,1.63,3.2
5826,Mall,School_5826,Hyderabad,Gachibowli,16.513339,77.3934,0.16,4.7
5827,School,College_5827,Mumbai,Thane,16.663266,72.167707,8.69,3.9
5828,Mall,Hospital_5828,Mumbai,Powai,18.472609,76.697975,7.68,4.2
5829,Bus Stop,Airport_5829,Bengaluru,Whitefield,18.709579,75.777535,0.35,3.9
5830,Park,Mall_5830,Hyderabad,Jubilee Hills,17.348707,72.285376,1.75,3.1
5831,Restaurant,Metro_5831,Chennai,OMR,15.211482,73.041338,1.55,3.6
5832,Park,Metro_5832,Hyderabad,Kukatpally,12.829586,78.457431,2.32,3.2
5833,Bus Stop,Park_5833,Hyderabad,Gachibowli,15.108854,73.827349,0.72,3.2
5834,College,Bus Stop_5834,Pune,Hinjewadi,15.369565,78.5074,6.47,4.5
5835,School,Restaurant_5835,Bengaluru,HSR Layout,17.923414,73.020187,1.35,3.5
5836,College,Restaurant_5836,Pune,Kharadi,17.600926,78.699462,5.86,4.5
5837,Hospital,Airport_5837,Mumbai,Bandra,13.482567,79.609799,6.73,3.1
5838,Metro,College_5838,Mumbai,Thane,16.225341,73.500683,4.19,4.3
5839,Hospital,Airport_5839,Chennai,OMR,17.861387,74.543346,4.4,4.8
5840,Metro,Bus Stop_5840,Pune,Hinjewadi,12.383091,72.212436,2.02,5.0
5841,School,Hospital_5841,Pune,Hinjewadi,15.402525,72.228662,7.43,4.5
5842,Metro,College_5842,Chennai,Anna Nagar,17.971855,78.683958,3.96,4.5
5843,Hospital,Restaurant_5843,Mumbai,Powai,15.445613,75.284713,6.5,4.6
5844,College,College_5844,Pune,Wakad,15.227954,73.014079,3.44,4.9
5845,Mall,Metro_5845,Pune,Wakad,18.683975,72.412677,6.29,5.0
5846,Restaurant,Mall_5846,Hyderabad,Gachibowli,18.983524,73.323212,7.02,3.5
5847,Hospital,Mall_5847,Bengaluru,Electronic City,12.17879,79.083652,7.22,3.1
5848,Restaurant,Restaurant_5848,Bengaluru,Indiranagar,14.586987,75.056505,4.35,3.3
5849,Airport,Airport_5849,Chennai,OMR,15.612333,75.400146,6.1,4.3
5850,Mall,Hospital_5850,Mumbai,Powai,15.800347,79.46772,6.88,4.7
5851,Airport,Hospital_5851,Mumbai,Powai,17.669512,75.340423,5.0,4.8
5852,School,Mall_5852,Hyderabad,Gachibowli,16.140638,77.103838,3.05,3.3
5853,Bus Stop,Hospital_5853,Bengaluru,Electronic City,16.529809,74.21832,7.74,3.4
5854,School,Airport_5854,Pune,Kharadi,12.371008,76.399536,1.04,3.3
5855,Metro,School_5855,Bengaluru,HSR Layout,18.636287,72.683115,3.32,4.7
5856,Park,College_5856,Chennai,Anna Nagar,17.995105,74.215626,6.44,4.4
5857,Mall,Metro_5857,Mumbai,Andheri,16.764545,75.198503,9.57,4.1
5858,College,Restaurant_5858,Pune,Hinjewadi,18.927943,77.20259,5.98,3.8
5859,Metro,Mall_5859,Pune,Baner,14.247635,77.07363,4.57,4.2
5860,Park,Hospital_5860,Mumbai,Bandra,18.653769,77.774454,1.88,4.6
5861,Restaurant,Metro_5861,Chennai,Adyar,18.895376,78.238325,1.85,4.0
5862,Metro,School_5862,Chennai,OMR,12.829122,77.857262,1.17,3.5
5863,School,Bus Stop_5863,Hyderabad,Miyapur,12.265327,76.851681,7.85,4.0
5864,Bus Stop,Bus Stop_5864,Pune,Baner,12.375118,79.283099,6.83,4.2
5865,Park,School_5865,Pune,Hinjewadi,14.545989,74.854007,2.66,4.9
5866,Bus Stop,Metro_5866,Pune,Wakad,16.39163,76.382835,9.29,4.1
5867,School,College_5867,Hyderabad,Banjara Hills,14.573142,77.724945,7.99,4.9
5868,School,Restaurant_5868,Pune,Wakad,12.074773,77.902258,8.55,3.8
5869,Hospital,Restaurant_5869,Hyderabad,Banjara Hills,16.612933,72.760489,0.63,4.1
5870,Restaurant,Hospital_5870,Bengaluru,Whitefield,16.378423,78.04773,1.25,4.0
5871,Metro,Mall_5871,Hyderabad,Kondapur,18.957016,75.05813,2.0,4.0
5872,Restaurant,Metro_5872,Mumbai,Bandra,16.110664,79.814749,0.55,3.0
5873,Airport,Hospital_5873,Hyderabad,Kukatpally,12.363556,72.687907,1.77,4.8
5874,Hospital,College_5874,Chennai,Adyar,12.846891,76.554417,5.74,3.2
5875,Park,Bus Stop_5875,Pune,Baner,15.680368,79.069602,3.09,3.8
5876,Restaurant,College_5876,Pune,Wakad,14.934269,74.099748,9.97,4.8
5877,School,School_5877,Chennai,Velachery,16.471329,72.429461,7.17,4.3
5878,Mall,Metro_5878,Mumbai,Bandra,13.919576,78.417261,8.89,3.7
5879,Airport,Airport_5879,Pune,Baner,14.156475,79.390063,2.59,3.8
5880,Metro,Restaurant_5880,Mumbai,Thane,16.883545,75.073473,4.86,4.5
5881,Bus Stop,Restaurant_5881,Mumbai,Bandra,15.011978,74.873476,1.41,4.6
5882,School,Airport_5882,Mumbai,Powai,16.019345,78.8883,8.1,3.7
5883,Park,Hospital_5883,Mumbai,Andheri,13.986651,75.511559,8.96,3.5
5884,Metro,Restaurant_5884,Bengaluru,Indiranagar,17.919426,74.185634,4.3,3.4
5885,Mall,Metro_5885,Bengaluru,HSR Layout,14.956909,79.55752,6.27,4.6
5886,Mall,Bus Stop_5886,Chennai,Velachery,16.71416,77.884555,9.38,3.5
5887,Mall,Park_5887,Mumbai,Powai,18.426505,77.042307,9.6,4.0
5888,Park,College_5888,Mumbai,Thane,18.284222,73.813412,6.96,3.3
5889,Restaurant,College_5889,Hyderabad,Jubilee Hills,12.88017,75.134154,0.35,4.6
5890,Park,Metro_5890,Mumbai,Bandra,16.123525,74.514909,9.87,3.8
5891,Bus Stop,School_5891,Chennai,Velachery,12.63261,73.723225,6.28,3.2
5892,Park,School_5892,Pune,Hinjewadi,16.635055,74.872937,5.09,3.9
5893,Park,Airport_5893,Bengaluru,Electronic City,17.275387,73.198767,8.1,4.3
5894,Metro,School_5894,Pune,Baner,16.748085,75.778374,1.77,4.6
5895,Mall,College_5895,Hyderabad,Madhapur,16.531084,75.981166,0.47,3.4
5896,Park,Restaurant_5896,Hyderabad,Miyapur,18.944753,77.778462,5.26,3.9
5897,Restaurant,Mall_5897,Mumbai,Bandra,16.758894,79.81966,7.07,4.1
5898,Park,Hospital_5898,Bengaluru,Electronic City,18.291121,77.27727,2.81,4.2
5899,Restaurant,Mall_5899,Mumbai,Thane,12.098742,75.881748,6.48,4.3
5900,Mall,Park_5900,Pune,Hinjewadi,18.990767,74.239763,1.37,3.2
5901,School,School_5901,Mumbai,Bandra,18.07435,77.850148,4.37,4.8
5902,Metro,College_5902,Mumbai,Bandra,13.084135,72.950541,0.43,3.9
5903,Bus Stop,Mall_5903,Chennai,Adyar,17.516065,76.211749,1.64,4.5
5904,Mall,College_5904,Mumbai,Andheri,15.02607,73.980031,3.98,3.4
5905,Metro,School_5905,Hyderabad,Miyapur,14.372565,78.139264,3.35,3.5
5906,Hospital,Hospital_5906,Hyderabad,Madhapur,12.943807,72.20334,2.63,4.7
5907,College,School_5907,Hyderabad,Banjara Hills,16.540743,72.801215,7.23,3.9
5908,School,Metro_5908,Bengaluru,Electronic City,18.249746,76.747433,1.85,4.0
5909,Bus Stop,Bus Stop_5909,Pune,Kharadi,12.956106,76.53358,4.48,3.3
5910,Hospital,College_5910,Mumbai,Powai,12.754172,73.463566,1.13,4.9
5911,Mall,Hospital_5911,Pune,Kharadi,14.381103,77.29302,2.28,4.8
5912,Mall,Mall_5912,Hyderabad,Gachibowli,18.245041,75.147858,2.5,4.2
5913,Bus Stop,Bus Stop_5913,Chennai,Anna Nagar,12.619625,79.109151,6.3,3.6
5914,Bus Stop,Bus Stop_5914,Mumbai,Thane,14.379426,79.706708,5.49,3.4
5915,Bus Stop,Restaurant_5915,Bengaluru,Indiranagar,13.687506,75.508813,1.85,4.6
5916,Park,Mall_5916,Chennai,Anna Nagar,17.511969,77.94021,8.13,3.2
5917,Hospital,School_5917,Mumbai,Andheri,18.238839,73.704216,2.17,4.6
5918,Airport,Airport_5918,Hyderabad,Kondapur,17.565101,73.292873,7.93,4.8
5919,Restaurant,Park_5919,Pune,Hinjewadi,16.347742,76.874898,0.84,4.1
5920,School,Restaurant_5920,Chennai,Adyar,15.710044,78.873207,3.67,3.1
5921,Park,Mall_5921,Mumbai,Thane,14.761648,76.715851,0.95,3.6
5922,Metro,School_5922,Hyderabad,Gachibowli,18.971393,77.563677,2.55,3.9
5923,Bus Stop,School_5923,Bengaluru,HSR Layout,12.572337,76.002445,9.13,3.4
5924,Bus Stop,Metro_5924,Bengaluru,Indiranagar,16.51662,77.308211,4.02,3.8
5925,Mall,Hospital_5925,Bengaluru,Whitefield,14.055826,76.271564,8.15,3.0
5926,Park,Park_5926,Pune,Wakad,13.645439,72.744211,8.74,4.6
5927,Hospital,Hospital_5927,Pune,Baner,16.744142,75.599641,8.27,4.8
5928,College,College_5928,Chennai,Anna Nagar,17.593639,73.091492,3.62,3.2
5929,Hospital,Park_5929,Chennai,Velachery,12.397007,72.112433,7.4,4.7
5930,College,Park_5930,Mumbai,Powai,12.606259,77.515271,7.04,3.3
5931,College,School_5931,Chennai,Velachery,18.203116,75.343485,0.78,4.5
5932,Restaurant,Hospital_5932,Mumbai,Powai,17.70713,78.362728,0.96,3.8
5933,Hospital,Restaurant_5933,Hyderabad,Gachibowli,18.645511,75.551388,1.03,3.9
5934,Bus Stop,School_5934,Bengaluru,Indiranagar,15.928123,78.983828,4.45,3.8
5935,Restaurant,Park_5935,Bengaluru,Whitefield,17.244191,78.814504,9.38,4.7
5936,Restaurant,College_5936,Mumbai,Thane,15.412093,76.553467,5.2,4.0
5937,Restaurant,Metro_5937,Pune,Baner,15.751157,76.345489,5.18,4.2
5938,Mall,College_5938,Mumbai,Thane,17.297529,77.087872,8.67,3.6
5939,Bus Stop,Airport_5939,Chennai,Adyar,16.806541,78.069355,2.59,4.8
5940,School,Mall_5940,Hyderabad,Jubilee Hills,18.202164,76.224804,1.63,4.8
5941,College,Mall_5941,Hyderabad,Madhapur,18.007363,77.60267,5.47,4.0
5942,School,Restaurant_5942,Hyderabad,Madhapur,17.746385,79.819518,2.44,4.4
5943,Metro,Restaurant_5943,Hyderabad,Kukatpally,18.642131,79.928195,4.61,4.3
5944,College,Metro_5944,Mumbai,Powai,14.726477,77.061641,0.15,4.6
5945,College,Metro_5945,Pune,Hinjewadi,17.175141,79.785738,4.95,3.3
5946,Restaurant,Restaurant_5946,Chennai,Adyar,15.406051,73.091786,1.62,4.0
5947,Mall,Mall_5947,Pune,Baner,13.243447,75.811894,8.99,3.6
5948,Hospital,School_5948,Pune,Wakad,12.528717,76.656182,5.22,4.4
5949,Hospital,Hospital_5949,Hyderabad,Kukatpally,14.542367,74.483381,4.99,4.8
5950,College,Park_5950,Chennai,Velachery,15.083871,78.413528,8.33,4.2
5951,School,Hospital_5951,Hyderabad,Jubilee Hills,16.340028,78.126905,8.76,3.4
5952,College,College_5952,Hyderabad,Gachibowli,15.764574,75.785246,4.5,3.3
5953,College,School_5953,Hyderabad,Banjara Hills,16.342108,73.431658,3.58,4.4
5954,School,Park_5954,Hyderabad,Miyapur,16.663673,79.481723,7.67,4.8
5955,Mall,Mall_5955,Pune,Wakad,12.827662,79.195887,0.43,4.6
5956,Mall,Park_5956,Mumbai,Thane,15.491952,73.121142,7.25,3.9
5957,Airport,Restaurant_5957,Mumbai,Andheri,16.626217,77.890176,2.15,3.9
5958,Bus Stop,Restaurant_5958,Hyderabad,Kukatpally,13.62619,77.400116,6.33,3.8
5959,School,College_5959,Mumbai,Bandra,13.447151,72.218284,8.26,4.8
5960,Hospital,Metro_5960,Pune,Hinjewadi,16.415515,74.627203,9.47,3.7
5961,Park,Metro_5961,Mumbai,Thane,15.417289,77.684587,2.57,3.9
5962,Mall,Park_5962,Pune,Baner,12.678037,79.881658,3.37,3.7
5963,College,Mall_5963,Hyderabad,Banjara Hills,13.67614,72.374544,1.63,4.1
5964,Hospital,College_5964,Hyderabad,Miyapur,18.522772,73.000297,8.19,3.9
5965,Restaurant,Restaurant_5965,Chennai,Velachery,16.78592,76.235532,7.36,4.0
5966,School,College_5966,Bengaluru,HSR Layout,17.512565,73.761805,1.33,3.6
5967,Mall,College_5967,Chennai,Adyar,14.153686,74.116726,1.84,3.6
5968,Mall,College_5968,Mumbai,Powai,15.595082,74.513193,5.56,3.3
5969,School,Park_5969,Bengaluru,Indiranagar,12.181116,73.106134,1.49,3.2
5970,Restaurant,Metro_5970,Mumbai,Bandra,16.863111,76.391428,3.14,3.8
5971,College,Park_5971,Pune,Baner,16.867224,76.527087,3.51,3.5
5972,Airport,Mall_5972,Bengaluru,Indiranagar,17.382755,74.82864,5.66,4.9
5973,College,Bus Stop_5973,Bengaluru,Indiranagar,13.657914,73.373741,0.26,4.0
5974,Mall,Mall_5974,Bengaluru,Electronic City,16.235109,76.612175,2.53,4.3
5975,Bus Stop,Airport_5975,Pune,Wakad,12.812473,75.526893,6.58,3.1
5976,Airport,Restaurant_5976,Hyderabad,Kondapur,13.694783,76.375498,8.2,4.1
5977,Bus Stop,School_5977,Bengaluru,HSR Layout,13.895163,72.715616,7.72,3.9
5978,Hospital,Hospital_5978,Pune,Hinjewadi,12.571614,72.128887,5.27,4.6
5979,Metro,Mall_5979,Mumbai,Powai,18.621661,76.539034,9.33,3.7
5980,Airport,School_5980,Mumbai,Thane,12.24704,72.744684,2.74,4.6
5981,Metro,College_5981,Hyderabad,Miyapur,14.326666,73.518119,1.73,3.5
5982,Airport,Metro_5982,Chennai,Velachery,18.941973,78.28763,3.63,3.7
5983,College,Airport_5983,Bengaluru,Whitefield,17.812546,74.845056,7.34,5.0
5984,Bus Stop,Mall_5984,Hyderabad,Kukatpally,15.347963,74.315197,1.67,4.6
5985,Airport,School_5985,Pune,Baner,14.950287,74.966415,7.52,4.5
5986,Mall,Park_5986,Bengaluru,HSR Layout,13.745617,75.967724,6.48,4.8
5987,Restaurant,School_5987,Chennai,Velachery,13.174874,77.54733,0.53,3.9
5988,Airport,Mall_5988,Hyderabad,Gachibowli,18.855878,73.330143,7.44,4.0
5989,Bus Stop,Mall_5989,Chennai,OMR,12.779401,72.948766,3.06,3.4
5990,Airport,Metro_5990,Chennai,Adyar,17.459568,75.220709,2.83,4.0
5991,Mall,Hospital_5991,Hyderabad,Gachibowli,17.130151,75.764953,4.88,3.0
5992,Metro,Bus Stop_5992,Bengaluru,Whitefield,18.239464,72.114695,8.73,3.4
5993,Bus Stop,Metro_5993,Chennai,Velachery,17.020804,78.827818,3.53,3.9
5994,College,Metro_5994,Mumbai,Thane,15.495325,77.179631,9.03,4.2
5995,Bus Stop,Restaurant_5995,Hyderabad,Gachibowli,15.891763,73.425645,3.28,3.3
5996,Park,Mall_5996,Mumbai,Bandra,16.485549,72.914607,2.16,3.4
5997,Bus Stop,Bus Stop_5997,Hyderabad,Miyapur,16.733096,72.132737,0.3,4.7
5998,Bus Stop,Mall_5998,Mumbai,Bandra,13.855854,79.724455,2.73,4.7
5999,Bus Stop,College_5999,Pune,Kharadi,15.355848,74.461994,2.48,3.1
6000,Mall,Airport_6000,Pune,Kharadi,14.639452,77.969796,9.95,3.4
6001,Airport,School_6001,Pune,Hinjewadi,16.354703,79.798475,3.93,4.5
6002,Bus Stop,Airport_6002,Chennai,OMR,15.878313,78.007098,0.66,3.4
6003,Metro,Airport_6003,Chennai,OMR,14.186912,79.61352,3.36,3.9
6004,Mall,Mall_6004,Hyderabad,Kukatpally,15.252205,72.299982,4.09,4.0
6005,Hospital,College_6005,Chennai,OMR,12.610574,72.488568,7.17,4.4
6006,Hospital,School_6006,Chennai,Adyar,14.148052,78.950922,4.08,3.3
6007,College,School_6007,Mumbai,Thane,16.00055,76.077184,8.88,4.4
6008,Park,Restaurant_6008,Pune,Hinjewadi,12.663783,72.397187,5.89,4.2
6009,Hospital,Metro_6009,Hyderabad,Gachibowli,17.896772,73.609509,1.12,4.2
6010,Mall,Airport_6010,Bengaluru,Whitefield,15.131983,77.338706,9.6,3.6
6011,Mall,Hospital_6011,Chennai,OMR,16.404111,78.906605,2.47,3.6
6012,Hospital,Mall_6012,Chennai,Adyar,15.727699,78.276937,0.89,4.9
6013,Airport,Airport_6013,Mumbai,Bandra,14.042196,75.145864,6.62,4.7
6014,College,School_6014,Bengaluru,Whitefield,13.030046,75.992251,9.25,5.0
6015,Metro,School_6015,Hyderabad,Gachibowli,18.437018,72.530838,5.97,4.2
6016,Hospital,College_6016,Pune,Kharadi,17.949551,76.823719,6.24,4.4
6017,College,Hospital_6017,Chennai,OMR,13.071,78.97556,8.45,4.4
6018,College,Mall_6018,Pune,Wakad,13.352846,79.123006,5.91,3.9
6019,Park,Restaurant_6019,Mumbai,Bandra,17.69497,76.363056,6.47,5.0
6020,Restaurant,Mall_6020,Bengaluru,Electronic City,18.185422,79.383935,5.04,3.2
6021,Hospital,Metro_6021,Chennai,Adyar,13.043735,77.578121,8.47,4.7
6022,Airport,Airport_6022,Bengaluru,Electronic City,13.004864,75.821983,3.98,3.0
6023,Hospital,Park_6023,Bengaluru,Indiranagar,16.347853,75.140694,5.71,4.4
6024,Bus Stop,Mall_6024,Bengaluru,Whitefield,16.339175,75.241044,9.37,3.2
6025,College,College_6025,Bengaluru,Indiranagar,13.194849,75.534365,9.63,4.5
6026,Park,Metro_6026,Hyderabad,Kondapur,18.737315,79.867992,3.76,3.8
6027,Mall,Bus Stop_6027,Pune,Wakad,13.367664,75.700641,8.83,4.4
6028,Airport,Hospital_6028,Pune,Kharadi,14.731834,77.918859,4.01,4.9
6029,Hospital,Airport_6029,Mumbai,Powai,13.065863,73.905491,8.03,4.0
6030,Bus Stop,Hospital_6030,Mumbai,Powai,15.644775,78.603635,0.88,4.1
6031,Bus Stop,School_6031,Mumbai,Powai,12.922389,76.497539,8.52,4.9
6032,Metro,School_6032,Pune,Kharadi,17.438557,74.144619,8.23,4.8
6033,Hospital,Hospital_6033,Pune,Wakad,17.873926,77.288484,9.55,4.3
6034,Restaurant,Mall_6034,Chennai,Velachery,18.26858,75.739799,8.88,4.0
6035,College,Mall_6035,Mumbai,Andheri,18.612904,72.630542,8.83,3.9
6036,Metro,Park_6036,Hyderabad,Madhapur,17.659927,75.92701,4.29,3.8
6037,College,School_6037,Mumbai,Bandra,14.109453,75.98871,7.84,3.3
6038,Bus Stop,School_6038,Pune,Hinjewadi,14.362096,76.819272,2.96,4.7
6039,Mall,Restaurant_6039,Mumbai,Bandra,14.028421,75.804183,3.38,3.4
6040,College,School_6040,Pune,Hinjewadi,16.68766,79.632551,0.75,3.4
6041,Bus Stop,Restaurant_6041,Pune,Wakad,15.931765,72.89603,6.67,4.5
6042,School,Restaurant_6042,Pune,Hinjewadi,16.706076,72.718632,7.57,4.8
6043,Metro,Mall_6043,Mumbai,Andheri,18.021506,77.608133,1.14,4.8
6044,Bus Stop,Bus Stop_6044,Mumbai,Andheri,18.260946,78.135611,5.58,4.8
6045,Bus Stop,Bus Stop_6045,Pune,Wakad,16.670314,76.351506,8.88,3.7
6046,School,Airport_6046,Pune,Hinjewadi,17.233203,75.768421,4.28,3.7
6047,Bus Stop,College_6047,Pune,Hinjewadi,16.875607,73.254254,3.97,3.3
6048,Restaurant,Park_6048,Hyderabad,Kondapur,15.439715,72.583698,4.59,3.8
6049,Restaurant,Mall_6049,Hyderabad,Gachibowli,15.463896,76.965222,5.72,3.2
6050,Airport,School_6050,Pune,Wakad,13.341854,72.212779,1.27,4.1
6051,School,Mall_6051,Mumbai,Thane,12.595857,76.84312,0.69,3.2
6052,Bus Stop,Hospital_6052,Bengaluru,HSR Layout,16.154859,77.754123,5.94,4.4
6053,Hospital,Airport_6053,Chennai,Adyar,12.397001,79.012904,5.47,4.5
6054,Hospital,School_6054,Pune,Hinjewadi,17.750468,75.638035,3.38,3.1
6055,Restaurant,Hospital_6055,Hyderabad,Banjara Hills,15.950497,76.161885,3.06,3.1
6056,School,Hospital_6056,Mumbai,Powai,17.172206,72.22047,6.84,3.2
6057,Mall,College_6057,Bengaluru,Indiranagar,15.247016,77.383497,6.67,3.8
6058,Park,College_6058,Bengaluru,Indiranagar,18.48957,79.999227,5.42,3.6
6059,Airport,Airport_6059,Mumbai,Andheri,13.88835,74.27516,7.11,4.7
6060,Park,Bus Stop_6060,Mumbai,Powai,17.416826,73.887316,6.22,3.6
6061,Airport,Bus Stop_6061,Chennai,Adyar,14.2994,74.80041,2.32,3.7
6062,Mall,College_6062,Chennai,Velachery,18.937217,72.982863,7.4,3.2
6063,Hospital,Metro_6063,Pune,Kharadi,17.233893,73.421745,3.82,4.0
6064,College,Airport_6064,Hyderabad,Jubilee Hills,12.173586,73.973993,2.34,3.0
6065,Bus Stop,School_6065,Chennai,Adyar,12.121467,73.223339,8.23,4.7
6066,Bus Stop,Airport_6066,Mumbai,Thane,16.003381,76.842205,2.97,4.7
6067,Airport,Park_6067,Chennai,Anna Nagar,14.832348,79.051428,7.02,5.0
6068,Restaurant,Hospital_6068,Mumbai,Powai,14.74798,73.731561,1.47,4.1
6069,Bus Stop,Restaurant_6069,Mumbai,Bandra,12.305036,72.861165,2.93,3.8
6070,Park,Airport_6070,Pune,Kharadi,18.12161,76.937874,8.68,4.9
6071,Restaurant,Restaurant_6071,Pune,Kharadi,12.227366,73.826187,5.07,4.0
6072,Restaurant,Metro_6072,Mumbai,Powai,14.063813,75.075994,3.71,3.2
6073,College,Hospital_6073,Bengaluru,HSR Layout,18.387992,72.92257,4.73,4.0
6074,Airport,Mall_6074,Mumbai,Andheri,14.321499,78.702608,9.89,3.8
6075,School,Metro_6075,Bengaluru,Indiranagar,18.806443,72.131487,0.34,3.7
6076,Park,Airport_6076,Pune,Kharadi,15.728807,74.626547,2.68,3.7
6077,School,College_6077,Mumbai,Bandra,17.56357,78.485559,6.56,4.5
6078,Hospital,Airport_6078,Pune,Baner,17.755225,72.100237,5.79,3.1
6079,Airport,Metro_6079,Bengaluru,HSR Layout,12.110402,75.305546,8.25,3.8
6080,Airport,Metro_6080,Chennai,Anna Nagar,12.92046,75.506709,8.61,4.0
6081,Bus Stop,College_6081,Hyderabad,Kukatpally,16.096343,74.28235,3.96,3.5
6082,School,College_6082,Chennai,OMR,14.846008,76.229583,3.08,4.3
6083,Restaurant,Restaurant_6083,Pune,Kharadi,15.163811,74.715727,2.89,4.1
6084,Metro,Hospital_6084,Pune,Wakad,15.202409,72.988262,0.99,4.9
6085,Mall,Park_6085,Pune,Hinjewadi,12.667166,73.498801,5.85,4.5
6086,Park,Airport_6086,Mumbai,Powai,13.251484,76.30358,2.67,3.3
6087,School,College_6087,Hyderabad,Madhapur,18.546204,79.691719,8.93,3.3
6088,Park,Park_6088,Chennai,Anna Nagar,15.08065,77.092283,7.38,4.9
6089,Hospital,School_6089,Mumbai,Andheri,12.209652,76.269073,3.31,4.9
6090,School,Airport_6090,Hyderabad,Banjara Hills,18.950241,76.205772,1.33,4.3
6091,Airport,Metro_6091,Hyderabad,Madhapur,17.148509,73.654261,2.38,4.2
6092,Hospital,Park_6092,Mumbai,Powai,18.351563,78.023263,6.59,4.9
6093,Park,School_6093,Hyderabad,Madhapur,14.925542,78.097075,0.36,4.4
6094,Park,Mall_6094,Pune,Baner,18.206613,75.647537,9.85,4.0
6095,School,Hospital_6095,Hyderabad,Jubilee Hills,15.628205,74.743676,3.18,4.1
6096,Metro,Mall_6096,Pune,Kharadi,17.326873,78.317113,5.05,4.7
6097,Airport,Airport_6097,Chennai,Velachery,16.8427,79.695735,4.98,4.6
6098,College,Restaurant_6098,Chennai,Velachery,16.688349,72.086857,9.95,4.2
6099,Airport,Restaurant_6099,Pune,Hinjewadi,15.947902,78.6707,6.15,3.1
6100,School,Airport_6100,Chennai,Velachery,13.462253,78.768433,0.44,4.8
6101,Mall,Bus Stop_6101,Pune,Baner,12.418806,75.164593,5.9,3.4
6102,College,Hospital_6102,Bengaluru,Whitefield,16.118137,76.1557,1.23,5.0
6103,Metro,Hospital_6103,Bengaluru,HSR Layout,18.818995,73.45689,8.9,4.8
6104,College,Mall_6104,Chennai,OMR,14.291819,76.100492,2.58,4.0
6105,College,College_6105,Pune,Wakad,16.358981,75.906355,7.49,4.9
6106,Hospital,Restaurant_6106,Bengaluru,Whitefield,17.659151,76.709034,7.89,4.2
6107,Park,School_6107,Chennai,Anna Nagar,13.778129,73.428441,3.54,3.6
6108,Hospital,Metro_6108,Hyderabad,Kondapur,16.334934,73.397505,8.55,3.1
6109,School,Metro_6109,Pune,Hinjewadi,16.604927,77.183544,2.07,5.0
6110,Hospital,Park_6110,Chennai,Adyar,18.976069,75.41896,7.13,4.4
6111,Restaurant,Mall_6111,Pune,Hinjewadi,13.091653,78.045276,0.77,4.0
6112,Mall,Airport_6112,Pune,Hinjewadi,14.440657,77.068594,0.29,4.3
6113,Hospital,College_6113,Chennai,OMR,15.218922,73.428927,0.19,4.8
6114,Park,Mall_6114,Hyderabad,Gachibowli,14.534002,73.679861,1.84,3.8
6115,School,School_6115,Pune,Kharadi,15.096291,75.153365,0.48,3.6
6116,Mall,Bus Stop_6116,Mumbai,Powai,12.526355,73.555706,5.34,3.7
6117,Hospital,Bus Stop_6117,Hyderabad,Jubilee Hills,15.348604,76.884366,6.32,4.2
6118,Mall,Restaurant_6118,Mumbai,Andheri,17.325566,77.681254,7.63,3.4
6119,Restaurant,Airport_6119,Pune,Kharadi,17.758285,75.531169,2.72,3.8
6120,Metro,Restaurant_6120,Bengaluru,HSR Layout,17.245204,75.95734,3.69,4.4
6121,Metro,Park_6121,Mumbai,Andheri,13.742232,74.955282,5.26,4.1
6122,Bus Stop,College_6122,Chennai,Adyar,13.98783,74.833561,8.61,4.6
6123,Bus Stop,Hospital_6123,Pune,Kharadi,13.051374,77.356591,9.19,3.7
6124,Hospital,Bus Stop_6124,Bengaluru,HSR Layout,18.575318,74.696857,7.95,3.4
6125,Mall,Mall_6125,Mumbai,Powai,15.869886,72.600043,1.21,3.0
6126,Mall,Restaurant_6126,Bengaluru,Whitefield,15.737174,74.68707,8.21,4.6
6127,College,Bus Stop_6127,Bengaluru,HSR Layout,14.675325,77.747559,8.43,3.5
6128,Metro,Mall_6128,Mumbai,Powai,16.020585,77.5133,2.68,3.1
6129,College,Park_6129,Hyderabad,Madhapur,15.309068,75.395251,6.2,4.4
6130,Park,Bus Stop_6130,Mumbai,Bandra,18.890621,74.251903,7.11,3.9
6131,Hospital,Park_6131,Chennai,Adyar,12.387483,79.71184,4.1,4.5
6132,Restaurant,Hospital_6132,Pune,Kharadi,17.31022,78.257971,5.51,3.4
6133,Park,Hospital_6133,Bengaluru,Indiranagar,14.144386,78.615704,1.42,3.1
6134,Hospital,College_6134,Mumbai,Thane,12.654744,76.698143,0.19,4.6
6135,College,Restaurant_6135,Pune,Wakad,12.825207,79.145332,8.77,4.3
6136,Bus Stop,Hospital_6136,Chennai,Velachery,13.013167,73.538036,3.3,3.3
6137,Park,College_6137,Bengaluru,Indiranagar,12.957027,79.442741,1.13,3.7
6138,Park,Bus Stop_6138,Bengaluru,Whitefield,13.617568,73.101581,5.91,4.1
6139,Bus Stop,Bus Stop_6139,Hyderabad,Kondapur,15.179738,77.748775,2.12,3.8
6140,School,Hospital_6140,Chennai,Adyar,12.99209,75.593125,8.29,3.4
6141,College,Airport_6141,Hyderabad,Madhapur,12.870685,72.227919,2.97,4.5
6142,Hospital,College_6142,Chennai,Anna Nagar,14.256435,76.103756,9.38,4.0
6143,Hospital,School_6143,Hyderabad,Kukatpally,15.999923,76.636559,5.55,4.9
6144,College,Metro_6144,Mumbai,Thane,14.845117,75.537245,1.53,3.5
6145,College,Hospital_6145,Chennai,Anna Nagar,15.161023,72.562654,0.55,3.2
6146,Restaurant,Restaurant_6146,Bengaluru,Electronic City,15.954292,72.178645,6.78,3.5
6147,Park,Restaurant_6147,Hyderabad,Kondapur,13.199019,75.672981,5.41,4.2
6148,Restaurant,Bus Stop_6148,Pune,Wakad,15.29362,77.30986,3.92,4.9
6149,Airport,College_6149,Chennai,Anna Nagar,12.571193,73.592299,2.88,5.0
6150,College,College_6150,Hyderabad,Madhapur,17.617865,75.463113,1.21,3.4
6151,Restaurant,Hospital_6151,Chennai,Anna Nagar,12.147163,74.554815,5.25,4.3
6152,Metro,Mall_6152,Pune,Kharadi,18.184302,72.487232,3.79,4.0
6153,Park,Mall_6153,Pune,Baner,12.318015,77.706491,6.45,3.1
6154,Airport,Metro_6154,Chennai,Anna Nagar,15.645911,74.473761,2.31,3.5
6155,Park,Park_6155,Chennai,OMR,16.256228,77.406116,0.56,4.2
6156,Park,Restaurant_6156,Pune,Baner,17.11686,78.942653,9.42,3.9
6157,Airport,Metro_6157,Chennai,Adyar,12.214076,75.223068,8.24,4.0
6158,Bus Stop,Metro_6158,Pune,Wakad,18.3736,74.769131,7.17,3.0
6159,Mall,College_6159,Bengaluru,Indiranagar,18.948215,79.674355,2.9,4.6
6160,Metro,Bus Stop_6160,Hyderabad,Madhapur,18.643032,73.966013,3.64,3.9
6161,Bus Stop,Bus Stop_6161,Hyderabad,Miyapur,17.486411,75.094495,5.43,3.0
6162,College,Hospital_6162,Bengaluru,Indiranagar,16.859797,76.199579,9.43,3.3
6163,Hospital,Hospital_6163,Chennai,Anna Nagar,15.732319,77.138724,6.82,4.6
6164,Metro,Airport_6164,Pune,Kharadi,16.854474,79.784792,9.16,4.0
6165,Restaurant,Restaurant_6165,Chennai,Velachery,16.511827,73.236171,1.17,4.3
6166,Airport,Bus Stop_6166,Bengaluru,HSR Layout,18.342699,76.993366,6.27,4.1
6167,Airport,School_6167,Mumbai,Andheri,13.91691,78.433385,1.25,4.2
6168,Bus Stop,Airport_6168,Hyderabad,Banjara Hills,17.646335,74.504869,7.17,3.8
6169,Park,Mall_6169,Hyderabad,Kukatpally,12.233491,78.503996,7.77,3.2
6170,Park,College_6170,Mumbai,Powai,17.156926,76.378622,8.75,4.4
6171,Mall,Metro_6171,Hyderabad,Miyapur,14.351647,77.653918,5.13,4.6
6172,Metro,College_6172,Hyderabad,Miyapur,15.886504,79.179052,0.11,4.5
6173,Metro,Bus Stop_6173,Chennai,OMR,12.374871,74.212211,3.37,3.3
6174,Hospital,Bus Stop_6174,Bengaluru,Whitefield,17.439931,73.631397,0.43,4.3
6175,Bus Stop,Hospital_6175,Pune,Kharadi,17.109943,76.763291,8.9,3.0
6176,Hospital,Bus Stop_6176,Pune,Wakad,13.9087,79.982205,4.76,4.2
6177,Hospital,Hospital_6177,Bengaluru,Whitefield,17.444879,79.971234,6.88,3.6
6178,Airport,Metro_6178,Chennai,OMR,14.607288,78.695089,0.98,4.8
6179,Mall,Metro_6179,Chennai,Velachery,13.297275,77.343221,8.41,3.2
6180,Metro,College_6180,Bengaluru,Indiranagar,12.815844,76.04375,9.33,3.8
6181,Bus Stop,Airport_6181,Bengaluru,HSR Layout,14.696244,73.246123,3.57,4.6
6182,Restaurant,Airport_6182,Chennai,OMR,15.673136,77.248893,7.38,3.8
6183,Restaurant,Park_6183,Bengaluru,Indiranagar,17.137773,78.368065,7.66,3.8
6184,Park,School_6184,Mumbai,Bandra,16.033509,73.636963,1.65,3.2
6185,Bus Stop,Restaurant_6185,Pune,Wakad,12.169414,77.729363,4.94,3.9
6186,Bus Stop,Metro_6186,Hyderabad,Banjara Hills,18.989565,75.583503,3.7,4.5
6187,School,School_6187,Mumbai,Bandra,15.66025,79.05856,6.17,3.6
6188,Park,School_6188,Bengaluru,Whitefield,18.882851,73.638347,4.22,4.6
6189,Park,Hospital_6189,Mumbai,Powai,16.859195,74.255852,1.48,4.0
6190,College,College_6190,Hyderabad,Gachibowli,14.544442,79.837193,1.17,3.8
6191,Restaurant,Bus Stop_6191,Bengaluru,Electronic City,14.717993,72.624895,4.36,4.4
6192,School,School_6192,Pune,Kharadi,15.674318,79.824599,4.91,5.0
6193,Restaurant,College_6193,Hyderabad,Miyapur,17.999888,75.443924,4.42,3.1
6194,Hospital,Restaurant_6194,Pune,Wakad,13.076296,74.842647,8.04,4.9
6195,Airport,College_6195,Pune,Kharadi,16.609306,72.005679,6.04,3.1
6196,School,School_6196,Mumbai,Bandra,12.93761,75.867221,1.83,4.9
6197,Bus Stop,Park_6197,Mumbai,Bandra,16.695094,79.417965,7.81,4.5
6198,Mall,Bus Stop_6198,Pune,Wakad,18.434743,77.545538,8.97,4.1
6199,Metro,Bus Stop_6199,Mumbai,Andheri,13.409372,75.92315,9.69,4.8
6200,School,School_6200,Bengaluru,HSR Layout,14.538183,72.030289,9.77,4.1
6201,Park,Park_6201,Chennai,Velachery,14.128237,72.391906,7.1,3.3
6202,Metro,Restaurant_6202,Hyderabad,Miyapur,15.319114,72.854823,8.48,4.1
6203,Park,Airport_6203,Bengaluru,Indiranagar,13.34823,76.284652,7.81,4.2
6204,Restaurant,Restaurant_6204,Chennai,Adyar,12.048919,78.992565,2.76,3.3
6205,Airport,Mall_6205,Pune,Wakad,17.676509,73.751133,5.49,4.9
6206,College,Bus Stop_6206,Pune,Baner,18.951224,73.323648,4.32,4.8
6207,Metro,College_6207,Bengaluru,Electronic City,17.722334,77.957959,5.13,3.6
6208,Bus Stop,Mall_6208,Pune,Wakad,14.595784,75.608043,5.43,3.2
6209,Restaurant,Metro_6209,Pune,Kharadi,18.871859,79.84571,9.88,3.1
6210,College,College_6210,Hyderabad,Kukatpally,14.348951,77.1252,1.03,4.9
6211,Park,College_6211,Chennai,Velachery,13.64038,77.304296,8.22,3.1
6212,Hospital,Restaurant_6212,Hyderabad,Kondapur,14.863174,76.662272,4.74,3.9
6213,Mall,Airport_6213,Chennai,Velachery,14.20021,75.090369,2.0,3.7
6214,Bus Stop,Hospital_6214,Mumbai,Bandra,12.478017,78.058268,5.27,4.3
6215,Restaurant,Bus Stop_6215,Pune,Hinjewadi,14.273474,76.180895,5.15,3.5
6216,Mall,Bus Stop_6216,Bengaluru,Electronic City,15.596316,76.776544,6.45,4.9
6217,Restaurant,School_6217,Bengaluru,Indiranagar,14.003632,73.324291,2.15,3.2
6218,Mall,Mall_6218,Hyderabad,Gachibowli,18.935478,73.176649,6.14,4.5
6219,Mall,College_6219,Hyderabad,Miyapur,18.465957,72.277204,3.06,4.3
6220,Hospital,School_6220,Bengaluru,Indiranagar,12.44094,79.660572,7.77,4.5
6221,Mall,Mall_6221,Pune,Wakad,15.825691,79.43569,9.98,4.6
6222,Airport,Restaurant_6222,Bengaluru,Electronic City,17.519776,75.312103,7.37,4.7
6223,Park,College_6223,Hyderabad,Kukatpally,14.128653,73.827301,9.67,4.4
6224,School,Restaurant_6224,Hyderabad,Banjara Hills,12.414822,72.343394,8.02,3.8
6225,Restaurant,Restaurant_6225,Bengaluru,Indiranagar,13.785728,77.287852,4.29,4.1
6226,Mall,Restaurant_6226,Bengaluru,Whitefield,15.581684,76.245986,6.34,4.9
6227,Hospital,Airport_6227,Pune,Baner,13.014625,78.6297,0.41,3.7
6228,Hospital,Restaurant_6228,Chennai,Adyar,16.158217,78.848546,6.75,3.4
6229,Bus Stop,Metro_6229,Mumbai,Bandra,15.13614,74.321755,4.75,3.7
6230,Airport,College_6230,Mumbai,Andheri,17.221821,77.980479,8.99,3.9
6231,Restaurant,College_6231,Chennai,Velachery,16.929606,78.107443,2.8,4.4
6232,Park,Airport_6232,Chennai,Anna Nagar,15.240411,72.098237,9.77,4.5
6233,Bus Stop,Metro_6233,Mumbai,Andheri,17.672406,75.207274,0.45,3.8
6234,Airport,Mall_6234,Pune,Wakad,15.633876,74.775672,2.11,4.8
6235,College,Mall_6235,Mumbai,Bandra,16.969887,76.784338,0.31,4.6
6236,Restaurant,Park_6236,Chennai,Velachery,16.736776,77.982096,6.01,4.3
6237,Hospital,Restaurant_6237,Mumbai,Thane,12.587697,75.142501,9.28,3.4
6238,Airport,Restaurant_6238,Pune,Wakad,15.108029,72.086947,5.92,3.7
6239,Mall,Hospital_6239,Chennai,Anna Nagar,14.011669,74.575697,0.76,3.1
6240,College,School_6240,Pune,Baner,17.119621,77.15413,9.53,3.4
6241,School,Metro_6241,Hyderabad,Kondapur,16.974104,77.268225,0.25,3.0
6242,Airport,Hospital_6242,Hyderabad,Miyapur,13.478977,73.179729,6.9,4.3
6243,Airport,Metro_6243,Mumbai,Powai,17.469621,78.157277,4.13,4.0
6244,Mall,Hospital_6244,Hyderabad,Kukatpally,15.251665,76.003127,4.58,4.6
6245,Airport,Mall_6245,Pune,Wakad,12.147256,77.099042,1.96,3.1
6246,Airport,Mall_6246,Pune,Wakad,17.163411,74.290538,9.12,4.7
6247,Mall,Metro_6247,Chennai,Adyar,17.223312,79.733971,7.48,4.8
6248,Hospital,Restaurant_6248,Pune,Hinjewadi,15.012375,73.2521,9.62,4.2
6249,Park,Metro_6249,Bengaluru,Whitefield,17.133037,78.00222,7.44,3.3
6250,Bus Stop,Metro_6250,Chennai,Adyar,16.632838,75.12594,0.7,4.2
6251,Metro,Mall_6251,Pune,Baner,15.753575,75.430764,5.64,3.7
6252,Airport,Mall_6252,Bengaluru,Indiranagar,12.740973,79.674763,6.11,4.9
6253,Park,Restaurant_6253,Chennai,OMR,18.520194,75.436309,7.86,4.0
6254,Metro,Metro_6254,Pune,Kharadi,18.075721,79.279016,9.29,3.4
6255,Airport,Mall_6255,Mumbai,Powai,14.600903,77.653271,8.71,3.2
6256,College,Park_6256,Pune,Kharadi,15.207957,77.253723,0.52,4.3
6257,Airport,Bus Stop_6257,Pune,Wakad,14.005421,79.998567,7.73,3.5
6258,School,College_6258,Mumbai,Andheri,14.185703,79.312535,1.9,4.9
6259,Bus Stop,Restaurant_6259,Hyderabad,Jubilee Hills,15.066777,75.719438,3.13,3.4
6260,Restaurant,College_6260,Hyderabad,Miyapur,13.695281,73.74731,0.34,3.4
6261,Bus Stop,Bus Stop_6261,Chennai,Adyar,14.751857,75.299592,2.57,4.7
6262,Park,Restaurant_6262,Hyderabad,Kondapur,12.397388,72.018704,9.77,4.7
6263,Airport,School_6263,Mumbai,Bandra,14.465582,76.820719,1.09,4.8
6264,Metro,Restaurant_6264,Pune,Kharadi,16.638266,79.398581,2.51,4.5
6265,Hospital,Airport_6265,Mumbai,Andheri,15.687694,72.272719,8.0,3.7
6266,Mall,Mall_6266,Hyderabad,Kondapur,17.124692,75.012326,5.72,4.3
6267,School,Hospital_6267,Pune,Baner,12.137864,73.408513,5.98,4.3
6268,Hospital,Mall_6268,Mumbai,Andheri,14.53572,75.196204,6.12,3.5
6269,Hospital,Mall_6269,Bengaluru,Whitefield,14.543086,75.795455,4.26,4.1
6270,Bus Stop,Bus Stop_6270,Bengaluru,Electronic City,18.287209,73.612008,2.61,3.7
6271,Hospital,Airport_6271,Pune,Baner,18.16372,77.891211,2.36,4.6
6272,Bus Stop,Mall_6272,Bengaluru,HSR Layout,17.428029,76.425786,7.23,4.6
6273,Restaurant,Metro_6273,Pune,Wakad,18.849079,76.769371,4.72,4.8
6274,School,Mall_6274,Pune,Hinjewadi,14.961656,78.68578,9.6,3.9
6275,Restaurant,Bus Stop_6275,Pune,Hinjewadi,16.281092,77.625403,6.1,4.9
6276,Metro,Park_6276,Pune,Wakad,16.890139,78.376923,7.3,3.9
6277,Hospital,Mall_6277,Chennai,Adyar,18.190358,77.168991,3.9,3.0
6278,School,Bus Stop_6278,Chennai,OMR,13.674528,72.476306,8.28,4.8
6279,Metro,Mall_6279,Hyderabad,Banjara Hills,12.130735,76.731634,6.37,4.9
6280,Airport,Park_6280,Pune,Hinjewadi,17.391016,74.078821,5.69,4.0
6281,Metro,Hospital_6281,Hyderabad,Kondapur,18.57373,74.684421,1.8,3.7
6282,Airport,Metro_6282,Chennai,OMR,17.959587,76.775662,2.11,4.8
6283,Metro,Park_6283,Pune,Wakad,17.458457,72.979405,2.71,5.0
6284,Metro,Airport_6284,Hyderabad,Kukatpally,16.252211,79.647002,8.8,4.4
6285,Airport,Metro_6285,Mumbai,Thane,12.184858,78.356966,6.29,4.0
6286,Restaurant,Airport_6286,Bengaluru,HSR Layout,18.413323,74.430734,7.55,4.2
6287,Airport,College_6287,Hyderabad,Jubilee Hills,17.849251,75.332777,6.0,3.2
6288,School,Restaurant_6288,Mumbai,Powai,17.338636,73.35524,2.09,4.0
6289,Airport,School_6289,Bengaluru,HSR Layout,18.360093,78.39208,7.28,3.8
6290,Mall,School_6290,Chennai,OMR,12.135595,77.049817,5.78,4.9
6291,School,Metro_6291,Mumbai,Powai,12.077452,79.361141,5.02,3.6
6292,College,College_6292,Mumbai,Powai,12.17739,73.226358,1.52,3.5
6293,College,Metro_6293,Mumbai,Powai,18.742346,78.016932,2.02,4.8
6294,College,Metro_6294,Pune,Baner,15.963573,75.621021,5.9,4.1
6295,Bus Stop,Hospital_6295,Hyderabad,Banjara Hills,14.106639,73.294315,1.7,3.3
6296,Restaurant,Restaurant_6296,Bengaluru,Whitefield,18.983425,79.748398,0.35,4.1
6297,Restaurant,Restaurant_6297,Pune,Baner,12.993248,74.261505,4.99,3.6
6298,Airport,College_6298,Chennai,Anna Nagar,16.728659,72.501127,2.53,3.3
6299,Park,Airport_6299,Chennai,Velachery,15.386299,77.86765,2.9,4.1
6300,Mall,School_6300,Chennai,Anna Nagar,15.923574,77.842924,9.6,3.3
6301,Bus Stop,Restaurant_6301,Chennai,OMR,18.608569,79.555082,1.86,3.8
6302,School,Mall_6302,Bengaluru,HSR Layout,12.05972,79.814423,7.33,3.5
6303,Park,College_6303,Hyderabad,Madhapur,14.446331,75.616848,7.45,4.9
6304,Hospital,College_6304,Pune,Baner,13.805691,72.253472,7.92,3.2
6305,Metro,Bus Stop_6305,Bengaluru,Whitefield,17.999255,75.494944,2.32,4.2
6306,Bus Stop,Mall_6306,Hyderabad,Kondapur,17.227332,78.572133,6.95,4.9
6307,College,Hospital_6307,Bengaluru,Indiranagar,18.150918,77.518738,1.24,3.3
6308,Park,Hospital_6308,Bengaluru,HSR Layout,12.558221,78.94551,5.33,5.0
6309,Metro,Bus Stop_6309,Chennai,OMR,12.755722,75.024163,2.05,3.5
6310,Bus Stop,Park_6310,Hyderabad,Banjara Hills,14.998816,74.867904,0.99,4.7
6311,Bus Stop,Mall_6311,Hyderabad,Gachibowli,15.562655,76.346509,2.18,3.2
6312,Restaurant,Hospital_6312,Hyderabad,Gachibowli,12.690978,79.955637,8.09,4.2
6313,College,Hospital_6313,Mumbai,Powai,12.118781,78.557135,4.95,3.7
6314,Mall,Bus Stop_6314,Bengaluru,Whitefield,17.629865,78.048855,3.89,3.3
6315,Park,School_6315,Mumbai,Bandra,12.413929,72.062508,4.54,3.1
6316,Park,Park_6316,Mumbai,Thane,17.822622,77.496466,0.86,4.1
6317,Metro,Metro_6317,Mumbai,Thane,17.488436,72.930289,1.28,4.5
6318,Bus Stop,Park_6318,Pune,Baner,16.438582,78.276786,6.84,3.7
6319,Mall,Park_6319,Mumbai,Powai,18.724479,79.269832,1.44,4.6
6320,Restaurant,Airport_6320,Pune,Kharadi,13.547864,73.676162,7.11,3.1
6321,College,Metro_6321,Chennai,Anna Nagar,17.953766,73.388673,5.39,3.1
6322,Metro,College_6322,Mumbai,Andheri,16.339672,74.656934,3.61,4.2
6323,Mall,Restaurant_6323,Bengaluru,HSR Layout,16.28779,78.880064,0.31,5.0
6324,Hospital,College_6324,Mumbai,Thane,13.411552,76.767271,9.08,3.0
6325,Restaurant,Mall_6325,Bengaluru,HSR Layout,12.831713,72.341835,2.09,3.8
6326,College,Airport_6326,Bengaluru,Whitefield,14.949092,79.595469,8.87,3.4
6327,Hospital,School_6327,Chennai,Adyar,16.497891,72.735496,9.25,4.1
6328,School,School_6328,Chennai,Adyar,15.616324,76.814548,9.7,4.8
6329,Bus Stop,Hospital_6329,Mumbai,Andheri,17.234035,74.190856,4.46,3.6
6330,Airport,Hospital_6330,Bengaluru,Whitefield,14.574579,79.532294,1.78,3.2
6331,Park,Park_6331,Chennai,Anna Nagar,15.640558,76.415842,1.64,4.1
6332,Mall,Hospital_6332,Pune,Kharadi,15.987357,73.003754,8.24,4.7
6333,School,Airport_6333,Hyderabad,Jubilee Hills,17.854084,74.519954,7.87,4.0
6334,Hospital,Mall_6334,Mumbai,Andheri,13.911013,77.256187,1.83,4.1
6335,Mall,Park_6335,Hyderabad,Madhapur,16.110874,76.853087,9.7,4.2
6336,School,Metro_6336,Bengaluru,HSR Layout,16.864848,73.567989,2.78,3.5
6337,Restaurant,Bus Stop_6337,Pune,Hinjewadi,12.979543,77.531691,8.47,4.3
6338,Airport,Mall_6338,Pune,Wakad,14.350415,73.344638,6.26,3.5
6339,Metro,Hospital_6339,Pune,Kharadi,14.729714,77.620489,6.34,4.7
6340,College,Park_6340,Hyderabad,Kondapur,15.574412,77.815789,5.04,4.1
6341,School,Restaurant_6341,Hyderabad,Gachibowli,14.252155,77.75091,8.67,3.1
6342,Metro,Airport_6342,Hyderabad,Jubilee Hills,18.779798,79.984677,5.1,4.8
6343,Restaurant,Park_6343,Hyderabad,Miyapur,13.630937,75.445025,4.6,3.8
6344,Restaurant,Hospital_6344,Pune,Hinjewadi,12.74314,79.149938,7.93,3.4
6345,School,Restaurant_6345,Hyderabad,Kondapur,15.656807,79.968908,4.06,4.7
6346,College,School_6346,Bengaluru,Whitefield,17.07791,73.353348,6.71,3.4
6347,Restaurant,School_6347,Bengaluru,Electronic City,16.198011,75.978964,0.54,3.2
6348,Park,Mall_6348,Bengaluru,HSR Layout,12.014838,72.118009,5.13,3.3
6349,School,College_6349,Bengaluru,Electronic City,14.373716,73.565145,1.93,4.3
6350,Hospital,College_6350,Mumbai,Andheri,14.25324,79.884684,0.64,3.1
6351,School,Park_6351,Pune,Hinjewadi,17.013474,75.464494,1.23,3.5
6352,Metro,College_6352,Hyderabad,Kukatpally,14.905067,75.682474,3.78,3.8
6353,Park,Airport_6353,Mumbai,Andheri,12.291167,72.007323,2.75,3.4
6354,Hospital,College_6354,Hyderabad,Miyapur,13.401745,72.703372,2.06,3.3
6355,Park,Restaurant_6355,Mumbai,Andheri,15.497812,76.062293,9.84,4.8
6356,Airport,Park_6356,Mumbai,Powai,16.406508,78.537473,7.04,4.4
6357,Restaurant,Mall_6357,Hyderabad,Gachibowli,15.078222,74.186432,7.48,4.1
6358,Metro,Restaurant_6358,Pune,Baner,18.336694,72.992346,2.18,3.4
6359,Bus Stop,School_6359,Chennai,Velachery,17.909904,78.40455,3.17,4.9
6360,Metro,Metro_6360,Pune,Baner,14.042672,72.64644,0.63,4.0
6361,Airport,Airport_6361,Bengaluru,HSR Layout,16.236209,77.849923,8.29,3.9
6362,Hospital,Bus Stop_6362,Mumbai,Powai,15.647934,77.629378,1.45,4.3
6363,Metro,Park_6363,Mumbai,Andheri,16.100941,72.200787,8.52,5.0
6364,School,Mall_6364,Chennai,Anna Nagar,15.228381,78.582648,1.44,4.0
6365,Restaurant,Hospital_6365,Hyderabad,Jubilee Hills,16.906709,77.088662,6.42,5.0
6366,Airport,Restaurant_6366,Mumbai,Bandra,14.488018,79.044707,3.37,4.8
6367,Metro,Airport_6367,Bengaluru,Indiranagar,16.652728,73.219818,6.36,3.9
6368,Airport,Park_6368,Chennai,Anna Nagar,14.254921,74.963072,5.67,3.5
6369,Park,School_6369,Pune,Kharadi,13.643936,77.534844,6.21,3.7
6370,Bus Stop,Hospital_6370,Mumbai,Thane,13.336007,75.508123,8.52,4.9
6371,Hospital,Metro_6371,Chennai,Adyar,16.342635,76.332924,9.47,3.1
6372,College,Park_6372,Chennai,Anna Nagar,17.568466,74.605019,3.15,4.6
6373,Bus Stop,Park_6373,Mumbai,Andheri,17.515762,77.255468,2.79,3.6
6374,Park,Metro_6374,Hyderabad,Kondapur,16.006453,72.488337,2.89,3.3
6375,Mall,Bus Stop_6375,Hyderabad,Kondapur,12.200731,77.410002,3.07,3.5
6376,Airport,Metro_6376,Mumbai,Thane,15.147419,73.710942,5.7,3.1
6377,School,Park_6377,Chennai,Velachery,13.993609,78.28434,8.43,3.2
6378,College,College_6378,Chennai,Anna Nagar,13.912929,76.261145,3.05,4.7
6379,Airport,Airport_6379,Bengaluru,HSR Layout,13.31386,74.509635,3.61,3.1
6380,Park,Bus Stop_6380,Mumbai,Powai,18.284326,72.381608,1.46,3.1
6381,School,Airport_6381,Pune,Kharadi,14.562373,77.125683,1.6,3.1
6382,Hospital,Airport_6382,Hyderabad,Banjara Hills,17.362261,72.142164,5.16,4.0
6383,Park,Restaurant_6383,Mumbai,Andheri,18.540537,72.372407,9.52,3.4
6384,Hospital,Mall_6384,Mumbai,Andheri,15.560432,73.064775,2.59,3.6
6385,Metro,Airport_6385,Hyderabad,Kukatpally,18.801858,77.646273,2.49,4.8
6386,School,College_6386,Hyderabad,Gachibowli,13.769334,74.462771,0.33,4.4
6387,Bus Stop,Hospital_6387,Mumbai,Andheri,12.025236,74.056803,4.36,5.0
6388,Mall,College_6388,Hyderabad,Jubilee Hills,12.178931,74.881969,7.6,4.3
6389,School,Mall_6389,Chennai,Anna Nagar,16.172872,78.81174,5.3,3.1
6390,Hospital,Restaurant_6390,Chennai,Anna Nagar,13.762279,73.276623,4.08,3.2
6391,College,Airport_6391,Chennai,Anna Nagar,17.865491,75.062467,3.69,4.8
6392,Metro,Mall_6392,Mumbai,Powai,14.226594,72.568643,5.83,3.4
6393,Airport,Park_6393,Bengaluru,Electronic City,16.145516,72.576468,0.95,3.0
6394,Mall,School_6394,Chennai,Adyar,16.784157,75.476349,8.1,3.5
6395,Park,College_6395,Pune,Wakad,14.276881,76.74052,1.33,4.3
6396,Airport,Restaurant_6396,Hyderabad,Gachibowli,18.457534,76.277328,5.73,4.8
6397,Metro,Airport_6397,Pune,Baner,18.303482,73.098988,2.16,3.5
6398,Airport,Bus Stop_6398,Bengaluru,Indiranagar,15.185087,76.745374,2.05,4.4
6399,School,College_6399,Mumbai,Thane,12.828482,73.412032,2.16,4.2
6400,Metro,Bus Stop_6400,Hyderabad,Kondapur,16.168583,77.000327,9.78,4.6
6401,Park,Airport_6401,Chennai,OMR,15.862161,79.589885,6.87,5.0
6402,Airport,Park_6402,Hyderabad,Madhapur,15.508819,76.475206,2.76,4.8
6403,Park,School_6403,Hyderabad,Madhapur,13.833182,72.931045,7.52,4.2
6404,Restaurant,College_6404,Hyderabad,Miyapur,15.329212,72.485074,5.8,4.1
6405,Mall,Mall_6405,Hyderabad,Jubilee Hills,16.809283,79.191423,3.54,3.0
6406,Park,College_6406,Pune,Hinjewadi,15.846448,73.370305,1.77,3.5
6407,Metro,Bus Stop_6407,Pune,Hinjewadi,18.691034,73.836207,2.66,3.3
6408,Restaurant,Airport_6408,Bengaluru,Whitefield,17.304802,73.881694,0.74,4.9
6409,Bus Stop,Bus Stop_6409,Chennai,Anna Nagar,15.893391,77.139554,1.77,3.3
6410,Mall,School_6410,Chennai,OMR,13.305975,76.711179,8.69,4.9
6411,School,Hospital_6411,Pune,Kharadi,18.37182,79.775426,0.79,4.1
6412,Restaurant,School_6412,Bengaluru,Electronic City,17.457644,73.435862,2.46,4.9
6413,Mall,Bus Stop_6413,Chennai,Anna Nagar,14.278952,74.619121,0.93,3.6
6414,Park,Bus Stop_6414,Pune,Kharadi,18.210282,73.8847,9.68,3.6
6415,Airport,Hospital_6415,Bengaluru,Indiranagar,15.010324,74.011052,0.67,4.1
6416,College,Bus Stop_6416,Mumbai,Thane,13.045856,73.745343,8.1,3.8
6417,Restaurant,Metro_6417,Chennai,Anna Nagar,14.872608,75.868387,5.23,3.2
6418,Bus Stop,Airport_6418,Bengaluru,HSR Layout,12.217254,79.429692,5.98,4.7
6419,Metro,School_6419,Mumbai,Thane,12.106738,75.562112,4.6,3.2
6420,Hospital,Restaurant_6420,Mumbai,Andheri,15.124293,73.420091,4.26,3.5
6421,Mall,Hospital_6421,Pune,Baner,18.903937,75.812824,0.58,3.0
6422,Mall,Airport_6422,Chennai,Anna Nagar,16.081203,73.20643,7.99,4.5
6423,Mall,Restaurant_6423,Bengaluru,Whitefield,14.935168,75.529966,8.91,4.4
6424,Mall,Metro_6424,Hyderabad,Jubilee Hills,18.415181,77.620008,6.31,4.3
6425,Mall,Bus Stop_6425,Mumbai,Bandra,14.566544,79.79186,5.72,4.4
6426,Hospital,Hospital_6426,Chennai,Anna Nagar,18.470164,73.90235,4.18,4.1
6427,Mall,Mall_6427,Bengaluru,HSR Layout,15.623318,76.148803,6.52,3.1
6428,Hospital,Park_6428,Mumbai,Bandra,14.904232,76.188359,9.13,4.7
6429,Airport,Hospital_6429,Mumbai,Bandra,14.666612,74.351163,7.11,3.1
6430,Park,School_6430,Bengaluru,Electronic City,17.806702,77.082268,1.45,3.2
6431,Bus Stop,College_6431,Hyderabad,Madhapur,13.799234,78.082705,8.72,4.1
6432,College,Mall_6432,Mumbai,Andheri,13.957997,74.560022,2.21,3.5
6433,School,Airport_6433,Pune,Hinjewadi,12.721129,79.092194,5.73,4.6
6434,School,Mall_6434,Chennai,OMR,17.2237,77.066636,6.59,4.4
6435,Airport,Park_6435,Pune,Kharadi,18.865138,75.542279,0.45,3.8
6436,Metro,School_6436,Mumbai,Andheri,17.043912,78.481796,9.03,4.5
6437,Airport,Bus Stop_6437,Bengaluru,HSR Layout,15.316098,73.548218,6.86,3.3
6438,Metro,School_6438,Chennai,OMR,15.361326,72.87308,8.27,3.3
6439,Restaurant,Bus Stop_6439,Hyderabad,Jubilee Hills,18.202841,77.484301,3.55,3.6
6440,Metro,Park_6440,Pune,Hinjewadi,17.855361,75.126443,3.53,4.6
6441,Mall,School_6441,Chennai,Anna Nagar,14.792111,76.107948,4.3,3.7
6442,Hospital,Metro_6442,Bengaluru,HSR Layout,14.574972,75.096749,0.57,4.7
6443,Hospital,School_6443,Mumbai,Thane,12.129613,72.425988,7.33,4.2
6444,Mall,Mall_6444,Chennai,OMR,17.793296,78.088646,1.75,4.6
6445,College,Bus Stop_6445,Chennai,Adyar,15.531011,72.110024,9.64,4.5
6446,School,School_6446,Hyderabad,Gachibowli,13.584333,78.71264,8.09,4.9
6447,Mall,Airport_6447,Hyderabad,Banjara Hills,12.765299,72.944611,9.48,3.1
6448,Airport,Metro_6448,Pune,Hinjewadi,13.076008,72.028512,4.5,3.6
6449,Airport,Metro_6449,Hyderabad,Jubilee Hills,16.186188,79.904733,2.69,4.3
6450,College,Bus Stop_6450,Pune,Wakad,15.612378,77.229002,3.86,3.1
6451,Restaurant,School_6451,Pune,Kharadi,12.312853,72.39061,6.47,4.0
6452,Mall,School_6452,Hyderabad,Banjara Hills,13.629385,75.432056,8.51,4.1
6453,School,College_6453,Bengaluru,HSR Layout,14.827372,76.837645,1.25,3.7
6454,Restaurant,College_6454,Chennai,OMR,16.98665,72.772013,6.76,3.8
6455,School,Airport_6455,Chennai,Adyar,15.52956,73.985152,0.25,4.1
6456,Hospital,Airport_6456,Pune,Hinjewadi,14.541065,75.65155,2.63,4.8
6457,School,Airport_6457,Mumbai,Andheri,17.391748,74.400515,8.03,3.9
6458,Hospital,Hospital_6458,Bengaluru,Electronic City,13.418971,79.966213,8.5,3.9
6459,Metro,Restaurant_6459,Mumbai,Bandra,17.910108,72.731764,5.98,3.5
6460,Airport,Metro_6460,Hyderabad,Kondapur,15.982073,77.986208,7.79,4.0
6461,Mall,Hospital_6461,Bengaluru,Whitefield,13.328143,75.144569,0.39,3.5
6462,Airport,Airport_6462,Pune,Wakad,14.132512,76.988792,5.4,3.8
6463,College,Airport_6463,Pune,Baner,16.57389,73.451402,4.6,4.4
6464,Restaurant,Airport_6464,Mumbai,Andheri,14.052952,75.721611,4.53,4.6
6465,Hospital,School_6465,Chennai,Velachery,16.678323,79.569228,4.71,4.5
6466,Hospital,Airport_6466,Pune,Wakad,17.207383,75.313733,8.9,4.5
6467,Restaurant,Mall_6467,Chennai,Adyar,17.421672,72.900838,5.93,3.1
6468,Metro,Metro_6468,Bengaluru,Whitefield,13.171868,72.793567,9.43,3.8
6469,Airport,Hospital_6469,Hyderabad,Miyapur,17.426437,79.069553,3.4,3.3
6470,Mall,Mall_6470,Mumbai,Bandra,15.381763,76.548595,7.58,4.0
6471,Mall,College_6471,Hyderabad,Kukatpally,14.887589,77.702991,7.19,4.5
6472,Bus Stop,Mall_6472,Bengaluru,Electronic City,14.570359,79.5185,7.22,3.1
6473,Mall,College_6473,Bengaluru,Electronic City,14.574593,72.730984,8.14,5.0
6474,Mall,Metro_6474,Chennai,Adyar,18.352057,76.933877,7.24,4.3
6475,Park,Restaurant_6475,Chennai,Adyar,15.170754,74.443813,8.84,4.7
6476,Hospital,Metro_6476,Mumbai,Thane,13.277294,76.263503,4.5,3.3
6477,College,College_6477,Mumbai,Andheri,12.336787,73.609879,7.97,4.3
6478,College,Metro_6478,Hyderabad,Kondapur,15.229911,78.492084,2.52,4.0
6479,School,Mall_6479,Bengaluru,HSR Layout,15.728599,74.046531,6.78,4.7
6480,Park,College_6480,Bengaluru,Whitefield,12.592665,77.856097,3.28,4.7
6481,Metro,College_6481,Pune,Hinjewadi,18.654963,78.256352,2.8,3.7
6482,Hospital,Airport_6482,Chennai,Velachery,13.695196,75.497276,4.89,4.1
6483,Metro,Restaurant_6483,Mumbai,Bandra,17.001416,79.038946,4.35,4.1
6484,Mall,Park_6484,Hyderabad,Kukatpally,15.203134,78.465874,7.04,4.2
6485,College,Mall_6485,Bengaluru,Electronic City,14.941986,74.700138,8.68,4.2
6486,School,Airport_6486,Hyderabad,Kondapur,14.950477,76.64727,0.43,3.4
6487,Bus Stop,Mall_6487,Pune,Wakad,15.058819,73.510207,1.74,4.4
6488,Hospital,Bus Stop_6488,Chennai,Adyar,13.203484,72.316907,2.57,4.3
6489,School,Metro_6489,Pune,Hinjewadi,14.58964,79.740506,6.21,3.0
6490,Restaurant,Hospital_6490,Bengaluru,Indiranagar,17.567592,77.363209,5.48,4.9
6491,Bus Stop,College_6491,Hyderabad,Kondapur,17.189042,77.711846,5.74,3.1
6492,Bus Stop,Hospital_6492,Mumbai,Bandra,15.272049,72.117678,8.8,4.3
6493,Mall,Airport_6493,Pune,Baner,14.736042,78.467422,3.24,3.7
6494,Hospital,Restaurant_6494,Pune,Wakad,15.566808,79.75724,1.27,3.9
6495,Bus Stop,Metro_6495,Hyderabad,Miyapur,17.837483,72.634959,1.31,3.5
6496,Mall,Mall_6496,Bengaluru,HSR Layout,17.853963,76.704939,8.3,5.0
6497,Hospital,Mall_6497,Pune,Baner,17.533415,77.834494,0.77,3.4
6498,Mall,Restaurant_6498,Pune,Wakad,12.195013,79.654187,2.45,4.3
6499,Mall,Hospital_6499,Bengaluru,HSR Layout,13.076149,79.186108,7.97,4.1
6500,Hospital,Hospital_6500,Pune,Hinjewadi,13.197311,72.466048,9.49,4.1
6501,Park,Airport_6501,Pune,Hinjewadi,15.71397,77.245332,9.08,3.8
6502,Mall,Metro_6502,Mumbai,Powai,15.570746,72.837545,2.95,4.3
6503,Mall,Airport_6503,Mumbai,Thane,15.336565,77.268631,7.74,4.7
6504,Bus Stop,School_6504,Mumbai,Bandra,12.524835,73.981104,7.67,3.8
6505,College,Hospital_6505,Bengaluru,HSR Layout,13.275521,74.996252,3.18,3.5
6506,Airport,Mall_6506,Pune,Baner,14.502343,74.414691,6.6,3.3
6507,Hospital,Metro_6507,Mumbai,Thane,13.086723,74.037618,7.09,5.0
6508,School,Mall_6508,Bengaluru,Indiranagar,15.797839,78.440565,1.64,3.8
6509,College,Restaurant_6509,Mumbai,Thane,15.238759,72.545703,3.32,4.0
6510,Mall,Mall_6510,Mumbai,Powai,18.013787,74.301179,1.5,4.8
6511,Mall,Restaurant_6511,Chennai,Anna Nagar,18.53154,77.102181,0.42,3.6
6512,Hospital,College_6512,Bengaluru,Electronic City,14.902735,73.34341,0.64,3.9
6513,School,Airport_6513,Chennai,Anna Nagar,18.13757,79.429183,4.29,3.6
6514,Park,Mall_6514,Hyderabad,Miyapur,16.093961,73.95337,6.11,4.4
6515,Metro,College_6515,Pune,Kharadi,14.180036,77.30122,9.05,4.7
6516,Mall,Metro_6516,Pune,Kharadi,18.387219,75.324559,2.79,3.9
6517,School,Park_6517,Bengaluru,Indiranagar,13.425544,73.739893,3.56,4.0
6518,Bus Stop,Restaurant_6518,Mumbai,Thane,16.208819,73.988365,4.34,3.4
6519,Bus Stop,Park_6519,Chennai,Velachery,18.510609,79.090224,7.12,3.1
6520,Mall,Metro_6520,Chennai,Adyar,17.134505,78.570531,7.82,4.8
6521,College,Bus Stop_6521,Mumbai,Bandra,16.117562,72.359138,3.1,4.8
6522,College,College_6522,Hyderabad,Jubilee Hills,17.237884,77.475015,7.75,4.0
6523,Restaurant,Restaurant_6523,Pune,Hinjewadi,12.128075,72.91122,2.75,4.9
6524,Metro,Park_6524,Pune,Hinjewadi,13.467102,74.773851,2.07,4.9
6525,Bus Stop,College_6525,Chennai,Velachery,15.524015,74.122192,4.35,4.6
6526,Park,Park_6526,Mumbai,Andheri,12.42345,78.743027,7.99,4.7
6527,School,Airport_6527,Bengaluru,Electronic City,17.362719,79.217996,4.02,4.0
6528,Mall,Mall_6528,Pune,Hinjewadi,18.300422,78.237832,7.63,4.4
6529,Mall,Hospital_6529,Chennai,OMR,17.521126,73.626759,5.56,4.0
6530,Bus Stop,College_6530,Chennai,Velachery,14.661258,74.034176,1.54,3.5
6531,Airport,Restaurant_6531,Hyderabad,Kondapur,17.468082,79.98062,1.42,4.8
6532,School,Metro_6532,Hyderabad,Kondapur,15.509103,72.779049,4.71,4.9
6533,Airport,Mall_6533,Bengaluru,Electronic City,15.915812,78.673642,5.93,3.5
6534,Airport,Hospital_6534,Pune,Wakad,16.600396,73.811767,2.34,4.5
6535,Park,College_6535,Mumbai,Powai,18.470239,77.061613,0.79,3.3
6536,College,Mall_6536,Hyderabad,Jubilee Hills,18.854253,73.4841,3.12,3.4
6537,Airport,College_6537,Bengaluru,Indiranagar,15.766371,77.311522,5.77,4.8
6538,Restaurant,Hospital_6538,Hyderabad,Kukatpally,13.496136,75.133518,4.12,4.0
6539,Park,Restaurant_6539,Chennai,Velachery,14.058714,76.193877,9.69,4.8
6540,College,Hospital_6540,Chennai,OMR,17.332817,75.741798,9.25,3.5
6541,Metro,Bus Stop_6541,Mumbai,Andheri,16.005942,74.686878,5.34,3.8
6542,Metro,Metro_6542,Pune,Kharadi,14.991047,72.780361,9.4,5.0
6543,College,Hospital_6543,Chennai,Velachery,18.723775,76.992869,7.78,4.1
6544,Bus Stop,College_6544,Hyderabad,Kukatpally,12.400936,72.500095,3.49,3.1
6545,College,Hospital_6545,Chennai,Anna Nagar,18.519286,75.936084,2.31,4.9
6546,Bus Stop,Mall_6546,Hyderabad,Banjara Hills,14.786183,79.851447,3.81,3.2
6547,Hospital,Metro_6547,Chennai,Adyar,18.646602,78.515635,4.15,3.1
6548,Metro,Park_6548,Hyderabad,Miyapur,18.521418,75.193501,6.38,3.4
6549,College,Mall_6549,Chennai,Adyar,18.248047,72.110161,3.6,4.0
6550,Park,College_6550,Bengaluru,HSR Layout,17.637178,76.237136,1.1,4.8
6551,Hospital,Metro_6551,Hyderabad,Madhapur,16.302431,72.344322,7.25,4.4
6552,Bus Stop,Mall_6552,Bengaluru,Electronic City,18.682315,74.085739,2.06,3.3
6553,Bus Stop,Restaurant_6553,Chennai,Anna Nagar,16.048584,78.560997,8.22,4.6
6554,Bus Stop,Park_6554,Bengaluru,Whitefield,17.417981,75.893938,9.91,3.9
6555,Restaurant,Mall_6555,Hyderabad,Madhapur,13.677144,72.10465,6.6,4.4
6556,Restaurant,Bus Stop_6556,Hyderabad,Jubilee Hills,13.964819,78.766386,1.22,3.8
6557,Hospital,Park_6557,Pune,Baner,16.891298,72.470377,1.74,4.5
6558,Metro,Bus Stop_6558,Mumbai,Bandra,15.810723,78.494781,9.53,3.5
6559,School,College_6559,Pune,Wakad,16.479566,77.222729,7.24,3.7
6560,Mall,College_6560,Bengaluru,Whitefield,18.287961,77.902422,2.11,3.0
6561,School,School_6561,Bengaluru,HSR Layout,14.510439,74.59004,6.01,3.7
6562,Mall,Bus Stop_6562,Hyderabad,Kukatpally,15.144644,74.667593,3.94,4.2
6563,School,Park_6563,Mumbai,Thane,14.16698,72.831246,6.68,3.9
6564,Metro,Metro_6564,Chennai,Adyar,17.177586,77.521747,9.74,3.6
6565,College,Restaurant_6565,Mumbai,Andheri,13.187862,75.739516,6.79,4.7
6566,Hospital,Park_6566,Mumbai,Bandra,14.326062,78.378447,8.87,5.0
6567,Hospital,Mall_6567,Mumbai,Andheri,12.731291,72.39357,2.62,3.9
6568,Restaurant,Park_6568,Bengaluru,HSR Layout,12.790355,72.794189,1.74,4.6
6569,Bus Stop,Metro_6569,Mumbai,Powai,12.028606,78.114372,5.9,5.0
6570,Metro,Metro_6570,Chennai,Adyar,12.38806,75.272923,5.2,3.8
6571,School,Airport_6571,Bengaluru,Indiranagar,16.983852,78.411193,0.6,4.1
6572,Airport,Park_6572,Mumbai,Andheri,17.832727,74.649971,4.77,4.7
6573,Metro,Bus Stop_6573,Mumbai,Thane,14.442338,74.799511,6.38,3.8
6574,Hospital,School_6574,Hyderabad,Banjara Hills,12.763004,77.674695,1.78,3.3
6575,Mall,Mall_6575,Chennai,OMR,16.751331,76.324465,9.79,4.5
6576,Airport,Metro_6576,Mumbai,Thane,17.261849,78.085904,0.98,4.9
6577,Bus Stop,Mall_6577,Chennai,Velachery,15.078789,79.43755,7.79,4.9
6578,Metro,Restaurant_6578,Pune,Wakad,16.276896,72.086817,7.9,3.7
6579,Airport,College_6579,Hyderabad,Madhapur,13.252082,75.438048,9.85,4.7
6580,Park,Hospital_6580,Hyderabad,Madhapur,15.315608,74.818501,3.03,3.4
6581,Bus Stop,Park_6581,Hyderabad,Miyapur,15.971373,78.510141,5.77,4.6
6582,Park,Airport_6582,Bengaluru,Indiranagar,18.663339,73.726305,6.48,3.7
6583,Mall,School_6583,Pune,Wakad,16.780991,75.835034,4.71,4.3
6584,Hospital,Park_6584,Bengaluru,Whitefield,13.800147,76.738884,9.67,3.5
6585,Bus Stop,Hospital_6585,Hyderabad,Madhapur,18.483903,74.629096,0.97,3.2
6586,Restaurant,Metro_6586,Chennai,Adyar,18.222145,78.236896,3.88,3.2
6587,Airport,Hospital_6587,Mumbai,Bandra,14.250229,76.303816,5.53,3.6
6588,College,Metro_6588,Bengaluru,Indiranagar,14.925716,73.380985,8.7,3.7
6589,Airport,Park_6589,Mumbai,Powai,18.074716,78.371643,6.14,3.2
6590,College,College_6590,Hyderabad,Gachibowli,18.778163,76.621425,6.87,3.6
6591,Mall,Metro_6591,Mumbai,Andheri,14.647895,79.412753,8.49,3.1
6592,Park,Restaurant_6592,Chennai,Adyar,16.521404,78.687879,7.23,3.0
6593,Bus Stop,Restaurant_6593,Chennai,OMR,14.206414,78.349484,8.05,4.8
6594,Metro,Bus Stop_6594,Bengaluru,Whitefield,12.320523,75.443515,0.88,4.9
6595,Park,Park_6595,Chennai,Adyar,13.89851,78.749932,6.43,3.2
6596,School,School_6596,Bengaluru,Indiranagar,12.165217,77.596104,9.41,3.9
6597,Bus Stop,School_6597,Hyderabad,Kondapur,15.10966,76.797345,7.17,4.5
6598,Park,Airport_6598,Hyderabad,Jubilee Hills,14.365527,77.584593,9.61,4.8
6599,Metro,Restaurant_6599,Hyderabad,Banjara Hills,16.409109,78.38633,5.81,3.6
6600,Airport,Restaurant_6600,Hyderabad,Kondapur,12.265759,77.580779,8.77,3.5
6601,School,Mall_6601,Hyderabad,Kukatpally,18.220837,77.583444,5.29,3.6
6602,Airport,Park_6602,Chennai,Adyar,18.915693,74.551291,4.47,4.0
6603,College,Park_6603,Hyderabad,Jubilee Hills,14.357241,72.614811,7.82,3.7
6604,School,Airport_6604,Chennai,Adyar,16.802441,73.45359,7.38,4.0
6605,Airport,Hospital_6605,Chennai,Adyar,13.449306,77.771859,3.42,4.2
6606,Metro,Mall_6606,Hyderabad,Madhapur,12.411944,75.384324,0.16,3.4
6607,Park,Metro_6607,Bengaluru,Indiranagar,12.070124,72.562683,1.37,4.1
6608,Park,Hospital_6608,Bengaluru,Whitefield,13.82268,75.496854,2.98,4.3
6609,Airport,Metro_6609,Mumbai,Andheri,15.365542,72.497539,3.39,3.6
6610,Airport,Airport_6610,Hyderabad,Gachibowli,14.963322,76.690873,9.32,4.9
6611,Restaurant,Park_6611,Pune,Wakad,17.742561,76.724578,7.35,4.4
6612,Airport,Airport_6612,Pune,Wakad,14.570082,75.066128,6.2,3.3
6613,Airport,Park_6613,Bengaluru,Electronic City,12.852601,75.301427,7.37,4.4
6614,Restaurant,Park_6614,Pune,Kharadi,14.643451,78.888427,7.36,4.1
6615,Restaurant,Mall_6615,Pune,Hinjewadi,16.527413,74.375003,1.1,3.9
6616,Metro,College_6616,Bengaluru,Electronic City,13.430459,75.683842,8.82,4.6
6617,Park,Hospital_6617,Chennai,Adyar,15.003522,75.368306,4.07,4.6
6618,Mall,Mall_6618,Mumbai,Bandra,14.887403,73.464966,3.69,4.8
6619,Airport,Park_6619,Pune,Wakad,15.919805,72.185726,2.79,3.6
6620,Hospital,School_6620,Chennai,Velachery,15.59211,75.739095,4.86,4.9
6621,Airport,Airport_6621,Hyderabad,Miyapur,13.098633,73.409452,6.18,4.9
6622,Restaurant,School_6622,Pune,Hinjewadi,15.826524,74.069474,7.29,3.7
6623,College,Bus Stop_6623,Bengaluru,HSR Layout,18.846511,72.203659,9.07,3.0
6624,Metro,Restaurant_6624,Pune,Hinjewadi,12.447691,72.261926,3.83,4.5
6625,Airport,Mall_6625,Pune,Kharadi,15.144477,79.136639,4.76,4.0
6626,Airport,Restaurant_6626,Chennai,Anna Nagar,15.361969,77.710886,9.75,3.9
6627,Restaurant,Hospital_6627,Mumbai,Bandra,14.77476,77.31931,5.49,3.2
6628,Restaurant,Park_6628,Chennai,Velachery,18.623481,72.275157,2.97,5.0
6629,School,Mall_6629,Mumbai,Andheri,17.424659,73.078564,7.97,4.7
6630,Mall,Metro_6630,Hyderabad,Madhapur,17.545202,77.053973,1.23,3.4
6631,Airport,School_6631,Bengaluru,Electronic City,12.995706,73.650856,8.5,5.0
6632,Mall,College_6632,Hyderabad,Miyapur,18.737788,76.328728,4.24,3.4
6633,Metro,Bus Stop_6633,Hyderabad,Kukatpally,14.904432,72.148398,4.95,3.4
6634,School,Restaurant_6634,Pune,Wakad,14.020683,74.085778,3.01,4.0
6635,Metro,College_6635,Bengaluru,HSR Layout,18.650816,72.217587,5.04,4.8
6636,School,College_6636,Chennai,OMR,13.374062,74.446804,9.81,4.0
6637,School,Hospital_6637,Chennai,Adyar,15.769083,74.496661,7.16,3.5
6638,Metro,Restaurant_6638,Hyderabad,Madhapur,12.469732,74.101314,3.41,4.0
6639,Park,Park_6639,Hyderabad,Madhapur,16.56828,73.878564,5.35,4.4
6640,Airport,Airport_6640,Bengaluru,Electronic City,15.663343,74.707396,8.12,4.9
6641,Park,Hospital_6641,Chennai,OMR,12.688457,77.060495,0.46,4.6
6642,Restaurant,College_6642,Pune,Wakad,18.97981,78.51312,4.15,3.1
6643,Hospital,Restaurant_6643,Hyderabad,Kondapur,14.560389,74.75938,6.41,4.1
6644,Airport,Bus Stop_6644,Bengaluru,Electronic City,15.597071,73.715491,5.88,3.7
6645,Metro,Hospital_6645,Bengaluru,Whitefield,18.408756,75.168588,4.59,4.8
6646,Bus Stop,School_6646,Chennai,Anna Nagar,17.76217,77.792591,0.43,3.6
6647,School,Metro_6647,Hyderabad,Gachibowli,16.488549,73.155778,8.7,4.6
6648,School,Mall_6648,Hyderabad,Miyapur,15.430173,77.48174,8.72,4.7
6649,Bus Stop,Mall_6649,Pune,Kharadi,14.47865,72.152613,3.8,3.0
6650,Restaurant,Park_6650,Mumbai,Andheri,14.44844,79.978709,6.62,3.2
6651,School,Hospital_6651,Hyderabad,Kondapur,12.7151,78.326006,1.39,3.2
6652,Restaurant,Airport_6652,Bengaluru,HSR Layout,16.776795,72.81282,6.73,4.9
6653,Airport,Hospital_6653,Bengaluru,Whitefield,18.044389,77.048136,4.88,3.7
6654,Park,Bus Stop_6654,Chennai,OMR,13.228334,72.307444,3.85,4.4
6655,School,College_6655,Bengaluru,Indiranagar,12.248299,73.701897,2.37,3.9
6656,Restaurant,Restaurant_6656,Mumbai,Powai,18.472238,74.192465,7.33,3.7
6657,Restaurant,Restaurant_6657,Chennai,Adyar,18.242669,74.725536,4.56,4.5
6658,School,Airport_6658,Chennai,Adyar,14.02573,73.208369,2.36,3.7
6659,Mall,School_6659,Chennai,Anna Nagar,18.849853,78.396122,8.22,4.8
6660,Bus Stop,Airport_6660,Hyderabad,Miyapur,15.109497,74.640684,7.57,3.3
6661,Metro,Restaurant_6661,Mumbai,Bandra,13.5438,76.877528,7.18,4.3
6662,Restaurant,College_6662,Pune,Kharadi,13.182345,74.852008,1.26,3.0
6663,Park,Airport_6663,Chennai,OMR,17.262908,76.351481,0.31,3.8
6664,Airport,Bus Stop_6664,Pune,Kharadi,12.892105,72.871326,7.08,3.9
6665,School,Bus Stop_6665,Pune,Wakad,18.053531,77.956762,7.09,3.1
6666,Bus Stop,Restaurant_6666,Hyderabad,Kondapur,12.639724,79.33425,6.46,4.2
6667,Mall,School_6667,Hyderabad,Miyapur,12.987852,79.871495,8.4,4.5
6668,Airport,Metro_6668,Hyderabad,Jubilee Hills,16.324335,76.662826,1.4,4.4
6669,Park,College_6669,Mumbai,Bandra,17.555425,72.223004,3.24,4.0
6670,Airport,Metro_6670,Chennai,Velachery,16.511423,77.779192,4.62,4.5
6671,School,College_6671,Chennai,Velachery,16.139669,77.60846,6.49,4.0
6672,Metro,Bus Stop_6672,Pune,Kharadi,18.763193,75.809873,3.61,4.4
6673,College,Hospital_6673,Pune,Wakad,14.183703,72.833588,7.55,4.5
6674,Airport,Hospital_6674,Bengaluru,HSR Layout,16.224856,79.527422,5.21,3.1
6675,School,School_6675,Mumbai,Bandra,13.521455,76.728587,3.58,3.9
6676,Metro,Park_6676,Hyderabad,Kukatpally,12.184494,78.786088,0.82,3.3
6677,Restaurant,Park_6677,Hyderabad,Madhapur,14.771711,76.914753,7.8,3.0
6678,Metro,Airport_6678,Hyderabad,Miyapur,17.523426,72.000634,7.55,4.2
6679,College,Bus Stop_6679,Chennai,Velachery,18.764682,73.777785,7.14,4.6
6680,Bus Stop,Hospital_6680,Bengaluru,Electronic City,13.621146,79.670703,3.84,3.3
6681,School,Hospital_6681,Bengaluru,HSR Layout,18.519992,79.473022,4.78,4.0
6682,Hospital,Bus Stop_6682,Hyderabad,Miyapur,13.773701,73.029933,7.06,3.7
6683,Park,Park_6683,Bengaluru,Indiranagar,14.699344,79.332411,8.64,4.7
6684,Hospital,Restaurant_6684,Chennai,Adyar,18.798173,79.455952,4.73,4.9
6685,Mall,Park_6685,Chennai,Anna Nagar,12.609971,73.201348,0.85,3.5
6686,School,Airport_6686,Bengaluru,Indiranagar,15.201087,75.499291,3.9,4.8
6687,Metro,Bus Stop_6687,Hyderabad,Kondapur,13.478074,79.298159,2.94,3.3
6688,Mall,Metro_6688,Mumbai,Andheri,14.538991,76.309904,9.7,4.6
6689,Metro,Restaurant_6689,Mumbai,Powai,14.044813,75.888591,3.39,4.2
6690,Restaurant,Hospital_6690,Hyderabad,Banjara Hills,18.091477,79.104711,5.3,4.7
6691,Bus Stop,Mall_6691,Pune,Baner,12.751605,76.711722,5.4,4.8
6692,Hospital,Bus Stop_6692,Hyderabad,Gachibowli,13.938158,79.255542,7.87,3.6
6693,Airport,Mall_6693,Hyderabad,Banjara Hills,12.241343,74.359606,4.54,4.7
6694,Park,Hospital_6694,Pune,Wakad,13.961409,78.984176,4.84,3.3
6695,Park,Park_6695,Pune,Hinjewadi,13.620177,76.369874,4.2,4.6
6696,Mall,Bus Stop_6696,Pune,Kharadi,14.817942,75.675293,4.59,3.5
6697,Metro,College_6697,Bengaluru,Whitefield,18.412795,73.692452,1.65,3.9
6698,Metro,Park_6698,Chennai,Adyar,16.958998,75.816258,4.8,3.6
6699,Airport,Mall_6699,Bengaluru,Electronic City,18.508043,72.456594,6.64,3.4
6700,Airport,School_6700,Hyderabad,Miyapur,15.379159,77.030135,8.54,3.9
6701,Bus Stop,Mall_6701,Hyderabad,Jubilee Hills,18.577439,72.00747,8.09,3.9
6702,School,School_6702,Bengaluru,Whitefield,15.375186,77.586417,2.84,3.9
6703,College,Mall_6703,Chennai,Anna Nagar,18.472237,74.198058,9.53,4.2
6704,Bus Stop,Hospital_6704,Chennai,Velachery,15.07056,73.097702,1.91,4.5
6705,College,Metro_6705,Chennai,OMR,17.746045,78.038989,5.28,3.4
6706,College,Bus Stop_6706,Hyderabad,Banjara Hills,15.518655,72.492821,2.12,4.3
6707,Airport,Hospital_6707,Bengaluru,Indiranagar,17.93201,78.710735,3.17,3.4
6708,College,Restaurant_6708,Hyderabad,Banjara Hills,17.056331,77.102847,9.35,4.6
6709,Park,Restaurant_6709,Mumbai,Andheri,12.172519,74.629613,6.82,4.1
6710,College,School_6710,Pune,Hinjewadi,12.803622,72.27414,2.4,3.6
6711,College,Restaurant_6711,Chennai,Velachery,18.776562,73.165087,5.72,3.9
6712,Park,College_6712,Mumbai,Thane,15.321368,77.948449,8.59,3.6
6713,Park,Hospital_6713,Bengaluru,Whitefield,18.558404,76.544365,3.39,5.0
6714,Restaurant,Hospital_6714,Pune,Kharadi,13.826446,77.478217,2.4,3.4
6715,College,Hospital_6715,Hyderabad,Kondapur,15.379767,72.040356,3.2,3.5
6716,Mall,Restaurant_6716,Bengaluru,Whitefield,16.021706,79.58654,8.15,4.6
6717,College,Hospital_6717,Pune,Baner,16.498675,75.288481,9.82,4.5
6718,Airport,College_6718,Mumbai,Thane,12.423065,78.94377,6.38,3.3
6719,College,Park_6719,Bengaluru,Indiranagar,17.883459,77.345782,6.56,4.6
6720,Metro,Metro_6720,Bengaluru,Indiranagar,18.035564,76.380152,5.02,4.4
6721,Metro,Mall_6721,Mumbai,Bandra,18.334562,77.280431,1.75,4.7
6722,Mall,Bus Stop_6722,Pune,Baner,18.127754,74.332775,5.18,5.0
6723,Airport,College_6723,Chennai,OMR,17.956978,74.956157,3.99,4.6
6724,Park,Airport_6724,Pune,Hinjewadi,12.906612,78.7223,7.47,4.8
6725,Restaurant,Bus Stop_6725,Pune,Kharadi,12.140487,75.314686,7.35,3.4
6726,Airport,Restaurant_6726,Chennai,OMR,16.869287,79.58298,0.58,4.0
6727,Airport,School_6727,Mumbai,Powai,14.599839,75.827221,6.59,3.5
6728,Bus Stop,Airport_6728,Hyderabad,Jubilee Hills,17.767468,72.650623,1.21,3.3
6729,Bus Stop,Bus Stop_6729,Bengaluru,Whitefield,13.493318,76.790924,0.8,4.8
6730,Park,Restaurant_6730,Mumbai,Andheri,13.748442,76.545366,1.41,4.9
6731,Park,Park_6731,Hyderabad,Jubilee Hills,17.621216,75.328037,0.75,4.0
6732,Hospital,Bus Stop_6732,Pune,Wakad,14.183104,79.474281,8.72,3.5
6733,Bus Stop,Metro_6733,Bengaluru,Indiranagar,17.102061,72.087112,4.27,4.8
6734,Bus Stop,Bus Stop_6734,Bengaluru,Indiranagar,14.918251,77.710644,2.15,4.9
6735,Restaurant,School_6735,Hyderabad,Miyapur,17.056943,79.43984,7.59,3.2
6736,School,Bus Stop_6736,Hyderabad,Banjara Hills,16.758966,72.865434,0.56,4.9
6737,Park,Restaurant_6737,Mumbai,Andheri,17.831527,72.243569,9.92,3.3
6738,Bus Stop,Park_6738,Bengaluru,Whitefield,16.26646,74.631758,5.04,4.9
6739,Hospital,Hospital_6739,Bengaluru,Whitefield,18.032787,79.241298,7.38,3.2
6740,College,Metro_6740,Bengaluru,Whitefield,15.682336,75.238131,1.66,4.3
6741,Bus Stop,Bus Stop_6741,Mumbai,Powai,18.50498,74.609593,6.21,4.6
6742,College,Hospital_6742,Chennai,Adyar,12.307178,75.468381,8.53,3.2
6743,Park,Restaurant_6743,Mumbai,Thane,17.576623,75.036764,7.4,3.6
6744,Park,Mall_6744,Hyderabad,Madhapur,17.590416,74.400884,8.3,4.3
6745,Airport,Park_6745,Hyderabad,Gachibowli,18.320597,73.03217,1.25,4.0
6746,Airport,Hospital_6746,Bengaluru,HSR Layout,13.222667,75.683599,0.55,4.4
6747,Park,College_6747,Mumbai,Thane,18.634255,72.904504,7.39,3.6
6748,Bus Stop,Mall_6748,Mumbai,Thane,15.497469,75.341977,9.53,3.4
6749,School,Restaurant_6749,Mumbai,Powai,15.878465,76.78319,5.13,4.6
6750,Bus Stop,College_6750,Pune,Wakad,14.276707,79.044556,5.17,4.4
6751,School,Metro_6751,Bengaluru,Whitefield,18.658833,75.251292,4.38,4.8
6752,College,Park_6752,Bengaluru,Whitefield,17.18885,78.872096,4.0,3.7
6753,Metro,Metro_6753,Mumbai,Bandra,18.151657,75.968994,7.45,5.0
6754,Metro,College_6754,Pune,Hinjewadi,17.224648,74.80185,5.77,4.5
6755,Metro,Restaurant_6755,Hyderabad,Madhapur,16.181369,74.542408,8.64,4.9
6756,College,Park_6756,Bengaluru,Whitefield,12.401874,78.200043,1.97,4.5
6757,College,Restaurant_6757,Chennai,Adyar,14.580824,72.533134,4.94,3.4
6758,Park,College_6758,Hyderabad,Miyapur,18.098164,76.656627,7.94,3.6
6759,School,Hospital_6759,Pune,Hinjewadi,17.60045,75.830409,2.41,4.4
6760,Mall,College_6760,Bengaluru,Electronic City,18.997596,76.780931,0.47,4.4
6761,Airport,Bus Stop_6761,Hyderabad,Madhapur,14.621911,79.142474,4.21,4.7
6762,Metro,School_6762,Mumbai,Thane,17.607499,75.489319,8.21,4.6
6763,Metro,Park_6763,Hyderabad,Banjara Hills,14.31033,79.881945,5.26,3.7
6764,Restaurant,Restaurant_6764,Chennai,Anna Nagar,15.555828,79.323256,7.54,3.1
6765,Bus Stop,College_6765,Mumbai,Powai,13.703691,75.134682,3.47,3.3
6766,Airport,College_6766,Hyderabad,Kondapur,16.743944,76.613805,2.39,4.6
6767,College,Mall_6767,Mumbai,Thane,15.597314,74.236839,7.32,4.5
6768,Restaurant,Airport_6768,Bengaluru,HSR Layout,18.42141,72.017079,2.47,4.8
6769,Airport,Bus Stop_6769,Hyderabad,Madhapur,18.88477,77.905834,4.21,3.2
6770,Mall,College_6770,Bengaluru,Whitefield,15.705671,75.315125,1.47,3.4
6771,School,College_6771,Bengaluru,HSR Layout,16.116855,74.620123,6.35,4.8
6772,Metro,Park_6772,Mumbai,Powai,15.572354,72.926165,8.11,3.7
6773,Mall,Bus Stop_6773,Chennai,Anna Nagar,12.767839,72.011719,0.19,4.8
6774,Hospital,Mall_6774,Chennai,OMR,13.976447,74.787666,4.39,4.2
6775,Park,College_6775,Pune,Hinjewadi,16.522035,77.394861,9.98,4.0
6776,Restaurant,School_6776,Chennai,OMR,14.593356,76.862597,3.94,4.1
6777,Metro,College_6777,Pune,Kharadi,16.490678,76.338143,5.57,4.0
6778,Hospital,Park_6778,Chennai,Anna Nagar,17.431376,75.815569,9.62,3.8
6779,School,Park_6779,Pune,Kharadi,13.075061,72.807404,3.25,3.6
6780,Mall,Park_6780,Pune,Kharadi,15.697204,79.553535,3.66,3.5
6781,Airport,Mall_6781,Hyderabad,Kondapur,18.493429,78.51235,8.84,4.9
6782,School,College_6782,Hyderabad,Miyapur,12.066714,72.549186,6.06,3.1
6783,Mall,School_6783,Pune,Wakad,17.005515,76.474554,8.37,4.9
6784,Restaurant,Metro_6784,Bengaluru,Whitefield,14.956913,74.663519,1.8,4.7
6785,Hospital,Hospital_6785,Pune,Wakad,16.695781,78.04051,7.29,4.4
6786,Park,Metro_6786,Mumbai,Powai,16.00535,76.04626,8.07,3.5
6787,Restaurant,Hospital_6787,Mumbai,Thane,13.268641,75.524339,7.23,4.5
6788,Hospital,Hospital_6788,Bengaluru,Whitefield,14.5557,75.214549,6.44,3.6
6789,School,Restaurant_6789,Bengaluru,Indiranagar,12.018971,75.865905,1.94,3.2
6790,Metro,Metro_6790,Mumbai,Powai,12.378062,79.21422,2.76,4.0
6791,Airport,Hospital_6791,Bengaluru,Indiranagar,12.23282,74.601552,0.2,3.3
6792,Restaurant,Airport_6792,Mumbai,Andheri,14.47963,79.365748,3.35,5.0
6793,School,Airport_6793,Pune,Hinjewadi,15.402719,74.291013,9.04,3.5
6794,Mall,Restaurant_6794,Hyderabad,Kondapur,18.64716,77.483406,2.79,4.6
6795,Mall,Bus Stop_6795,Chennai,Velachery,18.148714,75.629869,4.28,4.3
6796,Park,Metro_6796,Bengaluru,Electronic City,13.581523,76.944583,9.1,3.6
6797,Park,Hospital_6797,Hyderabad,Banjara Hills,12.008929,78.64684,8.65,4.1
6798,Bus Stop,Park_6798,Bengaluru,Indiranagar,14.789273,74.628071,5.12,4.4
6799,Metro,Airport_6799,Hyderabad,Banjara Hills,12.904714,76.854063,8.7,3.8
6800,College,Park_6800,Hyderabad,Jubilee Hills,14.64205,73.141735,7.09,3.5
6801,Hospital,Airport_6801,Bengaluru,Electronic City,15.301401,77.53696,3.07,4.1
6802,School,Airport_6802,Mumbai,Thane,15.47513,74.328413,5.65,3.2
6803,Airport,Park_6803,Mumbai,Bandra,12.414364,78.57884,6.96,4.0
6804,Park,Bus Stop_6804,Pune,Baner,15.741227,78.703483,6.67,3.3
6805,Mall,Mall_6805,Pune,Wakad,17.769379,72.324249,0.74,4.3
6806,Park,Metro_6806,Pune,Hinjewadi,13.193735,74.405245,4.8,4.0
6807,School,Airport_6807,Hyderabad,Jubilee Hills,18.215437,78.671071,7.88,3.1
6808,Mall,Hospital_6808,Hyderabad,Kukatpally,16.93159,75.04485,9.13,4.1
6809,School,College_6809,Hyderabad,Jubilee Hills,16.364569,77.20208,1.99,4.4
6810,Airport,Airport_6810,Bengaluru,Whitefield,15.985094,76.66556,1.44,3.4
6811,College,Park_6811,Chennai,Adyar,12.96891,78.097276,4.35,3.2
6812,College,Mall_6812,Pune,Hinjewadi,16.796556,76.497636,8.28,4.4
6813,Park,Metro_6813,Hyderabad,Kukatpally,16.550846,73.446606,1.38,3.9
6814,Hospital,Hospital_6814,Mumbai,Andheri,14.512734,79.750804,7.66,3.5
6815,College,School_6815,Pune,Hinjewadi,12.610275,79.260655,2.04,3.5
6816,Airport,Restaurant_6816,Bengaluru,Indiranagar,16.611176,75.931378,3.18,3.8
6817,College,Airport_6817,Bengaluru,Indiranagar,13.923192,73.051447,5.87,3.1
6818,Hospital,Metro_6818,Bengaluru,HSR Layout,12.099181,79.311184,8.37,4.5
6819,Park,College_6819,Chennai,OMR,13.094181,76.298021,9.78,3.7
6820,School,School_6820,Hyderabad,Banjara Hills,18.278128,73.458366,4.1,4.5
6821,Restaurant,College_6821,Chennai,OMR,15.682859,76.560758,3.47,3.2
6822,Bus Stop,Restaurant_6822,Hyderabad,Miyapur,18.862919,74.062633,5.79,3.8
6823,Metro,Restaurant_6823,Pune,Hinjewadi,16.585633,73.284706,9.55,3.1
6824,Mall,College_6824,Mumbai,Andheri,12.212446,75.638385,7.12,3.3
6825,College,Mall_6825,Chennai,Adyar,18.925761,75.663658,5.91,3.1
6826,Mall,Park_6826,Bengaluru,Whitefield,17.789302,72.859489,7.14,4.9
6827,College,Metro_6827,Hyderabad,Kukatpally,17.343453,75.920423,8.71,3.5
6828,Metro,Hospital_6828,Bengaluru,HSR Layout,18.317968,77.805797,8.37,3.4
6829,Bus Stop,College_6829,Pune,Hinjewadi,17.811253,77.021659,9.06,4.7
6830,Mall,School_6830,Bengaluru,Whitefield,16.977419,76.727288,4.95,3.1
6831,Restaurant,College_6831,Mumbai,Bandra,17.562839,76.580871,3.07,3.9
6832,Park,Metro_6832,Hyderabad,Gachibowli,18.655501,75.967444,0.81,4.0
6833,Park,Restaurant_6833,Pune,Hinjewadi,18.122054,78.645763,3.34,3.3
6834,Airport,Restaurant_6834,Mumbai,Thane,14.740491,73.432851,2.37,4.3
6835,College,School_6835,Hyderabad,Jubilee Hills,17.911092,75.281686,3.65,4.8
6836,Hospital,Mall_6836,Pune,Kharadi,14.385269,78.518685,5.94,4.9
6837,School,Park_6837,Bengaluru,Whitefield,12.115563,72.669471,5.34,3.3
6838,Restaurant,Airport_6838,Bengaluru,Electronic City,17.145935,75.922787,7.99,3.6
6839,Metro,Hospital_6839,Pune,Baner,13.067252,79.100667,1.59,4.3
6840,Bus Stop,Metro_6840,Chennai,Velachery,16.952126,74.107872,9.82,3.3
6841,College,Hospital_6841,Mumbai,Powai,13.990379,74.545509,1.89,4.4
6842,Hospital,Mall_6842,Hyderabad,Gachibowli,14.285545,74.396307,7.31,4.9
6843,Restaurant,Airport_6843,Mumbai,Thane,15.11048,78.619784,1.89,5.0
6844,College,Hospital_6844,Hyderabad,Banjara Hills,16.629669,77.020436,2.38,3.7
6845,Hospital,Hospital_6845,Mumbai,Powai,17.852979,74.621876,8.67,4.9
6846,School,College_6846,Hyderabad,Gachibowli,12.718422,77.733192,7.29,4.8
6847,School,School_6847,Hyderabad,Jubilee Hills,15.87433,72.52442,3.78,4.1
6848,Park,College_6848,Chennai,Adyar,17.346098,77.286388,5.09,4.8
6849,School,Restaurant_6849,Pune,Baner,14.158457,76.402881,6.16,4.4
6850,Metro,College_6850,Pune,Wakad,14.597306,79.418109,9.56,3.2
6851,Bus Stop,College_6851,Mumbai,Thane,16.580634,73.456091,3.8,4.0
6852,Hospital,Airport_6852,Chennai,Velachery,14.632192,72.926135,4.34,4.4
6853,Metro,Hospital_6853,Bengaluru,Indiranagar,17.056732,75.07197,4.56,3.9
6854,Hospital,Airport_6854,Mumbai,Andheri,17.425732,72.35694,6.52,5.0
6855,Restaurant,College_6855,Bengaluru,Indiranagar,13.281751,78.808568,1.48,3.9
6856,Hospital,Park_6856,Bengaluru,Electronic City,13.562122,73.825793,6.8,4.7
6857,Hospital,Restaurant_6857,Mumbai,Andheri,15.496091,74.697357,5.03,4.1
6858,College,Hospital_6858,Mumbai,Thane,14.185483,73.299269,4.77,4.9
6859,Airport,Bus Stop_6859,Hyderabad,Kondapur,16.815701,73.777215,6.05,3.4
6860,Restaurant,Mall_6860,Chennai,Velachery,17.457617,77.67231,4.12,3.2
6861,Bus Stop,College_6861,Mumbai,Powai,13.501535,75.330684,1.65,3.1
6862,Bus Stop,Bus Stop_6862,Hyderabad,Kukatpally,18.857728,77.648192,4.42,4.7
6863,Bus Stop,College_6863,Hyderabad,Kukatpally,18.024695,73.822981,5.21,4.9
6864,Bus Stop,School_6864,Chennai,Velachery,14.339491,74.646069,8.21,4.3
6865,Metro,Metro_6865,Mumbai,Andheri,15.831258,73.128184,9.29,4.6
6866,Restaurant,College_6866,Bengaluru,Indiranagar,14.88071,72.7077,4.85,3.7
6867,Hospital,Hospital_6867,Pune,Kharadi,13.546122,76.657473,0.62,4.2
6868,College,Restaurant_6868,Chennai,Adyar,12.188416,73.336198,5.51,3.3
6869,Hospital,Restaurant_6869,Hyderabad,Madhapur,15.859095,79.825558,6.61,3.6
6870,Restaurant,School_6870,Bengaluru,Indiranagar,13.148778,78.720951,3.54,4.0
6871,Mall,Metro_6871,Mumbai,Powai,16.616212,75.080594,7.26,3.3
6872,Hospital,Bus Stop_6872,Mumbai,Powai,15.976443,77.265987,4.08,4.6
6873,Park,School_6873,Chennai,Velachery,14.767914,72.068043,7.73,3.3
6874,College,Park_6874,Pune,Baner,13.901308,77.635324,9.15,4.1
6875,Airport,Mall_6875,Mumbai,Powai,15.373763,75.489196,5.84,4.2
6876,Airport,Hospital_6876,Mumbai,Powai,16.895841,75.247385,6.03,3.8
6877,Airport,Bus Stop_6877,Hyderabad,Banjara Hills,16.207213,75.918958,3.24,3.8
6878,Airport,College_6878,Bengaluru,HSR Layout,14.617665,77.600023,6.4,4.4
6879,College,Hospital_6879,Mumbai,Thane,16.619032,75.009768,3.48,4.6
6880,Airport,Airport_6880,Mumbai,Powai,12.334948,74.05239,8.48,4.7
6881,Metro,Park_6881,Hyderabad,Kondapur,18.66798,72.947733,0.64,3.7
6882,Metro,Hospital_6882,Chennai,OMR,14.356938,78.657018,6.87,3.8
6883,College,Restaurant_6883,Hyderabad,Miyapur,13.947347,73.344767,9.95,4.1
6884,Park,Mall_6884,Chennai,OMR,12.020116,76.808502,6.55,4.4
6885,Park,Hospital_6885,Chennai,Anna Nagar,17.642561,75.424954,6.63,3.8
6886,Airport,Metro_6886,Chennai,Velachery,14.01969,75.149209,2.81,4.9
6887,College,Airport_6887,Bengaluru,Electronic City,13.915943,77.310996,4.37,4.8
6888,Park,Metro_6888,Pune,Wakad,15.559296,76.32879,8.58,4.3
6889,Bus Stop,Metro_6889,Chennai,Anna Nagar,16.718471,78.790542,2.72,4.9
6890,Metro,Mall_6890,Pune,Baner,15.442498,76.402091,2.42,3.2
6891,Hospital,College_6891,Mumbai,Powai,17.227327,76.400257,9.06,4.1
6892,School,Hospital_6892,Bengaluru,Indiranagar,16.219659,75.099654,1.17,3.6
6893,Restaurant,Airport_6893,Hyderabad,Kondapur,14.211782,76.876653,7.83,4.9
6894,Airport,Mall_6894,Chennai,Adyar,13.76058,75.449807,1.69,5.0
6895,School,Airport_6895,Chennai,Velachery,14.007474,77.436991,0.72,3.4
6896,Bus Stop,Hospital_6896,Chennai,Velachery,14.892882,77.535051,6.08,3.3
6897,Park,College_6897,Bengaluru,HSR Layout,18.380312,75.584142,3.43,4.5
6898,School,College_6898,Bengaluru,Whitefield,15.829701,78.324143,1.97,4.6
6899,Hospital,Airport_6899,Mumbai,Powai,15.610224,76.592077,6.02,5.0
6900,Restaurant,Mall_6900,Mumbai,Powai,16.423288,75.468246,8.86,5.0
6901,School,Bus Stop_6901,Chennai,OMR,13.562004,76.617578,2.31,3.3
6902,School,Mall_6902,Mumbai,Thane,18.813083,77.955847,9.17,4.0
6903,Metro,Hospital_6903,Bengaluru,Whitefield,14.054195,74.972021,0.89,4.4
6904,Park,Restaurant_6904,Pune,Baner,13.726823,79.255556,8.81,4.7
6905,College,School_6905,Hyderabad,Gachibowli,13.182046,73.040518,5.52,3.3
6906,Metro,Airport_6906,Hyderabad,Jubilee Hills,17.850302,76.881684,5.99,3.1
6907,Hospital,College_6907,Pune,Wakad,13.847641,74.851632,9.42,4.9
6908,Metro,Hospital_6908,Pune,Baner,15.17155,77.82507,1.39,4.8
6909,College,Bus Stop_6909,Bengaluru,Indiranagar,17.650053,76.343721,0.57,3.4
6910,Mall,College_6910,Pune,Wakad,18.014698,73.587176,3.55,4.1
6911,School,College_6911,Mumbai,Andheri,13.581395,78.395863,9.82,4.5
6912,Metro,Metro_6912,Mumbai,Thane,18.397921,72.109913,1.69,4.0
6913,Mall,Hospital_6913,Chennai,Velachery,13.122903,79.784369,5.37,3.6
6914,College,Park_6914,Hyderabad,Gachibowli,12.941524,73.983015,0.56,3.1
6915,Bus Stop,Airport_6915,Hyderabad,Kukatpally,12.326937,75.786518,4.17,3.4
6916,Hospital,Bus Stop_6916,Bengaluru,Electronic City,13.536695,76.276353,6.9,4.3
6917,College,Bus Stop_6917,Mumbai,Bandra,12.594802,75.631337,7.1,4.8
6918,Bus Stop,Metro_6918,Chennai,Adyar,14.969116,74.591465,9.29,4.9
6919,Restaurant,Park_6919,Pune,Baner,12.90157,74.319373,7.12,3.6
6920,Metro,Metro_6920,Bengaluru,Indiranagar,15.71017,76.507075,4.72,4.3
6921,Airport,Airport_6921,Chennai,Adyar,16.756359,73.790807,3.78,4.2
6922,Metro,Mall_6922,Mumbai,Bandra,13.748419,76.713429,3.09,4.3
6923,School,Metro_6923,Chennai,Adyar,16.836537,75.202474,3.19,3.9
6924,Mall,Restaurant_6924,Mumbai,Powai,15.494169,75.703381,4.7,3.5
6925,School,Park_6925,Hyderabad,Gachibowli,13.957904,75.137274,7.55,3.5
6926,Mall,Mall_6926,Pune,Baner,15.393498,77.629023,7.56,4.5
6927,School,School_6927,Chennai,Adyar,17.049221,72.110195,2.82,3.5
6928,Park,School_6928,Pune,Kharadi,12.266722,74.139911,3.96,3.6
6929,School,Mall_6929,Mumbai,Powai,13.530253,73.052078,5.52,3.4
6930,Bus Stop,Park_6930,Hyderabad,Banjara Hills,14.571892,79.183605,7.73,3.1
6931,Hospital,Park_6931,Bengaluru,HSR Layout,16.220928,75.993007,7.03,3.6
6932,Bus Stop,Park_6932,Pune,Kharadi,13.725057,72.320724,4.3,4.8
6933,School,Hospital_6933,Pune,Baner,14.467512,72.241705,5.36,4.3
6934,Metro,School_6934,Bengaluru,Indiranagar,15.542335,74.825584,9.67,4.6
6935,Metro,Metro_6935,Hyderabad,Miyapur,15.123529,72.369572,3.63,4.3
6936,Metro,Mall_6936,Hyderabad,Gachibowli,15.431364,79.355946,7.07,4.7
6937,Park,Airport_6937,Pune,Wakad,12.694977,78.657222,6.68,4.1
6938,Park,Bus Stop_6938,Pune,Hinjewadi,14.578888,78.485422,8.61,3.8
6939,Mall,Hospital_6939,Bengaluru,Whitefield,17.984538,75.69303,4.83,3.4
6940,Airport,School_6940,Bengaluru,Indiranagar,15.925053,72.606289,6.22,4.3
6941,Park,Restaurant_6941,Chennai,Velachery,16.101257,77.74389,3.86,4.5
6942,Park,Restaurant_6942,Hyderabad,Kondapur,17.144867,79.426338,2.24,3.5
6943,School,Park_6943,Chennai,Velachery,15.357337,72.18341,8.25,4.9
6944,Restaurant,Restaurant_6944,Pune,Wakad,18.752247,74.791478,8.06,3.3
6945,Hospital,Hospital_6945,Hyderabad,Jubilee Hills,15.714612,74.368293,8.73,5.0
6946,School,Airport_6946,Mumbai,Bandra,18.034916,73.035507,3.03,4.2
6947,Airport,Restaurant_6947,Hyderabad,Miyapur,18.605547,76.791191,7.04,4.5
6948,Bus Stop,Park_6948,Chennai,Velachery,12.016391,73.256794,6.24,3.6
6949,Bus Stop,Airport_6949,Bengaluru,HSR Layout,14.229953,76.517899,0.83,4.6
6950,Mall,Park_6950,Chennai,OMR,16.228528,78.41306,6.2,4.0
6951,Metro,Restaurant_6951,Bengaluru,Electronic City,16.31485,75.209734,9.19,4.1
6952,Restaurant,Mall_6952,Bengaluru,Whitefield,14.905285,79.314472,9.92,3.3
6953,Hospital,College_6953,Mumbai,Andheri,16.527629,75.431256,7.3,3.5
6954,Restaurant,Bus Stop_6954,Bengaluru,Indiranagar,14.110691,75.003202,2.33,4.0
6955,College,Mall_6955,Bengaluru,Whitefield,13.315086,74.679891,6.81,4.3
6956,Airport,School_6956,Hyderabad,Miyapur,16.264035,78.306842,4.83,4.6
6957,Airport,Metro_6957,Mumbai,Powai,12.258155,73.945568,6.9,4.5
6958,School,Bus Stop_6958,Hyderabad,Miyapur,13.044993,79.275797,8.01,4.2
6959,Hospital,Park_6959,Mumbai,Bandra,18.630482,77.513709,1.78,4.5
6960,Hospital,Restaurant_6960,Bengaluru,HSR Layout,17.907602,75.208705,2.94,4.0
6961,College,School_6961,Pune,Baner,15.853433,73.910422,3.35,4.0
6962,Metro,College_6962,Hyderabad,Miyapur,17.816518,72.180383,2.85,4.2
6963,Restaurant,Bus Stop_6963,Hyderabad,Banjara Hills,18.047313,75.722427,1.92,4.3
6964,Restaurant,Mall_6964,Mumbai,Powai,16.366204,77.795332,9.43,4.1
6965,Bus Stop,Hospital_6965,Mumbai,Andheri,12.190164,72.711154,3.66,4.8
6966,Mall,Airport_6966,Bengaluru,Electronic City,17.906233,73.351968,7.8,3.4
6967,Airport,College_6967,Bengaluru,HSR Layout,18.080109,78.143388,8.99,3.6
6968,Airport,Restaurant_6968,Hyderabad,Gachibowli,18.347826,72.103233,7.39,3.9
6969,College,Airport_6969,Chennai,OMR,14.39217,75.960893,0.66,4.1
6970,Mall,Restaurant_6970,Bengaluru,HSR Layout,15.173949,75.070004,8.9,5.0
6971,Hospital,Airport_6971,Mumbai,Andheri,13.244337,75.680067,5.67,3.3
6972,School,Airport_6972,Bengaluru,Electronic City,18.497928,72.0077,3.52,4.9
6973,Restaurant,Hospital_6973,Mumbai,Thane,14.923607,72.614736,8.2,4.8
6974,Bus Stop,Airport_6974,Chennai,Adyar,17.916107,78.062259,2.19,3.3
6975,Airport,Bus Stop_6975,Chennai,OMR,13.975107,79.98684,1.04,3.9
6976,Metro,Hospital_6976,Mumbai,Andheri,14.256533,78.116648,1.55,3.5
6977,Bus Stop,Restaurant_6977,Mumbai,Bandra,14.785723,77.521441,7.7,3.9
6978,Metro,Mall_6978,Hyderabad,Miyapur,13.442874,77.298168,4.92,3.3
6979,Mall,Metro_6979,Mumbai,Thane,12.365443,79.944431,7.48,3.4
6980,Restaurant,Airport_6980,Chennai,OMR,14.708234,73.083281,4.87,4.3
6981,Bus Stop,Metro_6981,Pune,Wakad,18.71825,78.578704,6.8,4.7
6982,Bus Stop,Park_6982,Chennai,Velachery,14.642455,74.683816,6.68,3.4
6983,College,Mall_6983,Bengaluru,HSR Layout,16.195864,72.911153,9.46,3.1
6984,Mall,Bus Stop_6984,Chennai,OMR,17.142416,73.299638,0.43,3.6
6985,Restaurant,Hospital_6985,Bengaluru,HSR Layout,13.950894,72.710306,4.33,4.6
6986,Restaurant,Bus Stop_6986,Bengaluru,Electronic City,14.030726,74.697809,7.26,4.9
6987,Bus Stop,College_6987,Chennai,Velachery,17.15337,77.656437,9.09,3.0
6988,Mall,Bus Stop_6988,Hyderabad,Gachibowli,12.272906,79.872646,0.46,4.5
6989,Metro,Restaurant_6989,Bengaluru,Indiranagar,15.906893,79.782808,9.94,3.9
6990,Mall,Metro_6990,Pune,Baner,16.621716,78.427687,4.58,4.1
6991,Mall,College_6991,Bengaluru,Electronic City,12.133223,74.630893,6.11,4.6
6992,Mall,Restaurant_6992,Bengaluru,Whitefield,14.370616,78.52371,8.87,3.2
6993,Airport,Mall_6993,Hyderabad,Gachibowli,15.715288,72.392774,1.83,4.5
6994,Bus Stop,College_6994,Bengaluru,HSR Layout,15.792026,77.660881,7.96,3.2
6995,Airport,Bus Stop_6995,Mumbai,Andheri,12.083403,79.568693,7.8,4.5
6996,Restaurant,Bus Stop_6996,Bengaluru,Whitefield,16.793993,76.313002,4.77,5.0
6997,School,Bus Stop_6997,Bengaluru,Indiranagar,16.456511,72.979136,5.34,3.3
6998,Park,Hospital_6998,Chennai,OMR,16.035144,74.094242,5.65,4.4
6999,Park,Hospital_6999,Pune,Wakad,15.508006,72.239919,8.81,4.5
7000,Airport,Metro_7000,Hyderabad,Banjara Hills,17.79126,74.054357,6.8,4.8
7001,Mall,Metro_7001,Hyderabad,Gachibowli,14.75057,73.308441,1.63,4.4
7002,Park,Metro_7002,Mumbai,Powai,14.769443,76.807393,3.66,3.0
7003,Restaurant,Airport_7003,Chennai,Adyar,13.18099,76.323924,7.56,4.8
7004,Bus Stop,Bus Stop_7004,Mumbai,Andheri,14.756188,76.757573,2.67,4.0
7005,Metro,Metro_7005,Bengaluru,Indiranagar,13.942988,75.954983,8.78,4.3
7006,Airport,Metro_7006,Mumbai,Andheri,12.21365,75.080226,2.64,4.3
7007,Bus Stop,Bus Stop_7007,Hyderabad,Madhapur,16.218451,79.340002,0.16,3.6
7008,Park,Mall_7008,Hyderabad,Banjara Hills,15.320275,73.043711,5.21,3.1
7009,Bus Stop,Airport_7009,Bengaluru,Indiranagar,12.138119,72.033266,3.73,4.5
7010,Metro,Restaurant_7010,Bengaluru,Indiranagar,13.361071,77.135779,8.81,3.8
7011,Mall,Park_7011,Mumbai,Thane,15.695802,75.852819,2.75,3.8
7012,Park,Bus Stop_7012,Pune,Baner,18.091997,78.062156,4.99,3.3
7013,Metro,Metro_7013,Mumbai,Bandra,18.598381,77.755647,0.65,4.1
7014,Park,College_7014,Bengaluru,HSR Layout,15.509729,73.973314,0.93,4.5
7015,Metro,Mall_7015,Pune,Wakad,17.384814,75.815609,1.49,3.1
7016,Bus Stop,Metro_7016,Chennai,OMR,15.603708,75.970673,6.2,4.3
7017,Mall,College_7017,Mumbai,Powai,12.730784,73.994877,5.57,3.8
7018,Bus Stop,Restaurant_7018,Hyderabad,Kukatpally,18.495501,75.675632,2.04,4.0
7019,School,Metro_7019,Chennai,Anna Nagar,18.793827,77.189913,3.17,3.4
7020,College,Airport_7020,Hyderabad,Miyapur,16.675517,75.200744,1.85,4.1
7021,Mall,Mall_7021,Hyderabad,Kukatpally,12.112822,79.837835,8.52,4.4
7022,Hospital,Hospital_7022,Bengaluru,Indiranagar,12.380415,79.060154,5.0,3.1
7023,Restaurant,Bus Stop_7023,Pune,Wakad,12.564401,73.107039,1.53,3.4
7024,Park,Restaurant_7024,Chennai,OMR,14.301162,73.839896,1.2,4.1
7025,School,Park_7025,Mumbai,Bandra,12.299888,78.681298,4.82,3.8
7026,Mall,Airport_7026,Bengaluru,Whitefield,15.560352,76.442692,8.15,4.9
7027,Park,Bus Stop_7027,Pune,Wakad,17.368496,77.39277,8.38,4.1
7028,Metro,Metro_7028,Mumbai,Powai,12.90052,75.08596,8.89,3.1
7029,College,Airport_7029,Pune,Hinjewadi,18.238353,77.803692,7.17,3.5
7030,School,Mall_7030,Hyderabad,Kondapur,14.388723,76.849694,1.62,5.0
7031,School,Mall_7031,Mumbai,Bandra,18.483426,75.493253,9.0,4.2
7032,School,Park_7032,Bengaluru,Electronic City,17.775515,73.363338,4.69,3.7
7033,College,Bus Stop_7033,Pune,Wakad,18.897896,74.296978,2.48,3.4
7034,Airport,Restaurant_7034,Pune,Hinjewadi,13.226662,75.539402,8.34,3.5
7035,Restaurant,Park_7035,Chennai,Velachery,16.180671,72.445481,7.91,4.9
7036,Bus Stop,College_7036,Hyderabad,Kukatpally,16.247501,79.770696,8.84,4.8
7037,Airport,Hospital_7037,Hyderabad,Kukatpally,13.6034,78.085296,0.99,3.6
7038,Restaurant,Park_7038,Pune,Baner,14.51746,76.872976,4.94,4.6
7039,Park,Airport_7039,Pune,Kharadi,15.17737,78.126933,2.05,3.4
7040,Hospital,College_7040,Bengaluru,Electronic City,17.605348,72.172623,1.08,3.5
7041,Bus Stop,Metro_7041,Chennai,Velachery,15.275659,72.405764,8.0,3.2
7042,Park,Restaurant_7042,Mumbai,Andheri,14.553123,75.244666,7.69,3.8
7043,Metro,Metro_7043,Pune,Kharadi,14.56737,78.240275,2.5,3.9
7044,Bus Stop,Hospital_7044,Mumbai,Bandra,13.414418,78.204698,9.05,4.1
7045,Mall,School_7045,Pune,Kharadi,16.225242,79.482407,6.1,4.6
7046,Bus Stop,Restaurant_7046,Chennai,Adyar,14.303627,75.704809,3.77,4.2
7047,School,Bus Stop_7047,Chennai,Velachery,14.776013,73.453724,7.19,3.5
7048,Metro,Restaurant_7048,Pune,Baner,14.193495,77.49104,1.36,3.3
7049,Hospital,Mall_7049,Pune,Hinjewadi,17.390851,72.319849,2.72,3.7
7050,Restaurant,School_7050,Mumbai,Bandra,18.327497,78.683885,3.96,3.7
7051,Bus Stop,Mall_7051,Bengaluru,Whitefield,17.392525,72.530161,6.5,4.0
7052,Mall,School_7052,Hyderabad,Madhapur,14.528918,72.127615,4.24,4.3
7053,Mall,Restaurant_7053,Hyderabad,Kondapur,15.609293,72.489164,6.95,4.9
7054,Bus Stop,Park_7054,Pune,Baner,16.703831,76.456561,7.34,4.8
7055,College,Restaurant_7055,Hyderabad,Kondapur,12.549592,78.9025,2.48,5.0
7056,Airport,Mall_7056,Pune,Wakad,14.838397,76.277234,1.18,3.4
7057,Metro,Metro_7057,Hyderabad,Kondapur,14.506041,79.063532,0.42,3.6
7058,Bus Stop,Hospital_7058,Pune,Wakad,18.96211,73.197431,2.71,4.4
7059,Bus Stop,Airport_7059,Mumbai,Thane,17.662666,75.742835,3.98,3.0
7060,Airport,School_7060,Hyderabad,Madhapur,13.097938,73.088027,3.39,4.0
7061,Metro,Park_7061,Hyderabad,Kukatpally,18.043436,75.328718,3.65,3.3
7062,Mall,School_7062,Bengaluru,Indiranagar,15.051052,75.664196,8.6,4.3
7063,Airport,Hospital_7063,Mumbai,Bandra,16.275187,75.489043,9.72,4.8
7064,Park,Bus Stop_7064,Bengaluru,HSR Layout,14.61816,76.000475,8.9,3.9
7065,School,Mall_7065,Mumbai,Thane,18.249171,76.467869,6.13,4.4
7066,School,Mall_7066,Chennai,Velachery,14.540141,79.528258,9.24,5.0
7067,Bus Stop,Hospital_7067,Hyderabad,Madhapur,18.596969,75.406509,2.62,3.4
7068,Hospital,Hospital_7068,Hyderabad,Gachibowli,16.198619,77.41911,7.59,5.0
7069,Hospital,Park_7069,Pune,Hinjewadi,15.197705,72.265675,0.31,3.8
7070,Hospital,Restaurant_7070,Hyderabad,Miyapur,14.588479,79.17894,7.83,3.7
7071,Hospital,Metro_7071,Pune,Baner,13.560096,76.195792,7.53,3.8
7072,Mall,Bus Stop_7072,Chennai,Adyar,13.066229,76.222436,4.7,4.3
7073,Bus Stop,Hospital_7073,Hyderabad,Gachibowli,16.6758,73.762382,8.27,3.7
7074,Hospital,School_7074,Hyderabad,Banjara Hills,18.148286,78.520062,8.67,3.6
7075,Mall,Airport_7075,Pune,Kharadi,17.099245,79.911483,9.12,4.6
7076,School,Hospital_7076,Bengaluru,Indiranagar,16.220223,75.533275,1.57,3.3
7077,Park,College_7077,Chennai,OMR,16.496341,74.994115,4.06,4.9
7078,School,School_7078,Chennai,OMR,17.16347,77.234366,8.3,3.8
7079,Park,Park_7079,Mumbai,Bandra,16.014496,78.653084,8.96,3.2
7080,Airport,Park_7080,Hyderabad,Gachibowli,13.411625,76.183368,0.49,4.8
7081,Restaurant,College_7081,Pune,Baner,18.269211,79.108257,1.81,4.0
7082,Hospital,School_7082,Chennai,Velachery,15.667903,77.723176,1.44,3.2
7083,Metro,Airport_7083,Pune,Wakad,17.736122,74.521559,8.4,3.5
7084,Restaurant,College_7084,Pune,Wakad,13.890324,77.440596,7.88,3.5
7085,Hospital,Metro_7085,Bengaluru,HSR Layout,15.343537,77.506781,2.4,4.3
7086,Mall,Park_7086,Mumbai,Powai,12.784939,76.061046,6.99,4.6
7087,Hospital,College_7087,Chennai,OMR,18.472337,75.622706,5.92,4.4
7088,Restaurant,Hospital_7088,Bengaluru,Indiranagar,18.648414,78.665975,7.66,4.3
7089,Bus Stop,Airport_7089,Chennai,Adyar,12.195102,75.237808,2.53,3.6
7090,College,Metro_7090,Bengaluru,Whitefield,18.094929,77.605162,8.78,4.2
7091,College,Park_7091,Bengaluru,Whitefield,15.172619,76.733032,9.98,4.7
7092,School,Hospital_7092,Chennai,OMR,12.393965,77.824816,6.76,4.4
7093,Restaurant,Airport_7093,Mumbai,Bandra,18.968835,74.579584,6.77,4.5
7094,Bus Stop,School_7094,Chennai,OMR,13.205482,72.917652,2.7,3.3
7095,Airport,Mall_7095,Chennai,Velachery,17.207157,73.190255,3.11,4.2
7096,Hospital,Airport_7096,Chennai,OMR,16.108695,73.958868,7.82,4.9
7097,Hospital,College_7097,Bengaluru,Indiranagar,13.360268,78.641405,1.47,3.9
7098,Bus Stop,Mall_7098,Hyderabad,Banjara Hills,13.632468,76.712756,5.13,3.3
7099,School,Bus Stop_7099,Mumbai,Powai,15.065798,77.018395,5.59,3.9
7100,College,Hospital_7100,Chennai,Velachery,18.416662,79.30264,3.08,3.4
7101,Hospital,School_7101,Pune,Hinjewadi,15.631432,76.771558,8.44,3.5
7102,Park,Park_7102,Mumbai,Powai,13.874421,77.725742,6.76,4.4
7103,Hospital,College_7103,Hyderabad,Miyapur,13.488128,75.201785,2.05,3.6
7104,Metro,Bus Stop_7104,Pune,Wakad,13.665801,77.034488,5.78,4.0
7105,Metro,Park_7105,Chennai,Adyar,12.979266,73.697098,3.82,4.5
7106,Airport,Restaurant_7106,Hyderabad,Jubilee Hills,13.442675,79.557537,9.14,4.8
7107,Mall,Airport_7107,Mumbai,Thane,17.812966,77.896309,1.53,4.2
7108,Hospital,School_7108,Chennai,Adyar,13.372518,77.213986,8.22,4.0
7109,Metro,Airport_7109,Pune,Wakad,18.159532,76.585617,6.4,3.7
7110,College,Bus Stop_7110,Pune,Baner,16.736472,79.970847,4.37,3.1
7111,Restaurant,School_7111,Pune,Hinjewadi,13.297923,72.991906,9.09,3.8
7112,Hospital,Hospital_7112,Hyderabad,Madhapur,17.354265,75.330067,7.89,3.5
7113,Bus Stop,Bus Stop_7113,Bengaluru,Whitefield,14.695221,77.403897,9.46,3.2
7114,Restaurant,School_7114,Hyderabad,Miyapur,13.881277,77.757609,8.05,4.9
7115,College,School_7115,Pune,Wakad,17.96659,78.490709,7.69,3.5
7116,Mall,Hospital_7116,Pune,Kharadi,14.52147,74.28311,1.06,3.5
7117,Metro,Hospital_7117,Bengaluru,Indiranagar,13.605096,79.282389,1.08,4.5
7118,Park,Mall_7118,Pune,Baner,13.205675,74.226176,1.01,4.8
7119,Metro,Park_7119,Chennai,OMR,14.184382,72.414889,0.9,4.4
7120,Park,College_7120,Pune,Baner,13.063797,72.336933,3.69,5.0
7121,Metro,Airport_7121,Chennai,Anna Nagar,16.121411,72.917036,8.11,4.6
7122,Airport,College_7122,Hyderabad,Banjara Hills,17.362966,77.649638,9.43,3.1
7123,School,Hospital_7123,Mumbai,Andheri,12.756117,72.646441,5.58,3.4
7124,Park,Park_7124,Bengaluru,Indiranagar,18.543845,79.459386,8.43,3.7
7125,College,College_7125,Mumbai,Thane,16.603127,72.409483,0.61,4.4
7126,Mall,Mall_7126,Mumbai,Andheri,12.029639,72.428474,8.17,4.7
7127,Restaurant,Restaurant_7127,Mumbai,Andheri,18.919957,77.672174,4.28,4.0
7128,Metro,Mall_7128,Hyderabad,Banjara Hills,15.026913,78.369401,8.14,4.3
7129,College,Bus Stop_7129,Pune,Wakad,18.842243,77.057099,4.68,3.4
7130,Park,Metro_7130,Chennai,Anna Nagar,18.47886,76.994316,1.59,3.5
7131,Metro,Metro_7131,Hyderabad,Gachibowli,14.977155,79.396884,2.88,4.4
7132,Bus Stop,Restaurant_7132,Chennai,Adyar,15.191359,75.983679,6.97,3.7
7133,Airport,Airport_7133,Bengaluru,Whitefield,17.303035,78.223095,8.52,3.5
7134,Hospital,Bus Stop_7134,Bengaluru,Indiranagar,17.497367,73.54959,3.36,4.9
7135,Airport,Hospital_7135,Chennai,Anna Nagar,15.933127,72.254846,4.56,3.8
7136,Restaurant,Metro_7136,Chennai,OMR,15.283181,72.13705,3.41,3.4
7137,Mall,Hospital_7137,Mumbai,Andheri,16.779141,72.955193,8.76,3.8
7138,Hospital,Metro_7138,Pune,Baner,15.605396,78.891526,6.54,3.9
7139,Bus Stop,Bus Stop_7139,Bengaluru,Whitefield,14.079755,77.854189,6.51,3.0
7140,College,Restaurant_7140,Bengaluru,Whitefield,16.939962,74.472519,2.23,3.1
7141,School,Restaurant_7141,Chennai,Adyar,14.375413,79.25778,6.37,4.5
7142,College,Park_7142,Hyderabad,Gachibowli,16.890483,75.34836,2.43,3.8
7143,Mall,Park_7143,Pune,Baner,13.640776,74.134785,7.02,4.0
7144,Hospital,Hospital_7144,Mumbai,Powai,12.081627,78.292275,9.08,4.7
7145,School,School_7145,Mumbai,Bandra,17.446142,78.97203,1.96,3.9
7146,Mall,Park_7146,Pune,Wakad,15.527827,76.131333,4.52,3.3
7147,Airport,Metro_7147,Chennai,OMR,15.37486,78.173243,2.0,4.3
7148,Hospital,Restaurant_7148,Mumbai,Andheri,15.096901,76.860261,3.56,3.0
7149,Restaurant,Mall_7149,Bengaluru,Electronic City,13.856752,79.373964,8.92,4.2
7150,Bus Stop,College_7150,Chennai,Velachery,14.97424,75.694516,3.23,4.9
7151,Restaurant,Airport_7151,Chennai,Velachery,18.4928,78.117138,4.08,4.9
7152,College,Metro_7152,Hyderabad,Banjara Hills,14.140971,74.464956,7.39,4.1
7153,Airport,Metro_7153,Bengaluru,HSR Layout,18.914691,73.753583,8.63,3.3
7154,Park,Bus Stop_7154,Bengaluru,HSR Layout,15.952505,79.169623,4.05,4.2
7155,Restaurant,Hospital_7155,Mumbai,Thane,12.964481,74.6436,1.78,4.1
7156,School,School_7156,Bengaluru,Whitefield,14.051863,79.242445,1.03,3.4
7157,College,Hospital_7157,Pune,Baner,13.418648,75.625764,3.94,4.9
7158,Park,Airport_7158,Chennai,Velachery,14.156005,73.504782,2.94,3.4
7159,Airport,Hospital_7159,Pune,Baner,14.621497,73.750154,4.66,4.7
7160,Mall,Metro_7160,Bengaluru,Indiranagar,16.990592,75.489773,5.22,3.8
7161,Metro,Hospital_7161,Mumbai,Andheri,15.604654,77.270194,6.2,4.9
7162,Metro,Bus Stop_7162,Bengaluru,Indiranagar,14.649182,76.626175,1.36,4.7
7163,Restaurant,Bus Stop_7163,Hyderabad,Jubilee Hills,13.937554,78.602423,7.13,4.3
7164,Hospital,School_7164,Mumbai,Powai,13.102814,79.930128,7.39,3.2
7165,Airport,Mall_7165,Bengaluru,Indiranagar,12.087751,75.192382,9.33,3.0
7166,Mall,Restaurant_7166,Pune,Hinjewadi,12.259246,77.391302,6.35,3.8
7167,School,Park_7167,Mumbai,Powai,15.65577,76.59656,8.47,3.4
7168,Park,College_7168,Pune,Hinjewadi,12.771573,72.568307,2.26,4.8
7169,Restaurant,Restaurant_7169,Bengaluru,Whitefield,13.057463,79.414508,9.64,3.5
7170,Restaurant,School_7170,Bengaluru,Whitefield,12.996661,79.594313,5.61,4.5
7171,Hospital,Park_7171,Bengaluru,Indiranagar,14.519502,76.343153,0.86,4.8
7172,Park,Mall_7172,Chennai,Anna Nagar,12.805882,78.819935,4.61,3.9
7173,Park,Metro_7173,Hyderabad,Miyapur,18.08905,75.420634,6.89,3.8
7174,Park,Park_7174,Chennai,Velachery,12.490856,73.43633,9.09,5.0
7175,Airport,Hospital_7175,Bengaluru,Indiranagar,12.582188,74.657485,4.05,3.3
7176,Restaurant,Airport_7176,Mumbai,Thane,16.582931,76.579563,6.07,4.3
7177,College,Metro_7177,Mumbai,Thane,15.35953,75.497072,9.34,3.1
7178,Metro,Airport_7178,Bengaluru,HSR Layout,15.134095,78.651034,3.36,4.1
7179,Hospital,Mall_7179,Chennai,Anna Nagar,15.186413,72.44612,8.76,3.4
7180,Airport,Metro_7180,Chennai,Adyar,14.864985,75.445594,8.71,4.6
7181,Airport,Restaurant_7181,Pune,Baner,14.36853,78.423763,1.11,5.0
7182,College,College_7182,Hyderabad,Gachibowli,13.547559,75.135781,3.18,4.9
7183,Bus Stop,Mall_7183,Bengaluru,HSR Layout,16.514338,79.886003,1.31,4.3
7184,Restaurant,Airport_7184,Chennai,Anna Nagar,13.407067,72.581619,2.88,4.8
7185,Park,Mall_7185,Chennai,Anna Nagar,16.209537,73.808995,6.15,3.5
7186,Airport,College_7186,Chennai,Adyar,15.80296,74.71938,0.21,4.1
7187,Restaurant,Mall_7187,Bengaluru,Whitefield,17.115264,78.872343,3.41,4.4
7188,Mall,Airport_7188,Hyderabad,Gachibowli,15.43998,78.642938,5.4,4.2
7189,School,Airport_7189,Chennai,OMR,16.567694,72.438564,5.22,3.2
7190,Mall,School_7190,Bengaluru,Indiranagar,14.146052,78.836411,3.83,3.6
7191,Restaurant,Hospital_7191,Chennai,Adyar,12.951633,75.580774,0.71,3.7
7192,College,Airport_7192,Bengaluru,Electronic City,12.562491,77.552879,7.81,4.1
7193,Mall,Restaurant_7193,Mumbai,Andheri,12.845864,75.488924,4.09,4.7
7194,Mall,Airport_7194,Bengaluru,Indiranagar,15.218937,76.264783,3.83,3.5
7195,Metro,School_7195,Hyderabad,Jubilee Hills,16.551906,74.645411,9.74,3.6
7196,College,Park_7196,Chennai,Anna Nagar,16.691966,79.26153,8.64,4.8
7197,Metro,College_7197,Pune,Kharadi,15.970625,72.731015,0.24,4.0
7198,Airport,Mall_7198,Bengaluru,Indiranagar,17.942933,77.395157,0.24,3.0
7199,College,Hospital_7199,Bengaluru,Whitefield,13.107018,77.290296,2.45,3.4
7200,Park,School_7200,Pune,Kharadi,15.291506,74.858323,9.08,4.8
7201,Airport,College_7201,Pune,Wakad,12.406724,73.898781,3.92,4.0
7202,College,Airport_7202,Bengaluru,Indiranagar,18.228089,73.963254,4.41,3.5
7203,Bus Stop,Mall_7203,Chennai,OMR,16.908868,74.432116,7.52,3.9
7204,Restaurant,Airport_7204,Mumbai,Andheri,18.045452,74.214784,1.33,3.1
7205,Hospital,Airport_7205,Bengaluru,HSR Layout,14.225241,77.873902,5.02,3.7
7206,Hospital,Hospital_7206,Bengaluru,HSR Layout,18.228834,73.435928,8.82,3.0
7207,Bus Stop,Hospital_7207,Hyderabad,Jubilee Hills,13.768301,73.934062,1.47,4.3
7208,School,Airport_7208,Bengaluru,HSR Layout,17.208971,78.061203,9.26,4.9
7209,School,School_7209,Bengaluru,Indiranagar,12.452697,73.008814,8.76,4.7
7210,Mall,Mall_7210,Bengaluru,Electronic City,14.110825,75.038589,7.41,4.8
7211,Park,Hospital_7211,Hyderabad,Kondapur,14.894111,77.149891,1.93,4.0
7212,Mall,Restaurant_7212,Chennai,Anna Nagar,12.766131,74.859955,4.49,3.9
7213,Restaurant,Metro_7213,Bengaluru,Indiranagar,17.086407,74.227142,9.81,3.3
7214,Hospital,School_7214,Hyderabad,Gachibowli,13.322778,76.591657,3.0,3.3
7215,College,Bus Stop_7215,Bengaluru,Electronic City,18.883559,75.611012,5.63,4.8
7216,Restaurant,School_7216,Chennai,Anna Nagar,18.398593,79.959208,4.36,3.6
7217,Airport,Metro_7217,Hyderabad,Madhapur,18.553897,74.334956,2.39,3.4
7218,Bus Stop,Airport_7218,Mumbai,Powai,17.690802,76.572745,7.97,3.2
7219,College,School_7219,Chennai,Anna Nagar,14.557179,76.659445,2.36,4.7
7220,Hospital,Bus Stop_7220,Hyderabad,Kukatpally,13.870247,77.162486,1.69,4.8
7221,Bus Stop,Mall_7221,Hyderabad,Gachibowli,17.873222,75.906626,3.3,4.6
7222,Restaurant,Metro_7222,Mumbai,Andheri,13.054147,78.518471,3.17,3.1
7223,Hospital,Restaurant_7223,Mumbai,Thane,13.110078,75.441569,9.72,4.3
7224,Airport,College_7224,Hyderabad,Madhapur,14.551144,72.570778,9.11,3.8
7225,Hospital,Metro_7225,Bengaluru,Whitefield,15.430404,74.845833,3.2,3.8
7226,School,Bus Stop_7226,Bengaluru,Whitefield,14.990825,78.733203,3.09,4.7
7227,Metro,Mall_7227,Chennai,Velachery,16.059006,74.834238,0.59,3.9
7228,Bus Stop,Park_7228,Mumbai,Andheri,14.920983,79.230762,5.11,3.1
7229,Metro,College_7229,Hyderabad,Banjara Hills,14.899378,75.949583,6.16,3.8
7230,Metro,Bus Stop_7230,Mumbai,Bandra,14.221731,79.317062,6.21,3.7
7231,College,College_7231,Mumbai,Thane,18.656069,77.474649,3.84,3.0
7232,Airport,School_7232,Bengaluru,Whitefield,15.094148,75.354744,2.69,4.2
7233,Airport,Airport_7233,Chennai,Adyar,16.570906,78.990698,8.04,4.4
7234,Park,Bus Stop_7234,Bengaluru,Electronic City,16.915054,74.993322,7.49,4.7
7235,Metro,Bus Stop_7235,Pune,Baner,14.953735,77.177932,7.1,3.4
7236,Restaurant,School_7236,Bengaluru,Whitefield,18.820199,77.827607,9.01,3.1
7237,Hospital,School_7237,Hyderabad,Madhapur,13.673397,77.140574,2.61,4.6
7238,Hospital,Mall_7238,Pune,Kharadi,16.14212,79.292614,2.88,4.0
7239,Restaurant,Bus Stop_7239,Bengaluru,Electronic City,17.963343,72.791443,9.32,3.3
7240,Mall,Bus Stop_7240,Chennai,Velachery,13.158785,76.000918,1.08,3.8
7241,School,Mall_7241,Pune,Wakad,15.01983,72.809113,2.37,3.6
7242,Airport,School_7242,Bengaluru,Whitefield,12.093858,78.572917,2.14,4.6
7243,Mall,College_7243,Bengaluru,Whitefield,17.174432,72.374889,3.45,4.0
7244,Metro,Mall_7244,Hyderabad,Madhapur,13.267837,77.032387,1.08,4.9
7245,College,Hospital_7245,Pune,Hinjewadi,17.580985,77.646729,6.78,4.3
7246,Mall,Restaurant_7246,Bengaluru,Whitefield,16.024104,73.660361,4.2,3.7
7247,Airport,Mall_7247,Chennai,Velachery,17.732023,73.588254,8.78,3.0
7248,Bus Stop,School_7248,Pune,Kharadi,16.246246,74.550314,7.78,3.7
7249,Restaurant,School_7249,Bengaluru,HSR Layout,17.351506,78.406141,4.79,3.9
7250,Bus Stop,School_7250,Pune,Baner,13.399554,79.810026,5.93,4.5
7251,School,Restaurant_7251,Mumbai,Powai,15.055821,75.29245,8.91,3.9
7252,Bus Stop,Mall_7252,Bengaluru,Indiranagar,16.421613,73.735975,8.07,3.3
7253,Restaurant,Bus Stop_7253,Chennai,Adyar,14.591632,79.976403,4.75,4.6
7254,Airport,Metro_7254,Mumbai,Andheri,17.685648,77.821468,6.65,3.2
7255,School,Hospital_7255,Chennai,Velachery,12.879227,76.194446,9.32,4.5
7256,Restaurant,Airport_7256,Mumbai,Andheri,14.45702,74.820873,1.54,3.9
7257,School,Park_7257,Hyderabad,Miyapur,14.342968,78.352409,1.78,3.1
7258,School,Restaurant_7258,Bengaluru,Whitefield,17.59394,79.443403,7.47,4.5
7259,Restaurant,Airport_7259,Bengaluru,Indiranagar,18.534918,79.947328,0.13,4.8
7260,Airport,Bus Stop_7260,Chennai,OMR,17.447407,79.433461,5.36,4.9
7261,Mall,Hospital_7261,Hyderabad,Banjara Hills,18.725934,78.513501,7.3,4.6
7262,Hospital,Metro_7262,Pune,Kharadi,16.938175,73.922619,7.66,3.1
7263,Metro,College_7263,Pune,Kharadi,12.80682,77.770598,6.08,3.9
7264,Airport,Hospital_7264,Chennai,OMR,14.960074,72.126597,8.01,4.0
7265,College,Restaurant_7265,Mumbai,Thane,17.11159,72.601221,2.26,4.9
7266,Park,Mall_7266,Bengaluru,Indiranagar,14.789754,74.545509,5.8,3.4
7267,Metro,Hospital_7267,Hyderabad,Kukatpally,12.443218,73.360906,3.33,4.4
7268,School,Mall_7268,Mumbai,Andheri,13.133113,75.86452,8.76,4.4
7269,Metro,Bus Stop_7269,Pune,Kharadi,15.642311,75.791739,2.72,3.4
7270,School,Metro_7270,Mumbai,Thane,18.518869,77.046097,8.06,3.1
7271,Mall,College_7271,Chennai,OMR,18.520134,74.9261,8.43,3.9
7272,Park,Park_7272,Pune,Baner,13.637424,76.025338,1.8,5.0
7273,College,Hospital_7273,Mumbai,Bandra,12.491017,77.709835,1.31,4.2
7274,College,Mall_7274,Bengaluru,Whitefield,18.678474,72.4087,1.19,3.6
7275,School,Restaurant_7275,Bengaluru,Indiranagar,15.648107,72.420435,3.23,4.7
7276,Hospital,College_7276,Chennai,OMR,18.686732,76.721207,5.55,3.7
7277,College,Metro_7277,Pune,Baner,18.575392,78.901383,1.14,3.0
7278,Park,Airport_7278,Mumbai,Thane,12.064227,77.278467,3.51,3.0
7279,College,Airport_7279,Hyderabad,Banjara Hills,17.391051,75.991784,4.86,3.6
7280,Hospital,College_7280,Pune,Wakad,16.644946,75.243534,6.06,3.9
7281,Airport,Metro_7281,Pune,Baner,16.370259,75.126803,7.53,4.4
7282,Metro,Mall_7282,Bengaluru,Electronic City,14.654157,76.249111,0.5,4.6
7283,Metro,Mall_7283,Bengaluru,Indiranagar,14.324919,76.61624,3.77,3.1
7284,Park,Mall_7284,Mumbai,Andheri,12.443703,73.756034,4.48,3.5
7285,Airport,Airport_7285,Mumbai,Thane,17.139464,72.048522,9.19,5.0
7286,Mall,Bus Stop_7286,Chennai,Anna Nagar,16.290471,79.903816,5.06,5.0
7287,Bus Stop,Metro_7287,Bengaluru,HSR Layout,14.740059,77.334204,8.49,4.9
7288,Hospital,Restaurant_7288,Hyderabad,Madhapur,18.153171,72.572359,8.96,3.5
7289,Airport,Mall_7289,Hyderabad,Gachibowli,12.766318,79.630751,4.57,4.2
7290,Bus Stop,Metro_7290,Pune,Baner,15.262268,75.415961,3.17,3.2
7291,School,Bus Stop_7291,Chennai,OMR,13.012015,72.382147,7.91,3.8
7292,School,College_7292,Bengaluru,Indiranagar,16.740826,78.403219,8.67,4.4
7293,Mall,College_7293,Chennai,OMR,16.388305,72.179155,7.46,4.6
7294,Restaurant,Airport_7294,Pune,Baner,18.62156,72.924793,0.49,4.2
7295,School,Bus Stop_7295,Pune,Baner,16.242369,79.581722,1.02,3.5
7296,Restaurant,Bus Stop_7296,Hyderabad,Miyapur,12.964295,76.083627,8.44,4.7
7297,Airport,Airport_7297,Chennai,OMR,12.037826,78.237708,3.26,3.7
7298,Park,Hospital_7298,Chennai,OMR,17.692761,76.728164,2.6,3.7
7299,School,Mall_7299,Chennai,Anna Nagar,14.496521,79.453757,4.89,4.0
7300,Hospital,College_7300,Mumbai,Bandra,12.647489,72.632207,0.24,4.7
7301,Bus Stop,School_7301,Bengaluru,Whitefield,15.394398,79.619374,4.59,3.1
7302,Park,College_7302,Hyderabad,Madhapur,15.309305,74.889414,8.03,3.4
7303,Bus Stop,Hospital_7303,Chennai,Adyar,15.341374,74.158191,6.61,4.1
7304,Mall,School_7304,Hyderabad,Banjara Hills,12.696409,78.956978,7.65,4.1
7305,Airport,School_7305,Hyderabad,Madhapur,14.351992,76.869965,1.41,3.8
7306,Airport,Metro_7306,Bengaluru,Whitefield,14.198085,77.768216,7.6,4.4
7307,College,Bus Stop_7307,Hyderabad,Banjara Hills,18.935776,76.360999,9.25,4.2
7308,Restaurant,School_7308,Hyderabad,Banjara Hills,18.427667,76.015913,7.7,4.1
7309,Metro,College_7309,Pune,Baner,15.701302,75.116776,8.91,3.2
7310,Hospital,College_7310,Hyderabad,Gachibowli,17.223988,72.274972,4.13,3.5
7311,Park,Metro_7311,Mumbai,Thane,13.65404,72.979163,2.26,4.4
7312,Restaurant,Park_7312,Mumbai,Andheri,12.769871,76.376537,2.27,4.5
7313,School,Hospital_7313,Pune,Baner,16.825817,74.421829,7.68,4.0
7314,Park,Metro_7314,Mumbai,Thane,12.938209,74.882863,8.79,4.7
7315,Hospital,Park_7315,Chennai,Velachery,14.923659,74.466368,5.57,3.8
7316,Hospital,Airport_7316,Chennai,OMR,13.19626,73.363918,0.42,3.5
7317,Hospital,School_7317,Hyderabad,Banjara Hills,14.785912,72.284691,2.82,3.8
7318,Hospital,Bus Stop_7318,Pune,Wakad,17.462087,74.654631,9.4,3.6
7319,Restaurant,Restaurant_7319,Hyderabad,Jubilee Hills,17.841196,78.521547,1.67,3.1
7320,Metro,Restaurant_7320,Hyderabad,Miyapur,14.071914,72.176438,6.42,3.6
7321,College,Park_7321,Bengaluru,Indiranagar,14.32938,72.666633,7.54,4.8
7322,Airport,Airport_7322,Hyderabad,Kondapur,16.860514,77.139518,0.62,3.3
7323,Metro,Park_7323,Hyderabad,Madhapur,12.204334,72.816815,9.25,3.4
7324,Metro,College_7324,Pune,Wakad,18.267296,73.150427,8.32,3.8
7325,Bus Stop,Mall_7325,Hyderabad,Gachibowli,14.616707,76.431261,6.1,4.0
7326,College,School_7326,Chennai,OMR,18.773533,79.418026,2.15,4.3
7327,Mall,College_7327,Chennai,Velachery,13.767353,77.434417,9.36,3.2
7328,Restaurant,Metro_7328,Chennai,OMR,14.734311,77.413095,4.63,3.2
7329,Hospital,Hospital_7329,Pune,Wakad,18.023061,78.961861,5.06,3.5
7330,Restaurant,Mall_7330,Pune,Kharadi,18.683079,77.390717,9.58,4.1
7331,School,Metro_7331,Chennai,OMR,16.451473,74.843326,0.71,4.5
7332,School,Mall_7332,Pune,Hinjewadi,12.851841,73.510816,5.05,3.9
7333,Airport,Airport_7333,Bengaluru,Whitefield,16.440549,76.71112,5.32,4.8
7334,Airport,Park_7334,Chennai,Velachery,15.441914,78.849323,3.14,3.2
7335,Restaurant,Hospital_7335,Pune,Kharadi,16.179754,76.123356,1.45,4.4
7336,Park,Bus Stop_7336,Bengaluru,Electronic City,16.558799,76.062791,0.34,4.2
7337,Restaurant,Restaurant_7337,Hyderabad,Kondapur,13.125375,75.692983,6.97,4.7
7338,Mall,Restaurant_7338,Mumbai,Andheri,15.210599,77.957699,3.17,3.5
7339,Mall,Hospital_7339,Mumbai,Thane,18.930086,72.093968,9.66,4.1
7340,Mall,College_7340,Bengaluru,Electronic City,14.799478,75.980456,0.55,4.4
7341,Park,Airport_7341,Bengaluru,HSR Layout,13.444524,73.319748,9.92,3.8
7342,Restaurant,Mall_7342,Bengaluru,Indiranagar,14.97354,77.387829,8.94,3.3
7343,Metro,Metro_7343,Bengaluru,HSR Layout,16.430328,76.499531,4.26,3.9
7344,Restaurant,Hospital_7344,Pune,Wakad,14.582978,74.4799,8.14,3.6
7345,Bus Stop,Bus Stop_7345,Hyderabad,Jubilee Hills,16.249621,77.255466,1.22,3.8
7346,School,Mall_7346,Mumbai,Bandra,18.086606,74.443261,4.46,3.3
7347,Park,College_7347,Chennai,Velachery,18.501553,74.981487,6.26,4.5
7348,Mall,College_7348,Mumbai,Andheri,16.782064,77.369065,2.86,4.4
7349,Restaurant,Hospital_7349,Mumbai,Powai,13.981226,73.443741,4.34,3.9
7350,Mall,Metro_7350,Mumbai,Bandra,13.542882,77.045862,4.92,4.3
7351,Restaurant,School_7351,Chennai,Velachery,17.862691,78.985381,6.13,3.9
7352,College,School_7352,Mumbai,Thane,17.617972,75.944334,9.33,4.3
7353,Hospital,Bus Stop_7353,Chennai,OMR,18.23705,74.163218,7.26,3.6
7354,Hospital,Hospital_7354,Chennai,OMR,15.479424,79.278142,4.08,3.0
7355,Bus Stop,Hospital_7355,Bengaluru,Indiranagar,13.730314,72.339515,8.83,4.4
7356,Park,School_7356,Hyderabad,Madhapur,14.791007,73.610583,0.21,4.6
7357,Mall,Airport_7357,Chennai,Anna Nagar,12.109915,78.988916,1.99,4.7
7358,College,Restaurant_7358,Mumbai,Thane,16.434731,75.859225,5.61,3.0
7359,Mall,Hospital_7359,Mumbai,Bandra,15.477152,78.879508,6.82,3.8
7360,Park,Restaurant_7360,Mumbai,Thane,13.223721,76.064907,7.81,3.9
7361,Park,Mall_7361,Chennai,Anna Nagar,15.732355,79.133024,9.97,3.3
7362,Airport,Bus Stop_7362,Hyderabad,Miyapur,12.738535,75.108313,1.84,3.8
7363,Restaurant,Park_7363,Mumbai,Andheri,12.3574,77.60937,0.13,3.2
7364,Hospital,School_7364,Mumbai,Bandra,17.305588,76.83881,5.72,3.5
7365,College,Hospital_7365,Mumbai,Andheri,16.750179,72.759854,7.62,4.9
7366,Bus Stop,Park_7366,Mumbai,Powai,18.190696,74.764365,0.18,4.1
7367,School,Metro_7367,Pune,Kharadi,16.997945,76.91596,7.75,4.3
7368,Airport,Bus Stop_7368,Chennai,Anna Nagar,15.980472,76.895983,5.04,3.5
7369,Hospital,Hospital_7369,Hyderabad,Madhapur,12.392317,78.205007,0.88,3.1
7370,Bus Stop,School_7370,Pune,Baner,12.648005,77.50096,1.77,3.6
7371,School,Mall_7371,Bengaluru,Indiranagar,15.986123,76.622262,2.45,4.4
7372,Airport,Mall_7372,Hyderabad,Jubilee Hills,13.390639,72.344887,8.26,3.2
7373,Airport,School_7373,Chennai,Velachery,18.747423,75.077837,9.18,3.7
7374,Metro,Airport_7374,Bengaluru,Whitefield,14.682566,78.940247,3.53,4.1
7375,Airport,Hospital_7375,Pune,Kharadi,16.260094,72.057742,9.35,4.5
7376,Restaurant,Restaurant_7376,Chennai,OMR,15.034009,76.31928,1.84,4.5
7377,Airport,Bus Stop_7377,Chennai,Velachery,15.209145,75.463225,5.15,3.3
7378,Park,Restaurant_7378,Bengaluru,Electronic City,16.622662,77.94822,2.4,4.4
7379,Hospital,Bus Stop_7379,Mumbai,Bandra,13.62097,79.112542,6.27,4.4
7380,College,Airport_7380,Pune,Hinjewadi,15.064901,79.711512,9.94,4.8
7381,Mall,Airport_7381,Bengaluru,Indiranagar,15.629698,72.353544,8.73,3.8
7382,Metro,School_7382,Mumbai,Powai,16.513659,77.865814,9.34,3.7
7383,Airport,Airport_7383,Pune,Kharadi,16.108772,76.414492,3.58,3.8
7384,Airport,Park_7384,Bengaluru,Electronic City,15.119079,79.271826,3.24,3.6
7385,Mall,Airport_7385,Mumbai,Powai,13.137288,77.399397,7.25,3.6
7386,Bus Stop,Metro_7386,Pune,Hinjewadi,13.901343,72.640691,6.49,5.0
7387,School,Restaurant_7387,Pune,Wakad,17.609132,74.533009,3.05,4.7
7388,College,Hospital_7388,Chennai,OMR,14.706792,75.867923,5.23,5.0
7389,Mall,Hospital_7389,Bengaluru,Indiranagar,16.852711,73.498658,5.24,3.9
7390,Metro,Airport_7390,Pune,Wakad,13.814781,75.250346,8.22,4.5
7391,Airport,Restaurant_7391,Bengaluru,Indiranagar,15.814442,79.421209,2.43,3.6
7392,Hospital,School_7392,Hyderabad,Gachibowli,13.910089,73.784403,8.85,3.9
7393,Park,Airport_7393,Mumbai,Thane,13.194419,78.520672,0.58,4.4
7394,College,College_7394,Chennai,Velachery,15.502532,73.020257,5.84,3.5
7395,Hospital,Hospital_7395,Pune,Hinjewadi,12.573156,79.508216,2.25,4.2
7396,Restaurant,Restaurant_7396,Bengaluru,Indiranagar,16.364202,72.702671,6.66,3.6
7397,College,Hospital_7397,Pune,Kharadi,12.967575,76.193715,2.53,3.8
7398,Airport,Mall_7398,Mumbai,Powai,17.978048,79.892027,4.38,3.7
7399,Park,School_7399,Pune,Wakad,12.208175,79.758362,7.93,5.0
7400,Mall,Restaurant_7400,Mumbai,Powai,17.743336,75.680835,2.85,3.3
7401,Restaurant,Metro_7401,Hyderabad,Kukatpally,12.753982,76.479113,6.89,4.6
7402,Restaurant,Bus Stop_7402,Mumbai,Bandra,13.764212,77.518658,1.84,4.4
7403,Hospital,Airport_7403,Bengaluru,Whitefield,13.550884,77.579265,1.28,5.0
7404,Bus Stop,Restaurant_7404,Bengaluru,Whitefield,12.690931,74.818199,9.38,3.8
7405,College,Restaurant_7405,Chennai,OMR,13.26868,72.000895,2.1,3.5
7406,Restaurant,Mall_7406,Bengaluru,Whitefield,18.27325,78.234081,3.92,4.4
7407,Mall,Metro_7407,Mumbai,Andheri,14.039876,73.236671,2.1,3.1
7408,Airport,Mall_7408,Bengaluru,HSR Layout,15.252187,77.444437,7.1,4.0
7409,Hospital,College_7409,Bengaluru,HSR Layout,17.777425,76.274672,2.28,4.3
7410,College,Park_7410,Hyderabad,Gachibowli,16.975832,77.640532,1.95,4.7
7411,Mall,College_7411,Mumbai,Bandra,18.726469,72.237487,4.11,4.7
7412,Mall,Restaurant_7412,Chennai,OMR,12.730038,72.889177,0.72,4.7
7413,School,Restaurant_7413,Chennai,Velachery,18.476166,79.265455,8.69,3.4
7414,Hospital,Metro_7414,Chennai,Anna Nagar,12.867055,73.900428,0.67,3.0
7415,Park,Park_7415,Bengaluru,Electronic City,14.425981,72.296696,2.76,4.4
7416,Bus Stop,School_7416,Hyderabad,Kukatpally,13.279025,79.258791,3.66,3.7
7417,School,Airport_7417,Chennai,OMR,17.067758,78.256798,0.6,4.0
7418,Metro,College_7418,Hyderabad,Jubilee Hills,17.400201,75.593833,1.67,4.7
7419,School,College_7419,Pune,Kharadi,17.30665,78.075165,6.66,4.3
7420,Bus Stop,Park_7420,Chennai,Anna Nagar,13.099599,78.444115,6.27,4.0
7421,Metro,Hospital_7421,Chennai,OMR,18.62995,77.737819,5.37,3.6
7422,Mall,Airport_7422,Hyderabad,Madhapur,13.58281,75.612245,6.93,3.5
7423,Airport,Metro_7423,Mumbai,Bandra,14.975886,77.998339,0.19,3.2
7424,Mall,Airport_7424,Mumbai,Andheri,17.279225,76.200424,0.96,5.0
7425,Bus Stop,Restaurant_7425,Bengaluru,HSR Layout,12.830848,76.920623,2.11,3.2
7426,Restaurant,College_7426,Mumbai,Andheri,14.732927,72.856263,4.55,3.4
7427,Bus Stop,Metro_7427,Pune,Kharadi,17.375675,74.04147,9.04,4.8
7428,College,Park_7428,Pune,Wakad,17.42843,79.837433,2.49,3.2
7429,Restaurant,Bus Stop_7429,Mumbai,Powai,16.32005,79.753059,7.54,3.6
7430,Mall,Metro_7430,Chennai,OMR,16.312094,75.738535,7.81,4.7
7431,Restaurant,College_7431,Mumbai,Andheri,13.947111,74.499142,5.3,5.0
7432,College,Park_7432,Pune,Hinjewadi,14.940271,77.292874,5.5,4.0
7433,College,School_7433,Mumbai,Powai,14.20821,74.900875,6.71,3.2
7434,Mall,Bus Stop_7434,Chennai,Anna Nagar,17.47782,75.629754,0.28,4.0
7435,Bus Stop,School_7435,Chennai,Adyar,14.562326,79.53596,9.98,3.6
7436,Metro,School_7436,Chennai,Anna Nagar,16.89356,73.052018,3.35,4.8
7437,Metro,Metro_7437,Chennai,Adyar,12.199044,74.755108,2.81,4.7
7438,Mall,Airport_7438,Mumbai,Andheri,14.494001,75.933151,1.87,3.8
7439,Mall,Metro_7439,Hyderabad,Kondapur,14.435161,76.18515,6.66,3.5
7440,Mall,Airport_7440,Pune,Wakad,14.496264,77.051997,5.45,4.2
7441,Metro,College_7441,Mumbai,Thane,18.48333,76.543634,0.43,4.4
7442,Bus Stop,Bus Stop_7442,Hyderabad,Kukatpally,15.749933,79.300606,3.62,4.5
7443,School,Airport_7443,Mumbai,Andheri,16.017662,73.289271,9.97,3.7
7444,College,Bus Stop_7444,Hyderabad,Madhapur,13.776497,78.098674,0.5,4.4
7445,College,Restaurant_7445,Chennai,Velachery,13.389264,75.211104,2.45,3.1
7446,Park,Bus Stop_7446,Chennai,Adyar,17.446651,77.509415,6.96,4.4
7447,Bus Stop,School_7447,Mumbai,Powai,17.441842,76.512215,1.81,3.0
7448,Bus Stop,Mall_7448,Pune,Wakad,16.506841,74.783742,0.57,4.3
7449,Metro,Metro_7449,Bengaluru,HSR Layout,18.263337,79.16825,4.96,3.8
7450,Hospital,College_7450,Mumbai,Andheri,14.851199,74.008819,9.62,4.6
7451,College,Park_7451,Chennai,Velachery,17.738561,77.779974,9.25,3.8
7452,Bus Stop,Bus Stop_7452,Pune,Wakad,14.394616,73.430114,7.08,3.8
7453,Bus Stop,Metro_7453,Bengaluru,Whitefield,17.664075,79.125848,9.42,4.4
7454,Park,Hospital_7454,Mumbai,Thane,12.565848,74.45835,4.19,4.1
7455,School,School_7455,Hyderabad,Banjara Hills,15.675641,73.257889,9.56,4.0
7456,Airport,School_7456,Bengaluru,Indiranagar,16.37678,72.412823,7.44,3.2
7457,Metro,Mall_7457,Mumbai,Powai,12.384531,77.80073,0.87,3.8
7458,Metro,School_7458,Hyderabad,Kondapur,15.546071,75.128992,1.11,3.9
7459,Metro,School_7459,Chennai,OMR,12.87727,77.430717,3.41,4.3
7460,Metro,College_7460,Bengaluru,Electronic City,14.11446,74.045574,1.78,4.1
7461,Restaurant,School_7461,Hyderabad,Kondapur,13.993723,77.58944,8.44,4.9
7462,School,Bus Stop_7462,Hyderabad,Kondapur,15.593208,77.174813,5.3,4.9
7463,Airport,Park_7463,Mumbai,Bandra,18.296702,77.309221,6.03,5.0
7464,Mall,Bus Stop_7464,Pune,Wakad,17.718744,78.741793,8.74,4.2
7465,Hospital,Mall_7465,Bengaluru,Whitefield,13.335818,79.149202,4.24,4.8
7466,School,Hospital_7466,Chennai,OMR,15.785304,74.143256,0.55,4.0
7467,Park,Bus Stop_7467,Mumbai,Thane,13.743312,79.875923,7.43,4.6
7468,Metro,Hospital_7468,Chennai,Velachery,16.386503,72.810133,5.21,4.9
7469,Hospital,School_7469,Bengaluru,HSR Layout,15.039506,73.53458,9.29,4.3
7470,Airport,Park_7470,Hyderabad,Kukatpally,16.914729,72.266403,2.94,5.0
7471,College,Park_7471,Bengaluru,Electronic City,15.165993,78.636567,1.43,4.1
7472,Mall,Airport_7472,Bengaluru,HSR Layout,17.730169,76.976697,3.3,4.6
7473,Airport,Mall_7473,Bengaluru,Whitefield,12.650541,78.633003,9.18,3.9
7474,Hospital,College_7474,Mumbai,Bandra,15.887419,76.102697,1.16,3.3
7475,Mall,Metro_7475,Bengaluru,Indiranagar,15.474608,78.876662,1.32,3.7
7476,Metro,Bus Stop_7476,Pune,Wakad,13.521475,72.393997,5.47,4.6
7477,Park,Restaurant_7477,Chennai,OMR,14.167882,73.815304,8.51,3.5
7478,Hospital,Airport_7478,Pune,Hinjewadi,14.314477,78.847346,6.5,3.3
7479,Metro,Bus Stop_7479,Mumbai,Powai,13.595974,74.58305,7.47,4.8
7480,Restaurant,Bus Stop_7480,Hyderabad,Madhapur,16.098928,76.9887,8.22,4.3
7481,School,College_7481,Pune,Wakad,12.9907,73.829022,6.54,4.2
7482,Airport,Restaurant_7482,Pune,Baner,14.009027,74.460092,8.28,4.6
7483,Mall,Restaurant_7483,Chennai,Adyar,15.12482,74.483507,6.55,3.1
7484,School,Park_7484,Chennai,Adyar,17.0646,78.570642,5.4,3.5
7485,Park,Bus Stop_7485,Hyderabad,Miyapur,15.388843,74.947806,8.41,3.9
7486,Metro,Restaurant_7486,Pune,Kharadi,14.150412,78.27114,9.5,4.5
7487,School,College_7487,Pune,Kharadi,15.586609,79.656931,3.97,3.4
7488,Mall,Metro_7488,Pune,Hinjewadi,18.590603,75.857331,2.58,3.2
7489,Bus Stop,College_7489,Pune,Hinjewadi,13.198526,72.382131,3.4,3.5
7490,Restaurant,Bus Stop_7490,Mumbai,Powai,16.251414,76.099718,3.02,4.8
7491,Hospital,College_7491,Mumbai,Andheri,13.316193,78.839268,3.99,4.2
7492,Mall,Hospital_7492,Chennai,Anna Nagar,12.962094,74.18544,9.54,4.8
7493,School,College_7493,Chennai,Velachery,18.178372,74.050089,6.01,4.8
7494,School,Airport_7494,Chennai,Adyar,13.79867,76.840584,1.62,3.9
7495,Airport,Bus Stop_7495,Hyderabad,Madhapur,13.483172,73.514253,8.58,4.6
7496,Restaurant,College_7496,Hyderabad,Banjara Hills,12.363081,75.000054,2.26,4.2
7497,Metro,Metro_7497,Bengaluru,HSR Layout,14.552237,79.951084,7.0,4.1
7498,School,Airport_7498,Mumbai,Bandra,17.19917,74.929091,6.01,4.5
7499,Park,College_7499,Hyderabad,Banjara Hills,16.7768,76.918429,3.2,3.9
7500,Mall,Bus Stop_7500,Chennai,OMR,12.585028,79.100634,4.72,4.5
7501,Mall,Metro_7501,Pune,Kharadi,15.466332,73.161187,4.9,4.3
7502,College,College_7502,Hyderabad,Jubilee Hills,17.281258,74.920051,5.64,4.1
7503,College,College_7503,Pune,Baner,16.367424,78.654564,7.06,4.6
7504,Restaurant,Hospital_7504,Pune,Wakad,18.566083,77.997634,1.33,3.2
7505,Restaurant,School_7505,Hyderabad,Gachibowli,16.095677,78.209843,0.22,3.9
7506,Bus Stop,Park_7506,Mumbai,Andheri,15.89235,79.277031,8.27,4.1
7507,Metro,Metro_7507,Mumbai,Thane,17.803991,75.545258,1.62,4.5
7508,Airport,Hospital_7508,Mumbai,Bandra,18.844592,78.948611,3.63,3.7
7509,Airport,Bus Stop_7509,Pune,Kharadi,13.869562,73.370882,5.23,4.6
7510,Park,Park_7510,Hyderabad,Jubilee Hills,18.928526,74.768537,7.72,3.3
7511,Park,Hospital_7511,Chennai,OMR,14.040015,73.49182,4.14,4.4
7512,Bus Stop,Airport_7512,Chennai,OMR,18.108178,73.779354,4.02,3.5
7513,Park,Airport_7513,Bengaluru,HSR Layout,17.582029,79.128014,1.36,4.6
7514,Bus Stop,Restaurant_7514,Chennai,OMR,18.828639,76.500403,9.79,3.9
7515,Mall,School_7515,Bengaluru,Electronic City,17.799595,77.629783,6.36,3.6
7516,Mall,College_7516,Bengaluru,Indiranagar,16.311374,77.570521,9.62,4.1
7517,Park,Metro_7517,Bengaluru,Indiranagar,14.118139,72.953111,7.51,4.0
7518,School,School_7518,Pune,Hinjewadi,18.488126,75.295658,0.5,3.0
7519,Metro,Restaurant_7519,Chennai,Velachery,16.494872,75.557546,2.1,4.9
7520,Park,College_7520,Mumbai,Andheri,18.675166,77.170353,7.61,3.6
7521,Airport,Hospital_7521,Bengaluru,Indiranagar,18.211935,76.746246,1.63,4.4
7522,Hospital,School_7522,Chennai,Velachery,16.248938,75.505832,9.12,4.6
7523,Restaurant,Metro_7523,Chennai,Adyar,15.380566,76.599537,9.84,4.7
7524,Airport,Airport_7524,Bengaluru,HSR Layout,13.394692,78.892204,2.82,4.2
7525,Metro,Metro_7525,Bengaluru,Indiranagar,13.063917,72.616902,4.78,3.5
7526,Airport,School_7526,Pune,Baner,12.239365,73.688581,2.7,4.3
7527,School,Mall_7527,Hyderabad,Gachibowli,17.221493,73.265538,6.92,3.0
7528,Bus Stop,Park_7528,Hyderabad,Kukatpally,13.556533,75.847335,1.65,3.2
7529,Bus Stop,College_7529,Bengaluru,Whitefield,17.827295,72.708104,4.26,4.2
7530,Bus Stop,School_7530,Mumbai,Thane,14.845324,77.266454,5.24,4.0
7531,College,School_7531,Mumbai,Powai,18.552115,72.411583,6.51,4.8
7532,School,Mall_7532,Chennai,Velachery,12.989948,72.138646,4.25,3.3
7533,Park,School_7533,Bengaluru,Whitefield,16.088618,79.379606,5.73,3.1
7534,Park,Hospital_7534,Pune,Wakad,17.518491,78.238635,8.63,4.3
7535,Park,Metro_7535,Pune,Wakad,12.174809,74.919418,9.72,3.6
7536,Restaurant,Restaurant_7536,Chennai,Velachery,17.666851,74.311855,1.35,4.8
7537,Restaurant,Bus Stop_7537,Pune,Baner,18.461094,77.32673,9.99,4.2
7538,Mall,Metro_7538,Chennai,OMR,12.542395,79.922579,3.73,4.0
7539,Mall,College_7539,Bengaluru,HSR Layout,17.042171,76.348488,1.06,4.3
7540,Bus Stop,College_7540,Pune,Wakad,12.920437,73.561983,5.46,4.5
7541,Mall,Mall_7541,Pune,Hinjewadi,12.305819,73.778672,5.19,4.8
7542,Metro,Restaurant_7542,Mumbai,Thane,18.316649,78.407215,4.7,3.7
7543,Bus Stop,Hospital_7543,Hyderabad,Gachibowli,17.005122,75.788762,4.37,4.6
7544,College,Hospital_7544,Chennai,Anna Nagar,13.459843,74.155983,1.83,4.1
7545,Mall,Restaurant_7545,Chennai,Velachery,13.194136,73.906608,4.59,4.7
7546,Hospital,Hospital_7546,Hyderabad,Gachibowli,16.943588,74.768413,8.73,4.1
7547,Airport,School_7547,Mumbai,Powai,16.019413,74.822841,4.21,4.7
7548,Restaurant,Hospital_7548,Chennai,Velachery,18.139083,77.453997,2.65,4.6
7549,School,Bus Stop_7549,Chennai,Adyar,12.184349,74.547327,6.63,4.7
7550,Airport,College_7550,Pune,Baner,15.422898,74.472814,3.11,3.6
7551,School,Mall_7551,Chennai,OMR,17.743354,74.449337,5.94,3.8
7552,Metro,College_7552,Bengaluru,HSR Layout,18.029231,76.612566,3.54,4.1
7553,Bus Stop,Airport_7553,Chennai,Velachery,15.708072,76.106166,3.63,3.9
7554,Bus Stop,Airport_7554,Hyderabad,Banjara Hills,17.7664,77.222206,5.15,3.3
7555,Metro,School_7555,Mumbai,Thane,14.775344,79.857932,0.49,4.3
7556,Restaurant,Hospital_7556,Chennai,Velachery,14.046833,72.080977,9.13,3.8
7557,Mall,Restaurant_7557,Pune,Baner,14.042735,72.412653,9.12,4.0
7558,School,Airport_7558,Chennai,Adyar,15.566452,79.721321,9.05,4.2
7559,Hospital,Mall_7559,Hyderabad,Banjara Hills,14.815431,73.514231,4.7,3.9
7560,School,Park_7560,Hyderabad,Madhapur,13.079963,78.727613,3.3,3.8
7561,Metro,Metro_7561,Bengaluru,HSR Layout,13.651027,74.793552,3.34,3.0
7562,Park,Park_7562,Pune,Wakad,16.178653,77.940179,6.41,4.8
7563,Metro,College_7563,Mumbai,Bandra,18.437835,72.247017,6.15,3.8
7564,Airport,Airport_7564,Pune,Wakad,14.254902,74.249412,5.92,4.1
7565,Hospital,Mall_7565,Pune,Baner,17.227825,74.134409,3.13,4.8
7566,Hospital,School_7566,Mumbai,Thane,17.201719,75.224188,2.72,3.4
7567,School,Bus Stop_7567,Bengaluru,Indiranagar,16.539842,76.884601,5.0,4.4
7568,Restaurant,Mall_7568,Bengaluru,Electronic City,12.686561,74.272037,2.38,4.5
7569,Hospital,Hospital_7569,Chennai,Anna Nagar,13.665626,73.923149,0.57,4.8
7570,Restaurant,Hospital_7570,Chennai,Adyar,14.086718,76.13136,8.82,4.5
7571,Airport,College_7571,Bengaluru,Indiranagar,18.780265,73.583067,0.3,4.1
7572,Restaurant,Bus Stop_7572,Pune,Wakad,17.412035,76.587711,3.18,3.7
7573,Airport,Hospital_7573,Hyderabad,Gachibowli,12.158759,73.702901,5.01,3.4
7574,School,School_7574,Pune,Kharadi,16.381808,74.175318,9.14,4.1
7575,College,Metro_7575,Bengaluru,Electronic City,18.21046,73.489059,6.79,3.2
7576,Metro,Park_7576,Chennai,Anna Nagar,13.435697,75.403352,5.73,3.7
7577,Restaurant,School_7577,Hyderabad,Kondapur,12.628495,77.167133,4.2,3.5
7578,Metro,Airport_7578,Bengaluru,Electronic City,14.179813,76.027979,5.72,4.0
7579,Metro,Mall_7579,Mumbai,Andheri,12.687776,77.310062,5.8,4.9
7580,Park,Airport_7580,Hyderabad,Kondapur,15.604183,75.121071,9.41,4.7
7581,Mall,Hospital_7581,Mumbai,Powai,15.07686,72.416101,1.38,3.3
7582,Restaurant,Mall_7582,Hyderabad,Kondapur,18.915007,74.760002,7.78,4.0
7583,Bus Stop,Hospital_7583,Bengaluru,HSR Layout,15.908039,72.475625,2.69,4.5
7584,College,Restaurant_7584,Hyderabad,Gachibowli,18.685553,78.591092,6.33,3.2
7585,School,Restaurant_7585,Hyderabad,Jubilee Hills,15.567832,78.253349,9.87,4.2
7586,Park,Hospital_7586,Chennai,Velachery,15.256733,77.40798,0.1,3.7
7587,Airport,School_7587,Chennai,Velachery,14.675286,76.35195,8.73,3.0
7588,College,Mall_7588,Chennai,Velachery,18.150435,78.808222,2.64,4.3
7589,Bus Stop,Airport_7589,Bengaluru,Indiranagar,13.174356,78.91208,3.43,3.5
7590,Metro,Mall_7590,Chennai,OMR,13.98151,75.272571,6.08,4.2
7591,Airport,Restaurant_7591,Chennai,Adyar,17.360679,76.158685,9.67,3.6
7592,Bus Stop,Airport_7592,Chennai,Anna Nagar,16.976662,74.029665,4.74,3.9
7593,Mall,Airport_7593,Pune,Kharadi,12.590518,74.835291,0.33,3.6
7594,Airport,Metro_7594,Bengaluru,Indiranagar,17.190938,76.652144,9.22,4.7
7595,Mall,Hospital_7595,Hyderabad,Gachibowli,15.173246,75.175577,5.82,3.6
7596,Park,Hospital_7596,Pune,Kharadi,12.775557,72.076539,8.81,3.5
7597,Airport,School_7597,Chennai,Anna Nagar,12.405968,77.880776,9.74,4.1
7598,School,Bus Stop_7598,Hyderabad,Miyapur,18.709245,72.630328,2.32,3.9
7599,Mall,School_7599,Mumbai,Bandra,12.555388,73.836414,10.0,3.1
7600,Hospital,Airport_7600,Mumbai,Bandra,13.478098,72.581635,1.16,3.7
7601,Hospital,Metro_7601,Pune,Hinjewadi,17.699958,72.899186,0.36,4.9
7602,Bus Stop,Mall_7602,Hyderabad,Miyapur,18.27236,79.393873,8.54,4.4
7603,Metro,Restaurant_7603,Chennai,Anna Nagar,16.91159,75.953135,3.55,4.4
7604,Hospital,School_7604,Pune,Baner,12.595545,73.640087,0.86,4.8
7605,Airport,Metro_7605,Mumbai,Thane,14.144328,73.441585,9.79,3.9
7606,College,Bus Stop_7606,Hyderabad,Miyapur,16.507326,79.177603,9.37,3.5
7607,College,School_7607,Pune,Baner,13.952012,73.548444,7.69,4.4
7608,School,School_7608,Bengaluru,Electronic City,16.853243,74.413311,0.93,3.4
7609,Restaurant,Bus Stop_7609,Mumbai,Powai,18.751915,78.562721,7.68,3.3
7610,Park,Park_7610,Mumbai,Andheri,16.373762,78.849135,8.67,4.3
7611,Restaurant,Park_7611,Pune,Kharadi,12.10616,74.148133,1.56,3.5
7612,Restaurant,College_7612,Hyderabad,Jubilee Hills,15.637438,78.942729,2.75,4.5
7613,Airport,Metro_7613,Chennai,Velachery,13.499385,75.950079,8.52,4.4
7614,School,Restaurant_7614,Chennai,OMR,15.487928,79.065672,6.77,4.5
7615,Park,Hospital_7615,Bengaluru,HSR Layout,14.480184,73.770897,8.82,3.3
7616,Park,School_7616,Pune,Baner,18.64392,76.904588,2.88,4.4
7617,College,School_7617,Hyderabad,Gachibowli,17.53864,77.05455,7.38,4.6
7618,Hospital,Bus Stop_7618,Chennai,Adyar,14.470979,79.756348,2.97,3.6
7619,Park,School_7619,Pune,Kharadi,16.702346,78.824967,2.34,4.2
7620,Restaurant,College_7620,Mumbai,Bandra,18.65661,72.98793,5.21,3.1
7621,Metro,Airport_7621,Pune,Baner,13.404014,73.192395,5.88,3.4
7622,Hospital,Metro_7622,Hyderabad,Jubilee Hills,14.344566,77.284883,6.91,4.7
7623,Bus Stop,Hospital_7623,Bengaluru,Electronic City,12.812158,72.275599,6.92,3.9
7624,College,College_7624,Chennai,Adyar,18.529048,76.196886,4.16,4.3
7625,School,Restaurant_7625,Mumbai,Thane,14.13156,74.09924,2.39,3.7
7626,Bus Stop,Hospital_7626,Hyderabad,Jubilee Hills,13.121616,76.876271,5.22,4.4
7627,Park,Airport_7627,Hyderabad,Jubilee Hills,13.743359,76.482372,3.93,3.3
7628,School,Mall_7628,Mumbai,Andheri,14.332605,76.385929,7.09,4.4
7629,Hospital,Restaurant_7629,Mumbai,Thane,18.070442,79.613181,6.07,4.6
7630,College,Park_7630,Chennai,OMR,14.978993,75.76012,7.28,5.0
7631,Restaurant,Bus Stop_7631,Bengaluru,Whitefield,15.288308,75.005277,7.75,3.5
7632,School,Restaurant_7632,Chennai,OMR,12.836981,74.689735,0.57,4.2
7633,Restaurant,Airport_7633,Bengaluru,HSR Layout,16.301393,75.296813,4.53,4.8
7634,School,Airport_7634,Bengaluru,Electronic City,18.426257,76.839312,5.1,3.6
7635,Metro,College_7635,Pune,Kharadi,14.104064,78.650416,2.63,5.0
7636,School,Hospital_7636,Bengaluru,Whitefield,16.468689,77.756767,4.34,3.2
7637,Metro,Bus Stop_7637,Hyderabad,Kondapur,15.626955,76.086211,8.65,4.2
7638,School,College_7638,Pune,Wakad,18.620644,78.447607,9.88,4.1
7639,Park,Restaurant_7639,Hyderabad,Miyapur,15.271519,73.093915,7.89,4.6
7640,Park,Hospital_7640,Hyderabad,Madhapur,15.830959,72.860369,8.46,3.0
7641,Restaurant,Restaurant_7641,Hyderabad,Gachibowli,18.87202,78.846063,0.67,3.2
7642,Mall,Metro_7642,Hyderabad,Madhapur,17.671616,76.050545,1.05,3.3
7643,College,Park_7643,Bengaluru,Indiranagar,14.167123,76.427458,8.25,4.5
7644,Airport,Airport_7644,Hyderabad,Madhapur,14.565484,72.139989,9.41,4.0
7645,Metro,Restaurant_7645,Chennai,Adyar,16.405114,75.807276,5.77,3.9
7646,College,Metro_7646,Mumbai,Powai,13.583371,77.086716,8.42,4.0
7647,Restaurant,Metro_7647,Hyderabad,Madhapur,13.275042,74.556107,3.86,4.9
7648,Restaurant,Metro_7648,Bengaluru,Electronic City,13.881472,72.452497,8.22,3.2
7649,Metro,Bus Stop_7649,Chennai,Velachery,18.063957,77.763853,4.4,4.9
7650,Metro,Bus Stop_7650,Hyderabad,Madhapur,18.124607,78.468099,7.29,4.6
7651,Airport,Park_7651,Bengaluru,HSR Layout,16.326046,72.061396,0.21,3.1
7652,Mall,Airport_7652,Pune,Wakad,13.792462,74.009925,1.05,3.2
7653,Restaurant,Restaurant_7653,Bengaluru,Electronic City,12.008611,74.796751,4.47,4.9
7654,College,Bus Stop_7654,Bengaluru,Electronic City,16.946211,77.395251,0.58,3.9
7655,Mall,Mall_7655,Hyderabad,Kondapur,14.641817,79.900323,1.02,4.3
7656,School,Airport_7656,Chennai,Anna Nagar,12.070855,76.827246,4.81,3.5
7657,College,Airport_7657,Hyderabad,Madhapur,16.411743,74.37449,1.87,3.8
7658,Mall,Restaurant_7658,Chennai,Velachery,14.570137,75.850717,8.25,4.1
7659,School,College_7659,Bengaluru,HSR Layout,17.749411,79.382757,7.44,4.1
7660,School,Mall_7660,Mumbai,Bandra,14.401728,79.417833,6.65,4.7
7661,Hospital,Restaurant_7661,Chennai,OMR,15.344867,75.213926,6.31,3.6
7662,Mall,Park_7662,Chennai,Velachery,18.995287,73.800155,6.58,4.7
7663,Hospital,Metro_7663,Mumbai,Thane,15.221507,72.269118,1.67,4.2
7664,Airport,Metro_7664,Pune,Hinjewadi,17.343421,78.650233,4.9,4.6
7665,School,Restaurant_7665,Hyderabad,Gachibowli,18.719397,72.588789,9.29,4.8
7666,Bus Stop,Hospital_7666,Bengaluru,Whitefield,12.933378,74.828768,5.18,4.4
7667,School,Mall_7667,Hyderabad,Banjara Hills,17.403892,75.168939,5.91,3.6
7668,College,Bus Stop_7668,Pune,Kharadi,12.308853,73.671652,2.17,4.4
7669,School,Metro_7669,Bengaluru,Electronic City,15.575218,77.04499,7.41,3.1
7670,Metro,Mall_7670,Pune,Hinjewadi,13.193842,72.231242,5.68,4.9
7671,Airport,Hospital_7671,Mumbai,Andheri,16.889591,79.673786,6.85,4.4
7672,Bus Stop,College_7672,Pune,Hinjewadi,13.290892,73.037713,5.89,4.6
7673,Airport,Park_7673,Mumbai,Thane,16.68093,77.397892,5.07,4.5
7674,College,School_7674,Mumbai,Andheri,14.170393,79.339574,8.6,4.7
7675,Airport,Airport_7675,Mumbai,Andheri,12.872615,73.720189,5.79,3.2
7676,Metro,Mall_7676,Bengaluru,HSR Layout,18.937012,77.166798,9.98,3.7
7677,Metro,School_7677,Mumbai,Bandra,13.834827,76.359587,3.09,4.6
7678,Bus Stop,Mall_7678,Mumbai,Thane,15.852351,78.018851,3.08,4.8
7679,Park,College_7679,Pune,Baner,12.869005,74.423529,8.13,4.6
7680,Mall,Hospital_7680,Mumbai,Andheri,17.371427,73.534217,9.13,3.0
7681,Mall,Bus Stop_7681,Chennai,Velachery,13.189705,72.304708,0.91,3.9
7682,Mall,Hospital_7682,Pune,Baner,16.016479,75.561802,5.41,4.6
7683,College,Restaurant_7683,Pune,Wakad,15.89198,77.845283,6.59,4.1
7684,Hospital,Airport_7684,Bengaluru,Whitefield,15.76552,74.588228,6.27,3.8
7685,Metro,Hospital_7685,Chennai,Anna Nagar,12.206915,79.945442,5.14,4.5
7686,Airport,College_7686,Bengaluru,HSR Layout,18.966823,78.706554,4.04,5.0
7687,Metro,Bus Stop_7687,Hyderabad,Kukatpally,15.131386,74.214611,2.34,3.6
7688,Bus Stop,Airport_7688,Hyderabad,Madhapur,17.140458,77.442107,7.35,3.6
7689,Park,Metro_7689,Pune,Wakad,13.706567,77.060018,0.7,4.0
7690,Metro,Metro_7690,Pune,Hinjewadi,17.918096,79.345308,6.06,3.1
7691,Restaurant,Park_7691,Mumbai,Powai,17.090759,75.25617,0.32,3.5
7692,Airport,Bus Stop_7692,Chennai,Anna Nagar,16.348902,78.745721,6.97,5.0
7693,Park,Restaurant_7693,Bengaluru,Electronic City,14.090928,75.060719,8.52,4.7
7694,Airport,Metro_7694,Mumbai,Thane,13.880776,77.304731,6.53,3.0
7695,Bus Stop,School_7695,Mumbai,Bandra,18.329452,75.496483,8.13,3.0
7696,School,Metro_7696,Hyderabad,Banjara Hills,13.69356,79.16011,8.5,4.3
7697,Restaurant,School_7697,Hyderabad,Kondapur,12.938108,75.605663,3.23,3.4
7698,Airport,College_7698,Pune,Hinjewadi,18.616916,76.969219,5.13,4.8
7699,Mall,Mall_7699,Mumbai,Thane,17.73224,73.219794,6.61,4.3
7700,Hospital,Airport_7700,Chennai,Velachery,18.168198,74.415519,0.58,4.7
7701,Hospital,College_7701,Chennai,OMR,17.212959,78.673419,3.59,4.0
7702,Park,Metro_7702,Bengaluru,Electronic City,18.533731,75.029451,2.39,3.6
7703,Metro,Restaurant_7703,Mumbai,Powai,17.202,74.299298,9.87,4.5
7704,Mall,Mall_7704,Mumbai,Powai,14.573197,73.530801,0.8,3.3
7705,Hospital,School_7705,Chennai,Anna Nagar,15.529149,75.813838,7.36,4.5
7706,Restaurant,Metro_7706,Pune,Kharadi,16.050325,73.558922,6.87,4.4
7707,Metro,School_7707,Mumbai,Thane,15.659848,77.146703,3.01,3.4
7708,Restaurant,Hospital_7708,Chennai,Velachery,17.842106,72.985234,2.48,4.0
7709,Restaurant,Metro_7709,Mumbai,Bandra,15.104727,77.353656,9.14,3.6
7710,Bus Stop,Hospital_7710,Hyderabad,Kukatpally,15.801391,74.681577,7.18,4.8
7711,Metro,Park_7711,Hyderabad,Kukatpally,17.778555,74.490484,7.37,3.3
7712,Mall,Airport_7712,Mumbai,Thane,12.139379,75.34783,5.28,4.6
7713,College,Metro_7713,Mumbai,Thane,12.666138,79.584912,2.51,4.6
7714,Bus Stop,Mall_7714,Chennai,OMR,16.139974,79.996727,7.65,3.8
7715,Bus Stop,Mall_7715,Pune,Wakad,15.368896,79.315625,6.09,3.9
7716,Mall,Hospital_7716,Mumbai,Bandra,14.548003,72.179319,5.09,4.4
7717,Metro,Mall_7717,Hyderabad,Kukatpally,17.021377,75.138519,5.29,4.7
7718,Restaurant,Park_7718,Pune,Kharadi,15.028918,75.767665,4.3,4.0
7719,Restaurant,Park_7719,Hyderabad,Kukatpally,15.023883,75.325136,2.67,5.0
7720,Metro,School_7720,Chennai,Anna Nagar,16.833261,79.14877,3.18,4.3
7721,Metro,Mall_7721,Bengaluru,Whitefield,13.175849,78.504258,3.3,4.4
7722,School,Metro_7722,Pune,Hinjewadi,15.156978,77.076834,6.56,4.6
7723,Bus Stop,College_7723,Mumbai,Bandra,18.318061,72.190509,1.44,3.3
7724,School,Restaurant_7724,Hyderabad,Kukatpally,12.094177,78.711038,7.35,4.4
7725,Metro,Airport_7725,Mumbai,Thane,16.549894,77.849028,4.81,4.3
7726,Metro,Restaurant_7726,Mumbai,Thane,18.619049,74.049682,4.77,3.2
7727,College,Airport_7727,Pune,Hinjewadi,17.460175,72.774354,7.73,4.3
7728,Hospital,Restaurant_7728,Mumbai,Powai,12.723136,74.282722,2.94,4.4
7729,Metro,Hospital_7729,Pune,Kharadi,17.17769,75.936135,7.77,4.3
7730,Metro,School_7730,Chennai,Anna Nagar,15.601781,79.652358,5.23,3.5
7731,College,Airport_7731,Pune,Hinjewadi,16.188567,75.960858,2.81,4.7
7732,Bus Stop,School_7732,Pune,Baner,12.775949,72.060506,3.2,4.5
7733,Bus Stop,Airport_7733,Mumbai,Powai,14.204,73.658397,6.72,3.0
7734,Bus Stop,Bus Stop_7734,Bengaluru,Whitefield,14.743629,74.129029,5.07,4.6
7735,Bus Stop,Metro_7735,Hyderabad,Madhapur,16.577548,74.57849,1.18,3.1
7736,School,Bus Stop_7736,Bengaluru,Whitefield,14.622086,74.289006,7.93,3.0
7737,Mall,Airport_7737,Pune,Kharadi,15.217058,72.699054,7.76,4.6
7738,Airport,Mall_7738,Bengaluru,Electronic City,13.836051,75.20606,4.61,4.5
7739,Restaurant,College_7739,Chennai,Velachery,18.248751,74.211586,5.47,3.4
7740,Metro,College_7740,Mumbai,Bandra,12.992355,75.644675,6.49,4.4
7741,Park,Airport_7741,Hyderabad,Kondapur,15.732934,76.82886,6.26,3.9
7742,Mall,Metro_7742,Bengaluru,HSR Layout,12.738656,77.079288,6.06,3.8
7743,Hospital,School_7743,Hyderabad,Jubilee Hills,15.119383,73.524486,1.6,4.6
7744,Park,School_7744,Mumbai,Andheri,16.832398,74.543241,8.26,4.6
7745,School,Bus Stop_7745,Pune,Wakad,16.156773,74.424012,3.76,3.1
7746,Restaurant,Bus Stop_7746,Mumbai,Powai,15.62305,75.494874,5.43,4.1
7747,Bus Stop,College_7747,Pune,Kharadi,15.435694,73.41541,5.13,5.0
7748,Hospital,Restaurant_7748,Mumbai,Powai,16.725002,75.46612,1.54,4.4
7749,Airport,Hospital_7749,Bengaluru,HSR Layout,17.872698,77.697623,3.73,5.0
7750,College,College_7750,Mumbai,Bandra,13.670449,77.990177,5.06,3.9
7751,Hospital,Metro_7751,Pune,Baner,14.042856,75.065649,2.47,3.9
7752,College,Mall_7752,Bengaluru,Electronic City,14.237,75.693987,0.33,3.7
7753,Park,Hospital_7753,Hyderabad,Jubilee Hills,17.428826,77.822928,7.17,4.3
7754,Airport,Airport_7754,Pune,Kharadi,14.501992,73.101256,2.55,4.2
7755,Bus Stop,Hospital_7755,Chennai,Adyar,17.492404,74.215667,8.02,4.3
7756,Airport,School_7756,Mumbai,Andheri,17.924285,79.329648,4.43,3.8
7757,Restaurant,College_7757,Hyderabad,Gachibowli,18.982876,75.898266,2.04,4.4
7758,Mall,Park_7758,Hyderabad,Kukatpally,15.351185,75.631699,2.89,4.8
7759,Bus Stop,College_7759,Hyderabad,Gachibowli,14.621435,78.319487,7.11,3.9
7760,Restaurant,College_7760,Pune,Hinjewadi,13.964796,72.703469,3.41,4.1
7761,College,Park_7761,Chennai,OMR,12.428558,75.741899,0.75,3.7
7762,Hospital,Mall_7762,Pune,Wakad,14.981127,79.010887,4.7,3.6
7763,Bus Stop,Park_7763,Hyderabad,Madhapur,12.008694,78.208322,2.76,5.0
7764,Hospital,Metro_7764,Pune,Wakad,14.713941,76.107778,3.69,3.2
7765,School,Airport_7765,Hyderabad,Kondapur,15.541552,73.445615,8.87,4.8
7766,Airport,Park_7766,Pune,Kharadi,12.095236,74.611207,7.01,3.2
7767,Airport,College_7767,Pune,Hinjewadi,18.052613,79.619917,0.14,4.5
7768,Airport,Metro_7768,Mumbai,Bandra,14.242366,78.248014,9.57,3.6
7769,Park,Mall_7769,Pune,Wakad,17.371884,78.622631,2.99,5.0
7770,Restaurant,Bus Stop_7770,Bengaluru,Electronic City,13.012772,74.895448,7.33,3.3
7771,College,Hospital_7771,Mumbai,Bandra,15.312216,75.879115,4.08,4.8
7772,Mall,Airport_7772,Chennai,Adyar,13.751039,74.778006,6.21,3.9
7773,Mall,Park_7773,Bengaluru,Electronic City,15.364957,75.906781,9.97,3.0
7774,College,Metro_7774,Bengaluru,Whitefield,13.280384,74.474531,2.63,3.9
7775,Metro,Mall_7775,Pune,Wakad,14.335821,78.449726,8.08,4.5
7776,Restaurant,Metro_7776,Pune,Wakad,13.773826,72.432322,3.73,3.3
7777,College,College_7777,Hyderabad,Madhapur,18.204097,79.604992,4.42,3.4
7778,Bus Stop,Metro_7778,Bengaluru,HSR Layout,12.097723,77.913267,2.76,4.4
7779,Metro,Airport_7779,Pune,Baner,17.887168,78.302783,1.41,4.2
7780,Restaurant,Airport_7780,Hyderabad,Banjara Hills,17.16172,75.434622,5.76,3.1
7781,College,Bus Stop_7781,Chennai,Anna Nagar,15.162049,72.077691,9.18,5.0
7782,College,Restaurant_7782,Hyderabad,Gachibowli,17.592134,73.890685,0.96,3.0
7783,College,Park_7783,Pune,Wakad,14.146093,76.889671,4.98,4.0
7784,School,College_7784,Mumbai,Thane,17.061553,76.888559,2.89,4.8
7785,Bus Stop,Restaurant_7785,Pune,Baner,17.268619,78.818494,1.36,3.9
7786,Park,Restaurant_7786,Bengaluru,Electronic City,16.586427,78.750937,0.53,4.0
7787,School,Hospital_7787,Mumbai,Bandra,17.718898,75.529074,7.86,3.3
7788,Park,Park_7788,Chennai,Velachery,16.873788,79.40532,9.4,3.1
7789,Park,Bus Stop_7789,Pune,Hinjewadi,12.017789,75.083526,7.36,4.8
7790,Park,Hospital_7790,Hyderabad,Madhapur,13.389,75.515145,1.63,3.1
7791,College,School_7791,Pune,Kharadi,13.773117,72.644585,5.33,3.7
7792,Park,School_7792,Chennai,Anna Nagar,14.852363,77.165415,8.65,4.4
7793,Park,College_7793,Hyderabad,Banjara Hills,15.436208,79.197158,2.88,3.7
7794,Metro,Mall_7794,Bengaluru,Whitefield,17.239663,72.83526,5.99,3.6
7795,Restaurant,Airport_7795,Mumbai,Bandra,12.939932,74.901403,6.47,4.4
7796,Airport,Bus Stop_7796,Pune,Hinjewadi,12.723763,76.641625,6.89,4.9
7797,Airport,Bus Stop_7797,Hyderabad,Banjara Hills,18.569945,73.102003,9.71,3.5
7798,School,Bus Stop_7798,Bengaluru,HSR Layout,13.165531,77.795518,1.54,3.1
7799,Restaurant,Park_7799,Hyderabad,Jubilee Hills,14.524659,72.53181,6.12,3.0
7800,Airport,College_7800,Pune,Wakad,18.13065,78.335764,6.36,4.1
7801,School,Restaurant_7801,Pune,Hinjewadi,14.470651,73.834723,3.95,3.6
7802,Park,College_7802,Chennai,Velachery,14.707536,75.469756,7.22,3.8
7803,Hospital,Airport_7803,Pune,Wakad,12.72831,75.205899,7.9,3.5
7804,School,Hospital_7804,Hyderabad,Kukatpally,13.275668,77.892812,4.17,3.6
7805,Bus Stop,Park_7805,Hyderabad,Kondapur,18.949413,74.998729,4.61,4.8
7806,Park,School_7806,Chennai,OMR,18.841841,77.744023,2.0,4.4
7807,Metro,Mall_7807,Hyderabad,Jubilee Hills,15.694445,78.940879,1.03,4.3
7808,Hospital,Mall_7808,Chennai,OMR,18.259781,73.738057,0.21,4.8
7809,Park,Hospital_7809,Pune,Hinjewadi,16.920551,75.19557,4.97,3.7
7810,Hospital,Park_7810,Chennai,Velachery,15.042459,79.829552,0.11,4.6
7811,College,Hospital_7811,Bengaluru,Whitefield,13.10954,79.205589,0.29,3.4
7812,Metro,College_7812,Chennai,Adyar,14.457872,79.085511,7.27,3.7
7813,School,Restaurant_7813,Bengaluru,HSR Layout,18.985854,73.208243,6.81,3.0
7814,College,Bus Stop_7814,Chennai,Anna Nagar,14.187687,77.776963,6.59,5.0
7815,College,Mall_7815,Pune,Kharadi,16.388961,78.738181,8.94,3.6
7816,Airport,Park_7816,Mumbai,Bandra,17.216093,74.481866,9.16,3.5
7817,Restaurant,Restaurant_7817,Chennai,Anna Nagar,15.14575,74.072618,4.56,3.9
7818,School,Metro_7818,Bengaluru,Whitefield,16.659466,72.12903,6.04,3.5
7819,Mall,Bus Stop_7819,Mumbai,Bandra,18.145718,79.600161,9.92,4.2
7820,Restaurant,Park_7820,Pune,Kharadi,12.648811,77.58001,7.75,3.8
7821,Bus Stop,Mall_7821,Mumbai,Powai,14.604005,77.256715,3.36,3.6
7822,Park,School_7822,Hyderabad,Miyapur,17.296156,75.337701,4.55,4.6
7823,College,Bus Stop_7823,Mumbai,Bandra,12.285779,79.413936,0.48,4.5
7824,Restaurant,Metro_7824,Pune,Baner,13.357782,77.121104,4.44,5.0
7825,Restaurant,Airport_7825,Bengaluru,Electronic City,18.975252,73.21657,2.33,4.3
7826,Airport,Bus Stop_7826,Hyderabad,Kondapur,13.408488,72.612407,1.25,4.1
7827,Restaurant,Hospital_7827,Chennai,Anna Nagar,18.991788,73.315098,0.63,3.7
7828,Restaurant,Metro_7828,Hyderabad,Jubilee Hills,18.849613,79.820395,5.26,3.4
7829,Mall,School_7829,Pune,Kharadi,17.214241,76.939772,4.47,4.0
7830,Metro,School_7830,Bengaluru,Indiranagar,16.556755,76.437699,0.58,4.4
7831,Restaurant,Mall_7831,Pune,Baner,12.102205,77.875454,1.63,3.9
7832,Hospital,College_7832,Bengaluru,Electronic City,15.310772,72.271323,2.71,4.7
7833,Mall,Metro_7833,Mumbai,Bandra,15.547098,75.712874,3.31,4.3
7834,Restaurant,School_7834,Bengaluru,Indiranagar,18.057376,72.242523,2.21,3.9
7835,Bus Stop,Metro_7835,Pune,Wakad,18.951995,78.936758,6.57,3.3
7836,Hospital,Airport_7836,Mumbai,Thane,17.092644,72.265894,2.58,3.6
7837,Bus Stop,Park_7837,Mumbai,Bandra,14.17485,73.925235,5.4,3.1
7838,Mall,School_7838,Pune,Baner,15.654706,75.507621,5.47,3.6
7839,Airport,Bus Stop_7839,Bengaluru,HSR Layout,12.401184,75.891097,6.36,4.6
7840,Bus Stop,Park_7840,Bengaluru,Whitefield,16.730325,72.201409,9.37,3.4
7841,Mall,Restaurant_7841,Chennai,Adyar,15.156998,72.542879,0.23,3.8
7842,Hospital,Hospital_7842,Mumbai,Andheri,17.097513,73.954965,7.28,3.9
7843,Mall,Airport_7843,Bengaluru,HSR Layout,14.427102,72.334455,2.39,3.8
7844,Metro,Bus Stop_7844,Bengaluru,Electronic City,18.379584,77.30987,8.98,4.4
7845,Park,School_7845,Bengaluru,Indiranagar,18.106039,74.115067,1.88,4.3
7846,Mall,College_7846,Bengaluru,Electronic City,18.586264,73.077489,6.73,4.3
7847,Restaurant,College_7847,Hyderabad,Miyapur,17.738659,74.51864,0.92,4.5
7848,Restaurant,Airport_7848,Pune,Baner,15.371998,73.83575,8.28,4.1
7849,School,College_7849,Mumbai,Bandra,15.188784,78.849764,7.36,3.3
7850,Restaurant,Metro_7850,Mumbai,Bandra,17.853483,77.067121,3.53,4.7
7851,School,Park_7851,Mumbai,Andheri,14.715091,79.891579,7.26,3.6
7852,College,Park_7852,Bengaluru,Electronic City,14.827554,75.117214,3.41,3.4
7853,Restaurant,Restaurant_7853,Pune,Hinjewadi,15.214864,78.522072,0.47,4.8
7854,Metro,Hospital_7854,Chennai,OMR,16.17421,79.955868,3.33,4.8
7855,Metro,Bus Stop_7855,Hyderabad,Miyapur,17.798151,72.68971,2.8,4.1
7856,Bus Stop,Mall_7856,Mumbai,Thane,17.965412,76.665988,1.22,3.9
7857,Hospital,Park_7857,Pune,Hinjewadi,16.60508,72.191895,3.73,5.0
7858,Metro,Restaurant_7858,Bengaluru,Electronic City,18.302402,79.771136,8.62,4.7
7859,School,School_7859,Bengaluru,Electronic City,13.430457,72.158026,6.27,4.6
7860,Metro,College_7860,Mumbai,Thane,13.13338,73.066252,6.06,4.0
7861,School,Metro_7861,Pune,Hinjewadi,12.652399,72.300909,4.23,4.3
7862,Metro,Airport_7862,Chennai,OMR,14.039376,72.953146,6.28,4.7
7863,Park,School_7863,Pune,Baner,13.155266,75.192822,3.05,3.0
7864,Mall,Hospital_7864,Pune,Kharadi,12.065289,72.912725,7.2,4.4
7865,School,Airport_7865,Pune,Hinjewadi,12.375298,78.159248,5.86,3.8
7866,Restaurant,Restaurant_7866,Pune,Kharadi,13.564517,79.438196,8.29,4.9
7867,College,Hospital_7867,Mumbai,Powai,18.188803,73.259138,6.78,3.7
7868,Mall,Metro_7868,Bengaluru,Whitefield,13.486871,77.514184,5.97,4.3
7869,Airport,School_7869,Pune,Hinjewadi,16.772813,79.124586,5.02,3.1
7870,Hospital,Park_7870,Pune,Baner,12.38046,76.349568,8.92,3.4
7871,Metro,Bus Stop_7871,Chennai,OMR,18.444812,75.090662,6.71,4.2
7872,School,Mall_7872,Bengaluru,Electronic City,13.149003,72.788656,0.91,3.1
7873,Airport,Hospital_7873,Pune,Hinjewadi,14.656886,75.973933,8.5,3.7
7874,Hospital,School_7874,Pune,Baner,17.368403,74.995886,4.22,5.0
7875,Hospital,School_7875,Hyderabad,Gachibowli,13.839044,79.449901,4.3,3.4
7876,Metro,Metro_7876,Bengaluru,Whitefield,18.05865,78.575153,4.13,3.0
7877,College,Hospital_7877,Mumbai,Bandra,14.044024,72.377113,5.35,3.5
7878,Mall,Mall_7878,Mumbai,Andheri,17.987066,73.383748,1.21,3.8
7879,Hospital,Park_7879,Hyderabad,Gachibowli,17.538034,74.310513,4.94,3.4
7880,Mall,Hospital_7880,Bengaluru,HSR Layout,12.570727,76.075284,8.41,4.1
7881,Bus Stop,Hospital_7881,Pune,Baner,12.670619,78.130005,9.84,3.2
7882,Airport,Restaurant_7882,Bengaluru,HSR Layout,17.43178,79.924866,4.53,4.8
7883,Airport,Bus Stop_7883,Chennai,Anna Nagar,13.013857,75.936919,3.06,3.7
7884,Restaurant,Restaurant_7884,Pune,Wakad,12.946022,73.154764,5.04,3.7
7885,School,College_7885,Mumbai,Thane,14.671418,76.351027,7.04,4.9
7886,Bus Stop,Metro_7886,Pune,Wakad,17.1681,75.542567,6.84,3.6
7887,Park,School_7887,Bengaluru,Whitefield,18.775341,73.399633,3.78,3.1
7888,Airport,Airport_7888,Mumbai,Andheri,12.152948,79.086468,9.56,3.6
7889,School,Metro_7889,Hyderabad,Kukatpally,12.562832,77.94367,3.1,4.5
7890,Metro,Bus Stop_7890,Bengaluru,HSR Layout,13.996655,77.527835,5.55,3.5
7891,School,School_7891,Bengaluru,HSR Layout,12.743303,79.496015,7.39,4.5
7892,Mall,Mall_7892,Mumbai,Powai,13.493279,79.60995,7.27,4.7
7893,Restaurant,Restaurant_7893,Pune,Baner,13.788441,75.874101,6.59,3.7
7894,Bus Stop,Restaurant_7894,Hyderabad,Gachibowli,17.892729,72.561944,2.23,4.4
7895,Bus Stop,Hospital_7895,Bengaluru,Indiranagar,16.038814,72.704763,8.18,3.8
7896,Airport,School_7896,Pune,Baner,15.873787,79.319064,0.34,3.7
7897,Mall,Park_7897,Hyderabad,Miyapur,16.785795,78.156617,6.51,4.1
7898,Mall,Park_7898,Mumbai,Andheri,12.782373,72.212297,1.46,4.3
7899,Restaurant,College_7899,Hyderabad,Banjara Hills,17.416058,77.725192,6.57,3.6
7900,Airport,Airport_7900,Pune,Wakad,17.401016,73.863151,0.39,4.6
7901,School,Mall_7901,Hyderabad,Gachibowli,16.630857,75.774734,6.4,4.7
7902,Park,Hospital_7902,Bengaluru,Electronic City,15.388839,72.822225,5.41,4.7
7903,Airport,Hospital_7903,Hyderabad,Miyapur,17.433801,77.685878,3.69,4.4
7904,Restaurant,Metro_7904,Mumbai,Powai,14.594857,73.791254,1.28,3.6
7905,College,Metro_7905,Chennai,Adyar,15.510907,73.096922,5.57,3.6
7906,School,College_7906,Chennai,Velachery,18.631769,79.122086,7.99,4.0
7907,Hospital,Metro_7907,Hyderabad,Kondapur,12.27773,77.002011,7.7,4.0
7908,College,School_7908,Chennai,Velachery,12.414781,75.134477,0.99,3.9
7909,College,School_7909,Hyderabad,Kondapur,14.740181,78.841678,3.23,3.6
7910,Bus Stop,Park_7910,Chennai,Anna Nagar,12.756526,72.272674,0.72,3.1
7911,School,Metro_7911,Pune,Baner,14.861494,73.277023,4.06,4.9
7912,Airport,School_7912,Hyderabad,Banjara Hills,12.768975,77.823327,2.65,4.7
7913,Metro,Restaurant_7913,Hyderabad,Kondapur,15.872888,76.23356,2.0,3.4
7914,Airport,Metro_7914,Mumbai,Andheri,12.079021,78.081636,1.53,4.1
7915,School,Mall_7915,Pune,Baner,16.461446,73.097958,4.54,4.2
7916,Park,Bus Stop_7916,Chennai,OMR,16.497187,78.749669,6.35,3.8
7917,Mall,College_7917,Pune,Baner,17.304707,73.49766,2.18,3.0
7918,College,Airport_7918,Mumbai,Thane,18.220248,79.687775,8.18,4.8
7919,College,Airport_7919,Chennai,Adyar,17.682532,73.18852,8.04,4.7
7920,Mall,School_7920,Chennai,Velachery,17.786638,77.081552,2.0,4.1
7921,Mall,Hospital_7921,Bengaluru,Indiranagar,16.346666,79.229396,1.4,3.9
7922,School,Hospital_7922,Chennai,Anna Nagar,12.675259,73.199578,0.44,4.6
7923,Bus Stop,Hospital_7923,Pune,Hinjewadi,17.16355,72.735546,6.32,3.9
7924,Metro,Mall_7924,Bengaluru,HSR Layout,17.9169,78.943494,0.72,4.7
7925,Restaurant,Metro_7925,Pune,Baner,16.932393,76.891044,1.0,4.2
7926,Airport,Restaurant_7926,Mumbai,Thane,16.593659,76.87456,0.39,4.7
7927,Airport,Restaurant_7927,Hyderabad,Banjara Hills,17.747844,76.028668,2.51,3.1
7928,Airport,Airport_7928,Hyderabad,Jubilee Hills,12.248741,72.002406,4.1,3.6
7929,Mall,Bus Stop_7929,Chennai,OMR,12.795609,79.650306,4.93,3.6
7930,Airport,Park_7930,Hyderabad,Miyapur,13.879087,79.844088,5.85,3.2
7931,Hospital,Restaurant_7931,Pune,Wakad,14.59379,77.463181,0.35,4.1
7932,Hospital,Airport_7932,Hyderabad,Madhapur,16.925745,76.71606,2.53,3.8
7933,Mall,Restaurant_7933,Chennai,OMR,16.600526,73.290095,6.2,3.1
7934,Mall,College_7934,Pune,Wakad,14.071299,78.356162,9.24,4.2
7935,College,Restaurant_7935,Bengaluru,Electronic City,17.106218,74.68262,4.24,3.3
7936,College,Park_7936,Chennai,Anna Nagar,17.210531,72.834774,0.59,3.8
7937,Bus Stop,School_7937,Hyderabad,Kukatpally,16.312664,79.987561,6.9,3.9
7938,Airport,College_7938,Chennai,OMR,14.311161,78.653156,1.03,3.5
7939,College,Park_7939,Bengaluru,HSR Layout,13.756148,76.406011,2.58,3.4
7940,Park,Mall_7940,Mumbai,Bandra,17.723945,77.571972,2.22,5.0
7941,Mall,Hospital_7941,Bengaluru,HSR Layout,12.699803,79.545753,8.24,4.7
7942,College,College_7942,Hyderabad,Madhapur,17.762072,73.943502,9.36,4.7
7943,Airport,Airport_7943,Mumbai,Bandra,17.715262,79.722994,1.81,3.5
7944,Hospital,School_7944,Bengaluru,Whitefield,13.78796,72.127408,7.82,4.0
7945,Hospital,Mall_7945,Mumbai,Powai,17.121989,74.973045,6.45,3.8
7946,Hospital,Mall_7946,Hyderabad,Jubilee Hills,12.631454,76.502296,5.3,5.0
7947,School,Hospital_7947,Bengaluru,HSR Layout,17.389173,77.003217,2.68,3.6
7948,Hospital,Hospital_7948,Pune,Wakad,14.353055,73.970174,3.69,4.6
7949,Park,School_7949,Mumbai,Thane,15.091823,73.75422,7.8,3.4
7950,Restaurant,Metro_7950,Bengaluru,Indiranagar,13.164285,75.052095,8.02,4.8
7951,Hospital,Bus Stop_7951,Chennai,Anna Nagar,12.909157,74.113573,3.32,3.5
7952,Airport,College_7952,Hyderabad,Miyapur,17.539653,78.195993,4.85,3.9
7953,Hospital,School_7953,Pune,Kharadi,14.639274,78.948367,7.71,4.4
7954,Mall,Mall_7954,Bengaluru,HSR Layout,14.781342,76.820306,4.23,4.1
7955,Restaurant,Hospital_7955,Bengaluru,HSR Layout,16.77109,75.091398,9.04,3.9
7956,Bus Stop,Metro_7956,Bengaluru,Electronic City,16.586983,79.073305,2.54,3.7
7957,College,Bus Stop_7957,Pune,Hinjewadi,12.389943,79.941525,8.98,3.5
7958,School,Bus Stop_7958,Mumbai,Powai,14.491297,78.134743,4.41,3.1
7959,Metro,Bus Stop_7959,Chennai,OMR,15.085247,75.961563,8.75,3.6
7960,Bus Stop,Restaurant_7960,Chennai,OMR,14.927805,72.39025,2.19,3.0
7961,Restaurant,Restaurant_7961,Chennai,Adyar,15.44131,78.337078,3.34,4.2
7962,Hospital,Restaurant_7962,Chennai,Adyar,14.276081,74.548531,1.18,4.1
7963,Bus Stop,School_7963,Mumbai,Thane,13.083935,79.246297,6.39,4.1
7964,Hospital,Airport_7964,Bengaluru,Electronic City,14.315073,74.858334,9.04,4.3
7965,Mall,Mall_7965,Bengaluru,Indiranagar,14.525919,79.406077,7.34,4.5
7966,Metro,Bus Stop_7966,Bengaluru,Whitefield,12.440178,75.921872,4.59,4.2
7967,Restaurant,Metro_7967,Chennai,OMR,13.41687,73.277091,4.23,3.5
7968,College,Hospital_7968,Chennai,Anna Nagar,17.834967,79.763959,6.93,4.1
7969,College,Park_7969,Pune,Kharadi,14.685339,79.920683,4.75,3.8
7970,Park,Hospital_7970,Chennai,OMR,16.448152,75.409226,6.78,4.8
7971,Mall,Airport_7971,Chennai,Adyar,12.949981,74.905026,9.62,5.0
7972,Park,School_7972,Pune,Wakad,13.596808,75.946625,1.12,3.5
7973,School,School_7973,Pune,Wakad,14.415619,72.126002,9.09,4.5
7974,College,Bus Stop_7974,Bengaluru,Whitefield,17.997715,74.612162,5.61,3.8
7975,Metro,Airport_7975,Bengaluru,HSR Layout,16.63146,73.686591,3.3,3.4
7976,Park,Hospital_7976,Bengaluru,Whitefield,13.194976,79.417778,2.25,3.5
7977,Park,Restaurant_7977,Chennai,Anna Nagar,14.158832,76.172762,7.27,3.9
7978,College,Bus Stop_7978,Mumbai,Thane,15.01426,76.117678,3.77,4.8
7979,Airport,Park_7979,Mumbai,Thane,16.669355,76.948992,9.51,3.3
7980,School,Hospital_7980,Bengaluru,Indiranagar,15.891933,77.182792,8.15,4.5
7981,Bus Stop,School_7981,Hyderabad,Gachibowli,17.632295,78.65515,6.76,4.9
7982,Bus Stop,Airport_7982,Bengaluru,HSR Layout,13.592474,72.441772,4.35,3.0
7983,Hospital,Mall_7983,Hyderabad,Miyapur,12.684656,75.632529,6.83,3.1
7984,College,Restaurant_7984,Bengaluru,HSR Layout,14.754338,75.324527,1.74,4.1
7985,Bus Stop,Airport_7985,Hyderabad,Jubilee Hills,18.07477,73.12646,2.09,4.8
7986,Airport,School_7986,Hyderabad,Jubilee Hills,15.412364,77.200238,3.45,4.4
7987,Park,School_7987,Chennai,Adyar,15.722403,76.172198,2.06,4.7
7988,Mall,Mall_7988,Chennai,Velachery,14.682234,74.192498,5.54,4.6
7989,Hospital,College_7989,Hyderabad,Kondapur,15.201807,75.275378,9.94,3.0
7990,Mall,Airport_7990,Hyderabad,Madhapur,17.588784,75.554475,0.99,4.9
7991,School,College_7991,Chennai,Adyar,14.135442,76.741811,9.87,3.3
7992,Restaurant,Park_7992,Pune,Kharadi,12.611428,75.981338,2.55,3.8
7993,College,Bus Stop_7993,Mumbai,Andheri,15.313848,79.974226,6.84,4.2
7994,School,Park_7994,Bengaluru,Indiranagar,18.971977,78.465699,3.4,3.9
7995,Mall,Restaurant_7995,Mumbai,Andheri,16.999154,76.753447,3.08,3.7
7996,Airport,School_7996,Pune,Hinjewadi,12.698618,73.090756,1.76,4.8
7997,Park,College_7997,Mumbai,Powai,17.854289,75.883417,8.36,4.2
7998,Metro,Mall_7998,Chennai,Adyar,18.319804,78.08243,3.78,4.6
7999,Bus Stop,Mall_7999,Chennai,Adyar,16.028215,72.768112,6.27,4.2
8000,College,Park_8000,Pune,Baner,12.479671,75.325966,2.37,4.8
8001,College,College_8001,Bengaluru,HSR Layout,14.742099,74.116358,6.31,5.0
8002,Restaurant,College_8002,Mumbai,Bandra,12.318532,75.116666,9.68,3.7
8003,Hospital,Restaurant_8003,Hyderabad,Banjara Hills,16.833811,76.52697,8.5,4.4
8004,School,Park_8004,Pune,Wakad,13.065514,79.163997,4.22,4.7
8005,Metro,School_8005,Chennai,Anna Nagar,13.705262,74.235184,3.17,3.6
8006,Park,Mall_8006,Chennai,Velachery,18.449728,73.659545,9.87,4.0
8007,Park,Hospital_8007,Hyderabad,Gachibowli,12.781351,75.655392,6.26,4.2
8008,Bus Stop,Mall_8008,Bengaluru,Indiranagar,14.739902,73.988946,3.66,4.0
8009,School,Mall_8009,Chennai,Anna Nagar,15.227132,74.364869,9.82,4.1
8010,Metro,Hospital_8010,Bengaluru,Whitefield,12.700172,79.908958,5.33,4.2
8011,Bus Stop,Metro_8011,Mumbai,Andheri,16.831645,78.514964,7.21,4.5
8012,College,Metro_8012,Mumbai,Andheri,14.922961,76.490268,6.82,4.4
8013,College,Mall_8013,Pune,Wakad,17.664987,72.470159,6.75,4.1
8014,School,Airport_8014,Mumbai,Powai,14.393053,79.270962,8.56,4.0
8015,College,Airport_8015,Bengaluru,HSR Layout,15.482426,74.272778,6.74,4.4
8016,Park,Park_8016,Hyderabad,Jubilee Hills,14.856684,74.128707,8.39,3.8
8017,Bus Stop,Bus Stop_8017,Pune,Baner,12.670479,73.645577,1.12,4.8
8018,Mall,Bus Stop_8018,Pune,Baner,17.419278,75.977095,9.26,3.5
8019,School,Mall_8019,Pune,Kharadi,16.024972,75.038112,2.55,3.5
8020,Restaurant,Park_8020,Bengaluru,Whitefield,16.953301,77.258775,9.28,3.6
8021,Restaurant,Airport_8021,Chennai,Anna Nagar,13.93724,72.941546,7.42,3.3
8022,College,Mall_8022,Mumbai,Andheri,18.070176,74.036382,7.18,4.9
8023,Restaurant,Airport_8023,Hyderabad,Madhapur,13.766107,79.776165,6.44,3.2
8024,Metro,Restaurant_8024,Mumbai,Andheri,12.041314,78.430841,0.17,3.9
8025,Airport,School_8025,Bengaluru,HSR Layout,17.995626,77.23772,1.64,3.3
8026,Hospital,School_8026,Pune,Baner,16.062797,78.225651,5.81,4.9
8027,Metro,Airport_8027,Pune,Baner,13.959139,73.522209,0.77,4.8
8028,Bus Stop,Bus Stop_8028,Pune,Kharadi,12.907956,79.742407,7.36,4.9
8029,Metro,Metro_8029,Chennai,Anna Nagar,16.421752,73.114246,7.98,4.7
8030,Airport,Metro_8030,Pune,Wakad,15.452055,78.850602,5.03,4.4
8031,School,Restaurant_8031,Bengaluru,Whitefield,16.87349,73.259585,2.91,4.3
8032,College,Airport_8032,Chennai,Velachery,14.652461,77.168843,8.32,3.6
8033,Hospital,Mall_8033,Hyderabad,Gachibowli,17.580913,73.760273,8.69,4.4
8034,Mall,Restaurant_8034,Pune,Baner,14.373868,76.383012,1.94,4.4
8035,Hospital,Bus Stop_8035,Hyderabad,Miyapur,14.376788,74.365521,4.12,3.1
8036,Metro,Hospital_8036,Hyderabad,Banjara Hills,14.63726,79.936812,9.03,4.5
8037,Metro,College_8037,Hyderabad,Kukatpally,15.988546,72.497476,1.1,4.1
8038,Park,Hospital_8038,Pune,Hinjewadi,14.50915,75.849479,0.59,3.1
8039,College,Airport_8039,Hyderabad,Madhapur,17.563339,76.01458,7.37,3.2
8040,Metro,School_8040,Hyderabad,Jubilee Hills,16.85373,77.437661,7.22,4.7
8041,Park,Park_8041,Bengaluru,HSR Layout,16.390837,73.068542,1.76,3.3
8042,Mall,Restaurant_8042,Hyderabad,Kukatpally,15.518258,76.318115,8.63,4.7
8043,Park,College_8043,Mumbai,Bandra,18.857258,78.436802,9.89,3.4
8044,Park,Park_8044,Bengaluru,HSR Layout,17.529555,74.871049,8.23,3.5
8045,Restaurant,Hospital_8045,Hyderabad,Kukatpally,14.034426,77.809361,8.39,3.1
8046,Hospital,Park_8046,Hyderabad,Kondapur,12.197719,79.951607,0.56,3.8
8047,College,Restaurant_8047,Pune,Kharadi,12.499458,72.581379,7.91,4.6
8048,Park,Airport_8048,Bengaluru,Electronic City,17.234024,79.328322,7.19,3.0
8049,Mall,Metro_8049,Pune,Baner,18.267993,78.08657,0.5,3.8
8050,Mall,Hospital_8050,Bengaluru,Whitefield,16.196696,76.905474,8.49,4.7
8051,Metro,School_8051,Pune,Hinjewadi,13.285683,76.542837,9.66,4.7
8052,Park,College_8052,Hyderabad,Gachibowli,12.574696,78.269888,8.17,4.6
8053,Metro,Airport_8053,Pune,Baner,18.319812,78.513843,5.09,4.8
8054,School,Park_8054,Chennai,Velachery,13.764653,77.846321,2.54,3.2
8055,School,College_8055,Chennai,Adyar,16.04979,79.438497,6.88,4.0
8056,Mall,School_8056,Hyderabad,Madhapur,15.457065,72.574253,9.54,4.8
8057,Airport,Mall_8057,Bengaluru,Electronic City,16.304871,79.044346,2.38,4.2
8058,Metro,Restaurant_8058,Chennai,Adyar,14.146933,72.582402,7.13,4.5
8059,Airport,Restaurant_8059,Hyderabad,Gachibowli,18.771576,77.935327,3.63,4.2
8060,Restaurant,Hospital_8060,Bengaluru,HSR Layout,14.928206,76.827846,4.58,4.5
8061,Park,Park_8061,Chennai,Anna Nagar,18.070942,75.55499,4.02,3.4
8062,Bus Stop,Metro_8062,Pune,Baner,12.094802,74.262058,5.97,3.1
8063,School,College_8063,Hyderabad,Madhapur,13.512822,72.255162,2.81,4.7
8064,Bus Stop,Hospital_8064,Chennai,OMR,12.697042,74.730731,2.05,4.0
8065,School,School_8065,Chennai,OMR,13.997469,76.566338,9.33,3.9
8066,College,College_8066,Bengaluru,Indiranagar,17.676132,75.583325,7.73,3.6
8067,Bus Stop,Park_8067,Pune,Baner,13.205826,77.121663,1.66,3.2
8068,Mall,Bus Stop_8068,Bengaluru,Electronic City,14.559011,77.013915,2.96,4.1
8069,School,College_8069,Chennai,OMR,14.071577,77.303239,2.64,4.1
8070,Bus Stop,Restaurant_8070,Mumbai,Bandra,15.257024,77.028748,5.73,3.7
8071,College,Hospital_8071,Chennai,Anna Nagar,13.734555,72.871411,9.15,4.9
8072,Metro,Restaurant_8072,Chennai,Velachery,16.568947,73.907779,9.45,3.9
8073,Restaurant,Mall_8073,Chennai,OMR,12.367974,76.525071,3.03,4.2
8074,School,Restaurant_8074,Hyderabad,Gachibowli,15.694207,73.107862,8.15,4.6
8075,Airport,Restaurant_8075,Chennai,OMR,18.35912,79.42893,0.98,3.9
8076,Bus Stop,Mall_8076,Hyderabad,Gachibowli,17.08961,78.406729,6.23,3.1
8077,Bus Stop,Airport_8077,Mumbai,Powai,15.903377,73.864667,3.42,4.0
8078,Mall,Mall_8078,Bengaluru,Whitefield,12.695616,79.695153,3.78,4.0
8079,School,School_8079,Pune,Kharadi,16.761604,72.167013,5.7,3.9
8080,College,School_8080,Bengaluru,Indiranagar,18.564056,77.037587,1.37,3.5
8081,Mall,Metro_8081,Chennai,OMR,14.362999,79.75485,6.76,4.0
8082,Hospital,Bus Stop_8082,Mumbai,Bandra,15.658489,74.494988,4.92,3.5
8083,Metro,Metro_8083,Pune,Hinjewadi,17.242739,73.054772,7.65,4.4
8084,School,Bus Stop_8084,Bengaluru,Indiranagar,18.952283,73.986761,9.55,4.2
8085,School,Restaurant_8085,Hyderabad,Kukatpally,18.133606,72.482035,0.92,3.2
8086,Restaurant,Metro_8086,Pune,Hinjewadi,16.141021,76.557426,2.79,3.2
8087,Airport,Hospital_8087,Bengaluru,Indiranagar,14.88447,74.541533,2.84,4.5
8088,Airport,Park_8088,Mumbai,Powai,18.587866,75.185779,9.34,4.9
8089,Park,Restaurant_8089,Hyderabad,Kukatpally,17.12445,72.971154,5.12,5.0
8090,Mall,Park_8090,Chennai,Anna Nagar,18.811384,75.069095,9.5,4.0
8091,School,Restaurant_8091,Chennai,Adyar,13.743647,78.02349,2.74,4.2
8092,Mall,Park_8092,Pune,Kharadi,14.154493,75.406999,1.02,4.8
8093,Mall,College_8093,Chennai,OMR,14.125137,76.618805,8.13,4.5
8094,Mall,Hospital_8094,Chennai,OMR,13.51185,75.929514,6.23,3.4
8095,Airport,Bus Stop_8095,Hyderabad,Madhapur,15.37385,73.457115,2.65,3.4
8096,Metro,School_8096,Hyderabad,Jubilee Hills,13.375834,76.376843,7.36,4.8
8097,School,Park_8097,Pune,Hinjewadi,12.810721,78.329948,0.26,4.5
8098,Mall,Metro_8098,Bengaluru,HSR Layout,15.179224,72.473342,9.9,3.9
8099,School,Restaurant_8099,Bengaluru,HSR Layout,18.783293,78.375649,6.39,3.8
8100,Hospital,College_8100,Hyderabad,Madhapur,15.505541,79.501582,1.79,4.5
8101,Park,School_8101,Bengaluru,HSR Layout,17.946735,75.016486,7.03,4.3
8102,Metro,Park_8102,Bengaluru,Electronic City,15.68288,74.068409,7.74,3.7
8103,Park,College_8103,Hyderabad,Banjara Hills,12.260598,77.16679,4.31,4.7
8104,Airport,Park_8104,Chennai,Anna Nagar,17.287739,72.627137,8.77,4.9
8105,School,School_8105,Bengaluru,Indiranagar,15.646976,75.175603,2.94,4.7
8106,Bus Stop,Airport_8106,Bengaluru,HSR Layout,17.473881,77.499623,7.49,4.3
8107,School,School_8107,Bengaluru,HSR Layout,15.370183,79.387148,0.63,3.5
8108,Hospital,School_8108,Bengaluru,HSR Layout,14.663773,75.234721,1.54,3.7
8109,Mall,Airport_8109,Pune,Wakad,15.7996,78.739364,7.64,3.2
8110,Restaurant,Bus Stop_8110,Hyderabad,Miyapur,12.188544,76.151693,7.05,3.9
8111,Bus Stop,Park_8111,Hyderabad,Madhapur,13.543958,75.507787,7.93,4.4
8112,Hospital,Hospital_8112,Chennai,Velachery,14.531504,74.175174,1.53,3.8
8113,Hospital,Hospital_8113,Hyderabad,Kondapur,17.561761,76.050293,6.68,4.3
8114,Restaurant,Hospital_8114,Bengaluru,Electronic City,12.009088,76.09055,7.32,4.1
8115,Mall,School_8115,Pune,Wakad,17.384175,78.372343,7.56,4.2
8116,Restaurant,Airport_8116,Chennai,Velachery,16.854963,72.734153,0.52,3.6
8117,Mall,College_8117,Mumbai,Powai,16.359482,76.519145,8.93,3.7
8118,Restaurant,Mall_8118,Bengaluru,HSR Layout,15.943849,78.495969,0.12,4.5
8119,Metro,Restaurant_8119,Hyderabad,Jubilee Hills,13.210826,78.37188,7.61,4.2
8120,Metro,Metro_8120,Chennai,Anna Nagar,15.72105,75.246982,5.55,3.9
8121,Park,College_8121,Bengaluru,Indiranagar,15.865531,74.259286,4.44,3.1
8122,Restaurant,College_8122,Pune,Baner,15.18864,78.474477,8.34,4.3
8123,Hospital,Park_8123,Bengaluru,Indiranagar,12.046305,74.60436,0.45,4.1
8124,Mall,Park_8124,Chennai,Anna Nagar,16.090623,74.019208,0.25,4.8
8125,College,Park_8125,Bengaluru,Electronic City,17.1668,73.138457,5.03,4.9
8126,Bus Stop,Restaurant_8126,Bengaluru,Whitefield,15.435657,73.378144,8.02,3.8
8127,College,Hospital_8127,Pune,Baner,13.82307,79.102675,8.32,4.3
8128,Airport,Airport_8128,Hyderabad,Kukatpally,15.002248,77.174581,2.34,3.2
8129,Park,Bus Stop_8129,Pune,Hinjewadi,18.727975,79.38925,3.52,4.4
8130,Restaurant,College_8130,Mumbai,Andheri,16.58153,76.838093,9.7,4.3
8131,Airport,Park_8131,Mumbai,Andheri,18.244434,78.803127,1.72,4.6
8132,Park,Bus Stop_8132,Hyderabad,Kukatpally,12.144167,74.895671,6.36,3.8
8133,Bus Stop,School_8133,Hyderabad,Jubilee Hills,14.760607,76.580871,5.22,4.8
8134,College,Metro_8134,Hyderabad,Jubilee Hills,18.359656,76.391821,4.67,3.3
8135,Hospital,Airport_8135,Hyderabad,Banjara Hills,16.646252,77.651998,6.47,3.6
8136,Park,Metro_8136,Mumbai,Thane,14.876503,78.435983,7.02,4.7
8137,Restaurant,Park_8137,Mumbai,Thane,16.871689,74.683648,4.87,4.3
8138,Metro,College_8138,Hyderabad,Madhapur,15.047102,72.364257,5.33,3.9
8139,Park,Park_8139,Hyderabad,Gachibowli,16.276279,78.441336,8.32,4.8
8140,Bus Stop,Airport_8140,Chennai,Adyar,15.881367,78.774529,5.77,4.4
8141,School,School_8141,Chennai,OMR,17.143156,73.357648,1.23,4.4
8142,Restaurant,Restaurant_8142,Hyderabad,Kukatpally,16.143655,73.626572,7.24,4.6
8143,Mall,Metro_8143,Chennai,Anna Nagar,17.754482,74.354903,4.27,3.3
8144,Mall,Bus Stop_8144,Hyderabad,Kukatpally,16.885164,75.301575,7.52,4.7
8145,Mall,Park_8145,Bengaluru,HSR Layout,18.588163,75.970935,7.46,3.6
8146,Hospital,Airport_8146,Mumbai,Powai,16.049796,72.848017,3.45,3.8
8147,Park,Bus Stop_8147,Bengaluru,HSR Layout,15.127136,78.57473,5.52,3.5
8148,Restaurant,College_8148,Mumbai,Thane,12.98317,77.826481,6.56,4.1
8149,School,Mall_8149,Chennai,OMR,13.060321,77.549938,8.5,4.3
8150,Restaurant,School_8150,Pune,Hinjewadi,18.776772,72.322217,3.36,4.7
8151,Park,School_8151,Pune,Wakad,17.01698,76.368085,6.68,3.8
8152,Mall,Metro_8152,Pune,Wakad,17.066539,73.093138,1.49,4.2
8153,Metro,Restaurant_8153,Bengaluru,HSR Layout,16.546832,74.74163,5.14,3.4
8154,College,Bus Stop_8154,Bengaluru,HSR Layout,17.633904,79.33148,7.3,3.3
8155,College,School_8155,Mumbai,Andheri,13.385288,76.266099,6.67,4.8
8156,Restaurant,College_8156,Bengaluru,HSR Layout,16.507213,75.627436,6.31,3.5
8157,Metro,Mall_8157,Chennai,Anna Nagar,16.123199,78.990557,0.62,3.3
8158,Bus Stop,Restaurant_8158,Chennai,Anna Nagar,15.605333,76.118418,4.99,3.4
8159,College,Restaurant_8159,Hyderabad,Banjara Hills,12.519328,75.922603,4.87,4.6
8160,College,Airport_8160,Hyderabad,Gachibowli,12.941876,75.088701,5.14,3.5
8161,College,College_8161,Hyderabad,Gachibowli,12.934068,75.381499,0.15,4.5
8162,Park,College_8162,Pune,Hinjewadi,17.217719,73.301841,7.01,4.9
8163,Mall,Airport_8163,Chennai,OMR,13.953236,73.716522,9.15,3.4
8164,Hospital,Hospital_8164,Chennai,Adyar,15.730708,74.858159,5.65,3.1
8165,Bus Stop,Park_8165,Hyderabad,Gachibowli,15.217047,75.923756,0.54,3.9
8166,Park,College_8166,Pune,Kharadi,18.23711,73.908403,9.27,4.9
8167,Restaurant,Restaurant_8167,Mumbai,Powai,17.7323,79.360616,4.06,3.2
8168,Park,Hospital_8168,Pune,Hinjewadi,14.198294,74.748846,9.98,4.2
8169,Mall,Airport_8169,Mumbai,Bandra,18.151392,77.674889,4.74,3.0
8170,Mall,Hospital_8170,Chennai,Adyar,14.570568,79.426795,1.56,4.2
8171,Park,Park_8171,Chennai,Anna Nagar,13.830527,78.650455,4.03,3.2
8172,College,Mall_8172,Mumbai,Thane,14.291317,78.351452,1.0,4.1
8173,Bus Stop,Park_8173,Bengaluru,Indiranagar,12.522614,76.627371,4.98,4.0
8174,College,School_8174,Pune,Kharadi,18.927322,77.139774,2.96,4.3
8175,Park,Bus Stop_8175,Chennai,Adyar,14.542235,79.59661,0.82,4.9
8176,College,Restaurant_8176,Hyderabad,Madhapur,15.121506,74.816645,5.09,3.2
8177,School,College_8177,Pune,Wakad,18.208301,77.550971,6.6,3.1
8178,School,School_8178,Chennai,Adyar,15.840028,77.625553,4.38,3.0
8179,Restaurant,Hospital_8179,Chennai,Adyar,16.517202,74.947896,2.3,4.1
8180,School,Restaurant_8180,Bengaluru,Electronic City,16.768134,79.943381,6.56,4.3
8181,Park,College_8181,Bengaluru,Whitefield,15.00083,76.785223,2.68,3.7
8182,College,Mall_8182,Hyderabad,Kondapur,14.558619,75.196766,2.61,4.1
8183,Park,College_8183,Mumbai,Bandra,13.904502,75.99902,4.9,4.8
8184,Restaurant,Hospital_8184,Hyderabad,Gachibowli,12.995347,75.222815,4.3,4.4
8185,Bus Stop,Bus Stop_8185,Hyderabad,Banjara Hills,16.263976,78.267458,3.81,3.1
8186,Airport,School_8186,Bengaluru,Indiranagar,13.067037,78.081656,8.55,3.8
8187,School,Restaurant_8187,Chennai,Anna Nagar,17.864843,79.477011,6.88,4.0
8188,Hospital,Metro_8188,Pune,Hinjewadi,12.809607,79.954299,3.82,3.4
8189,School,School_8189,Hyderabad,Banjara Hills,14.66289,73.06354,2.35,3.8
8190,Airport,Mall_8190,Mumbai,Bandra,12.194561,78.106984,8.92,3.7
8191,Park,Hospital_8191,Chennai,Anna Nagar,17.802524,76.962412,4.5,3.6
8192,Mall,College_8192,Bengaluru,Indiranagar,16.450232,73.614287,5.37,3.8
8193,Park,School_8193,Bengaluru,Indiranagar,18.746378,72.745956,2.1,3.1
8194,School,Restaurant_8194,Bengaluru,Whitefield,12.085063,73.394117,1.51,3.3
8195,Hospital,Park_8195,Pune,Baner,17.171252,76.149341,4.52,3.4
8196,Bus Stop,Metro_8196,Pune,Kharadi,15.640149,74.734933,4.65,3.0
8197,Park,Airport_8197,Chennai,Anna Nagar,15.975635,76.637261,0.46,3.1
8198,Bus Stop,Restaurant_8198,Hyderabad,Banjara Hills,13.904032,72.347308,0.44,4.8
8199,Bus Stop,Airport_8199,Bengaluru,Electronic City,17.055769,79.889326,4.57,4.3
8200,Metro,Park_8200,Chennai,Anna Nagar,14.133396,76.611387,1.52,3.2
8201,Airport,Metro_8201,Mumbai,Andheri,17.21421,73.648847,8.63,4.5
8202,Park,Hospital_8202,Pune,Hinjewadi,14.07397,74.949177,6.16,4.0
8203,Park,Bus Stop_8203,Hyderabad,Gachibowli,14.704437,77.222339,2.07,3.4
8204,Hospital,Park_8204,Hyderabad,Kukatpally,16.874672,72.945926,6.86,4.8
8205,Restaurant,Mall_8205,Mumbai,Andheri,15.511102,73.747541,3.09,3.8
8206,Airport,College_8206,Pune,Kharadi,12.805304,73.95182,4.88,3.3
8207,Restaurant,Airport_8207,Hyderabad,Banjara Hills,18.106927,76.583062,3.37,3.4
8208,School,School_8208,Chennai,OMR,14.469846,73.239905,9.43,3.3
8209,Metro,School_8209,Bengaluru,Indiranagar,12.680226,72.343454,3.62,3.2
8210,School,Metro_8210,Chennai,Anna Nagar,18.025602,72.92531,5.84,4.5
8211,Metro,Hospital_8211,Bengaluru,Indiranagar,13.602837,73.531486,8.88,3.6
8212,School,Mall_8212,Hyderabad,Gachibowli,14.789108,72.1303,2.31,3.7
8213,School,Hospital_8213,Bengaluru,HSR Layout,17.474377,74.204154,1.8,4.3
8214,Park,Airport_8214,Pune,Baner,14.998851,78.482434,2.5,4.2
8215,Airport,Airport_8215,Hyderabad,Kondapur,13.374334,72.112527,2.64,4.8
8216,Park,Park_8216,Mumbai,Bandra,13.302951,74.125489,7.67,4.5
8217,Bus Stop,Airport_8217,Hyderabad,Kondapur,16.644013,77.100653,0.87,3.3
8218,Metro,Restaurant_8218,Chennai,Anna Nagar,15.289046,78.530789,6.2,3.7
8219,Park,Hospital_8219,Bengaluru,Whitefield,13.488906,77.824028,6.28,3.2
8220,College,Bus Stop_8220,Pune,Kharadi,17.298882,73.019967,7.03,3.8
8221,Hospital,Hospital_8221,Chennai,Velachery,17.958067,78.635967,3.58,3.5
8222,Metro,Mall_8222,Chennai,Velachery,18.669313,79.047788,3.98,3.9
8223,School,Metro_8223,Mumbai,Bandra,12.12263,73.919918,9.69,4.6
8224,Metro,Restaurant_8224,Pune,Kharadi,14.502915,74.442335,6.65,4.6
8225,Metro,Metro_8225,Bengaluru,Indiranagar,13.461123,74.382414,9.56,4.3
8226,School,Bus Stop_8226,Bengaluru,Electronic City,16.665847,77.452627,6.7,4.5
8227,Airport,Park_8227,Pune,Wakad,16.72362,72.128097,2.42,4.4
8228,Airport,Hospital_8228,Bengaluru,Indiranagar,16.964168,76.189004,4.09,3.0
8229,Mall,Bus Stop_8229,Chennai,Adyar,12.708486,73.060068,5.17,4.8
8230,Mall,Airport_8230,Mumbai,Thane,16.198725,77.527171,0.48,3.9
8231,Bus Stop,College_8231,Pune,Kharadi,12.68288,72.412033,5.82,3.0
8232,Restaurant,Hospital_8232,Mumbai,Andheri,16.225272,77.919731,4.2,3.5
8233,Bus Stop,Park_8233,Bengaluru,Whitefield,17.945308,74.484351,2.05,4.2
8234,Restaurant,School_8234,Pune,Wakad,16.054007,77.805943,3.97,3.5
8235,Bus Stop,Hospital_8235,Mumbai,Thane,15.313126,79.541083,6.67,4.4
8236,Airport,Hospital_8236,Chennai,OMR,13.505446,75.944502,2.61,3.2
8237,Restaurant,Mall_8237,Hyderabad,Gachibowli,13.341366,78.528929,5.83,4.7
8238,Metro,Metro_8238,Pune,Hinjewadi,12.458717,72.764676,7.78,4.0
8239,Airport,Airport_8239,Bengaluru,Whitefield,12.722163,77.619112,5.69,3.0
8240,Bus Stop,School_8240,Pune,Baner,17.397438,76.689369,5.65,3.3
8241,Mall,College_8241,Hyderabad,Kukatpally,15.504924,75.746095,7.38,3.6
8242,Restaurant,Park_8242,Hyderabad,Kukatpally,12.979968,79.294026,5.8,4.0
8243,Park,Metro_8243,Chennai,Velachery,12.520511,73.609214,8.7,4.2
8244,Metro,Mall_8244,Pune,Wakad,15.215648,72.421128,8.96,3.0
8245,Park,School_8245,Bengaluru,Electronic City,13.604889,75.234803,3.3,4.6
8246,Airport,College_8246,Pune,Baner,18.450651,79.411869,2.37,4.2
8247,Metro,School_8247,Hyderabad,Madhapur,18.150006,79.115281,1.52,3.0
8248,Airport,Park_8248,Chennai,Velachery,14.907407,74.068248,3.99,4.2
8249,Airport,Hospital_8249,Chennai,OMR,18.393343,78.017752,2.1,3.7
8250,Metro,Restaurant_8250,Hyderabad,Kondapur,18.897621,72.233597,3.92,3.4
8251,Mall,Hospital_8251,Bengaluru,Electronic City,15.313941,72.511784,3.84,3.5
8252,Park,Park_8252,Pune,Kharadi,14.493428,78.382944,3.37,4.2
8253,Hospital,School_8253,Bengaluru,Indiranagar,13.317231,78.411871,4.06,3.3
8254,Park,Hospital_8254,Pune,Wakad,14.572736,76.835663,7.97,4.4
8255,Airport,Bus Stop_8255,Hyderabad,Madhapur,15.490557,76.341976,2.59,4.1
8256,Bus Stop,College_8256,Chennai,Adyar,18.227671,72.600912,9.42,4.5
8257,College,Airport_8257,Pune,Hinjewadi,15.459552,79.314189,9.14,3.8
8258,Hospital,Metro_8258,Pune,Kharadi,18.123556,75.772452,4.95,3.9
8259,Mall,Hospital_8259,Pune,Hinjewadi,13.467281,76.499942,6.94,3.9
8260,College,Airport_8260,Mumbai,Thane,14.767973,75.30898,0.77,4.7
8261,Metro,Mall_8261,Pune,Wakad,17.628469,78.710251,0.73,4.0
8262,Bus Stop,Airport_8262,Pune,Wakad,17.105361,74.780516,2.15,3.8
8263,Hospital,Park_8263,Pune,Kharadi,17.400233,75.953566,3.98,4.9
8264,Airport,Metro_8264,Bengaluru,HSR Layout,14.718062,72.957539,9.59,4.7
8265,Restaurant,Mall_8265,Bengaluru,HSR Layout,17.353323,76.446998,7.25,3.4
8266,School,Airport_8266,Bengaluru,HSR Layout,12.045777,72.634963,5.26,4.6
8267,College,Park_8267,Bengaluru,Electronic City,18.221209,74.231513,2.91,4.6
8268,Mall,Bus Stop_8268,Bengaluru,Indiranagar,15.0298,77.429046,8.75,3.1
8269,Hospital,Park_8269,Chennai,Velachery,18.477114,75.659926,1.5,3.1
8270,Hospital,Bus Stop_8270,Pune,Baner,14.795968,78.258881,5.71,3.5
8271,Metro,Bus Stop_8271,Mumbai,Thane,15.972341,74.138841,5.07,3.3
8272,Mall,Park_8272,Chennai,Adyar,14.478656,74.860499,1.43,4.4
8273,Airport,College_8273,Pune,Wakad,12.292211,74.563482,2.7,4.3
8274,Metro,Park_8274,Bengaluru,Whitefield,13.532033,76.394691,6.14,3.8
8275,Metro,Metro_8275,Pune,Baner,17.807337,75.164223,4.09,4.1
8276,Airport,Park_8276,Pune,Wakad,12.822436,79.651213,5.97,4.4
8277,Park,Park_8277,Pune,Hinjewadi,15.243412,72.971797,7.32,3.8
8278,Bus Stop,School_8278,Pune,Wakad,18.649158,74.757968,1.52,3.1
8279,Bus Stop,School_8279,Hyderabad,Banjara Hills,14.701879,77.953459,5.1,4.2
8280,Mall,Metro_8280,Bengaluru,HSR Layout,15.468508,77.800902,8.36,4.7
8281,Mall,Metro_8281,Pune,Hinjewadi,14.71703,72.416653,0.57,3.4
8282,Hospital,School_8282,Hyderabad,Gachibowli,18.864197,73.088229,0.75,4.5
8283,School,School_8283,Chennai,Velachery,15.023566,75.665594,8.77,4.5
8284,Airport,Bus Stop_8284,Hyderabad,Miyapur,13.131211,74.536796,9.06,3.9
8285,College,School_8285,Mumbai,Thane,18.635979,74.687708,2.53,3.2
8286,Mall,Bus Stop_8286,Pune,Kharadi,15.045318,75.601665,5.32,4.2
8287,Mall,Airport_8287,Bengaluru,Indiranagar,14.13928,74.398431,7.95,3.2
8288,Metro,School_8288,Mumbai,Powai,12.173742,73.547761,6.91,4.2
8289,Metro,Bus Stop_8289,Chennai,Velachery,12.952902,74.044722,6.96,4.9
8290,Restaurant,Metro_8290,Chennai,OMR,16.446197,73.405465,5.6,3.1
8291,Hospital,College_8291,Mumbai,Andheri,18.297471,75.391064,7.63,3.5
8292,Metro,Mall_8292,Mumbai,Thane,15.978671,79.143759,8.75,3.7
8293,Hospital,College_8293,Hyderabad,Jubilee Hills,12.746318,73.707315,6.4,4.3
8294,Airport,Mall_8294,Mumbai,Bandra,18.828651,72.350106,1.9,4.1
8295,Bus Stop,Metro_8295,Hyderabad,Madhapur,14.21409,78.446688,8.1,3.6
8296,Metro,Mall_8296,Hyderabad,Jubilee Hills,15.74899,73.408326,7.72,4.9
8297,Metro,Airport_8297,Pune,Baner,14.580018,76.507124,6.84,3.0
8298,Restaurant,Park_8298,Mumbai,Powai,13.766925,74.191535,1.68,3.4
8299,School,Restaurant_8299,Bengaluru,Whitefield,17.604667,74.109945,8.1,3.4
8300,Airport,Park_8300,Mumbai,Andheri,12.711549,72.270764,5.29,3.6
8301,Metro,Park_8301,Hyderabad,Gachibowli,14.198258,75.590452,8.66,4.5
8302,Bus Stop,College_8302,Hyderabad,Miyapur,15.154596,78.039935,5.9,3.8
8303,College,Bus Stop_8303,Bengaluru,Whitefield,12.300934,73.132757,6.6,3.3
8304,Metro,Bus Stop_8304,Bengaluru,Electronic City,13.943205,78.396386,0.62,3.4
8305,Hospital,School_8305,Hyderabad,Gachibowli,12.824544,73.057633,8.92,3.8
8306,Airport,Mall_8306,Chennai,Anna Nagar,12.322318,74.262174,6.26,3.1
8307,Hospital,Airport_8307,Hyderabad,Gachibowli,15.827728,78.832316,7.67,3.2
8308,Restaurant,College_8308,Chennai,Anna Nagar,17.85826,77.073908,3.84,3.2
8309,Metro,Bus Stop_8309,Bengaluru,Electronic City,13.700536,72.227686,0.12,3.2
8310,Bus Stop,Metro_8310,Pune,Kharadi,15.22888,72.623087,2.11,4.2
8311,Mall,Bus Stop_8311,Bengaluru,Indiranagar,14.782226,77.831083,7.96,4.2
8312,Mall,Bus Stop_8312,Hyderabad,Banjara Hills,17.882024,78.748162,8.39,4.8
8313,Hospital,Park_8313,Bengaluru,HSR Layout,17.619863,77.761386,0.45,4.2
8314,Mall,Restaurant_8314,Chennai,OMR,18.458244,77.035302,5.71,3.4
8315,Bus Stop,College_8315,Hyderabad,Madhapur,15.047055,74.176762,4.94,4.8
8316,Bus Stop,Airport_8316,Pune,Wakad,18.728779,72.307838,4.22,4.7
8317,Airport,Bus Stop_8317,Chennai,Adyar,16.135192,78.548608,5.45,4.5
8318,Airport,Bus Stop_8318,Hyderabad,Kukatpally,14.621308,73.564115,6.21,4.7
8319,Bus Stop,Hospital_8319,Mumbai,Powai,12.737235,78.011545,4.36,4.1
8320,Hospital,College_8320,Pune,Kharadi,14.463354,79.587038,0.99,4.5
8321,Park,Metro_8321,Mumbai,Powai,12.35714,79.275701,3.89,3.7
8322,Mall,Metro_8322,Pune,Baner,18.147843,77.388523,9.68,4.5
8323,School,Restaurant_8323,Mumbai,Thane,14.526366,74.310637,2.05,3.1
8324,Park,Bus Stop_8324,Hyderabad,Gachibowli,12.331192,77.490993,5.86,4.4
8325,Airport,School_8325,Bengaluru,Indiranagar,18.79603,74.715084,9.43,4.1
8326,Mall,College_8326,Hyderabad,Jubilee Hills,17.478644,74.857008,8.76,3.4
8327,Hospital,Park_8327,Pune,Kharadi,15.489904,76.71622,1.05,4.2
8328,School,Park_8328,Hyderabad,Jubilee Hills,15.975505,77.488261,1.67,3.2
8329,Metro,Hospital_8329,Pune,Wakad,17.700643,77.309217,5.4,4.6
8330,School,Mall_8330,Pune,Hinjewadi,17.709469,79.08884,7.07,4.6
8331,Restaurant,Bus Stop_8331,Mumbai,Thane,12.742718,76.745425,9.19,3.9
8332,Park,Park_8332,Bengaluru,Indiranagar,14.345157,73.000827,2.72,4.6
8333,School,Bus Stop_8333,Pune,Hinjewadi,13.136968,76.952442,2.98,3.5
8334,Hospital,School_8334,Hyderabad,Kukatpally,13.898857,73.459539,9.74,4.7
8335,Bus Stop,College_8335,Hyderabad,Jubilee Hills,14.895762,75.816627,8.13,4.9
8336,Restaurant,Mall_8336,Hyderabad,Kukatpally,17.067549,74.738627,6.55,3.4
8337,Park,Bus Stop_8337,Hyderabad,Banjara Hills,13.121358,76.965475,1.92,4.1
8338,Bus Stop,Restaurant_8338,Mumbai,Andheri,17.702023,79.622692,9.68,4.1
8339,Park,School_8339,Mumbai,Powai,16.676742,74.859187,8.56,3.3
8340,Park,Restaurant_8340,Mumbai,Thane,17.31799,76.629575,2.56,3.6
8341,Hospital,Mall_8341,Mumbai,Powai,18.933676,79.290813,0.18,3.5
8342,Metro,College_8342,Chennai,OMR,15.672725,76.814819,7.14,4.1
8343,Park,Airport_8343,Pune,Wakad,15.685915,76.547323,8.77,3.5
8344,Restaurant,College_8344,Pune,Hinjewadi,12.015517,75.029613,2.3,4.7
8345,Park,Hospital_8345,Chennai,Velachery,16.248556,72.930841,9.07,3.3
8346,Metro,Metro_8346,Pune,Baner,16.617807,73.153486,9.49,3.9
8347,Mall,Hospital_8347,Hyderabad,Kukatpally,13.451646,75.63801,4.21,3.5
8348,Airport,Airport_8348,Mumbai,Thane,14.791614,73.22047,5.54,3.8
8349,Park,Park_8349,Chennai,Velachery,16.15396,74.023281,8.13,3.2
8350,Airport,Restaurant_8350,Chennai,Velachery,14.723674,73.030373,1.99,3.9
8351,Bus Stop,College_8351,Bengaluru,Indiranagar,17.038177,78.253151,2.39,3.9
8352,Park,School_8352,Mumbai,Andheri,17.07705,74.696248,8.77,4.7
8353,Airport,Park_8353,Pune,Kharadi,15.093522,78.010284,4.2,4.8
8354,Metro,Mall_8354,Chennai,OMR,17.403029,73.792186,7.52,3.8
8355,Hospital,Park_8355,Bengaluru,HSR Layout,17.478479,79.70077,0.45,3.9
8356,School,School_8356,Bengaluru,Whitefield,15.080488,78.613009,1.9,4.6
8357,Airport,College_8357,Hyderabad,Banjara Hills,15.155977,78.239528,4.48,3.9
8358,Mall,Metro_8358,Bengaluru,HSR Layout,18.704621,75.068501,7.91,4.5
8359,Restaurant,Hospital_8359,Mumbai,Thane,14.017402,77.59268,0.37,4.1
8360,Bus Stop,Mall_8360,Pune,Kharadi,16.322128,79.800515,1.36,4.5
8361,Park,College_8361,Hyderabad,Miyapur,14.228129,74.953297,1.42,4.2
8362,Park,Airport_8362,Mumbai,Powai,17.52874,75.241594,3.06,4.0
8363,Park,Airport_8363,Chennai,Velachery,16.175249,79.297418,0.29,3.2
8364,Park,College_8364,Pune,Wakad,12.472765,72.957516,9.71,4.1
8365,Airport,Hospital_8365,Hyderabad,Madhapur,18.824893,72.634681,4.66,4.3
8366,Metro,Airport_8366,Mumbai,Andheri,18.471085,78.104786,5.18,3.5
8367,School,College_8367,Mumbai,Thane,12.809952,73.740641,1.35,3.3
8368,Airport,Restaurant_8368,Chennai,Anna Nagar,15.009018,79.590045,1.36,3.1
8369,School,Restaurant_8369,Hyderabad,Madhapur,18.482676,76.462883,3.72,3.5
8370,Airport,Airport_8370,Chennai,Adyar,18.798754,78.196577,7.36,3.4
8371,Metro,Restaurant_8371,Mumbai,Powai,12.134132,79.039935,8.24,3.3
8372,Restaurant,Bus Stop_8372,Chennai,Adyar,18.953803,72.373776,9.31,5.0
8373,Park,Bus Stop_8373,Mumbai,Thane,15.356897,76.674882,8.7,3.0
8374,Bus Stop,College_8374,Pune,Wakad,16.816351,73.073173,4.57,3.7
8375,Hospital,Restaurant_8375,Bengaluru,HSR Layout,18.738667,78.905608,7.71,4.2
8376,College,Metro_8376,Hyderabad,Miyapur,18.420145,73.058399,0.25,4.6
8377,Restaurant,Metro_8377,Bengaluru,Whitefield,16.263802,73.310087,3.33,3.1
8378,College,Airport_8378,Chennai,OMR,16.464638,78.884393,5.18,3.5
8379,Park,College_8379,Hyderabad,Banjara Hills,14.78881,77.151761,7.45,4.9
8380,College,Park_8380,Chennai,Velachery,12.420001,76.264492,5.33,3.4
8381,School,Hospital_8381,Mumbai,Bandra,13.941767,75.285782,8.2,4.9
8382,College,Bus Stop_8382,Pune,Wakad,18.791319,76.254995,7.19,4.3
8383,Metro,Park_8383,Bengaluru,HSR Layout,14.208879,78.97641,0.54,4.2
8384,Park,Metro_8384,Pune,Baner,14.120874,76.754908,0.5,3.0
8385,Restaurant,Bus Stop_8385,Chennai,Adyar,16.336822,79.957339,5.4,4.2
8386,College,Mall_8386,Mumbai,Thane,16.406544,73.726168,4.43,3.2
8387,College,Metro_8387,Hyderabad,Miyapur,15.766515,72.155657,1.82,3.4
8388,Metro,Bus Stop_8388,Pune,Hinjewadi,18.512458,75.943792,6.43,4.8
8389,School,Bus Stop_8389,Mumbai,Andheri,18.702492,73.259161,0.14,3.6
8390,Metro,Airport_8390,Mumbai,Andheri,13.800787,72.259303,7.63,4.7
8391,Restaurant,School_8391,Pune,Baner,12.457452,73.427121,6.41,4.8
8392,Bus Stop,Bus Stop_8392,Hyderabad,Gachibowli,12.59803,76.172348,4.9,3.8
8393,Airport,Restaurant_8393,Mumbai,Powai,17.146046,74.51401,9.94,4.9
8394,Airport,Airport_8394,Bengaluru,HSR Layout,14.296009,74.899827,8.55,4.1
8395,Metro,Park_8395,Hyderabad,Banjara Hills,12.544347,79.748017,9.88,3.0
8396,Bus Stop,Hospital_8396,Pune,Hinjewadi,16.922662,75.264824,5.71,4.2
8397,Mall,Bus Stop_8397,Bengaluru,Electronic City,15.280547,73.011091,5.22,3.8
8398,Hospital,School_8398,Pune,Kharadi,18.710899,77.340421,0.82,3.8
8399,Restaurant,Hospital_8399,Hyderabad,Miyapur,18.506084,74.59524,5.19,3.3
8400,Hospital,Hospital_8400,Bengaluru,Indiranagar,12.77878,77.205882,4.34,4.5
8401,Mall,Bus Stop_8401,Pune,Baner,17.056198,75.892539,3.56,3.3
8402,Hospital,Metro_8402,Bengaluru,Electronic City,14.754683,77.706103,6.33,4.0
8403,Mall,Metro_8403,Pune,Kharadi,14.930818,76.894284,5.76,3.8
8404,Bus Stop,Hospital_8404,Bengaluru,Electronic City,17.246793,79.54772,5.43,4.4
8405,Park,Bus Stop_8405,Bengaluru,Indiranagar,17.711326,77.987162,0.22,3.7
8406,College,Hospital_8406,Mumbai,Thane,14.02165,75.489869,0.52,4.2
8407,School,Park_8407,Mumbai,Andheri,16.415845,73.635914,6.66,4.3
8408,College,Airport_8408,Bengaluru,Electronic City,15.860206,77.564744,4.56,4.9
8409,Mall,Hospital_8409,Hyderabad,Kondapur,15.471552,74.863671,0.43,4.9
8410,Airport,College_8410,Chennai,Velachery,14.502284,72.036943,7.92,3.6
8411,School,Bus Stop_8411,Chennai,Anna Nagar,13.29332,74.570472,8.21,3.6
8412,School,Mall_8412,Chennai,OMR,18.908862,77.896718,0.6,4.3
8413,College,School_8413,Pune,Hinjewadi,12.447616,76.919041,8.52,4.7
8414,Restaurant,Park_8414,Hyderabad,Madhapur,13.758582,74.998193,6.75,4.1
8415,College,Bus Stop_8415,Bengaluru,Electronic City,15.796504,72.641136,3.69,3.3
8416,Restaurant,Mall_8416,Mumbai,Powai,18.311537,75.395141,7.14,4.0
8417,Metro,Park_8417,Chennai,Adyar,17.17461,73.983579,2.22,4.1
8418,School,Airport_8418,Bengaluru,Electronic City,14.343338,74.278072,9.3,3.6
8419,Park,Restaurant_8419,Bengaluru,HSR Layout,18.85626,72.931376,0.23,3.2
8420,Airport,Restaurant_8420,Bengaluru,Whitefield,14.943867,72.542689,1.26,3.7
8421,Airport,College_8421,Chennai,Velachery,14.968557,75.467971,9.1,3.2
8422,Bus Stop,Hospital_8422,Pune,Baner,13.158497,74.449567,3.55,3.4
8423,Metro,College_8423,Chennai,Anna Nagar,12.182165,78.07923,8.91,3.6
8424,Airport,Park_8424,Bengaluru,Indiranagar,12.150881,79.840296,9.38,4.3
8425,Airport,Park_8425,Chennai,Velachery,13.832886,78.771665,3.84,4.7
8426,School,College_8426,Chennai,Velachery,12.111444,79.190531,8.25,4.6
8427,College,School_8427,Hyderabad,Gachibowli,14.673313,77.942596,2.72,4.6
8428,School,Bus Stop_8428,Bengaluru,Whitefield,12.570346,72.655196,5.42,4.1
8429,Mall,Metro_8429,Hyderabad,Madhapur,18.261045,78.536726,9.13,4.8
8430,Metro,Park_8430,Bengaluru,HSR Layout,13.820981,78.337309,1.97,3.6
8431,Airport,Restaurant_8431,Bengaluru,Indiranagar,18.650077,77.440785,3.98,3.2
8432,Restaurant,Mall_8432,Hyderabad,Kondapur,18.685223,79.075733,0.69,4.2
8433,Mall,Hospital_8433,Chennai,Anna Nagar,16.857648,76.599316,8.08,4.9
8434,Metro,Mall_8434,Chennai,OMR,15.029676,72.275603,0.87,3.7
8435,Metro,Airport_8435,Hyderabad,Jubilee Hills,13.613579,76.737099,9.02,3.6
8436,Airport,School_8436,Chennai,Anna Nagar,18.194147,72.869652,0.25,4.2
8437,Metro,School_8437,Chennai,Velachery,17.363153,74.702721,9.31,3.9
8438,Metro,Mall_8438,Pune,Wakad,16.627822,79.538352,7.35,3.8
8439,Restaurant,College_8439,Chennai,Anna Nagar,13.628984,76.53313,7.24,3.1
8440,Mall,Airport_8440,Chennai,Adyar,16.810953,78.66401,5.73,4.0
8441,Airport,Restaurant_8441,Hyderabad,Banjara Hills,17.250647,72.872205,3.16,3.8
8442,Restaurant,College_8442,Hyderabad,Miyapur,13.774001,73.16153,2.63,3.9
8443,Mall,Airport_8443,Hyderabad,Miyapur,16.983686,76.130054,0.57,5.0
8444,School,Park_8444,Chennai,Adyar,13.243321,72.420269,8.1,3.9
8445,Metro,Mall_8445,Bengaluru,HSR Layout,17.69951,76.259358,2.75,3.3
8446,Mall,Mall_8446,Chennai,Adyar,15.407195,74.498953,6.94,4.3
8447,School,Hospital_8447,Hyderabad,Kukatpally,14.02057,72.325819,3.24,4.0
8448,Mall,Park_8448,Hyderabad,Banjara Hills,18.083964,75.845764,3.94,3.4
8449,School,Airport_8449,Pune,Baner,12.458504,72.868222,1.29,3.9
8450,Mall,Restaurant_8450,Hyderabad,Kondapur,13.080946,75.285987,5.63,4.1
8451,Restaurant,Hospital_8451,Pune,Wakad,15.057616,77.450461,7.27,4.1
8452,Restaurant,Mall_8452,Pune,Kharadi,18.103761,73.026428,8.39,4.8
8453,Bus Stop,Restaurant_8453,Bengaluru,Electronic City,16.029995,74.821377,9.02,3.9
8454,Airport,College_8454,Pune,Hinjewadi,13.874743,72.284705,9.71,4.2
8455,College,School_8455,Pune,Baner,17.38299,78.471092,7.08,4.1
8456,Restaurant,Mall_8456,Mumbai,Thane,14.769338,79.041104,8.18,4.8
8457,Restaurant,School_8457,Bengaluru,Indiranagar,13.139919,78.479978,2.26,4.0
8458,Hospital,Mall_8458,Bengaluru,Whitefield,14.936121,79.951091,3.23,3.5
8459,Airport,Mall_8459,Bengaluru,HSR Layout,17.717515,74.246677,8.22,4.1
8460,School,Mall_8460,Bengaluru,Indiranagar,18.595067,75.921885,1.95,4.7
8461,Restaurant,Hospital_8461,Chennai,Anna Nagar,14.204863,77.223686,7.76,3.1
8462,School,Hospital_8462,Pune,Kharadi,15.991812,77.130731,6.9,3.5
8463,Restaurant,Restaurant_8463,Bengaluru,Electronic City,12.411287,75.36949,5.57,4.8
8464,Bus Stop,Airport_8464,Bengaluru,Whitefield,15.626808,79.019973,3.2,4.2
8465,School,Airport_8465,Chennai,Velachery,12.202538,78.8697,8.94,4.1
8466,Mall,Metro_8466,Pune,Baner,12.565577,74.081534,9.46,3.6
8467,Park,School_8467,Chennai,Adyar,14.604792,74.196625,3.77,3.1
8468,Bus Stop,Restaurant_8468,Chennai,OMR,13.384894,79.072309,1.77,3.9
8469,Restaurant,School_8469,Pune,Kharadi,12.576565,72.896232,8.0,3.9
8470,Mall,Airport_8470,Pune,Kharadi,14.415304,79.018925,0.47,4.0
8471,Hospital,Mall_8471,Mumbai,Powai,16.790154,79.872497,0.99,3.0
8472,Metro,Mall_8472,Bengaluru,Whitefield,17.517355,72.650678,8.62,4.9
8473,Bus Stop,College_8473,Hyderabad,Kukatpally,17.490507,78.899349,4.91,4.0
8474,Restaurant,Hospital_8474,Chennai,Adyar,12.352315,76.884577,6.79,4.1
8475,Mall,Bus Stop_8475,Bengaluru,Electronic City,16.323508,74.984912,5.44,3.3
8476,Park,Metro_8476,Chennai,OMR,13.712648,77.6364,9.5,3.6
8477,Hospital,Airport_8477,Mumbai,Bandra,16.652828,79.13301,9.35,3.3
8478,Park,Hospital_8478,Hyderabad,Gachibowli,17.550898,72.521725,5.02,4.4
8479,College,Airport_8479,Chennai,OMR,13.422658,79.144501,1.37,4.8
8480,Hospital,Park_8480,Bengaluru,Whitefield,14.19117,72.998075,2.93,4.7
8481,Airport,Park_8481,Hyderabad,Jubilee Hills,15.993383,75.860783,9.04,4.3
8482,Park,Metro_8482,Pune,Hinjewadi,17.191048,73.461037,8.41,3.0
8483,Restaurant,School_8483,Bengaluru,HSR Layout,17.602475,76.03083,8.04,4.4
8484,Bus Stop,Bus Stop_8484,Chennai,Velachery,12.382703,74.635495,5.56,3.6
8485,Restaurant,Hospital_8485,Pune,Hinjewadi,15.149995,77.092949,6.99,3.2
8486,Hospital,Mall_8486,Chennai,Anna Nagar,13.874099,77.959336,7.06,4.4
8487,Mall,Hospital_8487,Chennai,Anna Nagar,13.863292,77.274078,9.91,3.9
8488,College,Metro_8488,Hyderabad,Jubilee Hills,16.861195,77.184232,9.09,3.3
8489,Restaurant,Airport_8489,Chennai,Adyar,17.481478,73.537724,1.57,4.8
8490,Hospital,Mall_8490,Bengaluru,Electronic City,16.409081,73.308658,6.78,3.8
8491,Metro,Park_8491,Pune,Kharadi,16.279255,76.190639,7.51,4.0
8492,Hospital,School_8492,Pune,Wakad,13.473981,74.754065,9.12,4.3
8493,College,Bus Stop_8493,Pune,Hinjewadi,18.600014,79.284692,6.32,4.9
8494,Airport,Mall_8494,Pune,Hinjewadi,17.610584,74.839031,4.07,4.5
8495,Metro,Metro_8495,Bengaluru,HSR Layout,13.263991,73.425907,5.52,3.4
8496,Park,Metro_8496,Chennai,OMR,14.771335,73.939011,7.16,4.6
8497,College,Airport_8497,Hyderabad,Miyapur,16.696483,73.808401,9.76,4.3
8498,Mall,Mall_8498,Pune,Hinjewadi,14.021399,74.792584,1.89,4.0
8499,Restaurant,Bus Stop_8499,Mumbai,Thane,18.241208,72.00731,1.49,4.1
8500,Metro,Metro_8500,Mumbai,Bandra,17.282012,79.323618,5.19,4.2
8501,Restaurant,School_8501,Bengaluru,Electronic City,16.306704,74.695376,8.26,4.2
8502,Park,Metro_8502,Chennai,Adyar,13.686453,77.313154,9.71,4.5
8503,Mall,Mall_8503,Pune,Baner,17.905604,74.938622,8.84,3.9
8504,Hospital,Mall_8504,Pune,Wakad,12.077237,72.677868,0.98,3.3
8505,Restaurant,Mall_8505,Bengaluru,HSR Layout,13.864286,75.469901,7.0,3.5
8506,Restaurant,Bus Stop_8506,Hyderabad,Banjara Hills,18.006679,79.840419,8.83,3.9
8507,Park,School_8507,Mumbai,Powai,15.736319,73.363928,2.97,4.6
8508,Hospital,Park_8508,Bengaluru,Indiranagar,12.617087,74.537038,9.35,3.8
8509,Restaurant,Restaurant_8509,Chennai,Anna Nagar,16.041533,77.963366,4.04,3.3
8510,Bus Stop,School_8510,Chennai,OMR,13.998557,75.034932,4.21,3.3
8511,Restaurant,Restaurant_8511,Pune,Baner,16.586939,73.823589,8.66,3.2
8512,Hospital,Airport_8512,Mumbai,Andheri,12.161749,79.905219,6.75,3.7
8513,College,Bus Stop_8513,Hyderabad,Jubilee Hills,16.658908,77.778914,2.27,3.7
8514,Bus Stop,College_8514,Bengaluru,HSR Layout,12.387791,78.684879,9.01,4.0
8515,Bus Stop,Mall_8515,Pune,Baner,13.853594,73.379582,1.55,3.7
8516,Hospital,Restaurant_8516,Mumbai,Thane,13.519521,74.773918,1.46,4.8
8517,Airport,Metro_8517,Pune,Hinjewadi,17.90536,79.070489,7.19,3.5
8518,College,Restaurant_8518,Chennai,OMR,16.327401,79.484908,5.13,4.1
8519,School,Park_8519,Mumbai,Bandra,14.323027,76.108869,5.24,4.0
8520,Airport,Mall_8520,Bengaluru,Indiranagar,17.054601,74.536297,2.78,4.9
8521,Bus Stop,School_8521,Bengaluru,Whitefield,12.315341,77.982927,5.86,3.7
8522,Restaurant,Airport_8522,Mumbai,Powai,17.854863,79.51145,4.84,3.1
8523,Mall,Park_8523,Bengaluru,Electronic City,18.581724,78.102677,7.7,4.6
8524,Park,Park_8524,Mumbai,Andheri,15.927635,75.283629,1.95,3.3
8525,Mall,Bus Stop_8525,Hyderabad,Kondapur,15.313916,78.072934,9.83,5.0
8526,Park,School_8526,Mumbai,Andheri,12.307484,74.327993,4.93,4.9
8527,Metro,Airport_8527,Chennai,OMR,13.936847,78.090555,1.88,4.4
8528,College,Metro_8528,Chennai,Adyar,13.477052,73.15297,5.1,4.0
8529,Hospital,Metro_8529,Chennai,Adyar,12.257569,74.702367,2.67,4.0
8530,Airport,Park_8530,Chennai,Velachery,16.249839,76.861684,6.7,3.5
8531,Mall,Bus Stop_8531,Mumbai,Andheri,17.543359,77.849204,8.43,3.0
8532,Hospital,Restaurant_8532,Chennai,OMR,16.618298,76.708238,1.91,4.9
8533,Airport,School_8533,Mumbai,Bandra,14.732952,78.829222,2.26,4.6
8534,Airport,Restaurant_8534,Pune,Hinjewadi,15.719505,77.4715,9.84,3.6
8535,Bus Stop,Restaurant_8535,Mumbai,Thane,16.390423,76.872951,6.32,3.6
8536,Mall,Park_8536,Pune,Wakad,18.974319,76.594652,3.19,3.2
8537,Mall,Mall_8537,Pune,Kharadi,16.302587,72.573632,5.92,3.9
8538,Airport,Restaurant_8538,Pune,Baner,13.092602,79.135717,6.99,3.2
8539,Bus Stop,Metro_8539,Hyderabad,Gachibowli,15.374532,73.224347,6.97,4.4
8540,Metro,College_8540,Bengaluru,HSR Layout,16.538441,75.067042,1.48,3.0
8541,School,Park_8541,Hyderabad,Gachibowli,13.100658,76.894151,8.07,3.8
8542,Airport,Mall_8542,Chennai,Anna Nagar,18.313598,76.351365,4.65,4.8
8543,Hospital,Airport_8543,Mumbai,Andheri,16.88898,74.889163,8.26,3.1
8544,School,Bus Stop_8544,Mumbai,Powai,17.69196,77.279916,8.33,3.3
8545,Bus Stop,Park_8545,Hyderabad,Kukatpally,16.731479,73.259242,5.01,4.0
8546,Mall,School_8546,Mumbai,Thane,12.054421,78.054784,0.34,3.4
8547,Mall,School_8547,Hyderabad,Gachibowli,13.744349,73.833405,1.09,4.2
8548,School,Airport_8548,Bengaluru,Indiranagar,14.874711,73.003893,8.57,4.0
8549,College,Bus Stop_8549,Bengaluru,Indiranagar,18.364582,72.666675,9.59,4.7
8550,College,Hospital_8550,Bengaluru,Whitefield,14.193892,77.721318,4.88,4.3
8551,Bus Stop,Airport_8551,Pune,Hinjewadi,15.910611,74.266516,3.26,3.2
8552,Restaurant,Metro_8552,Pune,Hinjewadi,18.583759,76.898679,8.29,4.8
8553,School,Restaurant_8553,Hyderabad,Jubilee Hills,18.662011,74.704477,5.57,4.2
8554,School,Bus Stop_8554,Mumbai,Thane,15.876329,76.236118,9.84,3.9
8555,Metro,College_8555,Pune,Kharadi,12.998738,74.671668,9.35,5.0
8556,Mall,Metro_8556,Hyderabad,Madhapur,17.594807,76.079886,8.62,3.8
8557,Hospital,Hospital_8557,Pune,Kharadi,13.633596,75.188889,0.9,3.3
8558,Airport,Metro_8558,Bengaluru,HSR Layout,15.941322,72.863052,6.3,4.9
8559,Mall,Airport_8559,Pune,Baner,16.017122,75.260265,5.18,4.9
8560,Mall,Airport_8560,Pune,Baner,13.666741,73.93672,9.53,3.9
8561,School,Park_8561,Chennai,Adyar,13.317536,74.412207,9.95,4.9
8562,Metro,Park_8562,Mumbai,Andheri,18.299968,77.804252,5.4,5.0
8563,Metro,Airport_8563,Hyderabad,Banjara Hills,17.087795,79.914314,7.03,3.1
8564,Metro,Metro_8564,Bengaluru,Indiranagar,15.546179,77.09538,4.58,4.0
8565,Park,Metro_8565,Pune,Wakad,17.81342,77.890331,4.22,3.3
8566,Mall,Airport_8566,Bengaluru,Indiranagar,18.565839,76.438012,4.37,3.2
8567,Bus Stop,Bus Stop_8567,Chennai,Adyar,18.859806,73.213412,3.0,3.3
8568,Mall,Metro_8568,Chennai,Velachery,12.773473,77.414027,2.25,3.5
8569,School,College_8569,Mumbai,Bandra,12.761408,79.616103,8.41,3.6
8570,School,Mall_8570,Hyderabad,Miyapur,12.873355,74.556135,6.03,3.6
8571,Restaurant,Metro_8571,Pune,Kharadi,13.047005,78.503311,2.34,4.4
8572,Mall,Hospital_8572,Hyderabad,Madhapur,12.485363,72.393184,6.87,3.5
8573,Restaurant,Restaurant_8573,Hyderabad,Banjara Hills,14.047443,76.036448,2.28,4.2
8574,Park,Park_8574,Mumbai,Powai,13.742449,73.511677,6.96,3.9
8575,Airport,Mall_8575,Mumbai,Thane,16.681205,74.676001,1.51,4.1
8576,School,Hospital_8576,Bengaluru,Electronic City,13.730593,76.167893,8.99,4.5
8577,Mall,Restaurant_8577,Chennai,Anna Nagar,17.996838,79.324334,5.81,3.5
8578,Hospital,Restaurant_8578,Hyderabad,Madhapur,18.543746,73.987226,6.79,4.4
8579,School,Metro_8579,Pune,Kharadi,16.091918,78.540302,4.51,3.1
8580,Airport,Metro_8580,Chennai,Anna Nagar,15.030681,73.592358,4.48,3.1
8581,Bus Stop,Metro_8581,Pune,Hinjewadi,17.662883,79.073385,3.77,3.8
8582,Bus Stop,Metro_8582,Mumbai,Thane,16.137833,74.726073,4.84,3.4
8583,Airport,Metro_8583,Bengaluru,Electronic City,16.503587,79.717043,4.04,4.7
8584,Hospital,Restaurant_8584,Chennai,Adyar,18.316167,75.078921,8.58,3.0
8585,School,Restaurant_8585,Chennai,Adyar,13.154789,73.485241,7.73,4.8
8586,Bus Stop,Metro_8586,Pune,Hinjewadi,16.825113,74.465723,0.19,3.6
8587,School,Mall_8587,Bengaluru,Electronic City,17.524304,77.433415,3.11,4.0
8588,Bus Stop,Restaurant_8588,Chennai,OMR,15.567359,79.069314,5.06,3.9
8589,College,Park_8589,Pune,Baner,14.757974,75.625119,3.29,5.0
8590,Restaurant,Hospital_8590,Pune,Kharadi,12.036375,78.013401,1.22,4.8
8591,Metro,Park_8591,Pune,Baner,16.3391,74.318837,0.38,4.8
8592,Bus Stop,Hospital_8592,Bengaluru,Electronic City,12.67011,73.521042,8.49,3.2
8593,Restaurant,Park_8593,Pune,Hinjewadi,18.350741,79.427321,3.63,3.3
8594,College,Hospital_8594,Pune,Wakad,13.470653,72.166407,9.4,3.6
8595,Airport,Restaurant_8595,Chennai,OMR,16.971776,75.635981,2.96,4.9
8596,Bus Stop,Airport_8596,Bengaluru,HSR Layout,15.889635,72.903323,7.29,3.9
8597,Hospital,Airport_8597,Chennai,OMR,12.3785,77.042665,8.56,3.6
8598,School,Hospital_8598,Pune,Baner,14.702391,77.855938,8.99,3.0
8599,Restaurant,Metro_8599,Pune,Wakad,13.940975,78.336848,2.79,4.5
8600,School,Mall_8600,Chennai,Adyar,14.671291,74.261206,7.47,5.0
8601,School,Park_8601,Pune,Baner,13.572483,73.083843,3.8,4.8
8602,School,College_8602,Bengaluru,Whitefield,17.008,72.972276,7.5,3.6
8603,Metro,Metro_8603,Mumbai,Bandra,12.206822,77.181899,1.9,3.3
8604,Bus Stop,Metro_8604,Pune,Kharadi,18.797706,79.010721,7.48,3.3
8605,Mall,School_8605,Bengaluru,Indiranagar,13.339564,72.038944,5.55,4.1
8606,Airport,Bus Stop_8606,Pune,Hinjewadi,16.288636,79.078491,3.97,3.9
8607,Restaurant,Restaurant_8607,Mumbai,Andheri,16.523769,75.312309,9.78,4.9
8608,Mall,Metro_8608,Hyderabad,Gachibowli,13.3262,76.890366,1.8,4.3
8609,Park,College_8609,Bengaluru,Indiranagar,15.84356,79.325706,4.86,3.9
8610,Restaurant,College_8610,Bengaluru,Electronic City,17.962247,74.488155,9.58,4.6
8611,Mall,Park_8611,Chennai,Adyar,15.779776,78.975577,4.43,3.9
8612,Mall,Bus Stop_8612,Chennai,Velachery,17.938704,77.505469,3.95,3.1
8613,Restaurant,Hospital_8613,Hyderabad,Kondapur,17.374243,74.645783,7.87,4.4
8614,Metro,College_8614,Mumbai,Thane,13.792098,75.101838,2.89,3.3
8615,Park,Airport_8615,Hyderabad,Jubilee Hills,15.427591,75.3133,5.92,3.9
8616,Mall,Hospital_8616,Pune,Wakad,16.059052,76.469558,9.22,4.1
8617,Bus Stop,Bus Stop_8617,Hyderabad,Jubilee Hills,13.63039,78.911816,1.1,5.0
8618,Metro,Restaurant_8618,Chennai,Velachery,14.287296,73.607937,3.54,4.9
8619,Airport,Metro_8619,Hyderabad,Banjara Hills,15.590865,74.875563,1.37,3.4
8620,Airport,Metro_8620,Chennai,Anna Nagar,15.882728,72.746412,5.25,3.8
8621,Restaurant,Mall_8621,Hyderabad,Kondapur,15.293033,74.719415,0.69,3.4
8622,Metro,Mall_8622,Hyderabad,Madhapur,12.840536,72.524987,5.67,4.0
8623,Park,Restaurant_8623,Pune,Wakad,14.564002,76.451172,6.26,4.1
8624,Metro,Airport_8624,Chennai,OMR,16.020711,73.661024,7.6,3.4
8625,Park,Hospital_8625,Pune,Wakad,17.246568,72.819333,4.98,4.5
8626,Mall,College_8626,Pune,Hinjewadi,14.087504,75.461633,1.54,3.1
8627,School,College_8627,Hyderabad,Madhapur,15.103256,79.139681,3.44,4.6
8628,School,School_8628,Mumbai,Bandra,18.121843,78.417228,6.38,3.6
8629,College,School_8629,Hyderabad,Madhapur,14.206066,77.127011,2.68,3.7
8630,Restaurant,Bus Stop_8630,Mumbai,Powai,13.018529,78.340307,2.64,4.3
8631,Park,School_8631,Hyderabad,Kukatpally,17.186842,72.264761,1.86,4.5
8632,Mall,Restaurant_8632,Hyderabad,Miyapur,13.952558,74.828047,5.52,3.6
8633,Airport,Bus Stop_8633,Mumbai,Bandra,14.29249,73.615153,3.91,3.3
8634,Restaurant,Metro_8634,Chennai,OMR,16.430527,72.668698,3.02,3.7
8635,Mall,Hospital_8635,Hyderabad,Jubilee Hills,14.470408,79.193436,9.65,4.5
8636,Restaurant,Bus Stop_8636,Chennai,Adyar,18.88425,79.86152,5.37,3.7
8637,Hospital,Mall_8637,Bengaluru,Indiranagar,12.245394,75.241234,7.47,4.2
8638,Airport,Metro_8638,Hyderabad,Kukatpally,14.278318,73.035744,1.31,3.2
8639,Hospital,Mall_8639,Chennai,OMR,16.772251,72.692352,5.68,3.7
8640,Restaurant,Park_8640,Bengaluru,Electronic City,15.582206,73.7215,4.9,3.9
8641,School,Bus Stop_8641,Hyderabad,Kukatpally,13.382395,76.138328,4.85,4.0
8642,Park,School_8642,Mumbai,Andheri,17.52155,75.580749,2.97,4.2
8643,Restaurant,Hospital_8643,Chennai,Velachery,13.247519,75.128444,8.38,3.8
8644,Bus Stop,Mall_8644,Bengaluru,Indiranagar,12.894802,74.566259,8.56,4.0
8645,Bus Stop,College_8645,Mumbai,Bandra,15.300855,79.822563,6.74,5.0
8646,Metro,Bus Stop_8646,Mumbai,Bandra,15.595426,72.640596,3.43,4.7
8647,Park,Airport_8647,Bengaluru,HSR Layout,15.626819,75.243328,4.82,3.2
8648,College,Mall_8648,Hyderabad,Kondapur,12.192541,76.048921,7.27,3.7
8649,Bus Stop,Restaurant_8649,Bengaluru,Whitefield,16.095544,76.366809,5.85,3.1
8650,Airport,College_8650,Chennai,Anna Nagar,14.138719,77.538928,0.66,3.7
8651,Park,Airport_8651,Hyderabad,Kukatpally,14.056685,76.101573,5.02,3.8
8652,School,College_8652,Bengaluru,Indiranagar,16.658548,76.246455,1.17,4.6
8653,College,College_8653,Bengaluru,Electronic City,12.184857,72.813785,9.84,3.6
8654,School,Mall_8654,Bengaluru,Indiranagar,15.060326,76.419681,4.68,4.1
8655,Park,School_8655,Hyderabad,Kondapur,12.175273,77.982897,1.83,4.8
8656,Airport,Metro_8656,Bengaluru,Whitefield,16.384697,77.768887,1.05,3.0
8657,School,Metro_8657,Pune,Hinjewadi,13.903191,79.331097,9.69,3.8
8658,Bus Stop,Metro_8658,Pune,Wakad,16.187273,74.545919,5.45,4.7
8659,Hospital,Bus Stop_8659,Hyderabad,Jubilee Hills,15.226382,77.335603,7.74,3.6
8660,Metro,Restaurant_8660,Pune,Kharadi,18.125703,72.197392,9.47,4.5
8661,College,School_8661,Chennai,Anna Nagar,12.331543,76.002848,9.15,4.7
8662,Bus Stop,College_8662,Chennai,Velachery,14.672758,74.277555,3.95,4.9
8663,Park,Hospital_8663,Mumbai,Powai,14.490964,79.667741,3.72,4.5
8664,Park,Bus Stop_8664,Bengaluru,Electronic City,12.644825,77.490418,4.16,4.7
8665,Park,Bus Stop_8665,Bengaluru,Whitefield,12.608185,78.877247,2.42,3.2
8666,Restaurant,Airport_8666,Pune,Kharadi,18.641975,78.05218,9.12,3.1
8667,Airport,Park_8667,Hyderabad,Jubilee Hills,13.810066,78.783683,6.99,3.3
8668,Park,Park_8668,Bengaluru,Whitefield,18.953524,72.690555,3.1,3.7
8669,Hospital,Hospital_8669,Hyderabad,Kukatpally,12.088722,74.830179,7.12,4.5
8670,Hospital,Metro_8670,Bengaluru,Whitefield,12.591883,74.363226,6.98,3.6
8671,Airport,Park_8671,Hyderabad,Banjara Hills,12.196262,73.190859,4.4,3.8
8672,Metro,Restaurant_8672,Hyderabad,Kondapur,12.323403,74.38346,2.16,3.1
8673,College,Metro_8673,Bengaluru,Electronic City,13.031021,79.393809,6.77,4.1
8674,School,College_8674,Chennai,Adyar,17.901602,73.70899,2.2,3.8
8675,Metro,Hospital_8675,Chennai,Anna Nagar,18.870504,75.68416,9.3,3.0
8676,Bus Stop,Hospital_8676,Hyderabad,Madhapur,16.24513,77.401222,3.48,4.8
8677,Airport,Hospital_8677,Pune,Baner,13.390042,79.14784,4.09,4.4
8678,College,Airport_8678,Mumbai,Powai,15.992753,74.59015,2.1,4.7
8679,Hospital,Hospital_8679,Mumbai,Thane,15.054787,78.987431,8.59,4.0
8680,Airport,Hospital_8680,Hyderabad,Banjara Hills,18.631932,76.980954,2.42,4.9
8681,Mall,College_8681,Mumbai,Powai,15.661678,75.977624,0.85,4.2
8682,Hospital,Hospital_8682,Pune,Kharadi,15.695576,77.899423,1.97,4.9
8683,Park,Park_8683,Mumbai,Powai,14.280958,74.651727,7.28,4.8
8684,Park,College_8684,Mumbai,Andheri,15.24084,76.178115,1.99,3.7
8685,Restaurant,Bus Stop_8685,Chennai,OMR,17.523187,72.967978,0.82,3.7
8686,Metro,Airport_8686,Mumbai,Andheri,13.478157,76.792111,4.08,4.9
8687,Mall,Park_8687,Bengaluru,Electronic City,17.198835,72.806441,1.76,4.1
8688,College,Mall_8688,Pune,Wakad,13.280832,79.585087,9.47,3.2
8689,School,Metro_8689,Mumbai,Powai,12.204056,74.829216,4.65,3.9
8690,Restaurant,College_8690,Mumbai,Thane,16.248827,74.635718,6.07,3.4
8691,College,College_8691,Mumbai,Andheri,12.655947,77.03172,2.0,3.2
8692,Bus Stop,Restaurant_8692,Mumbai,Powai,12.931112,77.674695,9.88,3.0
8693,Restaurant,Airport_8693,Bengaluru,HSR Layout,15.065029,79.89575,0.9,4.8
8694,Hospital,Metro_8694,Hyderabad,Jubilee Hills,16.418698,74.021077,4.2,4.7
8695,Airport,Hospital_8695,Bengaluru,Whitefield,12.148084,77.472835,4.75,3.6
8696,College,Bus Stop_8696,Hyderabad,Kondapur,18.726209,73.275705,1.5,4.3
8697,Bus Stop,Park_8697,Hyderabad,Kondapur,18.719049,77.648309,9.76,4.1
8698,School,Hospital_8698,Mumbai,Bandra,14.757078,76.211868,7.73,4.2
8699,Hospital,Airport_8699,Chennai,Adyar,16.584166,76.251913,5.59,4.7
8700,Airport,Restaurant_8700,Mumbai,Thane,16.88074,74.623124,1.56,4.4
8701,School,College_8701,Bengaluru,Indiranagar,12.875179,76.770621,9.33,3.8
8702,College,Metro_8702,Mumbai,Bandra,12.844493,73.056951,9.6,4.1
8703,Hospital,Restaurant_8703,Pune,Kharadi,17.851358,73.343063,6.52,3.7
8704,Restaurant,Restaurant_8704,Bengaluru,Whitefield,14.426719,78.056768,9.29,3.3
8705,Mall,Restaurant_8705,Chennai,Adyar,13.201092,74.330888,8.7,3.9
8706,Restaurant,Mall_8706,Mumbai,Bandra,17.623715,73.812079,3.61,3.4
8707,Bus Stop,Restaurant_8707,Pune,Baner,17.788093,72.805744,4.32,3.4
8708,Hospital,Hospital_8708,Mumbai,Thane,17.823998,79.771441,1.64,4.1
8709,Restaurant,Metro_8709,Mumbai,Thane,13.922131,77.143339,6.82,4.2
8710,School,Mall_8710,Bengaluru,Whitefield,12.578215,77.237721,9.73,3.5
8711,Bus Stop,School_8711,Chennai,OMR,15.796441,73.571289,3.32,4.9
8712,Metro,Restaurant_8712,Pune,Kharadi,13.353073,79.361328,6.24,3.9
8713,Metro,Hospital_8713,Bengaluru,Whitefield,13.074881,74.149721,0.76,3.4
8714,School,College_8714,Bengaluru,Whitefield,12.63855,76.106399,5.75,3.1
8715,Mall,School_8715,Bengaluru,Whitefield,13.379899,78.564128,6.96,4.0
8716,School,Airport_8716,Pune,Hinjewadi,18.815468,75.539179,9.14,3.4
8717,Bus Stop,School_8717,Hyderabad,Kondapur,12.523102,74.672115,1.95,3.8
8718,Park,Airport_8718,Bengaluru,Electronic City,18.887655,79.175065,3.88,3.4
8719,College,Restaurant_8719,Bengaluru,Whitefield,12.06546,75.306554,5.79,4.4
8720,Park,Bus Stop_8720,Chennai,Anna Nagar,17.784803,78.023378,6.33,4.9
8721,Mall,Park_8721,Bengaluru,Whitefield,18.111502,78.719778,1.6,3.6
8722,School,Hospital_8722,Mumbai,Bandra,14.471441,78.661822,5.02,4.4
8723,Bus Stop,Airport_8723,Chennai,Adyar,13.094918,76.169009,8.75,3.2
8724,Metro,School_8724,Hyderabad,Miyapur,13.15012,77.71775,3.51,4.7
8725,Metro,Metro_8725,Mumbai,Bandra,13.372433,79.361802,7.64,3.4
8726,School,Airport_8726,Mumbai,Powai,15.678889,79.630465,7.2,3.9
8727,Airport,School_8727,Bengaluru,Whitefield,15.239398,75.454019,1.93,4.3
8728,Restaurant,Bus Stop_8728,Bengaluru,Electronic City,15.979034,77.40914,8.79,5.0
8729,Park,Bus Stop_8729,Hyderabad,Gachibowli,13.504799,75.293905,0.86,3.7
8730,Mall,Bus Stop_8730,Bengaluru,Indiranagar,12.567402,77.044443,1.67,4.1
8731,Restaurant,Hospital_8731,Mumbai,Thane,14.800785,78.107157,7.72,3.5
8732,Mall,Restaurant_8732,Hyderabad,Banjara Hills,13.67819,76.594968,5.59,3.5
8733,School,Airport_8733,Chennai,OMR,15.594768,79.960863,5.96,3.5
8734,Restaurant,School_8734,Hyderabad,Madhapur,13.151906,77.776126,2.93,3.3
8735,College,School_8735,Chennai,Adyar,16.735863,72.395372,4.36,4.7
8736,Park,Park_8736,Chennai,Anna Nagar,18.60146,72.407321,2.14,3.6
8737,Park,Metro_8737,Pune,Wakad,14.42993,74.183086,3.31,4.1
8738,College,Restaurant_8738,Mumbai,Powai,16.808548,74.648826,5.8,4.3
8739,Mall,Bus Stop_8739,Hyderabad,Banjara Hills,15.400568,78.838171,3.01,4.9
8740,Restaurant,College_8740,Pune,Baner,15.008735,73.328374,5.11,3.0
8741,Airport,Mall_8741,Mumbai,Bandra,16.903067,73.35869,4.19,3.0
8742,Hospital,Metro_8742,Chennai,Anna Nagar,12.861291,76.726285,0.74,3.6
8743,Mall,Hospital_8743,Bengaluru,HSR Layout,18.548936,74.752863,2.7,3.4
8744,Hospital,Airport_8744,Hyderabad,Madhapur,15.495935,74.447585,9.32,4.4
8745,School,School_8745,Pune,Hinjewadi,17.280787,72.889935,7.95,3.6
8746,Mall,Bus Stop_8746,Bengaluru,Electronic City,16.581867,74.786518,2.6,3.7
8747,Mall,Restaurant_8747,Bengaluru,Whitefield,16.445423,73.655199,0.15,4.0
8748,Bus Stop,Mall_8748,Mumbai,Bandra,18.95146,77.401121,1.91,4.1
8749,School,Park_8749,Chennai,Velachery,17.13119,79.448983,9.56,4.4
8750,Metro,Metro_8750,Mumbai,Bandra,15.604461,78.614799,3.66,3.3
8751,Hospital,Restaurant_8751,Bengaluru,HSR Layout,12.682906,79.519107,0.21,4.2
8752,Hospital,Restaurant_8752,Pune,Hinjewadi,12.9012,74.097866,0.9,4.1
8753,Restaurant,Mall_8753,Bengaluru,Whitefield,14.043418,79.529134,1.65,3.9
8754,Bus Stop,Mall_8754,Mumbai,Thane,18.922747,76.768281,2.66,3.5
8755,Restaurant,School_8755,Pune,Baner,14.101895,73.388108,4.46,3.9
8756,Mall,College_8756,Hyderabad,Kondapur,14.336725,79.926344,3.32,3.3
8757,Airport,Restaurant_8757,Pune,Kharadi,12.33317,74.770381,0.91,3.2
8758,Park,College_8758,Bengaluru,Electronic City,17.951892,79.843527,0.93,3.2
8759,Hospital,Restaurant_8759,Mumbai,Bandra,17.953489,74.204612,2.8,4.6
8760,Restaurant,Mall_8760,Chennai,Adyar,14.365232,72.061349,4.05,4.6
8761,Hospital,Hospital_8761,Pune,Wakad,15.601432,72.109567,2.08,4.3
8762,Park,Metro_8762,Mumbai,Thane,14.920676,77.998416,5.92,4.6
8763,College,College_8763,Chennai,Anna Nagar,14.073678,77.320618,9.09,3.7
8764,College,Hospital_8764,Bengaluru,Whitefield,14.470667,74.032394,0.91,5.0
8765,College,Mall_8765,Hyderabad,Jubilee Hills,18.168602,78.853686,4.66,4.9
8766,Mall,Metro_8766,Mumbai,Thane,13.553764,78.446662,6.85,4.2
8767,Mall,Mall_8767,Pune,Kharadi,14.909502,77.282815,3.73,3.3
8768,Mall,School_8768,Hyderabad,Madhapur,16.060086,75.330082,3.07,4.5
8769,Metro,Airport_8769,Mumbai,Thane,12.296275,76.538781,9.72,3.4
8770,School,Metro_8770,Pune,Wakad,13.37671,79.635031,6.75,4.5
8771,School,Metro_8771,Bengaluru,Whitefield,13.307213,72.68906,2.01,3.7
8772,College,College_8772,Mumbai,Andheri,12.891017,73.342792,1.38,4.1
8773,Hospital,College_8773,Chennai,Anna Nagar,14.483177,79.053223,2.42,4.8
8774,School,Metro_8774,Chennai,OMR,13.144039,73.019784,3.94,3.7
8775,School,Restaurant_8775,Pune,Baner,15.691336,74.636639,2.15,3.7
8776,Airport,Mall_8776,Bengaluru,Whitefield,13.545765,77.892708,1.93,4.6
8777,Restaurant,Mall_8777,Chennai,Anna Nagar,12.601278,72.433392,6.7,4.4
8778,Park,Hospital_8778,Mumbai,Bandra,15.694442,76.280252,0.72,4.2
8779,Restaurant,College_8779,Bengaluru,Indiranagar,15.083055,73.036886,0.38,3.9
8780,Metro,Park_8780,Mumbai,Thane,18.011244,75.615525,6.77,3.2
8781,Restaurant,Airport_8781,Hyderabad,Miyapur,12.715265,76.236626,2.94,3.3
8782,College,Hospital_8782,Bengaluru,Electronic City,16.491466,75.321369,2.95,4.6
8783,Metro,School_8783,Bengaluru,Whitefield,15.822995,72.309236,2.89,4.8
8784,Restaurant,Mall_8784,Bengaluru,HSR Layout,13.900985,78.380479,4.09,4.6
8785,Hospital,Hospital_8785,Bengaluru,Whitefield,14.208761,77.820926,9.47,4.4
8786,College,Bus Stop_8786,Bengaluru,HSR Layout,18.145429,79.250472,4.51,3.3
8787,School,Park_8787,Pune,Kharadi,12.902451,77.563987,8.29,4.9
8788,Mall,School_8788,Mumbai,Powai,17.093874,73.110986,4.86,4.2
8789,Bus Stop,College_8789,Pune,Baner,14.709465,73.646928,2.73,3.6
8790,Bus Stop,Metro_8790,Bengaluru,HSR Layout,13.373776,72.4247,6.57,3.9
8791,Metro,Hospital_8791,Bengaluru,Whitefield,16.14914,77.726376,9.54,4.9
8792,School,Metro_8792,Bengaluru,Electronic City,13.183335,79.527311,9.45,3.5
8793,Mall,Hospital_8793,Hyderabad,Banjara Hills,18.084387,74.294325,7.69,4.4
8794,College,Park_8794,Chennai,Anna Nagar,18.600869,77.265033,2.12,3.2
8795,Mall,Airport_8795,Mumbai,Andheri,18.948595,74.634946,8.42,4.7
8796,School,Bus Stop_8796,Pune,Baner,17.129422,72.08812,4.12,3.5
8797,Hospital,Hospital_8797,Hyderabad,Kondapur,16.21733,73.145184,6.06,4.0
8798,Airport,Bus Stop_8798,Mumbai,Thane,14.626895,79.191757,7.48,5.0
8799,Bus Stop,Bus Stop_8799,Mumbai,Bandra,16.812154,78.262208,5.76,4.0
8800,Hospital,Hospital_8800,Pune,Wakad,18.266197,72.204483,0.69,3.2
8801,Restaurant,Metro_8801,Pune,Wakad,15.042103,77.174533,3.33,5.0
8802,Mall,Airport_8802,Bengaluru,Indiranagar,12.860027,74.750586,5.75,3.7
8803,College,Hospital_8803,Mumbai,Andheri,13.66063,78.470055,3.14,4.4
8804,Metro,Bus Stop_8804,Hyderabad,Gachibowli,13.502471,75.631852,3.34,3.3
8805,Mall,Park_8805,Chennai,Adyar,18.870117,78.866156,5.94,3.1
8806,College,Restaurant_8806,Mumbai,Andheri,18.327893,74.324225,3.45,3.5
8807,Metro,Park_8807,Hyderabad,Kondapur,15.038502,75.21676,1.69,4.7
8808,College,Airport_8808,Pune,Hinjewadi,18.603113,75.528168,0.91,3.1
8809,Mall,Bus Stop_8809,Hyderabad,Miyapur,14.171072,79.721096,7.24,3.5
8810,Airport,College_8810,Hyderabad,Banjara Hills,17.407486,76.424459,2.46,4.7
8811,Mall,Park_8811,Pune,Kharadi,18.711506,73.902897,5.45,4.2
8812,Hospital,Restaurant_8812,Bengaluru,HSR Layout,13.812649,73.285141,4.3,4.9
8813,Airport,Mall_8813,Hyderabad,Banjara Hills,13.340536,74.108571,0.24,3.5
8814,Park,School_8814,Pune,Hinjewadi,17.509128,72.868355,2.27,3.7
8815,School,Metro_8815,Chennai,OMR,13.732552,78.271945,8.64,4.4
8816,Airport,College_8816,Bengaluru,Whitefield,13.303165,74.663493,7.72,3.8
8817,Airport,Mall_8817,Mumbai,Thane,14.591155,78.84839,7.44,3.0
8818,School,College_8818,Bengaluru,HSR Layout,16.802068,78.739943,0.96,3.2
8819,Mall,Bus Stop_8819,Bengaluru,Electronic City,18.58847,77.242555,1.63,4.8
8820,Mall,College_8820,Pune,Hinjewadi,18.294847,76.536966,6.36,3.0
8821,Park,Restaurant_8821,Mumbai,Powai,16.744995,79.250768,4.81,4.1
8822,Restaurant,School_8822,Hyderabad,Madhapur,13.576099,79.067765,1.62,3.4
8823,Airport,Park_8823,Pune,Wakad,14.344571,72.047431,8.02,3.8
8824,Bus Stop,Restaurant_8824,Bengaluru,Indiranagar,18.516513,72.643352,8.81,4.4
8825,School,Bus Stop_8825,Hyderabad,Kukatpally,14.933141,78.49307,5.1,4.1
8826,Airport,Metro_8826,Chennai,Velachery,17.877217,73.102061,6.28,3.2
8827,Airport,Mall_8827,Chennai,Adyar,17.205173,73.751744,7.25,3.1
8828,Restaurant,Metro_8828,Bengaluru,Whitefield,12.103429,75.887921,6.06,4.5
8829,Park,Hospital_8829,Hyderabad,Miyapur,15.850804,76.210168,6.15,4.3
8830,Metro,Hospital_8830,Hyderabad,Banjara Hills,16.9768,78.66811,7.68,4.9
8831,School,Airport_8831,Hyderabad,Jubilee Hills,13.270699,76.726028,0.28,4.2
8832,College,Park_8832,Bengaluru,Electronic City,15.864421,79.979746,2.53,4.0
8833,College,Bus Stop_8833,Hyderabad,Kondapur,16.822162,77.712616,3.11,4.5
8834,Park,Hospital_8834,Hyderabad,Miyapur,12.150851,74.775193,2.18,4.2
8835,Metro,Bus Stop_8835,Hyderabad,Gachibowli,13.931241,73.396059,7.99,4.6
8836,Mall,Metro_8836,Pune,Wakad,14.638346,77.365895,6.95,3.0
8837,Bus Stop,Metro_8837,Pune,Hinjewadi,13.232452,78.374733,5.6,4.3
8838,Bus Stop,Mall_8838,Hyderabad,Kondapur,17.088601,73.789946,5.49,3.1
8839,College,Airport_8839,Bengaluru,Electronic City,18.933695,79.554193,2.97,3.5
8840,Hospital,Airport_8840,Mumbai,Bandra,18.643143,77.77384,1.84,3.4
8841,School,Park_8841,Pune,Wakad,15.1343,76.950413,0.13,3.5
8842,Airport,College_8842,Chennai,Anna Nagar,12.689473,78.334247,3.35,3.5
8843,Mall,Hospital_8843,Hyderabad,Madhapur,12.592251,76.20765,6.0,3.5
8844,Metro,Park_8844,Chennai,Adyar,13.41937,75.909305,6.02,3.1
8845,College,Park_8845,Chennai,Adyar,16.59334,79.099641,4.25,4.9
8846,School,Hospital_8846,Mumbai,Powai,15.747971,76.258932,9.99,4.7
8847,Metro,Restaurant_8847,Pune,Wakad,16.594242,75.594554,5.72,3.6
8848,Metro,College_8848,Hyderabad,Miyapur,15.43119,77.555428,4.33,3.5
8849,College,Park_8849,Hyderabad,Kukatpally,17.726901,74.16764,6.89,3.8
8850,Hospital,Hospital_8850,Chennai,Velachery,16.582765,72.908356,3.77,3.1
8851,College,Restaurant_8851,Pune,Wakad,17.603127,79.950497,9.81,4.3
8852,School,School_8852,Mumbai,Bandra,12.030184,76.890284,3.37,4.6
8853,Park,Mall_8853,Hyderabad,Jubilee Hills,18.358957,76.073059,2.02,4.3
8854,Restaurant,Airport_8854,Chennai,OMR,14.351458,76.089732,5.64,4.4
8855,College,Restaurant_8855,Bengaluru,Electronic City,13.33906,73.554034,9.42,4.7
8856,Metro,College_8856,Pune,Baner,12.822188,77.695744,3.85,3.9
8857,Park,Park_8857,Bengaluru,Whitefield,13.64268,74.464409,1.13,4.3
8858,College,Park_8858,Pune,Hinjewadi,18.879016,74.480494,9.29,4.4
8859,Hospital,Bus Stop_8859,Pune,Baner,12.489082,73.005632,1.84,4.4
8860,Hospital,Bus Stop_8860,Mumbai,Powai,15.373731,76.559253,5.78,4.9
8861,College,Hospital_8861,Pune,Wakad,14.485978,79.363938,8.55,4.4
8862,Restaurant,Hospital_8862,Pune,Wakad,15.829364,78.71121,3.56,4.0
8863,Restaurant,Hospital_8863,Mumbai,Andheri,14.195517,74.255466,7.25,4.0
8864,School,Mall_8864,Bengaluru,HSR Layout,17.660007,75.128924,5.76,3.6
8865,Bus Stop,School_8865,Hyderabad,Miyapur,16.309607,79.078953,5.67,3.2
8866,Park,Airport_8866,Pune,Wakad,16.83408,77.13581,9.95,4.8
8867,Mall,Hospital_8867,Hyderabad,Gachibowli,16.691827,76.36365,5.05,4.4
8868,Hospital,Restaurant_8868,Chennai,Velachery,16.704966,75.767773,9.76,3.6
8869,Park,Restaurant_8869,Pune,Kharadi,16.07215,79.234648,5.97,3.6
8870,Park,Mall_8870,Chennai,OMR,12.440768,73.361812,7.83,5.0
8871,Airport,Airport_8871,Chennai,OMR,14.016747,78.550836,3.57,3.5
8872,Bus Stop,Hospital_8872,Bengaluru,Whitefield,13.966222,75.473181,4.55,4.0
8873,College,School_8873,Mumbai,Thane,12.548194,73.159522,8.57,3.5
8874,Restaurant,School_8874,Mumbai,Andheri,14.165669,78.081921,7.66,4.2
8875,Hospital,Mall_8875,Mumbai,Thane,15.229996,78.801848,7.44,4.3
8876,Bus Stop,Bus Stop_8876,Bengaluru,Electronic City,12.759403,77.928069,9.98,4.1
8877,Park,Mall_8877,Mumbai,Thane,17.253481,74.215291,2.57,3.5
8878,School,Metro_8878,Mumbai,Bandra,18.702178,73.417052,3.45,3.5
8879,Bus Stop,Park_8879,Chennai,OMR,17.534621,77.114755,9.52,3.4
8880,Mall,Hospital_8880,Hyderabad,Miyapur,12.06737,74.859847,3.09,3.8
8881,Hospital,Park_8881,Mumbai,Thane,15.456745,74.021616,5.22,4.6
8882,College,Bus Stop_8882,Mumbai,Powai,14.113024,75.135672,7.2,4.9
8883,School,Mall_8883,Hyderabad,Madhapur,16.655893,72.090812,2.33,3.5
8884,Metro,Mall_8884,Chennai,Velachery,17.477248,78.722594,7.33,3.1
8885,College,Restaurant_8885,Pune,Wakad,13.360914,73.265186,0.56,4.1
8886,College,Restaurant_8886,Bengaluru,Electronic City,18.062985,74.62264,9.5,4.7
8887,College,Mall_8887,Bengaluru,Electronic City,17.947424,78.406085,3.7,3.2
8888,Bus Stop,Restaurant_8888,Bengaluru,Electronic City,12.152267,78.346434,2.05,4.4
8889,Park,Mall_8889,Hyderabad,Kondapur,16.030339,72.826565,0.22,3.1
8890,Airport,Bus Stop_8890,Chennai,Adyar,18.144933,74.174731,1.7,4.8
8891,Bus Stop,Hospital_8891,Pune,Wakad,15.99281,75.944876,5.5,3.1
8892,Restaurant,Park_8892,Chennai,Anna Nagar,15.343733,78.105172,2.43,4.6
8893,Park,Bus Stop_8893,Mumbai,Bandra,12.783885,72.173839,1.21,4.7
8894,College,College_8894,Chennai,Adyar,16.234245,73.156689,3.48,4.9
8895,Restaurant,Hospital_8895,Mumbai,Bandra,13.962814,75.876674,8.89,3.7
8896,Restaurant,College_8896,Bengaluru,Electronic City,12.134541,75.848723,8.51,4.2
8897,Airport,Restaurant_8897,Mumbai,Powai,18.693182,79.933361,7.11,4.7
8898,Airport,College_8898,Pune,Hinjewadi,15.829571,76.131949,1.65,4.8
8899,Airport,Airport_8899,Mumbai,Bandra,14.52444,73.623174,6.93,5.0
8900,Hospital,Hospital_8900,Mumbai,Andheri,15.204949,78.123678,7.92,3.1
8901,Mall,Mall_8901,Chennai,OMR,16.9185,73.862458,3.28,5.0
8902,School,Bus Stop_8902,Mumbai,Powai,13.863747,75.772512,9.71,3.8
8903,Park,School_8903,Hyderabad,Kondapur,16.092342,75.057859,8.45,3.5
8904,Bus Stop,School_8904,Bengaluru,Whitefield,13.748309,75.722467,5.62,3.7
8905,Metro,School_8905,Chennai,OMR,15.234795,77.630082,5.2,3.9
8906,Restaurant,Restaurant_8906,Hyderabad,Madhapur,18.7154,76.917514,8.29,3.2
8907,Mall,Metro_8907,Chennai,Anna Nagar,13.737304,76.473019,6.54,3.8
8908,School,College_8908,Pune,Wakad,17.115975,72.695502,7.32,4.9
8909,Metro,Bus Stop_8909,Mumbai,Powai,17.008804,76.828894,8.26,3.6
8910,College,Airport_8910,Bengaluru,Whitefield,15.849447,79.959601,1.53,4.5
8911,College,Metro_8911,Hyderabad,Gachibowli,12.790545,78.690273,5.4,3.9
8912,College,Metro_8912,Bengaluru,HSR Layout,18.426228,76.902681,6.62,4.6
8913,Hospital,Airport_8913,Chennai,OMR,17.131671,78.09963,6.44,4.1
8914,Mall,Airport_8914,Chennai,Anna Nagar,14.542511,72.926862,6.13,4.5
8915,Metro,Metro_8915,Hyderabad,Gachibowli,16.023974,77.388533,2.74,3.1
8916,Bus Stop,Park_8916,Hyderabad,Kukatpally,18.127908,78.717801,7.07,3.3
8917,College,Hospital_8917,Bengaluru,Indiranagar,13.715635,72.202296,8.22,3.7
8918,College,Restaurant_8918,Bengaluru,Indiranagar,18.223578,75.75884,7.15,3.1
8919,Metro,Metro_8919,Hyderabad,Madhapur,18.60336,79.728004,7.89,3.3
8920,School,College_8920,Hyderabad,Miyapur,15.134319,79.388249,5.09,4.0
8921,Bus Stop,School_8921,Mumbai,Bandra,18.511095,78.62907,7.7,3.3
8922,Bus Stop,Hospital_8922,Pune,Hinjewadi,17.607434,72.568105,7.89,3.7
8923,School,Restaurant_8923,Bengaluru,Indiranagar,14.584508,74.265554,9.45,3.8
8924,Restaurant,College_8924,Pune,Wakad,12.749425,74.384967,8.8,3.1
8925,Airport,College_8925,Mumbai,Thane,15.792734,79.242,7.79,3.3
8926,Metro,Airport_8926,Hyderabad,Gachibowli,17.329488,75.189216,6.79,3.7
8927,Hospital,Hospital_8927,Bengaluru,HSR Layout,16.208354,77.012661,6.26,3.6
8928,Metro,Restaurant_8928,Mumbai,Bandra,16.188999,77.008356,0.85,3.7
8929,School,Mall_8929,Pune,Hinjewadi,14.809195,79.9028,4.36,4.5
8930,Restaurant,Mall_8930,Pune,Wakad,12.351597,77.722296,7.91,4.9
8931,Metro,Airport_8931,Hyderabad,Kondapur,14.682409,74.875715,1.36,4.9
8932,Bus Stop,Bus Stop_8932,Hyderabad,Madhapur,16.575091,73.114969,8.32,3.5
8933,Bus Stop,College_8933,Hyderabad,Miyapur,18.659417,78.506579,3.21,4.8
8934,Metro,Airport_8934,Mumbai,Andheri,12.294274,72.806285,1.01,4.4
8935,Bus Stop,School_8935,Mumbai,Thane,13.513317,78.146918,8.75,3.2
8936,Restaurant,Mall_8936,Pune,Wakad,18.184258,76.914257,3.01,3.1
8937,Restaurant,Park_8937,Bengaluru,HSR Layout,16.843471,74.755415,3.31,3.5
8938,Mall,Mall_8938,Hyderabad,Miyapur,18.313102,79.496335,1.06,3.7
8939,Airport,Airport_8939,Pune,Baner,14.879391,74.658896,1.07,4.3
8940,School,Airport_8940,Mumbai,Thane,12.374518,78.341668,3.16,4.1
8941,Hospital,Hospital_8941,Bengaluru,Indiranagar,12.973008,72.059503,3.46,4.3
8942,Hospital,College_8942,Mumbai,Powai,15.713253,79.653976,7.83,3.5
8943,Metro,Restaurant_8943,Pune,Hinjewadi,14.327644,76.835156,2.86,4.4
8944,Airport,Metro_8944,Chennai,Adyar,14.486765,72.24713,6.58,3.2
8945,Bus Stop,College_8945,Hyderabad,Gachibowli,12.854725,72.534068,4.45,4.9
8946,Park,Park_8946,Chennai,Adyar,18.802619,73.568217,6.27,3.3
8947,Hospital,Restaurant_8947,Pune,Wakad,14.95869,77.806201,4.97,4.2
8948,Bus Stop,School_8948,Mumbai,Andheri,15.875414,77.966218,2.3,4.0
8949,College,Restaurant_8949,Bengaluru,Electronic City,17.166894,76.448672,3.58,3.1
8950,Restaurant,Hospital_8950,Bengaluru,Indiranagar,15.065418,77.899351,2.08,4.6
8951,Park,Restaurant_8951,Pune,Wakad,18.019734,78.850096,2.34,4.2
8952,School,School_8952,Chennai,Velachery,18.198676,78.960125,3.3,4.2
8953,School,Bus Stop_8953,Chennai,Velachery,14.698528,78.816368,8.76,3.5
8954,School,Metro_8954,Hyderabad,Miyapur,13.194156,76.236271,6.83,3.0
8955,College,Restaurant_8955,Hyderabad,Kondapur,12.350124,78.714746,2.75,3.5
8956,Park,Park_8956,Hyderabad,Kukatpally,15.928412,73.708876,4.88,3.5
8957,Park,Mall_8957,Hyderabad,Jubilee Hills,18.741971,72.71072,0.87,3.7
8958,Hospital,College_8958,Hyderabad,Kondapur,17.109821,77.888309,6.09,4.0
8959,Park,Hospital_8959,Pune,Baner,13.122436,79.559447,4.72,4.4
8960,Hospital,Hospital_8960,Chennai,Anna Nagar,18.999021,78.009157,9.71,4.7
8961,Mall,Mall_8961,Mumbai,Bandra,14.214189,78.561844,0.61,3.1
8962,Metro,Park_8962,Bengaluru,Whitefield,17.436953,77.050375,6.75,4.5
8963,Bus Stop,Mall_8963,Hyderabad,Gachibowli,14.33992,75.131799,1.28,4.8
8964,Bus Stop,Restaurant_8964,Pune,Hinjewadi,18.559972,78.170248,9.04,3.1
8965,Park,Metro_8965,Mumbai,Andheri,15.417102,78.770325,1.28,3.3
8966,Restaurant,Airport_8966,Pune,Hinjewadi,17.177821,74.187374,4.79,4.3
8967,Bus Stop,Airport_8967,Pune,Wakad,15.177777,77.836372,7.98,3.2
8968,Mall,Airport_8968,Chennai,Velachery,17.55497,77.489952,4.16,3.3
8969,Park,Park_8969,Chennai,OMR,15.195933,79.094814,0.94,4.2
8970,Hospital,Park_8970,Hyderabad,Jubilee Hills,17.954808,77.535849,3.34,3.0
8971,College,Metro_8971,Bengaluru,HSR Layout,13.75168,73.454459,0.23,3.8
8972,College,Metro_8972,Pune,Baner,16.997156,77.906828,9.02,3.0
8973,Mall,Mall_8973,Bengaluru,Whitefield,15.973708,73.328908,4.66,4.0
8974,Bus Stop,Mall_8974,Chennai,Adyar,14.27912,72.311456,8.61,4.9
8975,Mall,Mall_8975,Pune,Wakad,18.512132,75.507297,8.64,4.9
8976,College,Hospital_8976,Bengaluru,Indiranagar,15.783894,78.710092,6.14,4.7
8977,Metro,Metro_8977,Bengaluru,Whitefield,14.260176,77.668493,9.49,4.2
8978,Metro,Restaurant_8978,Bengaluru,Indiranagar,17.160297,77.523493,3.43,4.8
8979,Metro,Mall_8979,Pune,Baner,15.41137,76.329242,5.39,4.0
8980,Airport,Park_8980,Chennai,Adyar,13.316078,79.345319,8.5,3.1
8981,Restaurant,Airport_8981,Mumbai,Bandra,12.871705,72.621254,3.69,3.2
8982,Airport,Airport_8982,Bengaluru,Whitefield,17.04965,72.830014,8.03,3.3
8983,Hospital,School_8983,Hyderabad,Gachibowli,16.319081,77.870657,2.85,4.3
8984,Airport,College_8984,Bengaluru,Indiranagar,17.482299,77.090716,2.86,4.3
8985,Metro,Bus Stop_8985,Mumbai,Bandra,12.373544,76.852538,8.81,4.0
8986,Park,Park_8986,Hyderabad,Madhapur,13.371997,75.267525,3.01,3.8
8987,College,Hospital_8987,Pune,Hinjewadi,16.011848,75.69409,9.2,3.3
8988,School,Bus Stop_8988,Hyderabad,Banjara Hills,12.268096,72.839146,4.04,4.7
8989,Airport,College_8989,Bengaluru,Whitefield,14.492826,78.20085,4.65,5.0
8990,School,Restaurant_8990,Mumbai,Andheri,14.19921,72.438843,9.52,4.9
8991,Hospital,College_8991,Chennai,Velachery,15.681022,73.851571,1.34,4.8
8992,Airport,Mall_8992,Hyderabad,Miyapur,12.306615,74.396085,8.06,4.2
8993,Bus Stop,School_8993,Bengaluru,Electronic City,15.53981,76.801718,4.77,4.2
8994,Metro,College_8994,Chennai,Adyar,14.771701,77.65825,2.06,3.2
8995,Bus Stop,School_8995,Bengaluru,HSR Layout,13.956165,72.284207,5.84,3.6
8996,College,Airport_8996,Hyderabad,Jubilee Hills,16.183408,79.574058,4.09,4.9
8997,Airport,Metro_8997,Bengaluru,Whitefield,13.294912,76.015841,6.77,4.8
8998,School,Restaurant_8998,Hyderabad,Jubilee Hills,13.930282,79.717039,1.52,4.1
8999,Park,College_8999,Mumbai,Bandra,16.87555,77.464891,3.2,3.4
9000,College,Airport_9000,Hyderabad,Kondapur,14.64891,77.07654,1.48,4.2
9001,College,School_9001,Hyderabad,Gachibowli,13.3723,73.334131,8.83,3.5
9002,Mall,Bus Stop_9002,Chennai,Adyar,17.996999,79.046057,8.6,4.0
9003,Park,Metro_9003,Mumbai,Powai,16.193379,73.040289,8.78,4.8
9004,Airport,Airport_9004,Mumbai,Andheri,17.255234,72.82028,5.94,4.9
9005,Hospital,Metro_9005,Mumbai,Andheri,14.854957,76.337917,1.56,4.9
9006,Bus Stop,Bus Stop_9006,Chennai,OMR,13.319261,74.470201,7.82,4.3
9007,College,Restaurant_9007,Bengaluru,Electronic City,15.195877,76.408553,6.15,4.1
9008,Park,Airport_9008,Mumbai,Andheri,16.120202,78.413104,1.56,4.3
9009,Park,School_9009,Bengaluru,Electronic City,12.952076,74.576252,4.38,3.7
9010,Park,Bus Stop_9010,Hyderabad,Banjara Hills,16.621121,78.991206,8.91,5.0
9011,Restaurant,Bus Stop_9011,Chennai,OMR,13.498762,74.642734,9.93,4.3
9012,Restaurant,Hospital_9012,Chennai,Anna Nagar,17.052742,78.564107,1.92,3.2
9013,Restaurant,Park_9013,Hyderabad,Miyapur,14.316955,74.510027,7.07,4.2
9014,Restaurant,Airport_9014,Hyderabad,Gachibowli,16.964451,75.895924,9.78,3.2
9015,Park,Airport_9015,Hyderabad,Miyapur,16.628221,72.599074,0.98,4.3
9016,Park,Airport_9016,Mumbai,Powai,17.415913,79.799229,3.15,3.5
9017,Hospital,Mall_9017,Chennai,Anna Nagar,12.531578,77.825872,5.04,3.1
9018,Park,Restaurant_9018,Chennai,OMR,14.249792,77.642772,3.01,3.1
9019,Mall,Restaurant_9019,Bengaluru,Electronic City,18.16438,76.428903,8.76,3.1
9020,Metro,Bus Stop_9020,Pune,Wakad,12.927773,78.649695,2.71,4.9
9021,Hospital,Bus Stop_9021,Hyderabad,Miyapur,13.120803,79.736249,5.77,4.8
9022,Hospital,Mall_9022,Bengaluru,Indiranagar,15.284745,75.301224,3.85,3.6
9023,Park,Mall_9023,Mumbai,Andheri,17.142552,73.979116,2.88,3.3
9024,Airport,School_9024,Chennai,Anna Nagar,16.926493,76.908392,0.5,3.2
9025,Metro,Metro_9025,Pune,Kharadi,17.044451,79.684727,1.07,3.0
9026,Bus Stop,Metro_9026,Hyderabad,Madhapur,18.654354,73.719417,4.45,4.3
9027,Bus Stop,Metro_9027,Pune,Kharadi,16.936331,73.03998,7.95,4.7
9028,School,Mall_9028,Mumbai,Andheri,18.016336,72.433173,2.51,3.9
9029,Mall,Metro_9029,Hyderabad,Banjara Hills,15.263042,73.769407,8.67,4.0
9030,Bus Stop,Bus Stop_9030,Pune,Baner,18.893508,78.709512,6.86,4.1
9031,Restaurant,Hospital_9031,Mumbai,Bandra,15.558598,79.158907,3.83,4.4
9032,Bus Stop,Restaurant_9032,Hyderabad,Madhapur,14.397329,77.730322,1.15,4.1
9033,College,Airport_9033,Hyderabad,Madhapur,12.337069,74.905742,0.33,4.4
9034,Restaurant,School_9034,Bengaluru,Electronic City,17.565952,73.922395,9.85,4.7
9035,Hospital,Hospital_9035,Pune,Wakad,15.409837,76.753797,7.11,3.2
9036,Hospital,College_9036,Bengaluru,HSR Layout,13.591285,77.101644,9.46,4.3
9037,Hospital,School_9037,Bengaluru,Electronic City,16.148483,78.101425,9.04,4.0
9038,College,Bus Stop_9038,Chennai,Adyar,18.615825,72.444799,1.12,3.1
9039,Park,Hospital_9039,Bengaluru,Whitefield,12.708684,75.893146,0.12,3.6
9040,Bus Stop,Bus Stop_9040,Mumbai,Bandra,12.019503,75.823027,5.04,4.0
9041,College,Restaurant_9041,Bengaluru,Indiranagar,16.321511,73.226654,7.89,4.9
9042,Mall,Metro_9042,Hyderabad,Gachibowli,13.90224,75.379341,5.96,4.1
9043,Hospital,College_9043,Mumbai,Andheri,15.85734,74.470754,6.71,4.0
9044,Restaurant,Bus Stop_9044,Hyderabad,Madhapur,16.804864,78.54519,2.15,3.9
9045,Mall,College_9045,Chennai,Anna Nagar,16.971072,78.654695,2.28,3.6
9046,Hospital,Metro_9046,Pune,Kharadi,15.586574,72.824856,2.5,4.2
9047,Airport,Mall_9047,Pune,Wakad,16.507344,78.39626,6.93,3.8
9048,Park,School_9048,Pune,Baner,16.649325,78.216173,5.56,3.3
9049,School,Metro_9049,Bengaluru,Whitefield,16.30351,74.682838,9.63,3.9
9050,Metro,Metro_9050,Bengaluru,Electronic City,12.410298,77.346892,4.29,4.2
9051,School,Restaurant_9051,Bengaluru,Whitefield,14.698965,75.813216,2.39,5.0
9052,School,College_9052,Hyderabad,Madhapur,13.380799,77.805864,0.94,3.8
9053,Park,Metro_9053,Bengaluru,HSR Layout,17.256499,74.723869,0.87,3.3
9054,Airport,Mall_9054,Mumbai,Andheri,16.151825,78.383538,0.91,4.8
9055,Restaurant,Park_9055,Mumbai,Andheri,17.060342,75.896528,8.94,3.2
9056,Bus Stop,Airport_9056,Mumbai,Bandra,12.868374,78.962551,7.19,4.4
9057,Hospital,Metro_9057,Pune,Wakad,12.491239,72.524935,8.92,4.1
9058,Bus Stop,Park_9058,Bengaluru,Whitefield,13.376306,76.120681,1.86,4.9
9059,Park,Park_9059,Mumbai,Andheri,14.724555,79.891131,4.2,3.2
9060,School,School_9060,Chennai,OMR,16.004922,72.819454,6.32,4.5
9061,Bus Stop,Airport_9061,Hyderabad,Kukatpally,17.282442,75.323295,0.12,5.0
9062,Park,Restaurant_9062,Bengaluru,Electronic City,14.724775,78.290887,1.44,3.3
9063,Bus Stop,Bus Stop_9063,Bengaluru,Indiranagar,15.827001,73.898932,8.93,3.8
9064,School,School_9064,Pune,Hinjewadi,14.605318,79.192432,9.99,3.4
9065,Airport,Bus Stop_9065,Hyderabad,Kondapur,14.043138,74.458701,7.92,4.6
9066,School,Restaurant_9066,Bengaluru,HSR Layout,13.78455,74.161261,7.48,4.4
9067,Restaurant,Mall_9067,Hyderabad,Miyapur,17.573468,73.237947,4.58,3.2
9068,Airport,Mall_9068,Mumbai,Thane,15.023678,77.04935,1.96,3.1
9069,Metro,Metro_9069,Mumbai,Bandra,16.570567,76.618999,9.13,3.8
9070,Hospital,Bus Stop_9070,Hyderabad,Banjara Hills,17.373251,76.586386,0.52,4.9
9071,Metro,Bus Stop_9071,Pune,Kharadi,13.62821,75.915667,1.59,4.5
9072,Hospital,Bus Stop_9072,Bengaluru,Indiranagar,15.37512,78.677216,2.58,3.6
9073,College,Hospital_9073,Pune,Kharadi,15.739864,74.726873,0.36,3.5
9074,College,School_9074,Pune,Kharadi,17.627222,72.037583,8.25,4.7
9075,Restaurant,School_9075,Hyderabad,Kondapur,18.349727,73.671592,9.7,4.3
9076,Park,Restaurant_9076,Bengaluru,Whitefield,18.459885,74.151005,8.73,3.2
9077,Airport,Mall_9077,Bengaluru,HSR Layout,14.388466,78.528876,8.46,4.4
9078,College,Bus Stop_9078,Bengaluru,Indiranagar,12.963965,73.535184,4.48,4.0
9079,Metro,Hospital_9079,Mumbai,Andheri,12.559838,76.841879,5.88,4.8
9080,Restaurant,School_9080,Chennai,Adyar,14.566231,73.856736,7.03,3.9
9081,Mall,Mall_9081,Pune,Baner,15.303799,73.666212,5.63,3.7
9082,School,School_9082,Hyderabad,Kukatpally,18.422843,78.327076,0.96,3.6
9083,College,Mall_9083,Pune,Hinjewadi,16.03108,78.287596,2.45,3.6
9084,Metro,Restaurant_9084,Bengaluru,HSR Layout,17.209321,74.320676,0.66,4.0
9085,Restaurant,Hospital_9085,Mumbai,Andheri,16.004053,72.953557,3.0,5.0
9086,Airport,Airport_9086,Chennai,Adyar,15.442265,78.472736,1.52,3.9
9087,Hospital,Bus Stop_9087,Bengaluru,Electronic City,16.719815,79.566227,8.89,4.9
9088,Bus Stop,Hospital_9088,Chennai,Adyar,16.922611,76.685333,1.41,4.3
9089,Park,Hospital_9089,Pune,Wakad,17.796894,74.697441,9.8,4.4
9090,Restaurant,Mall_9090,Pune,Hinjewadi,18.21573,76.622009,8.32,5.0
9091,Park,Park_9091,Pune,Hinjewadi,12.000121,74.963151,4.63,4.8
9092,Airport,Bus Stop_9092,Pune,Kharadi,16.846508,73.190799,5.79,4.1
9093,Bus Stop,College_9093,Pune,Hinjewadi,18.22083,77.352182,7.57,4.3
9094,School,Airport_9094,Hyderabad,Banjara Hills,12.773449,76.721949,0.76,3.8
9095,Hospital,Bus Stop_9095,Mumbai,Powai,17.210385,73.348766,9.68,3.3
9096,School,Park_9096,Pune,Baner,18.369587,79.69324,1.8,3.3
9097,Metro,Mall_9097,Bengaluru,Whitefield,18.991756,75.380466,6.51,4.9
9098,College,Metro_9098,Hyderabad,Kondapur,18.388933,79.435872,2.5,3.5
9099,Restaurant,Hospital_9099,Pune,Wakad,14.26936,77.272209,8.13,4.2
9100,Park,Airport_9100,Pune,Wakad,17.601887,78.19385,8.55,4.9
9101,Hospital,Mall_9101,Hyderabad,Gachibowli,18.614443,72.438337,9.15,5.0
9102,Mall,Bus Stop_9102,Hyderabad,Kondapur,12.000992,76.658958,0.99,3.9
9103,Park,School_9103,Mumbai,Bandra,12.423729,74.835111,8.94,4.0
9104,Mall,Metro_9104,Mumbai,Andheri,15.422817,76.584158,7.97,3.9
9105,College,Bus Stop_9105,Hyderabad,Kukatpally,12.271395,75.011003,7.26,3.6
9106,School,Park_9106,Mumbai,Andheri,14.649481,73.143742,4.43,4.2
9107,Park,Restaurant_9107,Chennai,Velachery,15.257115,77.937902,3.9,4.8
9108,Hospital,Airport_9108,Hyderabad,Banjara Hills,13.650053,78.78011,0.66,4.4
9109,School,Airport_9109,Hyderabad,Jubilee Hills,14.396953,75.700485,6.99,3.9
9110,Park,College_9110,Hyderabad,Kukatpally,16.705222,79.275019,6.39,3.9
9111,Bus Stop,Airport_9111,Chennai,OMR,14.822119,78.033073,1.39,4.3
9112,School,Hospital_9112,Hyderabad,Kondapur,14.014156,76.636336,3.01,3.8
9113,Metro,Airport_9113,Pune,Hinjewadi,15.44928,74.198677,4.19,4.4
9114,Metro,Mall_9114,Pune,Baner,16.315627,73.957895,2.21,4.1
9115,Restaurant,Mall_9115,Mumbai,Thane,12.731871,73.306268,6.69,3.2
9116,Mall,School_9116,Pune,Hinjewadi,14.701912,77.660756,9.4,3.4
9117,Metro,Metro_9117,Pune,Hinjewadi,16.49797,77.017168,6.97,4.9
9118,Hospital,Hospital_9118,Chennai,Anna Nagar,14.207636,75.626182,6.37,4.8
9119,Metro,Metro_9119,Mumbai,Bandra,17.769584,77.010133,9.62,3.1
9120,Mall,School_9120,Chennai,Adyar,12.261605,75.808315,6.66,4.0
9121,Metro,Park_9121,Pune,Wakad,18.863195,74.795667,0.48,3.2
9122,Restaurant,Bus Stop_9122,Pune,Kharadi,15.194536,74.002789,8.88,3.1
9123,Hospital,Hospital_9123,Pune,Baner,13.354658,78.905418,3.75,5.0
9124,College,Park_9124,Mumbai,Bandra,12.607325,75.09854,9.97,3.5
9125,College,Mall_9125,Mumbai,Bandra,17.402375,79.870159,6.14,3.1
9126,Hospital,Restaurant_9126,Bengaluru,Electronic City,18.464906,78.976726,9.08,3.6
9127,Hospital,Metro_9127,Hyderabad,Madhapur,18.054196,78.009978,3.14,4.5
9128,Airport,Park_9128,Mumbai,Powai,15.616233,75.448768,9.06,4.7
9129,College,School_9129,Mumbai,Thane,17.442854,75.362583,8.19,4.1
9130,Mall,Bus Stop_9130,Hyderabad,Banjara Hills,16.618603,79.194528,5.22,4.9
9131,Hospital,Restaurant_9131,Bengaluru,HSR Layout,14.443621,74.780802,9.43,4.1
9132,Bus Stop,Metro_9132,Chennai,Adyar,17.375745,74.149011,3.89,4.2
9133,School,Bus Stop_9133,Pune,Wakad,14.351726,79.420951,6.37,4.2
9134,College,College_9134,Chennai,Anna Nagar,17.252597,73.465085,6.0,3.6
9135,School,Mall_9135,Bengaluru,HSR Layout,16.278928,78.396712,7.58,3.2
9136,Metro,Restaurant_9136,Mumbai,Powai,13.869255,74.784417,9.83,4.0
9137,Mall,Bus Stop_9137,Mumbai,Bandra,17.407901,78.754369,6.91,4.5
9138,Restaurant,Hospital_9138,Mumbai,Bandra,16.602601,78.335793,5.69,5.0
9139,Airport,Airport_9139,Hyderabad,Jubilee Hills,14.387716,78.379881,8.86,3.9
9140,Hospital,Airport_9140,Bengaluru,Electronic City,15.104595,73.683434,4.07,4.6
9141,Park,Hospital_9141,Mumbai,Thane,14.76312,76.81035,7.81,3.2
9142,School,Hospital_9142,Pune,Kharadi,14.526348,76.107816,2.63,3.9
9143,Metro,Hospital_9143,Chennai,Adyar,12.297251,74.349933,3.07,4.0
9144,School,Hospital_9144,Chennai,Adyar,12.605813,79.287222,4.8,3.1
9145,College,School_9145,Bengaluru,HSR Layout,13.096434,72.277359,0.79,3.0
9146,Restaurant,Mall_9146,Mumbai,Bandra,15.997792,75.574381,7.35,3.4
9147,Metro,Park_9147,Bengaluru,Indiranagar,12.704419,76.407336,4.57,4.4
9148,School,Airport_9148,Chennai,OMR,14.65544,79.006766,1.28,4.6
9149,College,School_9149,Chennai,OMR,16.663107,73.806123,8.22,4.1
9150,Metro,Restaurant_9150,Hyderabad,Kondapur,15.360421,79.325702,9.13,4.8
9151,Park,Mall_9151,Pune,Hinjewadi,17.497616,75.075023,3.05,3.1
9152,Hospital,Park_9152,Pune,Wakad,17.298154,74.382924,9.83,4.8
9153,College,Mall_9153,Bengaluru,HSR Layout,13.406222,72.340945,7.21,3.7
9154,Metro,Metro_9154,Mumbai,Powai,18.555776,74.251139,0.13,4.9
9155,Hospital,School_9155,Chennai,Velachery,15.994583,75.024151,2.06,4.7
9156,Bus Stop,Mall_9156,Hyderabad,Jubilee Hills,13.263787,79.146896,4.64,4.9
9157,Hospital,Mall_9157,Pune,Hinjewadi,17.98214,74.12767,7.14,3.8
9158,School,Park_9158,Hyderabad,Kukatpally,13.458717,77.452712,7.03,3.7
9159,Airport,Metro_9159,Chennai,OMR,15.663606,79.815586,7.84,3.7
9160,School,Park_9160,Chennai,OMR,17.054636,77.881455,2.59,3.1
9161,Metro,College_9161,Mumbai,Thane,13.971129,77.230709,1.13,3.2
9162,College,College_9162,Hyderabad,Kukatpally,17.715347,79.714095,9.56,4.6
9163,School,Bus Stop_9163,Hyderabad,Madhapur,16.663013,76.832863,6.77,3.9
9164,School,Park_9164,Chennai,Anna Nagar,15.862269,77.574096,6.63,4.2
9165,Bus Stop,Hospital_9165,Hyderabad,Kondapur,15.254255,73.158697,2.57,4.4
9166,Restaurant,Bus Stop_9166,Pune,Wakad,18.98395,76.087631,3.38,3.6
9167,Hospital,Bus Stop_9167,Pune,Baner,13.6538,74.156387,8.63,3.8
9168,Mall,Restaurant_9168,Bengaluru,Whitefield,18.916888,79.712673,0.36,4.4
9169,Airport,College_9169,Hyderabad,Banjara Hills,14.999487,76.945622,3.01,3.8
9170,College,Restaurant_9170,Chennai,Velachery,13.030793,75.787442,1.71,4.2
9171,College,Hospital_9171,Mumbai,Powai,16.397708,78.950805,8.0,3.8
9172,College,College_9172,Bengaluru,Electronic City,15.228491,79.58451,1.84,4.8
9173,Hospital,School_9173,Chennai,Adyar,17.697043,76.415957,6.42,4.0
9174,Metro,School_9174,Pune,Wakad,18.83781,77.301331,3.21,3.4
9175,Bus Stop,School_9175,Bengaluru,Indiranagar,15.111052,79.099034,2.04,4.7
9176,Airport,Hospital_9176,Chennai,OMR,16.76883,75.142219,1.9,3.1
9177,Mall,Mall_9177,Bengaluru,Electronic City,17.589766,78.266707,3.46,4.7
9178,Airport,Metro_9178,Mumbai,Thane,13.531661,78.85002,5.1,3.9
9179,Restaurant,Hospital_9179,Chennai,Velachery,14.65361,77.287916,3.26,4.7
9180,Restaurant,College_9180,Hyderabad,Madhapur,18.51139,72.59667,1.06,4.0
9181,Restaurant,Metro_9181,Hyderabad,Kukatpally,12.940358,73.764323,9.0,3.8
9182,Restaurant,Bus Stop_9182,Chennai,Adyar,15.726118,77.020199,2.63,4.9
9183,College,College_9183,Mumbai,Thane,15.899915,78.110734,9.7,4.2
9184,Metro,Mall_9184,Chennai,Velachery,17.24448,79.586233,3.58,3.8
9185,Park,Restaurant_9185,Bengaluru,HSR Layout,15.109731,75.87009,8.14,4.3
9186,College,Park_9186,Bengaluru,Whitefield,16.486216,79.426021,1.51,4.4
9187,Park,Airport_9187,Mumbai,Andheri,18.85722,74.339804,1.75,3.6
9188,College,Hospital_9188,Chennai,Anna Nagar,15.004157,75.167555,4.3,3.5
9189,School,Park_9189,Hyderabad,Madhapur,18.865938,72.617699,1.5,5.0
9190,College,Park_9190,Hyderabad,Madhapur,14.653634,77.809627,9.33,4.9
9191,Hospital,Metro_9191,Bengaluru,Whitefield,13.420537,77.267941,5.03,3.4
9192,Bus Stop,Restaurant_9192,Pune,Wakad,15.04595,79.781427,5.36,3.3
9193,Metro,Park_9193,Pune,Kharadi,15.046504,79.990518,9.11,3.8
9194,Airport,Restaurant_9194,Pune,Baner,13.453962,72.381674,5.27,3.8
9195,Park,Bus Stop_9195,Chennai,Velachery,15.355965,74.399821,9.36,4.9
9196,Restaurant,College_9196,Chennai,Adyar,18.096975,77.463083,0.19,4.9
9197,Metro,Metro_9197,Hyderabad,Gachibowli,18.315192,78.688853,9.6,3.7
9198,School,Mall_9198,Mumbai,Andheri,12.124991,76.0657,3.75,4.0
9199,Mall,Mall_9199,Pune,Kharadi,14.637379,73.44792,8.15,3.3
9200,School,Airport_9200,Pune,Kharadi,13.355667,77.184012,7.76,3.8
9201,College,Hospital_9201,Bengaluru,Indiranagar,15.944851,74.193978,2.0,3.7
9202,Airport,College_9202,Chennai,Anna Nagar,18.112076,74.027819,6.19,3.6
9203,Hospital,Hospital_9203,Pune,Hinjewadi,17.665769,79.279669,6.15,3.7
9204,College,School_9204,Chennai,Adyar,18.792747,77.460088,2.95,3.2
9205,School,Airport_9205,Mumbai,Andheri,16.486772,74.683492,2.35,3.2
9206,Airport,Mall_9206,Pune,Hinjewadi,18.615075,77.795666,6.74,4.1
9207,Mall,College_9207,Chennai,Anna Nagar,18.233195,79.875012,0.87,5.0
9208,Airport,Mall_9208,Chennai,Velachery,14.323106,75.009062,3.78,3.8
9209,Metro,Hospital_9209,Hyderabad,Miyapur,14.445609,77.845689,3.03,3.8
9210,Restaurant,Park_9210,Hyderabad,Madhapur,14.531232,75.787839,6.7,5.0
9211,Mall,Hospital_9211,Pune,Hinjewadi,18.241715,78.004801,1.57,4.1
9212,Bus Stop,Mall_9212,Hyderabad,Jubilee Hills,14.347174,75.267575,3.74,4.2
9213,Metro,Airport_9213,Hyderabad,Kondapur,17.988907,72.43877,5.58,4.1
9214,Park,Park_9214,Mumbai,Powai,14.9057,79.060932,1.04,4.6
9215,Restaurant,Park_9215,Hyderabad,Madhapur,18.374905,75.991831,1.78,3.9
9216,School,School_9216,Hyderabad,Kukatpally,12.935744,79.273142,6.48,4.9
9217,School,Metro_9217,Bengaluru,Whitefield,12.765557,75.982911,2.79,4.9
9218,Bus Stop,College_9218,Mumbai,Powai,15.81846,75.24737,6.94,4.0
9219,Bus Stop,Metro_9219,Pune,Kharadi,12.446306,72.457027,2.41,3.7
9220,Airport,Mall_9220,Bengaluru,Whitefield,12.904113,76.882643,7.68,4.6
9221,Mall,College_9221,Hyderabad,Kondapur,17.428062,79.575446,0.83,4.6
9222,Airport,College_9222,Hyderabad,Kukatpally,18.231193,76.240297,9.4,3.3
9223,Metro,Hospital_9223,Mumbai,Thane,16.63421,79.921321,0.85,4.8
9224,Mall,Mall_9224,Hyderabad,Jubilee Hills,17.064426,75.706201,3.35,4.3
9225,College,Park_9225,Pune,Baner,13.361898,75.778623,7.47,3.9
9226,School,Metro_9226,Pune,Baner,12.428133,79.523583,1.37,3.8
9227,Metro,Airport_9227,Chennai,Adyar,17.812907,76.555134,5.29,3.3
9228,College,Hospital_9228,Hyderabad,Gachibowli,12.685296,77.471563,0.24,4.1
9229,School,School_9229,Mumbai,Thane,15.164598,73.929245,6.26,3.2
9230,Restaurant,Mall_9230,Pune,Baner,18.435152,75.009011,4.43,4.1
9231,Park,Park_9231,Mumbai,Bandra,15.591308,78.081461,7.15,4.8
9232,Hospital,Mall_9232,Hyderabad,Gachibowli,16.646485,72.619462,2.96,3.0
9233,School,Metro_9233,Bengaluru,Electronic City,16.405856,74.275154,4.7,3.4
9234,Hospital,Restaurant_9234,Chennai,Adyar,16.54997,77.134868,7.88,4.4
9235,Park,College_9235,Chennai,Adyar,17.605423,72.987152,3.6,4.6
9236,Restaurant,Hospital_9236,Chennai,OMR,15.862643,76.371901,3.91,4.8
9237,Park,Restaurant_9237,Bengaluru,Indiranagar,17.166287,76.318589,3.64,4.7
9238,Airport,Metro_9238,Mumbai,Thane,18.669277,79.860671,2.57,4.9
9239,Hospital,College_9239,Pune,Baner,12.661111,72.853096,9.51,3.5
9240,College,Mall_9240,Chennai,Anna Nagar,12.546044,73.983133,5.86,4.1
9241,Park,Restaurant_9241,Mumbai,Andheri,16.568155,74.189404,9.21,4.6
9242,Hospital,College_9242,Bengaluru,Electronic City,17.513945,73.365806,2.87,3.3
9243,Hospital,School_9243,Bengaluru,Indiranagar,17.475832,73.071366,9.61,4.4
9244,Mall,Hospital_9244,Pune,Wakad,18.466006,74.066379,0.36,4.0
9245,Airport,School_9245,Mumbai,Powai,12.015645,78.308638,4.66,4.7
9246,Bus Stop,Bus Stop_9246,Mumbai,Powai,13.034923,78.490977,1.59,3.3
9247,Bus Stop,Metro_9247,Chennai,Velachery,18.09963,73.979104,4.24,4.4
9248,Bus Stop,Hospital_9248,Pune,Wakad,14.039112,72.000103,5.0,4.6
9249,Metro,Mall_9249,Pune,Kharadi,16.757719,77.707329,6.69,4.1
9250,Airport,Mall_9250,Hyderabad,Miyapur,15.793953,78.580616,4.08,3.0
9251,Restaurant,College_9251,Chennai,Velachery,17.689069,72.551333,1.59,3.3
9252,College,College_9252,Hyderabad,Jubilee Hills,14.322419,76.742821,7.93,4.1
9253,Park,Hospital_9253,Bengaluru,HSR Layout,18.778667,74.83284,5.25,4.3
9254,College,Airport_9254,Hyderabad,Madhapur,16.315863,72.395413,4.17,3.0
9255,Metro,Restaurant_9255,Hyderabad,Jubilee Hills,18.565418,78.823705,0.52,4.6
9256,Metro,School_9256,Pune,Hinjewadi,18.253143,75.767888,5.6,3.5
9257,Hospital,Restaurant_9257,Pune,Wakad,12.601767,76.520528,3.01,3.4
9258,Restaurant,Mall_9258,Chennai,Adyar,16.767763,79.213539,1.7,3.3
9259,Restaurant,Restaurant_9259,Pune,Hinjewadi,18.221263,72.277613,6.66,3.5
9260,Park,Hospital_9260,Hyderabad,Kukatpally,14.23919,76.828405,9.71,4.6
9261,Park,Bus Stop_9261,Hyderabad,Madhapur,13.112246,79.726932,5.01,3.5
9262,School,Park_9262,Pune,Wakad,16.105034,76.593782,5.6,4.2
9263,College,Restaurant_9263,Bengaluru,Whitefield,14.4417,74.926076,9.12,3.8
9264,Mall,Hospital_9264,Pune,Wakad,18.792857,73.634997,1.45,4.4
9265,Bus Stop,Bus Stop_9265,Chennai,Adyar,12.424403,76.004109,4.5,3.6
9266,Hospital,Metro_9266,Hyderabad,Jubilee Hills,16.123138,72.135385,2.22,4.9
9267,Restaurant,College_9267,Pune,Baner,13.696853,77.935463,0.7,3.3
9268,Airport,Mall_9268,Mumbai,Thane,13.538768,73.723574,0.67,4.4
9269,Mall,Restaurant_9269,Hyderabad,Banjara Hills,17.336988,76.32034,3.89,3.2
9270,Metro,Bus Stop_9270,Bengaluru,Whitefield,14.756925,76.567287,3.87,3.4
9271,Airport,Hospital_9271,Hyderabad,Madhapur,17.009285,72.386082,1.57,4.7
9272,Park,Park_9272,Mumbai,Andheri,15.742097,73.565749,8.23,4.8
9273,College,School_9273,Bengaluru,Indiranagar,14.30269,78.619044,5.99,4.5
9274,School,Hospital_9274,Bengaluru,Indiranagar,13.61641,73.298553,6.82,3.0
9275,School,Park_9275,Chennai,Anna Nagar,14.309149,72.753194,1.42,4.5
9276,Bus Stop,Airport_9276,Hyderabad,Madhapur,15.825042,77.680909,2.03,4.3
9277,School,Airport_9277,Pune,Hinjewadi,16.648115,76.43902,3.52,4.6
9278,School,Metro_9278,Hyderabad,Banjara Hills,17.053883,74.905931,0.42,3.8
9279,Mall,Mall_9279,Hyderabad,Kondapur,17.972225,72.618086,3.9,4.0
9280,School,Park_9280,Pune,Hinjewadi,15.194738,74.580656,9.14,3.4
9281,Restaurant,Mall_9281,Bengaluru,Electronic City,14.016747,79.397812,4.41,4.1
9282,Bus Stop,Park_9282,Bengaluru,HSR Layout,14.207402,74.309403,7.51,3.8
9283,College,Metro_9283,Bengaluru,Whitefield,14.924497,77.718441,4.23,5.0
9284,Airport,Mall_9284,Bengaluru,Indiranagar,16.498804,77.990967,8.13,5.0
9285,Airport,Park_9285,Mumbai,Thane,12.976684,72.351289,3.15,3.6
9286,Bus Stop,Bus Stop_9286,Hyderabad,Miyapur,17.089153,74.221424,7.67,4.6
9287,Metro,Mall_9287,Bengaluru,HSR Layout,12.283363,78.053929,1.58,4.9
9288,Metro,College_9288,Hyderabad,Kukatpally,17.328485,75.167822,5.96,4.4
9289,Park,Airport_9289,Bengaluru,Whitefield,17.591111,73.33181,6.84,4.2
9290,Restaurant,Airport_9290,Pune,Wakad,12.409773,78.966129,1.62,3.6
9291,Airport,Restaurant_9291,Mumbai,Andheri,14.342475,74.486302,2.7,3.5
9292,Park,Mall_9292,Hyderabad,Miyapur,17.412915,77.70721,3.15,3.1
9293,Mall,Bus Stop_9293,Bengaluru,Electronic City,15.966744,77.806247,0.46,3.1
9294,Mall,Airport_9294,Pune,Hinjewadi,15.462341,79.10227,10.0,3.2
9295,Mall,Park_9295,Mumbai,Thane,16.688284,79.859709,4.13,3.7
9296,Hospital,Mall_9296,Bengaluru,Indiranagar,15.379627,72.934089,8.52,4.8
9297,Mall,Metro_9297,Bengaluru,Whitefield,18.72567,77.569405,8.31,4.4
9298,Airport,Park_9298,Mumbai,Powai,15.17694,79.818957,6.18,4.6
9299,School,School_9299,Pune,Baner,18.901371,78.872975,4.51,3.2
9300,Metro,Park_9300,Bengaluru,HSR Layout,14.416482,78.184225,2.31,4.7
9301,Airport,Hospital_9301,Mumbai,Bandra,18.055924,73.045065,5.68,4.5
9302,Hospital,College_9302,Mumbai,Bandra,16.975169,77.495507,8.4,3.6
9303,Bus Stop,Mall_9303,Hyderabad,Banjara Hills,14.966121,75.639241,5.07,4.3
9304,Mall,Hospital_9304,Hyderabad,Kukatpally,12.83208,76.474384,2.1,3.7
9305,College,Bus Stop_9305,Mumbai,Bandra,18.227254,78.450325,9.96,4.8
9306,School,Restaurant_9306,Mumbai,Bandra,13.287374,73.266339,4.06,3.3
9307,Metro,School_9307,Hyderabad,Kondapur,14.356177,74.254634,8.31,4.3
9308,Restaurant,Hospital_9308,Mumbai,Andheri,18.108338,77.577792,5.26,4.5
9309,Bus Stop,School_9309,Bengaluru,Indiranagar,12.252051,73.971523,8.96,4.4
9310,Park,College_9310,Pune,Baner,14.587502,73.301634,6.08,4.3
9311,Metro,Park_9311,Hyderabad,Madhapur,12.867819,75.090882,2.39,3.5
9312,Metro,Hospital_9312,Mumbai,Thane,14.093756,75.19975,5.8,3.1
9313,Restaurant,School_9313,Chennai,Adyar,12.20877,78.29517,7.86,4.5
9314,School,College_9314,Bengaluru,Electronic City,13.375906,75.095111,1.35,3.2
9315,Mall,Airport_9315,Chennai,Velachery,12.71644,76.999116,8.61,3.6
9316,Mall,Airport_9316,Mumbai,Powai,15.064417,74.934076,7.83,4.0
9317,Hospital,Restaurant_9317,Hyderabad,Miyapur,17.754168,72.734591,3.38,4.6
9318,Bus Stop,School_9318,Mumbai,Thane,16.109894,78.45699,5.85,3.3
9319,Bus Stop,Park_9319,Pune,Wakad,16.464052,77.423276,6.03,3.7
9320,Metro,Hospital_9320,Pune,Hinjewadi,17.141123,77.618183,4.27,4.3
9321,School,Metro_9321,Chennai,Velachery,12.417543,73.491233,5.82,4.5
9322,Park,Park_9322,Chennai,Velachery,15.868072,75.505738,3.82,4.3
9323,Restaurant,Park_9323,Bengaluru,HSR Layout,17.920134,75.000869,5.04,3.0
9324,Park,Hospital_9324,Mumbai,Thane,14.680472,79.172995,1.3,4.1
9325,School,Mall_9325,Chennai,Adyar,12.072892,73.348549,9.57,4.4
9326,Metro,Restaurant_9326,Pune,Wakad,16.584353,76.892017,9.26,4.0
9327,College,Airport_9327,Bengaluru,Electronic City,12.859627,75.209819,4.86,3.3
9328,College,Metro_9328,Pune,Wakad,15.517681,76.303527,6.07,3.5
9329,College,Park_9329,Bengaluru,Electronic City,16.809451,76.63361,4.27,4.7
9330,Hospital,Metro_9330,Bengaluru,Whitefield,16.536645,79.679131,6.28,4.0
9331,Restaurant,Bus Stop_9331,Pune,Baner,18.894881,73.587262,4.64,3.2
9332,School,Bus Stop_9332,Mumbai,Powai,13.050408,73.762311,1.55,4.2
9333,Metro,Restaurant_9333,Mumbai,Thane,12.37447,73.657623,1.11,4.2
9334,Metro,Mall_9334,Hyderabad,Banjara Hills,14.002118,75.614634,5.28,4.8
9335,Hospital,Bus Stop_9335,Hyderabad,Banjara Hills,13.948197,74.652503,1.1,3.1
9336,Park,Mall_9336,Mumbai,Bandra,13.276959,74.075992,5.61,4.3
9337,School,Metro_9337,Mumbai,Powai,13.366791,72.664399,8.05,4.9
9338,Bus Stop,Airport_9338,Pune,Hinjewadi,15.503807,74.744412,8.25,4.6
9339,Airport,Airport_9339,Bengaluru,Electronic City,15.001176,73.727515,3.29,3.7
9340,Bus Stop,Bus Stop_9340,Bengaluru,Electronic City,15.870102,74.318626,0.33,4.1
9341,School,College_9341,Mumbai,Powai,14.462636,74.361878,0.85,4.4
9342,Restaurant,College_9342,Pune,Kharadi,18.7262,74.681488,8.26,4.0
9343,Restaurant,Mall_9343,Mumbai,Bandra,14.651356,75.376304,8.97,4.1
9344,Mall,School_9344,Mumbai,Powai,13.146237,74.587282,3.38,4.9
9345,Mall,Park_9345,Pune,Kharadi,14.603681,79.008132,8.42,3.4
9346,Metro,Restaurant_9346,Mumbai,Powai,13.508325,73.130637,6.42,3.6
9347,Airport,School_9347,Bengaluru,Whitefield,12.313838,79.936725,3.81,4.9
9348,Airport,Park_9348,Bengaluru,Whitefield,14.212343,79.50716,9.36,4.6
9349,College,School_9349,Chennai,OMR,15.105778,78.423306,1.65,4.3
9350,School,Restaurant_9350,Bengaluru,Whitefield,18.682393,76.635776,8.02,3.2
9351,Restaurant,Park_9351,Hyderabad,Kondapur,13.485157,72.106536,1.94,4.4
9352,Mall,College_9352,Mumbai,Thane,13.239602,72.078669,5.35,3.1
9353,Bus Stop,Hospital_9353,Bengaluru,HSR Layout,18.000242,77.538015,6.03,3.2
9354,College,Bus Stop_9354,Chennai,Velachery,14.012384,78.196659,6.75,4.8
9355,Metro,Airport_9355,Pune,Baner,15.235328,78.413935,8.94,3.3
9356,Mall,Park_9356,Mumbai,Bandra,16.093565,78.710236,5.17,3.6
9357,Bus Stop,College_9357,Mumbai,Thane,15.922007,76.605976,4.28,4.2
9358,School,Hospital_9358,Pune,Baner,13.385144,72.837391,9.26,3.7
9359,School,School_9359,Chennai,Adyar,17.890267,72.594166,7.73,4.0
9360,Hospital,Hospital_9360,Bengaluru,Whitefield,12.29761,73.130428,6.67,4.1
9361,Mall,Hospital_9361,Mumbai,Powai,14.03673,73.7251,7.35,3.3
9362,College,Bus Stop_9362,Bengaluru,Indiranagar,18.887273,78.782667,3.16,4.6
9363,Restaurant,Mall_9363,Bengaluru,Whitefield,17.825276,77.746472,4.51,4.5
9364,Bus Stop,School_9364,Pune,Kharadi,18.557641,78.231624,4.82,4.8
9365,School,Park_9365,Hyderabad,Kondapur,12.032224,73.788673,0.92,3.9
9366,Park,Hospital_9366,Mumbai,Andheri,13.848649,76.498947,3.75,5.0
9367,Park,Hospital_9367,Bengaluru,Whitefield,18.962455,78.04624,8.09,4.7
9368,Metro,Hospital_9368,Pune,Hinjewadi,12.031912,72.99135,2.62,3.1
9369,Metro,Mall_9369,Chennai,Adyar,16.637424,77.360436,9.98,4.3
9370,School,School_9370,Bengaluru,Whitefield,17.070034,73.084409,5.06,4.2
9371,Airport,Restaurant_9371,Mumbai,Andheri,12.209059,76.11297,1.87,4.9
9372,Bus Stop,Park_9372,Hyderabad,Jubilee Hills,16.947946,79.225051,6.84,4.9
9373,Park,School_9373,Chennai,OMR,18.198476,77.128078,7.0,4.2
9374,Hospital,Park_9374,Pune,Baner,13.257766,79.367139,1.51,4.1
9375,Bus Stop,Metro_9375,Chennai,Anna Nagar,13.228334,76.636397,2.81,4.2
9376,Metro,Mall_9376,Mumbai,Bandra,17.790637,78.277558,1.6,3.4
9377,Bus Stop,Airport_9377,Mumbai,Powai,17.042497,79.193478,1.98,3.7
9378,Bus Stop,Restaurant_9378,Bengaluru,Indiranagar,14.142279,74.965069,5.7,3.4
9379,Bus Stop,Airport_9379,Chennai,Velachery,18.238736,73.058258,9.93,4.7
9380,Hospital,Mall_9380,Bengaluru,Whitefield,17.018019,77.235106,4.52,4.6
9381,School,Restaurant_9381,Chennai,Anna Nagar,15.452802,73.321641,1.91,3.4
9382,Restaurant,Metro_9382,Bengaluru,HSR Layout,17.95508,79.248755,6.87,5.0
9383,Mall,Bus Stop_9383,Hyderabad,Kondapur,18.761606,73.587978,9.47,3.5
9384,Hospital,Hospital_9384,Bengaluru,HSR Layout,15.710482,75.6348,7.36,3.6
9385,Mall,Airport_9385,Hyderabad,Kukatpally,12.648649,74.600908,1.11,3.5
9386,Park,Metro_9386,Mumbai,Thane,16.236654,73.150685,2.93,4.0
9387,College,School_9387,Pune,Kharadi,15.68394,74.947155,0.35,3.1
9388,Restaurant,Hospital_9388,Mumbai,Powai,13.920171,79.27693,9.62,4.1
9389,Airport,Park_9389,Mumbai,Bandra,18.115515,73.327271,7.83,4.7
9390,Airport,Bus Stop_9390,Pune,Baner,16.241142,74.51273,7.48,4.0
9391,College,College_9391,Mumbai,Bandra,15.647083,79.732053,4.11,3.1
9392,Mall,Mall_9392,Hyderabad,Jubilee Hills,12.326398,74.604375,0.71,3.5
9393,Restaurant,Bus Stop_9393,Mumbai,Andheri,17.060135,73.930905,2.76,4.8
9394,School,Bus Stop_9394,Mumbai,Bandra,16.48259,76.172866,8.5,4.4
9395,Metro,Metro_9395,Mumbai,Powai,18.894413,73.713366,8.32,3.7
9396,College,Bus Stop_9396,Pune,Hinjewadi,16.721173,77.617134,9.5,4.3
9397,Hospital,Restaurant_9397,Bengaluru,Electronic City,15.608165,75.064469,6.78,4.1
9398,School,Bus Stop_9398,Bengaluru,Whitefield,18.041926,76.80693,6.03,4.6
9399,Restaurant,Airport_9399,Mumbai,Powai,17.125561,74.264764,1.83,3.4
9400,Airport,College_9400,Chennai,Adyar,15.59324,78.768654,2.32,4.6
9401,Metro,Airport_9401,Chennai,OMR,17.917897,78.959215,1.66,3.0
9402,Metro,School_9402,Hyderabad,Gachibowli,16.022616,76.569207,4.3,4.2
9403,Park,Metro_9403,Bengaluru,Electronic City,15.470901,78.998433,8.9,3.9
9404,Mall,Mall_9404,Mumbai,Thane,14.687059,73.488612,8.75,3.5
9405,Hospital,Airport_9405,Pune,Wakad,15.440457,74.05643,0.37,3.2
9406,College,School_9406,Chennai,Adyar,14.064235,76.105669,2.05,4.4
9407,Metro,Metro_9407,Bengaluru,Indiranagar,18.346138,76.843105,2.9,4.8
9408,Metro,Restaurant_9408,Bengaluru,Electronic City,17.210759,73.033921,9.58,3.4
9409,Airport,School_9409,Mumbai,Bandra,14.765763,77.932637,6.42,4.4
9410,Restaurant,Airport_9410,Pune,Kharadi,13.975722,79.864695,6.75,4.4
9411,Airport,Park_9411,Hyderabad,Miyapur,18.037691,79.26207,5.06,4.5
9412,School,School_9412,Chennai,Velachery,18.899473,73.103891,3.3,4.0
9413,Metro,College_9413,Chennai,Anna Nagar,14.632662,74.657056,1.25,4.9
9414,Metro,College_9414,Chennai,OMR,18.103101,78.738821,0.97,3.4
9415,Metro,Mall_9415,Hyderabad,Jubilee Hills,12.526944,74.97269,9.85,4.9
9416,Airport,Restaurant_9416,Mumbai,Bandra,14.021766,79.222686,2.98,5.0
9417,Metro,Bus Stop_9417,Pune,Kharadi,16.159774,77.373456,6.08,4.5
9418,Park,Metro_9418,Bengaluru,Electronic City,17.133732,75.67842,4.83,4.9
9419,Airport,Bus Stop_9419,Bengaluru,Indiranagar,13.773908,75.980787,5.54,3.5
9420,School,Airport_9420,Hyderabad,Madhapur,13.995976,75.633108,8.91,4.6
9421,Airport,School_9421,Chennai,Velachery,12.835589,72.029268,0.16,4.6
9422,Bus Stop,Mall_9422,Bengaluru,HSR Layout,18.135378,73.7025,5.86,4.2
9423,Hospital,Park_9423,Pune,Hinjewadi,13.399767,73.390923,6.78,4.4
9424,Bus Stop,Park_9424,Pune,Wakad,18.909991,76.832126,0.6,3.3
9425,Park,Park_9425,Hyderabad,Jubilee Hills,13.231463,76.181727,0.32,4.3
9426,Airport,College_9426,Hyderabad,Madhapur,15.418492,79.744524,5.89,4.2
9427,College,Airport_9427,Chennai,Anna Nagar,17.823683,74.766526,4.0,3.1
9428,Park,Mall_9428,Bengaluru,Electronic City,17.273398,77.664268,4.37,3.7
9429,Airport,Hospital_9429,Bengaluru,Indiranagar,17.635381,78.998312,9.52,4.4
9430,Bus Stop,Park_9430,Chennai,Adyar,14.120599,72.131343,2.44,3.4
9431,Mall,Bus Stop_9431,Mumbai,Andheri,17.845632,79.888986,0.38,4.1
9432,Hospital,Mall_9432,Mumbai,Powai,16.277536,72.654628,3.75,3.2
9433,Restaurant,Bus Stop_9433,Bengaluru,HSR Layout,12.280604,77.858395,1.74,4.7
9434,School,School_9434,Bengaluru,HSR Layout,15.900568,77.530948,6.03,3.5
9435,Airport,School_9435,Mumbai,Thane,15.148409,78.36641,1.44,3.3
9436,Restaurant,College_9436,Mumbai,Powai,15.206548,77.703553,6.22,3.4
9437,Park,Restaurant_9437,Hyderabad,Kukatpally,14.278687,75.447922,5.9,4.8
9438,Hospital,Metro_9438,Hyderabad,Kukatpally,12.819851,79.143278,4.78,3.5
9439,Metro,Hospital_9439,Chennai,Adyar,12.328733,72.246618,5.88,4.2
9440,College,Bus Stop_9440,Chennai,Anna Nagar,18.002506,72.180216,8.18,4.8
9441,School,Hospital_9441,Mumbai,Bandra,16.776704,74.696057,6.82,4.3
9442,Hospital,School_9442,Bengaluru,HSR Layout,14.018375,79.603636,6.23,4.5
9443,Airport,Hospital_9443,Pune,Kharadi,13.907335,74.377548,2.1,3.9
9444,College,School_9444,Mumbai,Thane,12.211701,72.582558,7.82,4.3
9445,Bus Stop,Restaurant_9445,Pune,Kharadi,16.884642,79.138533,1.74,3.0
9446,Park,Metro_9446,Bengaluru,Electronic City,14.242262,77.225933,6.07,3.4
9447,Park,Mall_9447,Bengaluru,Whitefield,16.685141,78.825439,0.47,4.1
9448,Hospital,Bus Stop_9448,Bengaluru,Electronic City,14.55062,74.675061,7.55,3.9
9449,School,Metro_9449,Pune,Kharadi,13.296672,73.213127,5.64,4.9
9450,Park,Bus Stop_9450,Hyderabad,Kukatpally,12.119214,76.633169,2.64,3.2
9451,Bus Stop,Hospital_9451,Hyderabad,Kukatpally,14.310973,72.631902,7.94,3.4
9452,Metro,Mall_9452,Hyderabad,Jubilee Hills,14.650765,74.005465,5.9,4.8
9453,Airport,Restaurant_9453,Mumbai,Thane,17.607536,72.675216,4.01,3.3
9454,School,College_9454,Hyderabad,Kukatpally,17.730936,75.99885,4.99,3.6
9455,Hospital,Restaurant_9455,Chennai,Adyar,17.781172,72.7991,2.28,4.1
9456,Bus Stop,Metro_9456,Hyderabad,Kondapur,12.97445,73.395768,0.86,3.2
9457,Airport,Park_9457,Pune,Baner,14.29681,72.985334,6.15,3.6
9458,Metro,Mall_9458,Chennai,Velachery,18.969319,79.699565,6.62,4.3
9459,Airport,Park_9459,Mumbai,Thane,16.93501,72.477311,4.24,4.6
9460,Hospital,Restaurant_9460,Pune,Hinjewadi,14.709682,77.88717,4.61,3.7
9461,Bus Stop,Airport_9461,Pune,Wakad,17.179324,72.521966,9.15,3.5
9462,Bus Stop,Bus Stop_9462,Chennai,Adyar,16.907815,78.408016,9.23,4.4
9463,Restaurant,Airport_9463,Chennai,Adyar,14.108728,79.878563,1.33,4.6
9464,Mall,School_9464,Mumbai,Bandra,14.166188,72.510334,2.5,5.0
9465,School,Restaurant_9465,Mumbai,Thane,12.703667,73.86544,1.26,3.3
9466,College,Park_9466,Pune,Kharadi,17.523822,78.105792,8.7,3.2
9467,College,Hospital_9467,Mumbai,Powai,13.117173,73.314845,5.47,4.6
9468,Park,Park_9468,Bengaluru,Electronic City,15.928789,77.348315,0.67,3.9
9469,School,College_9469,Chennai,Anna Nagar,14.887324,75.051676,3.59,3.7
9470,Hospital,College_9470,Hyderabad,Kondapur,13.427395,77.050351,1.7,3.8
9471,Airport,Restaurant_9471,Bengaluru,Whitefield,12.66597,76.853144,6.67,3.8
9472,Restaurant,Park_9472,Hyderabad,Kukatpally,18.620337,75.80576,9.38,4.4
9473,School,Mall_9473,Pune,Baner,15.082833,78.990386,0.79,4.5
9474,Mall,School_9474,Mumbai,Powai,14.211993,77.45471,8.79,3.2
9475,Park,School_9475,Bengaluru,Electronic City,18.986492,78.404232,1.09,3.6
9476,Bus Stop,Hospital_9476,Bengaluru,Electronic City,14.123589,75.376298,9.44,3.8
9477,Mall,Hospital_9477,Hyderabad,Miyapur,12.158973,79.43984,5.67,4.9
9478,Mall,Airport_9478,Bengaluru,Whitefield,15.651303,75.529851,9.52,5.0
9479,Park,Restaurant_9479,Pune,Hinjewadi,18.559064,79.473753,6.26,4.5
9480,Metro,Restaurant_9480,Mumbai,Thane,15.195925,79.041386,4.65,4.1
9481,Bus Stop,Mall_9481,Bengaluru,Whitefield,16.480974,78.721928,3.05,5.0
9482,Park,College_9482,Hyderabad,Banjara Hills,16.545199,73.146154,8.03,4.3
9483,Metro,College_9483,Chennai,OMR,15.708729,74.414524,5.68,3.7
9484,School,Park_9484,Bengaluru,HSR Layout,16.115618,77.184425,6.0,4.5
9485,College,Hospital_9485,Mumbai,Powai,13.525052,74.097923,5.9,3.7
9486,Hospital,School_9486,Bengaluru,Whitefield,12.523884,73.682441,4.77,3.1
9487,Park,College_9487,Bengaluru,Whitefield,15.808806,72.1961,5.05,4.6
9488,Restaurant,Airport_9488,Pune,Baner,14.503971,76.649996,2.13,3.1
9489,Metro,School_9489,Bengaluru,Whitefield,15.949549,78.161452,8.3,4.5
9490,Bus Stop,Airport_9490,Bengaluru,HSR Layout,16.014791,79.984098,9.1,3.5
9491,Mall,Mall_9491,Bengaluru,HSR Layout,14.357303,77.135495,6.41,4.1
9492,Airport,Restaurant_9492,Bengaluru,HSR Layout,15.082204,78.397062,5.69,3.3
9493,Mall,Metro_9493,Mumbai,Thane,18.521789,76.805909,2.51,3.0
9494,Mall,Mall_9494,Hyderabad,Kukatpally,17.95504,76.531767,3.85,4.2
9495,Metro,Hospital_9495,Chennai,Anna Nagar,12.918507,72.512805,2.78,4.0
9496,Park,Airport_9496,Bengaluru,HSR Layout,17.58808,73.825264,5.27,4.8
9497,School,College_9497,Hyderabad,Madhapur,13.774324,77.050668,3.46,4.6
9498,Bus Stop,Airport_9498,Pune,Wakad,16.901034,74.206052,7.35,4.9
9499,Metro,Bus Stop_9499,Hyderabad,Kukatpally,18.201676,79.491953,8.31,4.8
9500,School,College_9500,Pune,Hinjewadi,14.461404,74.214521,2.63,4.1
9501,Park,College_9501,Pune,Baner,15.242518,75.587773,0.35,4.4
9502,Bus Stop,Metro_9502,Chennai,Anna Nagar,18.634621,74.991032,4.57,3.1
9503,Hospital,Park_9503,Hyderabad,Kondapur,14.35315,79.539691,0.14,4.1
9504,School,Metro_9504,Bengaluru,Electronic City,17.251755,74.970077,7.57,3.2
9505,Airport,School_9505,Mumbai,Bandra,16.615704,79.049924,2.59,4.7
9506,Bus Stop,Park_9506,Chennai,Anna Nagar,15.126456,76.960753,3.34,4.1
9507,College,College_9507,Bengaluru,Electronic City,15.647504,76.029166,9.38,3.2
9508,College,Metro_9508,Bengaluru,Indiranagar,18.224863,75.866718,7.51,4.3
9509,Airport,Mall_9509,Bengaluru,Indiranagar,15.453225,77.293347,3.44,4.6
9510,Park,Mall_9510,Chennai,Anna Nagar,12.352963,73.935331,7.47,3.7
9511,Bus Stop,Park_9511,Bengaluru,Indiranagar,16.453859,78.323122,8.27,4.9
9512,Mall,Restaurant_9512,Chennai,Adyar,18.384222,72.820078,1.73,4.4
9513,Hospital,Bus Stop_9513,Hyderabad,Miyapur,18.923599,74.659338,4.78,3.3
9514,Hospital,Park_9514,Mumbai,Thane,18.295207,79.129886,1.3,3.5
9515,Park,College_9515,Pune,Baner,15.342184,76.416289,4.69,4.1
9516,School,College_9516,Chennai,Anna Nagar,14.468082,74.894193,9.42,4.3
9517,School,Mall_9517,Chennai,Adyar,17.045877,76.391638,4.32,3.3
9518,Metro,Hospital_9518,Hyderabad,Madhapur,12.645117,72.560131,4.66,3.7
9519,College,Mall_9519,Mumbai,Bandra,13.168407,73.106291,1.17,4.1
9520,School,Airport_9520,Mumbai,Andheri,13.058675,75.842241,3.74,5.0
9521,Mall,Mall_9521,Pune,Kharadi,17.899813,72.881614,1.52,3.7
9522,Metro,Bus Stop_9522,Bengaluru,Indiranagar,16.684587,75.861682,3.03,4.9
9523,Metro,Metro_9523,Bengaluru,Indiranagar,17.248227,79.939806,8.42,4.7
9524,Restaurant,Metro_9524,Bengaluru,Whitefield,18.089874,73.529942,7.3,3.0
9525,Park,School_9525,Bengaluru,Electronic City,18.737445,76.034722,8.09,4.4
9526,Restaurant,Park_9526,Pune,Kharadi,17.710266,75.848906,0.46,4.5
9527,Mall,Metro_9527,Mumbai,Bandra,12.154011,74.893287,9.42,4.3
9528,Bus Stop,Park_9528,Chennai,Anna Nagar,15.217823,77.751701,5.95,4.6
9529,Bus Stop,College_9529,Mumbai,Andheri,13.481623,77.675211,3.01,4.6
9530,School,Hospital_9530,Pune,Baner,18.251951,77.457205,2.41,4.0
9531,Metro,Hospital_9531,Hyderabad,Kukatpally,17.868681,75.915067,9.68,4.2
9532,Restaurant,School_9532,Hyderabad,Miyapur,13.284761,74.846084,5.84,4.1
9533,Airport,College_9533,Bengaluru,Indiranagar,16.090293,72.51204,4.15,3.3
9534,Mall,Bus Stop_9534,Bengaluru,HSR Layout,16.901657,78.979448,1.19,3.9
9535,Park,Airport_9535,Pune,Wakad,15.007202,73.313786,9.72,4.3
9536,Park,Airport_9536,Hyderabad,Jubilee Hills,13.234097,72.839621,0.1,3.3
9537,Hospital,Hospital_9537,Hyderabad,Miyapur,15.816785,75.827312,6.38,3.4
9538,Park,College_9538,Mumbai,Thane,17.850367,78.790807,6.34,4.9
9539,Hospital,Metro_9539,Hyderabad,Miyapur,13.129006,77.738944,9.6,5.0
9540,Bus Stop,Hospital_9540,Chennai,Anna Nagar,15.391641,75.767009,2.98,3.2
9541,Bus Stop,Bus Stop_9541,Chennai,Velachery,16.755134,79.32563,9.66,4.5
9542,Airport,Mall_9542,Pune,Baner,15.90568,73.959907,5.57,3.2
9543,Mall,School_9543,Bengaluru,HSR Layout,14.109752,72.092311,8.7,5.0
9544,Metro,Park_9544,Pune,Kharadi,18.585774,76.270856,8.86,3.2
9545,Metro,Restaurant_9545,Bengaluru,Indiranagar,17.315844,76.355563,6.11,3.4
9546,School,Park_9546,Bengaluru,HSR Layout,17.55787,79.003348,2.07,4.7
9547,Airport,Park_9547,Bengaluru,Whitefield,17.217316,75.834917,6.73,4.5
9548,College,Hospital_9548,Mumbai,Thane,17.666104,77.115649,1.26,4.3
9549,School,Bus Stop_9549,Chennai,OMR,18.123541,79.886291,7.8,3.0
9550,Mall,College_9550,Chennai,Adyar,13.418263,78.64691,2.69,4.2
9551,Bus Stop,Hospital_9551,Chennai,Anna Nagar,13.402353,78.718994,1.83,3.5
9552,Airport,Restaurant_9552,Bengaluru,HSR Layout,12.376088,76.90934,1.76,4.8
9553,Park,College_9553,Bengaluru,Whitefield,15.508109,79.023025,6.48,3.7
9554,College,College_9554,Mumbai,Bandra,12.467689,78.808715,9.23,4.7
9555,Airport,Park_9555,Bengaluru,Indiranagar,14.258839,77.79256,3.91,3.4
9556,School,Bus Stop_9556,Bengaluru,Electronic City,14.299421,72.914509,5.64,4.7
9557,Hospital,Restaurant_9557,Mumbai,Powai,17.173706,73.616861,4.75,3.4
9558,Hospital,College_9558,Hyderabad,Jubilee Hills,16.981651,75.665491,9.19,3.5
9559,Metro,Hospital_9559,Mumbai,Powai,15.732137,75.319142,5.66,3.4
9560,Park,Metro_9560,Chennai,OMR,13.609814,78.849658,1.99,4.0
9561,Restaurant,Hospital_9561,Chennai,OMR,16.807454,77.656256,2.59,4.0
9562,Restaurant,School_9562,Bengaluru,Electronic City,16.65643,73.433659,8.42,4.0
9563,Park,College_9563,Chennai,Velachery,15.410192,73.627223,2.71,3.0
9564,Metro,College_9564,Bengaluru,Electronic City,17.987853,79.017403,4.57,3.2
9565,Mall,Mall_9565,Mumbai,Bandra,16.627374,75.143844,6.91,3.9
9566,School,Bus Stop_9566,Pune,Wakad,12.117457,79.594609,3.59,3.6
9567,College,Mall_9567,Bengaluru,HSR Layout,14.873334,74.364769,8.34,3.9
9568,Hospital,Restaurant_9568,Bengaluru,Whitefield,16.482227,79.56534,1.57,3.5
9569,School,Restaurant_9569,Bengaluru,Indiranagar,12.649501,76.08929,0.51,3.3
9570,College,School_9570,Pune,Baner,18.07481,73.786558,8.82,3.3
9571,College,College_9571,Chennai,Velachery,14.458259,77.246881,8.99,4.1
9572,Airport,Airport_9572,Pune,Baner,14.531449,76.392486,9.96,4.4
9573,Park,Airport_9573,Chennai,Adyar,14.363861,78.357727,7.92,4.9
9574,Airport,Restaurant_9574,Bengaluru,Electronic City,17.879021,72.18657,6.78,3.1
9575,School,Metro_9575,Hyderabad,Madhapur,16.038108,75.434387,1.15,3.4
9576,School,School_9576,Bengaluru,Indiranagar,15.907812,72.049927,7.63,4.9
9577,Bus Stop,Metro_9577,Chennai,Anna Nagar,12.430289,73.362814,0.75,4.1
9578,Restaurant,College_9578,Pune,Hinjewadi,13.021115,74.385176,1.68,3.6
9579,Restaurant,Airport_9579,Mumbai,Thane,18.666314,74.049687,1.05,4.6
9580,Hospital,Metro_9580,Mumbai,Bandra,18.658311,76.863868,4.4,4.1
9581,Bus Stop,Bus Stop_9581,Chennai,Velachery,15.833177,74.641394,9.29,4.1
9582,Bus Stop,Mall_9582,Bengaluru,Whitefield,12.889897,77.1105,5.24,4.6
9583,Park,College_9583,Hyderabad,Jubilee Hills,16.197007,74.165588,7.97,4.5
9584,College,Park_9584,Bengaluru,Electronic City,12.685691,79.900867,4.69,5.0
9585,Airport,Park_9585,Chennai,Velachery,14.496227,75.580856,8.78,4.4
9586,Bus Stop,Restaurant_9586,Bengaluru,Electronic City,16.245075,74.789253,6.66,4.9
9587,School,Bus Stop_9587,Pune,Kharadi,16.420951,79.451378,9.91,4.6
9588,College,Hospital_9588,Pune,Kharadi,16.530099,72.985172,3.39,3.3
9589,Restaurant,School_9589,Hyderabad,Jubilee Hills,12.441082,74.438804,4.2,4.6
9590,Mall,School_9590,Hyderabad,Kondapur,16.776033,72.528094,0.11,4.0
9591,Mall,College_9591,Hyderabad,Kondapur,15.64019,79.070691,0.84,4.1
9592,Airport,School_9592,Hyderabad,Kukatpally,18.859246,77.426756,6.53,5.0
9593,Bus Stop,Restaurant_9593,Hyderabad,Banjara Hills,16.577351,72.698401,3.69,4.3
9594,Metro,Mall_9594,Chennai,Anna Nagar,13.299265,73.051263,2.11,4.2
9595,Airport,College_9595,Chennai,OMR,16.163552,77.638929,2.47,4.4
9596,Airport,School_9596,Bengaluru,HSR Layout,15.488565,77.376018,3.93,3.1
9597,Bus Stop,Park_9597,Pune,Baner,17.520153,77.082321,4.13,4.9
9598,Metro,Hospital_9598,Mumbai,Powai,12.553417,78.11694,3.07,3.4
9599,Bus Stop,Park_9599,Mumbai,Bandra,17.134016,73.914245,9.61,4.7
9600,Park,Bus Stop_9600,Bengaluru,Indiranagar,15.605066,79.206472,1.53,3.3
9601,Airport,School_9601,Hyderabad,Kukatpally,12.146436,73.425844,2.65,4.6
9602,College,College_9602,Hyderabad,Kondapur,18.75732,72.018264,7.78,4.4
9603,Restaurant,Bus Stop_9603,Chennai,Adyar,12.722372,72.352532,5.35,4.3
9604,School,Mall_9604,Hyderabad,Kondapur,13.597784,72.794137,9.91,4.4
9605,Mall,School_9605,Pune,Baner,13.954659,79.38564,8.39,4.4
9606,Airport,Restaurant_9606,Hyderabad,Miyapur,17.502303,75.442351,3.07,3.1
9607,Restaurant,Bus Stop_9607,Pune,Baner,16.849449,76.317457,2.4,4.1
9608,Bus Stop,Restaurant_9608,Pune,Baner,13.285239,78.617809,7.09,3.4
9609,Metro,Airport_9609,Hyderabad,Kondapur,12.572374,72.99137,2.97,3.3
9610,Airport,School_9610,Bengaluru,Indiranagar,18.195983,72.015488,5.81,3.9
9611,Hospital,Park_9611,Bengaluru,HSR Layout,17.871412,76.188276,8.82,3.3
9612,Metro,School_9612,Mumbai,Bandra,16.321548,79.10814,7.14,4.0
9613,Restaurant,Mall_9613,Pune,Baner,12.280164,77.12211,9.31,3.7
9614,Metro,College_9614,Hyderabad,Madhapur,13.868668,74.873109,8.12,4.3
9615,Metro,Metro_9615,Chennai,Adyar,18.640164,77.603112,3.61,3.1
9616,College,Hospital_9616,Bengaluru,Electronic City,12.387541,77.041067,8.63,3.7
9617,Mall,Park_9617,Hyderabad,Jubilee Hills,15.032578,79.595871,8.95,3.2
9618,Restaurant,Mall_9618,Chennai,OMR,17.016567,79.678797,2.78,3.4
9619,Metro,Restaurant_9619,Bengaluru,Electronic City,16.59701,73.030526,1.95,4.9
9620,Bus Stop,Metro_9620,Chennai,Anna Nagar,12.563585,73.645185,1.23,4.0
9621,Airport,School_9621,Mumbai,Bandra,17.615571,75.544958,6.81,3.2
9622,Park,School_9622,Chennai,Adyar,12.387938,72.862801,6.54,3.6
9623,Bus Stop,Airport_9623,Pune,Kharadi,17.465321,77.339268,7.24,3.0
9624,Airport,Hospital_9624,Hyderabad,Miyapur,12.731974,77.117865,5.28,3.6
9625,Mall,Airport_9625,Mumbai,Powai,13.775041,74.922145,6.66,4.9
9626,Airport,Bus Stop_9626,Chennai,Velachery,15.287721,78.155737,9.09,4.9
9627,Restaurant,Bus Stop_9627,Mumbai,Andheri,15.785307,78.929274,3.76,4.1
9628,Airport,Mall_9628,Bengaluru,HSR Layout,12.506997,74.036953,6.32,4.5
9629,Bus Stop,Hospital_9629,Hyderabad,Kondapur,12.22744,79.705655,2.5,3.6
9630,Metro,Restaurant_9630,Bengaluru,Whitefield,17.47887,72.382805,4.62,3.1
9631,Restaurant,Airport_9631,Pune,Wakad,16.21052,76.84741,4.13,3.6
9632,Metro,Airport_9632,Chennai,Velachery,15.582572,78.292935,2.83,3.9
9633,Restaurant,College_9633,Pune,Wakad,16.311521,78.635484,5.87,3.2
9634,Restaurant,Mall_9634,Pune,Hinjewadi,17.637091,79.127645,5.53,3.6
9635,Hospital,College_9635,Hyderabad,Kondapur,18.480301,78.666785,5.21,3.0
9636,Park,College_9636,Bengaluru,Electronic City,15.921562,78.034291,2.36,3.8
9637,Bus Stop,Park_9637,Mumbai,Thane,12.131752,75.895574,1.62,4.2
9638,School,Park_9638,Hyderabad,Banjara Hills,16.899233,77.566554,9.59,3.5
9639,Mall,Bus Stop_9639,Hyderabad,Jubilee Hills,16.414625,75.06935,4.99,4.4
9640,College,Metro_9640,Hyderabad,Banjara Hills,16.391039,75.171145,2.65,5.0
9641,Mall,Bus Stop_9641,Mumbai,Bandra,14.270055,74.022189,6.06,3.3
9642,Airport,Restaurant_9642,Mumbai,Andheri,12.117834,79.693995,7.19,4.5
9643,Airport,Park_9643,Mumbai,Thane,13.628669,78.422737,4.92,3.2
9644,Restaurant,Park_9644,Mumbai,Thane,14.252605,79.091077,4.12,3.1
9645,Restaurant,Mall_9645,Bengaluru,Electronic City,18.339667,78.23105,4.47,3.7
9646,Hospital,Airport_9646,Chennai,Velachery,18.024056,78.161151,1.96,3.5
9647,Bus Stop,Metro_9647,Mumbai,Bandra,15.334944,77.007444,0.14,3.9
9648,Bus Stop,Mall_9648,Pune,Baner,17.870923,74.722861,0.8,3.4
9649,College,Metro_9649,Mumbai,Bandra,12.810997,73.222416,3.75,3.9
9650,Park,Hospital_9650,Mumbai,Bandra,12.140346,79.181789,8.5,4.6
9651,Mall,Park_9651,Pune,Kharadi,17.297077,73.653475,9.07,3.9
9652,School,Metro_9652,Bengaluru,HSR Layout,12.524612,75.231774,9.88,4.5
9653,College,Hospital_9653,Bengaluru,Whitefield,18.284699,78.522646,6.02,5.0
9654,Airport,Metro_9654,Bengaluru,Indiranagar,17.069259,75.788669,4.27,4.2
9655,School,Restaurant_9655,Bengaluru,Indiranagar,12.266159,76.721783,1.17,4.4
9656,College,School_9656,Chennai,Adyar,12.712623,73.691517,2.75,3.6
9657,Restaurant,Airport_9657,Chennai,Anna Nagar,15.253937,78.501583,5.07,3.7
9658,Hospital,College_9658,Pune,Kharadi,15.25639,76.60918,9.15,4.8
9659,Airport,Park_9659,Chennai,Adyar,15.761406,73.603895,1.53,3.3
9660,Restaurant,School_9660,Pune,Kharadi,16.424723,75.998113,2.02,3.9
9661,Hospital,Park_9661,Pune,Kharadi,13.927246,75.506701,6.5,3.1
9662,Hospital,Airport_9662,Bengaluru,Indiranagar,16.96114,78.920332,6.69,3.2
9663,Park,Airport_9663,Hyderabad,Madhapur,16.388399,75.580993,1.55,4.1
9664,Mall,Hospital_9664,Chennai,OMR,15.663268,78.03976,2.6,4.2
9665,School,Hospital_9665,Hyderabad,Banjara Hills,12.178974,72.591383,3.11,3.8
9666,Hospital,School_9666,Hyderabad,Banjara Hills,17.218976,77.927575,9.05,4.3
9667,Mall,Hospital_9667,Mumbai,Andheri,13.562861,72.463763,0.96,3.3
9668,Bus Stop,Bus Stop_9668,Hyderabad,Kukatpally,18.483701,76.825911,8.21,3.0
9669,Hospital,School_9669,Mumbai,Thane,15.690678,78.199765,1.34,3.9
9670,Metro,College_9670,Chennai,Velachery,17.669355,79.882906,3.96,3.5
9671,Metro,Airport_9671,Bengaluru,Electronic City,13.29857,78.123153,4.39,4.2
9672,Restaurant,Mall_9672,Mumbai,Bandra,18.176972,79.889404,5.63,3.7
9673,College,School_9673,Pune,Wakad,18.462003,72.924481,2.43,3.3
9674,Mall,Hospital_9674,Bengaluru,Whitefield,15.272835,77.356525,8.84,4.1
9675,Hospital,Airport_9675,Hyderabad,Gachibowli,15.401367,78.215134,9.91,3.7
9676,Hospital,College_9676,Bengaluru,Whitefield,18.465723,75.248249,7.54,4.7
9677,School,Hospital_9677,Chennai,Velachery,12.6463,78.244216,6.89,3.8
9678,Hospital,Metro_9678,Hyderabad,Gachibowli,17.83025,73.525704,3.43,3.4
9679,Hospital,Park_9679,Mumbai,Bandra,15.114788,73.092847,9.53,4.3
9680,College,Bus Stop_9680,Chennai,Anna Nagar,16.331068,78.178073,5.64,4.2
9681,Hospital,Airport_9681,Chennai,Anna Nagar,14.052341,74.129244,2.53,4.3
9682,Airport,Park_9682,Chennai,Adyar,13.841238,78.823547,7.22,3.4
9683,Metro,Mall_9683,Pune,Baner,12.876159,73.19348,0.15,3.2
9684,Metro,Airport_9684,Bengaluru,Indiranagar,18.295633,76.48106,2.16,4.8
9685,Park,Bus Stop_9685,Hyderabad,Kukatpally,18.98562,72.651412,1.2,3.7
9686,Restaurant,Restaurant_9686,Hyderabad,Madhapur,15.155107,73.616545,4.01,4.6
9687,Park,Bus Stop_9687,Hyderabad,Gachibowli,18.165969,74.156053,7.83,3.8
9688,Mall,Restaurant_9688,Chennai,Velachery,13.511363,76.994029,3.85,3.8
9689,Bus Stop,Restaurant_9689,Pune,Baner,12.423114,77.743399,1.34,3.2
9690,School,Metro_9690,Bengaluru,Electronic City,17.288982,74.517269,5.35,3.6
9691,Hospital,Mall_9691,Hyderabad,Kondapur,14.634189,73.074769,6.75,3.8
9692,Airport,Restaurant_9692,Chennai,Adyar,12.499226,77.341061,1.98,3.7
9693,Bus Stop,Hospital_9693,Pune,Wakad,12.41367,72.800616,1.36,3.9
9694,Park,Bus Stop_9694,Mumbai,Powai,15.893343,72.021124,2.71,3.9
9695,Park,Hospital_9695,Mumbai,Andheri,17.15946,73.996236,4.78,4.8
9696,Mall,Park_9696,Mumbai,Thane,18.377861,74.707779,0.92,3.9
9697,Bus Stop,Bus Stop_9697,Chennai,Adyar,16.012112,74.893606,2.87,3.1
9698,School,College_9698,Mumbai,Bandra,14.751402,73.789559,6.48,4.4
9699,Park,Metro_9699,Bengaluru,HSR Layout,13.398214,79.786374,4.85,3.2
9700,Park,Metro_9700,Pune,Hinjewadi,18.313759,78.981319,8.87,4.3
9701,Mall,School_9701,Pune,Hinjewadi,18.422008,79.137605,6.4,4.3
9702,Mall,Hospital_9702,Pune,Kharadi,14.407002,72.546852,5.66,4.5
9703,College,Park_9703,Hyderabad,Kondapur,17.65814,75.889267,6.81,4.7
9704,Hospital,Metro_9704,Hyderabad,Madhapur,17.766371,72.211283,3.19,4.0
9705,Hospital,College_9705,Pune,Wakad,13.589621,74.789726,2.13,4.1
9706,Bus Stop,Bus Stop_9706,Chennai,Velachery,12.828693,79.267165,2.22,4.0
9707,Park,Hospital_9707,Mumbai,Powai,12.470237,75.939687,4.28,4.5
9708,College,College_9708,Chennai,OMR,14.859237,75.586476,6.99,4.9
9709,School,Bus Stop_9709,Bengaluru,Whitefield,13.773074,78.159804,5.8,3.1
9710,Restaurant,Hospital_9710,Bengaluru,HSR Layout,15.067496,76.606314,2.51,4.4
9711,Hospital,Bus Stop_9711,Hyderabad,Kondapur,15.766581,77.310155,8.85,3.2
9712,School,Mall_9712,Mumbai,Andheri,16.720458,74.761029,5.61,3.8
9713,Bus Stop,Restaurant_9713,Bengaluru,Indiranagar,16.477874,75.200254,1.25,4.5
9714,College,College_9714,Pune,Kharadi,16.171533,79.845605,8.51,4.6
9715,Park,Airport_9715,Mumbai,Thane,16.402994,77.649964,1.74,3.3
9716,Airport,Restaurant_9716,Bengaluru,HSR Layout,18.457016,72.847393,0.65,3.4
9717,Airport,School_9717,Bengaluru,Electronic City,17.826447,79.212746,5.75,3.2
9718,Park,School_9718,Mumbai,Andheri,18.394302,77.466749,6.66,3.7
9719,Mall,College_9719,Pune,Baner,13.386684,75.052558,4.84,3.6
9720,Park,School_9720,Mumbai,Powai,12.502895,75.474093,9.27,4.4
9721,Airport,Airport_9721,Chennai,Adyar,14.647666,72.940189,9.55,3.4
9722,Mall,School_9722,Bengaluru,Electronic City,15.055905,76.777139,9.7,3.9
9723,College,Hospital_9723,Mumbai,Andheri,16.159016,79.087365,8.18,3.1
9724,Restaurant,College_9724,Bengaluru,HSR Layout,14.507128,73.710443,4.67,3.9
9725,Mall,Airport_9725,Mumbai,Bandra,17.622155,73.453067,2.05,3.3
9726,Restaurant,Mall_9726,Mumbai,Andheri,17.403119,77.287898,2.51,3.6
9727,Restaurant,Park_9727,Bengaluru,Indiranagar,16.073929,73.118689,1.46,3.7
9728,Mall,Park_9728,Hyderabad,Gachibowli,15.378963,77.047325,6.75,4.3
9729,Bus Stop,Bus Stop_9729,Chennai,OMR,15.693843,79.539069,4.48,4.4
9730,Airport,School_9730,Hyderabad,Gachibowli,15.911314,75.458921,5.84,3.1
9731,Airport,School_9731,Bengaluru,Indiranagar,14.703066,73.151788,3.21,4.6
9732,Park,Hospital_9732,Chennai,Anna Nagar,17.232911,78.438956,7.36,4.7
9733,Bus Stop,Mall_9733,Pune,Hinjewadi,16.953091,76.563468,4.44,3.2
9734,College,Hospital_9734,Mumbai,Thane,17.307325,75.746101,0.49,3.3
9735,School,School_9735,Hyderabad,Banjara Hills,13.622659,75.050832,6.08,4.5
9736,Airport,School_9736,Hyderabad,Madhapur,18.35462,73.548001,2.34,3.9
9737,College,Park_9737,Bengaluru,Electronic City,12.300633,79.218543,2.18,3.2
9738,Restaurant,Restaurant_9738,Mumbai,Thane,14.894342,74.348631,1.82,4.0
9739,Mall,Hospital_9739,Chennai,Velachery,18.584785,79.022421,5.67,3.3
9740,Bus Stop,Restaurant_9740,Mumbai,Powai,15.825964,75.3606,8.85,4.7
9741,Hospital,Restaurant_9741,Pune,Hinjewadi,15.585908,77.540458,9.59,3.4
9742,Restaurant,Park_9742,Pune,Hinjewadi,12.262769,78.805734,5.07,3.2
9743,Park,Mall_9743,Bengaluru,HSR Layout,12.019176,74.635775,8.89,3.3
9744,School,Mall_9744,Hyderabad,Banjara Hills,17.652791,78.416663,5.33,4.0
9745,Metro,Airport_9745,Bengaluru,Indiranagar,12.971887,72.784912,6.4,3.8
9746,Park,Park_9746,Bengaluru,HSR Layout,16.074458,76.251001,3.66,3.9
9747,Metro,School_9747,Bengaluru,Electronic City,17.461467,76.341687,1.08,4.4
9748,Restaurant,School_9748,Chennai,Adyar,16.87221,79.955924,3.61,3.9
9749,Metro,Airport_9749,Mumbai,Powai,14.632054,76.205991,7.83,4.9
9750,Park,Mall_9750,Hyderabad,Banjara Hills,13.991824,74.257868,2.1,4.2
9751,Park,Park_9751,Mumbai,Powai,13.928709,73.481974,1.83,4.8
9752,Bus Stop,Park_9752,Bengaluru,HSR Layout,12.640434,77.303691,5.51,4.1
9753,Airport,Bus Stop_9753,Chennai,Velachery,18.272917,73.196825,3.14,3.1
9754,Park,College_9754,Mumbai,Andheri,17.82946,74.82587,3.76,4.4
9755,Airport,Metro_9755,Hyderabad,Banjara Hills,14.126282,79.933792,4.16,3.9
9756,Bus Stop,Mall_9756,Hyderabad,Banjara Hills,14.955671,78.760373,1.33,3.4
9757,College,Mall_9757,Pune,Wakad,13.358802,75.593456,4.36,4.9
9758,Airport,College_9758,Bengaluru,Electronic City,12.776377,78.800288,5.75,4.3
9759,School,Hospital_9759,Mumbai,Andheri,16.591205,77.680594,0.38,3.4
9760,Park,Mall_9760,Pune,Baner,16.703303,77.184677,6.27,3.6
9761,Metro,Mall_9761,Pune,Hinjewadi,17.823347,76.825728,9.6,4.8
9762,School,Mall_9762,Chennai,Adyar,12.896215,73.721843,6.18,4.1
9763,Park,College_9763,Mumbai,Bandra,17.991147,76.757703,3.47,3.2
9764,School,Airport_9764,Hyderabad,Banjara Hills,17.647724,75.110672,9.57,3.5
9765,College,Park_9765,Chennai,Velachery,18.671549,76.823807,4.42,3.5
9766,College,Hospital_9766,Pune,Baner,14.608597,79.377522,7.64,4.5
9767,School,Park_9767,Mumbai,Powai,14.719142,72.115176,1.39,4.4
9768,Airport,Bus Stop_9768,Chennai,Velachery,13.693661,74.62855,2.47,4.7
9769,Hospital,Metro_9769,Mumbai,Thane,12.544991,75.124546,6.4,3.8
9770,Hospital,Bus Stop_9770,Pune,Hinjewadi,18.538163,74.080037,3.52,4.3
9771,School,Hospital_9771,Bengaluru,Indiranagar,16.184344,72.666276,5.53,4.5
9772,Hospital,Airport_9772,Hyderabad,Madhapur,15.821612,74.015733,5.85,4.6
9773,Restaurant,College_9773,Chennai,Anna Nagar,17.917764,77.534639,9.87,3.3
9774,Airport,Mall_9774,Hyderabad,Miyapur,13.236862,72.100393,7.09,3.1
9775,Airport,Park_9775,Hyderabad,Madhapur,12.588578,75.536328,9.29,3.2
9776,Airport,College_9776,Bengaluru,HSR Layout,14.911983,74.062441,8.33,4.6
9777,Hospital,Bus Stop_9777,Mumbai,Thane,17.754362,79.853913,5.07,3.9
9778,College,School_9778,Bengaluru,Whitefield,18.711656,76.106551,2.37,3.2
9779,Hospital,School_9779,Mumbai,Thane,17.550266,73.48273,0.64,3.4
9780,School,Hospital_9780,Mumbai,Thane,12.875632,74.961783,8.64,4.2
9781,College,Metro_9781,Bengaluru,Indiranagar,13.73847,78.853592,3.97,3.3
9782,Mall,Bus Stop_9782,Chennai,Velachery,18.126235,73.474599,8.27,4.3
9783,Airport,Mall_9783,Mumbai,Powai,18.555734,79.77274,2.45,3.8
9784,Metro,Metro_9784,Bengaluru,Indiranagar,15.994734,73.422479,4.84,4.2
9785,Restaurant,Restaurant_9785,Bengaluru,Whitefield,18.811195,75.211762,2.47,4.4
9786,Restaurant,College_9786,Mumbai,Andheri,15.272235,72.077483,1.46,4.5
9787,Airport,Hospital_9787,Chennai,Velachery,18.120929,78.049532,0.93,3.6
9788,Hospital,Mall_9788,Mumbai,Bandra,15.350392,76.840236,6.23,4.9
9789,Park,Mall_9789,Bengaluru,Electronic City,18.203691,79.399428,6.48,3.4
9790,Hospital,Bus Stop_9790,Bengaluru,HSR Layout,14.124134,74.723883,3.82,3.6
9791,Hospital,Park_9791,Bengaluru,Indiranagar,14.464535,79.917151,6.65,3.7
9792,Metro,Mall_9792,Mumbai,Thane,17.267294,77.654428,6.84,4.9
9793,Airport,Mall_9793,Mumbai,Bandra,14.170877,79.078556,1.1,3.6
9794,College,Bus Stop_9794,Hyderabad,Miyapur,15.391498,79.464918,7.9,4.8
9795,Metro,Restaurant_9795,Hyderabad,Kondapur,12.801487,73.045256,7.21,4.3
9796,Bus Stop,School_9796,Chennai,Anna Nagar,16.609536,76.27638,3.74,3.5
9797,Airport,Mall_9797,Hyderabad,Banjara Hills,15.261292,74.743331,2.06,4.9
9798,Park,Airport_9798,Mumbai,Powai,18.183802,72.790864,2.01,3.7
9799,Metro,Metro_9799,Mumbai,Thane,14.044567,75.719767,8.55,3.6
9800,Airport,Park_9800,Mumbai,Andheri,16.205532,78.00551,1.45,3.9
9801,Hospital,Airport_9801,Chennai,Adyar,17.241704,73.350931,5.85,3.1
9802,Restaurant,Airport_9802,Hyderabad,Madhapur,16.453105,79.683869,5.95,4.0
9803,Park,Hospital_9803,Pune,Baner,16.691162,75.665511,6.44,3.8
9804,Airport,Metro_9804,Hyderabad,Gachibowli,15.553228,77.929924,3.76,4.2
9805,Metro,Metro_9805,Bengaluru,Indiranagar,18.051389,72.961472,7.93,4.5
9806,Bus Stop,Bus Stop_9806,Bengaluru,Electronic City,12.669161,75.821671,1.65,3.7
9807,Mall,Metro_9807,Bengaluru,Indiranagar,16.638776,73.611247,4.8,4.8
9808,Restaurant,Mall_9808,Bengaluru,Electronic City,16.812402,76.004936,5.23,3.7
9809,Hospital,Bus Stop_9809,Pune,Wakad,17.829923,75.108728,9.17,3.1
9810,Metro,Mall_9810,Hyderabad,Miyapur,15.945561,76.695136,8.66,5.0
9811,Airport,Restaurant_9811,Hyderabad,Jubilee Hills,18.28485,73.846969,2.83,3.4
9812,Restaurant,College_9812,Hyderabad,Kukatpally,14.176177,78.764492,7.77,3.5
9813,Park,Bus Stop_9813,Chennai,OMR,12.789562,79.992167,5.84,4.5
9814,School,Bus Stop_9814,Hyderabad,Kondapur,16.761079,72.861706,6.53,3.3
9815,Hospital,Metro_9815,Hyderabad,Banjara Hills,13.563564,77.32517,6.58,3.5
9816,Hospital,Mall_9816,Hyderabad,Jubilee Hills,15.76669,75.82659,6.31,3.4
9817,Metro,Airport_9817,Chennai,Velachery,12.544516,72.083859,9.85,4.5
9818,Airport,Restaurant_9818,Chennai,OMR,17.394642,76.290381,7.92,3.0
9819,Metro,Airport_9819,Mumbai,Bandra,17.72648,76.143909,9.99,3.8
9820,Mall,College_9820,Mumbai,Thane,16.887399,76.647779,6.46,4.0
9821,Mall,Bus Stop_9821,Pune,Baner,14.352634,78.223353,3.15,5.0
9822,Hospital,College_9822,Chennai,Anna Nagar,17.001112,73.842686,2.16,3.0
9823,College,Restaurant_9823,Hyderabad,Miyapur,14.995029,78.014044,1.02,3.6
9824,Park,Metro_9824,Pune,Kharadi,16.104009,75.095361,1.65,4.3
9825,School,College_9825,Mumbai,Bandra,18.302689,79.514967,7.14,3.9
9826,Bus Stop,Hospital_9826,Hyderabad,Madhapur,16.055952,79.174928,8.84,4.8
9827,Park,Metro_9827,Mumbai,Andheri,16.54695,77.194094,2.72,3.4
9828,Park,Park_9828,Mumbai,Bandra,15.744631,79.821445,8.27,4.5
9829,Restaurant,School_9829,Hyderabad,Jubilee Hills,16.963956,73.993899,6.55,4.2
9830,Mall,Restaurant_9830,Hyderabad,Banjara Hills,12.518839,79.270796,1.67,4.2
9831,Park,Bus Stop_9831,Bengaluru,Indiranagar,18.773741,78.883263,0.97,4.5
9832,Restaurant,Metro_9832,Bengaluru,Whitefield,14.765932,73.144086,5.64,4.1
9833,Mall,College_9833,Mumbai,Thane,17.761899,72.277482,9.66,3.5
9834,Airport,Airport_9834,Bengaluru,Indiranagar,15.321547,76.921987,7.01,3.7
9835,Airport,Park_9835,Chennai,OMR,18.631198,76.854862,9.31,3.2
9836,Mall,College_9836,Hyderabad,Gachibowli,17.537332,75.33211,2.37,4.9
9837,Airport,Hospital_9837,Mumbai,Thane,15.789108,74.383222,6.7,5.0
9838,Hospital,Airport_9838,Mumbai,Thane,14.099267,73.566438,3.33,4.7
9839,Restaurant,Metro_9839,Chennai,OMR,17.580341,78.558883,9.84,3.7
9840,Hospital,Metro_9840,Hyderabad,Kukatpally,13.061316,75.074019,5.29,4.8
9841,Metro,Airport_9841,Pune,Wakad,17.30376,74.11155,3.03,4.8
9842,Metro,Hospital_9842,Pune,Kharadi,17.302407,77.47928,6.46,3.7
9843,Mall,Mall_9843,Mumbai,Powai,12.07022,77.090082,3.02,4.8
9844,Airport,Hospital_9844,Mumbai,Bandra,16.77314,72.218732,6.69,3.1
9845,Park,Restaurant_9845,Mumbai,Andheri,16.106295,73.758716,7.41,3.6
9846,Park,Hospital_9846,Hyderabad,Gachibowli,12.015362,78.254012,0.27,3.1
9847,Mall,Hospital_9847,Pune,Kharadi,18.762765,77.508848,1.28,3.8
9848,Hospital,Airport_9848,Chennai,Anna Nagar,15.016548,73.898597,0.19,4.7
9849,Hospital,Mall_9849,Mumbai,Powai,15.071428,75.680977,2.87,4.9
9850,Hospital,Hospital_9850,Chennai,OMR,12.966429,78.407089,3.72,5.0
9851,Mall,Mall_9851,Hyderabad,Madhapur,17.204707,77.693069,1.15,4.1
9852,Bus Stop,Bus Stop_9852,Bengaluru,HSR Layout,18.904146,77.53334,1.54,4.0
9853,Mall,Hospital_9853,Pune,Baner,12.021069,76.089462,7.66,3.0
9854,College,Hospital_9854,Hyderabad,Miyapur,14.693832,79.075363,2.84,4.6
9855,Airport,Hospital_9855,Hyderabad,Miyapur,13.528391,77.199581,7.08,3.9
9856,College,Hospital_9856,Chennai,Velachery,13.702457,75.642055,0.79,4.0
9857,Park,College_9857,Chennai,OMR,14.760901,72.605913,8.6,3.3
9858,Restaurant,Restaurant_9858,Chennai,Adyar,14.292422,73.881128,3.03,5.0
9859,Airport,Airport_9859,Mumbai,Bandra,16.764476,76.689006,4.71,3.8
9860,Mall,Airport_9860,Mumbai,Andheri,17.295718,79.21585,1.01,4.4
9861,Bus Stop,Park_9861,Bengaluru,HSR Layout,16.030286,76.866017,1.1,3.6
9862,College,Mall_9862,Hyderabad,Banjara Hills,14.622942,76.584361,1.06,3.6
9863,Metro,Park_9863,Hyderabad,Miyapur,13.833117,73.508717,5.7,4.7
9864,Hospital,Park_9864,Hyderabad,Jubilee Hills,12.735586,75.617179,6.23,4.6
9865,Metro,College_9865,Mumbai,Powai,15.937841,78.227855,9.3,3.1
9866,Mall,Bus Stop_9866,Pune,Baner,12.933724,77.21159,9.14,3.5
9867,Restaurant,Hospital_9867,Hyderabad,Madhapur,14.624687,79.766763,5.31,3.5
9868,Metro,Park_9868,Pune,Hinjewadi,14.336815,74.850987,8.2,3.3
9869,Bus Stop,Park_9869,Bengaluru,Whitefield,13.054929,77.592199,7.93,4.9
9870,Park,Airport_9870,Mumbai,Andheri,16.950095,76.775409,2.42,4.3
9871,College,School_9871,Chennai,Adyar,18.638596,75.802639,6.4,4.1
9872,Metro,Bus Stop_9872,Hyderabad,Gachibowli,12.252611,79.303238,4.25,4.6
9873,Metro,Hospital_9873,Mumbai,Andheri,17.313617,75.152154,0.67,4.0
9874,School,Hospital_9874,Bengaluru,Electronic City,16.212034,75.270376,1.19,4.0
9875,College,Airport_9875,Chennai,OMR,17.722874,78.119517,5.58,4.7
9876,Bus Stop,Hospital_9876,Pune,Hinjewadi,16.76218,78.667475,7.14,3.4
9877,College,Hospital_9877,Bengaluru,Electronic City,17.27631,72.610056,5.07,3.3
9878,Metro,Bus Stop_9878,Mumbai,Bandra,16.064093,75.509152,2.8,3.4
9879,School,Restaurant_9879,Hyderabad,Madhapur,16.810354,74.083083,1.44,4.5
9880,Mall,School_9880,Bengaluru,Indiranagar,14.985317,79.150557,6.34,4.4
9881,Bus Stop,Park_9881,Hyderabad,Kondapur,15.23229,77.597541,6.32,3.5
9882,Metro,Airport_9882,Hyderabad,Banjara Hills,16.009479,75.642309,6.77,4.1
9883,School,School_9883,Hyderabad,Kondapur,16.667411,79.646356,5.21,3.3
9884,Restaurant,Airport_9884,Bengaluru,HSR Layout,15.399761,78.316869,6.73,4.6
9885,School,Metro_9885,Bengaluru,Indiranagar,12.119801,72.059593,7.43,4.6
9886,Bus Stop,Bus Stop_9886,Mumbai,Thane,13.962009,78.798221,5.2,3.6
9887,Hospital,Mall_9887,Mumbai,Thane,16.167917,72.368913,0.59,3.6
9888,Park,Restaurant_9888,Chennai,Anna Nagar,17.852069,79.52421,6.7,4.0
9889,Metro,Park_9889,Hyderabad,Banjara Hills,13.196602,72.897039,1.84,5.0
9890,Hospital,Bus Stop_9890,Bengaluru,Indiranagar,17.250389,78.778543,7.58,3.3
9891,Hospital,College_9891,Pune,Hinjewadi,12.890311,73.393713,9.21,4.3
9892,Bus Stop,Mall_9892,Pune,Wakad,14.424098,75.371002,7.4,3.1
9893,Metro,Restaurant_9893,Hyderabad,Banjara Hills,16.06802,73.596647,9.0,4.5
9894,Park,School_9894,Bengaluru,Indiranagar,14.34804,78.753367,8.32,4.2
9895,Park,Bus Stop_9895,Mumbai,Powai,13.845984,79.55227,3.71,3.9
9896,Bus Stop,Airport_9896,Mumbai,Thane,12.887062,73.17507,8.94,4.8
9897,Mall,Airport_9897,Hyderabad,Kondapur,15.95692,74.825253,8.84,4.5
9898,College,Airport_9898,Bengaluru,HSR Layout,17.050104,72.475726,9.86,3.1
9899,Park,Mall_9899,Bengaluru,Whitefield,17.995675,75.850651,5.41,4.6
9900,Bus Stop,Mall_9900,Bengaluru,Electronic City,15.523382,74.048494,5.45,4.4
9901,College,Bus Stop_9901,Chennai,OMR,18.831047,76.768528,5.57,3.2
9902,College,Bus Stop_9902,Chennai,Adyar,16.059881,77.580986,0.42,4.3
9903,School,Metro_9903,Pune,Hinjewadi,17.692198,79.761276,8.74,3.0
9904,Mall,Metro_9904,Chennai,Velachery,13.378857,72.801134,9.75,3.2
9905,Bus Stop,College_9905,Hyderabad,Gachibowli,16.198094,76.881164,8.6,4.0
9906,Metro,Mall_9906,Bengaluru,Electronic City,13.512351,72.774508,2.32,3.5
9907,Metro,Mall_9907,Bengaluru,Electronic City,16.927798,79.19531,9.59,3.5
9908,School,Mall_9908,Hyderabad,Banjara Hills,13.280871,76.133444,6.8,3.1
9909,Restaurant,Restaurant_9909,Bengaluru,Electronic City,18.149161,77.660558,7.92,3.1
9910,School,College_9910,Pune,Wakad,15.563513,78.711002,1.89,4.4
9911,Mall,School_9911,Chennai,Velachery,16.385627,79.927442,8.29,3.2
9912,Airport,Bus Stop_9912,Hyderabad,Miyapur,18.877348,77.488468,0.36,4.4
9913,Park,College_9913,Bengaluru,Whitefield,15.836734,73.989323,8.22,5.0
9914,Airport,College_9914,Hyderabad,Kondapur,14.50754,72.30466,3.52,4.9
9915,Mall,College_9915,Bengaluru,Whitefield,18.626611,75.344047,7.02,3.3
9916,Mall,School_9916,Mumbai,Thane,17.226513,75.260137,4.2,4.1
9917,Restaurant,Hospital_9917,Mumbai,Thane,13.420099,76.318055,8.77,4.6
9918,College,Restaurant_9918,Bengaluru,Whitefield,17.007373,74.14007,6.91,4.8
9919,Hospital,Bus Stop_9919,Pune,Hinjewadi,13.168971,78.115197,4.79,3.9
9920,Metro,Bus Stop_9920,Pune,Hinjewadi,14.689699,76.778102,7.04,4.8
9921,Park,Restaurant_9921,Hyderabad,Madhapur,14.099086,75.78128,3.08,5.0
9922,Airport,Hospital_9922,Chennai,Anna Nagar,12.625017,75.787406,0.12,4.7
9923,Hospital,Airport_9923,Pune,Hinjewadi,13.973138,73.047862,4.22,3.5
9924,Airport,School_9924,Chennai,Velachery,16.619957,74.620292,9.47,4.6
9925,Mall,Restaurant_9925,Mumbai,Bandra,15.089836,79.373038,4.01,4.3
9926,Restaurant,School_9926,Chennai,OMR,17.926449,78.319595,1.18,4.1
9927,Metro,Park_9927,Mumbai,Bandra,13.427349,76.905906,3.23,3.4
9928,Mall,Park_9928,Hyderabad,Gachibowli,15.909912,74.655283,5.97,3.5
9929,Restaurant,College_9929,Bengaluru,HSR Layout,13.04292,77.613713,2.37,5.0
9930,College,Hospital_9930,Bengaluru,Whitefield,15.617546,72.618351,3.42,4.0
9931,School,Restaurant_9931,Chennai,Anna Nagar,16.671728,73.512192,3.97,4.1
9932,College,Airport_9932,Hyderabad,Miyapur,12.848741,72.182835,6.43,3.1
9933,Restaurant,Restaurant_9933,Hyderabad,Banjara Hills,15.61727,74.272696,7.05,3.3
9934,Restaurant,Restaurant_9934,Mumbai,Thane,12.560195,77.436641,8.52,4.9
9935,Mall,College_9935,Chennai,Adyar,16.280355,74.99774,2.71,4.5
9936,Restaurant,Restaurant_9936,Hyderabad,Miyapur,13.033188,78.455814,4.77,4.6
9937,Metro,Metro_9937,Mumbai,Andheri,18.032474,73.443219,1.99,4.4
9938,Bus Stop,Hospital_9938,Hyderabad,Miyapur,15.804914,78.407006,9.34,3.4
9939,School,College_9939,Chennai,Velachery,17.201746,78.014849,1.5,3.5
9940,Restaurant,Hospital_9940,Chennai,Velachery,17.924893,72.52636,6.98,3.0
9941,Mall,Restaurant_9941,Pune,Hinjewadi,15.87746,77.283894,4.49,4.7
9942,Mall,Mall_9942,Bengaluru,Indiranagar,16.283298,75.665599,6.18,3.5
9943,Hospital,Bus Stop_9943,Chennai,Adyar,14.832644,78.275055,6.81,3.6
9944,Mall,Bus Stop_9944,Hyderabad,Madhapur,15.717542,75.252096,1.65,4.1
9945,Airport,Metro_9945,Chennai,OMR,15.690881,79.136319,8.3,3.4
9946,College,School_9946,Hyderabad,Kondapur,16.141774,77.792868,9.86,3.5
9947,Mall,Mall_9947,Pune,Hinjewadi,18.740616,72.48783,6.13,4.8
9948,School,College_9948,Chennai,Velachery,17.701228,74.970076,4.79,3.2
9949,Hospital,Hospital_9949,Hyderabad,Banjara Hills,14.749795,75.623885,7.57,4.5
9950,Restaurant,School_9950,Chennai,Anna Nagar,17.1015,73.652598,8.02,3.3
9951,Mall,Park_9951,Mumbai,Bandra,15.395627,79.060645,6.12,4.0
9952,Restaurant,Hospital_9952,Mumbai,Powai,15.020822,78.266148,9.68,4.3
9953,Airport,School_9953,Bengaluru,HSR Layout,18.693313,75.498012,5.88,4.8
9954,Bus Stop,Mall_9954,Hyderabad,Gachibowli,18.765614,72.237973,0.88,4.0
9955,Bus Stop,Park_9955,Bengaluru,Whitefield,12.632061,77.126408,1.41,3.4
9956,Airport,Airport_9956,Pune,Kharadi,16.823338,74.770504,5.42,3.3
9957,Mall,Restaurant_9957,Chennai,Adyar,13.190515,78.072032,1.48,4.3
9958,College,College_9958,Hyderabad,Banjara Hills,16.070833,76.54273,9.94,3.6
9959,Park,Restaurant_9959,Hyderabad,Madhapur,14.47477,74.529934,0.19,3.7
9960,Mall,Metro_9960,Mumbai,Thane,15.538618,72.215012,9.04,3.5
9961,Metro,School_9961,Hyderabad,Kukatpally,13.787081,72.443196,3.24,4.9
9962,School,Restaurant_9962,Mumbai,Andheri,12.534764,77.953054,5.8,3.0
9963,Bus Stop,College_9963,Chennai,OMR,18.673978,76.722737,1.39,3.9
9964,Mall,Restaurant_9964,Bengaluru,Whitefield,12.735593,73.57769,4.72,5.0
9965,Metro,Bus Stop_9965,Mumbai,Andheri,15.028191,73.655031,8.75,4.0
9966,Mall,School_9966,Pune,Wakad,12.071091,78.170909,1.2,5.0
9967,Restaurant,Airport_9967,Bengaluru,Electronic City,17.34644,79.719054,5.43,4.6
9968,Bus Stop,Restaurant_9968,Chennai,Adyar,14.323486,72.197976,9.42,4.9
9969,Mall,Park_9969,Pune,Hinjewadi,17.47528,77.469969,3.42,3.2
9970,Mall,College_9970,Hyderabad,Gachibowli,18.172996,72.64667,9.96,4.0
9971,Airport,Restaurant_9971,Bengaluru,Indiranagar,16.171257,78.045538,5.77,5.0
9972,Mall,Restaurant_9972,Hyderabad,Madhapur,18.32607,79.859625,8.7,4.4
9973,Airport,Bus Stop_9973,Hyderabad,Gachibowli,14.38497,72.011665,5.24,3.3
9974,College,Hospital_9974,Bengaluru,Electronic City,15.871106,76.331452,8.47,3.1
9975,Park,Mall_9975,Pune,Hinjewadi,14.924655,73.408239,9.0,4.8
9976,School,School_9976,Pune,Baner,13.012959,76.657715,9.72,3.7
9977,Mall,College_9977,Pune,Hinjewadi,18.081808,73.706584,3.4,3.1
9978,School,Park_9978,Pune,Hinjewadi,17.619588,73.787667,9.02,4.2
9979,Mall,School_9979,Pune,Baner,15.292781,74.06157,7.56,3.9
9980,Airport,College_9980,Pune,Baner,14.156251,73.754115,7.28,3.9
9981,Mall,College_9981,Chennai,Adyar,17.830753,76.009192,4.58,4.2
9982,Hospital,School_9982,Mumbai,Thane,16.7553,75.195345,8.11,3.6
9983,Bus Stop,College_9983,Mumbai,Thane,14.230072,76.563042,8.41,3.3
9984,College,Park_9984,Hyderabad,Kondapur,18.681158,74.301781,6.9,3.7
9985,Hospital,Hospital_9985,Chennai,OMR,15.484995,73.485548,7.06,4.3
9986,College,Airport_9986,Bengaluru,Electronic City,17.378136,77.788193,2.93,4.8
9987,Mall,Hospital_9987,Hyderabad,Kukatpally,14.978987,78.67949,1.17,4.6
9988,Metro,Park_9988,Chennai,Adyar,17.785126,78.561949,4.39,4.5
9989,Metro,Hospital_9989,Pune,Wakad,13.934034,75.917569,8.28,4.9
9990,Airport,Hospital_9990,Bengaluru,Whitefield,13.681981,76.17386,7.08,4.4
9991,Metro,Metro_9991,Bengaluru,Electronic City,16.389011,75.148607,4.75,4.7
9992,Mall,College_9992,Pune,Baner,18.522047,77.865772,5.42,4.8
9993,Metro,School_9993,Hyderabad,Jubilee Hills,12.948281,78.350854,4.19,3.4
9994,Bus Stop,School_9994,Pune,Wakad,12.896966,77.07443,1.13,4.1
9995,School,Airport_9995,Hyderabad,Madhapur,13.236364,78.004057,8.23,3.7
9996,Mall,Park_9996,Chennai,Anna Nagar,15.18741,74.225264,1.72,4.6
9997,College,College_9997,Bengaluru,HSR Layout,13.797099,72.834549,8.5,4.2
9998,Park,Airport_9998,Hyderabad,Gachibowli,12.40399,79.010866,8.16,4.4
9999,Mall,Park_9999,Mumbai,Thane,14.010043,78.627527,8.03,3.0
10000,Hospital,Restaurant_10000,Chennai,Adyar,13.810705,76.395718,2.66,3.5
