Recommendation_ID,User_Budget_INR,Preferred_BHK,Preferred_City,Preferred_Locality,Recommended_Property_ID,Recommended_Price_INR,Area_sqft,Recommendation_Score,Similarity_Score,Investment_Score
1,13700000,3,Bengaluru,Indiranagar,7850,25000000,1484,99.59,78.99,82
2,8900000,2,Hyderabad,Madhapur,694,14600000,3625,93.04,76.27,78
3,3500000,4,Hyderabad,Gachibowli,2640,17600000,3583,80.25,79.39,61
4,17300000,4,Hyderabad,Kukatpally,3295,12200000,1198,96.54,76.38,73
5,15500000,1,Mumbai,Powai,9019,18800000,3664,85.61,82.86,70
6,5600000,2,Chennai,Velachery,1076,24300000,1312,93.23,75.0,93
7,20000000,2,Mumbai,Thane,4029,7600000,2901,72.07,92.21,99
8,4700000,3,Bengaluru,Indiranagar,2394,7300000,3654,91.78,61.98,58
9,17800000,4,Mumbai,Thane,5046,7000000,2788,87.59,65.57,96
10,9500000,4,Pune,Kharadi,2270,6900000,1181,72.84,63.76,51
11,8600000,5,Mumbai,Thane,2722,8100000,1353,95.64,68.06,97
12,13100000,5,Mumbai,Powai,2873,21700000,1555,77.56,87.87,70
13,16900000,5,Mumbai,Powai,984,16500000,3036,91.96,98.68,69
14,11100000,4,Chennai,OMR,1764,5400000,3269,72.19,92.57,98
15,13200000,1,Pune,Kharadi,3695,4100000,799,89.78,61.68,67
16,19100000,1,Mumbai,Bandra,614,15700000,1307,84.71,88.69,63
17,16400000,1,Pune,Kharadi,2653,11500000,1427,79.32,75.65,59
18,8200000,3,Bengaluru,Indiranagar,6095,19900000,2982,90.38,70.43,51
19,13000000,4,Mumbai,Bandra,6582,14600000,2487,88.45,71.23,61
20,13100000,5,Hyderabad,Gachibowli,7230,21400000,2441,77.18,60.3,84
21,16500000,1,Pune,Kharadi,5057,8300000,2308,82.05,82.08,64
22,4500000,4,Bengaluru,HSR Layout,8628,19000000,2793,88.55,78.84,93
23,16100000,1,Hyderabad,Madhapur,3110,12700000,1705,80.54,66.48,87
24,13400000,2,Chennai,Anna Nagar,3171,22100000,2748,82.66,72.98,64
25,15200000,2,Chennai,Adyar,7234,24100000,677,97.1,87.18,63
26,18700000,3,Chennai,Velachery,9949,4100000,3695,81.25,89.94,61
27,13300000,5,Hyderabad,Madhapur,2921,12500000,2811,90.09,94.66,86
28,16100000,3,Bengaluru,Electronic City,2013,7600000,1583,89.8,84.54,79
29,9700000,1,Mumbai,Thane,8812,15200000,1443,71.06,92.92,87
30,20000000,5,Hyderabad,Gachibowli,4860,18200000,2475,75.89,69.09,96
31,12900000,5,Mumbai,Andheri,7340,18800000,3543,90.72,94.61,98
32,4900000,3,Pune,Wakad,4075,19700000,1132,74.37,93.25,66
33,19600000,5,Hyderabad,Kondapur,6033,3700000,1391,95.2,71.35,66
34,15800000,5,Mumbai,Thane,8992,13000000,2371,89.02,85.43,73
35,8900000,1,Bengaluru,Indiranagar,7454,25000000,1506,93.16,96.09,97
36,4200000,4,Chennai,Velachery,3059,8600000,1221,70.31,66.32,59
37,8300000,5,Hyderabad,Madhapur,295,5600000,3794,77.25,83.98,56
38,12100000,4,Chennai,Anna Nagar,563,18200000,2641,71.39,76.16,87
39,10400000,3,Pune,Baner,6080,20400000,2611,89.61,75.57,68
40,12900000,1,Chennai,Anna Nagar,4419,20400000,3373,83.23,69.26,73
41,19000000,3,Hyderabad,Kukatpally,9966,11900000,2381,75.58,96.53,77
42,12000000,5,Mumbai,Bandra,6151,8300000,1747,90.96,95.96,61
43,11300000,5,Bengaluru,Electronic City,6223,24500000,3806,75.0,75.82,90
44,12600000,2,Hyderabad,Madhapur,8181,20100000,3473,89.91,68.47,60
45,7200000,4,Hyderabad,Gachibowli,1819,23000000,2538,71.45,85.47,57
46,10100000,3,Pune,Hinjewadi,91,21400000,2276,94.96,99.18,66
47,10100000,2,Bengaluru,Whitefield,60,12200000,777,74.99,73.83,63
48,18900000,2,Bengaluru,Electronic City,9951,22900000,1413,72.92,97.14,69
49,11200000,2,Bengaluru,Electronic City,4985,24500000,2374,93.02,67.57,55
50,15400000,1,Hyderabad,Kukatpally,9101,15900000,1283,94.43,96.38,89
51,12300000,5,Hyderabad,Kukatpally,6528,23600000,2405,84.61,70.61,86
52,13000000,5,Chennai,Anna Nagar,1902,12900000,2784,85.27,96.46,91
53,17600000,3,Chennai,Velachery,5190,19200000,3015,92.29,81.37,98
54,13800000,5,Chennai,Adyar,8766,10400000,1617,85.01,63.48,88
55,19300000,4,Pune,Baner,6877,21000000,3364,81.86,84.71,61
56,18000000,2,Mumbai,Andheri,978,20600000,2084,77.53,98.43,83
57,17800000,2,Bengaluru,HSR Layout,5166,18700000,2756,91.56,86.95,55
58,14800000,1,Mumbai,Andheri,2717,7200000,1362,98.0,75.2,90
59,5900000,3,Bengaluru,Whitefield,649,6400000,2161,93.94,73.48,75
60,12100000,5,Chennai,Velachery,8169,5700000,1907,95.2,78.25,76
61,9100000,4,Pune,Wakad,4320,10400000,2951,93.77,77.07,99
62,10000000,1,Hyderabad,Gachibowli,1924,16200000,3277,84.04,91.61,77
63,12500000,4,Hyderabad,Madhapur,8682,17500000,2703,81.95,64.25,83
64,3400000,2,Chennai,Velachery,3321,4800000,1967,87.9,83.91,97
65,15400000,4,Hyderabad,Madhapur,6931,12300000,852,81.18,79.11,91
66,5000000,5,Chennai,Adyar,4421,24300000,3174,90.53,70.48,70
67,12900000,5,Pune,Baner,8566,9200000,3837,70.75,63.32,77
68,16600000,3,Chennai,Velachery,3558,3500000,1242,93.85,88.31,90
69,4000000,2,Bengaluru,Electronic City,9430,9200000,2558,97.56,85.39,62
70,10600000,3,Mumbai,Andheri,6321,12900000,1448,95.96,84.0,71
71,19500000,5,Mumbai,Bandra,5155,12100000,1235,86.48,89.72,53
72,14100000,2,Pune,Kharadi,2423,17000000,2719,86.26,73.66,57
73,15000000,2,Bengaluru,Electronic City,1097,11900000,1969,83.81,85.32,78
74,18600000,4,Pune,Baner,9988,5500000,2142,75.13,74.14,59
75,16300000,1,Chennai,Velachery,5308,13000000,1825,90.24,91.86,88
76,8200000,2,Hyderabad,Gachibowli,7050,5300000,3116,90.37,66.35,63
77,15300000,4,Hyderabad,Madhapur,9674,8500000,1164,93.34,93.94,53
78,13500000,3,Chennai,Velachery,6493,5200000,3536,87.69,90.66,84
79,4900000,3,Mumbai,Thane,8781,12400000,2173,91.3,81.27,55
80,11600000,5,Hyderabad,Madhapur,7085,3900000,3558,90.74,65.7,69
81,14700000,5,Bengaluru,HSR Layout,7311,16500000,1088,77.76,82.59,60
82,12300000,2,Hyderabad,Madhapur,9791,16300000,2564,97.87,67.2,68
83,7900000,4,Chennai,Anna Nagar,6301,17300000,2393,89.56,94.99,100
84,9800000,2,Pune,Hinjewadi,3170,20700000,3235,91.0,62.63,50
85,8500000,3,Pune,Hinjewadi,9950,23900000,2395,70.11,88.99,90
86,10000000,2,Mumbai,Bandra,2290,24300000,1611,74.18,98.54,73
87,14400000,1,Mumbai,Powai,5883,7600000,2070,83.64,97.05,87
88,3200000,2,Pune,Baner,4743,21400000,1704,78.66,84.06,97
89,18400000,4,Chennai,OMR,7654,13000000,1013,87.97,71.83,70
90,3700000,1,Hyderabad,Madhapur,2079,24200000,897,70.99,88.66,79
91,17500000,2,Pune,Hinjewadi,8733,18600000,971,88.5,79.92,65
92,11300000,5,Hyderabad,Madhapur,6929,23900000,3840,93.67,66.21,54
93,5000000,5,Mumbai,Powai,8138,4700000,2434,70.03,90.11,99
94,8800000,2,Pune,Kharadi,1108,3600000,2979,93.98,71.28,95
95,9800000,5,Chennai,Anna Nagar,7754,12200000,3190,94.33,82.12,52
96,16300000,5,Mumbai,Andheri,1959,5700000,2891,97.56,90.85,65
97,3500000,4,Bengaluru,Indiranagar,3053,5600000,3160,84.08,84.24,86
98,11800000,3,Mumbai,Bandra,1709,9600000,3900,71.45,67.33,51
99,7200000,5,Bengaluru,Indiranagar,1035,10700000,2268,75.39,74.99,97
100,4800000,1,Hyderabad,Kondapur,8158,9200000,1020,90.92,99.23,60
101,3600000,1,Mumbai,Andheri,1042,16300000,651,71.56,77.49,79
102,7700000,3,Pune,Kharadi,8264,15400000,1888,97.07,85.34,59
103,6400000,1,Hyderabad,Kondapur,9099,21500000,1709,93.04,75.23,55
104,7000000,5,Pune,Hinjewadi,6085,4800000,3086,74.57,95.88,100
105,3500000,2,Pune,Wakad,4378,18100000,726,92.11,90.24,95
106,14400000,3,Bengaluru,Indiranagar,6256,13000000,1141,86.82,84.79,58
107,11700000,2,Pune,Kharadi,3624,17200000,3549,94.48,67.62,70
108,18100000,5,Mumbai,Powai,1156,4100000,1432,95.93,78.0,59
109,19900000,4,Hyderabad,Kondapur,4325,10500000,3017,88.28,71.59,94
110,17300000,4,Bengaluru,Indiranagar,1180,19600000,724,86.02,68.2,66
111,9100000,5,Mumbai,Powai,4827,10100000,3889,70.1,79.89,86
112,14100000,2,Pune,Hinjewadi,5620,13700000,1686,71.6,72.76,83
113,4100000,1,Mumbai,Andheri,2764,3700000,1739,77.28,67.74,73
114,16700000,5,Chennai,OMR,9989,15700000,2734,91.13,66.77,70
115,13400000,4,Chennai,Anna Nagar,9609,13100000,1708,74.25,81.84,68
116,10300000,5,Hyderabad,Kukatpally,3589,19800000,894,99.55,90.13,83
117,10800000,4,Chennai,Velachery,6725,6700000,1606,75.15,84.02,81
118,5100000,5,Hyderabad,Kondapur,9475,9800000,3535,75.24,88.81,78
119,14700000,5,Pune,Baner,6778,9200000,1113,89.08,70.77,64
120,8100000,5,Hyderabad,Kukatpally,7431,19700000,1010,92.28,71.02,87
121,4100000,1,Chennai,OMR,4468,10500000,902,72.13,71.67,63
122,13000000,3,Bengaluru,HSR Layout,4465,24600000,752,75.67,79.11,64
123,10200000,4,Bengaluru,Whitefield,6750,4800000,2443,91.82,95.86,71
124,14300000,5,Chennai,Anna Nagar,7038,13000000,1168,93.05,93.41,84
125,9900000,2,Bengaluru,HSR Layout,1407,12100000,2165,77.38,74.8,88
126,16700000,2,Hyderabad,Gachibowli,4287,15600000,977,70.81,77.24,52
127,4900000,1,Bengaluru,Electronic City,4112,19600000,2270,97.81,89.72,78
128,3900000,2,Bengaluru,Electronic City,1249,6500000,788,84.63,81.78,51
129,13900000,5,Pune,Wakad,2524,24800000,2740,81.77,79.83,98
130,15200000,5,Bengaluru,Indiranagar,2786,5300000,2867,96.22,97.5,59
131,18300000,5,Bengaluru,Electronic City,3408,20500000,2924,88.66,63.03,93
132,6300000,4,Hyderabad,Kukatpally,5981,6100000,2813,88.62,82.14,52
133,14500000,1,Mumbai,Bandra,5991,23200000,928,96.37,75.61,79
134,8600000,4,Bengaluru,Electronic City,2881,7900000,2196,78.09,68.11,55
135,8500000,2,Chennai,OMR,5233,21600000,927,90.18,97.95,79
136,14800000,3,Hyderabad,Gachibowli,6289,10000000,674,99.72,73.49,73
137,9800000,4,Bengaluru,Whitefield,7994,12000000,2908,79.76,72.97,83
138,15600000,2,Mumbai,Andheri,7723,4000000,1275,76.57,80.98,92
139,10200000,4,Pune,Wakad,1452,16400000,3887,71.55,80.12,91
140,10700000,5,Pune,Hinjewadi,8079,22300000,1337,90.54,96.42,52
141,20000000,1,Pune,Baner,8625,13000000,3306,83.51,61.94,69
142,3700000,1,Hyderabad,Madhapur,2305,8900000,3166,77.4,69.08,62
143,6600000,3,Mumbai,Bandra,5655,5500000,1807,96.86,92.51,94
144,6600000,3,Hyderabad,Gachibowli,12,15500000,3622,98.76,62.13,64
145,4700000,5,Hyderabad,Kukatpally,8122,20200000,1086,81.15,77.58,63
146,19700000,5,Bengaluru,Indiranagar,4758,12200000,2322,70.09,82.69,99
147,5000000,1,Bengaluru,Electronic City,1272,16200000,1331,79.91,96.07,69
148,16000000,3,Hyderabad,Kondapur,9783,24100000,3347,74.04,91.04,80
149,6500000,1,Pune,Hinjewadi,170,20900000,1475,84.71,61.98,96
150,13600000,1,Mumbai,Powai,2881,5700000,2885,79.68,68.98,64
151,3400000,3,Chennai,Adyar,9096,3800000,2062,90.4,98.73,86
152,10100000,2,Mumbai,Bandra,5457,15700000,1698,78.06,66.53,65
153,5100000,4,Mumbai,Powai,7168,4000000,2777,88.97,68.11,83
154,12900000,5,Mumbai,Thane,6779,22800000,2536,94.02,75.6,82
155,4800000,3,Mumbai,Andheri,4410,23000000,2469,79.13,98.5,94
156,15000000,3,Pune,Wakad,3451,4900000,1446,93.64,82.51,62
157,8000000,1,Mumbai,Bandra,2552,5500000,790,80.71,92.63,75
158,3800000,4,Pune,Hinjewadi,437,16200000,1896,76.31,85.06,80
159,7500000,4,Pune,Baner,4524,21900000,2448,98.94,82.09,89
160,6600000,2,Hyderabad,Gachibowli,5679,17600000,1630,77.34,74.55,60
161,19000000,4,Mumbai,Thane,9700,19600000,1055,88.53,73.18,62
162,12300000,5,Mumbai,Andheri,1337,4500000,3138,90.15,62.46,87
163,9200000,4,Mumbai,Bandra,5991,9800000,3959,70.66,61.8,67
164,15700000,4,Hyderabad,Gachibowli,2572,15400000,3831,77.61,87.91,75
165,3100000,2,Bengaluru,Electronic City,7659,21300000,2893,76.04,89.85,82
166,19300000,4,Chennai,Anna Nagar,4548,25000000,1243,74.77,77.94,92
167,12500000,4,Bengaluru,Indiranagar,9505,11000000,1112,79.53,99.65,50
168,8200000,5,Mumbai,Andheri,9149,15700000,3894,96.7,73.57,64
169,13200000,4,Pune,Hinjewadi,2732,4000000,942,73.32,93.72,93
170,11900000,5,Bengaluru,Whitefield,1525,14600000,2935,75.88,65.16,55
171,15900000,2,Chennai,OMR,7040,11000000,2416,78.07,91.43,90
172,9200000,4,Hyderabad,Kukatpally,4741,9600000,1412,74.57,87.15,70
173,17000000,2,Pune,Baner,1465,5500000,2632,72.32,88.45,71
174,9800000,2,Bengaluru,Whitefield,7890,15200000,1971,99.79,96.64,81
175,17200000,5,Hyderabad,Gachibowli,4628,16800000,2137,79.91,93.91,50
176,16100000,5,Mumbai,Powai,4850,24900000,3366,76.48,92.37,91
177,5900000,3,Bengaluru,Whitefield,4709,12600000,1415,77.8,62.57,55
178,14600000,3,Pune,Kharadi,7352,21100000,3561,95.66,65.74,85
179,10600000,4,Bengaluru,HSR Layout,403,16300000,3108,91.54,65.47,91
180,12300000,2,Pune,Wakad,7137,13200000,3361,92.5,86.13,85
181,6300000,1,Bengaluru,HSR Layout,1813,9100000,3039,83.0,71.25,83
182,12300000,2,Pune,Hinjewadi,3278,12600000,1161,73.4,72.77,65
183,19500000,2,Bengaluru,Indiranagar,2982,20000000,1293,79.63,71.36,76
184,3300000,2,Chennai,Anna Nagar,3843,17000000,965,83.94,69.56,87
185,5500000,3,Mumbai,Bandra,9290,19900000,610,91.07,82.12,64
186,17200000,1,Mumbai,Bandra,1068,4400000,1463,75.8,74.92,97
187,10900000,1,Hyderabad,Gachibowli,2290,17300000,1938,80.03,73.74,74
188,15400000,3,Chennai,Anna Nagar,6346,6600000,1412,88.68,88.75,74
189,14200000,1,Bengaluru,Electronic City,3713,16400000,1994,73.18,79.69,85
190,6100000,5,Bengaluru,Electronic City,4200,17700000,3482,88.08,61.2,94
191,15900000,5,Chennai,Velachery,5950,16700000,3672,89.97,81.38,62
192,6200000,4,Hyderabad,Madhapur,4329,17700000,2244,86.49,70.21,81
193,12100000,4,Chennai,Anna Nagar,7794,14700000,2387,89.5,60.29,72
194,10500000,5,Chennai,Adyar,5723,5600000,701,82.97,94.35,94
195,16300000,4,Pune,Wakad,7400,23500000,849,82.29,64.5,90
196,4400000,4,Mumbai,Andheri,3540,8800000,651,92.97,80.83,98
197,4300000,5,Chennai,OMR,53,4500000,3298,77.13,66.64,74
198,14600000,2,Hyderabad,Madhapur,3370,23700000,2643,76.66,79.71,76
199,5300000,1,Pune,Wakad,5814,11300000,1423,75.2,66.14,54
200,11400000,4,Pune,Hinjewadi,2268,13500000,731,99.37,71.75,86
201,9100000,1,Pune,Baner,5152,19300000,1680,93.01,88.84,95
202,10700000,5,Pune,Wakad,5372,10600000,3464,80.64,70.83,85
203,14600000,4,Mumbai,Thane,807,13700000,3039,86.05,77.01,98
204,4800000,5,Chennai,Adyar,9392,10300000,3968,98.53,66.88,68
205,4000000,4,Bengaluru,Whitefield,2531,23300000,2355,93.65,96.53,91
206,9300000,3,Hyderabad,Kondapur,5527,16100000,1272,80.65,63.68,95
207,8300000,2,Hyderabad,Kondapur,4498,8400000,1387,92.37,75.26,70
208,12800000,2,Hyderabad,Kondapur,4436,16200000,3598,90.19,80.92,98
209,14500000,4,Mumbai,Bandra,6703,22100000,1132,92.15,96.46,70
210,5100000,3,Pune,Hinjewadi,6501,5000000,2939,71.5,60.58,97
211,15700000,4,Bengaluru,HSR Layout,1809,13100000,2992,95.86,79.35,84
212,13800000,4,Bengaluru,Electronic City,5376,23700000,1238,79.74,88.31,68
213,3500000,1,Pune,Baner,7493,14400000,2827,74.11,74.91,81
214,9300000,5,Bengaluru,Indiranagar,582,17400000,1699,93.51,97.56,55
215,12000000,3,Mumbai,Andheri,7630,24700000,2482,73.22,80.73,83
216,6900000,5,Hyderabad,Kondapur,5772,17100000,1721,83.11,80.8,78
217,17000000,4,Bengaluru,Electronic City,5292,19800000,3926,76.9,70.34,50
218,4100000,4,Chennai,OMR,9855,24200000,3405,84.21,77.31,73
219,19900000,5,Bengaluru,Electronic City,8934,23800000,3172,77.13,68.36,53
220,7900000,2,Chennai,OMR,8743,4800000,1097,80.68,61.48,59
221,8400000,3,Pune,Baner,6638,16200000,933,72.37,73.62,54
222,4500000,1,Pune,Wakad,4165,11200000,875,71.35,71.4,80
223,11300000,3,Hyderabad,Kukatpally,1529,21800000,3171,77.74,77.97,82
224,4300000,3,Chennai,Anna Nagar,1356,10800000,2775,91.38,71.23,74
225,9800000,1,Hyderabad,Kondapur,4697,3800000,2698,84.48,99.1,80
226,13100000,4,Chennai,Anna Nagar,2145,10500000,3457,74.11,94.3,92
227,9100000,2,Chennai,Anna Nagar,1017,10200000,3724,87.29,90.74,54
228,12500000,2,Hyderabad,Madhapur,5339,22400000,3897,96.47,81.81,60
229,7900000,3,Mumbai,Andheri,6094,20500000,1176,74.0,95.08,58
230,19400000,1,Chennai,Adyar,48,6500000,1341,90.77,99.85,61
231,9100000,1,Pune,Baner,6523,20200000,1828,70.81,70.65,67
232,10200000,2,Hyderabad,Kondapur,6815,5700000,3630,98.25,62.6,79
233,17900000,1,Pune,Hinjewadi,7540,6900000,643,80.59,94.64,97
234,11300000,4,Mumbai,Bandra,5094,9300000,3023,82.82,80.57,75
235,11500000,4,Mumbai,Powai,4016,24300000,1441,85.34,96.56,88
236,9600000,5,Hyderabad,Madhapur,8917,17500000,3341,93.36,90.35,55
237,4500000,5,Chennai,Anna Nagar,7578,24500000,1946,70.9,94.03,88
238,15600000,4,Mumbai,Thane,2300,14000000,1458,98.96,82.63,92
239,8900000,5,Chennai,OMR,3540,5600000,3598,98.15,68.27,74
240,7500000,3,Pune,Kharadi,89,15200000,1337,78.4,89.67,65
241,11000000,1,Pune,Kharadi,6960,10000000,3823,70.72,75.53,81
242,18900000,4,Pune,Wakad,4685,11400000,1211,92.32,98.06,70
243,18500000,4,Mumbai,Andheri,425,9500000,948,70.4,76.73,87
244,11400000,1,Mumbai,Thane,559,17500000,2538,97.23,63.37,51
245,14300000,1,Hyderabad,Kondapur,815,18200000,1940,98.57,65.97,51
246,7000000,5,Hyderabad,Madhapur,6719,24700000,3978,87.24,93.86,56
247,9600000,1,Hyderabad,Madhapur,6044,9200000,1309,73.2,94.52,88
248,12300000,2,Hyderabad,Kukatpally,1354,19500000,1955,94.89,71.2,59
249,6700000,4,Pune,Hinjewadi,1595,10200000,1291,96.81,78.55,86
250,7300000,1,Chennai,OMR,9436,8900000,2307,81.45,76.51,51
251,3800000,3,Mumbai,Bandra,313,23600000,1491,74.11,94.34,88
252,10600000,4,Pune,Wakad,3058,18300000,2745,77.6,60.78,85
253,10800000,1,Hyderabad,Kukatpally,8551,12700000,1843,70.02,84.19,73
254,9000000,4,Mumbai,Powai,4556,3500000,658,95.37,98.81,81
255,3600000,1,Mumbai,Thane,1210,20500000,2436,80.41,89.25,78
256,19900000,5,Mumbai,Powai,7206,13600000,688,96.4,85.97,71
257,10000000,2,Bengaluru,Indiranagar,3753,14100000,3540,80.97,74.84,77
258,8800000,1,Hyderabad,Gachibowli,1500,8300000,2355,91.91,95.72,52
259,16900000,5,Pune,Hinjewadi,5011,24700000,2840,74.48,71.39,71
260,5700000,1,Hyderabad,Kukatpally,2051,8100000,1230,74.39,75.12,87
261,6500000,5,Hyderabad,Kondapur,5685,23000000,708,86.28,97.63,59
262,10000000,4,Hyderabad,Gachibowli,6226,19400000,1958,71.89,93.89,100
263,10300000,1,Pune,Kharadi,307,24300000,965,94.12,99.47,100
264,19400000,1,Hyderabad,Madhapur,4077,21900000,2568,72.05,86.61,92
265,11600000,3,Mumbai,Powai,5318,10600000,902,90.25,95.04,80
266,16700000,4,Chennai,Anna Nagar,9660,9700000,1095,88.32,76.19,63
267,19700000,1,Chennai,Adyar,1286,4400000,3967,83.52,86.11,65
268,4600000,5,Mumbai,Thane,795,17900000,1007,81.27,62.75,66
269,10700000,5,Chennai,OMR,7507,15900000,2649,81.4,80.97,51
270,12500000,1,Chennai,OMR,4542,9800000,3730,84.59,85.76,99
271,3100000,1,Pune,Kharadi,8020,12400000,2375,87.97,95.6,80
272,6900000,3,Bengaluru,Electronic City,9602,22600000,2114,88.77,90.91,73
273,10300000,5,Pune,Baner,810,18000000,3045,99.82,92.84,63
274,17000000,4,Bengaluru,Whitefield,2209,19300000,2009,92.23,64.04,61
275,8500000,1,Hyderabad,Madhapur,1637,18700000,3411,88.89,60.77,93
276,16000000,4,Mumbai,Andheri,103,18900000,2157,71.38,97.48,95
277,10300000,4,Mumbai,Andheri,3697,21100000,2843,82.15,70.62,83
278,8800000,4,Bengaluru,Whitefield,8711,17900000,1304,81.84,94.83,68
279,11500000,1,Chennai,OMR,1926,16300000,3352,97.63,89.75,61
280,17900000,1,Hyderabad,Madhapur,1061,22200000,3261,80.0,88.35,89
281,3000000,5,Mumbai,Andheri,7562,12500000,1815,71.22,72.0,54
282,12700000,2,Pune,Kharadi,7659,9900000,3229,85.54,77.99,57
283,16100000,3,Chennai,OMR,4468,14700000,2414,80.18,61.9,72
284,9600000,5,Hyderabad,Kondapur,9099,5900000,3722,89.63,87.27,65
285,13500000,1,Hyderabad,Gachibowli,7409,5300000,3992,77.58,62.07,50
286,9900000,5,Chennai,OMR,475,16900000,3896,76.76,99.81,95
287,10900000,3,Pune,Wakad,1701,18800000,3868,74.27,90.65,50
288,19900000,2,Hyderabad,Madhapur,9597,21300000,733,73.45,98.24,67
289,8500000,5,Bengaluru,Whitefield,1088,19800000,2621,93.29,80.28,79
290,4600000,5,Bengaluru,Indiranagar,4116,15800000,1384,96.95,78.67,66
291,13900000,4,Chennai,Velachery,4525,15600000,1445,90.33,65.66,54
292,3400000,2,Bengaluru,Indiranagar,5900,6000000,3732,97.63,74.09,73
293,6500000,5,Pune,Hinjewadi,1528,24400000,1348,97.35,87.75,62
294,4500000,4,Mumbai,Thane,7202,13100000,2201,88.17,82.24,74
295,7000000,2,Mumbai,Andheri,7478,3500000,2529,92.88,74.19,94
296,15300000,5,Bengaluru,Electronic City,7282,9200000,2882,84.78,75.56,88
297,18700000,3,Hyderabad,Gachibowli,1691,16200000,2581,88.04,94.22,71
298,12000000,4,Bengaluru,HSR Layout,9529,17900000,3186,81.53,88.33,69
299,10900000,2,Hyderabad,Kondapur,4789,7500000,2195,76.82,88.05,96
300,11400000,2,Hyderabad,Kondapur,6882,9200000,1574,73.08,76.18,61
301,18900000,5,Pune,Hinjewadi,290,11800000,883,93.19,89.67,83
302,16600000,3,Pune,Baner,8241,14500000,3198,85.13,87.98,92
303,6800000,4,Pune,Hinjewadi,8783,12600000,1208,94.07,73.88,50
304,14900000,1,Chennai,Velachery,8315,14200000,882,80.12,71.17,68
305,14200000,5,Hyderabad,Madhapur,3646,18900000,1772,83.23,90.28,51
306,19300000,2,Bengaluru,Electronic City,6140,22700000,2969,85.95,95.61,63
307,14500000,4,Chennai,Velachery,3394,14000000,1963,94.64,64.29,57
308,18300000,5,Bengaluru,Indiranagar,9081,8600000,3675,82.88,92.74,75
309,17800000,3,Hyderabad,Gachibowli,432,15000000,1354,98.15,60.68,100
310,7800000,1,Bengaluru,Electronic City,7113,20200000,1622,70.76,79.88,87
311,3200000,5,Pune,Wakad,3529,18900000,2142,78.92,83.36,92
312,8700000,2,Bengaluru,Whitefield,2630,3900000,2610,87.8,95.87,67
313,6400000,5,Pune,Wakad,5127,6100000,2625,73.56,63.78,87
314,8700000,5,Hyderabad,Kukatpally,4312,4600000,3085,98.4,86.9,76
315,6900000,5,Hyderabad,Kukatpally,6251,7500000,2738,71.63,75.49,68
316,5800000,5,Chennai,Anna Nagar,7075,14600000,3838,81.21,83.05,77
317,6700000,2,Pune,Baner,717,10200000,3511,94.35,78.77,77
318,6900000,3,Bengaluru,Indiranagar,4602,21700000,668,84.62,78.48,72
319,6800000,5,Chennai,Adyar,9007,19800000,2540,80.6,81.84,58
320,4800000,3,Bengaluru,HSR Layout,5647,11400000,618,78.36,81.41,88
321,12500000,5,Hyderabad,Kondapur,7973,21100000,2560,94.7,75.52,87
322,16100000,2,Pune,Baner,2853,8900000,1133,90.76,89.02,70
323,15100000,1,Pune,Hinjewadi,2242,9100000,3468,96.73,94.83,87
324,13700000,4,Hyderabad,Kondapur,1362,14400000,1729,78.75,62.68,99
325,10200000,4,Mumbai,Andheri,309,19100000,3866,88.49,72.04,84
326,18100000,4,Hyderabad,Madhapur,2055,3800000,2319,89.91,98.09,62
327,17200000,5,Chennai,Anna Nagar,4965,20300000,959,95.85,73.31,78
328,19500000,3,Hyderabad,Gachibowli,3158,9700000,2356,93.72,98.37,69
329,6200000,3,Hyderabad,Gachibowli,5239,24800000,2223,90.23,66.98,80
330,5400000,2,Pune,Baner,6364,13400000,1049,80.3,61.94,77
331,15500000,3,Hyderabad,Kondapur,5127,19100000,1931,96.69,74.32,81
332,9600000,4,Chennai,Velachery,6945,19500000,644,78.56,82.82,78
333,7500000,3,Chennai,Velachery,8032,6300000,3092,95.77,73.52,96
334,10300000,3,Chennai,Anna Nagar,2764,24100000,3071,91.73,73.36,69
335,7300000,2,Bengaluru,HSR Layout,8754,24400000,1555,99.11,92.03,55
336,10600000,4,Chennai,Velachery,1244,16000000,1776,82.28,95.53,60
337,5100000,2,Hyderabad,Gachibowli,1144,17000000,1999,90.94,97.78,70
338,12500000,1,Hyderabad,Kondapur,5635,18700000,3320,80.07,98.43,89
339,8100000,1,Chennai,OMR,9923,23300000,2332,81.86,62.57,50
340,20000000,2,Chennai,Anna Nagar,6218,11100000,2412,80.58,98.88,85
341,3300000,4,Mumbai,Powai,8536,5200000,2643,75.97,89.6,75
342,3200000,3,Mumbai,Thane,7903,10300000,2035,97.91,74.08,57
343,12500000,3,Hyderabad,Kondapur,2522,18600000,2523,82.1,97.66,83
344,13400000,4,Mumbai,Powai,2199,10300000,3849,78.79,95.5,75
345,18900000,1,Pune,Baner,8383,11300000,2849,86.33,63.97,87
346,8700000,3,Mumbai,Powai,9811,22200000,1823,70.27,66.71,94
347,8200000,1,Pune,Kharadi,9507,7900000,1751,76.85,97.31,88
348,6500000,2,Mumbai,Andheri,6117,23500000,817,89.27,76.87,86
349,13500000,3,Mumbai,Andheri,2277,9700000,2716,88.6,60.17,53
350,17900000,2,Hyderabad,Gachibowli,3121,18100000,2344,70.47,90.28,77
351,6500000,3,Pune,Hinjewadi,9575,7100000,2023,75.89,74.69,83
352,3000000,3,Mumbai,Powai,5290,3900000,2350,81.52,63.83,90
353,5600000,3,Chennai,Velachery,1563,20800000,1813,87.87,84.62,93
354,5300000,4,Mumbai,Thane,4365,13000000,1081,74.74,60.51,77
355,11600000,2,Bengaluru,HSR Layout,7246,17000000,1532,82.03,95.98,91
356,18100000,3,Mumbai,Thane,3482,6700000,2888,76.39,98.06,72
357,12500000,5,Pune,Kharadi,4991,17800000,2997,94.67,77.62,52
358,13000000,4,Mumbai,Bandra,7743,11500000,2648,95.88,64.08,88
359,13600000,3,Mumbai,Powai,1129,24500000,3296,76.56,92.16,84
360,19500000,4,Chennai,Anna Nagar,3817,6600000,639,88.4,69.16,57
361,17300000,3,Pune,Baner,525,17800000,2480,84.48,65.44,96
362,9500000,1,Mumbai,Bandra,5224,19200000,1492,70.79,94.23,68
363,7700000,2,Chennai,Anna Nagar,6369,10100000,1724,91.58,71.21,64
364,10100000,1,Chennai,Anna Nagar,3475,11400000,1253,77.51,72.99,87
365,19800000,3,Mumbai,Andheri,4870,11800000,2151,83.2,86.65,61
366,3300000,5,Mumbai,Thane,677,14900000,2548,88.81,60.23,91
367,16200000,4,Hyderabad,Kondapur,9861,11700000,2766,99.5,73.61,97
368,13400000,5,Bengaluru,Electronic City,9121,14600000,770,86.04,63.77,71
369,18700000,1,Pune,Wakad,5243,4500000,768,81.0,61.29,65
370,10000000,1,Chennai,Anna Nagar,9911,19200000,1980,84.51,60.13,70
371,3600000,4,Pune,Hinjewadi,3355,13300000,1386,82.6,90.35,61
372,11400000,2,Bengaluru,Whitefield,1408,5300000,1648,96.7,93.06,55
373,16700000,3,Hyderabad,Gachibowli,8299,22900000,2920,88.84,78.22,68
374,8900000,1,Mumbai,Powai,2326,6300000,941,72.51,69.14,98
375,9300000,5,Chennai,Velachery,3377,23600000,3120,90.68,64.59,77
376,13100000,1,Hyderabad,Kondapur,7821,24700000,1416,94.66,69.51,53
377,17100000,2,Hyderabad,Gachibowli,951,21300000,1511,79.86,61.92,51
378,10200000,2,Chennai,Anna Nagar,8555,13800000,657,94.67,83.94,70
379,12800000,1,Chennai,OMR,1219,15300000,2028,97.22,63.45,90
380,15100000,2,Chennai,Adyar,4077,4300000,1937,88.74,79.08,80
381,7400000,4,Bengaluru,Electronic City,7247,11900000,2965,79.06,99.38,87
382,8900000,2,Hyderabad,Madhapur,1385,3500000,1303,72.0,78.18,86
383,14000000,4,Bengaluru,Indiranagar,6323,7600000,2108,97.87,89.49,92
384,11400000,5,Hyderabad,Kondapur,7873,12100000,1122,75.21,75.45,65
385,14700000,2,Chennai,OMR,3992,18500000,987,71.08,62.75,59
386,16800000,3,Mumbai,Powai,2266,20400000,1335,72.49,79.94,79
387,14400000,1,Pune,Wakad,9646,10000000,1581,89.26,64.13,65
388,17700000,2,Pune,Baner,9889,17900000,2381,77.98,99.35,74
389,17200000,3,Chennai,OMR,28,9900000,2201,79.37,88.7,65
390,11200000,4,Pune,Wakad,2172,22400000,1011,81.72,77.58,57
391,16500000,5,Chennai,OMR,8162,23200000,2424,92.12,64.56,96
392,15800000,5,Pune,Hinjewadi,2179,7800000,741,98.2,99.31,55
393,3800000,4,Hyderabad,Kondapur,1046,18500000,1724,77.82,70.4,100
394,13900000,5,Pune,Baner,4699,15700000,3159,76.53,89.95,97
395,7500000,1,Mumbai,Thane,5293,11800000,3887,98.5,81.95,60
396,5300000,2,Chennai,Adyar,8004,7100000,1761,95.69,98.72,54
397,6900000,2,Mumbai,Thane,4534,12000000,1938,76.92,85.75,77
398,13400000,2,Hyderabad,Kondapur,7962,11700000,1282,74.75,71.32,75
399,7700000,2,Mumbai,Thane,46,17600000,3073,90.68,98.75,83
400,12100000,3,Bengaluru,HSR Layout,5721,10600000,3980,86.28,67.98,82
401,19900000,3,Chennai,Velachery,4762,23500000,1520,95.74,85.94,69
402,12600000,4,Bengaluru,Indiranagar,1915,18200000,2911,90.28,69.62,63
403,14800000,2,Pune,Kharadi,4423,13000000,1043,75.72,82.0,97
404,6600000,3,Hyderabad,Kondapur,5452,19900000,3675,71.85,85.38,85
405,15100000,1,Pune,Baner,5675,20500000,2734,94.32,64.66,69
406,14600000,3,Mumbai,Thane,1337,18000000,3793,72.64,79.27,92
407,7300000,2,Hyderabad,Kukatpally,7964,20200000,927,83.67,96.84,65
408,14400000,1,Bengaluru,HSR Layout,2405,16200000,1794,75.77,62.7,65
409,9100000,2,Mumbai,Andheri,8620,23000000,3754,99.41,91.49,71
410,4000000,1,Chennai,Adyar,4343,3800000,1517,83.42,93.4,89
411,12100000,2,Chennai,Velachery,3519,23800000,2316,85.73,76.63,76
412,7500000,2,Mumbai,Powai,1876,10900000,1913,94.46,83.88,75
413,5500000,1,Chennai,OMR,5349,11900000,1512,95.96,81.21,60
414,10500000,4,Hyderabad,Gachibowli,7014,4200000,2320,86.43,85.04,65
415,15000000,4,Hyderabad,Gachibowli,4562,9500000,1758,98.3,65.73,64
416,7600000,2,Bengaluru,Whitefield,7241,9000000,3393,79.93,72.18,64
417,13500000,2,Pune,Baner,2273,23200000,957,99.17,68.22,61
418,13500000,5,Hyderabad,Gachibowli,8434,17400000,1207,86.69,86.06,64
419,8900000,1,Hyderabad,Kukatpally,9347,4900000,3243,95.42,88.28,75
420,6200000,4,Hyderabad,Madhapur,8516,15300000,3749,93.31,62.75,52
421,15800000,1,Mumbai,Bandra,7812,16400000,2691,82.66,74.12,99
422,17200000,3,Pune,Kharadi,882,7700000,1117,91.14,60.42,72
423,13900000,3,Hyderabad,Kukatpally,2469,7800000,3660,81.94,98.72,65
424,12500000,4,Mumbai,Andheri,2268,18700000,1779,73.33,61.95,98
425,14000000,3,Mumbai,Andheri,7995,10000000,813,75.34,92.09,92
426,3000000,4,Mumbai,Bandra,5303,24100000,2170,87.04,67.68,88
427,8800000,1,Chennai,Anna Nagar,8482,23600000,3893,73.35,96.47,53
428,11400000,4,Chennai,OMR,5959,16900000,2117,94.29,76.98,79
429,12400000,3,Hyderabad,Madhapur,4018,4400000,1458,77.82,73.9,64
430,14200000,1,Mumbai,Powai,9417,7400000,3439,98.36,96.4,75
431,19800000,4,Chennai,Anna Nagar,9586,18000000,2874,91.38,92.04,50
432,19400000,1,Bengaluru,HSR Layout,6481,24900000,2759,90.93,92.26,58
433,3000000,1,Bengaluru,HSR Layout,7615,19600000,1032,76.07,61.76,78
434,14200000,4,Bengaluru,Whitefield,6522,18900000,3395,81.75,88.94,60
435,11200000,1,Hyderabad,Kukatpally,8737,18800000,1375,75.2,88.43,74
436,12900000,3,Bengaluru,Whitefield,1670,15900000,2632,78.67,60.48,65
437,11900000,2,Hyderabad,Gachibowli,9301,11600000,1568,90.51,98.49,65
438,8500000,3,Mumbai,Andheri,1807,9500000,1139,98.31,75.53,99
439,17000000,1,Hyderabad,Kukatpally,4269,10800000,3129,99.43,64.86,79
440,13900000,3,Bengaluru,Electronic City,9127,4400000,2062,93.32,65.87,97
441,6000000,4,Chennai,OMR,9264,20500000,1555,70.15,94.54,58
442,13200000,3,Bengaluru,HSR Layout,8580,11600000,1220,98.81,64.63,99
443,19700000,2,Pune,Hinjewadi,9095,8600000,2013,82.83,93.0,62
444,10300000,1,Mumbai,Powai,6678,22400000,2390,84.14,67.78,86
445,7600000,2,Mumbai,Andheri,6872,3600000,1271,87.43,73.46,53
446,17000000,3,Hyderabad,Gachibowli,7612,5700000,2760,94.82,88.1,70
447,9000000,4,Hyderabad,Kondapur,1609,17400000,3937,76.2,79.75,69
448,3700000,3,Mumbai,Powai,9833,12600000,2973,98.65,77.47,97
449,3500000,3,Hyderabad,Madhapur,676,18200000,3513,83.35,78.36,98
450,8600000,5,Mumbai,Powai,5224,17800000,3398,96.41,95.13,56
451,8500000,4,Mumbai,Thane,7293,16300000,961,81.01,79.76,70
452,13300000,1,Chennai,Adyar,181,18500000,1420,94.13,92.65,100
453,11700000,5,Bengaluru,Indiranagar,4462,8000000,3273,95.89,67.49,56
454,10500000,5,Mumbai,Powai,7141,19800000,3736,95.1,98.14,67
455,3900000,2,Pune,Kharadi,8766,11000000,3091,89.34,89.61,52
456,5400000,1,Mumbai,Andheri,3024,22000000,1379,74.53,86.75,72
457,10700000,3,Mumbai,Thane,1207,23900000,3298,79.1,77.73,80
458,19400000,2,Chennai,Anna Nagar,6375,18600000,1167,95.03,60.43,59
459,6200000,2,Hyderabad,Gachibowli,3905,6400000,977,77.33,87.73,76
460,3500000,5,Hyderabad,Gachibowli,7255,7300000,2164,89.55,64.78,63
461,15100000,4,Pune,Baner,4838,12500000,1103,80.74,99.77,71
462,5600000,4,Mumbai,Thane,3517,19200000,3479,91.3,98.26,61
463,17200000,1,Mumbai,Bandra,5917,18900000,1397,87.15,86.73,91
464,15500000,1,Pune,Hinjewadi,2302,13600000,2730,82.45,82.29,92
465,5700000,5,Pune,Baner,7383,15900000,3000,98.98,72.9,75
466,13400000,1,Pune,Kharadi,9289,6400000,1015,79.23,83.25,58
467,13100000,1,Chennai,OMR,4823,21600000,980,88.08,98.11,79
468,9800000,5,Pune,Kharadi,672,13200000,1124,75.53,65.54,54
469,18300000,1,Mumbai,Thane,3315,21000000,898,77.82,79.53,54
470,17200000,3,Hyderabad,Gachibowli,9770,5700000,3147,79.88,60.46,58
471,19900000,4,Mumbai,Thane,5767,25000000,3761,91.63,83.88,92
472,6800000,4,Chennai,Anna Nagar,7124,10400000,3442,81.83,80.95,64
473,11600000,2,Mumbai,Powai,787,14600000,3397,77.9,97.17,56
474,16400000,2,Mumbai,Andheri,5828,15800000,2888,77.24,82.47,72
475,14600000,2,Pune,Kharadi,3235,10700000,2491,93.54,72.84,83
476,17200000,1,Pune,Baner,9024,11000000,2728,95.78,90.42,70
477,11900000,4,Bengaluru,Electronic City,3570,8000000,3515,81.88,93.81,74
478,5700000,1,Pune,Hinjewadi,776,23000000,3255,94.34,84.06,77
479,7800000,2,Chennai,Anna Nagar,3810,16500000,3048,91.42,80.86,68
480,19200000,2,Pune,Hinjewadi,9595,23800000,1168,86.96,60.78,73
481,17800000,1,Mumbai,Powai,5116,23000000,2756,72.31,98.1,60
482,4300000,2,Pune,Kharadi,9225,11800000,3102,76.28,97.85,96
483,3700000,2,Pune,Kharadi,4765,15200000,929,91.36,93.28,73
484,15400000,5,Chennai,OMR,9775,10900000,1173,86.56,79.05,87
485,10900000,3,Hyderabad,Kondapur,2002,21400000,2008,81.75,83.42,91
486,14800000,5,Chennai,Adyar,9263,24700000,1337,85.09,92.69,75
487,7400000,5,Mumbai,Bandra,4861,12900000,2171,78.33,77.75,69
488,18100000,3,Bengaluru,Whitefield,949,10500000,3733,84.43,77.97,56
489,18800000,1,Pune,Wakad,9839,6500000,2692,89.39,86.69,74
490,12300000,2,Chennai,Velachery,4585,10500000,874,96.3,85.59,68
491,17500000,1,Pune,Wakad,4534,6400000,3177,93.79,92.55,85
492,19400000,5,Hyderabad,Kondapur,650,5700000,2208,97.8,79.01,87
493,17100000,1,Bengaluru,Indiranagar,8889,21500000,3429,92.92,60.63,86
494,11400000,1,Bengaluru,Electronic City,5534,4500000,2717,90.47,95.97,89
495,9400000,3,Pune,Wakad,9444,16900000,740,91.86,83.69,97
496,11600000,3,Pune,Baner,3411,7300000,2778,87.2,69.96,63
497,17500000,1,Mumbai,Powai,5051,11000000,1854,71.1,94.31,67
498,9100000,3,Bengaluru,Whitefield,5173,23000000,2439,82.49,77.94,86
499,14200000,1,Pune,Kharadi,6077,18300000,1557,83.45,86.15,75
500,18500000,1,Bengaluru,HSR Layout,9664,9600000,2543,92.52,89.28,87
501,9000000,2,Bengaluru,HSR Layout,4290,16700000,3355,86.3,76.87,85
502,10100000,3,Bengaluru,Indiranagar,8059,11500000,3987,94.63,97.06,60
503,6200000,4,Mumbai,Powai,3319,24800000,1827,94.61,78.52,99
504,14900000,2,Bengaluru,HSR Layout,2014,13200000,2485,83.51,78.56,64
505,16700000,2,Pune,Hinjewadi,9405,4300000,1933,90.02,74.48,78
506,9800000,3,Pune,Hinjewadi,1613,5000000,1105,76.31,88.48,91
507,18100000,3,Hyderabad,Kukatpally,5368,13400000,2811,75.35,99.02,84
508,16500000,3,Hyderabad,Gachibowli,6911,18900000,2150,75.14,73.56,81
509,12200000,3,Pune,Kharadi,3125,13100000,3933,83.25,71.65,85
510,4900000,1,Chennai,Adyar,7531,8800000,2092,89.01,76.43,70
511,15900000,2,Chennai,Adyar,5428,12500000,1232,95.49,97.79,67
512,16700000,4,Bengaluru,Indiranagar,6459,24500000,2423,81.62,90.4,94
513,18700000,1,Hyderabad,Madhapur,5228,6600000,2698,99.43,89.1,99
514,3400000,4,Hyderabad,Kondapur,311,3900000,3348,88.02,87.49,67
515,11200000,3,Pune,Wakad,2897,7400000,3135,96.83,70.33,70
516,12600000,1,Mumbai,Thane,9919,12600000,967,72.93,61.14,77
517,10700000,2,Hyderabad,Kukatpally,4685,21700000,3964,84.77,68.5,50
518,18600000,1,Chennai,Adyar,547,4300000,609,99.68,99.24,75
519,9800000,5,Bengaluru,Whitefield,5709,11900000,3103,74.27,79.76,62
520,18600000,1,Pune,Wakad,772,22400000,2759,76.06,80.41,50
521,6700000,1,Pune,Hinjewadi,9103,11500000,2289,78.57,97.36,50
522,11000000,5,Hyderabad,Kondapur,7725,12300000,3984,91.16,77.84,99
523,10300000,4,Mumbai,Powai,7033,21900000,2667,94.82,62.01,98
524,9400000,1,Hyderabad,Kondapur,3221,14100000,2102,90.7,81.74,52
525,12900000,5,Bengaluru,Whitefield,6603,9800000,2953,96.33,85.52,71
526,3900000,4,Pune,Kharadi,4304,4400000,3688,86.15,91.55,78
527,18600000,3,Chennai,OMR,7888,23800000,1406,83.22,93.67,57
528,16900000,4,Hyderabad,Kukatpally,4484,24100000,1528,71.59,88.52,51
529,6200000,4,Pune,Hinjewadi,1027,18200000,3521,90.96,76.33,62
530,13900000,5,Bengaluru,Whitefield,1833,13400000,2221,85.46,85.2,72
531,16300000,5,Chennai,Anna Nagar,9457,3500000,3366,82.59,92.02,90
532,16100000,3,Chennai,Adyar,5993,8500000,1211,83.43,80.17,91
533,17000000,1,Bengaluru,Indiranagar,8550,15700000,1395,84.14,92.52,64
534,4600000,4,Mumbai,Powai,7978,24800000,712,99.46,62.59,65
535,13700000,5,Pune,Wakad,4811,9200000,1509,78.8,93.16,75
536,5200000,4,Hyderabad,Kukatpally,3896,7800000,3926,70.25,67.47,70
537,16500000,2,Pune,Wakad,5228,11100000,2810,86.63,82.29,55
538,6000000,2,Bengaluru,HSR Layout,9936,22800000,3358,75.36,67.61,52
539,17700000,3,Bengaluru,HSR Layout,2172,10800000,3540,91.61,81.89,72
540,5000000,1,Bengaluru,Indiranagar,5891,24800000,960,76.16,79.04,56
541,17800000,4,Hyderabad,Gachibowli,7460,16600000,3336,87.54,77.61,61
542,8900000,2,Pune,Kharadi,7141,7100000,2482,86.6,74.55,70
543,11400000,5,Pune,Baner,1361,9300000,2429,72.27,80.12,60
544,12400000,2,Chennai,Adyar,1452,10600000,1146,86.44,72.59,62
545,7700000,3,Chennai,Adyar,2856,24800000,3133,98.22,89.18,50
546,4200000,3,Chennai,Velachery,1529,14800000,1785,74.49,81.69,80
547,9800000,3,Hyderabad,Kondapur,9485,17500000,2930,98.05,95.31,92
548,6900000,5,Mumbai,Andheri,99,12500000,3684,85.25,86.09,89
549,18200000,2,Mumbai,Powai,640,11600000,1683,70.15,60.03,65
550,13800000,5,Hyderabad,Madhapur,1550,16500000,1302,84.0,92.12,57
551,6900000,4,Chennai,Velachery,4433,9800000,2355,92.91,69.9,92
552,8100000,4,Bengaluru,Indiranagar,6,16800000,1562,78.1,93.11,50
553,12300000,3,Bengaluru,Whitefield,3343,16300000,1798,91.79,74.19,54
554,4800000,5,Chennai,Velachery,9607,4100000,600,85.17,97.7,80
555,3200000,4,Hyderabad,Madhapur,5263,21200000,2674,70.77,64.6,62
556,7100000,2,Mumbai,Powai,3553,9900000,1997,94.0,86.75,97
557,15400000,3,Hyderabad,Gachibowli,3603,10800000,1566,74.02,80.46,78
558,9700000,1,Mumbai,Andheri,3947,12500000,3507,90.67,95.67,87
559,17100000,3,Mumbai,Powai,2578,15300000,3308,96.91,82.38,63
560,6500000,2,Pune,Wakad,2348,18300000,1217,85.8,81.29,81
561,10100000,4,Chennai,OMR,1145,21800000,1714,74.02,66.83,52
562,16000000,2,Pune,Baner,6826,22600000,2121,99.72,72.95,58
563,18000000,1,Bengaluru,Electronic City,5177,14700000,2143,78.38,82.93,75
564,11100000,4,Pune,Hinjewadi,4638,21700000,2016,86.88,94.15,57
565,19400000,1,Hyderabad,Kukatpally,797,9700000,906,76.07,99.81,50
566,18100000,4,Pune,Kharadi,4955,24700000,868,97.47,64.16,76
567,4400000,5,Chennai,Anna Nagar,2082,12000000,738,79.73,89.66,60
568,10100000,4,Pune,Kharadi,7427,11800000,2987,78.72,83.55,58
569,5500000,4,Pune,Hinjewadi,7869,6600000,2072,86.38,90.35,61
570,8600000,2,Hyderabad,Gachibowli,1953,8600000,1092,80.5,68.53,72
571,4600000,3,Mumbai,Thane,1753,9900000,1357,90.07,94.31,55
572,4800000,5,Pune,Wakad,7631,4200000,3046,99.29,88.9,61
573,15300000,4,Pune,Baner,4882,21400000,3810,87.53,84.49,73
574,5100000,5,Hyderabad,Kondapur,3079,11400000,2728,82.13,94.49,54
575,15700000,2,Pune,Wakad,9502,22500000,2913,88.88,77.64,73
576,8000000,1,Bengaluru,Indiranagar,1437,20200000,1328,75.93,99.23,57
577,3600000,3,Hyderabad,Kondapur,6364,20400000,3714,82.16,71.85,81
578,19800000,1,Mumbai,Andheri,8326,10400000,3820,94.76,89.56,67
579,14400000,2,Mumbai,Thane,4984,11500000,3601,76.53,82.16,64
580,15300000,2,Hyderabad,Kukatpally,4730,6500000,2357,78.34,60.27,88
581,10400000,2,Chennai,Adyar,4592,6400000,3984,93.49,81.91,88
582,18300000,5,Bengaluru,HSR Layout,583,7600000,2620,85.77,74.29,95
583,5100000,1,Chennai,Anna Nagar,7656,10000000,3491,83.16,78.27,83
584,16600000,2,Mumbai,Andheri,1435,20800000,3227,75.87,97.86,93
585,15800000,2,Chennai,Adyar,8773,21700000,1857,90.29,76.87,55
586,3000000,4,Pune,Kharadi,2011,6600000,2436,83.91,79.38,86
587,11600000,2,Bengaluru,Indiranagar,5602,16500000,3487,92.33,64.43,81
588,13800000,4,Bengaluru,Electronic City,4021,20400000,3984,76.74,98.39,85
589,14800000,1,Hyderabad,Madhapur,2770,7800000,2630,94.03,79.53,93
590,5900000,3,Pune,Hinjewadi,4351,11400000,2631,92.4,79.93,61
591,10900000,3,Mumbai,Andheri,5748,9100000,2275,78.64,79.74,54
592,11900000,3,Bengaluru,HSR Layout,2118,6800000,1419,72.18,66.18,75
593,14600000,2,Hyderabad,Kondapur,9366,6200000,3831,97.68,87.79,54
594,19100000,3,Chennai,Velachery,48,17700000,1986,88.74,68.76,93
595,16000000,5,Hyderabad,Kukatpally,1115,20200000,2323,75.11,94.31,83
596,6900000,5,Bengaluru,Indiranagar,6345,7800000,866,85.94,95.34,97
597,18600000,1,Hyderabad,Kukatpally,3643,4000000,1968,76.14,75.41,59
598,11300000,5,Chennai,Anna Nagar,6805,6800000,1592,75.01,83.96,99
599,3900000,3,Mumbai,Powai,975,12900000,1526,76.32,67.09,92
600,18300000,5,Mumbai,Andheri,2663,22700000,1543,84.33,63.41,98
601,7300000,1,Mumbai,Andheri,8326,10600000,2791,88.64,80.5,51
602,3900000,2,Bengaluru,Electronic City,4966,14400000,2059,73.88,83.45,74
603,8600000,5,Pune,Hinjewadi,5272,17800000,1569,98.23,70.42,97
604,3100000,2,Pune,Wakad,7455,11300000,2315,97.99,95.43,54
605,5600000,1,Hyderabad,Kukatpally,5375,10700000,942,74.25,74.88,86
606,3600000,3,Bengaluru,Whitefield,3043,5700000,3268,84.8,93.29,92
607,4100000,5,Hyderabad,Kondapur,8137,6500000,1984,84.4,95.09,78
608,10100000,3,Bengaluru,Electronic City,9332,8100000,2687,72.49,65.15,80
609,14000000,4,Chennai,Adyar,3382,11900000,2066,96.96,60.78,73
610,3900000,3,Pune,Kharadi,2804,5300000,3872,84.34,78.53,90
611,6000000,1,Bengaluru,HSR Layout,6260,22100000,3496,89.27,71.52,64
612,15900000,5,Hyderabad,Kondapur,9343,22200000,2770,74.01,64.05,84
613,3200000,2,Mumbai,Powai,145,19200000,3805,86.93,96.65,80
614,4600000,4,Bengaluru,HSR Layout,5349,13500000,2935,81.17,73.42,70
615,9900000,4,Chennai,Velachery,5684,12700000,3462,74.3,64.66,86
616,11900000,2,Chennai,Velachery,5131,3700000,1470,70.22,86.17,91
617,9400000,1,Bengaluru,HSR Layout,9400,8300000,3540,90.56,71.02,99
618,3900000,1,Chennai,Adyar,7996,17100000,1607,85.6,76.82,64
619,17300000,4,Chennai,Adyar,9419,24700000,1475,92.67,96.98,91
620,4200000,1,Hyderabad,Gachibowli,7760,23200000,2826,71.47,79.68,95
621,5100000,4,Bengaluru,Indiranagar,8705,14200000,1650,86.41,91.75,78
622,3700000,1,Hyderabad,Madhapur,7784,14800000,1135,84.7,96.02,77
623,4600000,5,Hyderabad,Kondapur,3296,3700000,2802,86.98,84.97,98
624,3900000,2,Chennai,Adyar,3526,18800000,2457,72.14,88.14,72
625,8000000,5,Hyderabad,Kukatpally,5480,23800000,3194,99.09,64.81,54
626,4700000,2,Mumbai,Powai,7443,19200000,1791,83.1,99.31,65
627,7900000,4,Pune,Baner,4809,11900000,2506,94.35,97.19,88
628,4800000,2,Mumbai,Thane,6720,19100000,1710,93.78,99.76,91
629,3000000,3,Hyderabad,Kondapur,4640,6100000,3459,83.33,78.8,60
630,14700000,2,Hyderabad,Gachibowli,9685,11900000,2707,73.2,68.57,60
631,7400000,5,Chennai,OMR,2079,6400000,2710,74.86,98.11,93
632,17400000,5,Pune,Baner,8429,11400000,1472,71.05,78.71,72
633,11300000,2,Pune,Baner,5933,7800000,945,92.54,66.51,61
634,18400000,5,Bengaluru,HSR Layout,8036,22500000,3212,85.02,67.86,86
635,12100000,4,Chennai,Velachery,47,4500000,776,84.51,75.87,56
636,19400000,2,Hyderabad,Kukatpally,503,23400000,3627,72.61,65.39,82
637,6500000,5,Mumbai,Powai,9894,15700000,2010,85.63,66.9,91
638,6400000,4,Pune,Wakad,6820,24900000,2149,87.42,83.46,97
639,5600000,2,Hyderabad,Kondapur,5029,14400000,3777,98.94,61.11,85
640,4200000,4,Bengaluru,Electronic City,8904,9000000,1972,71.07,96.91,92
641,6200000,4,Hyderabad,Madhapur,2917,8600000,723,88.36,98.58,77
642,10000000,4,Pune,Wakad,5888,8400000,1336,81.68,78.8,97
643,10800000,2,Hyderabad,Madhapur,1757,9300000,3102,70.09,84.38,60
644,15500000,3,Bengaluru,Whitefield,6985,8100000,1436,83.81,94.27,76
645,7600000,1,Bengaluru,Whitefield,3400,14500000,2569,86.61,98.45,55
646,18000000,1,Pune,Hinjewadi,4619,12900000,1535,79.79,62.58,98
647,4900000,2,Bengaluru,HSR Layout,4888,20500000,2329,82.72,61.93,53
648,14200000,5,Mumbai,Powai,228,21000000,1688,75.8,61.12,95
649,12400000,4,Chennai,Adyar,1546,24900000,1480,94.23,79.06,74
650,15100000,1,Pune,Baner,6225,22700000,1662,95.57,75.72,89
651,16200000,5,Pune,Baner,8141,23000000,1778,88.2,86.37,100
652,15200000,2,Pune,Hinjewadi,217,19800000,983,73.51,99.94,77
653,3900000,1,Pune,Hinjewadi,5931,21300000,3858,82.07,95.08,93
654,10300000,4,Pune,Hinjewadi,4485,15300000,3431,85.66,91.09,73
655,10500000,2,Mumbai,Thane,648,19500000,2815,82.95,64.08,50
656,18500000,3,Pune,Kharadi,4538,18700000,1858,74.88,70.55,95
657,8100000,3,Mumbai,Thane,7853,24100000,3401,84.2,68.05,56
658,14400000,5,Bengaluru,HSR Layout,6625,11800000,3464,74.36,78.96,88
659,16400000,2,Chennai,Velachery,3452,3800000,3594,87.4,76.94,87
660,5900000,4,Mumbai,Bandra,3302,15200000,2770,83.0,62.27,95
661,12000000,4,Hyderabad,Kukatpally,9245,17300000,3777,72.61,75.36,56
662,5000000,5,Bengaluru,Whitefield,1853,7200000,3198,80.37,73.55,60
663,13500000,2,Chennai,Velachery,3616,5900000,1364,94.43,75.66,90
664,9600000,1,Chennai,OMR,9130,13300000,1132,76.84,74.9,82
665,17200000,1,Chennai,OMR,6057,4300000,3751,86.95,88.24,95
666,15400000,3,Mumbai,Bandra,3913,15300000,2551,92.9,72.12,67
667,9100000,5,Chennai,Velachery,6000,15100000,799,86.97,81.24,76
668,10900000,3,Bengaluru,Indiranagar,4052,13000000,1970,83.05,72.66,66
669,8600000,2,Mumbai,Thane,3049,19300000,771,88.23,75.05,57
670,17700000,3,Chennai,Adyar,226,10300000,1444,72.92,66.61,69
671,16800000,4,Bengaluru,Indiranagar,1702,9400000,3130,73.78,71.12,60
672,4200000,3,Pune,Hinjewadi,9301,4300000,2263,90.4,63.69,100
673,18300000,4,Pune,Kharadi,6302,12000000,2124,95.25,73.98,58
674,17200000,2,Bengaluru,Whitefield,9753,18600000,1263,94.86,76.61,63
675,17800000,3,Chennai,Anna Nagar,7995,13600000,705,98.95,83.05,93
676,15100000,3,Bengaluru,Whitefield,844,11600000,994,95.65,96.38,73
677,17900000,1,Bengaluru,Indiranagar,7452,7500000,2513,72.35,90.83,66
678,7200000,2,Pune,Kharadi,2328,10400000,3113,81.07,84.07,63
679,15400000,2,Hyderabad,Gachibowli,8057,20000000,1242,89.92,63.32,61
680,11500000,5,Mumbai,Bandra,4134,20300000,3345,93.11,89.28,56
681,17900000,5,Pune,Wakad,5951,17700000,2643,92.27,99.15,92
682,14300000,2,Hyderabad,Kondapur,29,5300000,3781,93.32,84.34,77
683,15800000,1,Pune,Baner,423,15400000,890,80.56,73.81,85
684,6900000,5,Pune,Baner,5463,14900000,3370,80.57,66.87,71
685,12400000,4,Pune,Kharadi,914,5100000,749,84.43,63.29,78
686,11300000,1,Hyderabad,Kukatpally,1482,11800000,3293,79.58,68.8,66
687,12400000,5,Mumbai,Bandra,2985,6000000,1298,79.32,77.08,54
688,19100000,5,Bengaluru,Indiranagar,5096,6900000,2027,79.51,86.59,92
689,9600000,5,Chennai,Anna Nagar,9447,16100000,1882,75.2,60.27,50
690,5900000,4,Hyderabad,Gachibowli,9172,10300000,3358,84.13,68.3,69
691,4400000,3,Hyderabad,Kondapur,9387,23700000,1218,78.33,75.07,62
692,5400000,3,Hyderabad,Gachibowli,3587,18200000,2836,84.84,83.49,97
693,16100000,1,Pune,Baner,4611,8700000,804,88.67,97.15,66
694,17500000,3,Chennai,Anna Nagar,6280,17600000,1535,82.12,75.8,57
695,17800000,4,Chennai,Adyar,8264,5600000,3310,93.06,79.56,58
696,10900000,4,Mumbai,Andheri,9566,15600000,1111,90.28,80.31,56
697,14100000,3,Chennai,Adyar,491,16600000,2693,78.17,91.67,55
698,9600000,2,Chennai,OMR,5057,7200000,2085,70.51,92.02,88
699,16000000,2,Hyderabad,Madhapur,3468,24200000,3327,75.38,97.06,74
700,5600000,4,Hyderabad,Kukatpally,8582,12700000,3434,90.84,63.62,64
701,17800000,1,Bengaluru,Indiranagar,772,18000000,2603,72.65,94.41,57
702,3600000,1,Bengaluru,HSR Layout,3328,12000000,3888,71.24,76.88,56
703,15800000,3,Hyderabad,Gachibowli,9781,18900000,622,97.58,98.84,63
704,4100000,3,Hyderabad,Kukatpally,4202,21700000,2673,98.07,72.46,55
705,12500000,3,Pune,Wakad,951,18500000,3993,99.1,73.09,93
706,11500000,1,Hyderabad,Gachibowli,167,17900000,2119,95.18,60.14,59
707,15300000,4,Bengaluru,Whitefield,926,24600000,3944,88.12,72.83,95
708,6900000,5,Mumbai,Powai,6709,22800000,1105,90.57,70.5,93
709,6800000,2,Bengaluru,Whitefield,8542,4300000,2881,73.1,88.39,60
710,4500000,3,Pune,Kharadi,8327,9400000,1191,87.22,88.57,50
711,7500000,4,Chennai,Adyar,7878,21100000,2528,94.7,81.01,81
712,19700000,5,Pune,Kharadi,8906,20000000,638,92.84,85.77,56
713,14200000,3,Bengaluru,Indiranagar,4038,16900000,1294,79.45,74.26,60
714,19900000,4,Chennai,Velachery,4951,22400000,1699,87.84,67.65,54
715,11300000,4,Mumbai,Andheri,9391,14600000,2845,95.2,89.4,59
716,16500000,5,Hyderabad,Kondapur,9666,5600000,1567,85.4,86.62,93
717,19100000,1,Chennai,Adyar,5167,13800000,3323,89.85,65.15,96
718,10900000,3,Bengaluru,HSR Layout,628,7000000,3735,98.89,69.54,58
719,3600000,1,Mumbai,Andheri,6679,17400000,3449,86.31,78.6,65
720,18300000,3,Mumbai,Andheri,8714,4000000,1191,73.76,63.62,58
721,4200000,3,Bengaluru,Electronic City,3569,11100000,3875,71.9,78.49,63
722,3900000,1,Chennai,Adyar,5603,14600000,861,80.16,78.78,92
723,5300000,4,Hyderabad,Kukatpally,2392,24300000,894,96.81,99.12,84
724,3600000,5,Chennai,Velachery,5461,3700000,1013,80.3,80.39,56
725,3600000,2,Chennai,Adyar,2431,18400000,2667,85.21,65.34,92
726,5100000,4,Pune,Baner,8384,12200000,1785,90.34,71.89,53
727,17700000,3,Bengaluru,Indiranagar,9334,24800000,1726,78.86,95.68,52
728,18900000,2,Hyderabad,Gachibowli,8778,25000000,3992,85.3,61.72,68
729,18100000,4,Pune,Hinjewadi,2686,10400000,1732,76.66,98.15,92
730,3400000,4,Bengaluru,Electronic City,4878,16100000,1559,72.04,92.56,61
731,14500000,4,Hyderabad,Kondapur,8989,14700000,2298,84.62,77.23,51
732,18800000,5,Hyderabad,Kukatpally,5376,11700000,3401,76.06,87.39,92
733,10000000,3,Bengaluru,HSR Layout,3713,20000000,3334,86.17,80.26,73
734,7900000,4,Hyderabad,Kondapur,1138,9700000,2970,93.97,66.68,54
735,18900000,4,Chennai,Adyar,8262,8000000,3356,80.11,92.82,98
736,3200000,5,Hyderabad,Madhapur,3260,11800000,2411,71.67,67.71,54
737,7400000,5,Chennai,OMR,6133,23500000,3973,95.5,71.4,59
738,9000000,3,Hyderabad,Kondapur,4778,15600000,1096,85.25,74.08,63
739,15100000,1,Hyderabad,Kondapur,4279,4300000,2133,70.48,78.28,99
740,3600000,2,Pune,Kharadi,8089,8200000,1192,94.58,88.24,88
741,13900000,3,Chennai,Velachery,8276,11300000,676,71.99,60.89,55
742,10200000,3,Hyderabad,Madhapur,5134,9100000,3198,70.78,70.21,54
743,19000000,4,Chennai,Adyar,8767,20900000,3683,70.77,86.73,60
744,3100000,1,Pune,Wakad,6741,4300000,3114,73.56,86.43,99
745,12700000,3,Hyderabad,Gachibowli,7532,18300000,3424,97.96,79.52,52
746,7500000,2,Bengaluru,Electronic City,9312,5900000,1347,95.15,77.38,81
747,20000000,1,Bengaluru,Whitefield,1505,12600000,2869,80.45,94.24,89
748,12100000,3,Mumbai,Andheri,6920,19800000,1059,86.92,78.9,96
749,13900000,1,Mumbai,Andheri,9247,13600000,1601,76.49,98.39,73
750,20000000,2,Bengaluru,Electronic City,9006,5000000,2026,79.77,67.56,64
751,13700000,4,Bengaluru,Indiranagar,4815,24500000,2061,90.57,64.22,91
752,7600000,5,Pune,Hinjewadi,3131,9500000,1433,73.03,86.57,52
753,8000000,2,Pune,Baner,807,21900000,1209,75.1,66.79,89
754,12300000,5,Mumbai,Powai,4561,7400000,1520,73.2,81.01,50
755,3800000,5,Chennai,Adyar,2432,9100000,2005,84.34,73.83,75
756,12800000,1,Pune,Kharadi,3573,10900000,2583,82.12,75.28,90
757,12000000,3,Bengaluru,Electronic City,647,11200000,3694,78.51,80.08,93
758,4100000,5,Hyderabad,Kondapur,3595,11600000,1416,79.43,91.06,60
759,8400000,5,Chennai,Adyar,3591,4400000,3640,95.24,65.26,83
760,7900000,3,Chennai,Velachery,4440,6200000,3411,99.24,97.95,87
761,16600000,5,Pune,Hinjewadi,9870,15900000,3835,72.27,62.72,91
762,16500000,4,Bengaluru,Whitefield,6570,13200000,1569,89.21,77.53,67
763,13000000,4,Chennai,Velachery,7063,10500000,2409,86.4,63.49,96
764,9700000,3,Bengaluru,Electronic City,6083,15000000,3855,72.25,87.22,64
765,13200000,3,Chennai,Anna Nagar,4971,10200000,3656,95.67,66.68,60
766,4700000,1,Mumbai,Thane,2004,24300000,2394,82.17,81.17,73
767,6900000,3,Pune,Wakad,7617,20000000,2383,73.12,77.23,61
768,11700000,1,Chennai,Adyar,8467,5700000,2139,92.76,82.61,93
769,3300000,4,Chennai,OMR,1458,20300000,2031,90.27,73.85,56
770,12100000,4,Bengaluru,Electronic City,6264,20600000,1307,98.14,81.79,76
771,11000000,1,Bengaluru,Electronic City,6742,13500000,1614,81.16,75.97,91
772,11000000,4,Bengaluru,Electronic City,928,4300000,1079,98.5,74.39,59
773,14400000,3,Mumbai,Thane,7218,4700000,902,99.76,90.55,85
774,9500000,2,Chennai,OMR,9835,19700000,1345,92.26,78.68,88
775,7300000,5,Chennai,Velachery,3217,23700000,3426,84.82,89.36,67
776,17300000,5,Chennai,OMR,2716,14500000,2039,71.43,60.4,80
777,8800000,5,Hyderabad,Madhapur,2959,14700000,2499,76.96,82.56,91
778,3000000,5,Mumbai,Thane,8558,7400000,1034,89.48,95.98,98
779,14000000,5,Pune,Kharadi,9568,23400000,3412,71.45,75.43,58
780,6800000,2,Mumbai,Bandra,2018,9100000,2137,77.24,70.82,55
781,16600000,5,Chennai,Adyar,5516,11700000,2332,71.39,68.07,66
782,3900000,5,Chennai,OMR,9595,13300000,1123,84.64,64.65,57
783,10800000,3,Pune,Kharadi,388,12500000,2383,89.55,98.25,88
784,11900000,1,Pune,Wakad,9639,12600000,667,71.11,69.41,51
785,15000000,3,Pune,Hinjewadi,468,11500000,839,95.32,61.01,86
786,13200000,3,Chennai,OMR,4244,18300000,3939,91.41,62.62,59
787,16700000,2,Hyderabad,Kukatpally,6762,8800000,2517,78.82,89.9,55
788,13800000,4,Bengaluru,Indiranagar,4344,14300000,3780,70.69,80.52,72
789,12500000,3,Hyderabad,Kukatpally,316,9700000,3211,76.56,62.49,74
790,18000000,4,Hyderabad,Kondapur,856,17800000,3931,84.01,97.54,84
791,14500000,3,Hyderabad,Gachibowli,4429,25000000,2404,86.82,99.69,61
792,8500000,2,Bengaluru,HSR Layout,8953,10700000,1457,89.75,88.66,67
793,9000000,5,Pune,Hinjewadi,418,20000000,913,99.17,86.6,71
794,10200000,4,Mumbai,Bandra,4352,17000000,1875,78.83,68.34,65
795,12200000,5,Bengaluru,Electronic City,8496,22700000,840,89.49,72.26,90
796,14600000,3,Bengaluru,HSR Layout,6521,5600000,3359,71.42,72.35,91
797,9400000,3,Hyderabad,Kondapur,1242,4900000,1730,75.54,64.04,85
798,13700000,4,Hyderabad,Gachibowli,3753,19000000,1092,94.07,70.45,81
799,4300000,5,Pune,Wakad,8739,12700000,3893,90.33,97.14,59
800,16400000,2,Chennai,Anna Nagar,928,19600000,3087,88.98,99.56,81
801,12800000,4,Mumbai,Bandra,1890,17300000,2602,91.96,88.8,86
802,15400000,2,Mumbai,Thane,1534,19200000,1466,83.47,85.37,86
803,4800000,4,Mumbai,Bandra,6218,9900000,1034,94.0,94.94,79
804,16600000,5,Pune,Wakad,6708,12300000,3467,81.36,65.38,77
805,15500000,3,Hyderabad,Madhapur,3475,22100000,3567,93.6,66.33,57
806,18100000,4,Pune,Kharadi,4765,14000000,3494,89.66,99.82,87
807,7400000,3,Bengaluru,Electronic City,4683,3600000,2533,91.06,70.29,58
808,9900000,2,Chennai,Velachery,9157,17300000,1952,84.15,75.43,70
809,19600000,5,Bengaluru,Electronic City,4221,22600000,3163,75.28,99.15,82
810,4600000,2,Bengaluru,HSR Layout,7643,13300000,1458,71.9,60.4,67
811,16800000,3,Chennai,Velachery,7738,7600000,1488,96.05,98.59,94
812,15300000,1,Chennai,OMR,7097,12100000,1132,74.41,94.67,76
813,19100000,5,Chennai,OMR,2319,22000000,2040,80.12,71.17,63
814,12300000,3,Bengaluru,HSR Layout,8709,16100000,2586,78.11,73.72,58
815,18400000,5,Hyderabad,Kukatpally,851,22700000,3665,75.34,79.48,56
816,19500000,4,Mumbai,Powai,7220,13600000,808,98.22,84.23,80
817,13200000,1,Bengaluru,Electronic City,6905,4300000,1394,70.27,84.46,95
818,15000000,5,Mumbai,Thane,7680,19300000,1790,79.12,99.78,86
819,9400000,2,Mumbai,Powai,1559,4200000,2703,77.98,79.73,50
820,11100000,2,Bengaluru,Electronic City,8855,19500000,2065,88.32,63.1,78
821,6900000,2,Bengaluru,HSR Layout,1319,9000000,770,91.49,78.34,95
822,15600000,2,Pune,Hinjewadi,2143,14300000,1868,85.25,85.09,73
823,9900000,3,Chennai,Anna Nagar,5978,24700000,2555,97.16,80.58,84
824,3300000,1,Hyderabad,Kondapur,669,17900000,3340,95.48,62.2,58
825,7000000,2,Pune,Hinjewadi,3756,24700000,2779,90.66,90.08,88
826,10700000,4,Hyderabad,Gachibowli,5205,3500000,3904,71.22,61.98,59
827,13000000,4,Pune,Wakad,7190,19200000,3925,77.01,66.36,88
828,3600000,3,Chennai,Velachery,1133,16300000,861,85.27,68.52,66
829,19800000,2,Chennai,Velachery,5712,11600000,3300,76.66,81.3,61
830,6100000,3,Mumbai,Powai,2729,21600000,2308,89.96,88.04,52
831,13900000,1,Chennai,OMR,2820,21700000,1652,83.64,65.74,87
832,16700000,4,Bengaluru,Electronic City,3838,13700000,3293,78.42,82.24,77
833,8600000,2,Chennai,Adyar,9477,18600000,3593,97.8,98.89,67
834,16300000,1,Chennai,Anna Nagar,5368,21900000,633,83.0,60.46,62
835,10900000,5,Bengaluru,Whitefield,3079,5200000,3176,98.23,96.07,91
836,7200000,3,Mumbai,Thane,9865,20600000,2451,99.02,88.82,58
837,17000000,4,Chennai,OMR,731,14500000,1754,85.02,83.41,78
838,12000000,1,Bengaluru,Indiranagar,9933,16900000,3196,95.76,85.96,50
839,11600000,1,Mumbai,Bandra,8047,23700000,3307,74.33,60.41,94
840,6600000,3,Bengaluru,HSR Layout,54,10100000,2815,90.29,65.07,56
841,12300000,3,Mumbai,Andheri,886,6600000,3625,79.65,75.95,58
842,16600000,3,Mumbai,Powai,6561,18000000,1671,93.9,65.05,67
843,10700000,5,Mumbai,Powai,253,16300000,1603,96.37,98.24,60
844,8700000,3,Pune,Hinjewadi,5819,18300000,3108,97.14,84.82,97
845,11000000,3,Bengaluru,Indiranagar,9265,17700000,1049,73.16,79.82,68
846,10000000,5,Pune,Kharadi,4545,13600000,1563,84.53,72.63,51
847,3200000,3,Chennai,Velachery,9844,3600000,3917,78.42,92.08,51
848,8700000,1,Hyderabad,Kondapur,8616,8700000,1905,83.94,83.85,58
849,11700000,3,Mumbai,Powai,4883,17600000,2339,76.68,70.01,100
850,18600000,2,Hyderabad,Gachibowli,4161,16200000,1464,78.35,75.58,82
851,19000000,2,Bengaluru,HSR Layout,9288,23900000,918,78.79,88.36,96
852,9100000,5,Mumbai,Bandra,735,9900000,833,98.48,97.04,61
853,4600000,1,Bengaluru,Electronic City,8388,20600000,3282,74.9,62.22,57
854,14700000,1,Pune,Hinjewadi,9200,12200000,3517,91.26,83.48,53
855,13900000,2,Chennai,Anna Nagar,7520,5800000,3968,88.88,77.23,67
856,15200000,1,Chennai,Velachery,449,17600000,3871,73.15,67.94,78
857,10100000,5,Mumbai,Thane,3492,22200000,3779,76.66,92.06,51
858,14200000,5,Chennai,Anna Nagar,2430,24900000,1588,71.81,81.22,70
859,17000000,4,Pune,Wakad,9240,18100000,3080,79.92,99.68,60
860,15800000,2,Chennai,Velachery,4875,17400000,1563,99.3,87.73,53
861,5300000,4,Mumbai,Andheri,808,7700000,1018,82.5,99.92,56
862,5200000,3,Mumbai,Thane,7440,16100000,1511,89.66,82.81,77
863,5100000,3,Mumbai,Bandra,872,22300000,2320,77.79,78.02,51
864,15400000,4,Chennai,OMR,2142,4900000,3629,82.75,78.08,89
865,17200000,4,Mumbai,Thane,1190,10600000,2457,78.2,89.29,59
866,14400000,4,Pune,Kharadi,8824,16300000,1467,75.37,87.85,50
867,10600000,5,Chennai,OMR,2419,24700000,691,98.61,94.74,82
868,8500000,2,Mumbai,Bandra,160,24200000,2516,94.47,78.89,100
869,7400000,4,Mumbai,Powai,7881,19100000,1988,91.1,96.51,51
870,16000000,2,Bengaluru,Whitefield,4397,14200000,2521,71.63,60.36,83
871,11800000,4,Mumbai,Thane,3109,18900000,3614,70.79,68.84,99
872,11500000,5,Bengaluru,Indiranagar,5001,12700000,2126,94.48,63.84,93
873,12800000,4,Mumbai,Thane,760,24100000,1993,95.97,87.85,69
874,10700000,4,Hyderabad,Kondapur,9255,9300000,2456,77.93,90.22,53
875,10700000,4,Hyderabad,Kondapur,4429,5900000,1129,81.38,60.14,77
876,16500000,4,Chennai,Anna Nagar,1418,24200000,1147,73.82,93.62,90
877,5700000,1,Mumbai,Powai,573,12200000,2494,82.83,68.76,75
878,13500000,5,Pune,Hinjewadi,5141,19800000,3747,83.13,87.78,52
879,5200000,2,Mumbai,Bandra,2246,20100000,2387,84.53,61.0,57
880,15800000,1,Chennai,Adyar,6870,16100000,3854,80.34,75.27,78
881,3800000,5,Mumbai,Powai,2280,19000000,1726,91.37,81.71,52
882,16500000,4,Pune,Hinjewadi,2825,9800000,3212,94.49,78.31,64
883,13500000,4,Chennai,Adyar,3953,21800000,2716,74.22,95.82,59
884,15800000,3,Chennai,Anna Nagar,6786,22200000,3976,84.21,89.75,69
885,7400000,4,Hyderabad,Kukatpally,8463,15400000,2936,74.18,96.92,87
886,13000000,2,Pune,Baner,2338,14200000,932,74.13,85.68,67
887,16800000,1,Pune,Hinjewadi,8973,6700000,3417,87.07,61.32,94
888,19600000,4,Mumbai,Andheri,7463,23900000,1882,99.6,99.06,52
889,3200000,2,Chennai,OMR,1041,8500000,2876,75.88,79.9,98
890,10000000,2,Bengaluru,Whitefield,7167,22200000,3521,95.75,82.35,90
891,9200000,2,Hyderabad,Kondapur,5316,4500000,1327,72.64,94.52,91
892,12400000,3,Hyderabad,Gachibowli,36,20400000,1523,83.42,64.65,52
893,14400000,3,Bengaluru,HSR Layout,8516,19800000,3908,89.37,69.51,74
894,4900000,2,Pune,Baner,4398,13000000,1335,72.55,62.27,97
895,13300000,3,Mumbai,Andheri,731,9000000,1716,80.89,80.15,79
896,15900000,2,Pune,Wakad,4086,24600000,1061,71.63,67.53,97
897,11600000,1,Bengaluru,HSR Layout,8435,16400000,3800,84.6,94.98,99
898,13100000,2,Mumbai,Andheri,3674,15800000,755,77.54,65.81,69
899,10700000,3,Pune,Wakad,4209,12700000,1382,94.92,62.4,94
900,10700000,3,Pune,Kharadi,3997,8800000,3528,78.79,77.25,66
901,6600000,2,Pune,Wakad,8015,16100000,1101,89.28,69.82,84
902,8400000,1,Hyderabad,Kondapur,1512,22100000,784,96.58,81.02,53
903,4500000,4,Bengaluru,Indiranagar,8240,13500000,2729,99.05,83.89,50
904,4000000,3,Mumbai,Bandra,3986,21600000,992,74.1,66.85,74
905,6900000,5,Pune,Wakad,1708,9000000,1194,78.07,73.94,64
906,12500000,4,Bengaluru,Whitefield,8892,7900000,2978,97.77,92.35,79
907,14000000,5,Hyderabad,Madhapur,754,21500000,2370,78.06,82.58,76
908,15400000,2,Hyderabad,Gachibowli,5167,23500000,3018,88.23,88.14,57
909,17500000,4,Bengaluru,HSR Layout,7721,9500000,1798,89.79,78.83,56
910,19100000,5,Chennai,OMR,6863,24300000,1717,89.1,73.36,52
911,16800000,4,Hyderabad,Kukatpally,5876,12400000,1768,82.79,64.3,72
912,9700000,4,Bengaluru,Whitefield,4523,6000000,1653,70.55,68.31,86
913,20000000,3,Hyderabad,Kondapur,4184,18000000,2337,71.54,85.08,56
914,7200000,1,Mumbai,Bandra,6124,11100000,1671,85.36,94.78,97
915,14400000,3,Chennai,Anna Nagar,6029,6000000,3256,92.21,84.67,52
916,3000000,5,Chennai,Adyar,6342,18700000,3607,70.96,88.23,83
917,18000000,1,Chennai,Velachery,9961,5800000,945,71.99,97.44,93
918,14600000,1,Mumbai,Powai,1081,5200000,1695,73.22,78.15,58
919,10000000,1,Chennai,Anna Nagar,1030,19800000,1678,81.34,61.18,84
920,15900000,2,Hyderabad,Madhapur,2091,13400000,3174,95.46,94.22,78
921,18800000,5,Mumbai,Powai,2854,20400000,666,78.93,74.39,53
922,4700000,2,Mumbai,Powai,9761,24900000,1945,71.5,84.86,85
923,8300000,4,Bengaluru,HSR Layout,1524,9000000,2576,78.02,87.59,52
924,9900000,4,Bengaluru,Whitefield,7713,17600000,1719,99.89,99.67,88
925,6700000,3,Hyderabad,Kondapur,8558,23000000,1809,89.85,93.38,70
926,8800000,5,Hyderabad,Madhapur,7466,11700000,3458,82.49,61.77,72
927,9300000,1,Hyderabad,Kondapur,4451,13800000,2187,76.28,69.98,79
928,9300000,1,Chennai,Velachery,5835,12500000,3388,83.43,62.99,91
929,4200000,5,Pune,Wakad,2327,21900000,838,94.22,91.21,98
930,4200000,5,Mumbai,Powai,1550,17500000,1708,78.23,79.52,84
931,19600000,1,Mumbai,Bandra,6241,24900000,3989,79.86,91.13,58
932,5500000,5,Bengaluru,HSR Layout,3821,11100000,2909,85.03,92.59,69
933,16400000,1,Hyderabad,Kukatpally,8967,24300000,3494,82.93,75.75,95
934,14300000,1,Bengaluru,HSR Layout,5907,22200000,1201,83.19,62.33,93
935,5000000,4,Chennai,Velachery,2265,23200000,2674,74.18,66.75,87
936,19700000,5,Pune,Hinjewadi,6569,3900000,1386,75.11,79.42,66
937,15300000,3,Chennai,Anna Nagar,763,14600000,1063,84.94,74.2,78
938,5500000,1,Chennai,OMR,9783,17400000,2461,73.25,60.1,53
939,3300000,5,Chennai,Adyar,4927,6300000,1503,70.02,78.93,95
940,10300000,3,Pune,Wakad,3542,24800000,2617,87.45,97.5,86
941,4600000,2,Bengaluru,Electronic City,5533,11200000,1447,84.78,85.3,53
942,15700000,1,Hyderabad,Madhapur,7814,7300000,1028,83.4,64.04,55
943,17900000,4,Chennai,Adyar,7347,12700000,3627,73.14,95.93,89
944,8100000,3,Mumbai,Andheri,6579,17600000,3746,78.51,78.01,54
945,18400000,3,Hyderabad,Madhapur,6245,9300000,2040,78.28,70.49,67
946,8000000,3,Hyderabad,Kondapur,4573,6000000,2464,86.63,74.26,58
947,5700000,4,Bengaluru,HSR Layout,4856,5300000,1782,99.62,94.27,89
948,12900000,3,Pune,Wakad,8276,4200000,2203,96.62,73.38,97
949,9000000,5,Chennai,Adyar,8794,10000000,2003,87.11,72.68,67
950,4700000,1,Chennai,Anna Nagar,7566,10000000,1822,90.53,74.33,51
951,11500000,2,Bengaluru,Indiranagar,5137,4200000,2743,84.91,85.39,69
952,5600000,1,Chennai,OMR,459,11300000,1914,80.88,76.33,100
953,7900000,2,Mumbai,Andheri,3051,21200000,3838,76.53,84.54,83
954,3300000,5,Mumbai,Bandra,5930,7000000,1859,97.1,92.82,78
955,7500000,4,Bengaluru,Whitefield,3450,12900000,1750,77.12,90.5,74
956,7400000,3,Chennai,OMR,9425,10400000,1656,95.15,74.67,71
957,12000000,4,Chennai,Adyar,1412,4000000,2169,98.98,89.37,84
958,7400000,2,Bengaluru,HSR Layout,7405,9200000,3563,99.37,91.35,92
959,10700000,5,Pune,Hinjewadi,1254,18400000,1190,95.65,89.83,75
960,14000000,1,Pune,Kharadi,426,20000000,3812,75.3,81.05,62
961,5600000,3,Pune,Baner,7473,11300000,1168,80.72,77.65,51
962,10700000,1,Pune,Wakad,6653,20400000,1841,99.79,75.06,66
963,8600000,2,Pune,Wakad,7420,6800000,3695,81.95,76.77,93
964,11800000,5,Pune,Hinjewadi,2348,15700000,3298,96.05,73.41,76
965,14200000,3,Hyderabad,Kukatpally,7767,12800000,1457,84.06,75.85,98
966,15300000,5,Pune,Kharadi,1794,3700000,1522,87.89,66.62,78
967,9000000,4,Pune,Hinjewadi,5980,11200000,1269,80.43,75.49,56
968,10000000,5,Bengaluru,HSR Layout,4782,23400000,2746,98.84,82.07,76
969,9600000,5,Mumbai,Thane,2670,8300000,653,92.34,74.4,62
970,3000000,5,Bengaluru,Electronic City,5100,13600000,3883,97.28,83.46,56
971,14800000,5,Chennai,OMR,8819,11000000,2707,91.21,74.79,93
972,3900000,4,Hyderabad,Gachibowli,4300,4100000,1658,95.92,75.8,64
973,6800000,5,Chennai,OMR,9100,18500000,3535,92.85,90.97,56
974,17000000,5,Pune,Wakad,9759,8200000,2976,83.11,90.03,67
975,15500000,2,Hyderabad,Kukatpally,2966,6400000,1155,89.95,60.72,73
976,3100000,5,Mumbai,Powai,2874,8400000,1037,72.32,76.93,50
977,8500000,3,Hyderabad,Madhapur,2372,24500000,1108,91.91,84.67,59
978,16100000,5,Mumbai,Andheri,7172,9800000,991,93.96,66.22,84
979,5000000,1,Mumbai,Bandra,4037,11700000,3341,73.34,78.83,80
980,18200000,1,Mumbai,Bandra,6942,8600000,704,76.9,82.0,60
981,19700000,5,Mumbai,Bandra,2406,22400000,3781,72.67,65.21,60
982,9500000,5,Hyderabad,Kukatpally,5483,19800000,826,76.89,92.92,50
983,12100000,3,Bengaluru,Whitefield,3876,10800000,787,71.14,61.31,86
984,13000000,4,Chennai,Anna Nagar,9594,6800000,1285,85.74,71.83,65
985,14500000,1,Bengaluru,Whitefield,3084,11200000,1580,79.4,90.96,63
986,12600000,5,Pune,Wakad,3000,16100000,3212,85.9,83.27,87
987,10000000,4,Hyderabad,Kondapur,9052,23300000,3126,98.1,90.62,71
988,3700000,2,Chennai,OMR,5774,7000000,2949,76.07,98.55,94
989,6100000,2,Hyderabad,Gachibowli,3436,15000000,3165,93.07,96.89,67
990,12100000,1,Mumbai,Powai,4310,8000000,2340,87.01,90.92,95
991,18200000,5,Bengaluru,Whitefield,4359,8100000,2184,70.16,69.13,55
992,16800000,4,Chennai,OMR,3243,22000000,3817,90.68,69.08,97
993,16200000,2,Hyderabad,Gachibowli,3440,21800000,3217,90.11,68.23,68
994,18300000,2,Mumbai,Andheri,9900,7000000,2701,79.27,80.92,55
995,3800000,4,Bengaluru,Whitefield,2169,12200000,1568,84.29,96.04,54
996,19400000,2,Pune,Kharadi,2427,21800000,3380,76.23,73.29,74
997,10400000,3,Pune,Kharadi,4885,4200000,2246,93.74,82.29,76
998,18900000,2,Chennai,Adyar,2023,8900000,2408,86.35,60.47,81
999,5400000,1,Pune,Baner,5524,25000000,805,99.22,84.21,56
1000,3300000,2,Chennai,Adyar,9978,14700000,2885,77.94,97.69,87
1001,9100000,1,Bengaluru,Indiranagar,1604,15400000,2432,81.95,75.1,100
1002,13300000,4,Bengaluru,Electronic City,8225,4500000,2113,83.17,77.18,76
1003,5700000,3,Chennai,OMR,2473,8200000,1849,82.18,79.19,54
1004,18300000,3,Mumbai,Andheri,938,20800000,1899,88.18,84.73,98
1005,6400000,5,Bengaluru,HSR Layout,1685,13700000,719,83.88,86.71,81
1006,18900000,3,Bengaluru,Whitefield,2032,20200000,1806,83.39,81.38,93
1007,12500000,1,Chennai,Adyar,2158,12000000,1344,85.46,99.09,91
1008,11500000,1,Chennai,OMR,181,7900000,1847,79.55,99.07,93
1009,16800000,4,Mumbai,Bandra,9781,24200000,1449,88.42,66.69,68
1010,11800000,4,Bengaluru,Whitefield,8543,4100000,1057,80.89,70.7,75
1011,19800000,2,Chennai,OMR,5944,20400000,3628,91.93,74.16,89
1012,14000000,4,Bengaluru,Whitefield,840,24100000,3628,88.2,74.29,94
1013,13900000,5,Mumbai,Thane,4961,18700000,3546,78.04,90.77,62
1014,13000000,4,Hyderabad,Madhapur,9656,4700000,3368,70.06,69.02,70
1015,5600000,4,Bengaluru,Whitefield,2602,5500000,2071,95.32,94.37,72
1016,5700000,4,Mumbai,Thane,3099,21100000,2059,91.87,70.16,91
1017,3000000,4,Hyderabad,Kondapur,8948,13300000,1341,86.4,74.91,88
1018,5200000,1,Pune,Kharadi,6656,23300000,1085,88.46,75.12,73
1019,19800000,1,Chennai,OMR,5696,24600000,3745,73.29,98.81,77
1020,7400000,5,Mumbai,Andheri,9262,3500000,3464,94.11,63.46,84
1021,19100000,4,Pune,Hinjewadi,2703,15300000,1519,79.83,85.66,77
1022,12300000,2,Pune,Baner,1690,7000000,2541,91.66,79.86,65
1023,9800000,3,Mumbai,Thane,8618,20100000,2712,95.5,99.93,68
1024,17200000,4,Chennai,OMR,5246,19500000,3772,93.38,84.02,85
1025,11400000,5,Bengaluru,Whitefield,1690,7700000,3989,73.56,61.54,51
1026,18000000,5,Bengaluru,Electronic City,3395,4700000,2581,88.25,87.3,56
1027,5700000,3,Bengaluru,HSR Layout,5312,22600000,3190,92.93,63.9,87
1028,14900000,1,Bengaluru,HSR Layout,2996,22200000,1582,96.18,85.12,71
1029,20000000,3,Hyderabad,Kukatpally,9937,9300000,3143,92.48,82.37,65
1030,7200000,2,Pune,Kharadi,3600,20500000,821,96.64,73.65,76
1031,4000000,2,Mumbai,Andheri,7167,21100000,1644,83.97,93.28,73
1032,6600000,3,Hyderabad,Madhapur,1597,24500000,833,89.4,68.64,58
1033,6300000,3,Bengaluru,Electronic City,1530,4100000,1889,81.23,82.78,88
1034,14200000,4,Pune,Baner,398,5200000,1205,78.79,84.07,61
1035,7200000,4,Bengaluru,HSR Layout,850,14100000,3678,77.28,70.22,67
1036,3400000,2,Pune,Baner,9128,16500000,1458,85.44,95.91,52
1037,9600000,3,Chennai,Anna Nagar,5376,9300000,2014,80.61,65.2,63
1038,7300000,5,Pune,Wakad,5983,22800000,1695,83.22,79.23,70
1039,4600000,5,Bengaluru,HSR Layout,917,11500000,865,90.44,77.9,87
1040,10000000,3,Pune,Wakad,5558,16000000,1029,93.07,71.24,53
1041,13100000,4,Mumbai,Andheri,2686,15800000,3794,70.72,63.34,55
1042,8300000,4,Pune,Hinjewadi,9845,20700000,2620,84.47,85.94,63
1043,17100000,3,Pune,Hinjewadi,4488,6200000,1585,73.99,79.71,62
1044,8900000,4,Bengaluru,Whitefield,1289,4700000,2969,74.97,81.32,68
1045,10100000,5,Mumbai,Thane,5436,15200000,3127,91.66,60.02,97
1046,7800000,4,Chennai,OMR,2887,3500000,2855,71.11,76.54,97
1047,17300000,1,Chennai,OMR,6946,19900000,3875,94.25,69.43,69
1048,10500000,3,Pune,Kharadi,9729,6100000,2201,87.46,71.58,82
1049,20000000,5,Hyderabad,Kondapur,8809,4100000,2291,93.98,65.61,76
1050,18700000,5,Mumbai,Bandra,3602,24000000,3337,87.6,71.72,56
1051,13000000,1,Chennai,Adyar,464,23300000,2079,91.64,69.84,60
1052,16900000,1,Bengaluru,Indiranagar,287,8500000,2091,74.53,80.11,99
1053,7600000,1,Bengaluru,Whitefield,3609,13800000,2886,80.49,76.08,51
1054,6100000,4,Mumbai,Bandra,6655,21100000,2442,92.4,74.59,78
1055,18600000,1,Hyderabad,Madhapur,4504,6400000,952,95.23,87.11,70
1056,9900000,2,Hyderabad,Kondapur,2783,22700000,1036,77.76,94.95,57
1057,12400000,1,Pune,Baner,8255,4900000,2766,86.24,90.07,60
1058,15100000,3,Chennai,Velachery,5924,6800000,1174,87.03,81.87,74
1059,9600000,4,Bengaluru,Electronic City,1305,20700000,1931,80.85,70.0,100
1060,10000000,4,Mumbai,Powai,9915,9400000,3428,70.98,64.33,74
1061,4000000,4,Chennai,Velachery,533,12900000,1787,77.09,97.93,51
1062,3500000,5,Pune,Wakad,975,15100000,2290,70.27,67.87,95
1063,10500000,5,Pune,Wakad,8811,22800000,2675,99.22,79.79,73
1064,3500000,5,Pune,Baner,2940,7400000,1712,75.3,91.29,54
1065,15100000,2,Chennai,Velachery,8809,14300000,3315,88.18,85.11,63
1066,12500000,2,Bengaluru,HSR Layout,7407,23200000,2567,90.1,81.92,55
1067,9300000,4,Bengaluru,Electronic City,2767,24700000,1620,81.66,71.38,98
1068,19000000,5,Chennai,Adyar,728,24300000,1970,92.21,91.42,85
1069,10400000,4,Pune,Wakad,6716,4200000,2792,76.05,83.15,72
1070,4700000,3,Bengaluru,Electronic City,3324,4300000,3714,98.09,74.49,52
1071,6100000,4,Chennai,Adyar,912,16300000,2936,98.57,96.76,57
1072,8900000,5,Bengaluru,Indiranagar,3815,15400000,2141,99.33,67.67,78
1073,13400000,5,Bengaluru,Electronic City,3419,22900000,2338,78.56,63.04,66
1074,13200000,3,Mumbai,Andheri,5886,13100000,831,87.38,82.81,82
1075,17900000,5,Chennai,Adyar,366,9500000,3229,82.58,74.16,79
1076,13600000,1,Bengaluru,Indiranagar,241,23500000,1909,70.8,87.93,82
1077,9800000,3,Chennai,Velachery,3582,18100000,2470,86.75,90.95,72
1078,10400000,3,Chennai,Anna Nagar,6813,16700000,1837,80.31,96.2,99
1079,14900000,2,Hyderabad,Kondapur,5640,10800000,2971,78.62,87.92,66
1080,14200000,1,Mumbai,Bandra,2099,12400000,2115,88.53,62.88,73
1081,8000000,4,Hyderabad,Kukatpally,8218,5300000,3332,86.02,74.94,54
1082,12900000,1,Mumbai,Powai,2204,8700000,3980,98.61,73.53,70
1083,4300000,4,Bengaluru,Indiranagar,4640,6700000,2282,90.74,84.92,88
1084,3000000,1,Pune,Kharadi,8379,4700000,3445,95.47,95.57,87
1085,12200000,3,Pune,Baner,3440,17900000,788,71.07,85.82,58
1086,11800000,1,Pune,Hinjewadi,2039,13100000,2454,93.35,74.66,86
1087,8800000,3,Hyderabad,Gachibowli,3596,9600000,3536,96.75,67.49,57
1088,15600000,4,Hyderabad,Kondapur,7084,9100000,2940,77.48,65.28,75
1089,11100000,3,Bengaluru,HSR Layout,1758,3800000,2263,73.55,74.28,76
1090,10000000,5,Pune,Kharadi,1923,11200000,3011,82.72,64.83,100
1091,13700000,4,Bengaluru,Electronic City,138,12500000,3552,98.43,62.83,88
1092,16400000,4,Chennai,Adyar,7338,5300000,2502,77.3,81.88,97
1093,15400000,1,Pune,Hinjewadi,2339,12300000,895,77.27,96.78,100
1094,8500000,1,Mumbai,Bandra,1506,4700000,1604,72.42,67.89,100
1095,18000000,2,Bengaluru,Indiranagar,9559,13600000,2045,79.64,74.8,92
1096,17000000,3,Mumbai,Andheri,7787,8600000,3975,71.97,70.49,80
1097,8800000,4,Chennai,Anna Nagar,8704,10800000,2286,84.11,61.32,75
1098,9200000,5,Mumbai,Bandra,4881,12900000,1082,80.98,98.35,53
1099,8000000,2,Mumbai,Bandra,3147,24000000,3533,96.24,96.9,76
1100,13000000,3,Mumbai,Bandra,8445,8300000,3327,94.93,63.52,70
1101,5500000,1,Mumbai,Bandra,7018,12600000,3828,82.26,83.13,95
1102,14700000,4,Chennai,OMR,6015,11400000,3912,82.59,62.69,73
1103,17400000,2,Hyderabad,Gachibowli,5205,10900000,3880,85.77,81.6,77
1104,10900000,1,Bengaluru,Indiranagar,5556,18200000,1179,95.96,60.42,100
1105,4600000,2,Chennai,Velachery,3,22200000,3114,95.65,63.64,54
1106,18600000,3,Chennai,Anna Nagar,2775,8400000,2354,90.74,83.05,71
1107,9100000,3,Chennai,OMR,3616,10500000,3646,97.45,89.13,92
1108,7200000,5,Bengaluru,HSR Layout,5626,3500000,2798,84.47,67.43,100
1109,11700000,2,Hyderabad,Kukatpally,1701,8600000,3845,88.22,77.87,98
1110,14900000,2,Chennai,Anna Nagar,7190,5200000,1784,85.5,61.92,72
1111,14300000,2,Mumbai,Thane,4985,4600000,2211,90.82,78.83,83
1112,3500000,1,Mumbai,Bandra,2653,9800000,3282,92.77,91.79,56
1113,16700000,3,Chennai,OMR,3594,20800000,3462,99.62,82.37,72
1114,9300000,2,Chennai,Adyar,1493,16500000,3529,80.05,94.87,69
1115,11100000,2,Hyderabad,Kondapur,4261,12200000,2644,86.07,79.79,66
1116,18200000,5,Mumbai,Thane,5633,19200000,2479,96.33,90.54,59
1117,3000000,4,Bengaluru,Indiranagar,1225,8200000,1337,83.63,96.02,93
1118,15500000,2,Hyderabad,Kukatpally,9952,24500000,990,71.08,98.91,86
1119,15400000,1,Chennai,OMR,4418,12900000,3006,96.95,75.5,95
1120,6700000,3,Chennai,OMR,5372,7300000,1570,72.86,94.83,88
1121,11300000,3,Hyderabad,Kondapur,9556,6800000,859,72.34,65.17,57
1122,17800000,5,Chennai,Adyar,7851,9900000,2102,72.54,80.45,86
1123,7400000,4,Mumbai,Powai,4633,16700000,3252,95.9,71.31,75
1124,11300000,4,Mumbai,Thane,8544,14700000,2528,89.52,66.73,79
1125,11700000,4,Bengaluru,HSR Layout,3692,13300000,3535,84.72,81.46,90
1126,10600000,5,Pune,Hinjewadi,4168,25000000,3108,80.5,69.03,97
1127,5400000,1,Pune,Kharadi,9187,12800000,1483,76.25,83.57,51
1128,16100000,4,Hyderabad,Kondapur,4235,9100000,619,90.4,93.63,61
1129,4400000,4,Bengaluru,Electronic City,167,13800000,3264,71.68,79.76,80
1130,15300000,4,Bengaluru,Indiranagar,3455,9500000,2623,70.38,75.94,56
1131,7100000,5,Mumbai,Powai,1674,24000000,3794,72.88,98.39,66
1132,7500000,5,Hyderabad,Kukatpally,3618,21500000,1642,79.12,86.4,74
1133,4800000,4,Bengaluru,Whitefield,1325,21700000,820,93.3,71.94,58
1134,4400000,1,Mumbai,Thane,4710,4600000,2331,74.59,76.12,62
1135,7800000,2,Pune,Wakad,4353,11600000,1285,80.34,71.17,58
1136,19100000,4,Pune,Kharadi,8789,9500000,1672,80.25,78.41,89
1137,14700000,3,Pune,Wakad,5867,14700000,3379,81.47,97.13,70
1138,11400000,4,Chennai,Anna Nagar,4304,13200000,863,76.1,79.52,60
1139,15600000,2,Chennai,OMR,7071,17000000,1036,86.54,78.73,61
1140,19200000,5,Chennai,Adyar,1094,19800000,2967,72.16,62.19,82
1141,9000000,5,Bengaluru,HSR Layout,7356,11500000,607,99.51,97.35,81
1142,16700000,1,Bengaluru,Electronic City,9927,11700000,1043,70.55,74.89,57
1143,4200000,1,Hyderabad,Gachibowli,11,5300000,2640,97.31,82.98,81
1144,6200000,4,Hyderabad,Madhapur,8881,13400000,2037,79.94,97.51,62
1145,14800000,5,Pune,Wakad,7699,16900000,2354,99.17,76.96,59
1146,10200000,3,Hyderabad,Gachibowli,1411,16400000,3514,75.65,83.14,71
1147,11600000,5,Hyderabad,Kondapur,6349,16700000,3266,97.51,85.74,96
1148,17400000,2,Pune,Wakad,4321,22800000,3758,79.0,82.48,98
1149,8800000,1,Chennai,Velachery,9777,20300000,710,85.16,88.27,83
1150,6000000,5,Hyderabad,Madhapur,3925,13300000,1725,71.35,94.4,80
1151,8400000,4,Mumbai,Bandra,4294,10100000,1092,87.37,72.24,91
1152,11300000,1,Pune,Wakad,8047,7400000,3134,82.77,91.04,62
1153,13200000,3,Pune,Kharadi,5988,21800000,2717,84.53,91.35,71
1154,16600000,3,Mumbai,Thane,9125,13400000,3136,91.97,62.25,72
1155,17400000,2,Bengaluru,Whitefield,937,21000000,3727,71.56,70.74,78
1156,17500000,1,Hyderabad,Gachibowli,3099,12600000,825,94.78,81.96,95
1157,17500000,2,Mumbai,Powai,1897,23200000,704,80.55,97.76,61
1158,3900000,5,Hyderabad,Kukatpally,653,6300000,1623,76.95,75.85,92
1159,6800000,3,Mumbai,Bandra,9638,11700000,3305,79.53,61.14,65
1160,12600000,5,Bengaluru,Indiranagar,4417,9300000,1368,99.77,64.02,89
1161,5900000,1,Chennai,Velachery,2865,10200000,791,78.42,79.57,53
1162,4200000,1,Pune,Baner,5234,16600000,1498,92.79,91.28,64
1163,10200000,3,Bengaluru,Indiranagar,5489,12900000,1413,98.55,96.16,76
1164,14600000,3,Pune,Wakad,1440,22800000,1659,79.73,88.33,63
1165,10400000,3,Hyderabad,Madhapur,2462,12800000,1124,93.77,78.65,64
1166,13700000,2,Chennai,Velachery,4033,8400000,3973,87.77,65.49,70
1167,15500000,1,Bengaluru,HSR Layout,4700,22000000,2291,86.61,66.18,57
1168,19800000,1,Pune,Hinjewadi,2804,23100000,3442,86.37,76.53,53
1169,8700000,3,Bengaluru,HSR Layout,120,20400000,2824,83.27,74.59,67
1170,6000000,2,Pune,Wakad,3537,18800000,2560,89.72,76.66,53
1171,18200000,2,Mumbai,Thane,194,13200000,3112,93.42,74.65,57
1172,6200000,1,Mumbai,Powai,1979,10900000,1654,75.69,97.38,94
1173,6400000,5,Hyderabad,Gachibowli,8128,18300000,2860,91.72,80.92,57
1174,14600000,2,Mumbai,Thane,9995,22000000,3781,92.89,70.97,61
1175,16300000,3,Pune,Kharadi,2298,3500000,3042,81.92,82.21,78
1176,16800000,3,Chennai,Adyar,1292,19700000,1405,84.71,88.4,55
1177,19500000,4,Chennai,Adyar,8570,14400000,3783,98.39,82.33,69
1178,7600000,2,Chennai,Velachery,4657,17900000,1505,77.78,62.0,87
1179,11600000,4,Chennai,Adyar,6986,11900000,3991,71.06,77.75,60
1180,5800000,2,Mumbai,Powai,5055,8100000,2918,97.72,82.72,98
1181,17900000,4,Bengaluru,Indiranagar,9906,12200000,2172,85.98,67.38,99
1182,8700000,5,Chennai,Velachery,5002,14400000,2567,84.39,77.67,85
1183,4600000,2,Hyderabad,Kukatpally,8873,20400000,2586,83.8,99.86,75
1184,5100000,3,Bengaluru,Whitefield,6618,11500000,3855,79.45,62.73,92
1185,17100000,2,Bengaluru,Electronic City,6699,10500000,1917,88.78,99.8,65
1186,5400000,5,Mumbai,Powai,9009,6700000,992,71.4,81.72,53
1187,16600000,5,Hyderabad,Madhapur,3258,17500000,3133,73.55,72.48,100
1188,8700000,5,Chennai,Velachery,496,23400000,2320,72.53,84.43,54
1189,6500000,5,Pune,Hinjewadi,5978,13900000,2160,83.69,66.03,95
1190,10300000,2,Pune,Hinjewadi,2453,17300000,1937,76.72,87.07,78
1191,19900000,2,Bengaluru,Indiranagar,6542,23100000,2693,73.28,76.22,67
1192,14200000,3,Chennai,Anna Nagar,3643,20400000,3481,81.52,83.68,77
1193,7500000,2,Pune,Kharadi,7791,23800000,2943,93.78,71.71,55
1194,10600000,5,Mumbai,Powai,983,16700000,3060,75.18,88.42,50
1195,15700000,2,Mumbai,Bandra,1476,10200000,3568,88.85,66.65,69
1196,18700000,3,Pune,Hinjewadi,104,15800000,2493,75.2,90.74,76
1197,3800000,3,Bengaluru,Indiranagar,2835,20900000,2541,85.8,61.46,97
1198,19300000,4,Bengaluru,HSR Layout,7652,22400000,3712,73.24,98.75,69
1199,15800000,5,Mumbai,Bandra,7890,8800000,899,91.22,83.55,76
1200,9700000,1,Mumbai,Thane,3140,11200000,1618,71.78,64.99,60
1201,10900000,5,Bengaluru,HSR Layout,3141,14200000,896,92.34,65.13,93
1202,13800000,3,Mumbai,Andheri,9282,12200000,2266,74.33,74.22,68
1203,9700000,4,Mumbai,Bandra,1689,13300000,3026,83.21,89.77,100
1204,3000000,1,Chennai,Adyar,9868,15300000,1937,96.4,82.44,76
1205,7000000,1,Hyderabad,Madhapur,5056,14900000,1272,90.37,77.03,95
1206,7500000,4,Chennai,Velachery,7144,15700000,2518,91.44,71.16,84
1207,13600000,4,Pune,Baner,4489,9900000,2088,75.96,77.05,83
1208,17700000,4,Hyderabad,Kukatpally,3311,7200000,1618,83.21,73.45,55
1209,4000000,2,Bengaluru,Indiranagar,8290,15900000,2588,97.06,99.52,66
1210,3700000,1,Hyderabad,Kondapur,7250,18500000,1871,86.03,85.25,92
1211,4800000,2,Hyderabad,Kondapur,8419,12500000,2238,78.31,96.72,84
1212,3100000,5,Bengaluru,HSR Layout,4007,24000000,3155,89.02,87.07,62
1213,3700000,5,Hyderabad,Madhapur,5072,24200000,1325,88.99,96.34,73
1214,4100000,1,Hyderabad,Kukatpally,8756,10400000,3698,84.99,88.09,87
1215,14500000,2,Pune,Wakad,9833,19700000,1518,76.06,84.37,83
1216,11700000,5,Chennai,Adyar,6385,7800000,2246,79.74,88.54,91
1217,12900000,3,Hyderabad,Madhapur,8739,17500000,2256,92.28,98.39,69
1218,7500000,4,Mumbai,Thane,8862,3600000,3434,86.29,88.7,80
1219,18600000,5,Hyderabad,Kukatpally,6999,8300000,3967,88.88,74.22,62
1220,14800000,3,Pune,Wakad,9100,7100000,3784,73.66,79.39,81
1221,13000000,2,Hyderabad,Kondapur,3359,3800000,1466,94.92,93.22,95
1222,11600000,1,Bengaluru,Indiranagar,2290,5200000,868,86.53,82.36,55
1223,13000000,5,Bengaluru,Electronic City,9343,16200000,2080,71.94,96.29,86
1224,6100000,3,Chennai,Adyar,7890,15300000,3336,73.51,65.43,60
1225,15700000,5,Mumbai,Thane,4823,13400000,2039,71.02,66.29,94
1226,7600000,3,Mumbai,Powai,6073,3700000,1326,73.23,79.6,81
1227,5000000,3,Mumbai,Powai,1462,8400000,2366,77.86,89.95,69
1228,19700000,3,Bengaluru,Electronic City,7516,12500000,935,78.24,83.21,91
1229,11600000,5,Chennai,Velachery,314,8700000,1452,86.72,89.51,62
1230,11200000,2,Mumbai,Powai,1144,11600000,1919,74.84,71.72,82
1231,18800000,1,Mumbai,Andheri,7673,9300000,1810,96.47,90.96,80
1232,10200000,3,Mumbai,Thane,1690,5000000,3094,80.27,82.69,84
1233,15800000,5,Chennai,Anna Nagar,7212,24000000,3877,97.19,90.96,95
1234,4400000,4,Chennai,Adyar,9438,3700000,2288,82.71,73.98,63
1235,16000000,1,Pune,Hinjewadi,1235,22600000,967,73.65,95.3,81
1236,13900000,1,Mumbai,Bandra,2364,21200000,1431,87.16,70.66,76
1237,6900000,5,Pune,Kharadi,5991,8100000,855,93.8,89.0,93
1238,19400000,3,Chennai,Velachery,5787,12000000,2517,93.56,87.09,71
1239,18200000,5,Chennai,Adyar,9543,8700000,673,75.26,69.91,76
1240,13200000,5,Chennai,OMR,7025,23000000,2404,87.7,77.82,61
1241,8600000,3,Chennai,Velachery,8305,12300000,2673,94.85,76.0,67
1242,18200000,4,Hyderabad,Kukatpally,6260,15900000,2413,73.49,79.76,80
1243,10800000,2,Pune,Hinjewadi,9787,16400000,2952,91.41,67.67,80
1244,9300000,2,Chennai,Adyar,6681,22000000,1514,89.24,67.48,95
1245,17900000,1,Mumbai,Powai,3833,20100000,1340,89.03,91.35,77
1246,14300000,2,Pune,Wakad,8323,22200000,739,71.69,78.92,96
1247,11300000,5,Hyderabad,Kukatpally,4494,10100000,2914,75.95,98.08,84
1248,9700000,1,Bengaluru,Indiranagar,1930,7900000,1554,84.89,70.71,65
1249,9800000,5,Hyderabad,Kukatpally,7866,24300000,2232,81.66,62.72,57
1250,8900000,4,Chennai,Adyar,5584,8900000,837,84.57,87.55,83
1251,15200000,2,Pune,Baner,4847,9100000,873,83.14,79.23,60
1252,15000000,5,Bengaluru,Indiranagar,7748,7700000,1681,77.37,86.83,73
1253,11900000,3,Mumbai,Andheri,9610,20600000,790,75.85,73.69,69
1254,8700000,1,Bengaluru,Whitefield,2153,11700000,1837,84.1,70.19,54
1255,19300000,1,Pune,Kharadi,2574,7600000,1212,73.17,82.38,68
1256,15100000,4,Chennai,Velachery,327,13500000,1106,76.85,75.23,55
1257,5100000,1,Chennai,OMR,5089,6500000,2432,99.12,63.44,62
1258,11800000,3,Bengaluru,HSR Layout,977,10800000,2850,99.66,81.96,60
1259,17400000,5,Hyderabad,Kondapur,9131,5600000,1752,70.41,92.4,66
1260,17100000,2,Bengaluru,HSR Layout,94,16500000,2932,76.93,69.95,84
1261,20000000,3,Mumbai,Andheri,6725,12200000,1823,83.67,63.89,82
1262,4100000,5,Mumbai,Bandra,4276,16200000,1306,98.9,64.31,78
1263,6100000,4,Bengaluru,HSR Layout,6048,7200000,1456,77.14,72.83,99
1264,11200000,4,Bengaluru,Whitefield,5163,6500000,2815,85.83,76.84,65
1265,10400000,4,Pune,Hinjewadi,4627,17800000,1727,79.62,80.09,91
1266,7900000,3,Hyderabad,Kukatpally,7716,6600000,1755,96.94,77.76,50
1267,6800000,5,Bengaluru,HSR Layout,2778,22300000,3170,97.97,94.17,75
1268,14300000,3,Mumbai,Thane,5905,17300000,2300,89.07,90.01,88
1269,10900000,2,Bengaluru,HSR Layout,1645,6600000,3899,89.17,73.98,97
1270,18800000,5,Hyderabad,Kukatpally,4201,7300000,2461,91.35,61.8,53
1271,6800000,3,Chennai,Anna Nagar,6114,19800000,3177,84.25,66.52,53
1272,5600000,5,Bengaluru,HSR Layout,44,23700000,3268,83.72,91.38,96
1273,12300000,5,Pune,Wakad,4054,21900000,3210,88.28,84.16,82
1274,9300000,1,Hyderabad,Kondapur,2760,10200000,1097,80.96,72.6,87
1275,11800000,4,Bengaluru,Indiranagar,574,6400000,2874,72.11,92.22,71
1276,3200000,4,Chennai,Adyar,7103,12100000,1061,94.24,90.72,56
1277,19500000,2,Pune,Hinjewadi,6028,4600000,2741,76.62,89.48,65
1278,13600000,4,Bengaluru,Electronic City,9076,19700000,3503,81.67,92.57,97
1279,7500000,2,Pune,Wakad,7765,18700000,834,78.49,68.7,56
1280,10300000,5,Bengaluru,Electronic City,1153,4800000,2265,88.06,99.99,59
1281,15800000,1,Pune,Hinjewadi,3030,10700000,644,78.82,82.87,66
1282,19600000,1,Hyderabad,Madhapur,8978,6200000,1182,84.04,99.7,91
1283,18100000,4,Chennai,Velachery,9125,10400000,2968,96.33,73.29,85
1284,13400000,3,Chennai,Adyar,4531,10000000,3480,70.02,94.25,56
1285,19800000,3,Bengaluru,HSR Layout,9097,6800000,1018,75.46,70.35,75
1286,5100000,1,Pune,Wakad,4525,21300000,2871,88.02,69.61,87
1287,13600000,3,Hyderabad,Kondapur,262,8600000,1953,74.54,85.89,76
1288,16200000,5,Pune,Baner,8100,15700000,2236,90.48,78.08,98
1289,4200000,1,Chennai,Anna Nagar,3586,18700000,1663,86.83,88.64,87
1290,3700000,2,Bengaluru,Indiranagar,4339,15600000,3493,87.57,68.21,67
1291,12200000,4,Hyderabad,Kondapur,5522,24600000,2051,83.52,71.73,65
1292,9500000,3,Bengaluru,Electronic City,437,20600000,3594,83.33,68.24,98
1293,18400000,5,Bengaluru,Indiranagar,7434,20900000,1482,78.81,61.63,72
1294,9500000,3,Bengaluru,Whitefield,3261,7300000,2478,91.57,75.69,98
1295,12300000,1,Bengaluru,Indiranagar,7491,20400000,2159,70.67,97.86,93
1296,10800000,2,Pune,Kharadi,3077,8900000,1341,81.31,86.73,56
1297,12200000,3,Mumbai,Bandra,9066,12000000,3301,89.2,65.91,85
1298,3000000,1,Pune,Wakad,2958,14400000,1630,89.2,71.21,87
1299,4100000,3,Hyderabad,Madhapur,3714,15300000,846,79.68,96.28,87
1300,14800000,5,Chennai,Anna Nagar,898,15700000,2925,70.82,96.73,83
1301,10400000,3,Bengaluru,Whitefield,3801,9800000,2066,96.27,90.57,77
1302,18600000,1,Hyderabad,Kondapur,6653,19600000,871,90.59,66.89,91
1303,10500000,2,Mumbai,Andheri,3445,21500000,2645,70.14,83.97,64
1304,19600000,1,Pune,Kharadi,1419,7700000,3274,96.25,65.74,64
1305,16100000,1,Chennai,Anna Nagar,6901,20900000,3706,94.87,90.63,93
1306,12800000,3,Bengaluru,Whitefield,253,23800000,1614,93.77,78.77,86
1307,7600000,1,Bengaluru,Indiranagar,1396,4200000,3878,70.26,80.49,60
1308,4500000,4,Mumbai,Powai,9880,16600000,2116,85.36,68.52,85
1309,14900000,1,Chennai,Velachery,2656,11800000,1058,80.98,70.37,57
1310,11200000,1,Chennai,OMR,4272,16200000,2303,85.06,95.37,90
1311,17100000,2,Mumbai,Powai,404,20500000,1093,89.72,96.09,91
1312,17800000,2,Mumbai,Andheri,5779,10300000,3560,76.29,86.17,76
1313,11400000,1,Hyderabad,Kondapur,5424,14300000,880,76.83,61.72,59
1314,5200000,3,Chennai,Anna Nagar,7740,23700000,1485,98.42,90.89,100
1315,14700000,1,Chennai,Adyar,6483,5100000,788,95.5,78.94,64
1316,10000000,5,Hyderabad,Madhapur,7436,3500000,3109,87.87,69.12,61
1317,16500000,5,Pune,Wakad,8578,22400000,2792,78.13,84.31,52
1318,5200000,5,Bengaluru,Indiranagar,2312,7600000,3254,71.7,90.59,81
1319,8500000,3,Hyderabad,Kukatpally,4915,20100000,3251,85.63,69.6,82
1320,18200000,1,Hyderabad,Kukatpally,8944,3500000,2296,77.89,92.07,92
1321,15900000,4,Hyderabad,Kondapur,5559,24200000,1548,75.52,99.48,61
1322,13100000,4,Pune,Wakad,1765,19600000,2239,74.54,63.9,95
1323,9400000,2,Mumbai,Thane,3704,9400000,2320,80.03,60.43,94
1324,10000000,4,Bengaluru,Electronic City,8018,11100000,2495,92.92,92.02,93
1325,4200000,3,Chennai,Adyar,3845,22900000,1137,94.0,69.15,78
1326,12200000,4,Hyderabad,Madhapur,3620,10000000,3445,83.62,72.32,82
1327,6400000,1,Pune,Wakad,4727,5300000,2191,95.87,87.92,96
1328,3100000,3,Mumbai,Thane,4642,6800000,3824,87.96,70.66,65
1329,6000000,5,Bengaluru,Whitefield,4742,9000000,2613,72.77,80.28,62
1330,5500000,3,Mumbai,Bandra,8297,14800000,2534,97.58,71.77,90
1331,12400000,3,Hyderabad,Madhapur,8715,18600000,1999,80.53,87.99,82
1332,12000000,5,Hyderabad,Madhapur,8871,11300000,2203,88.43,93.8,54
1333,15500000,1,Hyderabad,Madhapur,4626,11400000,2438,86.56,79.43,81
1334,15100000,4,Chennai,Anna Nagar,7013,16300000,3873,72.51,76.24,71
1335,16900000,3,Mumbai,Powai,4595,13200000,3583,82.26,99.32,68
1336,13900000,1,Mumbai,Andheri,4708,13500000,3509,78.31,83.42,81
1337,9400000,1,Chennai,Velachery,8763,20000000,1905,87.04,70.21,83
1338,9200000,2,Mumbai,Andheri,6527,16600000,1557,87.32,73.82,97
1339,18100000,4,Bengaluru,Indiranagar,9435,10700000,3005,90.11,63.92,77
1340,14000000,3,Chennai,OMR,425,6800000,2279,94.48,68.37,84
1341,7300000,1,Chennai,Velachery,2478,13700000,1425,89.17,74.18,76
1342,3700000,1,Hyderabad,Madhapur,1591,6700000,862,78.65,96.74,86
1343,6100000,1,Chennai,OMR,5556,17100000,2421,99.42,91.22,65
1344,8200000,2,Bengaluru,Indiranagar,2420,10000000,1409,75.83,74.41,95
1345,11500000,4,Pune,Wakad,9250,18300000,1419,78.18,71.88,69
1346,8800000,3,Pune,Wakad,7671,17900000,704,93.26,91.55,50
1347,11200000,5,Hyderabad,Gachibowli,7177,13800000,1536,90.38,79.23,64
1348,9600000,4,Mumbai,Thane,4915,17300000,891,81.71,63.25,61
1349,18100000,4,Mumbai,Bandra,9590,23800000,2141,93.6,69.17,95
1350,13300000,3,Chennai,Adyar,9761,12300000,843,70.92,91.6,55
1351,8500000,5,Bengaluru,Indiranagar,9678,20200000,3899,77.34,62.76,52
1352,16300000,1,Hyderabad,Madhapur,6108,8100000,1035,96.14,86.85,78
1353,14500000,4,Pune,Kharadi,5116,9400000,1552,83.55,65.37,72
1354,14800000,1,Hyderabad,Madhapur,8167,10400000,1875,78.8,78.95,97
1355,19400000,1,Bengaluru,HSR Layout,393,18900000,2417,97.28,69.43,97
1356,17400000,3,Bengaluru,Whitefield,7408,9600000,2801,91.4,82.32,57
1357,8600000,4,Bengaluru,HSR Layout,3090,12400000,2563,72.59,81.22,62
1358,16200000,5,Chennai,Anna Nagar,816,3500000,3679,76.34,92.46,94
1359,16900000,2,Mumbai,Powai,7800,24700000,2314,86.7,89.85,74
1360,4200000,2,Chennai,Velachery,191,23600000,3178,76.98,99.56,68
1361,17900000,4,Mumbai,Thane,1019,6300000,1784,90.83,82.15,77
1362,19700000,1,Hyderabad,Kukatpally,5989,21400000,2998,98.15,70.56,90
1363,19600000,5,Bengaluru,Electronic City,3507,24400000,659,80.88,62.55,84
1364,16800000,4,Chennai,OMR,6967,10800000,2121,76.14,61.7,62
1365,13300000,4,Bengaluru,Electronic City,5653,22300000,2819,88.57,98.84,60
1366,8900000,5,Bengaluru,Electronic City,161,15800000,862,88.95,89.96,96
1367,18500000,2,Mumbai,Thane,1964,9400000,1331,98.5,64.88,67
1368,17400000,3,Chennai,Adyar,9555,18400000,1845,98.42,85.25,87
1369,4900000,1,Hyderabad,Kukatpally,3995,21500000,2164,71.34,76.28,86
1370,8000000,3,Hyderabad,Gachibowli,2057,7000000,1051,73.98,88.64,51
1371,3600000,5,Pune,Baner,2398,9700000,1766,71.66,78.88,88
1372,16700000,2,Hyderabad,Madhapur,646,7700000,3619,82.42,87.12,100
1373,4400000,1,Hyderabad,Gachibowli,9032,7200000,3899,85.48,71.94,70
1374,3100000,4,Hyderabad,Gachibowli,1507,8000000,2240,90.42,71.36,80
1375,9100000,4,Bengaluru,Whitefield,4145,12600000,2791,76.06,75.44,89
1376,3600000,2,Pune,Wakad,5617,20700000,2491,74.64,85.9,98
1377,4000000,4,Chennai,Anna Nagar,3891,23700000,3093,91.22,61.86,67
1378,17600000,3,Chennai,Anna Nagar,3618,7300000,731,73.39,97.96,100
1379,9600000,5,Chennai,Anna Nagar,2152,6800000,1116,94.64,66.07,96
1380,3000000,2,Mumbai,Thane,9565,21300000,1625,81.85,74.21,77
1381,12600000,5,Pune,Baner,4906,16900000,3991,71.19,65.41,60
1382,12900000,3,Chennai,Anna Nagar,319,8000000,1561,77.28,80.18,59
1383,4300000,5,Bengaluru,Whitefield,151,20900000,2498,90.87,63.25,81
1384,3000000,4,Bengaluru,Electronic City,4031,20800000,1407,97.92,99.83,71
1385,4000000,5,Bengaluru,Electronic City,1569,5500000,1978,86.59,79.64,76
1386,11500000,1,Mumbai,Powai,8644,23900000,2392,79.58,61.86,93
1387,11600000,5,Hyderabad,Kukatpally,2993,16100000,1060,72.3,80.11,53
1388,18000000,2,Chennai,Anna Nagar,6815,10000000,747,97.3,99.15,51
1389,11300000,1,Bengaluru,Electronic City,5299,9800000,3234,97.75,62.28,79
1390,4800000,3,Chennai,Anna Nagar,4947,8000000,1100,93.44,60.02,77
1391,15300000,3,Mumbai,Bandra,8667,10300000,3326,83.15,67.22,96
1392,8500000,4,Pune,Baner,4848,20500000,774,80.25,87.76,62
1393,17400000,1,Hyderabad,Kondapur,4686,11400000,3964,97.33,96.81,62
1394,15100000,4,Hyderabad,Gachibowli,7123,23300000,2683,97.47,62.84,56
1395,6700000,3,Mumbai,Bandra,2110,11800000,2772,82.36,91.21,80
1396,3500000,2,Bengaluru,Electronic City,1177,13800000,639,74.56,92.25,51
1397,6100000,1,Chennai,OMR,5447,17700000,2830,98.77,93.61,93
1398,14600000,4,Hyderabad,Kukatpally,1820,4500000,2014,72.3,86.55,86
1399,10000000,4,Chennai,OMR,3891,18500000,1261,93.74,93.37,89
1400,11300000,5,Mumbai,Andheri,8812,25000000,1155,77.32,67.02,83
1401,17400000,1,Chennai,Adyar,5287,17000000,3252,85.74,74.34,64
1402,3800000,2,Pune,Hinjewadi,2101,8500000,1445,92.66,77.22,88
1403,12400000,3,Bengaluru,Whitefield,5968,16400000,3794,83.08,68.86,88
1404,16200000,1,Bengaluru,Whitefield,5997,18500000,1296,88.34,69.84,50
1405,14500000,3,Chennai,Velachery,5743,24600000,3758,94.1,93.35,78
1406,8800000,2,Bengaluru,Indiranagar,3896,18900000,3271,89.67,90.06,90
1407,17600000,1,Pune,Wakad,6600,7100000,1322,93.61,80.01,94
1408,6400000,4,Pune,Baner,3965,13900000,2252,75.31,85.85,64
1409,18500000,2,Chennai,Adyar,9886,6700000,2315,79.13,70.84,95
1410,4400000,2,Chennai,Anna Nagar,7095,20900000,3475,73.8,73.69,96
1411,10700000,5,Hyderabad,Kondapur,8344,9500000,915,84.5,91.13,97
1412,12700000,3,Hyderabad,Madhapur,3497,13000000,3713,79.65,63.38,59
1413,10500000,2,Mumbai,Thane,7477,6800000,1094,89.55,88.53,50
1414,4500000,1,Mumbai,Thane,55,3700000,2332,79.78,83.06,60
1415,11200000,4,Mumbai,Powai,946,16200000,926,74.28,70.53,68
1416,15900000,1,Chennai,Adyar,397,21700000,3927,82.84,84.58,65
1417,5500000,2,Pune,Hinjewadi,1043,21400000,759,81.75,85.33,97
1418,19800000,5,Mumbai,Andheri,586,20300000,3605,77.45,98.03,73
1419,11900000,4,Hyderabad,Madhapur,9833,14100000,1659,95.98,94.23,61
1420,16400000,5,Chennai,Adyar,2521,17200000,1624,72.88,92.0,66
1421,4800000,3,Bengaluru,Whitefield,969,24900000,1912,75.5,68.15,82
1422,14000000,4,Hyderabad,Kondapur,139,16800000,2175,77.34,83.81,68
1423,8000000,1,Hyderabad,Madhapur,4164,5800000,1957,94.47,60.71,95
1424,6100000,4,Mumbai,Thane,364,14400000,1300,80.57,61.87,67
1425,15600000,1,Chennai,Velachery,8185,20400000,3749,84.76,67.79,71
1426,15100000,4,Pune,Baner,9223,13800000,1562,79.51,70.55,57
1427,15400000,4,Hyderabad,Kukatpally,3366,5300000,3812,74.61,94.43,82
1428,18300000,1,Bengaluru,Electronic City,8898,9200000,675,81.87,83.41,71
1429,17500000,1,Bengaluru,Electronic City,962,24600000,2119,80.32,88.53,59
1430,15000000,1,Pune,Baner,9923,9800000,1675,72.93,88.39,57
1431,8900000,2,Mumbai,Andheri,6298,23800000,2480,87.76,82.29,90
1432,13300000,3,Bengaluru,Indiranagar,8047,13300000,3207,76.32,76.17,89
1433,8500000,1,Mumbai,Bandra,610,21000000,1864,95.11,65.91,78
1434,16000000,5,Chennai,Anna Nagar,8043,18900000,3680,78.86,90.05,58
1435,14800000,3,Bengaluru,Electronic City,4053,5200000,873,91.65,97.71,84
1436,5900000,3,Pune,Hinjewadi,4579,8700000,2985,98.82,98.22,81
1437,13700000,5,Chennai,OMR,5100,8500000,1535,81.42,89.83,91
1438,4100000,3,Pune,Hinjewadi,3909,18400000,694,97.3,70.81,95
1439,18600000,3,Bengaluru,HSR Layout,3423,10700000,3632,75.18,97.69,73
1440,16200000,5,Bengaluru,HSR Layout,9189,8900000,3768,78.91,95.42,85
1441,16900000,5,Chennai,Anna Nagar,2271,11000000,1182,83.89,79.5,79
1442,3700000,1,Bengaluru,Electronic City,6207,9700000,1846,89.89,65.01,87
1443,15000000,4,Mumbai,Powai,2669,21200000,2213,73.4,76.79,67
1444,3500000,1,Pune,Baner,1835,6000000,3257,97.35,90.59,75
1445,13500000,4,Mumbai,Powai,7450,9300000,2605,76.12,86.61,57
1446,6800000,5,Chennai,Velachery,5214,12900000,2795,71.18,97.44,82
1447,8200000,2,Hyderabad,Madhapur,6802,4900000,3355,91.43,96.59,58
1448,3000000,3,Chennai,OMR,8584,5100000,2943,71.17,87.98,81
1449,3300000,3,Chennai,Adyar,9726,10400000,605,78.8,97.98,51
1450,10200000,1,Pune,Kharadi,9520,10800000,3474,71.93,97.11,60
1451,8000000,2,Bengaluru,HSR Layout,9878,4200000,1205,75.51,84.1,76
1452,5300000,4,Mumbai,Thane,610,5600000,3307,71.19,96.31,65
1453,6100000,5,Pune,Baner,2582,21400000,2261,76.46,62.02,80
1454,9600000,4,Hyderabad,Gachibowli,2432,20200000,2338,82.85,87.09,54
1455,12200000,4,Hyderabad,Kondapur,226,23400000,2777,93.38,84.77,96
1456,19400000,1,Pune,Wakad,8131,15400000,2678,75.39,71.5,91
1457,17400000,1,Chennai,Velachery,7004,19900000,648,79.06,96.04,58
1458,11800000,3,Pune,Kharadi,4237,6700000,3220,78.25,76.21,78
1459,12100000,2,Hyderabad,Madhapur,2585,10100000,1355,91.28,95.04,74
1460,7100000,5,Pune,Baner,1600,12300000,2327,84.99,97.7,67
1461,14300000,5,Hyderabad,Madhapur,1223,8100000,1623,91.78,89.0,78
1462,12400000,1,Mumbai,Andheri,5112,15600000,2977,90.34,94.33,79
1463,3300000,2,Pune,Baner,1731,18200000,3993,76.3,97.8,65
1464,3100000,2,Bengaluru,HSR Layout,6121,15100000,2543,91.74,80.65,53
1465,13800000,5,Chennai,Anna Nagar,1062,4500000,3148,94.64,86.88,92
1466,12500000,3,Mumbai,Bandra,7992,6900000,1243,97.65,96.33,93
1467,4300000,1,Hyderabad,Madhapur,6604,21200000,748,90.68,61.54,58
1468,9400000,4,Bengaluru,Indiranagar,3247,19100000,2640,87.91,67.02,80
1469,18000000,2,Mumbai,Thane,936,23700000,2087,74.78,89.62,73
1470,8400000,2,Hyderabad,Kondapur,1565,17100000,1707,79.45,85.97,51
1471,18300000,5,Chennai,Anna Nagar,4390,19000000,1423,89.59,71.43,80
1472,13400000,5,Pune,Baner,5217,7500000,1342,98.48,78.97,92
1473,6600000,4,Hyderabad,Gachibowli,2378,5700000,733,88.07,95.87,75
1474,14300000,1,Chennai,OMR,5953,15600000,2189,70.33,69.48,57
1475,18400000,2,Pune,Wakad,4504,19500000,2871,94.6,84.32,79
1476,6100000,2,Bengaluru,Indiranagar,5057,13300000,1251,92.16,80.94,51
1477,9700000,1,Pune,Hinjewadi,9114,20100000,3528,85.53,70.71,79
1478,5900000,1,Bengaluru,Indiranagar,6781,8800000,1069,94.96,61.06,78
1479,18200000,2,Bengaluru,HSR Layout,8021,11200000,3695,90.44,66.75,88
1480,14800000,5,Mumbai,Thane,6455,4500000,1192,70.72,78.04,91
1481,3900000,3,Mumbai,Thane,4933,18500000,707,84.54,71.31,79
1482,9100000,2,Chennai,Anna Nagar,1155,22400000,2025,80.92,61.74,76
1483,4100000,2,Mumbai,Andheri,6461,9300000,811,74.29,62.34,61
1484,19500000,5,Bengaluru,Whitefield,2767,12000000,1758,96.08,63.71,84
1485,17300000,4,Pune,Baner,5258,11200000,1364,78.37,89.53,89
1486,5800000,2,Mumbai,Bandra,6660,15000000,3821,86.68,73.2,95
1487,5200000,3,Chennai,Anna Nagar,4529,21700000,1247,99.07,82.87,55
1488,19400000,2,Pune,Hinjewadi,3822,21300000,636,81.9,82.59,69
1489,11500000,5,Bengaluru,Electronic City,107,6200000,1895,70.04,62.01,100
1490,5100000,3,Bengaluru,HSR Layout,5072,7700000,2628,73.91,62.52,94
1491,4200000,1,Bengaluru,Indiranagar,8054,14400000,1579,77.79,72.83,74
1492,9100000,1,Bengaluru,Indiranagar,7895,24800000,2863,94.43,65.94,72
1493,16900000,3,Bengaluru,HSR Layout,7424,8500000,3309,96.04,72.22,71
1494,19200000,1,Chennai,Adyar,6525,21200000,1184,74.13,68.59,74
1495,19800000,3,Hyderabad,Kukatpally,1973,14100000,3544,73.68,91.47,96
1496,9200000,2,Chennai,OMR,3740,13500000,1285,75.37,87.83,71
1497,14100000,1,Mumbai,Bandra,410,11800000,1029,73.55,96.49,65
1498,12300000,4,Bengaluru,Indiranagar,3453,19400000,1200,77.09,81.49,57
1499,19300000,3,Pune,Wakad,9689,12800000,902,83.97,63.17,77
1500,17800000,1,Bengaluru,Whitefield,6078,17300000,2559,85.11,90.8,60
1501,18200000,4,Chennai,Adyar,4543,12000000,2047,86.6,77.01,91
1502,4100000,5,Mumbai,Powai,1660,13800000,2742,77.06,62.71,57
1503,15900000,1,Chennai,OMR,4342,22500000,1676,82.95,68.07,89
1504,5300000,1,Hyderabad,Kondapur,2978,21300000,2450,98.08,98.92,53
1505,19500000,5,Pune,Baner,4768,16700000,2572,85.38,99.1,68
1506,6600000,3,Bengaluru,Indiranagar,2405,5700000,1244,87.84,68.99,53
1507,9800000,3,Hyderabad,Gachibowli,4000,8000000,3897,85.48,93.47,91
1508,4300000,4,Mumbai,Andheri,9968,6400000,674,98.57,79.1,74
1509,10100000,1,Hyderabad,Kondapur,4569,23900000,2635,74.92,65.07,72
1510,8200000,5,Bengaluru,HSR Layout,9489,12000000,2062,70.4,82.58,97
1511,10000000,2,Hyderabad,Gachibowli,372,18300000,2977,99.72,71.21,78
1512,10700000,5,Mumbai,Powai,611,6500000,2272,93.23,86.11,55
1513,16000000,4,Mumbai,Andheri,1903,10100000,1569,97.65,86.52,69
1514,5400000,3,Hyderabad,Kondapur,1072,17000000,2439,89.76,60.03,75
1515,3500000,5,Pune,Hinjewadi,8897,16900000,2002,76.68,98.19,69
1516,15300000,1,Chennai,Anna Nagar,764,21400000,887,87.58,71.09,61
1517,15800000,5,Pune,Hinjewadi,3438,6600000,1256,91.3,82.13,83
1518,14100000,1,Bengaluru,Electronic City,2192,18300000,1796,81.29,67.98,51
1519,7500000,3,Mumbai,Thane,3279,10000000,2764,73.78,97.39,96
1520,15700000,5,Bengaluru,Indiranagar,7294,22100000,3001,72.89,99.2,84
1521,15400000,2,Bengaluru,Whitefield,4114,19600000,3143,91.43,61.35,77
1522,15500000,1,Chennai,Adyar,4696,22400000,3582,81.11,77.99,89
1523,7800000,5,Hyderabad,Madhapur,2798,11900000,3631,97.7,98.38,87
1524,3700000,3,Pune,Hinjewadi,7078,5200000,2954,71.05,69.04,93
1525,15400000,1,Chennai,Anna Nagar,8383,23600000,3853,92.35,79.66,99
1526,19200000,1,Pune,Kharadi,3757,19200000,3497,81.89,88.57,54
1527,10100000,4,Chennai,Anna Nagar,5787,13100000,2822,74.31,87.27,62
1528,14200000,3,Chennai,Velachery,6090,20000000,2862,74.32,77.99,99
1529,9200000,3,Mumbai,Andheri,1784,13900000,3978,95.25,82.25,80
1530,16800000,4,Bengaluru,HSR Layout,3667,7000000,1440,70.16,87.67,85
1531,5300000,3,Chennai,Velachery,6944,5300000,605,99.55,64.2,85
1532,11600000,1,Bengaluru,Whitefield,7637,23600000,1749,79.04,94.53,59
1533,13900000,3,Mumbai,Andheri,977,7500000,2229,77.14,81.56,63
1534,5300000,1,Pune,Kharadi,9473,12200000,2585,87.31,67.13,85
1535,9300000,1,Pune,Hinjewadi,3560,15900000,744,70.61,72.49,87
1536,9500000,1,Hyderabad,Kukatpally,4321,9800000,2216,71.05,85.36,89
1537,9600000,4,Chennai,Adyar,9865,15300000,2305,71.5,78.72,75
1538,16400000,2,Hyderabad,Kukatpally,4780,5400000,2047,86.66,98.55,72
1539,14400000,4,Pune,Baner,9298,14600000,2686,83.9,61.75,67
1540,15800000,4,Hyderabad,Gachibowli,4280,19000000,3110,74.08,80.35,64
1541,8600000,3,Hyderabad,Kukatpally,7152,18500000,1525,82.98,85.79,59
1542,5800000,5,Bengaluru,HSR Layout,433,15500000,830,82.09,71.07,79
1543,14700000,4,Mumbai,Bandra,4317,5100000,2055,71.36,85.98,59
1544,10500000,3,Mumbai,Bandra,6798,23000000,3238,73.55,61.55,76
1545,12600000,3,Chennai,Velachery,1440,8800000,928,73.7,74.1,87
1546,5100000,1,Chennai,Adyar,1383,20100000,1253,91.52,77.94,84
1547,10500000,5,Hyderabad,Kukatpally,7841,18900000,2029,72.69,79.26,65
1548,7700000,1,Hyderabad,Gachibowli,9680,6900000,2052,81.77,82.73,100
1549,17500000,3,Pune,Hinjewadi,8380,13300000,2595,82.55,78.23,77
1550,8900000,4,Hyderabad,Gachibowli,4834,19500000,3908,73.71,92.08,90
1551,8300000,2,Pune,Wakad,7707,18500000,3102,85.73,71.47,75
1552,8500000,4,Chennai,Adyar,7730,16500000,1864,79.07,77.71,76
1553,15300000,3,Mumbai,Powai,4027,7700000,3613,94.26,89.14,95
1554,8500000,1,Hyderabad,Kukatpally,2859,12400000,1693,76.31,71.51,86
1555,14100000,1,Pune,Wakad,4592,6000000,2595,87.13,67.75,99
1556,8800000,5,Bengaluru,Electronic City,7283,9700000,1984,75.0,77.09,64
1557,6000000,3,Hyderabad,Madhapur,2295,14600000,3106,85.13,87.97,57
1558,7500000,2,Chennai,OMR,8777,9300000,3750,87.87,76.02,54
1559,13200000,4,Pune,Hinjewadi,3027,15100000,3464,74.49,90.59,100
1560,12500000,4,Hyderabad,Kondapur,4699,22000000,2587,72.59,83.93,51
1561,14000000,5,Pune,Baner,3780,6000000,1797,74.11,75.22,96
1562,20000000,4,Hyderabad,Madhapur,782,5200000,843,70.01,85.39,93
1563,16600000,2,Hyderabad,Kondapur,9907,5400000,2444,72.46,86.77,77
1564,17100000,5,Chennai,Velachery,956,19700000,1304,87.64,72.17,77
1565,11300000,2,Pune,Kharadi,674,19200000,1158,77.27,87.17,55
1566,13600000,4,Chennai,Velachery,6353,16200000,2683,79.18,90.78,64
1567,18800000,3,Bengaluru,Whitefield,6836,14300000,1613,80.49,80.24,57
1568,6100000,4,Hyderabad,Kondapur,2847,4200000,916,80.52,98.71,92
1569,11400000,5,Mumbai,Bandra,5530,8000000,685,92.7,90.5,75
1570,19800000,5,Mumbai,Thane,7468,13600000,1123,84.26,71.38,100
1571,3000000,4,Bengaluru,Whitefield,7075,11400000,2277,81.19,66.53,95
1572,10100000,4,Mumbai,Andheri,5090,12900000,3298,98.09,75.73,64
1573,7800000,1,Pune,Kharadi,2572,21200000,2398,72.57,60.42,61
1574,12600000,5,Bengaluru,Indiranagar,5047,10500000,935,78.62,77.12,60
1575,5800000,5,Hyderabad,Kondapur,2636,13400000,1861,71.9,84.2,84
1576,10600000,1,Mumbai,Thane,5111,10500000,3061,98.25,76.91,60
1577,15900000,5,Mumbai,Andheri,9315,21400000,1120,98.52,65.38,51
1578,7900000,2,Chennai,Anna Nagar,6384,6100000,2133,77.13,65.11,63
1579,9800000,2,Hyderabad,Kondapur,7146,17800000,3777,71.96,90.62,97
1580,5900000,4,Pune,Kharadi,3848,20800000,3419,86.66,68.53,67
1581,17500000,2,Bengaluru,Indiranagar,3894,21600000,2095,95.79,72.18,94
1582,13400000,3,Bengaluru,Whitefield,2612,7800000,1237,96.97,79.17,63
1583,12500000,2,Chennai,Adyar,4226,11900000,1705,97.86,84.28,85
1584,20000000,3,Bengaluru,Indiranagar,5371,8400000,1031,99.52,94.75,75
1585,18800000,1,Bengaluru,Indiranagar,9303,13100000,1031,86.84,85.17,70
1586,7900000,5,Chennai,Anna Nagar,8216,21100000,2449,75.03,91.76,87
1587,8000000,3,Mumbai,Powai,7433,6200000,1913,70.72,89.78,78
1588,4200000,2,Mumbai,Bandra,7470,6300000,1637,77.25,81.16,89
1589,6000000,4,Pune,Baner,2578,17100000,2333,74.81,94.42,52
1590,4700000,5,Mumbai,Andheri,9174,23900000,2654,80.41,92.77,94
1591,3900000,4,Hyderabad,Gachibowli,5013,6800000,1316,73.27,83.21,59
1592,3400000,3,Mumbai,Thane,6082,5900000,2696,71.88,82.22,100
1593,4800000,5,Pune,Baner,2969,10500000,1838,85.1,96.18,58
1594,9600000,2,Mumbai,Powai,7157,13900000,2580,76.04,94.91,71
1595,3700000,1,Chennai,Velachery,3630,4600000,2656,94.63,93.32,68
1596,8900000,1,Pune,Wakad,4615,15200000,3977,82.16,87.9,57
1597,14800000,2,Chennai,Adyar,73,9900000,1895,87.67,72.61,95
1598,6200000,1,Bengaluru,Electronic City,5503,7700000,980,96.09,91.61,68
1599,14600000,4,Chennai,Velachery,2909,20400000,1763,93.31,69.94,82
1600,5500000,5,Hyderabad,Kondapur,1527,15600000,2562,71.68,93.13,70
1601,9000000,4,Mumbai,Powai,1849,17300000,2320,76.5,98.97,61
1602,7000000,4,Hyderabad,Madhapur,9720,10000000,3283,78.73,95.03,56
1603,12100000,1,Mumbai,Powai,8283,11800000,3388,87.4,87.38,95
1604,7600000,1,Chennai,Velachery,341,4200000,3602,98.33,62.82,71
1605,4300000,2,Hyderabad,Kukatpally,3640,11900000,2232,82.12,88.69,65
1606,17700000,4,Pune,Baner,4296,16200000,1013,74.31,62.38,93
1607,19300000,5,Hyderabad,Kukatpally,5683,12100000,953,82.63,84.58,51
1608,17600000,5,Pune,Hinjewadi,1067,24000000,3957,80.19,94.06,88
1609,13900000,3,Hyderabad,Kondapur,5698,21600000,3288,97.63,74.27,66
1610,10100000,2,Bengaluru,HSR Layout,606,20600000,1298,96.79,71.45,97
1611,13000000,2,Hyderabad,Kondapur,5478,12200000,1701,76.15,61.32,76
1612,18800000,1,Bengaluru,HSR Layout,4231,23200000,1115,75.17,90.91,71
1613,8300000,1,Chennai,Velachery,5117,14000000,2304,92.77,76.84,99
1614,8500000,2,Mumbai,Andheri,1670,8800000,668,88.92,84.43,63
1615,13300000,3,Pune,Wakad,6307,3700000,2288,95.07,97.01,79
1616,7000000,5,Chennai,OMR,7847,20000000,3917,97.2,91.46,95
1617,14000000,4,Bengaluru,Electronic City,2197,18000000,2043,83.51,78.5,88
1618,12000000,3,Chennai,Velachery,735,16900000,1344,95.49,80.36,67
1619,14300000,2,Pune,Hinjewadi,2457,24200000,3765,78.33,63.98,57
1620,6100000,2,Hyderabad,Kukatpally,125,21700000,899,75.79,97.47,65
1621,4900000,4,Bengaluru,Indiranagar,1823,15800000,3828,75.18,85.25,61
1622,4400000,4,Chennai,Velachery,5759,9700000,3025,90.77,95.02,92
1623,7800000,2,Mumbai,Thane,6207,8200000,1557,75.6,63.59,66
1624,11100000,1,Pune,Hinjewadi,7732,4900000,1684,90.99,81.24,85
1625,15300000,3,Chennai,Velachery,9983,8500000,626,83.93,60.6,69
1626,7100000,5,Hyderabad,Gachibowli,3650,24800000,3698,88.78,88.24,72
1627,8100000,2,Pune,Hinjewadi,4207,22700000,1652,91.07,78.09,71
1628,14600000,1,Hyderabad,Madhapur,2781,24700000,1725,88.28,93.84,56
1629,19900000,2,Chennai,OMR,8494,20800000,2121,78.78,60.19,85
1630,7900000,3,Hyderabad,Kukatpally,9022,12900000,1596,78.55,95.74,50
1631,19300000,5,Mumbai,Bandra,660,16500000,3465,91.48,73.02,56
1632,9200000,3,Mumbai,Powai,9186,13300000,2749,94.44,96.8,74
1633,9100000,3,Chennai,Adyar,7933,25000000,3800,91.22,97.7,76
1634,14100000,5,Bengaluru,Indiranagar,4955,20400000,1739,72.04,78.01,89
1635,13300000,2,Chennai,Velachery,4726,21400000,3117,77.15,99.64,71
1636,8000000,4,Mumbai,Bandra,9174,23200000,711,70.14,90.12,83
1637,17400000,1,Chennai,OMR,6670,24700000,3677,81.81,60.42,81
1638,5600000,1,Pune,Hinjewadi,8519,5200000,3660,95.11,73.96,83
1639,11700000,1,Hyderabad,Kondapur,3224,24400000,2175,78.61,98.45,90
1640,19600000,3,Bengaluru,Electronic City,8066,5200000,637,93.72,73.7,95
1641,14300000,5,Chennai,Adyar,7887,21100000,1115,91.77,86.98,56
1642,9700000,1,Bengaluru,Whitefield,9482,21800000,1589,91.85,98.19,88
1643,7100000,5,Pune,Baner,4720,14300000,2848,87.67,91.75,57
1644,13100000,1,Chennai,OMR,394,24100000,909,94.69,98.47,53
1645,7300000,5,Pune,Hinjewadi,8650,4500000,3131,92.37,94.42,91
1646,14300000,4,Mumbai,Bandra,1307,17600000,2594,96.66,81.63,82
1647,15400000,5,Mumbai,Thane,7462,9500000,3066,85.72,93.7,83
1648,11900000,4,Hyderabad,Gachibowli,8947,18700000,1597,90.38,80.78,78
1649,18300000,1,Bengaluru,HSR Layout,6154,7600000,1161,98.52,75.83,71
1650,10200000,3,Hyderabad,Kondapur,1115,8200000,1294,96.57,80.71,65
1651,5000000,3,Bengaluru,Whitefield,1602,6100000,3616,72.74,69.28,51
1652,18100000,3,Chennai,Velachery,1243,15300000,3303,79.67,94.36,89
1653,3500000,4,Hyderabad,Kondapur,7662,24900000,2246,97.94,85.06,92
1654,19900000,1,Bengaluru,Electronic City,3051,13700000,1909,86.14,88.92,97
1655,6700000,5,Bengaluru,Electronic City,9326,5700000,3766,78.43,71.4,50
1656,12400000,4,Bengaluru,Electronic City,8313,16800000,1154,88.35,93.75,85
1657,15100000,1,Mumbai,Andheri,5252,9900000,2469,93.3,68.29,60
1658,15000000,1,Chennai,Adyar,7328,11200000,1043,92.32,83.04,93
1659,10000000,1,Pune,Kharadi,9043,5100000,1919,91.41,66.75,52
1660,13200000,3,Hyderabad,Kukatpally,4090,24300000,1121,95.2,60.54,53
1661,4100000,3,Hyderabad,Kukatpally,495,15300000,1379,72.29,82.64,83
1662,5900000,3,Bengaluru,Electronic City,8989,22200000,1043,81.79,60.85,87
1663,11600000,2,Bengaluru,Indiranagar,6651,7200000,1244,74.25,61.29,86
1664,14200000,5,Mumbai,Thane,3861,23300000,944,95.85,73.22,93
1665,9200000,1,Chennai,OMR,7062,9200000,1151,90.08,69.45,99
1666,14200000,2,Bengaluru,Electronic City,1643,16800000,3719,89.19,98.08,86
1667,3300000,5,Pune,Kharadi,8517,17500000,3851,85.61,75.77,61
1668,6000000,2,Bengaluru,HSR Layout,8266,12600000,3559,71.31,88.67,71
1669,12800000,2,Bengaluru,HSR Layout,3531,20900000,3641,89.76,85.04,100
1670,5400000,1,Mumbai,Bandra,3262,17500000,2661,89.21,70.59,97
1671,10500000,2,Mumbai,Bandra,1666,23600000,3594,74.56,73.45,63
1672,10400000,2,Hyderabad,Kukatpally,3155,15600000,1689,73.03,90.7,96
1673,16000000,2,Chennai,OMR,1155,16300000,3252,98.55,68.8,85
1674,16400000,5,Chennai,OMR,2269,11900000,1751,95.95,74.61,59
1675,9700000,4,Mumbai,Andheri,2064,7300000,1548,94.26,91.75,75
1676,5500000,3,Mumbai,Bandra,9250,16800000,1670,76.5,60.51,74
1677,6500000,1,Hyderabad,Kukatpally,9921,18200000,601,83.6,64.78,72
1678,11200000,3,Bengaluru,Electronic City,6517,21900000,2070,89.62,76.94,58
1679,9300000,5,Pune,Baner,6575,11600000,3099,93.85,62.29,99
1680,13500000,3,Mumbai,Bandra,7254,8200000,1553,70.94,89.69,97
1681,19500000,4,Hyderabad,Madhapur,5933,10600000,1401,72.04,88.63,59
1682,11300000,4,Bengaluru,Electronic City,7853,7600000,1146,93.99,64.26,50
1683,16300000,3,Hyderabad,Kondapur,8447,5300000,3676,98.37,95.43,64
1684,5000000,1,Pune,Kharadi,6032,12000000,888,79.73,85.92,93
1685,12300000,2,Pune,Kharadi,9880,7600000,2400,97.46,64.0,58
1686,5200000,3,Chennai,Velachery,7098,4300000,1781,86.78,97.04,66
1687,10800000,3,Pune,Baner,469,18700000,1979,83.78,63.04,54
1688,18900000,4,Mumbai,Andheri,607,11600000,1067,92.89,75.77,61
1689,8600000,3,Pune,Hinjewadi,9495,4000000,3869,88.08,87.42,88
1690,12000000,1,Pune,Wakad,6974,9800000,2797,79.8,90.46,62
1691,10900000,5,Mumbai,Powai,7276,20900000,3103,96.66,94.29,58
1692,17500000,2,Mumbai,Andheri,691,16200000,3539,83.03,92.48,92
1693,7100000,5,Pune,Wakad,7091,7300000,2262,75.37,67.01,77
1694,3900000,2,Hyderabad,Kondapur,4804,11300000,3442,78.52,61.56,80
1695,4800000,1,Mumbai,Powai,924,24600000,3340,81.87,76.85,79
1696,13600000,4,Hyderabad,Kukatpally,4047,19400000,790,73.32,70.31,70
1697,8000000,4,Mumbai,Powai,1064,16800000,2475,90.44,67.73,77
1698,17300000,5,Hyderabad,Madhapur,9679,23100000,3816,92.4,74.14,81
1699,9100000,5,Chennai,Adyar,2443,17900000,3920,73.59,93.69,68
1700,15000000,2,Mumbai,Thane,8191,11800000,3095,81.89,93.17,52
1701,4500000,2,Chennai,Velachery,679,13200000,3435,99.16,78.14,50
1702,13500000,3,Pune,Baner,6766,19500000,1377,88.34,89.14,92
1703,9000000,1,Mumbai,Thane,586,8900000,1813,79.94,79.89,52
1704,3900000,2,Bengaluru,HSR Layout,8048,5600000,3955,72.52,63.22,67
1705,14200000,4,Mumbai,Thane,3097,24200000,3206,98.75,60.71,55
1706,16100000,1,Mumbai,Andheri,5565,6000000,864,74.06,98.19,63
1707,5800000,5,Pune,Hinjewadi,1268,16000000,3207,70.12,92.21,96
1708,5300000,3,Chennai,Anna Nagar,3729,23800000,991,91.15,60.8,82
1709,9600000,4,Hyderabad,Madhapur,8308,9500000,1408,73.64,95.65,96
1710,5700000,4,Hyderabad,Gachibowli,8513,10600000,863,73.13,76.24,60
1711,16200000,5,Bengaluru,Whitefield,400,22900000,3906,73.68,98.72,82
1712,16200000,1,Hyderabad,Madhapur,2525,4300000,825,93.78,89.16,64
1713,18400000,1,Chennai,OMR,2055,9300000,3422,71.22,90.17,99
1714,8700000,2,Bengaluru,HSR Layout,359,24600000,1380,99.89,92.8,59
1715,4400000,2,Mumbai,Powai,3475,10800000,967,83.65,73.37,64
1716,16300000,3,Bengaluru,Electronic City,2367,17800000,2639,74.59,68.07,91
1717,13300000,1,Bengaluru,Whitefield,2755,17000000,3367,86.77,96.11,60
1718,8700000,4,Pune,Hinjewadi,6342,4100000,2219,74.74,82.46,90
1719,13900000,3,Bengaluru,HSR Layout,4405,9200000,1356,98.46,98.72,59
1720,7500000,1,Mumbai,Thane,4457,8600000,2620,94.28,69.09,62
1721,16600000,3,Hyderabad,Gachibowli,8585,20600000,3272,91.19,60.74,50
1722,7500000,3,Chennai,Adyar,3949,16300000,1041,96.21,87.54,97
1723,13200000,4,Bengaluru,Whitefield,3637,5800000,1264,75.98,87.12,67
1724,8500000,4,Bengaluru,Electronic City,6951,18600000,1890,77.18,96.83,66
1725,13800000,5,Pune,Baner,6694,14300000,2174,85.25,84.23,72
1726,16800000,1,Chennai,Velachery,5473,14500000,1064,89.87,81.08,89
1727,10300000,1,Pune,Kharadi,4527,17800000,1744,86.77,99.04,69
1728,11900000,5,Hyderabad,Kondapur,4114,8200000,1760,80.46,68.45,81
1729,14600000,5,Bengaluru,Whitefield,5668,24000000,2330,97.75,71.74,81
1730,6000000,4,Bengaluru,Electronic City,9052,4500000,2582,73.27,62.8,93
1731,6400000,5,Hyderabad,Madhapur,5419,10400000,1039,93.22,95.12,92
1732,14800000,4,Mumbai,Bandra,3992,4300000,1026,86.5,73.0,88
1733,6200000,2,Chennai,Velachery,5747,23800000,802,88.68,81.31,98
1734,8200000,3,Chennai,Adyar,7604,10200000,2149,82.13,76.02,75
1735,17800000,2,Pune,Kharadi,3769,7000000,3257,85.85,91.58,66
1736,12200000,5,Mumbai,Bandra,196,4600000,837,72.23,65.59,65
1737,13800000,5,Hyderabad,Kukatpally,7165,21700000,613,75.47,86.04,57
1738,11800000,4,Bengaluru,Whitefield,8631,5700000,2864,75.79,74.4,50
1739,20000000,4,Mumbai,Andheri,2373,18900000,2861,71.24,98.09,98
1740,17000000,4,Chennai,Velachery,6584,4100000,1687,89.56,93.03,90
1741,11800000,2,Mumbai,Bandra,7158,20600000,3754,92.79,78.71,76
1742,5600000,1,Chennai,OMR,2734,5700000,3945,73.57,81.67,82
1743,7700000,1,Chennai,OMR,5550,10500000,2564,76.96,83.98,64
1744,7400000,2,Chennai,Velachery,9931,19000000,3829,83.9,86.5,60
1745,4100000,1,Hyderabad,Kondapur,9252,13300000,2126,79.76,96.61,71
1746,19200000,1,Bengaluru,Electronic City,4919,21200000,2258,77.49,92.12,78
1747,10800000,5,Bengaluru,Indiranagar,8218,21600000,1329,93.32,62.15,60
1748,10600000,1,Pune,Baner,7797,5800000,2898,92.06,61.14,93
1749,18800000,3,Mumbai,Andheri,9993,17000000,1071,92.91,86.31,74
1750,11700000,5,Bengaluru,Indiranagar,3524,10700000,3446,90.05,63.53,62
1751,9400000,2,Hyderabad,Gachibowli,8037,16800000,3998,87.45,87.04,97
1752,12800000,5,Chennai,Anna Nagar,8768,11900000,2571,96.08,60.43,77
1753,17400000,1,Bengaluru,Indiranagar,246,24000000,2530,86.34,74.84,100
1754,7000000,4,Pune,Hinjewadi,7581,19900000,1908,98.79,82.61,52
1755,4800000,5,Mumbai,Bandra,5860,8500000,3487,74.07,71.67,57
1756,18200000,3,Bengaluru,Whitefield,6653,14300000,1417,78.16,83.46,71
1757,15900000,5,Chennai,Velachery,3154,6500000,2129,77.98,61.79,52
1758,5100000,1,Pune,Hinjewadi,7623,14400000,3505,94.92,61.29,52
1759,17700000,1,Chennai,OMR,7154,5800000,3365,89.91,89.39,99
1760,5700000,1,Chennai,Velachery,2679,20000000,2612,99.01,83.23,75
1761,19500000,2,Mumbai,Powai,2655,8800000,1497,94.35,61.62,91
1762,3600000,4,Mumbai,Bandra,6342,10800000,2191,92.74,83.35,92
1763,6000000,3,Bengaluru,Electronic City,8739,15100000,2300,75.76,86.81,85
1764,4600000,3,Bengaluru,Indiranagar,7646,21900000,1440,96.5,60.88,68
1765,13000000,5,Pune,Kharadi,9897,21800000,1402,82.53,71.16,60
1766,19800000,2,Pune,Wakad,1077,18900000,1842,91.74,68.75,89
1767,9400000,4,Hyderabad,Gachibowli,3921,16200000,3587,83.44,79.59,62
1768,17300000,4,Chennai,Anna Nagar,4219,24900000,2354,89.2,82.91,61
1769,15100000,2,Chennai,Velachery,3914,16900000,1560,85.62,83.15,92
1770,10400000,2,Chennai,Anna Nagar,418,16300000,1373,99.22,63.44,86
1771,9600000,5,Chennai,OMR,4464,11400000,3664,74.61,88.81,51
1772,16000000,3,Bengaluru,HSR Layout,9525,24500000,1794,91.49,86.21,93
1773,11600000,5,Pune,Kharadi,2982,12000000,3239,71.77,66.64,60
1774,4000000,2,Chennai,Anna Nagar,7607,6400000,2630,81.87,93.81,93
1775,8400000,5,Hyderabad,Gachibowli,9376,19200000,1806,85.01,78.63,98
1776,6500000,1,Mumbai,Bandra,7168,5900000,2321,92.19,60.79,71
1777,16100000,1,Chennai,Adyar,4336,19300000,3518,78.4,80.53,50
1778,15500000,4,Pune,Hinjewadi,4442,17600000,3291,81.24,72.9,72
1779,7000000,1,Mumbai,Bandra,1497,9400000,2231,99.65,82.12,87
1780,8400000,3,Bengaluru,Indiranagar,8041,16000000,3713,74.35,85.03,85
1781,15700000,5,Pune,Wakad,6452,19200000,3772,74.82,60.45,72
1782,13100000,3,Pune,Wakad,6426,19700000,3782,85.67,99.64,96
1783,14700000,2,Bengaluru,Whitefield,1684,15300000,3990,81.06,83.98,72
1784,4400000,1,Bengaluru,Indiranagar,9619,18500000,3305,89.86,63.59,77
1785,4500000,3,Hyderabad,Gachibowli,5944,8700000,2383,74.27,95.14,63
1786,5600000,2,Chennai,Velachery,5623,9700000,2196,77.64,94.87,64
1787,17500000,2,Pune,Hinjewadi,8261,4100000,2280,98.71,93.85,69
1788,16200000,5,Hyderabad,Madhapur,3989,9400000,3199,83.41,74.97,52
1789,7600000,5,Hyderabad,Kondapur,4892,5600000,1993,79.4,71.98,52
1790,9100000,4,Chennai,Adyar,6772,25000000,2654,79.14,99.32,67
1791,7100000,1,Pune,Hinjewadi,3859,21700000,3069,89.88,91.46,72
1792,4700000,2,Bengaluru,HSR Layout,5610,9500000,3296,97.1,74.89,72
1793,19100000,2,Pune,Wakad,2161,5400000,3169,95.53,83.3,84
1794,17100000,5,Chennai,OMR,2912,19200000,3875,80.41,91.75,95
1795,19400000,5,Hyderabad,Kondapur,1495,5000000,3634,70.53,65.72,66
1796,14200000,3,Hyderabad,Gachibowli,34,8700000,3659,89.12,98.24,90
1797,4200000,4,Bengaluru,HSR Layout,6199,22800000,1849,85.55,80.82,69
1798,15800000,1,Pune,Wakad,7537,18500000,2892,96.92,61.86,53
1799,9200000,1,Pune,Kharadi,4447,9200000,1356,98.01,81.93,72
1800,3200000,3,Hyderabad,Kukatpally,1503,8200000,1526,77.65,78.15,84
1801,10900000,3,Chennai,Adyar,5867,9800000,1750,82.73,94.7,91
1802,7400000,1,Pune,Wakad,6479,7200000,2893,92.93,76.37,70
1803,10800000,3,Hyderabad,Kondapur,1406,14200000,2475,82.56,84.37,93
1804,19400000,3,Chennai,Anna Nagar,6073,15200000,3619,91.09,68.14,96
1805,17700000,1,Hyderabad,Gachibowli,2124,16700000,2654,96.44,98.14,91
1806,11600000,5,Bengaluru,Electronic City,8244,8400000,1410,97.19,91.98,96
1807,19100000,4,Mumbai,Bandra,1381,19000000,2136,81.75,97.41,88
1808,19800000,1,Mumbai,Powai,2227,8300000,1036,94.38,92.76,88
1809,14000000,5,Bengaluru,Whitefield,2133,4700000,1027,71.83,98.13,67
1810,11400000,3,Hyderabad,Kukatpally,2047,8700000,2897,85.36,92.64,91
1811,13800000,1,Chennai,Adyar,4941,10100000,3137,97.8,80.55,55
1812,3200000,1,Pune,Wakad,6113,20000000,2731,91.82,83.87,91
1813,18500000,1,Chennai,Anna Nagar,543,7800000,757,88.34,93.08,74
1814,16500000,1,Chennai,Adyar,8745,10200000,2288,87.07,84.67,87
1815,18900000,2,Hyderabad,Kukatpally,7263,20800000,2318,88.68,92.29,93
1816,6500000,1,Bengaluru,HSR Layout,226,4400000,3721,98.44,63.24,60
1817,3800000,4,Chennai,Anna Nagar,2783,9700000,3456,81.56,85.79,93
1818,7900000,2,Bengaluru,HSR Layout,1981,20000000,2708,96.96,89.87,71
1819,12900000,1,Mumbai,Powai,23,8200000,693,72.02,82.25,86
1820,16500000,5,Hyderabad,Madhapur,4368,22100000,3524,97.53,74.12,55
1821,15600000,1,Hyderabad,Gachibowli,9052,5600000,1703,76.29,94.91,73
1822,15100000,2,Mumbai,Andheri,3502,12700000,745,78.99,96.83,56
1823,17400000,3,Pune,Wakad,3847,6400000,3399,71.89,68.79,59
1824,9600000,5,Chennai,OMR,1232,6500000,940,92.29,65.82,96
1825,6400000,2,Chennai,Anna Nagar,8042,7900000,1938,84.92,97.28,60
1826,13600000,5,Chennai,Adyar,57,18700000,2759,79.4,77.75,65
1827,3400000,5,Chennai,OMR,7196,10900000,3674,72.31,84.8,92
1828,16900000,5,Mumbai,Andheri,8941,5200000,653,75.2,68.15,64
1829,14400000,5,Pune,Baner,885,20000000,3930,90.66,82.6,88
1830,14900000,2,Chennai,Velachery,3754,22900000,3451,89.99,71.66,82
1831,9200000,2,Mumbai,Thane,9243,10700000,634,75.24,90.51,82
1832,13500000,3,Bengaluru,Electronic City,8279,5600000,1594,89.07,96.15,76
1833,4400000,3,Hyderabad,Kondapur,258,8600000,676,70.14,82.77,67
1834,13000000,4,Bengaluru,Whitefield,503,8100000,667,74.09,93.51,50
1835,14300000,1,Pune,Kharadi,892,11800000,2998,94.62,87.31,86
1836,13000000,1,Hyderabad,Gachibowli,5054,6100000,2420,99.82,68.22,92
1837,8200000,3,Mumbai,Bandra,5066,4400000,3679,95.5,86.74,60
1838,10200000,3,Mumbai,Thane,2182,7800000,1479,73.53,61.98,91
1839,16600000,2,Mumbai,Bandra,2522,17400000,1577,70.48,88.11,66
1840,5300000,4,Pune,Hinjewadi,2867,12600000,2153,94.92,79.62,59
1841,7600000,3,Mumbai,Bandra,422,19600000,3992,70.04,99.46,68
1842,16500000,1,Hyderabad,Gachibowli,7147,22500000,2788,88.72,89.03,83
1843,10100000,5,Mumbai,Bandra,7170,10000000,3678,87.28,98.26,76
1844,7400000,5,Pune,Hinjewadi,9836,10900000,2382,70.04,64.74,73
1845,5100000,4,Chennai,Velachery,1303,11500000,1716,71.78,74.03,54
1846,17000000,5,Hyderabad,Gachibowli,9935,5300000,613,74.16,94.83,70
1847,14500000,1,Mumbai,Bandra,5890,17900000,2072,99.42,99.22,55
1848,13400000,1,Bengaluru,HSR Layout,8528,19700000,2183,97.19,82.56,67
1849,10700000,3,Pune,Kharadi,5035,18900000,1032,86.0,80.72,60
1850,10400000,3,Mumbai,Andheri,9882,15300000,1998,97.4,71.63,51
1851,8800000,2,Mumbai,Andheri,2386,22900000,3635,87.65,86.27,52
1852,14500000,5,Mumbai,Bandra,4087,18200000,1259,78.19,88.29,60
1853,9700000,1,Bengaluru,Electronic City,6493,11700000,3644,74.19,62.97,92
1854,3800000,1,Pune,Baner,4392,10400000,3459,92.25,85.03,67
1855,13000000,2,Hyderabad,Gachibowli,4037,19300000,1537,88.75,83.99,94
1856,5400000,5,Mumbai,Thane,7513,16100000,1489,97.59,81.2,66
1857,7600000,1,Pune,Hinjewadi,6438,17500000,2877,77.96,95.33,97
1858,19000000,4,Chennai,Anna Nagar,5818,13200000,3039,71.17,60.75,81
1859,4700000,5,Pune,Baner,4861,20300000,3339,94.92,78.47,51
1860,12600000,1,Pune,Kharadi,948,19200000,3260,71.91,88.69,54
1861,12300000,4,Chennai,Velachery,3095,4100000,700,96.9,83.78,51
1862,19700000,2,Bengaluru,Whitefield,9433,23400000,3631,85.71,68.05,71
1863,12500000,3,Pune,Kharadi,4382,20400000,2099,76.29,95.48,50
1864,12600000,1,Mumbai,Bandra,8274,20300000,2835,94.7,77.06,88
1865,17200000,4,Pune,Hinjewadi,5278,5700000,1566,89.13,91.17,51
1866,15000000,3,Bengaluru,HSR Layout,8272,21800000,947,79.75,78.28,61
1867,19300000,3,Mumbai,Powai,6825,10100000,2274,93.12,75.2,88
1868,9400000,4,Chennai,Velachery,693,24300000,2866,73.94,97.71,60
1869,15800000,4,Hyderabad,Madhapur,9156,16600000,879,86.76,75.02,59
1870,8500000,3,Bengaluru,Electronic City,6690,16300000,2099,87.18,73.9,91
1871,10000000,4,Bengaluru,HSR Layout,8723,22700000,3124,90.71,92.55,55
1872,18300000,2,Mumbai,Thane,9049,5500000,2475,77.15,72.08,71
1873,10100000,1,Bengaluru,Indiranagar,2265,4400000,1333,71.29,88.52,96
1874,17400000,4,Mumbai,Thane,4606,18800000,3554,75.61,85.51,53
1875,11700000,2,Pune,Wakad,4077,18500000,3759,80.24,86.98,56
1876,7000000,3,Bengaluru,HSR Layout,854,18500000,3320,71.34,68.56,85
1877,11200000,4,Bengaluru,Whitefield,6586,3700000,652,78.99,80.81,56
1878,5000000,2,Chennai,Velachery,2333,24700000,1328,83.45,68.66,63
1879,14000000,3,Bengaluru,HSR Layout,4712,23000000,3078,79.81,76.61,78
1880,20000000,1,Chennai,Anna Nagar,4597,7200000,2240,98.39,71.48,57
1881,17700000,2,Mumbai,Thane,474,24400000,3952,95.76,96.87,70
1882,4600000,2,Chennai,OMR,6203,11600000,631,82.91,87.66,72
1883,11500000,3,Bengaluru,HSR Layout,1283,7900000,1052,80.05,75.11,61
1884,8900000,1,Pune,Hinjewadi,8555,24500000,785,99.64,91.95,100
1885,3700000,2,Hyderabad,Gachibowli,6449,10600000,2898,83.12,91.82,85
1886,9700000,4,Mumbai,Powai,2460,14900000,1018,94.76,61.7,75
1887,11000000,2,Chennai,Velachery,8964,4600000,1656,88.93,71.18,94
1888,12300000,2,Bengaluru,HSR Layout,9696,21800000,2324,73.99,93.46,95
1889,17500000,5,Hyderabad,Kondapur,5618,23600000,3568,99.59,76.75,85
1890,6900000,5,Hyderabad,Madhapur,4982,10400000,849,95.39,91.22,82
1891,5700000,3,Pune,Baner,2836,12200000,3230,73.39,90.87,90
1892,12900000,2,Hyderabad,Gachibowli,6703,18000000,3378,92.47,78.23,51
1893,17900000,4,Pune,Hinjewadi,3481,21600000,3707,84.05,73.48,70
1894,6600000,3,Bengaluru,Whitefield,7652,10600000,1985,73.23,70.13,71
1895,15700000,1,Mumbai,Andheri,782,14200000,3484,90.99,91.76,55
1896,14900000,5,Mumbai,Thane,205,22500000,661,77.86,98.15,55
1897,8500000,5,Pune,Kharadi,8884,24400000,765,71.77,65.2,50
1898,18500000,5,Hyderabad,Gachibowli,4453,9600000,2929,73.89,78.25,64
1899,3900000,3,Pune,Baner,7760,17200000,2060,71.23,76.77,100
1900,4800000,2,Mumbai,Thane,9402,23900000,3163,70.43,68.68,76
1901,11800000,3,Mumbai,Bandra,6228,17300000,3620,82.47,66.85,91
1902,5600000,1,Chennai,Adyar,8043,20800000,3829,70.24,72.71,77
1903,7000000,3,Chennai,Adyar,273,17700000,2598,84.78,81.42,59
1904,17900000,3,Mumbai,Andheri,5552,12900000,3128,92.69,92.12,57
1905,19100000,5,Hyderabad,Kondapur,2449,10000000,1596,75.96,67.44,90
1906,10900000,4,Hyderabad,Kukatpally,789,20900000,725,75.84,81.05,57
1907,5000000,5,Mumbai,Andheri,1697,8700000,2822,73.0,93.66,57
1908,15000000,5,Mumbai,Andheri,7644,13100000,3305,95.18,94.9,97
1909,13800000,4,Chennai,OMR,5594,13900000,3021,80.42,87.61,83
1910,17800000,1,Mumbai,Bandra,4492,19000000,2435,92.6,76.34,72
1911,9000000,4,Pune,Wakad,5089,6800000,1801,72.92,64.81,63
1912,7000000,2,Bengaluru,Indiranagar,3521,17600000,3779,71.47,76.39,63
1913,18000000,1,Chennai,OMR,167,19600000,3376,78.45,80.41,90
1914,10100000,5,Pune,Kharadi,621,8600000,1954,74.55,88.95,75
1915,9600000,3,Hyderabad,Kondapur,6728,10800000,3883,89.81,97.07,97
1916,14500000,2,Bengaluru,HSR Layout,2828,9900000,774,96.94,93.76,65
1917,6600000,3,Chennai,Velachery,8454,15100000,747,91.89,93.57,81
1918,15600000,4,Hyderabad,Madhapur,3218,19500000,994,88.07,68.97,69
1919,11100000,5,Chennai,OMR,1006,5100000,1844,85.61,73.42,90
1920,14700000,1,Chennai,Adyar,5648,15100000,2975,95.21,83.34,76
1921,13500000,5,Mumbai,Bandra,1749,11000000,638,83.64,60.63,66
1922,5400000,4,Chennai,OMR,8101,4300000,1785,88.26,67.91,85
1923,5900000,5,Bengaluru,Indiranagar,1026,4800000,3968,92.04,60.74,77
1924,5800000,5,Bengaluru,Indiranagar,5324,17700000,2564,95.22,87.75,60
1925,7900000,2,Hyderabad,Kukatpally,8462,11500000,1731,82.04,96.77,59
1926,4200000,4,Bengaluru,Whitefield,5995,8000000,650,91.33,81.02,65
1927,4000000,4,Chennai,Anna Nagar,5771,10200000,3289,72.19,89.25,68
1928,17100000,5,Pune,Baner,5702,15700000,3411,92.62,95.97,50
1929,15800000,3,Hyderabad,Kukatpally,2054,10600000,1455,91.72,88.21,94
1930,18200000,4,Mumbai,Thane,5763,10700000,2245,93.85,60.91,65
1931,11200000,5,Chennai,OMR,742,24800000,2167,76.32,61.73,77
1932,7500000,1,Pune,Kharadi,1723,13500000,635,86.61,82.18,83
1933,13500000,5,Bengaluru,Whitefield,9283,7600000,2467,72.73,78.44,65
1934,8500000,4,Hyderabad,Madhapur,2230,4300000,3926,91.71,76.31,93
1935,8100000,2,Pune,Wakad,7174,4700000,1396,70.72,63.34,63
1936,14100000,3,Hyderabad,Madhapur,3919,7800000,3174,72.74,84.29,53
1937,19400000,5,Bengaluru,Indiranagar,3807,23000000,1116,76.96,68.62,66
1938,6300000,5,Mumbai,Powai,6519,13800000,1036,89.76,94.23,72
1939,3800000,2,Hyderabad,Gachibowli,9789,18300000,1367,87.46,90.32,74
1940,17300000,4,Bengaluru,Indiranagar,4040,14100000,2839,84.89,96.7,66
1941,4200000,4,Hyderabad,Gachibowli,9776,11200000,931,85.64,81.11,66
1942,20000000,1,Pune,Hinjewadi,9543,17700000,2203,81.08,77.06,62
1943,15600000,4,Pune,Baner,7248,12000000,2309,88.67,91.33,56
1944,11100000,2,Chennai,Anna Nagar,1841,15000000,1839,80.08,89.87,77
1945,13300000,5,Pune,Hinjewadi,6237,6200000,2791,93.23,73.87,55
1946,3800000,5,Pune,Wakad,5432,20500000,3086,97.63,71.22,70
1947,5800000,3,Bengaluru,Indiranagar,9600,23900000,2683,89.0,95.51,98
1948,11700000,5,Chennai,Anna Nagar,5640,19000000,1346,93.84,99.41,90
1949,10900000,4,Chennai,Adyar,6625,9700000,3370,91.44,73.35,54
1950,19700000,1,Mumbai,Thane,8443,21500000,958,77.83,71.13,71
1951,14000000,5,Hyderabad,Madhapur,5610,11400000,2203,89.77,86.22,63
1952,19500000,4,Chennai,Adyar,3862,23700000,1066,81.88,90.71,71
1953,18000000,1,Bengaluru,Electronic City,2691,20300000,759,97.9,77.57,88
1954,10500000,3,Bengaluru,Whitefield,7727,10000000,1958,77.9,90.17,56
1955,10100000,5,Mumbai,Bandra,979,24400000,904,77.37,82.09,64
1956,17200000,4,Mumbai,Andheri,970,20400000,1322,90.76,70.78,85
1957,5800000,5,Pune,Baner,3987,19400000,1708,94.57,61.86,86
1958,8000000,1,Bengaluru,Electronic City,1618,16900000,3182,97.66,79.07,75
1959,16000000,1,Pune,Kharadi,3831,16700000,2943,73.54,72.23,86
1960,18000000,5,Chennai,Anna Nagar,7699,11000000,1440,79.54,60.4,82
1961,3000000,1,Chennai,OMR,5685,11600000,3999,75.18,78.64,59
1962,13100000,5,Bengaluru,Indiranagar,4556,24600000,3624,73.88,97.14,93
1963,15500000,2,Mumbai,Powai,677,22100000,2547,89.17,99.44,89
1964,8500000,1,Mumbai,Powai,2737,6300000,2138,74.14,86.48,66
1965,11400000,1,Chennai,Velachery,9601,17700000,3096,97.17,95.11,99
1966,16700000,2,Bengaluru,Whitefield,1566,9100000,1696,97.75,71.0,72
1967,4300000,1,Hyderabad,Madhapur,6316,13500000,1643,72.81,64.72,84
1968,14400000,1,Bengaluru,Whitefield,8379,14100000,3527,85.01,72.22,54
1969,3700000,1,Chennai,OMR,6794,6600000,738,89.32,68.35,79
1970,8200000,3,Hyderabad,Kukatpally,4634,17600000,1594,92.73,74.49,52
1971,19800000,4,Hyderabad,Gachibowli,9444,19100000,1532,99.87,89.63,78
1972,9800000,5,Mumbai,Bandra,7429,9800000,3361,89.22,70.51,91
1973,6900000,4,Chennai,Velachery,2238,14400000,780,90.64,76.41,72
1974,15200000,5,Pune,Baner,4580,15900000,3096,94.39,75.38,92
1975,11500000,1,Mumbai,Thane,902,16900000,2411,75.73,68.52,57
1976,13700000,2,Hyderabad,Kondapur,3389,6100000,3051,94.76,60.98,84
1977,3600000,5,Pune,Baner,434,4300000,3965,96.42,75.94,84
1978,5300000,1,Chennai,Adyar,6140,25000000,1225,93.46,92.77,80
1979,12000000,1,Hyderabad,Kukatpally,4840,8900000,1772,90.15,67.59,93
1980,10900000,2,Hyderabad,Kondapur,6205,10700000,1732,70.13,75.66,74
1981,16200000,1,Bengaluru,Indiranagar,8071,13700000,1372,70.27,80.66,76
1982,16400000,2,Mumbai,Bandra,3719,4200000,794,81.57,66.69,61
1983,17600000,3,Pune,Hinjewadi,7348,6700000,1812,86.82,77.34,92
1984,6400000,1,Mumbai,Powai,9344,15200000,3666,86.6,94.13,53
1985,4300000,3,Hyderabad,Gachibowli,3765,24800000,879,83.18,86.48,100
1986,6000000,1,Chennai,Anna Nagar,952,7500000,3894,94.63,91.33,95
1987,13900000,1,Hyderabad,Gachibowli,6277,17300000,895,94.43,61.13,55
1988,15500000,3,Chennai,Anna Nagar,9169,21700000,1295,90.06,91.66,96
1989,15500000,5,Pune,Wakad,9434,9600000,3530,93.96,61.87,95
1990,4200000,4,Hyderabad,Kukatpally,8638,6700000,2423,92.89,79.45,57
1991,17100000,3,Chennai,Velachery,9841,8800000,1675,92.51,76.45,86
1992,17500000,3,Mumbai,Bandra,208,18500000,2229,87.9,96.77,99
1993,16900000,2,Chennai,Adyar,5072,14100000,1037,95.02,78.16,99
1994,16900000,5,Hyderabad,Gachibowli,1894,16300000,665,86.28,90.68,66
1995,14000000,3,Mumbai,Powai,858,22600000,1828,94.9,97.26,64
1996,19100000,5,Pune,Baner,8014,17700000,2089,70.35,75.83,58
1997,8600000,3,Bengaluru,Electronic City,7562,5600000,3366,77.18,90.21,59
1998,19400000,1,Chennai,Velachery,1211,15800000,739,79.04,98.34,78
1999,3100000,2,Bengaluru,Electronic City,3095,21600000,2882,86.48,87.13,71
2000,9300000,4,Bengaluru,Indiranagar,8241,5500000,3366,76.08,68.12,69
2001,10500000,2,Chennai,Velachery,9851,8300000,3874,78.28,86.53,52
2002,16800000,1,Bengaluru,Indiranagar,1513,7700000,3821,72.94,97.1,96
2003,17900000,3,Pune,Wakad,977,10600000,2870,91.62,61.43,78
2004,7800000,5,Bengaluru,HSR Layout,9936,10700000,2351,97.79,85.04,50
2005,10000000,5,Pune,Baner,2515,13500000,2929,76.42,75.05,92
2006,3100000,4,Bengaluru,HSR Layout,8907,9000000,2498,74.91,61.45,91
2007,10900000,4,Bengaluru,HSR Layout,7849,19800000,2670,73.63,70.79,70
2008,6400000,1,Chennai,OMR,8792,17100000,3140,70.97,87.2,89
2009,14200000,5,Bengaluru,HSR Layout,6898,15200000,3581,84.45,65.13,82
2010,18900000,5,Chennai,Anna Nagar,2604,16600000,1180,86.13,78.43,89
2011,8500000,1,Mumbai,Thane,5476,6600000,1608,81.09,96.03,55
2012,18700000,2,Chennai,OMR,8526,5900000,2664,80.53,60.91,50
2013,3800000,5,Chennai,Adyar,1681,14300000,2325,86.5,81.01,78
2014,11700000,3,Pune,Baner,1370,11600000,2313,85.26,62.95,75
2015,5200000,4,Hyderabad,Kukatpally,7293,13700000,2102,78.59,77.81,61
2016,9100000,2,Chennai,OMR,7642,6200000,3819,80.9,60.4,94
2017,16500000,4,Bengaluru,Indiranagar,1909,25000000,2127,98.42,81.8,66
2018,12200000,2,Mumbai,Thane,589,8600000,1380,93.01,96.03,80
2019,10400000,5,Mumbai,Thane,2254,4200000,3288,97.97,80.3,88
2020,19800000,3,Chennai,Adyar,2309,4000000,3714,70.42,73.23,93
2021,10800000,4,Pune,Kharadi,8257,7900000,3700,91.66,93.29,94
2022,10800000,3,Chennai,Adyar,3154,21100000,975,98.5,63.96,86
2023,12100000,2,Chennai,Adyar,8092,12800000,1579,88.53,67.09,52
2024,18800000,3,Chennai,Anna Nagar,1950,6400000,2814,98.03,77.35,56
2025,14600000,1,Hyderabad,Kukatpally,8909,17500000,3849,74.08,71.97,66
2026,12400000,4,Chennai,OMR,4318,9000000,1083,99.88,82.37,84
2027,9100000,2,Bengaluru,Whitefield,1571,11400000,3656,74.57,94.21,64
2028,15300000,3,Hyderabad,Kondapur,9289,18100000,1318,85.98,67.66,96
2029,9000000,1,Hyderabad,Gachibowli,6175,23800000,909,84.4,60.52,76
2030,7100000,5,Chennai,Velachery,2946,12900000,2313,88.78,70.47,79
2031,10300000,3,Pune,Kharadi,7154,20000000,3682,80.31,64.13,58
2032,17000000,5,Bengaluru,Whitefield,3647,10200000,3011,73.11,69.19,100
2033,17000000,3,Bengaluru,Electronic City,3355,12800000,2159,70.27,83.74,92
2034,16000000,2,Hyderabad,Madhapur,8791,6800000,3161,90.48,73.39,84
2035,3200000,2,Mumbai,Powai,7301,5300000,3335,94.49,67.44,73
2036,5800000,4,Bengaluru,Indiranagar,558,22400000,952,81.76,99.8,68
2037,14300000,2,Chennai,Adyar,504,5600000,1172,76.03,68.63,55
2038,14300000,4,Bengaluru,Indiranagar,2260,10900000,3860,89.99,84.63,59
2039,13100000,4,Mumbai,Bandra,6089,23900000,2554,70.43,94.4,62
2040,12200000,3,Pune,Kharadi,2469,21200000,1363,75.8,88.85,62
2041,12500000,2,Pune,Wakad,9960,15200000,1960,90.88,64.81,84
2042,9400000,1,Pune,Wakad,8109,3600000,865,72.63,71.38,71
2043,18700000,5,Chennai,Adyar,8969,12400000,2447,92.38,79.01,67
2044,8100000,2,Bengaluru,Electronic City,9720,15800000,1013,94.95,93.39,88
2045,3200000,4,Pune,Wakad,7702,23600000,3723,99.43,98.51,89
2046,18100000,3,Chennai,OMR,1985,4100000,2921,96.49,63.02,83
2047,7800000,1,Chennai,Velachery,1541,21500000,1762,91.36,70.82,84
2048,5700000,3,Chennai,OMR,8618,17900000,2209,71.24,93.04,99
2049,16500000,2,Bengaluru,Electronic City,6224,10000000,3914,80.77,68.42,95
2050,19400000,2,Pune,Wakad,2049,24300000,1017,72.34,82.1,69
2051,16600000,3,Mumbai,Powai,5665,24000000,3106,76.87,98.38,59
2052,5000000,2,Mumbai,Thane,3195,11400000,1999,91.96,82.89,64
2053,10600000,2,Bengaluru,Whitefield,6756,20700000,2246,94.18,91.16,99
2054,10900000,3,Pune,Hinjewadi,3687,11200000,1971,80.54,80.1,76
2055,7700000,3,Bengaluru,Indiranagar,3269,20900000,1786,85.99,96.14,60
2056,11600000,5,Chennai,Velachery,6225,4300000,2404,80.19,70.92,50
2057,13400000,5,Mumbai,Powai,5852,12200000,3658,97.49,82.57,65
2058,15000000,1,Bengaluru,HSR Layout,1492,15900000,1526,83.05,62.75,66
2059,12100000,4,Bengaluru,Electronic City,744,24000000,2003,81.93,80.23,57
2060,13100000,5,Hyderabad,Kondapur,8039,5700000,1091,92.39,71.64,82
2061,7500000,1,Chennai,Adyar,7836,12600000,3724,72.66,85.54,98
2062,4500000,2,Mumbai,Thane,677,20700000,1929,87.59,78.94,63
2063,7000000,3,Chennai,OMR,9728,19600000,2982,72.78,67.36,68
2064,17700000,1,Mumbai,Andheri,5689,19000000,3815,91.39,81.08,76
2065,9900000,2,Hyderabad,Gachibowli,8043,14800000,915,85.96,94.78,96
2066,7800000,3,Chennai,OMR,3629,13100000,2592,74.48,96.84,69
2067,18700000,2,Bengaluru,Electronic City,4561,18100000,2753,93.27,86.01,88
2068,12200000,4,Pune,Kharadi,3673,5400000,2937,75.26,85.72,54
2069,5800000,5,Chennai,OMR,5421,15000000,3931,96.44,85.91,59
2070,7200000,2,Mumbai,Bandra,8987,4600000,879,82.13,91.74,74
2071,10600000,4,Pune,Hinjewadi,1183,20700000,1040,80.69,86.41,63
2072,3400000,3,Chennai,Anna Nagar,4850,4800000,967,71.04,70.08,69
2073,10000000,2,Bengaluru,Indiranagar,998,23500000,1373,96.24,90.06,79
2074,20000000,1,Bengaluru,Whitefield,4511,3500000,3666,98.15,62.55,80
2075,8100000,2,Pune,Baner,8399,13800000,2552,75.38,94.51,90
2076,16500000,2,Hyderabad,Madhapur,5234,7800000,2483,85.57,73.34,75
2077,11800000,1,Chennai,Adyar,1960,13600000,3107,95.91,84.46,90
2078,8300000,4,Pune,Wakad,5390,25000000,1108,84.49,67.33,74
2079,6200000,3,Hyderabad,Kukatpally,1988,11000000,802,86.86,90.18,74
2080,19800000,4,Bengaluru,Whitefield,373,10100000,1685,94.37,71.67,96
2081,18200000,1,Mumbai,Thane,34,19300000,3500,70.11,96.25,84
2082,14600000,1,Chennai,Adyar,1531,12200000,2109,81.52,84.22,69
2083,8300000,2,Mumbai,Andheri,5434,4800000,3827,94.77,89.66,91
2084,16600000,3,Bengaluru,Whitefield,6301,12800000,3299,81.72,77.34,77
2085,5300000,1,Mumbai,Bandra,1267,19900000,2385,78.01,95.5,66
2086,16400000,5,Chennai,Adyar,4365,11900000,2614,88.24,62.5,65
2087,5100000,5,Mumbai,Thane,1752,19000000,3493,77.76,84.86,80
2088,19300000,5,Mumbai,Powai,5824,7400000,1456,92.56,99.75,82
2089,13900000,4,Hyderabad,Kondapur,3447,11200000,922,95.94,79.3,83
2090,19800000,2,Mumbai,Andheri,245,9400000,1940,90.6,84.01,100
2091,12400000,4,Bengaluru,Whitefield,6025,19000000,1966,82.14,62.55,89
2092,17500000,1,Pune,Wakad,4071,21200000,3535,97.22,81.81,62
2093,4200000,2,Pune,Kharadi,1175,16100000,1639,92.46,83.72,88
2094,6000000,1,Hyderabad,Madhapur,8876,12900000,1128,82.6,70.83,91
2095,19700000,4,Mumbai,Thane,3985,16100000,2345,97.74,63.87,59
2096,8100000,4,Hyderabad,Kukatpally,2363,4400000,1147,77.38,67.92,100
2097,15100000,2,Pune,Baner,8299,21200000,3607,73.43,87.37,78
2098,10900000,4,Bengaluru,Indiranagar,4384,13300000,2036,91.41,66.02,60
2099,3800000,5,Chennai,Adyar,6762,6000000,2454,94.15,91.99,93
2100,14300000,1,Hyderabad,Gachibowli,7436,4400000,1394,73.91,91.83,86
2101,13500000,3,Bengaluru,Whitefield,4147,22900000,3903,87.03,93.25,50
2102,20000000,4,Hyderabad,Gachibowli,8777,8000000,1796,93.46,68.97,77
2103,4800000,3,Pune,Kharadi,517,13000000,2151,79.77,98.31,96
2104,19200000,3,Chennai,Anna Nagar,485,19600000,2165,77.53,73.07,94
2105,3700000,3,Pune,Baner,7408,17900000,2313,88.06,97.06,77
2106,11400000,3,Hyderabad,Kukatpally,8452,12400000,2199,87.03,87.58,55
2107,6800000,1,Chennai,OMR,9811,14700000,1559,80.83,95.26,97
2108,3700000,4,Mumbai,Thane,2013,4100000,708,76.08,60.22,70
2109,16100000,2,Pune,Wakad,1602,10600000,1279,71.6,64.88,60
2110,18300000,4,Mumbai,Andheri,9705,19200000,3803,88.34,72.95,69
2111,7800000,4,Bengaluru,HSR Layout,4048,11300000,2763,78.24,97.19,100
2112,4600000,5,Pune,Kharadi,7529,11700000,3659,88.12,84.16,60
2113,3200000,3,Chennai,Velachery,7849,15100000,3062,96.34,88.12,74
2114,10400000,1,Hyderabad,Kukatpally,1373,4500000,877,78.66,80.06,85
2115,6900000,5,Pune,Wakad,6860,16500000,3890,87.48,95.4,82
2116,9100000,2,Hyderabad,Kukatpally,5586,14600000,3895,77.39,70.26,50
2117,9300000,1,Chennai,Velachery,609,21500000,3548,90.57,84.22,92
2118,11200000,1,Hyderabad,Madhapur,9257,10300000,891,70.45,91.3,88
2119,11100000,5,Pune,Baner,2493,24100000,3736,86.15,61.69,62
2120,4300000,2,Bengaluru,Indiranagar,765,3500000,3104,73.76,60.26,94
2121,13500000,2,Chennai,Anna Nagar,9864,10500000,3130,70.6,82.11,99
2122,19500000,1,Mumbai,Thane,5119,4200000,2916,93.01,98.02,62
2123,8100000,3,Hyderabad,Gachibowli,1908,22200000,2632,78.72,63.29,61
2124,10000000,4,Pune,Baner,9692,14400000,1015,93.48,67.4,69
2125,6800000,5,Bengaluru,HSR Layout,3864,7800000,3765,88.19,65.85,85
2126,18800000,1,Pune,Baner,7269,5100000,2039,86.39,79.26,59
2127,10900000,5,Chennai,Velachery,6103,7500000,2101,92.23,89.38,70
2128,7300000,2,Pune,Wakad,7898,17700000,2946,77.46,93.78,79
2129,7700000,3,Bengaluru,Whitefield,2066,19800000,2501,95.76,74.11,93
2130,13700000,1,Chennai,Anna Nagar,190,20000000,1775,99.1,65.91,75
2131,6600000,1,Mumbai,Andheri,1454,16600000,1892,92.13,88.39,99
2132,5100000,1,Bengaluru,HSR Layout,8087,5300000,3758,96.01,97.88,75
2133,13300000,3,Chennai,OMR,7310,24800000,1062,81.09,67.63,74
2134,3800000,5,Bengaluru,HSR Layout,38,11300000,1975,75.58,89.91,84
2135,18800000,5,Mumbai,Bandra,387,4700000,2075,96.08,97.57,99
2136,7000000,4,Bengaluru,Electronic City,5320,7400000,1404,85.59,95.71,77
2137,8500000,2,Pune,Baner,9718,20600000,1848,71.78,70.62,71
2138,10900000,2,Mumbai,Bandra,6979,16800000,3094,95.71,73.11,68
2139,15600000,3,Mumbai,Andheri,1274,4300000,3284,93.76,75.01,61
2140,12500000,5,Mumbai,Andheri,5250,4800000,2403,79.92,66.44,91
2141,15900000,1,Chennai,OMR,8980,15500000,967,76.63,66.92,62
2142,11200000,1,Hyderabad,Madhapur,4772,15400000,3751,80.49,88.9,53
2143,10100000,1,Pune,Baner,8754,22700000,2450,90.81,73.79,93
2144,12400000,5,Pune,Kharadi,4253,11900000,2049,75.46,87.95,62
2145,3100000,5,Bengaluru,HSR Layout,7050,21200000,2196,96.09,98.88,93
2146,14100000,5,Bengaluru,HSR Layout,9336,23900000,1068,77.57,95.21,52
2147,4700000,4,Hyderabad,Gachibowli,1320,21000000,2434,75.55,90.39,61
2148,3800000,1,Pune,Hinjewadi,6857,14700000,2359,94.26,69.29,51
2149,17600000,3,Chennai,OMR,1278,4700000,2104,74.56,98.67,58
2150,17200000,2,Chennai,OMR,4048,18700000,2176,85.26,60.87,98
2151,18900000,4,Pune,Wakad,437,10000000,1827,99.86,78.34,98
2152,11600000,2,Chennai,Anna Nagar,6553,6400000,2102,81.56,79.79,94
2153,4400000,1,Chennai,Velachery,9422,17700000,1386,77.82,92.98,97
2154,11200000,1,Pune,Kharadi,4429,9300000,1883,96.7,73.93,72
2155,10000000,1,Pune,Hinjewadi,6704,24000000,1713,93.52,96.13,69
2156,14800000,2,Hyderabad,Gachibowli,7993,12500000,3146,75.57,85.74,82
2157,12300000,3,Pune,Hinjewadi,7543,22400000,2336,90.32,98.51,53
2158,11400000,5,Mumbai,Bandra,8777,22600000,3750,99.58,92.81,62
2159,3800000,1,Mumbai,Powai,4185,22800000,3160,80.14,97.51,80
2160,5800000,3,Mumbai,Andheri,5274,11700000,712,97.4,85.02,89
2161,13700000,3,Pune,Hinjewadi,7413,25000000,1769,82.6,79.27,72
2162,19500000,5,Pune,Wakad,6912,15300000,789,87.25,61.0,99
2163,13800000,2,Pune,Wakad,8486,24700000,1839,70.41,68.61,51
2164,16700000,5,Chennai,OMR,3244,12500000,2849,79.88,60.05,62
2165,15400000,2,Bengaluru,Whitefield,126,14600000,1533,90.36,63.32,52
2166,8800000,5,Mumbai,Thane,796,20200000,1896,79.85,60.83,84
2167,14400000,2,Chennai,Adyar,4356,14100000,629,72.44,78.4,54
2168,7900000,3,Hyderabad,Kukatpally,403,11100000,1960,79.49,74.76,84
2169,5700000,1,Hyderabad,Madhapur,8692,4500000,3623,97.62,83.37,59
2170,12400000,4,Chennai,Adyar,6922,16700000,3234,76.78,80.44,96
2171,9800000,3,Pune,Wakad,8725,11600000,3695,83.26,66.67,73
2172,13400000,1,Mumbai,Thane,7292,8600000,3096,72.96,70.08,59
2173,10000000,3,Pune,Kharadi,8354,9700000,761,87.6,71.7,99
2174,14000000,2,Bengaluru,Indiranagar,5631,17800000,2382,98.02,90.02,66
2175,15700000,1,Hyderabad,Gachibowli,8991,18900000,3915,91.42,71.12,51
2176,10300000,1,Chennai,OMR,7229,20300000,2428,95.25,74.4,56
2177,7700000,4,Bengaluru,HSR Layout,419,8500000,3815,76.39,88.15,89
2178,14800000,1,Mumbai,Powai,9749,17900000,3105,99.88,65.68,82
2179,14400000,1,Mumbai,Powai,1830,21400000,3452,78.69,99.59,66
2180,16000000,3,Hyderabad,Madhapur,5223,15600000,3792,92.09,70.27,80
2181,14200000,2,Chennai,Adyar,2247,15600000,3113,71.67,63.26,84
2182,5700000,2,Hyderabad,Gachibowli,4410,18100000,1616,72.33,92.96,65
2183,13000000,5,Bengaluru,HSR Layout,1328,20000000,1533,70.5,70.02,55
2184,5800000,1,Hyderabad,Madhapur,716,11500000,1103,76.47,90.67,87
2185,5200000,2,Mumbai,Andheri,6524,4700000,3731,91.54,84.06,57
2186,19900000,1,Hyderabad,Madhapur,997,24100000,3119,88.75,77.27,79
2187,9600000,3,Pune,Baner,9017,8400000,957,85.5,99.05,55
2188,10300000,5,Chennai,OMR,6536,6500000,633,86.27,93.32,51
2189,13000000,1,Chennai,Anna Nagar,9280,23000000,1190,94.66,67.45,83
2190,13400000,5,Mumbai,Powai,9701,18300000,1812,78.91,70.12,92
2191,8800000,3,Bengaluru,Indiranagar,6701,24600000,2297,94.88,78.52,85
2192,16800000,2,Pune,Kharadi,8044,10300000,930,78.58,95.61,82
2193,4400000,1,Pune,Hinjewadi,7056,15500000,3764,90.12,88.76,96
2194,20000000,3,Chennai,Adyar,8911,6700000,2407,94.56,76.6,76
2195,8700000,4,Chennai,Anna Nagar,6563,16800000,697,85.82,66.04,95
2196,17300000,4,Mumbai,Powai,8549,21400000,819,89.5,64.48,92
2197,3200000,5,Bengaluru,Indiranagar,8811,22700000,1177,96.29,69.86,72
2198,16200000,5,Bengaluru,Indiranagar,6657,20700000,2883,97.15,99.68,76
2199,9300000,3,Chennai,OMR,6657,18900000,3809,94.26,61.92,88
2200,5500000,4,Hyderabad,Kondapur,1776,21000000,1257,93.54,60.66,56
2201,4600000,2,Mumbai,Powai,404,11000000,3620,81.28,95.38,68
2202,18700000,4,Bengaluru,Electronic City,9391,14800000,1403,92.38,79.89,78
2203,6800000,4,Pune,Kharadi,99,16000000,1693,93.11,91.26,51
2204,13300000,3,Mumbai,Powai,4447,23600000,1219,92.16,63.47,92
2205,16800000,3,Pune,Hinjewadi,2963,10700000,1481,86.41,91.69,54
2206,18400000,2,Pune,Kharadi,2470,24900000,1750,75.66,81.37,96
2207,18800000,5,Chennai,Anna Nagar,8104,21900000,1590,86.95,98.14,83
2208,10700000,3,Hyderabad,Madhapur,6666,11100000,1823,95.47,76.67,62
2209,3900000,3,Hyderabad,Kukatpally,1193,15500000,1105,73.65,82.89,57
2210,19900000,1,Bengaluru,Electronic City,2427,7800000,2640,86.46,87.57,74
2211,6900000,4,Hyderabad,Kukatpally,9995,14400000,2755,91.08,90.6,91
2212,11700000,4,Mumbai,Andheri,526,10700000,959,96.0,93.6,76
2213,12400000,2,Mumbai,Thane,1296,14300000,1451,97.43,76.15,65
2214,3100000,1,Mumbai,Thane,7944,17900000,2810,77.06,93.9,56
2215,6200000,2,Bengaluru,Indiranagar,6344,25000000,1458,77.25,64.37,53
2216,10800000,5,Pune,Baner,4672,10700000,1899,96.71,74.5,77
2217,8600000,4,Mumbai,Andheri,9182,24000000,1827,73.79,86.44,60
2218,17300000,5,Pune,Baner,9253,18500000,1481,91.25,99.12,82
2219,13700000,1,Chennai,Velachery,5793,15300000,2624,73.47,79.42,90
2220,8300000,5,Bengaluru,Electronic City,8411,14700000,3313,76.3,78.31,93
2221,5500000,3,Chennai,OMR,6766,23700000,1012,98.91,76.99,92
2222,4800000,4,Chennai,OMR,3604,9000000,3719,74.3,94.86,87
2223,8900000,3,Chennai,Anna Nagar,9798,14300000,1129,99.46,87.82,86
2224,5000000,2,Bengaluru,HSR Layout,4390,13000000,3875,87.63,61.02,62
2225,18200000,1,Chennai,Adyar,2590,22600000,1676,93.37,87.92,86
2226,4000000,3,Pune,Hinjewadi,6101,8500000,2234,75.12,86.25,76
2227,15900000,2,Mumbai,Powai,2963,4600000,1860,97.01,83.65,74
2228,13100000,4,Chennai,Anna Nagar,3353,17400000,1604,75.09,93.23,63
2229,3900000,1,Bengaluru,Electronic City,9922,19200000,1887,80.55,61.39,56
2230,18400000,2,Bengaluru,HSR Layout,1856,10800000,1609,82.28,76.93,53
2231,19900000,3,Hyderabad,Madhapur,6054,13100000,1456,89.56,60.74,72
2232,19000000,5,Pune,Kharadi,1758,16400000,1387,98.61,83.6,74
2233,5900000,2,Pune,Wakad,8999,18900000,1670,97.21,67.75,70
2234,11600000,3,Mumbai,Bandra,1504,7900000,1095,70.52,90.32,78
2235,13600000,5,Hyderabad,Gachibowli,5958,7900000,1003,95.02,61.75,56
2236,19900000,1,Bengaluru,Electronic City,7061,10900000,1101,74.9,88.06,57
2237,10500000,1,Chennai,Velachery,2266,14100000,1407,78.75,81.75,87
2238,13100000,4,Hyderabad,Kondapur,3866,6200000,2702,91.68,76.07,95
2239,18300000,2,Bengaluru,Indiranagar,9200,22700000,3161,84.3,95.48,95
2240,11800000,4,Pune,Kharadi,2307,16000000,2810,71.76,68.79,84
2241,19300000,2,Bengaluru,Electronic City,8136,16400000,3710,87.54,81.63,72
2242,20000000,5,Bengaluru,HSR Layout,7842,7900000,3318,85.86,92.61,58
2243,20000000,3,Mumbai,Andheri,7174,13600000,2848,83.62,67.97,71
2244,12700000,4,Chennai,Anna Nagar,5953,19500000,3668,97.67,76.61,98
2245,12600000,4,Mumbai,Bandra,9880,20300000,775,98.11,69.31,71
2246,16200000,1,Chennai,OMR,7384,3900000,1836,84.61,82.03,93
2247,8100000,2,Hyderabad,Kondapur,6130,9300000,1071,82.21,76.21,58
2248,15700000,5,Pune,Hinjewadi,1041,4700000,3063,71.16,96.32,73
2249,10500000,2,Pune,Hinjewadi,2960,19000000,3111,98.7,72.63,64
2250,16600000,2,Chennai,OMR,9193,11600000,3305,82.12,86.49,50
2251,12600000,5,Chennai,Velachery,2769,14500000,675,88.78,70.23,60
2252,19300000,3,Mumbai,Thane,6168,6600000,3265,84.74,74.76,56
2253,3200000,1,Mumbai,Powai,5931,22900000,3611,79.64,62.25,99
2254,7000000,3,Chennai,Velachery,5732,9300000,2053,85.82,72.6,72
2255,6900000,4,Bengaluru,Electronic City,397,4800000,990,83.59,75.11,79
2256,14400000,1,Mumbai,Thane,6,4700000,1673,72.84,88.71,98
2257,16100000,3,Bengaluru,Whitefield,8057,18900000,3031,94.11,65.49,98
2258,15600000,1,Chennai,Adyar,9381,9200000,2516,70.59,69.08,68
2259,6000000,1,Mumbai,Powai,7082,22500000,1062,75.37,76.44,80
2260,12200000,4,Chennai,OMR,5458,16700000,2960,79.73,97.12,94
2261,11300000,3,Chennai,OMR,3732,11300000,1847,92.17,84.8,54
2262,20000000,2,Bengaluru,Indiranagar,3620,12700000,2395,89.54,65.88,94
2263,8900000,2,Chennai,Adyar,4278,20500000,898,92.52,80.25,61
2264,9800000,2,Hyderabad,Madhapur,1819,8800000,2684,75.18,89.29,65
2265,7900000,4,Chennai,Velachery,4375,19000000,2698,82.42,92.09,64
2266,7200000,3,Hyderabad,Kondapur,6414,4300000,3529,73.17,72.24,61
2267,8900000,4,Pune,Wakad,665,3800000,1583,92.07,65.97,96
2268,7100000,4,Pune,Hinjewadi,8197,15600000,2810,91.23,98.33,79
2269,15900000,3,Hyderabad,Madhapur,4452,4900000,882,77.33,76.4,98
2270,17800000,1,Bengaluru,Electronic City,4427,15800000,1121,76.04,97.15,89
2271,5600000,5,Hyderabad,Kondapur,8084,24200000,771,70.45,82.32,88
2272,13600000,4,Bengaluru,Indiranagar,8062,21200000,2550,96.05,77.36,58
2273,4900000,2,Bengaluru,Whitefield,5029,8400000,1478,97.34,86.69,77
2274,11000000,2,Pune,Hinjewadi,4247,21400000,2877,94.24,78.69,66
2275,4000000,5,Chennai,Adyar,9050,15000000,2004,81.95,63.28,84
2276,6600000,4,Hyderabad,Madhapur,1576,7800000,1094,97.24,98.68,93
2277,18400000,4,Hyderabad,Gachibowli,9020,12700000,2563,84.58,78.77,59
2278,16200000,2,Bengaluru,Electronic City,5718,7100000,1237,79.67,70.63,61
2279,12200000,4,Bengaluru,Indiranagar,2562,14700000,1522,96.8,94.49,73
2280,6900000,1,Chennai,OMR,4810,22000000,2464,93.25,99.84,97
2281,17400000,2,Chennai,Velachery,8666,11500000,1975,72.54,77.75,80
2282,11100000,3,Pune,Baner,5522,20400000,1799,75.8,86.05,96
2283,16200000,3,Bengaluru,Whitefield,3989,6200000,3836,72.69,84.4,63
2284,13900000,4,Mumbai,Bandra,4449,3800000,2839,71.58,70.69,53
2285,10900000,4,Mumbai,Thane,296,18100000,641,82.36,89.64,61
2286,11500000,4,Pune,Wakad,1975,12700000,3319,94.91,96.41,69
2287,15600000,1,Hyderabad,Kondapur,4575,6400000,2825,92.81,88.84,82
2288,7500000,1,Bengaluru,Whitefield,1305,7600000,1534,99.87,94.49,96
2289,8000000,4,Mumbai,Thane,3407,22400000,2237,85.43,62.05,97
2290,11300000,1,Pune,Kharadi,3697,14400000,3473,80.62,81.35,76
2291,11500000,4,Mumbai,Andheri,1943,3500000,1361,88.97,98.67,70
2292,19700000,2,Chennai,Anna Nagar,9327,10900000,3850,94.27,63.31,73
2293,10200000,3,Bengaluru,Whitefield,3686,18000000,2515,70.11,74.33,93
2294,16200000,5,Mumbai,Thane,1438,4000000,1340,72.61,90.07,61
2295,18100000,4,Chennai,Adyar,2073,18400000,2757,92.27,73.49,98
2296,15700000,4,Bengaluru,Indiranagar,6944,5800000,991,85.68,86.67,76
2297,11800000,3,Chennai,Velachery,4549,18000000,2994,86.2,76.05,77
2298,17900000,5,Chennai,Adyar,5488,13500000,2758,71.18,89.24,84
2299,19300000,2,Hyderabad,Kukatpally,2844,18600000,1719,82.7,83.24,95
2300,9600000,5,Pune,Hinjewadi,8885,24100000,1396,98.47,77.33,97
2301,13100000,3,Bengaluru,Whitefield,2534,11300000,3276,80.37,89.78,70
2302,7700000,1,Bengaluru,Indiranagar,1563,17200000,906,79.28,96.24,94
2303,15100000,3,Hyderabad,Gachibowli,9734,19200000,685,86.6,71.13,80
2304,5200000,2,Pune,Kharadi,4017,12000000,2024,99.76,61.6,82
2305,4500000,4,Mumbai,Thane,2360,15800000,1864,87.59,88.86,79
2306,8000000,2,Chennai,Adyar,8135,5800000,3826,96.12,60.79,81
2307,8400000,4,Pune,Hinjewadi,4145,8500000,1011,78.31,87.8,96
2308,17600000,5,Pune,Wakad,2942,11600000,2573,94.3,70.69,57
2309,10700000,3,Bengaluru,Indiranagar,1189,6700000,2245,79.37,75.64,92
2310,3900000,5,Hyderabad,Kukatpally,683,22200000,1918,77.67,64.25,92
2311,3900000,3,Pune,Hinjewadi,3542,5000000,1124,97.2,99.12,90
2312,10800000,1,Chennai,Velachery,8290,22600000,901,81.43,61.54,63
2313,16500000,4,Chennai,Velachery,2034,18000000,3483,91.11,91.53,65
2314,3500000,1,Pune,Wakad,9724,16600000,2949,91.65,67.55,61
2315,16200000,3,Mumbai,Bandra,9385,13700000,3474,95.63,81.46,82
2316,3600000,4,Bengaluru,HSR Layout,7112,24500000,2440,87.88,82.92,83
2317,7000000,4,Bengaluru,Indiranagar,9927,8200000,683,71.36,67.76,79
2318,4600000,2,Hyderabad,Madhapur,4346,12800000,917,97.67,61.1,86
2319,16600000,4,Hyderabad,Gachibowli,4739,6500000,1515,92.76,98.83,82
2320,11500000,3,Chennai,Anna Nagar,3047,15900000,1598,89.94,60.07,50
2321,5400000,5,Bengaluru,HSR Layout,6815,6100000,3959,85.49,77.16,95
2322,17400000,1,Pune,Wakad,8603,14600000,1760,84.33,78.19,58
2323,10100000,1,Bengaluru,Indiranagar,4417,22500000,1092,80.23,83.24,67
2324,20000000,4,Pune,Kharadi,8064,20400000,3553,96.39,76.62,87
2325,18100000,1,Pune,Hinjewadi,5642,4100000,1107,98.79,81.08,83
2326,13300000,1,Mumbai,Andheri,86,22100000,2715,73.37,82.69,75
2327,14200000,4,Chennai,Velachery,3179,6200000,2545,97.2,83.33,70
2328,11500000,3,Chennai,Anna Nagar,427,5800000,1113,70.44,88.92,99
2329,12600000,2,Mumbai,Powai,9229,8800000,2280,94.54,96.49,82
2330,12500000,3,Pune,Wakad,8133,13600000,770,90.47,73.21,73
2331,5000000,5,Mumbai,Thane,214,3700000,2467,76.28,66.99,73
2332,16700000,5,Hyderabad,Kondapur,2714,7100000,2655,79.49,66.42,74
2333,7700000,2,Mumbai,Andheri,2883,14000000,2849,76.93,87.26,58
2334,15400000,3,Mumbai,Thane,3722,21000000,2530,72.25,63.88,88
2335,8600000,5,Mumbai,Powai,250,4400000,1104,72.73,75.77,51
2336,8100000,5,Mumbai,Bandra,2498,21500000,2294,83.7,69.72,60
2337,7000000,2,Bengaluru,Electronic City,7688,15300000,2752,98.81,98.93,62
2338,17900000,2,Bengaluru,Indiranagar,1190,13000000,2173,85.39,76.18,77
2339,6500000,5,Mumbai,Powai,6171,24800000,3001,90.86,94.71,64
2340,3800000,3,Hyderabad,Kukatpally,1381,21600000,2934,89.28,93.81,100
2341,14800000,1,Bengaluru,HSR Layout,9215,13800000,3062,97.67,96.67,99
2342,11500000,5,Pune,Wakad,1588,19800000,1745,77.64,76.27,50
2343,14700000,1,Bengaluru,Indiranagar,2624,18700000,1374,71.71,63.09,70
2344,14100000,3,Bengaluru,Electronic City,8753,12500000,778,72.14,67.32,77
2345,18700000,3,Chennai,Velachery,1861,5400000,2801,84.15,89.68,68
2346,9700000,2,Hyderabad,Kondapur,2538,23300000,1549,84.61,66.9,95
2347,19900000,4,Pune,Wakad,5352,17300000,619,96.14,98.44,81
2348,11600000,4,Pune,Baner,3924,10000000,2961,74.18,80.25,80
2349,18700000,3,Pune,Wakad,5968,3500000,2711,84.94,65.1,53
2350,8400000,4,Chennai,Velachery,676,3700000,1736,95.38,79.93,82
2351,4000000,4,Hyderabad,Gachibowli,4426,19400000,2350,94.35,60.98,92
2352,16700000,5,Pune,Baner,4893,15100000,940,72.73,80.66,96
2353,8900000,3,Hyderabad,Kondapur,1791,21000000,1700,98.77,83.5,51
2354,19200000,5,Chennai,OMR,3418,22300000,1108,86.71,97.94,57
2355,12300000,5,Chennai,OMR,4656,22300000,1704,79.46,60.23,82
2356,13500000,4,Hyderabad,Kukatpally,8566,18800000,2744,95.48,81.0,85
2357,8300000,1,Bengaluru,Indiranagar,5837,10600000,3687,96.41,60.54,86
2358,12600000,3,Mumbai,Thane,2291,9100000,1078,90.77,76.07,95
2359,12800000,4,Chennai,Adyar,4083,8900000,2513,99.52,86.75,95
2360,4400000,3,Pune,Wakad,3347,21800000,1232,87.75,74.34,93
2361,4500000,1,Mumbai,Andheri,5747,19900000,1794,94.22,63.22,97
2362,10600000,5,Pune,Wakad,1765,11600000,2048,78.04,96.14,74
2363,4500000,2,Mumbai,Andheri,7672,21300000,3980,76.95,60.49,55
2364,6600000,5,Bengaluru,Indiranagar,8138,19300000,3197,77.54,63.98,51
2365,4700000,4,Mumbai,Powai,968,4300000,2127,96.55,73.65,70
2366,16500000,3,Mumbai,Thane,348,12000000,3540,73.46,96.18,81
2367,15700000,1,Mumbai,Powai,8318,18400000,3443,92.62,94.39,78
2368,10300000,1,Hyderabad,Kukatpally,6703,15800000,3003,92.97,79.67,97
2369,11400000,1,Chennai,Adyar,3713,11000000,3491,79.34,62.25,95
2370,3800000,1,Mumbai,Powai,7024,8700000,1927,80.84,68.01,56
2371,17500000,3,Bengaluru,Indiranagar,7595,21400000,3861,92.88,88.05,62
2372,19500000,2,Pune,Wakad,3117,17100000,650,86.29,63.54,58
2373,20000000,3,Bengaluru,HSR Layout,4373,8200000,2960,95.16,70.76,74
2374,10300000,1,Hyderabad,Kondapur,1533,6200000,2865,81.67,66.35,88
2375,12700000,2,Chennai,Adyar,4887,10400000,3810,97.0,72.43,56
2376,13800000,3,Mumbai,Bandra,812,24700000,2287,79.74,88.86,66
2377,10700000,4,Bengaluru,Whitefield,3935,8100000,2683,85.9,70.51,77
2378,12500000,4,Bengaluru,Electronic City,2041,8400000,2331,73.97,98.05,55
2379,18700000,5,Mumbai,Bandra,92,20500000,2342,96.89,85.99,67
2380,8600000,3,Bengaluru,HSR Layout,4570,14000000,3818,93.49,82.45,55
2381,11200000,1,Hyderabad,Gachibowli,4236,17900000,2755,70.44,96.51,62
2382,3400000,1,Hyderabad,Gachibowli,5256,13600000,2777,71.48,87.95,53
2383,19000000,2,Hyderabad,Madhapur,3150,23200000,2628,87.96,95.06,63
2384,18900000,4,Bengaluru,Indiranagar,8971,11600000,3053,86.33,95.04,70
2385,15500000,4,Hyderabad,Madhapur,2050,13600000,1426,96.41,75.78,53
2386,8500000,3,Chennai,Anna Nagar,2209,14800000,3275,70.69,90.49,50
2387,14300000,4,Hyderabad,Kukatpally,6838,10200000,2153,77.53,60.02,92
2388,4000000,5,Hyderabad,Kondapur,8707,13500000,993,97.17,93.52,72
2389,11400000,5,Mumbai,Powai,6000,22300000,2043,75.06,62.37,73
2390,17000000,3,Chennai,Velachery,1692,14700000,2262,96.69,75.82,99
2391,13700000,4,Chennai,Adyar,9627,20100000,3470,71.73,90.87,76
2392,13800000,3,Hyderabad,Gachibowli,2360,20300000,3359,93.58,86.69,72
2393,16100000,1,Hyderabad,Kondapur,9366,15300000,2173,95.81,67.38,81
2394,17700000,4,Chennai,OMR,7799,4300000,3175,78.84,89.84,94
2395,14600000,4,Chennai,Velachery,4493,22000000,3607,88.71,79.86,68
2396,19800000,4,Bengaluru,Electronic City,1308,21400000,1601,87.16,78.37,84
2397,13600000,3,Bengaluru,HSR Layout,9291,16900000,1954,86.56,71.86,89
2398,9200000,5,Hyderabad,Gachibowli,5440,8500000,2748,73.01,93.74,52
2399,11100000,1,Mumbai,Powai,4919,9700000,682,75.24,95.57,65
2400,11700000,4,Pune,Baner,5465,6600000,1027,78.34,68.0,94
2401,14300000,2,Bengaluru,HSR Layout,4276,10400000,3970,76.77,74.55,78
2402,5500000,4,Bengaluru,HSR Layout,5433,18100000,931,96.78,95.43,68
2403,12800000,1,Pune,Kharadi,7658,10000000,786,95.97,63.69,90
2404,16900000,5,Mumbai,Thane,9238,17200000,3094,93.77,96.3,50
2405,8400000,2,Pune,Wakad,4974,17300000,3632,92.13,83.67,88
2406,19500000,4,Bengaluru,HSR Layout,3407,21900000,3486,75.77,74.73,65
2407,13100000,2,Chennai,Adyar,8089,12600000,3220,85.67,85.88,87
2408,19200000,3,Hyderabad,Kondapur,2970,16100000,1097,74.46,63.92,63
2409,8100000,1,Bengaluru,Electronic City,3854,8500000,1433,98.14,92.01,67
2410,15700000,3,Chennai,Anna Nagar,1972,16600000,1401,96.22,94.0,76
2411,11400000,3,Hyderabad,Gachibowli,1853,6000000,2119,84.54,91.34,54
2412,12400000,2,Mumbai,Andheri,7273,10200000,1403,74.78,95.72,95
2413,3400000,4,Mumbai,Andheri,3311,21700000,3627,73.09,62.6,88
2414,17400000,1,Chennai,Velachery,9236,22700000,1438,82.37,70.54,78
2415,8900000,5,Bengaluru,Whitefield,9504,14400000,2417,91.61,63.76,67
2416,17700000,5,Chennai,Anna Nagar,7944,21000000,2161,96.53,96.21,71
2417,4800000,1,Hyderabad,Kukatpally,5132,11500000,2674,70.21,63.42,88
2418,10000000,2,Pune,Baner,6780,19000000,1949,97.73,78.76,51
2419,15300000,3,Hyderabad,Gachibowli,3315,14600000,2878,98.5,78.34,98
2420,14800000,2,Bengaluru,Electronic City,4175,18300000,1187,80.7,66.32,66
2421,8900000,3,Chennai,OMR,6233,16000000,1607,85.08,64.47,100
2422,17800000,5,Pune,Kharadi,1013,16200000,1407,75.79,67.67,69
2423,11100000,4,Mumbai,Andheri,4312,21200000,1763,94.01,66.16,67
2424,20000000,4,Hyderabad,Gachibowli,844,18100000,1280,87.15,64.85,69
2425,15600000,4,Chennai,Anna Nagar,1906,14300000,994,98.3,69.81,84
2426,7300000,1,Mumbai,Thane,4454,6100000,2056,93.0,76.34,73
2427,6500000,2,Bengaluru,Whitefield,1443,10400000,624,83.98,92.5,84
2428,18000000,3,Bengaluru,HSR Layout,2781,21000000,2603,79.68,71.11,90
2429,7000000,5,Mumbai,Bandra,7786,22800000,1003,98.8,70.07,83
2430,7100000,2,Chennai,Velachery,166,4500000,3927,85.27,66.4,59
2431,18700000,4,Mumbai,Powai,4363,4300000,1004,94.95,80.04,70
2432,5600000,2,Mumbai,Andheri,1618,5300000,1948,99.21,91.39,82
2433,18300000,3,Pune,Kharadi,5480,8300000,3651,81.02,64.39,55
2434,15800000,2,Hyderabad,Kukatpally,1993,13500000,766,95.99,91.55,89
2435,19700000,3,Hyderabad,Kukatpally,2731,19600000,3165,89.9,71.46,66
2436,8600000,2,Chennai,Anna Nagar,1887,10000000,2977,91.81,97.6,76
2437,16900000,3,Bengaluru,Electronic City,1880,6200000,2572,99.67,70.66,68
2438,8700000,2,Pune,Hinjewadi,6933,22500000,3664,87.28,89.21,56
2439,12800000,2,Mumbai,Powai,5588,3800000,1482,83.81,97.04,86
2440,10900000,2,Hyderabad,Kukatpally,9934,14500000,2088,93.48,62.95,59
2441,19900000,1,Hyderabad,Madhapur,7906,14500000,2416,77.18,74.13,92
2442,11500000,3,Pune,Hinjewadi,2876,8700000,1075,97.02,67.81,74
2443,10900000,4,Bengaluru,Whitefield,8251,24500000,2840,92.27,98.87,98
2444,4400000,4,Bengaluru,Electronic City,8148,20300000,3235,82.28,70.04,52
2445,6200000,2,Mumbai,Powai,4528,9800000,1810,82.13,85.2,72
2446,16400000,1,Mumbai,Bandra,186,14200000,1781,71.29,69.85,87
2447,8100000,4,Mumbai,Andheri,3211,6300000,1605,77.04,84.47,63
2448,7200000,5,Hyderabad,Kondapur,1852,10600000,949,96.45,87.81,99
2449,17900000,5,Pune,Kharadi,9718,3600000,1253,98.07,99.25,83
2450,14300000,5,Mumbai,Powai,5500,21900000,1275,87.26,68.73,51
2451,3100000,1,Bengaluru,Whitefield,2149,16200000,710,97.96,79.44,73
2452,14800000,3,Mumbai,Thane,2639,8500000,1251,70.63,60.38,72
2453,15900000,2,Pune,Baner,6338,22400000,2352,71.16,86.61,63
2454,9100000,2,Chennai,Velachery,2086,14800000,1667,77.19,77.23,61
2455,15900000,2,Chennai,OMR,9786,11800000,1639,87.07,70.06,76
2456,6500000,4,Pune,Wakad,2127,14900000,3426,93.81,62.04,72
2457,19200000,4,Bengaluru,Whitefield,4784,6400000,2744,99.73,63.26,66
2458,4500000,1,Bengaluru,Indiranagar,7232,14000000,3065,81.91,97.34,85
2459,8600000,1,Pune,Kharadi,6604,5300000,3953,89.25,81.18,54
2460,7600000,5,Pune,Baner,1484,9500000,3925,80.61,99.89,66
2461,18500000,5,Mumbai,Bandra,285,4700000,915,82.11,79.64,76
2462,12200000,2,Chennai,Anna Nagar,4437,23000000,1444,85.78,82.74,96
2463,17100000,3,Hyderabad,Kondapur,449,3700000,2954,87.66,98.35,97
2464,14000000,3,Chennai,Velachery,3232,8500000,1599,72.26,99.34,93
2465,13400000,2,Pune,Kharadi,3760,12600000,3204,77.9,84.78,91
2466,14600000,3,Bengaluru,Indiranagar,5676,18100000,1561,91.59,75.97,97
2467,4900000,1,Pune,Kharadi,8686,6600000,2328,94.25,99.51,79
2468,4300000,2,Chennai,Velachery,416,21600000,3915,93.79,71.68,79
2469,10600000,3,Chennai,OMR,1186,6900000,1545,83.59,82.22,54
2470,10700000,3,Chennai,Adyar,2953,21400000,723,90.11,61.6,70
2471,4400000,2,Pune,Baner,7262,8000000,2493,98.47,98.41,68
2472,14100000,2,Pune,Kharadi,1863,20600000,2726,96.59,92.53,53
2473,4200000,3,Pune,Hinjewadi,8833,19200000,1127,76.13,69.47,58
2474,3500000,3,Chennai,OMR,541,19200000,1088,75.2,98.56,68
2475,5500000,3,Chennai,Anna Nagar,1451,9300000,799,99.75,70.69,99
2476,13900000,1,Mumbai,Andheri,4328,23200000,2251,84.39,60.35,82
2477,14600000,1,Chennai,OMR,1630,9000000,3912,90.92,78.42,95
2478,15600000,5,Bengaluru,Electronic City,5168,8000000,605,72.42,72.48,83
2479,18800000,3,Chennai,OMR,5310,14100000,2869,78.03,89.24,50
2480,11800000,2,Pune,Kharadi,4183,9900000,1500,91.56,63.97,70
2481,4600000,1,Bengaluru,Indiranagar,9024,12200000,3965,81.09,89.22,70
2482,4400000,2,Chennai,Anna Nagar,896,23600000,1536,92.92,94.54,68
2483,18800000,2,Bengaluru,Electronic City,392,5300000,3577,75.82,70.74,93
2484,10500000,1,Pune,Baner,8798,9500000,3363,92.06,74.86,56
2485,15200000,3,Chennai,Anna Nagar,5625,12700000,3806,71.65,95.29,72
2486,8900000,1,Hyderabad,Kukatpally,9383,13400000,2064,82.47,90.25,79
2487,4500000,1,Mumbai,Powai,7468,10000000,3523,81.92,83.47,96
2488,6600000,1,Mumbai,Bandra,1807,20300000,3984,84.21,88.95,74
2489,16400000,5,Chennai,Anna Nagar,960,20500000,2820,89.81,64.98,66
2490,5200000,2,Hyderabad,Kukatpally,558,15500000,721,84.63,69.64,86
2491,19000000,1,Hyderabad,Madhapur,7798,18600000,3195,98.54,60.67,82
2492,6900000,1,Mumbai,Andheri,6513,24000000,1216,73.13,70.84,68
2493,5200000,5,Pune,Kharadi,3599,11700000,1104,72.71,68.38,75
2494,20000000,5,Chennai,Anna Nagar,5651,17100000,2105,98.4,91.56,65
2495,15500000,3,Chennai,Adyar,8605,15500000,3742,70.53,92.09,62
2496,9600000,3,Hyderabad,Kukatpally,151,17800000,2726,74.59,98.61,52
2497,16800000,5,Bengaluru,Electronic City,8996,21600000,1538,89.4,72.92,57
2498,16100000,5,Pune,Wakad,8745,17600000,2743,92.94,68.22,69
2499,11400000,1,Pune,Baner,12,15800000,2049,92.81,74.97,73
2500,10600000,2,Mumbai,Bandra,3025,20300000,1720,86.61,65.14,70
2501,16200000,1,Mumbai,Powai,5468,23000000,1886,73.49,79.15,71
2502,12900000,5,Hyderabad,Kondapur,5884,6100000,1317,72.02,98.8,57
2503,5800000,1,Hyderabad,Kondapur,6982,16200000,985,98.77,87.28,76
2504,12700000,5,Hyderabad,Gachibowli,5443,6300000,630,70.42,63.75,79
2505,17000000,2,Hyderabad,Kukatpally,6123,5400000,1900,93.79,63.93,88
2506,15700000,5,Bengaluru,Electronic City,2448,12700000,2085,79.76,83.84,95
2507,10300000,3,Bengaluru,Indiranagar,3268,8200000,740,99.86,94.5,66
2508,5700000,3,Chennai,Anna Nagar,8345,9800000,1477,99.27,69.37,95
2509,5000000,1,Mumbai,Andheri,274,9800000,2394,96.76,90.09,74
2510,14400000,3,Mumbai,Powai,7598,11000000,3220,93.21,79.57,51
2511,3000000,2,Mumbai,Andheri,2826,10900000,3569,74.58,99.11,80
2512,3100000,2,Pune,Baner,5347,6000000,1216,83.53,87.56,73
2513,3400000,3,Mumbai,Thane,2181,20200000,3156,70.64,68.23,97
2514,15900000,2,Hyderabad,Kondapur,6412,9300000,2861,96.12,77.49,86
2515,6200000,3,Mumbai,Thane,9365,7500000,856,94.36,88.88,77
2516,11700000,4,Pune,Kharadi,6652,7600000,3911,95.9,94.98,95
2517,10200000,2,Pune,Baner,3912,11900000,1739,93.86,71.71,68
2518,17900000,2,Mumbai,Andheri,8050,5600000,600,89.82,83.74,67
2519,19100000,5,Chennai,Adyar,1407,10000000,2636,91.78,72.14,72
2520,7800000,2,Chennai,OMR,7471,6000000,3812,95.9,69.2,71
2521,6500000,2,Bengaluru,Electronic City,8629,12500000,1051,84.82,71.03,76
2522,17200000,1,Mumbai,Thane,7890,5300000,3368,98.43,95.36,90
2523,13300000,5,Pune,Hinjewadi,9857,12000000,3002,82.73,73.98,60
2524,9500000,5,Bengaluru,Whitefield,4754,15700000,1898,74.35,62.05,93
2525,18800000,5,Pune,Baner,8735,9900000,2866,94.14,73.79,78
2526,7300000,3,Hyderabad,Gachibowli,9989,16100000,789,71.49,92.32,65
2527,19400000,3,Bengaluru,Whitefield,3485,4700000,3193,75.07,60.04,57
2528,14000000,3,Chennai,Velachery,5507,21400000,3685,89.61,76.69,55
2529,12600000,1,Chennai,Adyar,5777,14800000,2001,81.54,67.26,84
2530,15500000,5,Chennai,Velachery,5241,6400000,1125,85.8,96.44,87
2531,10000000,3,Mumbai,Andheri,89,22900000,3272,70.33,80.22,51
2532,12300000,4,Chennai,Velachery,914,17800000,3039,79.2,95.83,84
2533,16300000,4,Bengaluru,Electronic City,3511,13000000,3365,81.13,81.71,67
2534,16000000,2,Hyderabad,Gachibowli,4491,4800000,3377,70.74,67.31,70
2535,9000000,5,Bengaluru,Electronic City,3830,10800000,1399,94.62,87.3,76
2536,8000000,2,Pune,Baner,9035,7500000,1411,88.31,95.14,64
2537,7000000,1,Hyderabad,Kukatpally,188,20000000,1819,74.37,69.33,91
2538,16000000,3,Hyderabad,Kukatpally,9765,23600000,3932,97.47,83.57,62
2539,15600000,3,Hyderabad,Madhapur,4460,12300000,3542,76.33,71.77,91
2540,6000000,5,Hyderabad,Gachibowli,6378,9400000,3667,86.6,90.41,62
2541,10800000,1,Chennai,Anna Nagar,4647,23200000,2654,71.74,88.15,70
2542,8800000,5,Pune,Kharadi,1228,24600000,1025,93.85,64.52,67
2543,13000000,4,Hyderabad,Kukatpally,1476,14900000,3438,71.16,61.37,88
2544,8700000,3,Mumbai,Thane,5961,17700000,1653,77.95,97.91,85
2545,18800000,4,Pune,Kharadi,7726,24000000,1380,71.02,94.16,57
2546,19100000,1,Mumbai,Andheri,1461,20800000,3851,98.05,75.0,70
2547,9800000,2,Hyderabad,Kukatpally,3180,21000000,2166,91.57,73.04,92
2548,8000000,2,Bengaluru,HSR Layout,5281,23000000,1213,79.97,81.63,77
2549,14600000,3,Hyderabad,Madhapur,8820,23100000,1700,94.28,81.27,67
2550,9300000,4,Bengaluru,HSR Layout,9395,15200000,845,97.04,80.92,67
2551,3300000,1,Chennai,OMR,8798,4200000,3515,94.63,93.29,90
2552,19500000,1,Chennai,OMR,8271,20500000,3443,75.13,78.79,82
2553,20000000,3,Chennai,OMR,2804,11100000,1880,95.61,75.52,94
2554,3000000,4,Bengaluru,Whitefield,6540,12100000,964,78.14,66.39,59
2555,19200000,2,Mumbai,Thane,57,15000000,3855,81.94,70.14,85
2556,9900000,4,Mumbai,Andheri,3746,17300000,3169,97.19,97.05,69
2557,12100000,3,Pune,Baner,2317,18800000,1075,96.36,66.74,87
2558,9500000,3,Bengaluru,Whitefield,9938,6900000,2699,89.85,71.06,92
2559,4900000,1,Hyderabad,Madhapur,5443,17200000,2698,87.07,90.56,88
2560,6600000,5,Hyderabad,Madhapur,4468,5000000,2299,98.76,74.16,79
2561,10500000,5,Hyderabad,Kukatpally,1140,17300000,1831,75.44,90.07,69
2562,19300000,2,Hyderabad,Madhapur,5912,19200000,2768,75.34,91.59,82
2563,9400000,4,Mumbai,Thane,1718,9700000,3132,76.65,73.85,61
2564,12000000,2,Pune,Wakad,3823,21200000,1806,92.55,97.84,73
2565,5700000,5,Chennai,OMR,2084,21800000,860,93.21,99.15,75
2566,12800000,3,Mumbai,Bandra,6015,23000000,3474,75.23,72.84,98
2567,19900000,3,Bengaluru,Electronic City,8117,16400000,2987,93.05,61.01,53
2568,15300000,4,Pune,Wakad,4964,22000000,3243,70.02,60.91,75
2569,7900000,3,Bengaluru,Whitefield,4245,15600000,3772,96.72,63.22,54
2570,14000000,4,Mumbai,Bandra,4177,9500000,1831,85.45,98.87,64
2571,15600000,5,Mumbai,Bandra,5221,23800000,3994,86.31,82.6,52
2572,5400000,4,Pune,Hinjewadi,5775,9300000,2232,97.5,99.71,90
2573,18600000,1,Mumbai,Powai,9119,7400000,2232,88.45,77.72,90
2574,12800000,3,Hyderabad,Madhapur,9154,21100000,3159,71.12,72.54,87
2575,6900000,5,Pune,Hinjewadi,2856,22400000,1668,93.16,81.94,99
2576,9400000,3,Hyderabad,Kukatpally,38,11400000,2913,93.08,65.86,84
2577,7200000,3,Mumbai,Powai,8518,18600000,3825,75.33,86.15,75
2578,14200000,2,Mumbai,Powai,2926,16500000,3366,97.5,63.0,82
2579,11000000,2,Pune,Kharadi,4668,15600000,3880,84.42,91.97,86
2580,10500000,4,Bengaluru,Indiranagar,7680,16200000,3479,88.05,92.57,58
2581,12800000,1,Mumbai,Bandra,3359,23900000,3266,80.17,79.06,69
2582,11700000,5,Hyderabad,Kondapur,2301,8700000,689,93.11,96.63,99
2583,14500000,5,Hyderabad,Gachibowli,6378,11500000,3223,85.79,75.61,79
2584,3000000,3,Bengaluru,Indiranagar,7548,18000000,829,70.69,94.9,91
2585,12000000,1,Chennai,Adyar,6544,23500000,2760,97.42,91.25,51
2586,6900000,4,Chennai,Adyar,6224,23900000,2490,81.57,72.13,61
2587,19300000,5,Bengaluru,Indiranagar,7342,10400000,3450,72.11,93.38,96
2588,6100000,2,Chennai,Anna Nagar,810,8000000,1421,94.28,76.67,99
2589,13200000,1,Pune,Hinjewadi,466,24400000,1327,85.92,81.74,69
2590,10300000,5,Pune,Baner,3150,13900000,2989,84.85,87.58,50
2591,15800000,5,Bengaluru,HSR Layout,6879,6700000,3835,81.41,70.71,100
2592,11900000,4,Mumbai,Bandra,1537,13900000,1694,76.63,79.08,61
2593,9100000,3,Mumbai,Powai,1982,16500000,1629,73.31,80.17,88
2594,16500000,5,Hyderabad,Kondapur,7651,8900000,2976,84.28,89.92,54
2595,15100000,1,Mumbai,Andheri,6466,9700000,1609,88.09,83.44,65
2596,6000000,1,Hyderabad,Madhapur,7823,11000000,1639,95.93,63.77,77
2597,19900000,2,Chennai,Anna Nagar,7541,7900000,1713,94.41,77.6,84
2598,6400000,5,Hyderabad,Kondapur,8736,6700000,2336,84.31,64.43,87
2599,19200000,2,Mumbai,Bandra,9215,8100000,3813,85.17,94.85,52
2600,4100000,1,Mumbai,Bandra,6445,5700000,1787,93.79,91.96,98
2601,17500000,4,Bengaluru,Indiranagar,2400,9700000,2800,74.69,85.32,78
2602,7800000,1,Bengaluru,Electronic City,8511,8900000,1381,99.67,87.27,68
2603,19000000,5,Bengaluru,Whitefield,5742,16100000,1039,89.25,99.89,87
2604,16400000,1,Mumbai,Powai,9042,24600000,1995,96.3,69.79,93
2605,5400000,3,Mumbai,Bandra,3471,17100000,2154,71.51,96.6,95
2606,7200000,2,Pune,Baner,9651,23600000,1874,80.23,74.74,85
2607,17400000,2,Pune,Wakad,9236,8000000,2979,89.22,73.39,82
2608,13800000,3,Chennai,Velachery,9285,6600000,1985,96.37,92.54,93
2609,8100000,2,Bengaluru,Electronic City,1142,4500000,3682,89.88,94.25,81
2610,17100000,5,Hyderabad,Gachibowli,1343,11000000,969,84.28,74.81,96
2611,9300000,4,Hyderabad,Gachibowli,3857,16200000,2373,83.9,91.03,62
2612,14500000,1,Chennai,Velachery,7443,9500000,958,83.26,89.92,57
2613,17700000,2,Bengaluru,Electronic City,6283,14400000,1605,70.65,80.5,60
2614,7600000,4,Mumbai,Andheri,4192,4900000,2499,94.44,100.0,75
2615,19100000,3,Pune,Hinjewadi,8468,24100000,2594,94.36,86.82,80
2616,5900000,5,Pune,Wakad,8331,13800000,1818,95.09,60.63,78
2617,8200000,3,Chennai,Adyar,3645,16600000,949,98.57,66.75,76
2618,6400000,4,Mumbai,Andheri,2858,19700000,3850,89.43,80.22,82
2619,6600000,3,Bengaluru,Whitefield,5715,15800000,1297,88.65,73.33,58
2620,19900000,5,Hyderabad,Kukatpally,4174,19400000,2358,91.52,75.05,54
2621,11700000,2,Chennai,Adyar,7742,7400000,656,76.65,90.03,63
2622,15300000,3,Bengaluru,Electronic City,2085,5700000,2304,94.01,67.35,62
2623,13700000,4,Chennai,OMR,1834,11200000,2660,83.09,88.19,69
2624,11500000,3,Hyderabad,Kondapur,2378,14500000,2582,75.62,90.78,71
2625,5000000,5,Mumbai,Powai,3582,8600000,1638,86.33,96.38,54
2626,5400000,4,Pune,Baner,4908,4300000,2609,76.34,84.12,79
2627,3500000,4,Bengaluru,Indiranagar,7000,5600000,2551,91.64,70.56,76
2628,19900000,2,Mumbai,Bandra,1394,20800000,773,85.0,82.1,83
2629,17600000,1,Pune,Baner,9678,5200000,1306,81.55,90.23,69
2630,19600000,3,Pune,Wakad,4203,4000000,3831,72.88,68.68,69
2631,14000000,5,Bengaluru,Electronic City,185,10000000,3709,75.67,84.41,53
2632,4400000,3,Mumbai,Bandra,7979,16500000,3285,96.11,78.8,89
2633,13200000,4,Pune,Baner,658,4100000,2669,74.78,79.88,53
2634,9800000,1,Chennai,Velachery,9717,22700000,670,88.94,98.54,83
2635,18900000,4,Mumbai,Powai,108,3700000,3937,78.26,89.86,81
2636,10800000,5,Hyderabad,Madhapur,6448,23200000,1644,88.98,73.88,98
2637,19400000,5,Bengaluru,Electronic City,8767,13500000,2647,98.85,69.18,57
2638,4100000,1,Pune,Baner,3659,18000000,1862,89.1,71.59,73
2639,17300000,3,Bengaluru,Whitefield,1216,4400000,2623,88.08,84.77,73
2640,15100000,4,Hyderabad,Gachibowli,6523,21100000,2865,82.52,82.42,52
2641,15000000,2,Mumbai,Bandra,1718,7400000,2555,79.64,76.9,52
2642,4000000,1,Chennai,OMR,6572,10900000,3910,92.56,90.64,53
2643,15900000,3,Mumbai,Thane,7002,17500000,2408,71.85,60.89,82
2644,11400000,3,Hyderabad,Gachibowli,2221,23800000,3891,81.45,65.7,80
2645,12000000,3,Chennai,Velachery,3127,12900000,943,81.63,67.45,58
2646,18900000,2,Chennai,OMR,3208,5100000,3482,94.94,69.83,77
2647,7800000,4,Chennai,Anna Nagar,5537,16900000,2408,83.08,74.85,80
2648,7200000,1,Bengaluru,Electronic City,9899,5600000,1348,99.48,87.69,84
2649,7300000,2,Bengaluru,Electronic City,598,4900000,2682,70.86,65.82,76
2650,4300000,3,Hyderabad,Madhapur,223,20600000,1034,84.26,99.63,86
2651,16900000,4,Pune,Baner,3211,7300000,3539,90.21,67.68,58
2652,20000000,5,Pune,Hinjewadi,7593,7800000,2577,90.55,74.23,76
2653,12400000,5,Hyderabad,Madhapur,9444,10300000,1472,71.24,81.91,81
2654,8900000,5,Chennai,Anna Nagar,6453,8200000,3738,71.75,98.81,64
2655,10000000,1,Mumbai,Powai,5477,23400000,842,98.98,82.23,71
2656,18200000,1,Mumbai,Bandra,4841,11300000,2866,79.12,84.12,73
2657,14500000,2,Mumbai,Thane,7351,11000000,2779,98.54,66.68,98
2658,4900000,3,Hyderabad,Kukatpally,8683,12800000,2836,75.74,99.79,76
2659,16600000,1,Mumbai,Powai,1189,22300000,1532,71.96,84.0,61
2660,11600000,3,Hyderabad,Gachibowli,2694,17000000,1461,91.57,61.34,51
2661,4900000,4,Chennai,Anna Nagar,9606,10600000,3126,88.79,61.53,62
2662,6700000,4,Chennai,Velachery,5546,20600000,2748,97.48,80.72,60
2663,13200000,2,Mumbai,Powai,1534,18300000,2746,71.21,92.5,71
2664,6600000,4,Bengaluru,Electronic City,7431,18600000,706,71.02,95.09,79
2665,9200000,5,Mumbai,Bandra,5329,12400000,1105,97.9,65.63,62
2666,9400000,1,Pune,Wakad,8439,8900000,3142,80.69,68.14,54
2667,12300000,1,Bengaluru,Indiranagar,484,24400000,1899,95.41,77.24,96
2668,10200000,4,Bengaluru,HSR Layout,7702,8100000,2256,72.39,99.91,89
2669,17200000,5,Chennai,Anna Nagar,760,21100000,944,89.92,94.98,71
2670,14500000,4,Hyderabad,Gachibowli,214,7200000,1580,81.02,94.26,57
2671,4300000,1,Pune,Hinjewadi,4030,4600000,3916,97.71,76.93,85
2672,15600000,5,Bengaluru,Whitefield,5887,20300000,1043,92.36,73.49,80
2673,11300000,3,Hyderabad,Madhapur,1546,23400000,3942,94.25,60.8,79
2674,12700000,3,Hyderabad,Madhapur,8410,4200000,3205,75.19,63.52,78
2675,5700000,4,Hyderabad,Gachibowli,12,15900000,3367,88.74,91.0,96
2676,13000000,5,Bengaluru,HSR Layout,5662,6500000,3590,92.27,75.89,75
2677,11400000,3,Chennai,Anna Nagar,9444,24200000,1520,73.31,80.2,59
2678,6900000,1,Bengaluru,Indiranagar,2343,15200000,3579,94.3,74.94,85
2679,11300000,3,Chennai,Velachery,9950,24700000,3928,77.15,68.74,58
2680,10500000,1,Chennai,Adyar,7733,24300000,2714,96.65,99.35,50
2681,10600000,5,Chennai,Velachery,9909,9200000,3670,99.44,89.89,51
2682,6800000,1,Mumbai,Andheri,2409,22800000,751,87.24,86.11,75
2683,4400000,2,Pune,Kharadi,8576,23200000,3147,95.99,72.72,77
2684,9800000,1,Pune,Wakad,8336,7700000,1308,75.96,79.31,62
2685,5000000,2,Pune,Wakad,5045,3600000,3971,82.07,92.02,79
2686,10700000,1,Bengaluru,Electronic City,1056,16100000,2506,82.84,74.25,88
2687,14200000,2,Bengaluru,Electronic City,9980,18200000,3726,91.37,67.98,61
2688,16600000,4,Hyderabad,Kukatpally,3528,18800000,1611,71.23,72.11,84
2689,13100000,4,Hyderabad,Gachibowli,6812,11800000,875,82.48,75.37,54
2690,15500000,5,Mumbai,Bandra,9117,22900000,1632,76.03,81.88,86
2691,18100000,4,Chennai,OMR,3178,15100000,1302,98.84,79.66,79
2692,15800000,2,Mumbai,Powai,3101,22300000,2769,95.11,94.62,88
2693,17500000,5,Pune,Wakad,5936,20100000,1780,77.31,82.23,95
2694,11900000,3,Chennai,Anna Nagar,3576,20000000,2813,81.84,96.57,75
2695,4400000,5,Mumbai,Andheri,5396,20200000,2222,93.89,60.27,67
2696,12200000,1,Pune,Kharadi,7622,16100000,1379,77.45,81.64,99
2697,7000000,1,Hyderabad,Kondapur,7801,23600000,1762,89.29,66.88,51
2698,8500000,1,Bengaluru,Indiranagar,9136,3600000,2496,97.13,78.51,100
2699,16600000,5,Bengaluru,Whitefield,5832,14800000,2315,99.48,84.3,90
2700,18700000,1,Bengaluru,Electronic City,1118,18100000,1978,86.64,76.12,94
2701,18900000,4,Bengaluru,Electronic City,1448,13800000,3585,91.98,73.79,90
2702,17300000,3,Chennai,OMR,5515,22400000,1708,80.11,99.39,70
2703,16700000,3,Mumbai,Bandra,9866,22300000,2789,85.83,69.32,75
2704,8500000,5,Chennai,Velachery,4802,9000000,3683,76.66,91.45,66
2705,14300000,5,Chennai,Adyar,4653,13800000,1075,85.84,90.47,80
2706,7400000,1,Bengaluru,Electronic City,7683,17600000,1363,81.25,61.94,98
2707,4300000,3,Bengaluru,Indiranagar,9490,18700000,3361,79.42,71.57,57
2708,8600000,4,Mumbai,Bandra,3451,6400000,3303,87.08,97.44,91
2709,5900000,3,Hyderabad,Gachibowli,9669,18900000,1634,97.76,91.89,71
2710,10700000,1,Pune,Kharadi,8766,9400000,2785,98.21,96.39,52
2711,12000000,1,Bengaluru,Whitefield,1828,18100000,2147,70.03,79.23,71
2712,5500000,5,Mumbai,Bandra,2985,22900000,1526,78.16,72.68,70
2713,15300000,3,Mumbai,Powai,7312,12200000,3297,77.9,91.18,75
2714,9800000,1,Hyderabad,Kukatpally,2722,5300000,3538,93.57,61.08,89
2715,12100000,4,Hyderabad,Madhapur,5288,6900000,1005,76.82,75.62,83
2716,13300000,3,Mumbai,Bandra,6146,15800000,3237,92.01,89.11,82
2717,3400000,3,Bengaluru,Whitefield,7115,6300000,3717,91.06,74.65,64
2718,14500000,1,Mumbai,Andheri,107,16600000,2932,73.36,94.43,81
2719,3800000,3,Bengaluru,HSR Layout,2867,21500000,2548,97.57,84.97,85
2720,12300000,5,Mumbai,Powai,9500,7500000,3121,74.81,84.82,73
2721,15400000,5,Chennai,Adyar,9017,12800000,3132,74.71,75.67,51
2722,11300000,2,Chennai,Adyar,6947,6400000,3605,78.68,99.86,55
2723,6200000,4,Pune,Baner,2464,24900000,2596,85.47,80.16,60
2724,18100000,5,Pune,Kharadi,6471,24400000,2523,72.23,87.07,85
2725,7300000,2,Mumbai,Powai,9061,6700000,3023,95.16,86.24,72
2726,8700000,1,Bengaluru,HSR Layout,9833,12900000,3242,87.7,95.45,73
2727,14900000,4,Pune,Hinjewadi,7793,17400000,907,74.75,97.82,92
2728,13400000,3,Bengaluru,Whitefield,8341,16600000,2390,88.43,91.19,64
2729,19500000,2,Pune,Kharadi,3116,23800000,3761,75.17,76.94,66
2730,12300000,3,Chennai,Velachery,6544,13600000,781,92.26,78.53,54
2731,13400000,1,Pune,Hinjewadi,3260,7300000,3632,76.07,65.29,89
2732,17300000,2,Mumbai,Andheri,511,24800000,1628,84.04,69.96,77
2733,13900000,3,Bengaluru,Electronic City,962,20900000,3520,88.63,61.62,69
2734,6700000,5,Chennai,Anna Nagar,4021,22300000,2833,78.8,76.33,63
2735,16300000,5,Bengaluru,HSR Layout,6193,24200000,3983,80.87,90.6,62
2736,19300000,5,Chennai,Adyar,1318,12600000,2710,91.01,74.21,84
2737,7900000,1,Chennai,Adyar,7865,12800000,3155,94.69,96.17,73
2738,10100000,3,Mumbai,Andheri,5048,8800000,3353,98.58,74.33,64
2739,13100000,5,Mumbai,Powai,7064,23500000,1199,96.82,94.53,55
2740,15700000,2,Chennai,Anna Nagar,898,5300000,1335,82.68,65.19,94
2741,14700000,5,Mumbai,Andheri,5257,5600000,2121,85.16,86.04,78
2742,12700000,4,Chennai,Velachery,6095,24900000,3706,89.67,93.16,52
2743,19100000,4,Chennai,Velachery,2545,6200000,2053,80.95,61.59,83
2744,17300000,4,Bengaluru,Whitefield,1920,19400000,3960,72.5,66.05,87
2745,11500000,5,Mumbai,Bandra,3147,18500000,2458,76.46,85.69,57
2746,4800000,5,Mumbai,Bandra,3878,12000000,3888,87.56,92.99,91
2747,6000000,2,Hyderabad,Kondapur,6676,22900000,1253,77.48,97.83,61
2748,8000000,5,Pune,Wakad,9284,9200000,3148,98.4,77.8,57
2749,18400000,1,Pune,Wakad,2081,11300000,638,74.95,74.98,98
2750,19700000,4,Pune,Kharadi,9577,4900000,2824,96.57,91.65,54
2751,9700000,4,Mumbai,Andheri,4524,11600000,1607,81.24,66.38,74
2752,18600000,1,Chennai,Anna Nagar,730,18600000,1736,74.28,71.98,81
2753,11700000,5,Chennai,Adyar,1999,23300000,1359,70.59,76.46,73
2754,5300000,1,Mumbai,Powai,2880,9600000,933,77.84,73.42,75
2755,7300000,3,Pune,Kharadi,1925,21500000,1570,81.08,62.87,77
2756,13200000,5,Hyderabad,Madhapur,7627,5600000,3772,97.62,92.28,78
2757,3100000,2,Mumbai,Bandra,1309,7100000,2401,87.43,92.21,58
2758,13500000,4,Bengaluru,HSR Layout,6642,10800000,3105,71.31,79.32,67
2759,8900000,3,Bengaluru,Indiranagar,4731,12700000,1706,94.3,62.48,85
2760,9700000,3,Hyderabad,Kondapur,7737,24500000,716,71.31,79.98,76
2761,9100000,1,Chennai,Velachery,3378,24000000,3296,82.46,66.27,66
2762,14800000,4,Bengaluru,Whitefield,6110,15300000,800,91.25,94.61,76
2763,8000000,5,Mumbai,Bandra,243,9300000,2718,70.64,86.9,97
2764,20000000,3,Bengaluru,HSR Layout,3932,4900000,3170,71.97,64.52,82
2765,14400000,2,Mumbai,Bandra,9346,9800000,2684,78.6,71.95,74
2766,18100000,2,Mumbai,Bandra,3228,22100000,2867,81.08,88.74,90
2767,8600000,5,Mumbai,Bandra,7169,18800000,2416,76.97,94.2,60
2768,13500000,2,Mumbai,Thane,1871,11400000,2228,91.72,77.2,92
2769,11200000,3,Pune,Wakad,971,14900000,1917,96.66,63.29,57
2770,5500000,4,Bengaluru,HSR Layout,2990,3900000,3579,88.85,73.11,57
2771,12200000,1,Bengaluru,Indiranagar,5025,12200000,2584,85.11,60.07,86
2772,12000000,2,Pune,Wakad,7365,9800000,3816,83.91,64.79,70
2773,4200000,4,Bengaluru,Electronic City,3210,21200000,2174,84.49,61.17,65
2774,20000000,2,Hyderabad,Kondapur,2403,20600000,2509,75.68,65.46,70
2775,11100000,5,Mumbai,Thane,7011,5000000,3601,96.62,87.54,70
2776,17700000,5,Hyderabad,Kukatpally,1125,4300000,3144,72.72,84.6,96
2777,9200000,3,Chennai,Velachery,2144,7100000,1786,83.6,64.28,56
2778,16500000,4,Hyderabad,Kondapur,5651,17000000,1895,77.11,84.4,60
2779,8500000,1,Bengaluru,HSR Layout,4657,3600000,1644,96.53,67.3,73
2780,14300000,1,Bengaluru,Electronic City,6404,23800000,1778,93.61,82.07,63
2781,19200000,1,Pune,Hinjewadi,8240,16900000,1839,89.57,83.03,81
2782,14200000,1,Mumbai,Andheri,4894,8800000,3355,71.24,76.55,58
2783,16700000,4,Hyderabad,Kondapur,3925,21900000,2696,91.39,75.31,98
2784,12300000,1,Pune,Baner,4419,22500000,3518,98.46,72.23,85
2785,19600000,4,Chennai,Adyar,2712,15300000,2636,88.16,67.77,100
2786,3800000,4,Bengaluru,Whitefield,5592,13700000,1655,99.74,69.31,90
2787,14100000,1,Pune,Wakad,867,11100000,1822,97.15,64.81,96
2788,4400000,5,Mumbai,Powai,2126,10600000,3427,98.29,92.66,58
2789,12200000,1,Pune,Wakad,2227,16400000,821,83.55,95.53,61
2790,12900000,4,Hyderabad,Kondapur,7330,24800000,3724,88.24,62.91,62
2791,3800000,3,Chennai,Anna Nagar,9558,19300000,2172,97.1,62.44,99
2792,7500000,3,Mumbai,Powai,6582,20500000,838,71.63,78.26,83
2793,11600000,1,Mumbai,Thane,1894,7200000,1385,80.02,82.73,65
2794,14000000,5,Pune,Hinjewadi,3444,7300000,840,85.26,93.08,63
2795,4100000,1,Pune,Wakad,5457,14300000,2391,97.53,97.57,71
2796,14000000,3,Pune,Baner,7209,23600000,3564,98.08,98.33,65
2797,6900000,1,Bengaluru,Whitefield,2035,7700000,1614,79.37,95.75,71
2798,9500000,3,Hyderabad,Kukatpally,6247,18200000,889,81.04,92.13,52
2799,18300000,2,Hyderabad,Gachibowli,6748,21800000,2187,98.64,63.64,65
2800,19600000,4,Hyderabad,Kondapur,6353,17200000,1461,82.46,76.5,88
2801,16500000,4,Bengaluru,Whitefield,6614,6500000,2912,90.46,69.23,65
2802,14500000,5,Bengaluru,HSR Layout,9963,19400000,2910,76.37,88.35,90
2803,12200000,2,Hyderabad,Kukatpally,8798,11800000,2513,71.89,96.34,81
2804,5600000,5,Pune,Hinjewadi,467,11000000,3611,90.56,80.38,95
2805,11500000,1,Chennai,OMR,73,8600000,3851,96.82,63.62,81
2806,3200000,3,Pune,Kharadi,6900,11800000,2191,83.98,86.28,88
2807,19000000,4,Hyderabad,Gachibowli,6573,12300000,1052,87.17,71.94,98
2808,14800000,4,Bengaluru,Indiranagar,9622,17000000,2442,83.59,71.45,96
2809,7200000,2,Chennai,OMR,6901,9300000,3309,98.09,91.38,53
2810,6100000,2,Bengaluru,Electronic City,4855,8500000,3833,72.34,77.92,100
2811,4800000,3,Pune,Wakad,8098,5100000,3675,72.57,86.57,55
2812,16000000,3,Bengaluru,Indiranagar,5636,5600000,672,86.27,66.88,69
2813,16400000,4,Hyderabad,Madhapur,7072,11200000,3172,94.59,99.05,76
2814,12800000,3,Mumbai,Thane,107,24900000,2570,75.25,71.88,92
2815,19400000,2,Bengaluru,HSR Layout,17,12400000,3070,90.23,87.25,69
2816,14000000,4,Pune,Kharadi,4514,25000000,3730,96.66,86.64,94
2817,20000000,5,Mumbai,Andheri,4351,20100000,3228,70.15,85.05,77
2818,12800000,5,Bengaluru,Whitefield,4827,12000000,2907,90.77,92.13,66
2819,6100000,2,Pune,Wakad,9512,15200000,1714,83.81,85.87,61
2820,6200000,3,Chennai,Anna Nagar,3354,9300000,3479,91.8,88.28,76
2821,5100000,3,Chennai,Adyar,6540,15200000,2275,89.81,74.72,73
2822,6900000,3,Mumbai,Powai,4094,17500000,3848,83.99,86.32,95
2823,5400000,2,Mumbai,Powai,1726,8500000,872,98.94,79.04,83
2824,15200000,1,Hyderabad,Kondapur,5179,18300000,2053,96.42,99.88,77
2825,4400000,4,Hyderabad,Kondapur,9152,18200000,3771,86.91,83.91,92
2826,8500000,5,Mumbai,Thane,6992,8600000,1829,76.87,83.23,53
2827,8200000,3,Bengaluru,Electronic City,9171,9700000,1788,77.85,69.15,64
2828,7500000,3,Chennai,Adyar,1806,17400000,2902,75.09,60.33,54
2829,6200000,3,Hyderabad,Kukatpally,3450,12300000,2510,78.71,83.78,83
2830,6800000,4,Chennai,Anna Nagar,1445,11900000,2961,76.95,68.69,73
2831,6700000,4,Pune,Kharadi,4443,4500000,2717,83.55,93.95,88
2832,5900000,4,Hyderabad,Kondapur,4487,6600000,1974,86.02,64.67,59
2833,15300000,1,Bengaluru,Indiranagar,1473,13100000,3914,88.05,66.28,97
2834,16000000,5,Hyderabad,Madhapur,4444,12800000,684,86.89,68.96,82
2835,5600000,2,Mumbai,Bandra,9172,24700000,2988,73.84,72.92,65
2836,7500000,1,Bengaluru,Indiranagar,5014,19200000,699,74.3,72.03,84
2837,12900000,2,Pune,Wakad,9165,7800000,714,97.64,71.81,52
2838,9200000,4,Pune,Kharadi,8887,9500000,3569,90.82,74.52,86
2839,7900000,3,Bengaluru,Whitefield,1347,17100000,3921,89.54,97.01,60
2840,15900000,4,Bengaluru,HSR Layout,3077,19900000,3500,72.02,71.88,59
2841,8400000,1,Hyderabad,Madhapur,2840,24800000,1265,92.66,66.08,94
2842,4600000,1,Pune,Hinjewadi,3633,8600000,2351,98.42,90.18,90
2843,14800000,5,Pune,Wakad,2008,7900000,2803,91.45,79.78,97
2844,3500000,4,Bengaluru,Indiranagar,7490,18300000,3326,88.36,96.94,96
2845,7200000,2,Bengaluru,Whitefield,468,20900000,2565,99.79,99.9,98
2846,11900000,1,Bengaluru,HSR Layout,491,16400000,3798,86.14,71.2,92
2847,11000000,1,Hyderabad,Kondapur,8008,11000000,3113,75.42,71.42,57
2848,14700000,1,Bengaluru,Whitefield,1790,8900000,2957,87.91,90.51,94
2849,14600000,2,Mumbai,Powai,4184,25000000,890,75.04,83.59,76
2850,17400000,2,Pune,Hinjewadi,7452,16600000,956,81.14,89.3,53
2851,18100000,2,Chennai,OMR,6178,7900000,632,90.43,63.6,61
2852,6000000,1,Mumbai,Powai,6628,16300000,1437,92.61,88.51,87
2853,8400000,2,Hyderabad,Kondapur,9803,23900000,3388,79.17,64.68,65
2854,12900000,4,Hyderabad,Madhapur,4403,24100000,733,78.58,76.15,78
2855,17700000,2,Mumbai,Bandra,9523,8700000,2076,91.42,82.24,54
2856,7800000,4,Hyderabad,Kukatpally,8535,17800000,669,76.96,87.74,51
2857,4400000,3,Pune,Wakad,4933,15900000,2265,86.0,88.06,70
2858,19900000,5,Bengaluru,Indiranagar,2031,5200000,2918,98.82,84.25,66
2859,7300000,2,Hyderabad,Kukatpally,6899,16400000,1021,72.84,83.94,74
2860,13700000,3,Chennai,OMR,3574,23400000,2952,84.13,67.44,91
2861,11600000,1,Hyderabad,Kukatpally,4508,16300000,2427,92.95,78.67,85
2862,6100000,1,Hyderabad,Kukatpally,3766,14900000,3227,88.46,89.51,57
2863,5500000,1,Bengaluru,Indiranagar,243,14300000,1622,93.99,91.79,87
2864,11900000,5,Chennai,Adyar,4346,24500000,2292,81.36,96.79,57
2865,10300000,3,Pune,Hinjewadi,4799,16900000,2918,96.17,90.68,54
2866,8900000,2,Hyderabad,Kondapur,9428,13400000,1444,85.33,68.37,65
2867,13600000,3,Chennai,Adyar,6619,19200000,3285,78.33,69.03,53
2868,17600000,2,Mumbai,Powai,717,15800000,3758,74.44,93.49,85
2869,4300000,4,Pune,Baner,1086,3500000,3790,94.28,60.66,52
2870,4300000,4,Pune,Baner,2815,9600000,2035,72.31,84.34,74
2871,15900000,1,Pune,Baner,1842,13600000,971,88.33,95.6,67
2872,18300000,4,Bengaluru,Indiranagar,5852,17600000,2249,95.69,76.96,80
2873,19300000,1,Mumbai,Bandra,5612,17500000,2811,97.8,94.15,87
2874,7200000,4,Mumbai,Andheri,5668,12300000,1853,80.97,81.46,92
2875,10200000,2,Mumbai,Andheri,4440,24800000,1731,70.65,99.54,91
2876,8000000,3,Bengaluru,Indiranagar,9946,3600000,3167,78.03,69.53,74
2877,15700000,2,Mumbai,Thane,7928,22900000,3968,75.66,61.69,62
2878,9900000,2,Hyderabad,Kukatpally,647,24400000,3447,70.05,60.94,99
2879,13500000,1,Chennai,OMR,2594,24000000,756,80.53,71.58,54
2880,18800000,4,Hyderabad,Kukatpally,605,4100000,1651,83.9,77.98,71
2881,4200000,5,Chennai,OMR,2893,5300000,3456,96.4,91.93,82
2882,4500000,2,Bengaluru,HSR Layout,9135,6600000,3954,78.67,75.21,60
2883,11600000,4,Pune,Wakad,3478,24800000,1481,94.27,62.67,93
2884,8000000,4,Bengaluru,Indiranagar,6396,17400000,3187,89.8,83.71,92
2885,3100000,3,Hyderabad,Gachibowli,6751,16500000,3592,85.47,93.21,60
2886,19700000,5,Chennai,Adyar,5748,8300000,3258,71.0,75.12,61
2887,6200000,5,Pune,Hinjewadi,9430,6300000,2137,93.6,64.19,95
2888,19600000,5,Chennai,Adyar,5372,22800000,2485,73.22,99.24,68
2889,16100000,4,Hyderabad,Madhapur,4060,11400000,2974,81.24,62.58,71
2890,4100000,1,Hyderabad,Gachibowli,5505,21700000,3066,82.9,93.83,55
2891,13500000,2,Mumbai,Bandra,285,22100000,1310,95.3,77.46,81
2892,12100000,2,Chennai,Velachery,991,23400000,1056,83.26,76.73,79
2893,9000000,3,Mumbai,Bandra,2258,10800000,825,94.36,77.29,85
2894,18400000,2,Pune,Baner,1619,8800000,2097,93.06,63.55,95
2895,7100000,3,Pune,Kharadi,6458,13800000,3350,92.35,88.42,56
2896,17600000,3,Hyderabad,Gachibowli,4683,16400000,2441,93.96,66.33,58
2897,7700000,5,Pune,Baner,5630,15400000,882,86.61,86.21,93
2898,10400000,1,Chennai,Anna Nagar,6563,24800000,3581,86.95,74.38,53
2899,12500000,4,Bengaluru,Indiranagar,7836,13200000,2532,97.38,68.04,82
2900,18700000,3,Mumbai,Andheri,199,3800000,1750,98.66,76.26,54
2901,17500000,1,Chennai,Anna Nagar,3155,6200000,1891,99.53,65.81,91
2902,12300000,5,Bengaluru,Indiranagar,7062,19100000,2755,94.53,94.38,95
2903,5900000,4,Hyderabad,Kondapur,9292,24200000,1689,77.01,69.78,67
2904,7500000,5,Bengaluru,Whitefield,947,11100000,2587,77.28,93.33,79
2905,11800000,1,Hyderabad,Kukatpally,129,8300000,2247,75.01,86.3,96
2906,3000000,3,Hyderabad,Madhapur,8682,6900000,2122,91.24,98.88,65
2907,19300000,5,Mumbai,Andheri,3380,19300000,2342,89.66,83.05,100
2908,15900000,1,Bengaluru,Electronic City,6684,19300000,3137,91.46,80.69,64
2909,3700000,5,Bengaluru,Whitefield,893,15700000,1186,91.04,84.38,59
2910,12200000,1,Hyderabad,Kukatpally,7782,17500000,2631,80.02,81.33,68
2911,9500000,2,Chennai,Anna Nagar,2880,12600000,2217,77.01,74.79,85
2912,9700000,1,Pune,Wakad,9990,4400000,641,76.62,73.3,54
2913,16100000,4,Mumbai,Powai,2871,8400000,3927,71.95,84.29,59
2914,8000000,3,Hyderabad,Madhapur,4878,5600000,2118,76.6,90.36,98
2915,4200000,2,Hyderabad,Madhapur,7044,15100000,3068,77.1,86.15,54
2916,13500000,3,Hyderabad,Kondapur,8994,12800000,3431,87.73,72.64,82
2917,11300000,2,Bengaluru,Indiranagar,7281,7400000,3147,87.5,93.26,65
2918,10100000,4,Mumbai,Bandra,1524,15600000,2434,85.67,87.6,92
2919,8200000,4,Chennai,Adyar,750,14500000,1197,92.02,99.14,97
2920,13800000,3,Mumbai,Powai,2567,24100000,3425,88.53,67.92,74
2921,3100000,5,Bengaluru,HSR Layout,4028,11400000,3348,82.48,77.27,80
2922,3300000,5,Pune,Baner,6217,4900000,1216,75.77,99.03,63
2923,3800000,2,Hyderabad,Gachibowli,8688,24500000,947,82.04,87.44,66
2924,8100000,5,Bengaluru,Whitefield,5652,19100000,2030,77.65,77.53,90
2925,4900000,5,Chennai,Adyar,8042,20500000,2862,78.6,90.38,66
2926,6600000,3,Chennai,Adyar,1832,3800000,653,76.77,62.67,80
2927,14300000,1,Mumbai,Powai,427,3500000,689,83.16,67.9,60
2928,5300000,1,Mumbai,Bandra,6415,23000000,2349,87.81,96.77,67
2929,8700000,3,Mumbai,Bandra,1991,8900000,2013,96.79,64.98,97
2930,4300000,3,Pune,Kharadi,799,24100000,3976,75.56,96.52,71
2931,19000000,5,Pune,Baner,5116,16000000,2136,87.64,66.45,95
2932,16600000,3,Pune,Wakad,9533,13400000,2602,75.05,62.62,69
2933,8900000,1,Pune,Kharadi,2066,14500000,2407,93.33,78.94,64
2934,14800000,1,Bengaluru,Indiranagar,8827,13600000,2753,72.06,75.59,88
2935,10700000,1,Bengaluru,Indiranagar,253,23700000,807,75.12,82.97,79
2936,11000000,2,Chennai,OMR,7970,11800000,2401,96.33,60.37,67
2937,9500000,4,Hyderabad,Gachibowli,9941,8100000,3871,77.11,61.08,73
2938,19000000,5,Hyderabad,Kondapur,7978,9000000,3868,72.75,82.06,90
2939,4200000,4,Hyderabad,Kondapur,8961,14900000,2505,75.35,77.95,97
2940,4200000,5,Bengaluru,Electronic City,3626,24700000,3597,76.86,78.98,82
2941,18500000,1,Hyderabad,Madhapur,9115,21800000,3178,91.57,83.37,94
2942,12800000,2,Bengaluru,Whitefield,824,9900000,790,81.78,88.62,83
2943,11300000,2,Pune,Wakad,3697,23200000,3817,88.62,66.34,86
2944,7700000,1,Hyderabad,Gachibowli,6866,15000000,3049,92.58,90.76,59
2945,15500000,1,Mumbai,Andheri,2457,20300000,2627,82.65,74.84,50
2946,4300000,3,Mumbai,Powai,6613,9500000,778,75.91,64.35,79
2947,7700000,4,Pune,Baner,8265,12200000,1845,81.59,77.5,66
2948,7500000,3,Chennai,Adyar,4573,12500000,2547,72.44,95.11,83
2949,9100000,1,Bengaluru,Indiranagar,7701,16400000,3965,88.95,99.03,80
2950,19500000,5,Pune,Baner,613,16100000,1456,83.88,92.36,94
2951,18500000,3,Bengaluru,Indiranagar,8349,9700000,3221,73.32,78.51,90
2952,16200000,3,Hyderabad,Kukatpally,6485,20300000,3637,97.96,65.36,53
2953,13300000,2,Hyderabad,Kondapur,5789,19300000,3094,88.58,70.58,77
2954,4700000,3,Hyderabad,Madhapur,2148,25000000,1912,93.94,76.25,56
2955,11800000,2,Bengaluru,Whitefield,206,6600000,3694,73.19,78.39,53
2956,17400000,2,Pune,Kharadi,7735,12600000,3273,86.54,98.99,52
2957,15200000,4,Mumbai,Bandra,216,14700000,1218,94.66,91.44,74
2958,10100000,1,Hyderabad,Madhapur,1904,15900000,978,79.99,91.38,86
2959,15900000,2,Chennai,Anna Nagar,89,23500000,3462,75.79,69.43,92
2960,19500000,4,Chennai,Adyar,902,24700000,2216,92.4,62.99,55
2961,9700000,3,Hyderabad,Kondapur,196,22900000,3332,84.04,88.3,81
2962,12500000,1,Pune,Baner,2889,20700000,1163,99.17,69.0,60
2963,4400000,4,Hyderabad,Kondapur,4593,12100000,1625,77.34,95.24,52
2964,7200000,1,Bengaluru,Whitefield,7013,12100000,2210,88.74,67.71,88
2965,7600000,4,Bengaluru,Indiranagar,283,19900000,1099,88.31,85.13,65
2966,6400000,4,Pune,Baner,7677,9400000,961,83.25,95.74,93
2967,17900000,3,Chennai,Anna Nagar,1086,19900000,2555,91.52,64.73,70
2968,12300000,4,Pune,Baner,6243,7300000,2504,80.44,84.46,99
2969,3700000,4,Chennai,Velachery,1800,16500000,3082,76.79,83.61,86
2970,11800000,3,Mumbai,Thane,1654,17400000,2187,76.07,78.14,63
2971,4000000,5,Chennai,Adyar,3538,11300000,1365,92.5,89.01,72
2972,16700000,5,Mumbai,Thane,5471,20000000,3809,84.53,64.78,52
2973,9500000,4,Bengaluru,Electronic City,7527,22300000,2955,74.74,95.65,70
2974,6100000,1,Chennai,Adyar,9539,7100000,3553,77.28,96.58,86
2975,7600000,1,Bengaluru,Whitefield,3713,6700000,2975,89.48,90.79,78
2976,11500000,5,Hyderabad,Gachibowli,6519,17200000,2687,83.49,79.02,50
2977,13600000,1,Hyderabad,Kondapur,1741,8900000,2193,94.8,79.0,83
2978,19100000,2,Bengaluru,HSR Layout,5561,22100000,1766,74.19,96.85,72
2979,7800000,5,Bengaluru,Indiranagar,6859,24600000,1509,88.23,84.12,73
2980,14400000,1,Hyderabad,Madhapur,9812,19900000,2266,81.42,97.82,64
2981,19500000,5,Mumbai,Andheri,7921,22600000,3489,86.68,82.24,50
2982,20000000,2,Chennai,Anna Nagar,4268,12800000,3026,75.86,98.61,98
2983,4200000,5,Pune,Baner,4160,5100000,1949,92.79,68.05,74
2984,11600000,4,Mumbai,Bandra,625,24700000,3885,77.22,88.09,98
2985,16800000,1,Bengaluru,HSR Layout,3435,12400000,2419,73.3,74.14,88
2986,5400000,3,Bengaluru,HSR Layout,388,7600000,2550,88.53,87.38,81
2987,9100000,4,Bengaluru,Whitefield,9501,22400000,2307,95.26,89.43,58
2988,3700000,1,Pune,Baner,4290,12300000,883,98.65,75.86,67
2989,7700000,4,Chennai,Adyar,18,6300000,3549,78.78,63.68,88
2990,13000000,2,Mumbai,Bandra,3377,23200000,2836,90.2,96.9,58
2991,11300000,5,Pune,Baner,9926,4600000,3718,97.1,67.6,95
2992,11700000,4,Pune,Hinjewadi,8013,17100000,814,73.67,84.62,50
2993,4400000,5,Pune,Wakad,2284,15200000,3160,76.98,79.53,59
2994,17700000,3,Chennai,Anna Nagar,2862,23500000,995,99.81,84.05,82
2995,15500000,5,Bengaluru,Electronic City,2681,11000000,3478,76.37,79.8,71
2996,20000000,5,Bengaluru,Indiranagar,9468,10400000,2558,95.58,77.27,58
2997,14500000,2,Pune,Kharadi,3437,11800000,1452,73.09,78.44,79
2998,6900000,1,Pune,Baner,1977,5000000,882,98.16,74.99,73
2999,16500000,1,Bengaluru,Electronic City,9018,4700000,1238,83.79,87.51,53
3000,8700000,3,Chennai,OMR,5639,4800000,2630,82.85,98.41,66
3001,12500000,1,Bengaluru,Whitefield,6355,12900000,688,84.21,68.87,83
3002,17000000,5,Chennai,OMR,8874,5900000,907,81.34,63.66,52
3003,8900000,3,Mumbai,Powai,6920,5800000,3263,94.41,95.42,61
3004,13900000,2,Pune,Hinjewadi,5340,8600000,1494,82.34,98.84,70
3005,10200000,5,Hyderabad,Kondapur,2811,20000000,2302,73.79,82.88,80
3006,7100000,3,Hyderabad,Kondapur,5979,8500000,2960,91.88,68.62,73
3007,4200000,1,Bengaluru,HSR Layout,4256,23200000,2176,72.69,74.85,73
3008,16700000,1,Chennai,Anna Nagar,2858,20000000,1254,85.05,96.5,78
3009,14400000,4,Pune,Kharadi,4847,7200000,1919,77.28,98.07,79
3010,10100000,5,Chennai,OMR,6227,16700000,1273,74.64,95.97,55
3011,7700000,1,Hyderabad,Kukatpally,2351,8200000,3582,92.11,73.07,51
3012,4800000,2,Mumbai,Thane,7703,11900000,770,96.24,72.67,68
3013,5500000,3,Chennai,Anna Nagar,3936,10900000,1601,72.07,76.73,75
3014,10100000,1,Pune,Baner,3307,23200000,3697,96.05,76.89,83
3015,3800000,3,Chennai,OMR,7722,23600000,3074,74.12,80.09,70
3016,15900000,1,Hyderabad,Kukatpally,7037,17200000,3857,72.6,74.56,60
3017,4300000,5,Bengaluru,HSR Layout,9499,14500000,2384,74.42,68.0,72
3018,3900000,3,Pune,Hinjewadi,1992,3600000,1522,84.49,84.05,56
3019,5100000,5,Mumbai,Powai,5597,6300000,1194,70.37,83.91,53
3020,10000000,5,Mumbai,Andheri,4659,7000000,1397,73.56,99.58,70
3021,14300000,3,Pune,Baner,111,14600000,1561,90.93,98.12,95
3022,18700000,1,Hyderabad,Kukatpally,5054,6500000,1751,91.57,68.16,58
3023,8700000,3,Hyderabad,Kondapur,7312,13500000,3553,94.37,97.93,100
3024,5600000,5,Chennai,Adyar,5459,9900000,2697,93.6,89.53,91
3025,17400000,2,Pune,Kharadi,7186,9800000,2293,97.97,94.11,96
3026,11100000,2,Mumbai,Thane,9325,24400000,1476,89.96,87.99,57
3027,18200000,5,Pune,Wakad,8058,5200000,2762,88.74,94.74,95
3028,15000000,4,Bengaluru,Indiranagar,7072,22600000,1560,75.11,66.18,61
3029,16500000,5,Hyderabad,Madhapur,3425,5000000,1759,85.16,91.62,100
3030,9100000,5,Hyderabad,Kondapur,2392,21200000,3649,87.54,80.18,93
3031,12100000,4,Bengaluru,Electronic City,2775,9500000,2088,72.46,83.46,64
3032,6000000,1,Mumbai,Powai,6448,18700000,3611,98.51,82.53,84
3033,3000000,2,Chennai,Velachery,237,18300000,1388,91.98,90.08,50
3034,4400000,1,Chennai,Anna Nagar,3311,22600000,2722,96.49,94.56,97
3035,16700000,1,Chennai,Velachery,6022,9300000,2411,91.48,61.45,74
3036,15700000,1,Chennai,OMR,1366,5500000,3059,73.26,61.31,53
3037,19100000,2,Pune,Wakad,4886,5400000,1404,99.85,95.3,96
3038,4600000,4,Hyderabad,Kukatpally,5080,14100000,1012,72.95,76.42,82
3039,15800000,5,Mumbai,Powai,6732,4300000,3159,94.11,95.51,79
3040,19700000,2,Chennai,OMR,7096,9300000,3832,79.21,62.56,50
3041,7100000,3,Bengaluru,Electronic City,7703,22300000,2228,92.42,78.62,69
3042,13200000,1,Mumbai,Powai,2323,19400000,2380,72.3,77.31,57
3043,15700000,5,Hyderabad,Gachibowli,7904,12700000,3521,95.98,67.76,57
3044,7500000,2,Pune,Kharadi,8932,23700000,1390,81.84,61.05,92
3045,9300000,2,Mumbai,Thane,5358,25000000,1732,99.39,70.96,55
3046,4600000,5,Hyderabad,Kukatpally,4905,7100000,3913,97.07,69.48,50
3047,10200000,1,Bengaluru,HSR Layout,6178,8800000,3898,95.04,64.16,83
3048,19900000,3,Mumbai,Bandra,2292,3500000,3302,93.11,79.19,79
3049,7300000,4,Chennai,Adyar,3947,4600000,1957,75.45,76.52,76
3050,19800000,3,Chennai,Velachery,9593,14200000,3209,94.16,86.81,77
3051,10000000,5,Bengaluru,Electronic City,6239,7400000,694,73.13,68.12,54
3052,17000000,2,Hyderabad,Gachibowli,5993,19500000,900,70.81,98.65,76
3053,5100000,5,Hyderabad,Madhapur,2973,16200000,3830,95.59,77.14,67
3054,12900000,3,Pune,Kharadi,45,22900000,1143,85.28,92.24,90
3055,16300000,2,Pune,Baner,911,6600000,2099,93.89,79.34,55
3056,10900000,2,Bengaluru,Whitefield,5405,12000000,2237,82.15,64.46,87
3057,4700000,5,Hyderabad,Kondapur,5497,17800000,2185,72.93,89.27,63
3058,8400000,4,Bengaluru,HSR Layout,4252,4200000,3984,70.86,98.34,85
3059,11600000,2,Hyderabad,Kondapur,5095,19400000,733,92.96,92.46,55
3060,14600000,4,Pune,Baner,4634,3600000,1344,88.6,80.14,61
3061,14000000,2,Mumbai,Andheri,6338,19600000,3601,91.79,80.4,85
3062,17100000,1,Chennai,OMR,4338,16700000,2913,93.86,82.85,62
3063,16200000,4,Hyderabad,Kukatpally,7589,4100000,1813,87.57,91.98,92
3064,8100000,3,Bengaluru,Indiranagar,7781,9100000,2614,78.25,72.74,91
3065,15100000,3,Pune,Hinjewadi,1830,4900000,2387,84.84,77.11,72
3066,5500000,3,Chennai,Adyar,8172,24900000,3541,77.45,93.13,68
3067,20000000,1,Bengaluru,Whitefield,1626,18700000,2169,87.49,98.87,55
3068,11400000,1,Mumbai,Andheri,2480,8400000,3959,74.83,62.12,73
3069,13700000,2,Mumbai,Andheri,1842,13400000,1039,85.91,92.53,61
3070,17300000,2,Mumbai,Andheri,7188,6700000,1075,89.66,70.06,57
3071,7700000,5,Bengaluru,Whitefield,5050,9600000,2049,85.85,96.27,72
3072,19100000,3,Hyderabad,Gachibowli,1691,11300000,2844,89.63,68.67,59
3073,7000000,1,Pune,Hinjewadi,6442,8600000,950,70.05,63.81,81
3074,8900000,4,Hyderabad,Madhapur,8561,23100000,2176,89.89,77.25,84
3075,10100000,3,Pune,Hinjewadi,7770,7700000,1143,96.98,88.15,66
3076,7700000,1,Hyderabad,Kukatpally,5238,9400000,1423,72.98,71.09,93
3077,6600000,2,Hyderabad,Madhapur,3393,21800000,3523,98.63,87.24,95
3078,9000000,3,Chennai,Velachery,8221,21600000,2245,83.75,84.06,50
3079,12900000,3,Bengaluru,Whitefield,7806,4000000,1521,98.36,67.08,76
3080,11700000,4,Chennai,OMR,9921,24400000,1036,71.64,94.36,83
3081,13200000,3,Mumbai,Bandra,627,21700000,2220,89.91,81.52,60
3082,19700000,2,Bengaluru,Whitefield,270,13100000,2086,86.79,61.61,75
3083,17100000,2,Chennai,Velachery,2293,19300000,2267,95.07,90.37,50
3084,8000000,1,Hyderabad,Gachibowli,2102,16700000,3410,87.97,73.34,81
3085,4300000,1,Pune,Hinjewadi,377,14600000,2199,73.86,99.58,89
3086,18100000,4,Mumbai,Andheri,2993,21600000,3617,77.24,74.19,78
3087,9300000,2,Chennai,Adyar,3596,18400000,1683,70.01,70.21,64
3088,8800000,4,Pune,Wakad,677,16500000,2406,86.58,69.02,95
3089,13300000,3,Pune,Wakad,8988,3800000,978,74.67,70.92,74
3090,14700000,2,Pune,Kharadi,5009,24000000,1635,99.82,79.22,85
3091,6100000,3,Hyderabad,Kondapur,6345,21700000,1784,72.88,99.02,85
3092,16200000,2,Mumbai,Thane,3096,3800000,686,73.33,63.71,95
3093,14000000,4,Hyderabad,Gachibowli,7217,8900000,1543,86.91,70.76,90
3094,13400000,3,Chennai,OMR,4525,6500000,1572,79.73,89.82,85
3095,3100000,2,Hyderabad,Kukatpally,2642,6000000,1881,80.76,99.14,53
3096,13900000,4,Bengaluru,Whitefield,2014,12700000,725,88.39,60.19,63
3097,18000000,3,Chennai,Velachery,7272,15100000,3710,90.54,76.05,70
3098,8000000,4,Pune,Hinjewadi,2731,14600000,2071,80.03,63.69,94
3099,3100000,2,Chennai,Adyar,1606,23600000,1344,96.66,98.17,79
3100,11100000,4,Pune,Kharadi,1017,24800000,3962,79.47,68.48,87
3101,8700000,3,Hyderabad,Kondapur,1212,18200000,2823,77.33,90.48,63
3102,18600000,4,Mumbai,Bandra,6706,15900000,2704,93.48,63.36,60
3103,14400000,5,Hyderabad,Madhapur,7,10500000,854,91.39,66.33,72
3104,3800000,4,Hyderabad,Gachibowli,4041,8400000,1671,83.71,78.64,86
3105,8000000,3,Bengaluru,HSR Layout,8554,21300000,3014,93.04,72.52,88
3106,11500000,2,Hyderabad,Gachibowli,3217,14200000,1671,71.66,89.94,65
3107,15000000,5,Bengaluru,Whitefield,883,24700000,1704,77.6,60.94,73
3108,11400000,2,Mumbai,Andheri,4161,9300000,1412,98.2,83.85,96
3109,18800000,2,Mumbai,Andheri,9109,24600000,2778,75.52,94.69,86
3110,17500000,5,Mumbai,Andheri,2943,7800000,764,97.27,97.01,85
3111,4300000,3,Pune,Baner,6371,12600000,1664,83.37,72.13,97
3112,7600000,2,Chennai,Velachery,1018,16700000,753,84.24,71.21,81
3113,10100000,4,Chennai,Velachery,5260,24400000,2635,74.94,99.3,81
3114,9000000,4,Hyderabad,Madhapur,4829,21300000,2044,93.64,64.94,91
3115,16600000,3,Hyderabad,Kondapur,4766,18000000,2625,96.04,78.58,69
3116,8500000,5,Mumbai,Thane,1925,9100000,1117,75.53,92.34,57
3117,15800000,3,Bengaluru,Electronic City,2994,9600000,3336,82.3,79.47,94
3118,15400000,5,Hyderabad,Kukatpally,3856,3800000,2304,86.78,73.59,83
3119,7800000,5,Bengaluru,Indiranagar,884,9200000,3264,77.67,63.38,90
3120,16900000,3,Mumbai,Bandra,9239,19100000,786,88.41,63.1,72
3121,17300000,1,Chennai,Adyar,9800,11500000,3017,89.96,88.51,65
3122,15700000,1,Bengaluru,Indiranagar,5153,19500000,3950,74.3,85.24,84
3123,17200000,4,Bengaluru,HSR Layout,9393,18900000,3477,81.66,61.93,60
3124,19600000,4,Bengaluru,Whitefield,6278,21400000,3419,72.8,80.87,62
3125,9300000,2,Chennai,Velachery,2519,18600000,1779,71.77,75.82,95
3126,14000000,4,Mumbai,Bandra,5513,22400000,3266,86.43,95.32,86
3127,19900000,3,Chennai,Adyar,1948,6100000,3271,80.33,61.09,93
3128,9300000,4,Pune,Baner,3310,21700000,1694,86.35,81.36,99
3129,6200000,3,Pune,Kharadi,1750,4500000,1225,74.53,63.06,75
3130,15400000,5,Hyderabad,Kondapur,3476,10600000,1229,96.59,65.11,93
3131,13400000,4,Chennai,Adyar,8851,4400000,3257,74.0,91.79,73
3132,11100000,4,Chennai,Velachery,3562,5800000,3104,98.48,75.32,76
3133,10300000,3,Mumbai,Bandra,8141,23900000,2850,76.74,77.25,76
3134,3800000,2,Chennai,Anna Nagar,7563,12500000,1921,72.34,91.09,63
3135,12800000,2,Mumbai,Andheri,68,13800000,2523,76.41,74.12,69
3136,9800000,3,Mumbai,Thane,9210,23900000,1688,94.35,98.69,97
3137,11100000,1,Hyderabad,Gachibowli,1614,11900000,1749,98.74,89.56,99
3138,10300000,5,Mumbai,Powai,3733,20200000,1655,78.47,80.28,73
3139,16300000,3,Pune,Hinjewadi,9445,7900000,1455,94.71,98.74,67
3140,15200000,5,Mumbai,Powai,7043,16100000,3613,80.8,72.85,50
3141,19800000,5,Mumbai,Andheri,6743,13200000,2751,99.3,79.63,82
3142,5700000,4,Chennai,Adyar,8511,11200000,1596,95.14,61.82,61
3143,12600000,5,Bengaluru,Electronic City,239,3500000,3392,77.52,97.86,83
3144,19100000,4,Pune,Wakad,1149,18700000,2742,99.06,99.85,86
3145,18200000,5,Chennai,OMR,4300,11800000,3590,90.47,78.39,50
3146,10200000,3,Pune,Kharadi,1244,24700000,966,79.44,92.33,95
3147,17600000,2,Hyderabad,Gachibowli,4642,8500000,3600,79.23,69.14,71
3148,7100000,3,Mumbai,Bandra,3748,12700000,2687,75.69,78.49,79
3149,17400000,3,Pune,Hinjewadi,3729,8700000,1739,87.09,88.45,81
3150,7700000,2,Mumbai,Andheri,4734,10400000,708,93.67,79.28,91
3151,6900000,2,Pune,Baner,2574,9300000,889,85.09,80.41,52
3152,6500000,4,Mumbai,Powai,1118,14100000,1761,99.89,76.53,97
3153,11400000,3,Hyderabad,Kondapur,4739,16400000,2510,70.51,61.7,53
3154,3600000,2,Mumbai,Andheri,9433,13000000,1339,97.92,62.8,69
3155,4700000,4,Hyderabad,Kondapur,7786,17800000,1816,83.61,83.04,82
3156,3500000,4,Pune,Wakad,8734,20600000,2614,80.96,65.15,60
3157,6400000,1,Pune,Hinjewadi,6457,24600000,2439,99.56,61.57,84
3158,10400000,3,Hyderabad,Madhapur,7934,4900000,3855,91.77,91.42,82
3159,11500000,2,Chennai,OMR,2307,24900000,1427,87.19,61.95,84
3160,10800000,5,Pune,Wakad,3509,4800000,1846,94.99,76.89,78
3161,17600000,4,Bengaluru,Electronic City,3410,8200000,3257,93.66,74.83,99
3162,14200000,1,Mumbai,Bandra,1433,21100000,2509,72.05,86.95,80
3163,4800000,4,Pune,Kharadi,3430,20300000,1579,96.42,67.63,99
3164,9700000,4,Bengaluru,Indiranagar,9118,4700000,3608,76.39,67.56,75
3165,15200000,2,Mumbai,Andheri,5345,11100000,3412,72.15,64.62,52
3166,17600000,1,Bengaluru,Indiranagar,9538,9000000,3199,73.62,87.0,78
3167,10300000,1,Bengaluru,HSR Layout,3573,16800000,3834,74.75,64.46,50
3168,19000000,5,Chennai,Anna Nagar,7971,17100000,3267,88.0,77.29,79
3169,8000000,2,Bengaluru,Electronic City,52,6600000,2601,96.35,94.63,54
3170,3500000,1,Hyderabad,Gachibowli,490,21000000,2089,81.71,93.38,88
3171,12600000,2,Chennai,Anna Nagar,534,13100000,1767,93.45,87.81,62
3172,16600000,2,Hyderabad,Madhapur,6345,14700000,3985,71.62,79.2,70
3173,9600000,5,Hyderabad,Madhapur,9469,21700000,2222,83.34,88.18,55
3174,19400000,4,Mumbai,Thane,7202,17500000,2450,92.92,76.27,51
3175,16000000,1,Bengaluru,Indiranagar,9377,11900000,3733,70.75,85.99,92
3176,13700000,1,Chennai,Adyar,6048,18100000,3272,81.43,74.01,87
3177,4600000,4,Hyderabad,Kondapur,1126,9300000,1549,89.35,85.71,61
3178,13700000,3,Mumbai,Andheri,6097,5200000,3184,85.13,64.62,75
3179,17000000,2,Pune,Kharadi,560,22700000,2695,81.72,78.52,61
3180,6000000,4,Bengaluru,HSR Layout,9933,5500000,3616,73.74,88.08,67
3181,6800000,1,Pune,Kharadi,291,11000000,651,83.13,73.76,64
3182,15800000,3,Bengaluru,Electronic City,3638,12100000,1261,90.13,92.42,89
3183,11700000,4,Mumbai,Thane,4321,11600000,2731,83.79,68.97,62
3184,19500000,3,Bengaluru,Indiranagar,5893,17400000,1297,87.05,80.95,56
3185,3700000,4,Hyderabad,Madhapur,4998,16600000,3345,84.59,78.81,88
3186,19500000,1,Pune,Wakad,1490,8900000,2737,84.74,76.06,64
3187,15500000,3,Chennai,OMR,4480,16800000,2101,80.12,72.1,56
3188,7900000,4,Chennai,Velachery,6122,11400000,2530,72.83,70.63,96
3189,14900000,5,Bengaluru,Electronic City,9966,7600000,3495,96.88,75.11,55
3190,7300000,1,Mumbai,Bandra,5517,7900000,2371,87.14,69.02,54
3191,17600000,5,Hyderabad,Gachibowli,7073,3600000,3076,91.94,60.38,92
3192,10600000,3,Mumbai,Bandra,5517,3800000,2325,77.31,86.45,96
3193,16500000,3,Hyderabad,Kukatpally,4345,19600000,1919,87.62,77.34,87
3194,5500000,1,Pune,Kharadi,7335,21200000,1313,87.43,92.16,74
3195,6800000,3,Chennai,OMR,8521,22000000,880,75.8,67.48,87
3196,13600000,5,Chennai,OMR,1673,12700000,2035,98.9,83.11,78
3197,12400000,2,Bengaluru,Electronic City,9969,7500000,2535,74.79,91.22,61
3198,11600000,5,Pune,Baner,8622,7200000,2024,87.8,62.68,90
3199,6400000,3,Chennai,Adyar,2988,24900000,2902,85.31,67.19,73
3200,8100000,1,Hyderabad,Kondapur,2987,25000000,2002,97.65,71.93,84
3201,9000000,3,Mumbai,Powai,1281,11100000,2295,95.19,69.46,94
3202,8400000,4,Mumbai,Powai,9196,16300000,3990,93.51,92.11,81
3203,4700000,5,Bengaluru,Indiranagar,4168,7300000,1088,86.31,70.25,94
3204,18500000,1,Hyderabad,Madhapur,4051,13700000,1531,76.53,70.94,75
3205,16200000,5,Hyderabad,Gachibowli,3631,22100000,1300,92.95,72.24,78
3206,3100000,5,Hyderabad,Kondapur,9451,6900000,1724,95.89,96.64,84
3207,9400000,4,Mumbai,Powai,4977,17300000,3210,80.32,99.31,90
3208,19500000,1,Hyderabad,Madhapur,6764,6800000,1498,77.56,73.52,100
3209,18800000,2,Bengaluru,HSR Layout,974,3800000,1551,85.02,91.48,50
3210,10900000,2,Pune,Baner,2405,22600000,2554,85.13,93.35,74
3211,9700000,2,Hyderabad,Gachibowli,3781,9100000,792,74.1,94.22,79
3212,6000000,2,Pune,Hinjewadi,5142,24800000,3220,93.04,71.22,66
3213,19100000,4,Bengaluru,HSR Layout,871,3500000,951,92.5,62.61,88
3214,7300000,3,Pune,Baner,6027,9800000,1588,93.47,76.69,61
3215,6200000,2,Pune,Wakad,3773,22400000,2844,78.42,84.91,99
3216,18800000,4,Hyderabad,Madhapur,5807,10600000,1904,83.8,90.83,62
3217,14200000,5,Pune,Baner,9945,7600000,1562,71.66,70.73,57
3218,18300000,2,Mumbai,Bandra,8829,13700000,752,90.45,79.01,73
3219,3900000,5,Hyderabad,Kukatpally,7463,13300000,2965,81.85,87.35,57
3220,17600000,1,Pune,Baner,5834,14400000,2992,91.64,89.86,58
3221,19200000,2,Hyderabad,Madhapur,9833,21000000,2552,75.78,86.28,68
3222,5200000,1,Chennai,OMR,5092,19600000,1331,90.95,97.74,100
3223,9300000,3,Pune,Baner,3820,9000000,2179,91.85,80.6,79
3224,19100000,5,Chennai,Anna Nagar,2821,13200000,3859,71.05,75.17,78
3225,8600000,1,Hyderabad,Kondapur,8805,14800000,3823,96.54,82.76,93
3226,5400000,1,Pune,Baner,2994,7500000,659,95.93,91.08,69
3227,19000000,1,Hyderabad,Kukatpally,4277,20200000,2495,90.39,60.5,67
3228,3500000,5,Pune,Baner,9562,23500000,3821,72.49,97.73,72
3229,11400000,4,Hyderabad,Madhapur,340,4000000,3298,85.0,86.18,72
3230,16400000,2,Bengaluru,HSR Layout,7726,9700000,3311,98.82,81.53,63
3231,5600000,2,Mumbai,Powai,8169,5700000,2762,91.63,93.89,74
3232,19300000,5,Mumbai,Thane,7348,18000000,3253,77.77,81.64,76
3233,8400000,5,Bengaluru,HSR Layout,1863,6100000,1220,78.8,86.39,91
3234,17200000,2,Chennai,Adyar,3083,20300000,2314,77.81,60.87,56
3235,4400000,1,Hyderabad,Gachibowli,2591,24800000,1259,76.83,66.79,86
3236,17400000,3,Pune,Hinjewadi,8271,19200000,1985,70.76,87.98,76
3237,9200000,1,Chennai,OMR,2654,8300000,1729,86.11,98.0,68
3238,4400000,1,Mumbai,Andheri,9321,24700000,3618,82.93,64.1,51
3239,4000000,3,Chennai,Adyar,3167,15500000,634,80.13,65.44,99
3240,6900000,4,Pune,Kharadi,3789,3800000,1785,83.63,81.56,81
3241,3700000,4,Hyderabad,Kondapur,4323,7000000,2049,92.31,62.47,76
3242,10100000,4,Hyderabad,Kondapur,6794,20100000,1901,96.08,81.71,83
3243,10100000,5,Pune,Kharadi,9057,8300000,1985,77.32,90.48,83
3244,12400000,4,Pune,Hinjewadi,1145,6900000,792,95.19,97.82,82
3245,14800000,3,Bengaluru,HSR Layout,6173,12600000,2775,83.76,83.99,54
3246,14100000,2,Bengaluru,Whitefield,5331,8200000,952,70.92,84.69,83
3247,14800000,2,Bengaluru,HSR Layout,5846,11200000,2989,70.14,78.8,75
3248,4500000,3,Chennai,OMR,4216,12100000,2990,85.58,93.63,86
3249,19300000,1,Mumbai,Andheri,2205,15800000,3797,94.16,86.15,79
3250,15900000,5,Pune,Hinjewadi,1223,13200000,3344,98.9,85.88,55
3251,14400000,4,Bengaluru,Indiranagar,6694,22300000,2613,85.75,76.84,62
3252,8200000,2,Bengaluru,Indiranagar,9483,13400000,2197,90.7,87.0,79
3253,12000000,4,Pune,Hinjewadi,5736,3900000,3484,94.1,90.5,65
3254,18900000,3,Hyderabad,Kondapur,3102,6200000,2550,80.64,86.54,84
3255,13200000,3,Hyderabad,Madhapur,7411,19200000,3543,99.64,82.88,59
3256,18500000,4,Bengaluru,Indiranagar,3131,22800000,737,92.77,90.33,56
3257,15900000,1,Pune,Kharadi,4006,11500000,1378,88.43,75.32,52
3258,7100000,2,Hyderabad,Gachibowli,8237,21900000,1256,98.44,85.39,75
3259,8200000,5,Pune,Kharadi,1957,23700000,804,96.66,60.82,88
3260,14200000,5,Hyderabad,Madhapur,5018,24100000,2522,97.66,74.97,64
3261,5300000,4,Chennai,Velachery,989,11200000,1259,81.53,91.31,98
3262,8000000,2,Hyderabad,Gachibowli,4410,13200000,1648,78.7,68.27,78
3263,3700000,3,Hyderabad,Madhapur,9981,4100000,3345,88.44,88.77,61
3264,20000000,1,Chennai,Anna Nagar,6049,3600000,3733,91.54,96.05,72
3265,5100000,2,Bengaluru,Indiranagar,4596,6800000,1329,73.72,61.04,76
3266,10200000,5,Bengaluru,Electronic City,5101,19700000,3703,70.95,60.97,59
3267,4900000,4,Mumbai,Andheri,9299,7400000,1553,90.06,70.33,76
3268,16200000,3,Hyderabad,Kondapur,8498,18700000,1219,71.74,63.87,88
3269,17400000,2,Mumbai,Andheri,4363,15500000,1344,96.13,79.9,53
3270,15700000,1,Chennai,OMR,2428,20100000,611,83.13,92.15,52
3271,19900000,1,Chennai,Anna Nagar,5293,14800000,3391,86.84,62.54,54
3272,9700000,1,Hyderabad,Kondapur,9993,12400000,2839,90.78,94.74,75
3273,5400000,3,Pune,Hinjewadi,6434,17100000,3326,94.3,77.91,57
3274,6000000,4,Chennai,Velachery,9145,11700000,992,76.83,77.31,65
3275,10300000,1,Bengaluru,Indiranagar,9466,12900000,1353,75.51,64.04,98
3276,9400000,3,Bengaluru,HSR Layout,6612,6300000,2570,80.92,61.68,75
3277,12800000,5,Mumbai,Powai,8292,22500000,3878,85.64,99.89,50
3278,5800000,2,Mumbai,Powai,8104,22000000,2975,72.34,90.84,67
3279,14700000,5,Pune,Wakad,5291,22800000,1413,90.57,79.6,55
3280,12300000,5,Hyderabad,Kondapur,7605,23700000,932,77.59,61.32,74
3281,7800000,2,Mumbai,Bandra,6948,12300000,1764,95.14,61.96,58
3282,14600000,2,Bengaluru,Indiranagar,8507,24300000,3591,74.87,63.9,60
3283,18600000,3,Mumbai,Andheri,1845,8400000,2386,85.99,72.31,63
3284,11000000,3,Bengaluru,HSR Layout,1473,15300000,3431,79.93,90.15,97
3285,11900000,4,Pune,Baner,5594,3900000,1785,80.73,74.85,58
3286,7100000,3,Pune,Baner,658,22200000,2220,98.52,90.59,89
3287,9000000,3,Hyderabad,Madhapur,9907,5900000,3830,99.0,99.02,52
3288,11400000,1,Chennai,OMR,6136,13000000,2161,95.89,68.66,95
3289,9500000,3,Hyderabad,Kondapur,7489,11100000,3219,71.53,73.07,60
3290,16600000,4,Bengaluru,Whitefield,3654,17700000,3893,81.44,99.32,64
3291,17800000,3,Mumbai,Thane,1725,3600000,3849,74.1,92.7,83
3292,13100000,4,Chennai,OMR,2109,15500000,2660,71.06,74.81,85
3293,7700000,1,Bengaluru,Whitefield,4438,5300000,1293,78.76,88.76,64
3294,14500000,3,Chennai,Velachery,291,18200000,1295,74.58,84.1,69
3295,11200000,2,Pune,Hinjewadi,649,18600000,1725,94.45,86.21,59
3296,9500000,5,Bengaluru,Indiranagar,4254,21900000,3522,77.9,94.57,67
3297,18800000,5,Hyderabad,Gachibowli,402,5300000,2423,78.95,75.94,97
3298,19000000,3,Bengaluru,Indiranagar,8118,18600000,3916,94.68,94.17,94
3299,10700000,3,Pune,Baner,7727,22900000,3428,90.74,70.96,74
3300,17800000,1,Bengaluru,Whitefield,7983,16800000,2172,74.13,70.96,85
3301,17600000,1,Hyderabad,Kondapur,4166,20500000,3662,95.59,65.46,78
3302,11700000,1,Chennai,Adyar,5747,14600000,2304,84.32,92.36,97
3303,7700000,1,Mumbai,Powai,6732,24600000,774,72.83,77.69,80
3304,19100000,4,Chennai,Anna Nagar,9675,19100000,1819,97.59,87.96,83
3305,4000000,1,Pune,Kharadi,9513,19800000,987,81.05,70.01,89
3306,16300000,3,Pune,Kharadi,5442,12000000,1667,70.94,67.22,56
3307,11100000,4,Hyderabad,Kukatpally,3510,8000000,2167,76.34,78.22,93
3308,11600000,4,Bengaluru,Indiranagar,1827,9100000,3434,89.55,66.01,82
3309,13000000,1,Mumbai,Powai,3763,11900000,2752,83.51,83.77,90
3310,9700000,1,Mumbai,Thane,6299,5300000,3454,97.99,70.15,95
3311,3600000,5,Bengaluru,Electronic City,7431,7700000,3840,80.95,96.01,62
3312,5600000,3,Pune,Kharadi,2537,10600000,3870,72.4,68.63,57
3313,3100000,3,Hyderabad,Kukatpally,3729,19700000,3570,79.17,88.27,74
3314,16900000,1,Hyderabad,Gachibowli,4518,19900000,1333,91.97,90.72,70
3315,13900000,4,Bengaluru,HSR Layout,117,22600000,2277,94.37,66.22,85
3316,3600000,1,Bengaluru,Indiranagar,3255,23500000,2380,98.62,89.21,75
3317,18100000,5,Bengaluru,HSR Layout,7506,14900000,3667,93.93,88.1,94
3318,7800000,4,Bengaluru,Indiranagar,4622,10200000,2619,94.96,76.42,84
3319,19200000,4,Pune,Kharadi,576,21200000,1636,87.7,65.8,73
3320,15700000,4,Mumbai,Bandra,5845,19900000,812,76.97,71.48,65
3321,17400000,2,Bengaluru,HSR Layout,5499,13200000,3608,94.07,65.89,93
3322,19200000,1,Bengaluru,Indiranagar,8275,11000000,1560,91.09,65.77,71
3323,8400000,5,Mumbai,Andheri,1313,11600000,1257,91.26,62.41,61
3324,4600000,5,Chennai,OMR,8448,12400000,2757,90.44,62.4,64
3325,12500000,2,Hyderabad,Madhapur,5348,21600000,1599,99.09,66.86,63
3326,6300000,1,Chennai,Anna Nagar,4321,24300000,1308,84.53,98.38,74
3327,13700000,2,Hyderabad,Madhapur,1641,4400000,2438,71.44,80.36,72
3328,5600000,1,Pune,Kharadi,6507,6300000,1089,78.27,66.35,86
3329,3400000,1,Mumbai,Andheri,6488,3600000,3711,93.9,89.68,61
3330,5800000,1,Pune,Hinjewadi,2092,5200000,3563,81.79,85.12,51
3331,19400000,4,Bengaluru,HSR Layout,9449,3700000,2598,77.72,97.1,77
3332,7400000,3,Chennai,Anna Nagar,8586,13000000,1295,70.1,96.67,57
3333,10600000,2,Mumbai,Thane,7701,11900000,2604,84.14,92.28,63
3334,11300000,1,Chennai,Anna Nagar,3755,8900000,652,80.48,72.46,93
3335,16000000,2,Chennai,Anna Nagar,6760,5100000,3060,77.14,95.83,89
3336,15600000,5,Mumbai,Powai,9737,13300000,3224,80.06,64.4,73
3337,17700000,4,Hyderabad,Madhapur,2585,20800000,3752,93.96,98.61,52
3338,6400000,3,Chennai,Velachery,9167,6700000,1177,85.85,93.48,53
3339,11200000,4,Mumbai,Andheri,3025,4300000,3734,84.45,75.29,54
3340,13100000,5,Bengaluru,HSR Layout,470,18600000,2731,72.07,77.56,52
3341,11500000,4,Bengaluru,Indiranagar,1724,23900000,3625,76.78,91.94,65
3342,17200000,1,Bengaluru,HSR Layout,963,20100000,2035,92.64,64.77,79
3343,7200000,3,Bengaluru,HSR Layout,7210,6900000,1856,95.41,62.49,74
3344,10100000,3,Pune,Hinjewadi,9483,8900000,1291,88.12,85.5,61
3345,9400000,5,Pune,Kharadi,7903,7000000,1762,76.01,73.51,84
3346,7000000,1,Pune,Kharadi,7752,8500000,1326,78.77,82.37,85
3347,4200000,1,Pune,Hinjewadi,9981,21600000,2349,94.34,80.0,78
3348,16700000,2,Pune,Kharadi,7446,6200000,2279,91.0,96.62,56
3349,10300000,3,Pune,Kharadi,3077,8600000,2675,84.05,83.0,82
3350,11500000,4,Mumbai,Powai,8557,16400000,1306,74.9,73.23,85
3351,9000000,3,Pune,Hinjewadi,4514,22400000,1863,88.76,94.11,89
3352,14900000,3,Mumbai,Thane,3875,18300000,3669,87.94,74.47,92
3353,10500000,5,Bengaluru,HSR Layout,7383,17900000,2198,88.6,76.89,87
3354,8600000,2,Chennai,Adyar,3294,12100000,2286,79.04,72.11,93
3355,15600000,4,Hyderabad,Madhapur,3927,16100000,3611,88.01,87.2,94
3356,18400000,2,Bengaluru,HSR Layout,6571,24000000,1790,77.26,96.99,64
3357,15800000,1,Bengaluru,Indiranagar,1129,7200000,3604,75.13,75.92,83
3358,11100000,1,Bengaluru,HSR Layout,4206,9200000,3383,91.1,84.35,84
3359,8900000,2,Hyderabad,Gachibowli,2510,21200000,2360,75.33,83.07,62
3360,14600000,1,Hyderabad,Kondapur,6056,7400000,3670,94.81,72.22,67
3361,9100000,4,Mumbai,Thane,2955,11300000,666,87.52,67.56,98
3362,16500000,4,Mumbai,Powai,8564,18600000,2985,76.46,82.42,81
3363,16100000,4,Mumbai,Andheri,8002,12500000,3427,72.54,67.49,65
3364,12100000,3,Chennai,Anna Nagar,2363,16100000,3500,71.56,98.87,74
3365,18300000,3,Hyderabad,Gachibowli,3737,8200000,618,96.63,81.72,100
3366,15800000,3,Chennai,OMR,1729,23600000,2749,93.79,96.53,94
3367,19300000,1,Pune,Hinjewadi,1060,3800000,2257,86.15,64.88,100
3368,8000000,2,Bengaluru,Whitefield,1602,10900000,3665,73.47,89.74,100
3369,18400000,2,Bengaluru,Electronic City,1507,23200000,934,85.88,79.78,66
3370,14100000,1,Chennai,Adyar,3937,11200000,2912,85.87,99.86,77
3371,5000000,5,Chennai,Anna Nagar,875,9300000,2410,72.09,64.3,66
3372,14800000,3,Pune,Hinjewadi,1032,18800000,3399,88.87,91.74,80
3373,10400000,3,Mumbai,Bandra,5727,13900000,2825,92.88,82.11,55
3374,13800000,3,Chennai,OMR,7342,10400000,3804,98.09,72.81,52
3375,12900000,1,Bengaluru,Indiranagar,4992,15100000,1099,83.95,94.25,98
3376,14500000,5,Bengaluru,Whitefield,9669,4200000,943,71.93,81.14,74
3377,18700000,5,Chennai,Anna Nagar,3202,11300000,3662,95.49,91.92,96
3378,17700000,1,Pune,Wakad,6756,14300000,3137,81.46,93.91,66
3379,7200000,4,Pune,Hinjewadi,5737,4800000,973,96.78,84.55,67
3380,14000000,5,Chennai,Anna Nagar,8313,13500000,3064,82.78,92.71,100
3381,5300000,1,Chennai,Adyar,3929,22700000,3506,89.2,91.38,57
3382,17400000,4,Chennai,OMR,2409,4600000,1875,97.66,70.17,60
3383,5500000,1,Bengaluru,Indiranagar,4158,23400000,1250,71.04,72.81,78
3384,18000000,4,Pune,Hinjewadi,915,11300000,2724,95.02,76.89,70
3385,3100000,5,Chennai,Adyar,2121,15500000,2048,91.74,65.37,56
3386,7400000,2,Pune,Wakad,3204,20600000,2642,81.06,87.59,62
3387,3400000,4,Hyderabad,Kondapur,2562,15600000,993,82.72,88.82,94
3388,12600000,1,Pune,Kharadi,5333,13100000,1478,80.86,64.87,52
3389,11500000,3,Mumbai,Bandra,2459,3700000,1914,99.47,72.37,50
3390,10600000,4,Hyderabad,Gachibowli,7712,15600000,3788,97.29,71.17,71
3391,18300000,1,Pune,Kharadi,9172,24700000,897,76.74,88.53,57
3392,14200000,3,Hyderabad,Kukatpally,6780,9200000,1995,92.6,86.78,89
3393,11300000,5,Pune,Kharadi,4898,13500000,676,87.28,99.88,81
3394,4500000,5,Hyderabad,Madhapur,6979,16300000,2251,94.86,96.46,65
3395,17200000,5,Bengaluru,Indiranagar,718,14000000,2641,70.87,75.58,58
3396,6300000,4,Chennai,Anna Nagar,7652,11300000,1570,99.24,76.29,67
3397,5900000,1,Chennai,OMR,2474,23600000,2767,88.38,60.48,62
3398,18300000,5,Bengaluru,Electronic City,6752,3900000,814,83.77,83.02,55
3399,12500000,1,Pune,Hinjewadi,6398,5100000,2350,71.43,84.68,82
3400,5900000,4,Hyderabad,Kondapur,7618,8600000,3416,75.86,86.19,70
3401,12300000,2,Hyderabad,Kondapur,9747,23800000,985,92.4,95.74,79
3402,13200000,1,Chennai,OMR,2151,10200000,2177,82.32,87.61,94
3403,16300000,4,Hyderabad,Kondapur,6961,20300000,3341,96.68,60.39,62
3404,10300000,3,Hyderabad,Gachibowli,2986,21300000,3136,83.38,93.5,66
3405,6500000,1,Chennai,OMR,3588,8200000,2018,89.2,85.84,72
3406,18300000,5,Bengaluru,HSR Layout,7684,4300000,3274,70.48,79.63,98
3407,13800000,1,Hyderabad,Madhapur,4887,13100000,1474,80.18,97.95,68
3408,12400000,5,Pune,Wakad,4018,9200000,3561,96.72,66.25,83
3409,6200000,1,Bengaluru,HSR Layout,5335,12900000,2628,88.64,71.77,53
3410,8300000,5,Chennai,OMR,5865,5400000,3582,81.92,78.02,74
3411,10000000,1,Pune,Kharadi,5447,23000000,3138,80.87,85.32,58
3412,17100000,4,Chennai,OMR,7295,5600000,1938,78.74,83.84,56
3413,10500000,1,Chennai,Anna Nagar,1660,8800000,2370,92.1,82.05,90
3414,9100000,2,Pune,Kharadi,8376,17800000,2992,88.18,92.68,58
3415,13300000,2,Pune,Hinjewadi,9173,23400000,2442,95.21,79.78,51
3416,12400000,5,Bengaluru,HSR Layout,3034,7000000,1356,86.74,96.38,94
3417,17300000,5,Chennai,Velachery,3292,22400000,3751,88.84,73.1,87
3418,15000000,4,Pune,Wakad,3485,18800000,3927,79.77,62.6,76
3419,16200000,4,Mumbai,Powai,6782,13900000,1735,82.88,75.48,72
3420,18200000,5,Hyderabad,Gachibowli,9628,11500000,1339,88.07,81.12,69
3421,3300000,2,Chennai,Adyar,2370,7400000,3246,78.26,93.04,80
3422,6500000,3,Pune,Baner,5277,10000000,2445,87.32,84.69,65
3423,11300000,2,Mumbai,Bandra,9654,20700000,2105,76.75,75.11,74
3424,16000000,1,Mumbai,Andheri,47,10100000,2826,95.39,65.46,78
3425,6500000,3,Pune,Baner,4478,10600000,1491,95.9,92.55,93
3426,18700000,1,Chennai,OMR,3349,20800000,2400,70.97,94.37,81
3427,17300000,5,Hyderabad,Madhapur,6046,17900000,2222,78.85,80.31,90
3428,14600000,3,Hyderabad,Kukatpally,5144,15500000,1239,78.35,78.41,67
3429,7000000,5,Chennai,OMR,1313,24400000,1086,70.87,85.34,96
3430,17000000,4,Hyderabad,Gachibowli,9727,19700000,1395,83.83,66.57,63
3431,13800000,3,Hyderabad,Kukatpally,1351,6700000,3967,86.31,68.76,59
3432,18600000,3,Chennai,Velachery,3927,22200000,2382,97.44,76.78,81
3433,13500000,2,Hyderabad,Madhapur,4467,20600000,3505,77.21,61.98,92
3434,17500000,2,Chennai,Anna Nagar,1724,17000000,1352,87.57,74.76,75
3435,19900000,4,Hyderabad,Kukatpally,947,20400000,3198,87.41,73.97,50
3436,14000000,3,Hyderabad,Gachibowli,6886,15000000,3397,85.9,94.61,93
3437,14400000,1,Pune,Baner,113,9900000,1020,97.34,74.2,55
3438,12600000,5,Pune,Hinjewadi,3196,22000000,2451,88.84,82.61,94
3439,3400000,5,Mumbai,Bandra,2175,14800000,3868,95.93,91.01,81
3440,4400000,2,Chennai,Velachery,3253,4900000,1473,89.99,67.67,52
3441,11200000,4,Bengaluru,HSR Layout,218,12800000,1888,98.53,69.08,100
3442,17000000,2,Hyderabad,Gachibowli,3462,18300000,3291,71.07,73.82,94
3443,3200000,3,Hyderabad,Kukatpally,3501,15100000,2145,78.9,71.3,84
3444,15100000,1,Chennai,Anna Nagar,2124,21600000,2490,98.62,86.73,80
3445,12700000,3,Pune,Kharadi,8874,24700000,2582,78.77,87.64,76
3446,6800000,5,Hyderabad,Gachibowli,2921,15200000,1956,70.38,91.09,88
3447,8000000,5,Chennai,Adyar,8981,20500000,2244,85.98,61.7,82
3448,5400000,5,Bengaluru,Indiranagar,8578,9700000,1250,86.94,63.59,53
3449,11000000,2,Bengaluru,Indiranagar,3732,8000000,3494,76.81,67.61,87
3450,5700000,1,Chennai,Anna Nagar,5251,6900000,709,85.02,64.55,57
3451,17800000,1,Hyderabad,Kondapur,7183,16100000,1365,83.45,83.9,56
3452,11400000,4,Mumbai,Bandra,7396,15900000,2852,75.29,76.15,57
3453,11100000,2,Chennai,OMR,1540,21800000,2641,95.21,84.06,75
3454,13900000,3,Mumbai,Powai,2990,14700000,3246,99.72,78.68,52
3455,16100000,5,Bengaluru,HSR Layout,5248,20200000,1848,89.12,83.37,54
3456,19400000,5,Chennai,Velachery,497,22200000,1411,82.28,81.29,74
3457,11300000,2,Chennai,OMR,3519,8500000,2666,94.88,64.12,66
3458,9100000,2,Mumbai,Bandra,7095,24600000,1812,70.78,88.79,89
3459,4900000,5,Bengaluru,HSR Layout,7607,12100000,2943,94.25,93.59,86
3460,5600000,2,Pune,Wakad,5229,17400000,2776,88.19,85.09,91
3461,12900000,5,Bengaluru,Indiranagar,5051,22100000,2870,75.84,88.02,95
3462,19400000,4,Pune,Wakad,807,19300000,3614,70.05,73.97,75
3463,12700000,4,Chennai,Velachery,3348,17700000,3901,78.0,70.64,77
3464,8700000,1,Pune,Hinjewadi,9658,9200000,645,79.51,75.76,64
3465,5400000,4,Bengaluru,Electronic City,4478,6700000,3574,75.14,97.32,59
3466,6800000,3,Chennai,Velachery,8227,15900000,964,83.31,70.62,82
3467,17300000,2,Chennai,Adyar,5388,7400000,1774,81.33,61.84,79
3468,4500000,5,Hyderabad,Kukatpally,3736,20100000,3649,91.62,76.07,75
3469,16000000,3,Chennai,Adyar,563,20300000,1519,99.25,94.16,92
3470,11000000,2,Hyderabad,Gachibowli,6840,21500000,809,99.86,95.26,96
3471,14100000,5,Bengaluru,Whitefield,2692,18100000,2815,73.23,97.09,55
3472,6800000,4,Chennai,Adyar,3945,14900000,2977,97.61,69.24,69
3473,18600000,3,Hyderabad,Gachibowli,2654,7300000,2691,91.86,61.95,80
3474,6700000,1,Chennai,Adyar,8458,11700000,2079,94.55,89.85,77
3475,14100000,1,Mumbai,Powai,3805,12000000,2503,96.93,62.94,91
3476,12200000,3,Hyderabad,Gachibowli,8738,8200000,2731,87.79,70.51,81
3477,3200000,4,Bengaluru,Electronic City,5506,22200000,1687,87.61,78.37,72
3478,13000000,1,Bengaluru,HSR Layout,754,12300000,2864,81.02,75.19,89
3479,10500000,4,Chennai,Anna Nagar,6857,6100000,2496,89.14,87.52,55
3480,9200000,5,Chennai,Anna Nagar,1963,14700000,2510,81.7,77.0,74
3481,16900000,3,Pune,Hinjewadi,2446,20300000,1108,93.09,99.1,78
3482,12400000,4,Bengaluru,Indiranagar,5848,24100000,3589,92.68,80.6,85
3483,9200000,2,Bengaluru,Indiranagar,1400,19600000,942,75.82,77.01,86
3484,16900000,4,Pune,Kharadi,8209,3700000,1833,74.98,76.89,76
3485,19800000,3,Hyderabad,Gachibowli,1838,6400000,1896,94.67,71.61,85
3486,11900000,5,Pune,Wakad,6755,15800000,3897,93.95,94.15,94
3487,12200000,2,Hyderabad,Madhapur,7749,13200000,1354,88.92,98.79,51
3488,17000000,2,Pune,Kharadi,7995,14300000,2816,90.76,66.56,62
3489,4200000,2,Pune,Hinjewadi,7917,8700000,1570,83.28,71.27,55
3490,4500000,2,Bengaluru,Electronic City,7261,19000000,1792,74.01,62.37,69
3491,16000000,4,Hyderabad,Gachibowli,3275,8000000,1495,72.44,78.03,87
3492,12300000,2,Chennai,Adyar,884,23600000,2503,80.14,90.07,75
3493,14400000,4,Bengaluru,HSR Layout,7443,6300000,3707,85.5,77.28,56
3494,12200000,1,Bengaluru,Electronic City,447,11500000,2809,71.97,92.63,68
3495,17100000,3,Pune,Wakad,2958,21300000,1879,82.37,92.4,54
3496,12300000,2,Pune,Kharadi,1858,15500000,909,78.18,86.64,91
3497,17600000,5,Mumbai,Thane,5893,12000000,3169,72.02,64.39,79
3498,16100000,1,Pune,Wakad,1944,17600000,3884,87.59,76.76,92
3499,17600000,2,Mumbai,Thane,4770,14700000,758,95.99,84.93,61
3500,9500000,5,Mumbai,Bandra,2358,22100000,1421,79.94,98.59,59
3501,15700000,1,Mumbai,Andheri,6142,15900000,1187,99.35,78.8,78
3502,13200000,4,Chennai,Velachery,316,8100000,2206,73.04,72.97,72
3503,11900000,1,Bengaluru,Electronic City,6810,7700000,2588,71.64,84.59,92
3504,6800000,5,Hyderabad,Kukatpally,6718,24600000,1298,84.66,80.44,98
3505,13800000,4,Hyderabad,Kondapur,5749,20800000,2627,72.65,87.03,66
3506,17200000,5,Mumbai,Thane,9756,22700000,3580,82.95,91.81,80
3507,17300000,2,Chennai,Anna Nagar,9116,9000000,2492,81.62,80.99,91
3508,5700000,1,Pune,Wakad,398,19600000,1399,81.14,76.97,86
3509,13400000,3,Mumbai,Powai,1314,7100000,2892,92.68,99.24,65
3510,5900000,4,Bengaluru,Electronic City,363,16500000,2758,99.84,60.07,94
3511,4200000,3,Bengaluru,Whitefield,4614,5700000,2623,77.53,73.77,94
3512,9400000,4,Hyderabad,Kukatpally,1344,21300000,1247,75.32,76.18,63
3513,11100000,3,Mumbai,Thane,4324,15700000,1314,87.76,80.71,70
3514,4900000,4,Mumbai,Thane,6824,13900000,3455,98.37,86.14,50
3515,17000000,5,Bengaluru,HSR Layout,1956,25000000,1823,75.38,71.83,53
3516,19500000,4,Hyderabad,Kukatpally,9404,21100000,3625,80.11,72.02,58
3517,12500000,5,Chennai,Adyar,947,10000000,2220,80.52,72.15,50
3518,7400000,5,Hyderabad,Gachibowli,9550,4500000,1170,78.3,91.26,98
3519,7900000,4,Chennai,Adyar,1908,22800000,3726,84.53,68.88,83
3520,12300000,2,Chennai,Velachery,3546,17400000,2923,71.31,99.74,87
3521,3900000,1,Mumbai,Powai,3209,8200000,1148,94.2,65.78,65
3522,6300000,3,Hyderabad,Kondapur,5404,24900000,2283,81.98,81.1,95
3523,12900000,4,Mumbai,Thane,6131,4100000,1574,70.86,62.6,95
3524,11200000,2,Hyderabad,Madhapur,7054,18000000,859,75.39,87.81,57
3525,4500000,3,Chennai,Velachery,7151,22100000,3970,79.92,63.81,59
3526,10100000,2,Pune,Kharadi,7816,10600000,3168,96.65,81.29,97
3527,18700000,4,Pune,Wakad,7847,6300000,3030,91.68,64.78,54
3528,13500000,4,Chennai,Adyar,5308,17500000,3715,82.14,72.78,66
3529,17000000,5,Pune,Kharadi,7821,18200000,1706,86.18,88.45,97
3530,3000000,1,Bengaluru,Indiranagar,9594,24600000,2529,84.91,95.87,86
3531,10600000,4,Pune,Baner,6414,22800000,1139,83.94,72.64,87
3532,8100000,4,Bengaluru,HSR Layout,2440,20000000,1516,72.88,72.41,98
3533,9600000,1,Hyderabad,Gachibowli,5578,4300000,3205,85.41,83.76,57
3534,8700000,1,Chennai,Adyar,9340,17300000,1321,70.55,73.68,70
3535,16300000,4,Hyderabad,Gachibowli,169,21800000,2418,80.57,72.53,60
3536,13800000,5,Hyderabad,Gachibowli,4923,20400000,829,93.77,72.4,96
3537,6200000,2,Pune,Baner,8230,10600000,1701,78.25,92.39,99
3538,14600000,4,Bengaluru,Electronic City,8817,22400000,1033,70.27,84.36,91
3539,4800000,1,Bengaluru,HSR Layout,1378,17500000,3820,91.65,82.84,93
3540,19600000,5,Bengaluru,Indiranagar,4289,6500000,1421,82.83,66.64,50
3541,16300000,4,Pune,Hinjewadi,7874,5400000,3302,93.18,61.84,97
3542,10800000,3,Pune,Hinjewadi,1635,7300000,2287,92.76,75.02,64
3543,15500000,3,Hyderabad,Madhapur,6169,10800000,2783,94.11,79.55,58
3544,6000000,5,Bengaluru,Indiranagar,2778,10600000,1801,88.25,87.97,58
3545,15600000,3,Pune,Kharadi,8167,16500000,3239,81.87,91.57,95
3546,18500000,5,Bengaluru,HSR Layout,8010,11600000,2866,72.23,64.39,51
3547,3600000,4,Bengaluru,Whitefield,1085,8300000,2145,79.39,91.11,72
3548,8700000,4,Mumbai,Thane,9620,19100000,1636,84.24,85.12,91
3549,13600000,2,Pune,Baner,4941,5500000,2644,74.01,85.5,57
3550,4400000,2,Mumbai,Thane,4480,10200000,3717,74.7,92.74,94
3551,9400000,5,Chennai,Anna Nagar,3380,20300000,2797,96.13,71.79,55
3552,8300000,1,Pune,Hinjewadi,990,13700000,2141,92.2,78.35,72
3553,12200000,5,Mumbai,Andheri,5285,24000000,3445,72.02,99.52,90
3554,9000000,1,Pune,Wakad,7544,11000000,1928,75.01,99.66,85
3555,18500000,2,Chennai,Velachery,9744,14000000,1200,75.75,75.22,84
3556,5200000,2,Mumbai,Andheri,5525,20900000,2278,93.16,78.98,79
3557,11900000,5,Chennai,Velachery,3681,3800000,1084,98.59,65.65,87
3558,10600000,2,Hyderabad,Gachibowli,1765,13300000,2854,85.16,71.0,86
3559,12300000,2,Mumbai,Bandra,2924,11300000,738,78.11,66.6,97
3560,12000000,3,Bengaluru,Electronic City,491,4800000,2972,80.17,84.29,61
3561,3400000,2,Chennai,Velachery,1005,21600000,2572,98.19,99.84,91
3562,15200000,1,Pune,Hinjewadi,7857,19800000,3085,86.22,98.82,81
3563,15100000,1,Hyderabad,Madhapur,7545,23300000,2163,82.82,88.98,70
3564,14400000,2,Pune,Baner,6149,9900000,1972,93.76,79.89,90
3565,14000000,4,Pune,Hinjewadi,196,17300000,985,86.02,77.54,67
3566,5600000,5,Chennai,Adyar,137,25000000,3862,92.24,82.55,72
3567,18700000,2,Pune,Baner,43,13900000,1972,84.74,88.16,70
3568,3300000,4,Mumbai,Bandra,9071,14400000,2532,74.1,63.77,64
3569,16000000,1,Mumbai,Bandra,3590,15900000,3834,77.41,69.75,74
3570,5800000,3,Pune,Kharadi,6339,22700000,668,80.49,82.72,59
3571,16000000,5,Hyderabad,Gachibowli,90,23300000,3160,74.93,63.82,84
3572,11800000,3,Pune,Wakad,1531,8900000,1938,93.03,86.68,67
3573,13300000,5,Bengaluru,HSR Layout,5409,10800000,2139,82.26,61.5,94
3574,18200000,5,Pune,Kharadi,747,18500000,2113,86.43,65.87,81
3575,8100000,3,Bengaluru,HSR Layout,1010,9600000,3531,90.21,86.05,70
3576,11800000,1,Chennai,Adyar,1960,23400000,3831,93.68,72.86,69
3577,16800000,3,Chennai,Velachery,2395,6000000,1419,87.33,72.64,88
3578,17700000,5,Bengaluru,Indiranagar,6972,22200000,1019,98.95,96.41,64
3579,6300000,4,Hyderabad,Kukatpally,6437,20100000,618,79.03,75.63,67
3580,16000000,2,Mumbai,Andheri,5925,23500000,2193,95.52,82.23,53
3581,3400000,4,Hyderabad,Kondapur,2220,10500000,2926,86.94,63.0,86
3582,17400000,3,Mumbai,Bandra,68,9600000,1392,72.08,86.72,97
3583,12300000,2,Hyderabad,Kukatpally,3646,15300000,2452,76.56,62.63,70
3584,10600000,3,Pune,Baner,7898,3700000,2521,85.71,68.9,58
3585,19300000,1,Pune,Wakad,6785,5200000,2342,90.44,69.42,63
3586,18400000,4,Bengaluru,Whitefield,9311,10300000,3566,84.4,65.65,81
3587,4900000,3,Chennai,Velachery,6539,3800000,1263,86.95,72.46,62
3588,15400000,4,Chennai,OMR,8934,8300000,1919,79.91,96.38,65
3589,10800000,1,Bengaluru,Indiranagar,5985,24600000,2953,95.67,86.41,57
3590,18000000,4,Hyderabad,Madhapur,5358,22900000,962,92.08,77.36,51
3591,6300000,1,Bengaluru,Whitefield,3297,19400000,3498,93.05,92.12,73
3592,5900000,1,Hyderabad,Madhapur,1550,22000000,1774,73.93,80.43,71
3593,16800000,1,Mumbai,Andheri,9641,22300000,2207,89.86,98.94,65
3594,9300000,3,Hyderabad,Kondapur,6570,13500000,927,88.66,71.7,99
3595,19700000,5,Pune,Kharadi,7314,8300000,2596,75.72,89.73,63
3596,4500000,2,Mumbai,Powai,1778,13400000,602,76.71,95.94,93
3597,9800000,4,Mumbai,Andheri,4673,12100000,1395,70.13,86.64,70
3598,11300000,1,Chennai,OMR,5555,24100000,3167,80.73,75.18,97
3599,13200000,3,Pune,Hinjewadi,3240,10800000,3791,98.12,75.99,56
3600,7400000,1,Pune,Baner,8345,13800000,3462,91.13,93.35,98
3601,4600000,5,Hyderabad,Gachibowli,8064,4400000,3265,76.78,94.5,72
3602,14000000,2,Pune,Hinjewadi,4469,20600000,3405,71.85,94.06,82
3603,7500000,5,Chennai,Adyar,6236,14900000,1646,75.42,67.49,52
3604,4800000,5,Mumbai,Thane,8214,11800000,1097,87.91,98.99,63
3605,9300000,2,Chennai,Velachery,2020,16800000,1196,93.58,71.77,87
3606,10500000,3,Mumbai,Bandra,3859,7800000,3756,80.99,76.06,58
3607,5300000,3,Mumbai,Thane,2579,24400000,3587,78.0,81.75,52
3608,16100000,1,Hyderabad,Gachibowli,667,10700000,1570,79.54,81.84,82
3609,3000000,2,Chennai,Adyar,8807,17800000,2226,84.97,66.17,64
3610,12900000,1,Hyderabad,Kondapur,3537,24300000,646,80.08,96.48,52
3611,5800000,5,Pune,Baner,6624,22900000,1808,84.19,60.26,55
3612,18100000,3,Hyderabad,Kondapur,2183,3800000,3776,84.32,83.56,93
3613,16100000,5,Mumbai,Powai,7358,10400000,1279,97.89,84.2,82
3614,17900000,1,Bengaluru,HSR Layout,3371,8100000,1197,75.92,83.53,51
3615,16800000,1,Pune,Hinjewadi,3509,21500000,1873,95.92,81.36,54
3616,7700000,4,Hyderabad,Gachibowli,6232,9600000,1953,77.63,91.43,55
3617,3300000,2,Hyderabad,Kondapur,1601,8500000,2749,85.85,77.49,90
3618,5700000,1,Pune,Baner,6297,19700000,733,72.88,61.8,87
3619,16900000,1,Pune,Kharadi,6530,6500000,2558,78.43,88.92,84
3620,7700000,4,Mumbai,Thane,8384,17100000,671,94.22,61.08,96
3621,12900000,3,Mumbai,Bandra,2971,7700000,1270,78.5,82.06,86
3622,13500000,4,Mumbai,Andheri,7459,15300000,2766,75.71,84.84,51
3623,7600000,3,Mumbai,Andheri,6426,19100000,3400,87.84,86.46,50
3624,16300000,5,Mumbai,Bandra,3822,9700000,636,85.34,90.71,91
3625,16100000,4,Hyderabad,Kukatpally,3473,7900000,934,78.79,89.27,79
3626,7800000,3,Hyderabad,Madhapur,9475,15100000,1733,82.56,93.01,87
3627,16000000,5,Mumbai,Bandra,9839,11600000,2647,87.75,93.83,81
3628,11700000,3,Bengaluru,HSR Layout,8226,3500000,1775,84.57,94.81,86
3629,4300000,5,Bengaluru,HSR Layout,3783,9600000,1644,92.1,78.17,95
3630,6600000,3,Hyderabad,Madhapur,6005,19500000,3766,84.34,83.31,84
3631,6800000,1,Pune,Kharadi,7023,13800000,3158,72.8,93.65,66
3632,3400000,1,Pune,Kharadi,7012,15800000,3999,71.58,92.06,54
3633,5400000,4,Chennai,OMR,3912,11900000,1278,97.82,83.11,64
3634,3800000,1,Chennai,Adyar,5659,13900000,3891,94.74,89.0,87
3635,19700000,1,Chennai,Velachery,8420,19100000,2742,78.32,65.76,57
3636,7200000,4,Pune,Hinjewadi,7447,23100000,2283,98.35,82.78,65
3637,12800000,4,Bengaluru,HSR Layout,3505,13500000,1635,85.1,92.06,92
3638,16500000,3,Bengaluru,Electronic City,2421,14100000,1325,98.48,72.69,82
3639,16000000,5,Bengaluru,HSR Layout,871,3600000,1052,90.75,74.28,94
3640,15500000,5,Chennai,Adyar,7833,23900000,3256,72.92,77.46,74
3641,5300000,4,Hyderabad,Kukatpally,1667,3900000,971,89.84,98.54,83
3642,12300000,1,Mumbai,Powai,2404,9900000,2376,83.41,71.48,70
3643,13700000,3,Chennai,Adyar,6169,24800000,3648,72.36,66.69,97
3644,13000000,3,Pune,Wakad,3742,22900000,3969,74.59,82.15,96
3645,5700000,1,Bengaluru,Electronic City,3282,16400000,3698,81.51,63.92,91
3646,17400000,3,Pune,Hinjewadi,7157,3500000,1681,77.18,70.0,53
3647,8300000,4,Mumbai,Thane,1864,18800000,1510,82.72,85.27,84
3648,12000000,5,Hyderabad,Madhapur,9685,5900000,1417,70.46,96.54,78
3649,15300000,4,Pune,Kharadi,8460,12400000,3310,73.4,77.55,94
3650,8400000,4,Mumbai,Andheri,3935,5500000,3234,84.37,76.63,93
3651,5600000,4,Mumbai,Powai,1055,7700000,2480,72.33,74.47,97
3652,15800000,2,Chennai,OMR,3751,19700000,1486,95.03,64.71,100
3653,7800000,3,Pune,Hinjewadi,6256,19800000,767,95.05,81.64,53
3654,12300000,2,Mumbai,Thane,8296,10500000,3815,89.32,63.96,54
3655,11600000,1,Bengaluru,Whitefield,6985,13300000,2740,99.24,72.82,56
3656,4900000,1,Chennai,OMR,3153,16800000,1417,77.48,76.07,62
3657,12800000,3,Hyderabad,Madhapur,8881,6200000,2259,97.11,80.76,83
3658,19100000,1,Hyderabad,Kondapur,9242,14000000,675,81.07,88.8,91
3659,18600000,5,Chennai,OMR,3877,19500000,2192,82.83,65.67,100
3660,7300000,2,Pune,Wakad,4698,21300000,642,91.98,65.04,89
3661,9200000,2,Mumbai,Andheri,6223,13100000,956,99.35,66.24,92
3662,17500000,4,Hyderabad,Gachibowli,310,12400000,617,97.52,65.06,85
3663,12200000,3,Hyderabad,Madhapur,7083,18600000,2680,94.49,74.71,62
3664,6600000,3,Hyderabad,Madhapur,8460,23700000,3227,71.2,92.04,57
3665,18500000,1,Pune,Baner,7487,15900000,962,71.19,71.84,80
3666,14700000,3,Mumbai,Andheri,591,13100000,907,70.38,72.99,57
3667,11500000,3,Bengaluru,HSR Layout,8342,16900000,2068,86.54,69.78,54
3668,11000000,2,Mumbai,Andheri,1194,20600000,3987,90.87,99.88,82
3669,6700000,1,Hyderabad,Gachibowli,1753,17100000,3393,88.98,74.1,59
3670,6500000,2,Mumbai,Andheri,4930,16500000,1433,81.91,87.48,61
3671,5000000,4,Bengaluru,HSR Layout,1047,14500000,2242,78.97,62.76,100
3672,6800000,4,Bengaluru,Indiranagar,6954,23600000,1605,99.77,79.63,100
3673,6400000,3,Pune,Kharadi,5343,18800000,2195,99.24,82.62,59
3674,3900000,5,Pune,Hinjewadi,6207,4300000,3218,70.78,67.21,63
3675,17100000,4,Mumbai,Bandra,6811,6000000,2016,95.62,86.13,60
3676,14400000,2,Chennai,OMR,5516,8200000,1561,84.22,74.86,55
3677,19600000,3,Pune,Hinjewadi,3545,16500000,1995,86.98,77.76,71
3678,10400000,3,Mumbai,Andheri,158,6700000,3568,92.65,64.9,53
3679,11300000,4,Bengaluru,HSR Layout,4951,10000000,1670,89.78,66.3,68
3680,15800000,5,Bengaluru,Indiranagar,9595,20700000,3914,70.47,76.19,70
3681,4400000,5,Hyderabad,Kukatpally,9918,5000000,3132,75.77,94.99,50
3682,16800000,5,Mumbai,Thane,2293,13600000,2652,74.42,64.64,83
3683,6200000,3,Hyderabad,Kukatpally,3370,15300000,3497,89.62,61.82,93
3684,19300000,2,Mumbai,Thane,601,20800000,2650,79.39,96.43,74
3685,8100000,3,Pune,Wakad,8053,11900000,879,98.47,82.32,63
3686,3900000,5,Chennai,OMR,4284,21000000,1121,78.49,90.74,98
3687,12200000,1,Mumbai,Thane,4736,19400000,3773,72.92,88.53,77
3688,4100000,1,Mumbai,Andheri,7516,9000000,1137,96.2,75.08,80
3689,15300000,4,Chennai,Adyar,8681,20600000,653,77.65,86.28,94
3690,10200000,3,Mumbai,Powai,5266,21800000,2887,89.69,84.56,51
3691,7300000,5,Hyderabad,Madhapur,6420,22400000,988,87.07,92.85,75
3692,17400000,1,Bengaluru,Indiranagar,4550,24600000,951,87.29,89.76,75
3693,7700000,5,Hyderabad,Kondapur,9799,12300000,3163,74.72,70.63,60
3694,16300000,1,Bengaluru,HSR Layout,752,16600000,813,92.41,69.42,94
3695,17400000,2,Mumbai,Powai,4712,3600000,3923,98.65,78.96,61
3696,12500000,5,Chennai,Adyar,8521,17200000,1860,87.32,61.23,78
3697,4700000,2,Chennai,Velachery,9264,10700000,1256,99.36,68.27,86
3698,8700000,4,Hyderabad,Gachibowli,7817,17500000,2589,84.26,86.5,87
3699,9200000,5,Mumbai,Bandra,6757,18300000,1537,95.95,97.28,51
3700,17400000,2,Bengaluru,Electronic City,1851,8900000,1859,71.5,63.12,86
3701,14100000,1,Chennai,Anna Nagar,7400,10700000,851,76.21,72.13,53
3702,17900000,2,Hyderabad,Madhapur,2952,5800000,2559,83.62,90.64,88
3703,9800000,2,Bengaluru,Electronic City,6005,22500000,2814,79.5,88.55,69
3704,12900000,5,Chennai,Velachery,3675,6600000,2151,97.27,65.46,80
3705,5100000,1,Pune,Kharadi,3073,6500000,2691,84.39,88.39,98
3706,18600000,3,Hyderabad,Madhapur,8282,8300000,1973,77.6,84.37,56
3707,16000000,4,Bengaluru,Indiranagar,75,18200000,2848,78.23,78.19,57
3708,14300000,4,Pune,Baner,3315,15400000,1145,90.84,69.82,70
3709,5800000,1,Pune,Baner,6917,7000000,876,77.22,93.53,79
3710,4900000,3,Chennai,Adyar,205,11000000,3524,96.74,87.87,77
3711,15300000,4,Hyderabad,Kondapur,483,12100000,1965,90.63,69.52,53
3712,11300000,3,Mumbai,Andheri,3586,10000000,3741,81.43,62.22,58
3713,8800000,2,Chennai,Anna Nagar,1221,16300000,2461,75.73,95.39,52
3714,19800000,5,Chennai,Velachery,837,5800000,636,78.09,63.12,99
3715,6700000,2,Bengaluru,Whitefield,6235,22300000,984,97.71,60.04,60
3716,8000000,3,Chennai,Anna Nagar,7864,10300000,2188,83.27,95.08,68
3717,14200000,4,Bengaluru,Whitefield,5206,15700000,1101,90.86,89.42,64
3718,17400000,2,Mumbai,Andheri,2856,24300000,3299,74.9,65.76,89
3719,5600000,5,Chennai,OMR,4951,12500000,3779,79.53,73.52,82
3720,7600000,3,Pune,Kharadi,929,21900000,2689,75.76,78.0,89
3721,5800000,3,Mumbai,Powai,2747,3500000,1472,73.5,80.16,72
3722,9200000,2,Hyderabad,Kukatpally,5358,16800000,2256,75.81,73.41,88
3723,15700000,1,Chennai,Velachery,3765,7000000,3398,79.98,86.24,66
3724,13900000,1,Hyderabad,Madhapur,3639,10300000,2703,70.63,82.19,75
3725,10900000,3,Hyderabad,Kukatpally,7633,5300000,1586,80.24,70.67,84
3726,6000000,4,Mumbai,Bandra,4833,19200000,1848,91.38,78.91,55
3727,20000000,4,Mumbai,Thane,5791,4000000,969,71.68,87.67,53
3728,5600000,3,Mumbai,Andheri,1932,16500000,1635,92.13,94.2,98
3729,7500000,4,Chennai,Velachery,499,7700000,2365,85.51,83.19,97
3730,17900000,3,Chennai,Anna Nagar,9916,14500000,3255,97.79,83.63,57
3731,12700000,1,Chennai,OMR,8986,19400000,766,93.06,96.1,80
3732,12300000,4,Chennai,Adyar,5453,19000000,3327,87.74,62.31,55
3733,9100000,4,Bengaluru,Electronic City,143,24700000,2020,72.51,65.34,74
3734,5100000,4,Mumbai,Thane,972,15500000,3630,71.35,77.83,79
3735,11600000,3,Mumbai,Andheri,3720,21800000,1576,92.73,84.21,96
3736,4000000,5,Bengaluru,Electronic City,5652,8400000,3646,74.59,69.09,89
3737,14200000,3,Mumbai,Thane,2498,15500000,3482,84.04,83.4,91
3738,4400000,1,Bengaluru,Indiranagar,4240,18500000,1908,96.07,71.94,93
3739,11700000,1,Mumbai,Andheri,9245,20600000,1298,92.86,65.79,69
3740,12300000,2,Pune,Kharadi,3877,18300000,2122,95.6,95.73,52
3741,3500000,1,Chennai,OMR,9793,11900000,1417,87.6,65.17,96
3742,4600000,3,Hyderabad,Madhapur,7043,17500000,2654,92.12,98.38,79
3743,7400000,2,Pune,Baner,2719,7300000,2271,74.03,83.08,95
3744,15600000,3,Pune,Wakad,3607,24600000,1876,79.19,78.98,81
3745,5800000,1,Chennai,Anna Nagar,1599,21300000,1246,83.38,92.07,86
3746,11200000,1,Bengaluru,Whitefield,1745,18500000,3108,99.26,84.62,68
3747,3700000,4,Bengaluru,Whitefield,8905,22000000,1421,72.77,64.32,98
3748,15300000,1,Hyderabad,Kondapur,2542,8000000,1045,91.9,81.18,85
3749,15300000,4,Chennai,OMR,9036,10700000,960,81.89,98.35,95
3750,3200000,1,Chennai,Adyar,9880,22200000,1080,86.25,72.47,100
3751,5200000,5,Hyderabad,Kukatpally,7939,14700000,2806,96.74,65.73,71
3752,4000000,3,Hyderabad,Kukatpally,4623,17900000,1583,78.34,74.92,86
3753,5800000,5,Chennai,OMR,5644,18900000,3651,92.92,91.05,68
3754,8100000,5,Chennai,OMR,5681,15700000,2140,84.54,80.62,57
3755,15500000,4,Chennai,Velachery,2267,5800000,3664,85.08,76.42,81
3756,5100000,3,Mumbai,Powai,3429,12200000,1013,83.28,60.5,90
3757,14800000,4,Chennai,OMR,7228,18000000,2352,70.36,66.45,99
3758,10500000,4,Pune,Hinjewadi,6512,6600000,1013,84.51,76.73,89
3759,7600000,1,Bengaluru,Indiranagar,1778,22600000,3192,87.96,97.92,96
3760,12700000,1,Chennai,Anna Nagar,2365,8700000,3289,91.74,73.33,85
3761,4600000,5,Bengaluru,HSR Layout,5079,14100000,1868,89.61,93.97,83
3762,7800000,2,Hyderabad,Madhapur,6634,5700000,853,82.19,90.17,60
3763,12200000,2,Pune,Baner,3786,14700000,2267,92.5,71.58,64
3764,4400000,2,Bengaluru,Electronic City,659,19600000,1130,98.36,74.41,100
3765,17900000,3,Hyderabad,Gachibowli,7308,6700000,799,80.85,86.62,96
3766,13200000,4,Pune,Kharadi,3733,18400000,3084,84.29,60.02,95
3767,7600000,2,Mumbai,Andheri,1159,14500000,1330,81.48,65.61,93
3768,3500000,2,Pune,Baner,7944,19400000,768,76.76,85.41,58
3769,18100000,1,Chennai,Velachery,9006,16200000,1666,79.64,67.17,94
3770,4000000,5,Mumbai,Thane,4169,4400000,630,84.59,99.72,88
3771,3000000,1,Hyderabad,Kondapur,345,24600000,1149,98.27,85.23,97
3772,14600000,3,Chennai,OMR,6709,6400000,2517,77.62,90.98,57
3773,4200000,4,Hyderabad,Gachibowli,8269,12900000,1538,98.48,62.45,86
3774,4200000,4,Mumbai,Bandra,6059,24900000,1424,85.49,93.26,100
3775,12800000,3,Chennai,Adyar,4926,9500000,1431,81.02,71.81,61
3776,18900000,1,Bengaluru,Whitefield,9308,17000000,2404,83.54,63.19,82
3777,3700000,5,Pune,Wakad,1320,4700000,3209,79.29,61.51,79
3778,3200000,3,Chennai,OMR,7029,10200000,839,99.44,96.74,70
3779,10500000,2,Chennai,Velachery,2526,11000000,1461,85.67,92.65,93
3780,8600000,1,Hyderabad,Gachibowli,6765,10300000,2642,81.7,86.67,82
3781,13900000,4,Chennai,Anna Nagar,8049,8800000,3127,78.13,92.58,94
3782,15800000,4,Bengaluru,Indiranagar,563,22700000,2881,86.36,81.11,78
3783,15600000,1,Hyderabad,Madhapur,6175,18600000,2187,87.97,78.09,81
3784,17300000,5,Pune,Kharadi,6937,24400000,1079,77.0,87.87,51
3785,5500000,5,Bengaluru,Whitefield,8693,16400000,2361,90.62,88.58,93
3786,10800000,5,Bengaluru,HSR Layout,1949,3600000,3493,90.36,67.4,70
3787,11900000,4,Mumbai,Powai,9585,16300000,2396,95.19,95.11,93
3788,4600000,1,Hyderabad,Kondapur,6599,19400000,2785,82.95,71.19,51
3789,12500000,2,Hyderabad,Madhapur,8794,8900000,3995,76.78,86.27,65
3790,3900000,4,Pune,Hinjewadi,8404,3800000,2448,87.62,76.48,55
3791,13200000,5,Hyderabad,Kondapur,6976,13100000,775,70.37,80.56,80
3792,4400000,1,Mumbai,Bandra,3920,6400000,3667,87.79,92.68,89
3793,13800000,4,Hyderabad,Kondapur,7464,8000000,1538,73.8,73.41,67
3794,13700000,4,Bengaluru,Whitefield,5099,11500000,1375,87.32,65.91,51
3795,10600000,3,Chennai,Velachery,7209,4400000,1660,70.09,83.23,68
3796,15500000,3,Chennai,Velachery,3297,14800000,2565,74.44,66.74,82
3797,9900000,3,Chennai,Velachery,3105,23900000,2746,91.1,91.77,80
3798,9100000,1,Bengaluru,Electronic City,2757,14400000,3456,90.31,74.96,85
3799,9400000,2,Bengaluru,Indiranagar,7411,9200000,1710,70.83,73.15,69
3800,6400000,3,Hyderabad,Kukatpally,6935,10400000,3691,84.04,85.37,88
3801,4000000,1,Chennai,Adyar,1660,24600000,1844,74.15,90.05,71
3802,15000000,4,Pune,Baner,4111,21100000,1317,92.1,60.02,92
3803,6400000,5,Bengaluru,HSR Layout,8405,23900000,2901,75.62,69.44,51
3804,19200000,1,Pune,Wakad,836,9400000,1127,81.26,78.49,71
3805,11100000,1,Hyderabad,Gachibowli,9222,21800000,2432,99.41,75.39,90
3806,16900000,5,Pune,Baner,6724,23500000,2147,91.34,66.41,100
3807,14500000,4,Chennai,Velachery,5458,16600000,3289,97.49,89.95,86
3808,15100000,1,Hyderabad,Madhapur,8794,21600000,3859,97.77,65.02,52
3809,5700000,5,Hyderabad,Kukatpally,6528,23000000,3397,71.22,61.96,75
3810,5600000,1,Pune,Hinjewadi,9323,18500000,2620,89.56,92.05,88
3811,17900000,5,Chennai,Velachery,3341,5100000,1508,70.96,72.56,62
3812,4100000,1,Bengaluru,Whitefield,5076,10700000,3121,89.23,70.32,83
3813,13900000,4,Pune,Kharadi,7885,23900000,1380,81.37,94.45,86
3814,16900000,2,Chennai,Adyar,9865,4800000,3069,92.41,63.0,79
3815,11100000,3,Chennai,OMR,7592,23000000,2407,93.61,74.52,88
3816,16400000,3,Pune,Hinjewadi,2345,6600000,2346,77.37,92.76,71
3817,10900000,4,Hyderabad,Gachibowli,7225,13600000,3901,84.17,89.41,84
3818,14400000,3,Chennai,Anna Nagar,5952,10500000,2140,94.37,61.88,87
3819,10900000,3,Bengaluru,Electronic City,4529,12100000,615,92.5,60.78,97
3820,17500000,5,Bengaluru,Whitefield,792,22200000,852,83.89,75.93,87
3821,4100000,3,Hyderabad,Kukatpally,2606,4100000,2326,84.55,64.19,59
3822,10900000,5,Bengaluru,Whitefield,1343,4200000,2511,80.72,86.29,78
3823,17000000,3,Mumbai,Andheri,5514,4500000,3810,80.89,82.05,92
3824,11200000,4,Pune,Kharadi,6402,16300000,1182,87.23,94.6,90
3825,6600000,2,Bengaluru,Whitefield,3465,20700000,1355,71.88,89.8,68
3826,6400000,5,Chennai,Velachery,1299,17100000,861,76.1,80.1,66
3827,5900000,2,Bengaluru,Electronic City,1304,9500000,3371,95.73,96.58,63
3828,4000000,3,Chennai,OMR,6360,4400000,3609,97.5,81.36,99
3829,13600000,5,Pune,Baner,4596,8800000,3167,80.51,73.15,57
3830,4800000,1,Mumbai,Thane,5293,17200000,2675,84.64,63.58,72
3831,4900000,5,Bengaluru,Whitefield,4096,9500000,3462,72.62,70.65,62
3832,18600000,3,Pune,Wakad,4269,16800000,1851,82.83,94.85,73
3833,14600000,4,Pune,Wakad,7820,14200000,3823,85.88,96.63,80
3834,11500000,5,Mumbai,Thane,4702,6600000,1619,75.9,70.63,95
3835,5900000,5,Chennai,OMR,4995,7100000,3342,98.43,75.7,95
3836,19400000,5,Hyderabad,Gachibowli,8614,16400000,2213,86.68,84.45,91
3837,12300000,1,Chennai,Adyar,2782,12100000,3497,71.27,63.52,85
3838,16600000,1,Chennai,OMR,5135,15500000,662,95.64,74.89,98
3839,14000000,1,Chennai,Adyar,1407,19700000,1625,98.15,88.63,75
3840,3200000,5,Bengaluru,Indiranagar,2989,21200000,2831,92.6,62.4,71
3841,16000000,2,Mumbai,Thane,6638,20000000,2277,83.73,77.16,51
3842,6300000,3,Pune,Kharadi,5152,12000000,1816,70.92,62.76,65
3843,14500000,4,Chennai,Velachery,3516,14400000,2507,74.53,78.19,88
3844,16300000,3,Chennai,Adyar,3151,6600000,3724,90.55,63.98,52
3845,17100000,5,Hyderabad,Kondapur,8626,23200000,792,87.72,75.58,97
3846,16100000,2,Bengaluru,Electronic City,563,19900000,1288,99.38,79.88,55
3847,17400000,2,Pune,Hinjewadi,3092,7000000,1734,74.67,93.93,63
3848,5500000,5,Hyderabad,Madhapur,7354,4500000,2523,91.78,97.74,100
3849,16600000,4,Bengaluru,Indiranagar,8613,18600000,1607,79.71,86.36,96
3850,18700000,4,Hyderabad,Madhapur,6102,19300000,3522,70.46,97.08,61
3851,18600000,5,Bengaluru,Electronic City,4515,4200000,1517,82.14,68.42,74
3852,5900000,1,Mumbai,Powai,2115,7000000,3636,80.36,97.28,58
3853,19100000,4,Bengaluru,Indiranagar,3982,12100000,1365,91.79,85.75,74
3854,9000000,2,Pune,Hinjewadi,2952,7400000,726,98.0,67.75,74
3855,16700000,2,Mumbai,Powai,6330,7600000,970,91.63,76.24,56
3856,14200000,4,Bengaluru,Whitefield,8826,22300000,1537,90.93,87.11,64
3857,10600000,2,Chennai,Anna Nagar,9264,21600000,3283,78.4,95.51,77
3858,9800000,1,Mumbai,Powai,4348,10800000,897,83.52,63.96,73
3859,12500000,2,Mumbai,Bandra,8104,19500000,1874,97.69,68.37,85
3860,7300000,3,Pune,Wakad,7291,16000000,1251,82.35,82.16,98
3861,18700000,2,Chennai,Anna Nagar,7509,13900000,2955,90.97,63.29,99
3862,4100000,3,Bengaluru,HSR Layout,2848,21500000,3206,88.26,73.38,61
3863,17000000,1,Chennai,Adyar,5968,24700000,1251,82.41,88.52,92
3864,3400000,3,Hyderabad,Madhapur,2592,4500000,3422,87.02,71.25,84
3865,7300000,4,Bengaluru,Electronic City,2159,19200000,3818,85.64,94.03,70
3866,11200000,5,Bengaluru,Indiranagar,3468,15100000,1111,71.39,78.74,64
3867,16300000,5,Hyderabad,Madhapur,9402,7900000,2162,90.16,84.11,58
3868,17300000,4,Hyderabad,Kondapur,8435,22800000,689,80.98,94.44,68
3869,7500000,1,Pune,Kharadi,947,8000000,3036,73.17,91.96,98
3870,10500000,2,Hyderabad,Kukatpally,9368,18100000,1909,71.16,77.95,68
3871,6600000,2,Bengaluru,Electronic City,1601,12600000,3430,79.9,89.32,87
3872,13400000,2,Mumbai,Thane,6316,22100000,3252,99.79,71.3,74
3873,4000000,5,Chennai,Velachery,8187,13900000,3393,86.4,80.61,96
3874,11100000,3,Bengaluru,Indiranagar,78,15300000,2553,71.82,72.12,82
3875,10900000,1,Pune,Kharadi,9139,7200000,3080,98.9,95.28,89
3876,5800000,4,Mumbai,Andheri,2293,20100000,2849,80.02,97.41,79
3877,16800000,4,Mumbai,Andheri,661,15400000,1015,79.29,98.27,99
3878,10500000,5,Bengaluru,Electronic City,7275,18500000,2076,99.3,89.03,86
3879,9900000,3,Mumbai,Andheri,5294,10400000,1511,89.02,75.19,71
3880,8800000,1,Mumbai,Powai,9947,8300000,3834,96.97,88.8,89
3881,5900000,5,Hyderabad,Gachibowli,232,21900000,989,96.59,87.52,71
3882,9200000,3,Mumbai,Thane,3455,22100000,1259,76.55,68.06,77
3883,17300000,5,Pune,Baner,9884,24200000,1249,90.16,95.88,67
3884,3600000,2,Chennai,OMR,5480,20400000,2341,74.84,60.13,94
3885,15600000,5,Chennai,Adyar,1531,22100000,1428,97.63,73.8,73
3886,8500000,2,Hyderabad,Kukatpally,2012,9900000,2909,84.96,67.39,64
3887,19500000,3,Chennai,Velachery,708,23200000,1089,80.27,80.92,55
3888,13200000,3,Hyderabad,Madhapur,4197,18600000,3262,81.18,80.81,88
3889,6000000,4,Mumbai,Thane,2997,22900000,1340,76.26,92.72,73
3890,7000000,3,Pune,Hinjewadi,2733,15000000,3136,77.17,79.87,96
3891,19300000,3,Hyderabad,Madhapur,2502,10600000,3072,81.44,93.77,74
3892,10100000,5,Mumbai,Thane,274,6900000,3694,85.66,79.97,98
3893,4800000,5,Pune,Hinjewadi,2950,8400000,653,79.67,66.97,71
3894,19100000,3,Bengaluru,Indiranagar,3919,12800000,3087,77.36,78.68,62
3895,14000000,2,Hyderabad,Kukatpally,2232,18800000,2811,74.09,77.39,62
3896,11400000,4,Pune,Baner,1994,11400000,3245,78.41,96.01,79
3897,18700000,3,Bengaluru,Indiranagar,4982,24500000,3392,87.42,96.5,74
3898,18700000,1,Hyderabad,Kukatpally,5133,15300000,1379,93.56,67.36,92
3899,5500000,3,Pune,Hinjewadi,8029,15400000,2155,94.87,66.56,80
3900,18700000,2,Chennai,Anna Nagar,7225,18400000,3582,73.93,94.96,96
3901,8400000,4,Pune,Wakad,2921,22800000,3605,84.94,72.05,72
3902,19300000,5,Mumbai,Bandra,4870,15000000,2759,74.11,68.24,88
3903,18900000,2,Bengaluru,Electronic City,8190,24400000,1968,98.82,91.69,65
3904,4900000,3,Bengaluru,HSR Layout,6553,8400000,1391,87.17,98.58,53
3905,6700000,5,Chennai,Velachery,1249,9700000,1428,94.81,94.42,85
3906,10900000,4,Chennai,Adyar,7469,6900000,3808,90.93,67.95,95
3907,12400000,2,Mumbai,Powai,6585,18900000,1893,96.04,92.51,77
3908,7500000,1,Chennai,OMR,3382,11900000,728,86.18,73.14,63
3909,19600000,3,Bengaluru,Whitefield,1138,8900000,2812,98.26,97.49,52
3910,13900000,5,Chennai,Anna Nagar,5001,8800000,2734,77.56,65.98,87
3911,4700000,4,Hyderabad,Kukatpally,66,24400000,2554,84.39,67.81,77
3912,18000000,3,Chennai,Anna Nagar,5927,6700000,2470,80.41,95.36,67
3913,13900000,5,Bengaluru,Indiranagar,9410,14600000,2540,89.88,78.32,82
3914,5300000,5,Mumbai,Powai,2543,18500000,2791,96.64,96.53,88
3915,6500000,2,Hyderabad,Madhapur,6929,14600000,2238,93.44,60.01,76
3916,8000000,2,Hyderabad,Gachibowli,6792,19600000,2506,81.74,72.36,69
3917,15500000,5,Mumbai,Thane,3696,22600000,2903,93.57,89.14,60
3918,19800000,1,Chennai,Velachery,5803,4700000,2851,82.07,88.96,68
3919,3200000,4,Pune,Baner,5932,9800000,3118,85.68,99.56,89
3920,8500000,1,Bengaluru,Whitefield,6895,3900000,2035,86.61,79.54,50
3921,14100000,5,Pune,Hinjewadi,926,19700000,1374,93.88,65.33,54
3922,7100000,3,Bengaluru,Whitefield,8492,13500000,1663,88.03,77.05,69
3923,5400000,5,Bengaluru,Whitefield,1643,4200000,3778,73.27,85.92,76
3924,11400000,5,Pune,Kharadi,7087,5000000,604,75.38,99.76,63
3925,11500000,2,Bengaluru,Indiranagar,2650,15800000,1077,82.59,65.06,99
3926,5100000,4,Hyderabad,Madhapur,5654,12500000,1518,91.1,62.79,61
3927,9600000,2,Bengaluru,Indiranagar,2861,12300000,1184,85.98,89.01,64
3928,17700000,4,Chennai,OMR,9707,8500000,3702,86.37,95.07,71
3929,11100000,2,Pune,Wakad,4140,23000000,3863,70.7,86.61,72
3930,3800000,5,Mumbai,Bandra,7087,8800000,2408,70.24,82.27,95
3931,10300000,5,Mumbai,Bandra,5021,22000000,2731,76.65,78.02,82
3932,17700000,5,Hyderabad,Kondapur,5525,10300000,2913,97.03,75.96,59
3933,19100000,2,Hyderabad,Gachibowli,6908,19600000,2644,74.42,82.07,84
3934,4400000,4,Pune,Hinjewadi,9244,10900000,3532,72.91,95.46,59
3935,15300000,3,Bengaluru,Indiranagar,9348,8900000,1627,98.4,63.69,86
3936,3600000,1,Pune,Hinjewadi,2038,19700000,1373,74.4,82.43,84
3937,3800000,1,Pune,Baner,4969,12900000,1913,71.95,92.62,92
3938,12000000,1,Mumbai,Powai,3787,18500000,3354,88.24,89.07,75
3939,17000000,3,Hyderabad,Kukatpally,2646,3500000,982,94.45,69.3,100
3940,12300000,4,Mumbai,Bandra,3775,15400000,3332,75.23,99.14,79
3941,11300000,4,Hyderabad,Kondapur,2311,6200000,3819,78.39,97.87,64
3942,19200000,3,Mumbai,Bandra,3621,13200000,2117,73.91,90.54,68
3943,19400000,4,Chennai,Anna Nagar,8957,5500000,3744,70.32,80.27,65
3944,7500000,4,Bengaluru,Whitefield,9879,13600000,1269,70.6,90.02,78
3945,7300000,5,Hyderabad,Kondapur,6000,14000000,2489,86.74,86.65,56
3946,4600000,1,Chennai,OMR,925,8200000,1338,80.25,95.86,96
3947,5800000,1,Bengaluru,Whitefield,6335,10500000,807,79.16,67.02,73
3948,11000000,5,Pune,Baner,8549,24600000,1633,92.8,76.89,83
3949,15400000,5,Pune,Hinjewadi,420,22500000,850,75.99,90.25,65
3950,9900000,3,Hyderabad,Madhapur,6819,12700000,2635,96.86,62.38,51
3951,19000000,1,Pune,Baner,9823,16900000,1067,89.89,86.6,91
3952,12500000,2,Mumbai,Bandra,1156,13800000,2203,89.89,75.36,64
3953,5500000,2,Bengaluru,HSR Layout,6641,22500000,3315,73.75,78.91,54
3954,12600000,3,Mumbai,Andheri,2284,7700000,1490,83.18,73.6,50
3955,8200000,3,Mumbai,Thane,1760,16100000,1544,79.34,97.25,53
3956,18600000,5,Chennai,OMR,8500,7000000,3351,97.01,79.21,65
3957,10400000,5,Pune,Hinjewadi,2729,5200000,2974,85.39,91.45,98
3958,12200000,5,Hyderabad,Madhapur,1466,19100000,2540,97.21,89.63,58
3959,4100000,4,Chennai,Anna Nagar,8873,4600000,3633,79.58,92.92,93
3960,16200000,1,Pune,Hinjewadi,5667,24500000,1496,83.01,84.58,64
3961,13300000,5,Chennai,Velachery,399,13400000,2280,77.3,65.95,57
3962,19400000,2,Mumbai,Powai,3372,24800000,1554,82.8,97.07,57
3963,14600000,1,Mumbai,Thane,672,6800000,3907,82.62,73.93,82
3964,19500000,4,Mumbai,Bandra,6001,5900000,818,84.83,77.4,57
3965,4100000,1,Hyderabad,Madhapur,3982,15500000,622,96.0,99.25,69
3966,12600000,2,Pune,Wakad,3945,10600000,3344,75.71,74.03,52
3967,19600000,2,Mumbai,Powai,1286,12500000,1442,76.79,94.25,89
3968,12700000,3,Mumbai,Thane,1452,11800000,1536,70.28,73.13,82
3969,3400000,4,Hyderabad,Gachibowli,7873,24000000,3628,87.52,75.55,64
3970,18600000,4,Hyderabad,Gachibowli,8361,12200000,758,78.41,98.79,85
3971,17800000,5,Pune,Kharadi,9781,4800000,993,86.32,80.35,57
3972,6300000,3,Hyderabad,Gachibowli,573,13300000,3990,85.02,82.37,67
3973,6100000,2,Bengaluru,Electronic City,6925,10900000,1216,85.66,63.65,83
3974,16400000,5,Bengaluru,HSR Layout,1607,12200000,1921,72.61,73.5,59
3975,3300000,1,Pune,Wakad,7631,23500000,601,87.85,62.69,95
3976,15700000,2,Bengaluru,Indiranagar,9819,8500000,3774,71.61,96.35,72
3977,11900000,5,Hyderabad,Kondapur,7538,13900000,3229,85.34,69.07,59
3978,6200000,2,Hyderabad,Kukatpally,5143,24600000,1128,95.97,70.6,89
3979,13400000,4,Mumbai,Powai,3223,14800000,2345,71.2,77.6,75
3980,18600000,2,Bengaluru,Indiranagar,807,10900000,3052,72.24,67.48,88
3981,8400000,2,Chennai,OMR,8618,16400000,2171,87.42,97.11,68
3982,16200000,4,Bengaluru,Whitefield,9745,6300000,1261,70.07,62.09,91
3983,3100000,2,Chennai,Velachery,3432,23800000,1494,82.79,98.28,61
3984,6200000,3,Bengaluru,Electronic City,3789,16200000,1813,97.14,82.61,93
3985,4900000,4,Chennai,Adyar,6465,4600000,3000,90.13,65.34,96
3986,3600000,2,Mumbai,Powai,1942,24800000,3670,90.61,72.95,77
3987,9100000,1,Hyderabad,Gachibowli,5559,11800000,2856,90.71,68.05,67
3988,14400000,1,Pune,Hinjewadi,2161,19500000,698,74.38,98.26,90
3989,17100000,5,Chennai,Velachery,7878,17500000,1572,93.94,90.74,59
3990,13500000,4,Pune,Baner,3835,17800000,3625,97.16,87.06,68
3991,9000000,5,Chennai,Adyar,8025,4900000,3083,81.66,67.14,51
3992,5200000,2,Mumbai,Powai,6127,25000000,3530,90.22,63.01,88
3993,17200000,5,Pune,Kharadi,9139,18200000,852,76.94,63.42,65
3994,4800000,1,Mumbai,Bandra,3762,13600000,2550,97.45,78.48,94
3995,14400000,3,Mumbai,Powai,6034,8600000,2439,87.44,80.43,91
3996,9200000,4,Bengaluru,Indiranagar,7663,19000000,1324,96.5,68.17,90
3997,12500000,4,Pune,Kharadi,8813,12100000,1112,85.08,94.9,51
3998,4700000,1,Bengaluru,Indiranagar,3960,24400000,1742,93.79,72.6,63
3999,17800000,3,Pune,Baner,2513,18100000,2482,85.69,70.54,50
4000,15600000,4,Mumbai,Bandra,6393,11200000,2356,88.38,64.24,53
4001,3900000,3,Bengaluru,HSR Layout,5457,11400000,1364,88.47,89.37,68
4002,5700000,3,Bengaluru,Whitefield,1526,23300000,1879,94.08,80.18,55
4003,15000000,2,Mumbai,Bandra,1512,14800000,3191,74.27,92.93,54
4004,16400000,5,Hyderabad,Kukatpally,8291,17900000,3087,89.89,90.63,91
4005,15200000,4,Mumbai,Bandra,7880,6700000,1479,97.33,62.53,69
4006,15500000,4,Pune,Kharadi,9292,11500000,1176,74.58,74.87,74
4007,19300000,5,Mumbai,Powai,7501,14000000,2263,82.16,88.35,82
4008,3600000,1,Pune,Kharadi,4586,16800000,2275,87.07,88.08,82
4009,17400000,2,Chennai,Velachery,2994,21200000,2172,98.6,76.56,100
4010,18200000,4,Bengaluru,Whitefield,9284,10500000,1212,99.79,91.12,52
4011,9600000,1,Hyderabad,Gachibowli,2143,11900000,2744,75.02,77.64,54
4012,9100000,5,Chennai,OMR,3996,11400000,2977,89.68,69.46,50
4013,13900000,1,Chennai,OMR,2790,18000000,1090,85.57,85.06,72
4014,12900000,1,Pune,Wakad,5875,13100000,3038,94.71,80.58,92
4015,10500000,2,Pune,Baner,2845,8400000,3465,88.2,70.66,58
4016,5500000,3,Bengaluru,Indiranagar,7040,9600000,3348,91.75,91.66,60
4017,10300000,4,Hyderabad,Kondapur,5825,8700000,1530,99.35,96.0,88
4018,8100000,1,Pune,Kharadi,1273,18300000,3665,81.36,81.17,64
4019,3500000,5,Hyderabad,Kukatpally,7524,23300000,3012,95.74,81.77,50
4020,18000000,3,Hyderabad,Gachibowli,6234,9100000,2110,76.49,65.78,58
4021,17900000,5,Hyderabad,Kondapur,5444,21000000,918,95.74,86.88,68
4022,4500000,1,Chennai,Velachery,7144,5700000,969,71.42,84.23,83
4023,12400000,4,Mumbai,Powai,3165,7500000,3807,88.26,73.01,75
4024,6700000,1,Bengaluru,Whitefield,8761,24200000,1991,96.86,82.06,92
4025,6900000,1,Bengaluru,Whitefield,55,13400000,1556,80.18,72.17,77
4026,13200000,5,Chennai,Anna Nagar,4262,8900000,3871,95.98,80.42,84
4027,11300000,1,Chennai,Adyar,5791,12300000,2052,92.62,73.63,61
4028,16600000,5,Mumbai,Thane,1784,9300000,2880,70.78,61.89,90
4029,14300000,4,Pune,Kharadi,4006,16700000,3672,79.98,90.57,88
4030,17400000,4,Hyderabad,Kondapur,2245,18200000,2985,84.75,74.91,81
4031,19600000,2,Mumbai,Andheri,515,5200000,1329,86.83,94.47,72
4032,15300000,3,Bengaluru,HSR Layout,8078,6100000,2955,91.82,85.48,59
4033,17800000,2,Bengaluru,Electronic City,305,6500000,3535,91.9,97.72,81
4034,12200000,2,Pune,Kharadi,8953,4500000,3267,70.11,96.91,70
4035,19800000,4,Chennai,Anna Nagar,733,19700000,3493,72.69,63.54,77
4036,20000000,4,Mumbai,Thane,6436,10400000,2433,90.34,68.4,96
4037,12300000,5,Mumbai,Thane,2819,17800000,702,81.31,81.3,96
4038,6200000,1,Chennai,Velachery,4467,5400000,1165,97.86,88.04,50
4039,8900000,5,Bengaluru,HSR Layout,9881,7800000,2106,70.21,62.96,92
4040,10000000,4,Mumbai,Thane,5653,19400000,1898,86.58,87.89,58
4041,16300000,2,Chennai,Velachery,3073,19800000,2904,78.7,95.06,66
4042,19100000,5,Pune,Hinjewadi,9585,7700000,2936,71.94,64.44,99
4043,7000000,2,Pune,Hinjewadi,6093,10100000,1935,97.26,99.97,59
4044,15900000,4,Chennai,Anna Nagar,4333,4000000,2615,90.96,78.33,95
4045,8400000,4,Bengaluru,HSR Layout,3301,6800000,2801,88.49,73.48,61
4046,10800000,4,Hyderabad,Madhapur,5924,17900000,3733,97.28,98.7,57
4047,11900000,4,Pune,Baner,113,18200000,2055,89.57,81.1,54
4048,18900000,5,Mumbai,Bandra,5128,10000000,1235,91.48,73.18,92
4049,11000000,1,Chennai,Velachery,3917,7300000,2729,87.78,97.81,83
4050,15400000,5,Bengaluru,Indiranagar,3237,22200000,3184,78.85,83.03,55
4051,5100000,2,Hyderabad,Kukatpally,6843,9300000,3551,74.04,71.8,82
4052,10100000,4,Bengaluru,Electronic City,6791,13100000,1153,70.55,91.91,70
4053,12400000,1,Pune,Wakad,6249,3800000,3880,71.21,95.02,75
4054,11900000,3,Chennai,Velachery,5719,22200000,732,70.84,62.97,74
4055,8700000,4,Chennai,OMR,987,17600000,1798,73.35,83.14,80
4056,7300000,2,Hyderabad,Kondapur,7342,24600000,1629,71.49,84.04,54
4057,16700000,4,Chennai,Anna Nagar,8187,20000000,2614,94.51,63.11,70
4058,10300000,2,Bengaluru,HSR Layout,5735,13000000,2959,87.69,79.22,92
4059,6000000,5,Pune,Hinjewadi,3051,15600000,3835,79.22,82.86,53
4060,7200000,1,Hyderabad,Gachibowli,2385,13900000,2213,98.42,84.52,89
4061,5500000,4,Hyderabad,Kondapur,522,18400000,3791,80.07,87.1,65
4062,20000000,4,Hyderabad,Kukatpally,8675,19700000,3477,83.03,98.29,67
4063,12700000,1,Bengaluru,HSR Layout,3404,15300000,1374,90.77,86.2,73
4064,17300000,2,Pune,Kharadi,8329,15000000,2071,90.08,85.26,51
4065,8800000,4,Hyderabad,Kondapur,1472,21400000,2228,94.89,80.59,54
4066,7600000,1,Mumbai,Andheri,8992,20700000,1696,83.14,95.14,57
4067,3500000,2,Hyderabad,Kukatpally,8044,16400000,953,82.94,70.25,68
4068,13500000,3,Pune,Baner,9166,22600000,3715,90.4,79.53,77
4069,7400000,5,Chennai,Adyar,7693,13400000,2331,88.98,83.34,61
4070,7400000,4,Hyderabad,Kukatpally,9599,12600000,799,71.73,85.1,67
4071,12900000,4,Chennai,Anna Nagar,4413,15500000,925,83.93,73.97,57
4072,14700000,2,Mumbai,Thane,8415,18300000,1761,97.88,69.56,83
4073,13600000,5,Bengaluru,Electronic City,3255,17500000,2103,83.99,97.42,75
4074,5300000,4,Mumbai,Thane,2493,21400000,894,73.47,84.83,89
4075,16400000,4,Mumbai,Thane,1862,9900000,2872,80.29,96.64,82
4076,12700000,1,Mumbai,Bandra,3906,6300000,1782,71.23,99.66,55
4077,13800000,4,Chennai,Anna Nagar,2230,12300000,1511,75.38,85.58,81
4078,12400000,1,Mumbai,Thane,8191,24900000,723,78.41,78.25,50
4079,10200000,5,Bengaluru,Whitefield,4698,17000000,659,89.12,87.57,51
4080,3800000,5,Pune,Baner,7343,7000000,2887,78.57,87.98,92
4081,12800000,3,Hyderabad,Kukatpally,2772,19900000,1976,97.3,75.14,97
4082,17700000,2,Chennai,Anna Nagar,9280,19900000,2351,85.85,62.71,65
4083,18400000,1,Bengaluru,Indiranagar,1018,15600000,720,81.88,63.64,85
4084,7900000,5,Pune,Wakad,6627,12300000,2079,84.88,98.43,52
4085,19400000,5,Mumbai,Andheri,7090,21400000,3282,87.55,84.11,93
4086,5700000,4,Bengaluru,HSR Layout,4424,20100000,2600,94.36,80.71,86
4087,4600000,2,Hyderabad,Gachibowli,9217,10700000,3601,81.0,86.94,93
4088,14200000,1,Hyderabad,Gachibowli,9035,4700000,3865,96.69,77.84,87
4089,15700000,3,Mumbai,Andheri,8584,21200000,1276,83.66,89.73,50
4090,14500000,5,Bengaluru,Electronic City,1010,16200000,2959,74.56,97.01,96
4091,10000000,2,Mumbai,Andheri,3304,18300000,602,71.29,98.69,98
4092,5300000,3,Bengaluru,Electronic City,6098,20100000,2591,81.2,64.35,60
4093,8900000,2,Hyderabad,Madhapur,167,12300000,3378,74.7,96.73,90
4094,18000000,1,Chennai,Anna Nagar,9368,7100000,3286,94.18,60.4,63
4095,3300000,2,Bengaluru,Electronic City,9545,24700000,817,99.66,78.98,84
4096,5600000,4,Pune,Wakad,9979,4000000,3288,81.06,69.69,59
4097,13200000,3,Bengaluru,Whitefield,6412,15100000,2332,89.22,90.79,66
4098,19800000,1,Chennai,OMR,9141,24800000,2251,85.17,93.37,100
4099,10800000,2,Bengaluru,HSR Layout,4338,13500000,3022,96.92,95.12,58
4100,18700000,4,Hyderabad,Madhapur,6657,16100000,1268,88.64,68.87,82
4101,17300000,4,Bengaluru,Whitefield,4276,16200000,1724,92.3,86.0,60
4102,7000000,2,Bengaluru,Electronic City,4690,5600000,2425,80.13,65.9,96
4103,18800000,4,Chennai,Velachery,4445,17300000,3434,79.41,77.52,63
4104,3000000,1,Chennai,Adyar,1138,10100000,2809,71.68,63.93,54
4105,12900000,3,Chennai,Anna Nagar,4271,19300000,2857,93.72,64.18,81
4106,7100000,3,Chennai,Adyar,1949,18400000,3675,90.39,98.25,54
4107,8000000,5,Pune,Wakad,6018,19800000,1492,99.04,96.44,64
4108,15600000,3,Chennai,Velachery,1810,24800000,1147,71.55,89.12,83
4109,11000000,3,Hyderabad,Kondapur,1702,12500000,3769,88.89,74.42,64
4110,19700000,3,Pune,Baner,7167,11300000,3678,95.33,75.18,82
4111,10500000,2,Pune,Wakad,3950,5800000,1750,98.13,98.22,98
4112,10400000,4,Bengaluru,Whitefield,3896,24500000,2065,77.5,62.85,80
4113,9200000,4,Mumbai,Andheri,1030,13000000,3669,75.54,63.78,90
4114,19600000,4,Pune,Wakad,6762,16400000,1682,72.5,76.63,97
4115,17600000,5,Hyderabad,Kondapur,4594,13300000,1033,95.82,98.01,75
4116,12900000,1,Bengaluru,Electronic City,1113,18100000,869,95.08,92.18,76
4117,11300000,1,Chennai,Adyar,1578,14500000,1938,92.14,78.57,66
4118,5300000,4,Chennai,Anna Nagar,7734,22800000,2829,76.7,83.36,68
4119,6800000,1,Mumbai,Andheri,7930,4500000,3716,98.39,66.14,55
4120,10400000,1,Chennai,Velachery,9900,11300000,810,93.5,65.7,60
4121,10300000,3,Mumbai,Bandra,5503,12200000,2073,96.56,93.7,87
4122,7500000,4,Pune,Baner,2408,5000000,1878,97.76,69.76,58
4123,11700000,2,Mumbai,Andheri,4470,11400000,3935,78.55,94.56,96
4124,14100000,2,Pune,Baner,4958,8200000,662,91.18,64.6,97
4125,9500000,4,Mumbai,Bandra,1217,6800000,647,81.55,89.54,57
4126,8300000,5,Chennai,Adyar,9753,17800000,3249,91.87,65.72,95
4127,14500000,2,Bengaluru,Indiranagar,8898,11100000,1502,88.25,78.41,77
4128,6500000,4,Chennai,OMR,59,8000000,2276,77.04,74.4,57
4129,4200000,1,Mumbai,Andheri,199,17800000,1797,72.93,78.64,94
4130,16800000,3,Bengaluru,Indiranagar,6887,6500000,878,83.91,79.76,80
4131,5300000,1,Mumbai,Bandra,4530,24000000,1718,86.24,96.68,100
4132,14000000,3,Pune,Hinjewadi,2247,4000000,1537,82.74,75.85,78
4133,3400000,1,Bengaluru,Whitefield,9893,17400000,1362,94.16,68.97,91
4134,17700000,5,Pune,Kharadi,1989,18600000,2404,96.11,63.42,81
4135,10200000,4,Mumbai,Andheri,5047,4300000,2241,88.83,78.99,63
4136,18300000,1,Pune,Hinjewadi,757,6500000,1185,79.35,71.47,92
4137,8600000,5,Bengaluru,Indiranagar,7225,12500000,2789,96.09,67.06,91
4138,5600000,1,Mumbai,Powai,1957,10900000,1999,78.32,60.24,79
4139,11900000,1,Chennai,OMR,1248,20200000,3932,84.21,66.11,57
4140,11500000,1,Pune,Wakad,8026,23900000,1652,79.74,89.55,67
4141,16000000,5,Bengaluru,HSR Layout,5054,22800000,2506,78.84,71.18,87
4142,17200000,2,Hyderabad,Gachibowli,6636,18400000,2767,72.28,90.49,58
4143,4400000,3,Hyderabad,Kondapur,6217,5500000,1231,96.84,83.56,97
4144,4600000,1,Bengaluru,HSR Layout,4461,19400000,3654,94.25,76.72,68
4145,11200000,5,Bengaluru,Whitefield,5924,21700000,3290,73.26,75.55,93
4146,8600000,4,Chennai,OMR,3427,4400000,3751,97.29,75.88,83
4147,3100000,1,Bengaluru,Indiranagar,595,13500000,1168,74.24,74.95,58
4148,12700000,5,Pune,Baner,4686,17700000,2923,86.46,85.76,51
4149,15000000,2,Pune,Baner,9953,22200000,1523,74.71,96.94,74
4150,8600000,5,Chennai,Anna Nagar,4055,10300000,1695,98.47,81.63,55
4151,11700000,5,Hyderabad,Kondapur,7761,15700000,1990,95.88,62.71,51
4152,9300000,4,Mumbai,Thane,429,8800000,1957,72.96,76.39,56
4153,8500000,3,Chennai,Adyar,7083,10700000,2348,92.15,89.7,87
4154,8300000,1,Pune,Wakad,16,15000000,3471,77.4,70.95,77
4155,14500000,4,Hyderabad,Gachibowli,3547,7800000,3191,97.94,69.9,68
4156,11100000,5,Mumbai,Powai,6977,16700000,2942,86.57,92.26,83
4157,13400000,2,Pune,Kharadi,4494,9000000,2102,73.49,72.67,79
4158,14200000,1,Hyderabad,Kukatpally,6113,13000000,3614,91.94,86.88,89
4159,8900000,3,Mumbai,Andheri,139,19300000,2106,71.95,71.72,67
4160,11100000,4,Pune,Hinjewadi,4622,22600000,964,75.3,86.8,83
4161,8000000,1,Hyderabad,Kondapur,2002,20500000,1236,88.92,64.44,87
4162,16300000,1,Hyderabad,Kukatpally,3038,22600000,791,77.31,94.61,60
4163,13200000,5,Pune,Kharadi,3934,10100000,1182,80.76,81.55,96
4164,3900000,2,Mumbai,Thane,1896,15900000,821,85.26,73.47,87
4165,13800000,4,Bengaluru,Whitefield,7430,15500000,659,70.42,64.7,58
4166,15600000,2,Pune,Wakad,7723,23600000,1247,72.48,70.31,82
4167,11500000,1,Chennai,Anna Nagar,827,19200000,1365,79.43,83.41,79
4168,13300000,3,Chennai,OMR,2444,11200000,2551,98.89,92.3,76
4169,8200000,3,Mumbai,Powai,5332,11600000,3953,92.63,77.46,94
4170,12400000,3,Mumbai,Thane,7773,13700000,3016,84.94,85.41,90
4171,3500000,3,Pune,Hinjewadi,7316,12200000,3283,77.67,73.73,78
4172,3100000,2,Pune,Baner,6031,7400000,3082,76.34,74.89,82
4173,19000000,1,Pune,Baner,7007,20000000,2567,85.96,96.38,98
4174,10700000,2,Chennai,OMR,6685,10400000,1111,90.57,83.33,65
4175,5400000,4,Mumbai,Bandra,226,9500000,3631,81.33,88.5,53
4176,11200000,3,Bengaluru,Indiranagar,9488,14300000,1194,71.85,79.92,55
4177,8600000,5,Bengaluru,Electronic City,6035,16400000,2105,99.44,96.62,54
4178,16600000,1,Pune,Kharadi,9468,7800000,2600,79.06,73.04,78
4179,8100000,3,Mumbai,Andheri,7031,5200000,2736,87.59,85.61,98
4180,3400000,3,Mumbai,Andheri,1419,4700000,2238,79.42,87.3,80
4181,10200000,3,Chennai,Velachery,6788,5300000,1477,91.07,67.41,67
4182,13500000,4,Mumbai,Thane,9404,12900000,1144,92.66,74.59,91
4183,7600000,4,Hyderabad,Kondapur,9267,16700000,1605,71.49,94.12,96
4184,11200000,5,Chennai,Anna Nagar,4781,20000000,3135,76.83,78.97,68
4185,8200000,4,Chennai,Velachery,184,20700000,727,72.19,86.62,62
4186,4100000,3,Pune,Hinjewadi,9966,4300000,3742,83.42,67.93,83
4187,15400000,4,Mumbai,Andheri,4765,17600000,3702,93.79,98.07,72
4188,7500000,1,Pune,Hinjewadi,2267,19100000,3198,75.74,77.41,100
4189,16800000,3,Mumbai,Powai,5080,4000000,3070,93.99,97.47,60
4190,11000000,2,Chennai,Velachery,8409,16000000,3742,99.8,84.7,70
4191,19600000,4,Bengaluru,HSR Layout,4428,14500000,976,76.31,88.93,62
4192,7400000,1,Hyderabad,Madhapur,8704,9100000,1965,71.97,83.45,68
4193,17800000,4,Chennai,OMR,5254,14800000,2792,97.51,99.76,99
4194,4500000,5,Pune,Hinjewadi,32,5400000,1487,86.17,68.52,98
4195,9800000,3,Chennai,Velachery,1557,16100000,1404,82.14,74.55,59
4196,13300000,4,Bengaluru,Electronic City,3054,7900000,2954,72.23,71.05,92
4197,6400000,4,Mumbai,Bandra,9429,16800000,1597,80.01,71.53,64
4198,6000000,1,Pune,Hinjewadi,9842,19000000,666,73.02,77.09,71
4199,13900000,3,Mumbai,Bandra,8240,16700000,1101,87.76,96.77,91
4200,7000000,2,Hyderabad,Kukatpally,585,6400000,1501,94.36,82.47,81
4201,14600000,3,Bengaluru,Electronic City,1358,20600000,1086,89.16,68.08,60
4202,6500000,1,Mumbai,Andheri,1763,14100000,3489,83.81,67.15,67
4203,19200000,1,Bengaluru,Whitefield,9667,4900000,2148,79.46,80.75,54
4204,8900000,3,Pune,Wakad,6575,4000000,3836,80.85,98.11,59
4205,5500000,4,Hyderabad,Gachibowli,5499,18600000,3976,95.22,85.39,70
4206,8400000,2,Mumbai,Powai,4823,14300000,674,86.24,76.5,64
4207,19200000,5,Bengaluru,Whitefield,5093,17400000,1332,96.11,72.59,84
4208,16900000,5,Chennai,OMR,5791,10800000,3765,88.04,97.91,73
4209,16100000,1,Pune,Kharadi,5569,22600000,2732,86.42,81.81,67
4210,3700000,1,Bengaluru,HSR Layout,1616,3800000,3896,83.53,73.24,63
4211,17400000,2,Hyderabad,Madhapur,8494,24400000,1056,93.82,94.89,69
4212,20000000,3,Mumbai,Andheri,2450,19200000,2824,94.7,65.71,77
4213,14500000,3,Hyderabad,Kukatpally,6503,13300000,1848,81.68,99.6,95
4214,20000000,2,Bengaluru,Electronic City,3045,19900000,3025,81.63,98.01,87
4215,17200000,1,Pune,Kharadi,9627,10000000,1365,87.23,61.42,82
4216,19300000,1,Bengaluru,Indiranagar,1316,21100000,1529,97.26,63.08,76
4217,5800000,3,Pune,Kharadi,6152,7700000,2465,81.82,69.48,52
4218,4100000,5,Mumbai,Powai,5101,14100000,1280,71.49,97.28,60
4219,10200000,1,Hyderabad,Gachibowli,5386,9200000,3936,97.97,88.35,55
4220,7800000,5,Bengaluru,HSR Layout,3597,8700000,2561,95.7,98.64,97
4221,13100000,5,Chennai,Anna Nagar,6736,24900000,3851,74.6,95.67,80
4222,7400000,1,Mumbai,Bandra,7734,14400000,3714,80.8,67.67,61
4223,8200000,4,Pune,Baner,177,3700000,1448,87.23,77.57,60
4224,8600000,2,Mumbai,Andheri,5348,5900000,2464,80.71,82.72,84
4225,19000000,1,Mumbai,Andheri,6802,15200000,1933,93.22,93.71,100
4226,10500000,1,Mumbai,Powai,7017,20700000,2830,88.19,62.04,77
4227,16400000,3,Chennai,Anna Nagar,2752,12800000,1568,89.0,73.24,59
4228,9500000,3,Chennai,Adyar,3947,9500000,3548,85.83,77.2,89
4229,6400000,2,Bengaluru,Indiranagar,7609,11800000,1112,73.58,67.91,67
4230,16900000,3,Pune,Kharadi,266,10200000,1345,70.44,69.39,83
4231,18800000,1,Chennai,OMR,1064,23700000,925,84.54,85.88,58
4232,16700000,4,Mumbai,Bandra,5370,9500000,2187,83.52,65.35,64
4233,12100000,1,Bengaluru,Indiranagar,279,24900000,855,98.8,92.74,96
4234,14200000,1,Chennai,Anna Nagar,4810,4700000,3269,80.15,79.8,94
4235,13900000,2,Bengaluru,Electronic City,626,15800000,717,81.74,75.67,100
4236,15000000,1,Mumbai,Andheri,7156,9800000,2527,79.95,84.81,70
4237,4600000,5,Hyderabad,Kondapur,3404,16200000,3255,97.98,60.04,81
4238,15500000,2,Bengaluru,Whitefield,2122,19000000,3186,90.47,77.07,62
4239,10000000,1,Chennai,OMR,7718,6800000,2411,91.55,92.33,97
4240,16400000,4,Mumbai,Powai,8247,21400000,651,96.0,63.67,54
4241,5200000,1,Chennai,Adyar,7466,13600000,2821,88.76,82.46,81
4242,15700000,2,Pune,Hinjewadi,7369,23100000,1593,94.74,61.15,51
4243,11600000,3,Mumbai,Andheri,1499,10700000,1806,72.14,66.22,77
4244,12200000,5,Bengaluru,Electronic City,3679,4700000,1208,73.52,65.38,95
4245,15600000,2,Hyderabad,Gachibowli,8176,24900000,3502,88.58,71.35,92
4246,11900000,1,Mumbai,Bandra,4546,8100000,3450,88.91,71.14,98
4247,16200000,2,Bengaluru,Whitefield,3096,14700000,2367,84.45,92.33,70
4248,14800000,2,Hyderabad,Kondapur,3010,3900000,1461,70.89,91.73,64
4249,6200000,2,Chennai,Anna Nagar,4137,10100000,2401,97.21,90.74,78
4250,12500000,1,Chennai,Adyar,8715,24100000,3527,78.04,71.81,92
4251,6800000,3,Hyderabad,Madhapur,5067,6800000,3096,99.03,97.18,75
4252,8300000,4,Chennai,OMR,7417,4300000,1174,81.72,65.04,85
4253,20000000,3,Bengaluru,Indiranagar,3161,18500000,729,73.31,93.89,83
4254,17900000,5,Mumbai,Andheri,6353,8100000,1959,70.93,91.56,79
4255,3100000,5,Hyderabad,Madhapur,3188,7500000,3977,92.18,74.34,91
4256,3400000,1,Chennai,Anna Nagar,8557,12600000,3603,85.48,85.3,87
4257,19200000,3,Chennai,Adyar,5896,22900000,822,94.1,76.12,68
4258,7500000,5,Bengaluru,Electronic City,3436,18200000,827,77.03,66.88,74
4259,19200000,5,Mumbai,Thane,128,24500000,2964,95.84,66.77,82
4260,15100000,4,Chennai,Anna Nagar,783,3500000,1058,75.93,79.89,60
4261,16300000,1,Bengaluru,Electronic City,1558,14800000,2902,89.54,65.64,82
4262,17500000,2,Hyderabad,Kondapur,1757,16800000,1906,96.26,72.48,77
4263,17200000,5,Chennai,OMR,3765,3700000,604,98.03,71.71,100
4264,19700000,3,Bengaluru,Electronic City,4450,5700000,3080,95.4,79.65,90
4265,12300000,1,Chennai,OMR,8589,19300000,3713,79.38,94.93,90
4266,5800000,2,Chennai,Anna Nagar,8514,7500000,2184,99.02,71.35,97
4267,17500000,4,Mumbai,Bandra,2322,22600000,1599,95.96,80.5,94
4268,9500000,5,Mumbai,Andheri,1358,19200000,1828,92.51,74.28,94
4269,11700000,1,Pune,Baner,5612,15600000,3426,88.98,81.66,88
4270,6300000,5,Pune,Kharadi,4436,20900000,3383,71.79,97.51,57
4271,19000000,2,Bengaluru,HSR Layout,5152,4200000,1285,74.42,61.02,63
4272,10000000,4,Bengaluru,Whitefield,5117,20700000,2175,76.0,79.87,91
4273,5100000,1,Mumbai,Andheri,2777,12500000,1980,88.77,87.33,70
4274,4100000,4,Mumbai,Thane,9777,16800000,1188,71.51,66.4,84
4275,10900000,3,Chennai,OMR,1737,7000000,2813,81.93,70.45,97
4276,10200000,5,Chennai,OMR,9846,25000000,1142,96.79,94.6,69
4277,17000000,2,Mumbai,Powai,2182,24200000,2424,98.79,95.81,88
4278,4800000,4,Mumbai,Thane,9343,10500000,3772,79.89,73.36,85
4279,15100000,4,Pune,Kharadi,3207,9600000,2965,73.53,74.01,58
4280,3700000,4,Mumbai,Powai,1985,22300000,3231,86.27,68.92,76
4281,11100000,2,Bengaluru,HSR Layout,8460,15500000,774,90.65,63.79,55
4282,13600000,1,Pune,Kharadi,2124,21300000,3027,96.93,95.47,98
4283,15800000,4,Bengaluru,Electronic City,8753,17000000,3864,73.75,99.57,70
4284,17200000,3,Hyderabad,Kukatpally,7326,6300000,3885,81.57,78.42,54
4285,5800000,4,Hyderabad,Gachibowli,3360,21300000,1889,73.58,93.43,76
4286,16900000,1,Hyderabad,Kondapur,5379,23200000,2220,92.16,80.66,87
4287,18900000,5,Hyderabad,Kondapur,3895,3800000,3533,79.22,90.13,55
4288,11900000,2,Bengaluru,Electronic City,8100,13900000,958,98.0,88.45,72
4289,5200000,4,Chennai,Anna Nagar,8149,13500000,3978,71.24,83.29,93
4290,11200000,3,Chennai,OMR,6322,11000000,3561,86.51,67.84,61
4291,18800000,1,Pune,Wakad,7076,10800000,2912,93.34,91.34,92
4292,6400000,1,Pune,Baner,2263,6900000,620,97.36,62.86,88
4293,14200000,3,Hyderabad,Gachibowli,4784,10400000,779,76.42,98.47,79
4294,12500000,2,Chennai,Anna Nagar,7652,22500000,3550,82.45,77.99,81
4295,5800000,1,Bengaluru,HSR Layout,9095,5200000,3982,83.23,86.91,84
4296,13300000,5,Mumbai,Powai,8758,20800000,765,91.54,63.57,69
4297,15600000,2,Bengaluru,Whitefield,4473,5900000,1656,88.85,77.04,96
4298,12900000,3,Mumbai,Bandra,8754,14000000,1992,82.76,93.24,63
4299,15100000,4,Chennai,Anna Nagar,9611,19000000,1625,88.07,80.33,66
4300,11000000,2,Mumbai,Thane,2326,17000000,3645,85.87,67.32,81
4301,9000000,1,Pune,Kharadi,272,4400000,2336,98.04,81.13,92
4302,3400000,3,Chennai,Velachery,9876,25000000,3292,72.47,89.86,68
4303,7500000,4,Bengaluru,Electronic City,2286,18200000,3379,73.14,96.0,71
4304,11500000,5,Pune,Hinjewadi,336,16000000,3545,90.44,79.04,86
4305,9000000,1,Pune,Kharadi,6755,20000000,3863,96.48,62.29,65
4306,10100000,3,Hyderabad,Kondapur,4201,18000000,3545,85.06,93.36,72
4307,14900000,2,Pune,Hinjewadi,2212,5800000,2531,81.16,87.75,75
4308,8000000,1,Mumbai,Thane,414,17000000,1557,78.87,79.76,63
4309,14300000,2,Mumbai,Powai,3475,17000000,3091,90.17,90.88,88
4310,17500000,1,Hyderabad,Kukatpally,763,9800000,3195,95.67,60.5,97
4311,5700000,2,Hyderabad,Kukatpally,7834,18000000,1955,94.42,65.94,58
4312,20000000,2,Chennai,Velachery,8164,16500000,2715,93.69,93.96,59
4313,9500000,5,Mumbai,Andheri,6592,21500000,2366,75.49,92.49,92
4314,8100000,1,Pune,Wakad,674,14100000,3172,92.55,84.86,86
4315,14000000,2,Mumbai,Powai,852,20300000,1060,73.16,73.81,52
4316,16700000,1,Pune,Wakad,42,9500000,901,76.14,86.58,66
4317,9300000,3,Pune,Wakad,9109,6500000,3372,78.38,84.88,58
4318,16900000,4,Hyderabad,Kondapur,7470,6000000,1433,93.09,90.01,78
4319,4700000,1,Pune,Kharadi,6663,7800000,2733,93.6,99.87,61
4320,4600000,3,Mumbai,Andheri,530,16300000,2181,85.93,86.8,90
4321,15200000,1,Chennai,Anna Nagar,1965,18600000,913,88.02,72.74,83
4322,11800000,1,Bengaluru,HSR Layout,2680,18100000,1043,88.25,82.47,84
4323,18200000,3,Hyderabad,Kondapur,2815,4300000,616,80.36,69.24,71
4324,3900000,3,Pune,Hinjewadi,543,8500000,2147,79.64,99.88,70
4325,11500000,2,Pune,Baner,9748,16400000,3156,96.96,82.57,63
4326,9200000,4,Mumbai,Andheri,6256,14500000,3149,85.8,68.52,83
4327,14600000,3,Hyderabad,Kukatpally,6137,9800000,926,97.38,77.42,78
4328,13600000,4,Hyderabad,Madhapur,2062,5300000,2536,99.43,73.63,82
4329,6400000,1,Chennai,OMR,3421,3500000,1593,77.85,99.42,79
4330,14600000,2,Mumbai,Thane,3263,10300000,834,84.52,78.73,87
4331,17000000,3,Pune,Baner,1639,16100000,657,84.97,99.02,60
4332,12500000,5,Mumbai,Thane,5668,13000000,1488,80.86,81.44,63
4333,3400000,3,Hyderabad,Kukatpally,3180,20400000,2162,98.16,86.59,65
4334,3300000,5,Chennai,OMR,7533,11900000,3424,81.07,79.75,97
4335,17200000,2,Hyderabad,Kondapur,7615,22700000,2437,96.61,62.96,61
4336,4500000,5,Pune,Wakad,1194,24000000,3689,98.86,77.09,53
4337,5000000,5,Hyderabad,Madhapur,9257,20600000,2272,85.37,83.86,70
4338,9300000,2,Hyderabad,Gachibowli,1453,5800000,994,82.7,96.46,58
4339,7400000,4,Mumbai,Thane,9457,18000000,708,93.03,69.91,96
4340,5300000,2,Mumbai,Bandra,4257,18500000,3674,79.86,81.38,87
4341,11700000,2,Chennai,Anna Nagar,2821,24400000,3703,73.69,91.66,67
4342,4700000,4,Hyderabad,Kukatpally,9103,10000000,1185,85.77,75.62,76
4343,15800000,1,Chennai,Adyar,7563,21100000,1352,89.18,91.05,63
4344,4700000,4,Pune,Kharadi,5185,5400000,2759,81.6,60.86,85
4345,4000000,5,Mumbai,Andheri,386,8800000,2599,81.74,75.45,96
4346,11300000,1,Chennai,OMR,4853,11900000,2233,90.73,75.47,100
4347,8800000,5,Chennai,Adyar,2189,14600000,2103,92.8,60.47,86
4348,6600000,5,Mumbai,Powai,6913,22300000,3360,76.15,69.2,95
4349,15300000,5,Chennai,Velachery,3649,20300000,3611,92.18,62.84,52
4350,5500000,5,Pune,Baner,2102,20700000,2993,89.18,81.31,74
4351,3100000,2,Chennai,Velachery,2139,9700000,1822,86.35,78.48,98
4352,9000000,1,Mumbai,Powai,3972,12300000,1743,89.33,84.83,52
4353,17500000,3,Pune,Hinjewadi,2341,19300000,2945,99.45,85.99,97
4354,14800000,5,Pune,Hinjewadi,2045,22100000,663,73.98,65.01,53
4355,6800000,4,Chennai,Velachery,9160,12800000,685,99.55,98.33,87
4356,5300000,4,Pune,Wakad,95,21600000,3355,97.36,85.91,92
4357,4200000,2,Bengaluru,Indiranagar,6713,18500000,1793,74.56,94.93,88
4358,16500000,3,Pune,Wakad,7679,14600000,3510,80.72,86.29,90
4359,6500000,3,Chennai,OMR,2503,11800000,1692,89.36,74.47,53
4360,17000000,1,Pune,Kharadi,7420,9400000,1253,71.91,61.52,79
4361,6700000,4,Mumbai,Andheri,8751,18900000,1596,70.64,64.34,96
4362,4700000,4,Hyderabad,Kondapur,8122,4500000,2724,70.03,97.01,74
4363,12000000,5,Hyderabad,Kukatpally,6899,23600000,3813,81.88,81.03,73
4364,6200000,2,Hyderabad,Kondapur,3368,14900000,1716,95.9,68.4,78
4365,12300000,4,Bengaluru,Indiranagar,8263,7000000,2167,82.6,69.44,96
4366,14100000,5,Pune,Hinjewadi,2325,14600000,2761,81.99,92.35,76
4367,17800000,4,Chennai,Anna Nagar,4782,21300000,1496,70.5,73.91,57
4368,14400000,3,Pune,Kharadi,6150,17700000,2032,86.64,71.07,92
4369,7800000,5,Hyderabad,Madhapur,6167,14600000,703,82.85,82.65,61
4370,14800000,4,Pune,Wakad,3211,16100000,2697,96.69,89.58,78
4371,10400000,5,Hyderabad,Gachibowli,8935,19500000,3209,74.98,74.66,67
4372,6800000,5,Chennai,OMR,1042,16200000,3314,89.95,85.87,61
4373,18300000,3,Mumbai,Bandra,8195,10700000,2558,77.42,71.08,55
4374,11600000,5,Mumbai,Thane,1035,17300000,628,81.46,83.76,81
4375,8100000,5,Mumbai,Powai,7677,4200000,2656,87.32,74.34,86
4376,6300000,1,Bengaluru,Electronic City,2284,12700000,1143,82.35,88.52,88
4377,4200000,2,Mumbai,Powai,6651,4500000,1224,80.46,82.54,60
4378,10600000,5,Pune,Baner,3378,14500000,2821,87.8,61.5,86
4379,17800000,3,Pune,Kharadi,5189,17100000,2892,83.36,91.73,85
4380,7300000,2,Bengaluru,Indiranagar,5706,15200000,2767,96.78,83.53,71
4381,18700000,5,Chennai,Adyar,3192,23300000,1173,75.7,73.43,66
4382,17400000,3,Bengaluru,Whitefield,1872,19700000,672,71.84,88.32,95
4383,12000000,1,Hyderabad,Kukatpally,1625,4200000,2439,94.49,78.36,60
4384,12800000,1,Mumbai,Andheri,1247,13300000,3739,92.8,88.76,73
4385,3100000,2,Pune,Hinjewadi,9637,17800000,3033,98.08,96.38,77
4386,6200000,5,Bengaluru,HSR Layout,2932,9900000,1394,88.04,80.11,64
4387,18900000,5,Mumbai,Andheri,7595,19800000,3509,84.68,89.27,87
4388,16500000,1,Chennai,OMR,5991,22100000,2821,96.62,67.15,74
4389,15000000,3,Bengaluru,Whitefield,3241,17700000,3574,70.6,86.6,69
4390,7900000,1,Pune,Kharadi,6854,19100000,2077,76.43,77.73,50
4391,6200000,1,Chennai,OMR,3566,21500000,1005,76.05,66.82,78
4392,16300000,2,Pune,Baner,2889,20100000,2988,73.26,94.33,72
4393,15600000,1,Chennai,OMR,6714,18000000,3653,71.03,70.5,80
4394,19000000,3,Bengaluru,Indiranagar,4636,4600000,1604,90.1,63.13,88
4395,5000000,1,Pune,Kharadi,8796,5400000,1890,81.16,80.27,90
4396,10700000,4,Pune,Kharadi,5733,5300000,3296,84.55,80.55,76
4397,12600000,5,Mumbai,Andheri,6081,7500000,2759,82.91,66.45,68
4398,8200000,4,Mumbai,Bandra,9618,16700000,1940,98.32,87.22,64
4399,18400000,1,Hyderabad,Madhapur,9487,23600000,1162,98.79,98.11,64
4400,16500000,1,Chennai,OMR,4662,8600000,1571,76.14,76.63,97
4401,4700000,5,Mumbai,Thane,1494,17800000,3731,88.0,74.13,92
4402,9000000,2,Chennai,Anna Nagar,224,11700000,2123,90.2,62.79,81
4403,19500000,2,Pune,Hinjewadi,9742,12200000,3521,90.37,89.96,54
4404,4200000,5,Chennai,Anna Nagar,8008,22300000,815,89.77,71.72,90
4405,15200000,4,Mumbai,Bandra,2492,23900000,3649,92.36,85.28,79
4406,19800000,2,Hyderabad,Kondapur,4800,23100000,1700,90.8,83.75,74
4407,5800000,3,Hyderabad,Gachibowli,4271,19600000,3272,95.94,96.86,58
4408,12400000,5,Chennai,Adyar,2874,9000000,1508,82.93,97.5,53
4409,16700000,3,Pune,Hinjewadi,6599,22600000,3473,95.87,72.48,61
4410,10000000,5,Hyderabad,Kondapur,3217,5300000,3110,87.52,66.55,95
4411,9400000,2,Hyderabad,Kondapur,3374,22700000,3166,96.71,70.39,79
4412,18800000,1,Pune,Baner,4109,4500000,1620,94.42,72.47,78
4413,13900000,2,Pune,Kharadi,1835,6700000,2924,83.14,81.85,78
4414,6300000,5,Pune,Wakad,7823,10500000,745,77.38,87.28,93
4415,4600000,5,Chennai,Anna Nagar,9921,6100000,2674,75.7,78.16,94
4416,5800000,3,Bengaluru,Electronic City,2894,12700000,1238,95.81,71.44,73
4417,19700000,3,Mumbai,Thane,1046,15700000,3543,85.69,62.05,96
4418,3300000,3,Pune,Baner,6410,24800000,2930,71.32,69.39,100
4419,19600000,2,Chennai,Adyar,9049,3700000,2032,98.24,88.07,75
4420,13000000,2,Hyderabad,Gachibowli,1686,4700000,2551,87.47,76.74,85
4421,7700000,1,Bengaluru,Electronic City,1049,10400000,2664,91.65,99.56,68
4422,6200000,4,Bengaluru,Indiranagar,2024,16700000,1702,96.26,68.62,89
4423,14500000,5,Hyderabad,Kukatpally,6800,15000000,2196,70.77,98.89,89
4424,7300000,2,Hyderabad,Kukatpally,4765,19100000,3385,99.28,60.76,60
4425,17900000,1,Bengaluru,Electronic City,733,24000000,2678,80.09,94.83,66
4426,16500000,2,Hyderabad,Gachibowli,4361,4400000,1232,82.91,83.8,54
4427,18400000,5,Chennai,Velachery,4055,24800000,726,85.75,86.36,82
4428,19800000,2,Mumbai,Andheri,181,8500000,1896,85.65,62.68,76
4429,3300000,3,Hyderabad,Kondapur,6664,9700000,2371,77.54,78.33,51
4430,10300000,2,Mumbai,Thane,260,20000000,1473,83.76,89.69,74
4431,16600000,2,Bengaluru,Indiranagar,642,5500000,3579,82.42,89.99,96
4432,3500000,4,Chennai,Velachery,2117,9500000,1196,71.82,82.19,76
4433,5700000,4,Mumbai,Bandra,7520,23500000,2632,99.6,94.71,90
4434,4000000,2,Mumbai,Bandra,8076,20300000,3573,96.0,97.68,84
4435,16600000,1,Chennai,Adyar,5056,18700000,1720,78.21,99.32,91
4436,16200000,2,Chennai,Velachery,7223,13100000,2435,84.78,66.33,52
4437,4600000,3,Hyderabad,Madhapur,3598,10900000,1548,99.44,91.7,63
4438,8700000,1,Pune,Wakad,8793,24800000,1496,90.56,86.43,93
4439,13900000,3,Pune,Kharadi,5472,22400000,993,85.97,72.51,82
4440,3000000,1,Mumbai,Bandra,2105,20300000,3670,83.59,90.8,94
4441,7200000,5,Chennai,Adyar,5570,4400000,947,71.06,88.44,84
4442,18400000,4,Mumbai,Thane,3594,20300000,3374,74.83,75.47,68
4443,5300000,5,Mumbai,Thane,2410,10800000,2561,80.74,93.07,87
4444,4800000,2,Pune,Kharadi,6046,7700000,1321,70.2,94.83,82
4445,8600000,2,Chennai,Anna Nagar,9208,8200000,1226,96.44,60.28,85
4446,13200000,2,Hyderabad,Madhapur,8237,8200000,2383,72.22,91.29,65
4447,9500000,3,Pune,Kharadi,9403,10600000,3710,92.41,99.25,76
4448,5500000,3,Pune,Kharadi,8228,24600000,3629,77.66,87.78,67
4449,3000000,2,Mumbai,Powai,7319,16100000,2422,88.39,84.3,65
4450,3600000,4,Pune,Wakad,1385,22600000,1702,97.98,68.83,55
4451,5600000,1,Chennai,Velachery,5742,21600000,1756,79.42,96.94,95
4452,15700000,2,Bengaluru,HSR Layout,5106,19300000,3372,80.89,78.97,54
4453,19700000,5,Pune,Baner,9260,23200000,2568,76.28,99.67,54
4454,17800000,1,Chennai,Adyar,8582,14400000,3020,92.22,98.25,98
4455,12400000,4,Hyderabad,Gachibowli,6017,7600000,3485,75.17,62.44,89
4456,17100000,4,Hyderabad,Kondapur,280,14600000,3753,73.11,82.3,76
4457,18100000,4,Bengaluru,Whitefield,4809,9800000,2455,99.59,73.69,52
4458,8900000,1,Pune,Kharadi,6909,11100000,2378,71.93,79.27,77
4459,4900000,4,Mumbai,Thane,4637,12000000,2757,71.75,60.43,96
4460,5900000,4,Hyderabad,Madhapur,4351,12200000,2762,86.83,96.03,74
4461,5400000,1,Hyderabad,Madhapur,6426,7300000,1836,70.76,64.86,68
4462,6500000,2,Pune,Wakad,9737,21300000,3557,96.0,71.36,50
4463,7100000,1,Hyderabad,Gachibowli,9059,4900000,2532,79.8,94.95,54
4464,13700000,3,Chennai,OMR,3622,3700000,2824,70.52,67.07,72
4465,16300000,4,Pune,Baner,9575,3800000,3014,92.69,71.03,86
4466,10000000,5,Mumbai,Powai,2014,21000000,2327,83.37,90.26,58
4467,16700000,2,Mumbai,Bandra,7609,4500000,2944,85.13,90.36,94
4468,18900000,4,Chennai,Adyar,8102,22900000,3518,75.71,60.66,67
4469,18900000,2,Bengaluru,HSR Layout,7563,20300000,2196,72.65,63.16,98
4470,19300000,1,Bengaluru,Whitefield,9471,12800000,1907,93.05,81.22,82
4471,11200000,1,Pune,Hinjewadi,7560,15600000,1587,97.04,94.11,64
4472,12000000,2,Hyderabad,Gachibowli,6244,19400000,1317,94.03,89.22,71
4473,6100000,1,Hyderabad,Gachibowli,3028,10800000,1441,83.08,94.32,54
4474,14000000,1,Pune,Baner,4854,6500000,1510,86.89,82.65,64
4475,6100000,4,Chennai,OMR,2154,19400000,2205,92.92,68.52,85
4476,14800000,4,Pune,Baner,243,18400000,2912,76.32,68.31,53
4477,6300000,2,Chennai,Anna Nagar,38,6800000,2470,89.4,64.14,79
4478,11900000,2,Pune,Hinjewadi,6367,7500000,2203,77.58,80.76,62
4479,8900000,4,Bengaluru,Whitefield,7058,8400000,983,81.0,95.6,61
4480,4600000,2,Pune,Baner,9906,20200000,1920,94.05,87.76,63
4481,7100000,4,Chennai,OMR,3110,21900000,2574,87.47,81.96,69
4482,10300000,2,Bengaluru,HSR Layout,4781,10900000,1843,92.24,70.36,67
4483,10000000,5,Mumbai,Thane,7621,23200000,2739,93.11,87.38,74
4484,8500000,1,Chennai,Adyar,6179,21400000,1399,77.1,80.06,74
4485,19600000,1,Hyderabad,Gachibowli,2691,19200000,3099,83.06,69.62,100
4486,4900000,4,Pune,Hinjewadi,318,21100000,1842,85.67,84.24,80
4487,12200000,3,Mumbai,Thane,9587,7900000,701,72.21,85.68,75
4488,13300000,3,Hyderabad,Kondapur,3324,17300000,822,87.57,67.27,83
4489,12100000,3,Chennai,Velachery,9822,9200000,2140,89.02,87.2,66
4490,19900000,3,Chennai,Velachery,8814,17400000,1436,81.95,86.51,55
4491,12200000,3,Pune,Wakad,9788,21300000,3482,73.86,88.24,50
4492,16500000,4,Bengaluru,HSR Layout,5234,5700000,3593,98.23,80.53,99
4493,16600000,3,Bengaluru,Indiranagar,7596,9900000,3848,93.29,66.41,70
4494,4200000,1,Pune,Baner,5070,21000000,1645,98.66,74.1,93
4495,18500000,1,Mumbai,Bandra,3804,12000000,2469,85.63,92.74,92
4496,14300000,2,Pune,Baner,6590,17200000,1074,70.79,91.02,50
4497,6700000,4,Bengaluru,HSR Layout,5062,8600000,3294,88.83,77.81,77
4498,12000000,5,Bengaluru,Indiranagar,3558,19000000,3589,81.54,91.19,83
4499,17700000,3,Bengaluru,Whitefield,1686,17300000,3618,94.59,64.06,50
4500,9600000,1,Hyderabad,Kukatpally,7910,15500000,620,92.0,61.12,92
4501,9800000,3,Mumbai,Bandra,9414,7500000,3546,71.2,91.03,83
4502,8500000,4,Mumbai,Powai,730,10100000,1353,82.1,72.81,52
4503,11400000,4,Mumbai,Thane,2078,22900000,3427,71.67,72.37,91
4504,14000000,2,Hyderabad,Madhapur,901,8200000,2032,89.89,80.52,71
4505,8500000,2,Chennai,OMR,713,21800000,2747,80.32,88.52,52
4506,4500000,2,Mumbai,Andheri,5756,16400000,2571,83.4,81.8,79
4507,3100000,4,Chennai,OMR,1757,22400000,2932,70.75,64.04,89
4508,10200000,3,Pune,Hinjewadi,3240,22000000,3769,98.88,68.87,99
4509,7300000,3,Mumbai,Bandra,6956,23000000,1493,97.22,87.83,88
4510,12900000,1,Pune,Hinjewadi,6192,17000000,3542,81.69,63.87,78
4511,19100000,2,Pune,Kharadi,5764,22900000,2194,77.54,72.09,61
4512,18100000,3,Pune,Kharadi,4941,21400000,3259,71.57,73.66,57
4513,8700000,3,Pune,Baner,8360,10400000,1830,91.4,79.35,92
4514,19700000,4,Hyderabad,Kukatpally,2274,8300000,762,89.17,72.95,74
4515,15300000,5,Mumbai,Bandra,805,5500000,1251,85.03,61.96,94
4516,12100000,4,Hyderabad,Kondapur,4531,19100000,2647,88.95,72.63,57
4517,17400000,5,Bengaluru,HSR Layout,5678,17300000,682,96.47,87.4,86
4518,17700000,4,Bengaluru,HSR Layout,702,17700000,1635,75.1,66.85,67
4519,6100000,2,Hyderabad,Kondapur,4954,13800000,2990,75.42,82.34,81
4520,7000000,5,Mumbai,Andheri,7390,6300000,2713,70.86,93.82,73
4521,4300000,5,Pune,Kharadi,2253,7200000,801,76.34,60.63,93
4522,19100000,1,Mumbai,Andheri,377,3500000,2301,98.51,77.38,83
4523,14000000,3,Chennai,Adyar,326,4400000,2334,91.96,92.85,78
4524,4300000,1,Chennai,OMR,1966,16600000,3231,92.9,62.96,88
4525,18700000,3,Hyderabad,Madhapur,7844,7000000,630,80.33,77.19,73
4526,7000000,5,Pune,Hinjewadi,7418,22200000,3145,94.09,95.75,56
4527,7600000,1,Bengaluru,HSR Layout,1263,7700000,1442,84.36,71.95,83
4528,19400000,2,Chennai,Anna Nagar,939,17500000,2981,84.18,87.61,87
4529,13100000,5,Pune,Baner,4399,4700000,3639,91.81,80.09,68
4530,15100000,5,Chennai,Velachery,5084,24400000,727,97.71,91.26,89
4531,7200000,1,Hyderabad,Kukatpally,1167,19800000,1201,80.23,69.52,62
4532,17700000,4,Chennai,OMR,369,12000000,3562,84.15,62.32,95
4533,4900000,2,Bengaluru,Electronic City,3673,11700000,2695,83.73,64.45,66
4534,16800000,2,Bengaluru,Whitefield,5706,16100000,715,98.08,73.8,63
4535,9200000,2,Mumbai,Thane,7801,17000000,1588,80.32,89.1,51
4536,12400000,4,Pune,Wakad,3262,19000000,1416,97.08,62.2,98
4537,17000000,2,Chennai,Anna Nagar,7882,19000000,2447,78.86,86.53,95
4538,12900000,4,Pune,Kharadi,8980,23400000,2097,70.74,90.59,73
4539,19500000,3,Chennai,Adyar,7975,13500000,1043,76.76,77.4,92
4540,19000000,5,Bengaluru,Indiranagar,6778,11100000,3583,78.87,61.86,86
4541,10700000,4,Pune,Hinjewadi,2753,20400000,788,74.62,80.7,60
4542,3200000,3,Bengaluru,Indiranagar,3639,18000000,2874,96.56,91.7,97
4543,13300000,3,Bengaluru,Electronic City,7589,21500000,1991,80.95,62.77,87
4544,13400000,4,Bengaluru,Whitefield,3644,8500000,1577,87.83,61.07,50
4545,10400000,5,Mumbai,Bandra,3731,21500000,3056,73.97,88.4,60
4546,11200000,3,Pune,Kharadi,242,21100000,2194,89.08,93.18,78
4547,12700000,3,Pune,Kharadi,50,13800000,3789,94.35,73.29,62
4548,14400000,1,Pune,Wakad,4079,13700000,1540,89.22,93.01,100
4549,19600000,4,Bengaluru,HSR Layout,9800,17100000,2771,72.55,84.86,87
4550,15400000,4,Chennai,Velachery,2981,19400000,1427,81.04,81.88,85
4551,8900000,1,Bengaluru,Whitefield,7804,23100000,3155,75.5,89.08,59
4552,16000000,2,Mumbai,Thane,4118,19300000,1946,92.64,89.27,81
4553,12900000,3,Chennai,Anna Nagar,6180,9700000,1090,79.95,64.98,91
4554,17200000,3,Pune,Hinjewadi,9178,18300000,1923,78.88,65.98,94
4555,8500000,1,Hyderabad,Kukatpally,5795,7300000,2411,77.15,71.85,71
4556,18300000,1,Chennai,Velachery,5653,13300000,3128,78.71,76.73,57
4557,3600000,5,Pune,Kharadi,2858,8500000,663,94.28,70.72,100
4558,11200000,5,Pune,Wakad,4332,21700000,3676,99.8,99.38,92
4559,9500000,1,Pune,Baner,9300,21900000,2251,95.85,85.22,58
4560,9800000,2,Bengaluru,Whitefield,1846,15000000,1289,72.42,98.03,90
4561,16200000,1,Pune,Hinjewadi,408,5900000,3630,91.49,78.31,61
4562,14200000,3,Mumbai,Thane,8003,21400000,1591,91.41,69.75,68
4563,8300000,2,Bengaluru,Electronic City,6930,23600000,3917,75.43,69.8,93
4564,13400000,5,Bengaluru,Indiranagar,8456,6500000,1956,71.42,74.71,50
4565,15400000,4,Mumbai,Powai,484,20900000,651,80.64,68.23,89
4566,11000000,5,Pune,Hinjewadi,9972,23800000,666,91.38,84.7,86
4567,3400000,3,Pune,Kharadi,9564,10900000,1525,85.05,65.83,98
4568,4700000,2,Hyderabad,Madhapur,9981,10900000,2379,85.11,81.97,51
4569,6400000,3,Pune,Kharadi,7013,22600000,2820,80.09,73.48,63
4570,16800000,2,Chennai,Adyar,4236,21700000,1709,73.11,74.01,87
4571,9800000,5,Chennai,Anna Nagar,1323,5200000,2916,89.6,99.61,62
4572,18400000,3,Hyderabad,Kukatpally,1303,19100000,1607,82.52,74.81,73
4573,17200000,1,Bengaluru,Electronic City,3316,23400000,1360,77.86,95.43,83
4574,18900000,4,Chennai,Adyar,2973,19800000,3959,93.97,92.92,54
4575,8800000,4,Pune,Wakad,8553,19800000,3366,87.09,62.22,81
4576,14000000,5,Hyderabad,Gachibowli,2947,21800000,2520,91.16,78.59,61
4577,18800000,5,Bengaluru,Whitefield,9832,8700000,1151,94.67,66.98,51
4578,15400000,3,Bengaluru,Indiranagar,7290,6700000,1262,72.55,65.93,79
4579,5400000,2,Chennai,Velachery,2920,13400000,3776,87.48,86.44,56
4580,20000000,3,Mumbai,Bandra,5838,24900000,2452,86.23,84.91,71
4581,7600000,1,Bengaluru,Whitefield,9386,24100000,1851,73.34,98.47,93
4582,12700000,4,Chennai,OMR,2284,23800000,2933,96.47,91.78,52
4583,16500000,3,Chennai,Anna Nagar,7520,14700000,1138,71.64,62.84,69
4584,12600000,1,Bengaluru,HSR Layout,9840,21000000,3778,77.22,85.66,74
4585,17300000,3,Hyderabad,Kondapur,9352,6900000,1234,87.28,62.42,53
4586,15600000,1,Mumbai,Bandra,5381,11800000,2054,87.81,65.25,71
4587,10800000,5,Hyderabad,Kukatpally,4972,8700000,962,97.87,69.62,51
4588,6900000,5,Chennai,OMR,4160,18400000,3494,87.31,92.63,92
4589,17800000,5,Bengaluru,Indiranagar,6403,13700000,1310,87.73,95.62,72
4590,11600000,4,Bengaluru,Indiranagar,7614,13600000,3757,89.03,84.66,86
4591,19400000,4,Hyderabad,Kondapur,1884,25000000,1473,98.56,79.18,86
4592,5400000,3,Pune,Baner,7633,12800000,2506,80.44,97.55,54
4593,15600000,1,Hyderabad,Madhapur,2767,20900000,2862,98.04,86.61,78
4594,10100000,3,Pune,Kharadi,5246,19600000,1295,71.12,73.33,90
4595,5500000,3,Mumbai,Bandra,9343,19500000,791,92.63,96.76,56
4596,9800000,2,Pune,Baner,8940,7900000,2308,85.32,65.49,93
4597,14900000,5,Mumbai,Thane,5830,13600000,2154,75.35,95.76,83
4598,7900000,4,Pune,Wakad,3826,17600000,3283,81.7,84.75,51
4599,17000000,2,Mumbai,Andheri,6844,6800000,2194,99.29,89.84,68
4600,7100000,4,Bengaluru,Electronic City,8081,23900000,1054,87.76,75.28,59
4601,7100000,3,Chennai,OMR,5120,14900000,885,70.24,89.86,87
4602,15500000,3,Bengaluru,HSR Layout,5916,12100000,1062,91.93,60.06,51
4603,6200000,3,Bengaluru,HSR Layout,3019,23000000,3737,95.41,85.28,95
4604,12200000,3,Hyderabad,Gachibowli,4203,24200000,3707,88.66,89.78,74
4605,16100000,5,Chennai,Adyar,904,15600000,2111,78.24,97.81,58
4606,14600000,2,Chennai,OMR,4553,18900000,765,81.03,96.15,93
4607,4500000,5,Mumbai,Bandra,5747,12400000,2414,74.3,85.0,78
4608,10100000,3,Bengaluru,HSR Layout,4427,5800000,2930,89.88,83.41,95
4609,11000000,3,Bengaluru,Whitefield,6179,23400000,607,97.72,77.86,69
4610,11400000,4,Chennai,Adyar,6438,20200000,1691,88.65,93.13,59
4611,7700000,2,Pune,Baner,2487,3600000,2446,72.1,90.35,55
4612,13700000,5,Hyderabad,Kondapur,9136,19400000,3749,93.04,61.99,69
4613,5800000,3,Bengaluru,HSR Layout,3758,9400000,2528,95.03,93.13,83
4614,12100000,4,Bengaluru,Electronic City,3254,7700000,3751,93.28,93.95,84
4615,9300000,2,Mumbai,Powai,3592,21600000,3086,97.48,71.14,79
4616,13100000,4,Mumbai,Powai,1736,16600000,2208,88.21,73.43,56
4617,16900000,4,Mumbai,Bandra,1973,20000000,1949,92.93,68.63,65
4618,17800000,4,Mumbai,Bandra,526,16800000,1218,76.31,64.02,83
4619,14000000,5,Bengaluru,HSR Layout,4880,14200000,3476,71.41,81.76,99
4620,9500000,4,Chennai,Velachery,7214,17400000,1456,93.64,85.9,78
4621,8800000,3,Hyderabad,Kukatpally,6760,16300000,2117,79.37,67.36,70
4622,8000000,4,Chennai,Anna Nagar,5918,8900000,3257,74.63,78.7,59
4623,19000000,3,Mumbai,Powai,2103,11900000,3655,79.97,65.66,66
4624,18600000,2,Pune,Hinjewadi,335,20900000,2902,94.53,99.17,81
4625,8000000,3,Chennai,Anna Nagar,8689,11500000,2717,92.75,66.96,91
4626,8600000,4,Mumbai,Thane,5495,6900000,3167,82.6,66.28,87
4627,16400000,4,Mumbai,Powai,7008,21400000,1043,75.55,66.49,96
4628,17300000,3,Pune,Hinjewadi,5174,9900000,1265,80.44,84.4,76
4629,11000000,2,Pune,Kharadi,5532,15700000,942,76.27,66.89,94
4630,14600000,4,Pune,Baner,6694,21600000,3051,74.54,72.37,50
4631,3400000,4,Mumbai,Powai,6415,15500000,1039,95.62,73.21,75
4632,15600000,1,Mumbai,Andheri,3785,14200000,1361,90.69,64.55,86
4633,16100000,3,Chennai,Adyar,5292,17500000,3140,99.88,81.74,67
4634,9600000,3,Mumbai,Bandra,2221,21400000,2935,82.92,87.75,89
4635,3400000,5,Bengaluru,Indiranagar,4130,23500000,851,88.66,69.8,67
4636,4000000,4,Hyderabad,Madhapur,1347,15400000,3463,89.38,90.52,70
4637,14200000,4,Mumbai,Thane,5223,9300000,1268,97.33,75.98,73
4638,3700000,1,Mumbai,Powai,8606,11700000,1887,78.46,71.73,76
4639,14000000,1,Mumbai,Bandra,6688,11900000,1802,70.73,81.24,60
4640,15500000,1,Mumbai,Powai,3745,15500000,3674,77.33,70.48,59
4641,18500000,3,Hyderabad,Kondapur,4980,21100000,935,88.72,67.83,63
4642,9400000,4,Bengaluru,HSR Layout,3815,17200000,870,91.93,88.7,76
4643,15300000,4,Pune,Baner,5296,24500000,1032,94.07,70.06,50
4644,13900000,3,Mumbai,Powai,5815,6400000,2735,72.16,82.54,98
4645,14000000,4,Chennai,OMR,8378,10500000,2905,86.26,69.72,68
4646,17600000,2,Mumbai,Andheri,8329,7800000,2867,73.02,79.52,62
4647,6400000,5,Mumbai,Powai,6925,17700000,1894,92.73,71.53,58
4648,13200000,3,Chennai,Anna Nagar,8752,19300000,1785,83.75,81.8,88
4649,12300000,1,Hyderabad,Gachibowli,3910,16000000,2495,77.11,87.83,57
4650,17400000,4,Mumbai,Thane,7065,12700000,1544,70.52,79.01,87
4651,16900000,3,Pune,Baner,1990,22100000,1379,95.04,70.15,92
4652,18400000,2,Pune,Baner,1355,8800000,1045,79.06,99.26,54
4653,12700000,2,Hyderabad,Gachibowli,7997,17900000,3155,98.84,83.76,68
4654,15100000,2,Hyderabad,Madhapur,4502,18400000,647,96.59,94.53,96
4655,19700000,4,Pune,Hinjewadi,673,6600000,3977,80.93,60.44,94
4656,13300000,4,Pune,Baner,6215,16300000,2308,99.54,94.77,67
4657,7900000,4,Pune,Baner,7428,16800000,1470,91.43,87.77,86
4658,3000000,2,Hyderabad,Kondapur,2589,8400000,3684,77.56,89.26,69
4659,12000000,4,Pune,Baner,9850,19900000,3451,74.98,72.26,96
4660,3800000,5,Mumbai,Andheri,5651,15000000,1897,71.76,62.61,79
4661,13300000,4,Bengaluru,HSR Layout,9613,18200000,994,95.36,78.42,87
4662,3000000,3,Pune,Wakad,8733,4000000,3825,86.94,83.78,100
4663,7500000,1,Chennai,Velachery,6288,20800000,2752,74.37,86.44,90
4664,6300000,4,Mumbai,Andheri,2609,11700000,3514,78.26,66.07,53
4665,6500000,5,Hyderabad,Gachibowli,7816,23200000,3569,89.09,94.08,64
4666,15300000,3,Hyderabad,Kukatpally,7672,13000000,3222,76.87,70.63,85
4667,8100000,5,Hyderabad,Kondapur,2767,12500000,1643,78.06,63.49,59
4668,15800000,1,Hyderabad,Kondapur,5363,7000000,3503,76.39,75.48,66
4669,18100000,3,Hyderabad,Kondapur,8931,7900000,2578,84.7,86.18,62
4670,19900000,3,Hyderabad,Gachibowli,2430,11900000,1853,99.23,67.41,76
4671,15300000,3,Pune,Kharadi,8604,24200000,1646,98.11,69.83,96
4672,3000000,3,Pune,Baner,1726,19100000,1748,79.27,64.13,99
4673,16400000,1,Pune,Baner,3565,12000000,668,90.69,96.38,84
4674,10200000,5,Mumbai,Powai,8374,23000000,2736,98.85,99.88,92
4675,15600000,3,Mumbai,Thane,5420,23500000,3321,70.32,96.65,63
4676,16500000,4,Hyderabad,Kukatpally,6268,13400000,2644,94.85,61.07,77
4677,19400000,5,Bengaluru,HSR Layout,9245,14500000,1616,90.64,85.05,51
4678,15100000,2,Mumbai,Powai,1855,17700000,2767,78.51,68.82,77
4679,4200000,4,Mumbai,Andheri,9560,18300000,1057,95.61,90.82,81
4680,4600000,5,Pune,Baner,6349,12900000,682,98.08,91.96,98
4681,12200000,1,Bengaluru,Electronic City,9054,22100000,2726,73.68,62.72,65
4682,7500000,4,Pune,Baner,776,14300000,1111,75.31,70.59,83
4683,16100000,4,Chennai,OMR,7485,22000000,1643,85.95,94.28,53
4684,19000000,1,Chennai,Velachery,1927,8900000,1271,73.02,76.67,78
4685,12700000,3,Bengaluru,Electronic City,5644,20600000,1151,81.8,60.61,94
4686,16400000,5,Mumbai,Bandra,485,14000000,2904,72.2,77.7,76
4687,3200000,3,Bengaluru,Indiranagar,4650,16200000,2191,87.43,68.41,69
4688,9100000,1,Hyderabad,Gachibowli,5491,23800000,3776,82.77,89.0,73
4689,16300000,4,Pune,Baner,6244,13100000,1496,80.22,73.68,93
4690,17300000,2,Mumbai,Thane,7236,6500000,3127,74.97,86.58,80
4691,19700000,3,Pune,Baner,6892,7800000,3281,99.07,92.79,81
4692,5700000,2,Pune,Wakad,7582,4800000,2956,87.84,79.19,64
4693,13100000,1,Chennai,Velachery,1624,14900000,3961,93.37,98.81,87
4694,17800000,2,Mumbai,Thane,6529,22700000,3666,85.04,88.12,69
4695,9000000,1,Mumbai,Bandra,98,6500000,3509,75.81,74.08,61
4696,18900000,3,Mumbai,Bandra,7198,8500000,600,75.04,75.1,63
4697,4300000,3,Chennai,Velachery,6170,8700000,2417,96.68,99.77,98
4698,3500000,5,Bengaluru,Whitefield,4421,6300000,789,89.71,74.51,53
4699,5300000,5,Pune,Hinjewadi,7643,13300000,1132,94.51,74.94,59
4700,4100000,3,Pune,Kharadi,5309,17600000,3604,90.96,72.66,64
4701,16100000,5,Hyderabad,Gachibowli,4314,17700000,1752,96.02,66.4,94
4702,18700000,3,Chennai,OMR,6532,24300000,3088,89.57,62.16,89
4703,6900000,3,Chennai,OMR,1576,15100000,3216,75.21,83.49,61
4704,13200000,3,Hyderabad,Kondapur,5703,23700000,2965,81.39,65.82,62
4705,12300000,1,Mumbai,Thane,4601,11300000,1769,79.75,93.24,94
4706,3400000,5,Bengaluru,Indiranagar,8005,15900000,2362,85.18,60.67,76
4707,13700000,4,Hyderabad,Kukatpally,9048,8500000,2216,91.04,79.97,74
4708,4000000,5,Mumbai,Powai,5154,7000000,1708,94.6,78.63,93
4709,19000000,3,Pune,Wakad,9501,8200000,2848,91.04,93.86,86
4710,19600000,3,Bengaluru,Electronic City,3028,10000000,859,71.52,67.78,64
4711,17500000,5,Hyderabad,Kukatpally,1994,12700000,1640,84.55,62.91,73
4712,13700000,4,Chennai,Adyar,7376,10800000,2883,94.07,61.0,84
4713,18000000,3,Hyderabad,Gachibowli,2356,8900000,2701,94.94,76.32,66
4714,11600000,1,Bengaluru,Electronic City,8320,20500000,979,96.51,68.73,76
4715,20000000,4,Pune,Baner,136,11700000,3114,88.79,60.01,64
4716,8200000,5,Hyderabad,Kukatpally,3741,18000000,1556,84.7,66.03,85
4717,16900000,5,Hyderabad,Kondapur,8388,21600000,2318,83.6,93.09,92
4718,12400000,5,Chennai,Velachery,8642,14500000,939,79.14,61.9,61
4719,7300000,4,Hyderabad,Kukatpally,8063,8600000,1469,75.25,99.03,62
4720,11600000,1,Mumbai,Thane,5010,23500000,1463,94.47,65.98,92
4721,14300000,1,Pune,Baner,9931,5400000,1856,83.88,84.51,81
4722,10000000,1,Bengaluru,HSR Layout,5197,13800000,3232,74.04,62.02,52
4723,8900000,5,Hyderabad,Gachibowli,9385,17000000,2576,82.56,65.58,53
4724,8500000,1,Mumbai,Andheri,8757,23500000,1055,73.83,99.59,72
4725,5900000,2,Bengaluru,Indiranagar,8056,6200000,2045,82.34,89.29,94
4726,12300000,1,Pune,Baner,417,11500000,3255,82.96,74.38,79
4727,19400000,3,Hyderabad,Kondapur,7211,8800000,2995,71.81,97.91,72
4728,6600000,5,Pune,Baner,3094,10400000,2156,78.72,72.01,80
4729,15000000,2,Mumbai,Andheri,7950,9600000,1117,80.9,94.1,53
4730,11400000,5,Pune,Wakad,2263,17700000,1359,84.91,79.93,82
4731,12300000,4,Bengaluru,Indiranagar,4510,20600000,1523,70.8,91.34,54
4732,11700000,2,Mumbai,Powai,2203,12500000,3551,91.28,98.55,63
4733,3500000,3,Mumbai,Thane,6084,23300000,1604,93.29,92.75,99
4734,18000000,5,Bengaluru,Indiranagar,9041,7300000,2287,70.3,87.98,67
4735,18600000,4,Pune,Wakad,7981,10200000,2609,92.03,81.19,77
4736,4800000,5,Bengaluru,Whitefield,6347,10700000,1800,95.08,71.21,79
4737,19500000,4,Bengaluru,Indiranagar,6933,6600000,926,96.57,75.53,60
4738,13200000,4,Pune,Kharadi,5324,7900000,2269,70.7,68.38,100
4739,12000000,2,Bengaluru,HSR Layout,6391,22300000,3687,87.89,73.22,55
4740,3800000,4,Bengaluru,Electronic City,3340,6800000,1191,81.56,64.45,93
4741,18500000,2,Hyderabad,Kukatpally,8643,14500000,1771,91.52,77.25,99
4742,7100000,2,Mumbai,Thane,277,6700000,1468,91.93,63.41,64
4743,7900000,1,Hyderabad,Kondapur,6043,8900000,2187,85.49,88.62,69
4744,15200000,1,Pune,Hinjewadi,7856,17900000,804,96.93,80.11,63
4745,12800000,1,Hyderabad,Madhapur,962,24300000,1624,93.89,65.82,95
4746,5300000,2,Chennai,Anna Nagar,6527,3700000,1840,95.91,65.12,92
4747,8700000,5,Hyderabad,Madhapur,1629,19700000,1727,71.59,72.55,77
4748,5000000,4,Chennai,Anna Nagar,460,17600000,935,86.49,76.28,93
4749,8500000,3,Pune,Kharadi,7738,18900000,3660,95.06,88.57,85
4750,11900000,5,Chennai,OMR,7583,20300000,894,77.25,83.36,69
4751,13400000,1,Pune,Baner,391,24300000,1596,91.77,77.14,75
4752,19900000,3,Hyderabad,Kukatpally,801,16100000,1302,93.77,65.87,92
4753,18900000,1,Hyderabad,Kondapur,6509,5500000,1357,87.82,67.31,97
4754,12800000,1,Pune,Hinjewadi,6233,12500000,2452,87.83,68.95,78
4755,9700000,2,Pune,Kharadi,4721,10100000,1757,83.49,82.64,66
4756,17900000,1,Bengaluru,HSR Layout,2335,8200000,2461,82.82,79.26,62
4757,13800000,4,Mumbai,Powai,546,12100000,2365,86.36,64.0,100
4758,17100000,3,Hyderabad,Kondapur,6157,9000000,2156,80.48,79.07,84
4759,14300000,3,Chennai,Adyar,5917,6900000,1302,98.93,78.41,63
4760,15100000,5,Pune,Wakad,6771,8000000,3182,77.78,91.37,75
4761,16800000,3,Bengaluru,Indiranagar,5087,15300000,2982,87.17,63.06,80
4762,18400000,2,Pune,Kharadi,446,16000000,1598,73.29,92.47,95
4763,15800000,3,Chennai,Anna Nagar,6628,20600000,3639,81.99,77.45,97
4764,7200000,1,Bengaluru,Whitefield,2647,18700000,798,99.73,79.92,100
4765,16800000,2,Pune,Wakad,3696,15300000,3243,96.89,89.25,58
4766,7600000,1,Pune,Kharadi,2881,7800000,3386,91.36,75.14,100
4767,13400000,1,Hyderabad,Kondapur,9876,24200000,1248,92.59,85.8,55
4768,9500000,4,Mumbai,Powai,136,19100000,3234,72.37,86.02,55
4769,9200000,5,Pune,Kharadi,1543,11500000,3274,84.16,92.75,73
4770,4200000,1,Hyderabad,Kondapur,9542,16500000,1416,78.19,89.17,86
4771,4900000,2,Pune,Wakad,4840,8400000,3731,71.79,62.17,98
4772,13800000,3,Mumbai,Bandra,9925,18300000,1478,72.5,78.49,62
4773,14000000,3,Bengaluru,Electronic City,9008,18300000,2384,95.9,89.19,62
4774,11900000,1,Bengaluru,HSR Layout,9403,15600000,3854,85.87,71.07,60
4775,9400000,5,Hyderabad,Gachibowli,6837,16300000,739,93.41,98.7,95
4776,13600000,5,Pune,Wakad,2737,22000000,2241,94.94,62.25,99
4777,14600000,4,Chennai,OMR,2458,20000000,2212,72.53,60.04,95
4778,4000000,2,Bengaluru,Whitefield,2573,9400000,3596,98.23,74.97,74
4779,4000000,1,Mumbai,Bandra,4110,7600000,3793,88.78,80.57,93
4780,18700000,2,Hyderabad,Kondapur,3608,9100000,2554,81.53,63.57,81
4781,8100000,3,Pune,Wakad,9245,12200000,3007,81.39,74.9,92
4782,15500000,2,Hyderabad,Madhapur,4716,16900000,2478,80.51,96.2,99
4783,17400000,3,Mumbai,Powai,9286,6700000,1036,94.2,69.24,93
4784,6900000,4,Pune,Wakad,748,9800000,2083,96.22,88.34,57
4785,5900000,4,Chennai,Velachery,4226,24000000,2371,85.28,72.39,88
4786,19100000,2,Chennai,OMR,7500,19400000,3126,99.09,92.35,52
4787,4500000,3,Chennai,Velachery,9874,18400000,1082,83.29,95.64,88
4788,5800000,4,Chennai,Anna Nagar,2770,4700000,1433,96.77,73.77,91
4789,7600000,4,Pune,Wakad,6649,21500000,2416,87.58,95.81,100
4790,12400000,2,Mumbai,Thane,5099,7400000,729,85.38,87.42,95
4791,11200000,1,Pune,Hinjewadi,318,17000000,1160,87.54,90.4,95
4792,12300000,3,Bengaluru,HSR Layout,7561,13400000,2843,91.82,69.27,85
4793,6800000,1,Mumbai,Thane,1126,13700000,732,87.0,94.06,96
4794,10600000,2,Bengaluru,HSR Layout,1983,7000000,1330,91.11,91.37,86
4795,11000000,5,Bengaluru,Indiranagar,1384,20800000,3849,93.88,95.24,56
4796,4200000,1,Pune,Kharadi,2005,16000000,2126,88.2,68.62,97
4797,7400000,2,Hyderabad,Kukatpally,8858,18600000,3098,84.84,65.83,51
4798,9200000,5,Chennai,OMR,4712,18100000,1666,76.29,63.72,90
4799,18000000,4,Bengaluru,HSR Layout,5984,19500000,1831,83.51,68.05,61
4800,17800000,4,Chennai,Anna Nagar,2467,24100000,3192,84.98,85.58,73
4801,16200000,1,Mumbai,Powai,578,6400000,1492,77.37,77.75,77
4802,10300000,2,Chennai,Adyar,3143,23200000,2813,77.29,81.32,60
4803,7000000,4,Mumbai,Powai,9864,21700000,814,91.64,87.25,81
4804,4100000,3,Bengaluru,Indiranagar,9880,4400000,673,89.64,75.98,76
4805,14500000,4,Pune,Wakad,1324,19600000,3783,71.68,86.38,95
4806,6300000,2,Bengaluru,Electronic City,4304,23100000,2273,83.96,78.11,86
4807,13400000,5,Chennai,Adyar,8772,12700000,3175,73.93,92.01,72
4808,19600000,3,Bengaluru,HSR Layout,9264,21800000,1621,96.17,86.48,92
4809,8500000,3,Chennai,Adyar,8819,21100000,2985,78.08,74.1,78
4810,13000000,5,Chennai,Anna Nagar,4194,23300000,3006,89.04,91.54,81
4811,14900000,1,Mumbai,Powai,1387,9300000,2482,82.25,90.53,72
4812,11300000,4,Pune,Baner,6669,4700000,1340,93.99,62.74,85
4813,11100000,3,Mumbai,Bandra,8207,20800000,2728,93.53,72.59,65
4814,11300000,5,Pune,Hinjewadi,6159,16300000,1819,73.15,61.52,93
4815,14900000,2,Bengaluru,Indiranagar,1547,13800000,3048,90.19,78.39,70
4816,15700000,1,Chennai,Adyar,1832,10000000,3028,78.24,66.03,82
4817,9700000,4,Bengaluru,Indiranagar,1438,8100000,676,89.87,76.27,69
4818,16300000,3,Hyderabad,Gachibowli,6577,21300000,2744,81.43,71.6,78
4819,15300000,5,Pune,Wakad,8080,16300000,959,91.8,81.78,71
4820,18500000,4,Pune,Baner,4462,15400000,2114,84.31,72.67,75
4821,11400000,1,Mumbai,Thane,7195,15400000,847,75.1,69.84,74
4822,13600000,4,Bengaluru,HSR Layout,1233,8600000,1198,71.07,96.21,52
4823,12700000,1,Pune,Hinjewadi,7206,15800000,3427,77.03,76.91,85
4824,5000000,5,Pune,Hinjewadi,3697,8200000,2843,87.56,98.94,51
4825,11700000,4,Chennai,Velachery,7497,22200000,1610,72.26,88.82,54
4826,5400000,2,Pune,Baner,1955,13900000,3346,73.7,98.1,91
4827,6200000,2,Hyderabad,Madhapur,161,20500000,2507,79.98,74.99,75
4828,18400000,5,Bengaluru,Whitefield,5756,16300000,1618,94.93,77.52,56
4829,3200000,5,Pune,Baner,3784,15200000,3964,88.24,93.67,92
4830,6300000,4,Hyderabad,Madhapur,8721,9400000,988,90.96,91.63,55
4831,11200000,2,Mumbai,Powai,6052,11900000,3233,93.2,96.39,59
4832,10900000,2,Bengaluru,Electronic City,3750,12100000,3450,85.28,74.99,52
4833,18700000,5,Bengaluru,HSR Layout,7437,8100000,2714,92.65,99.29,51
4834,14200000,5,Mumbai,Thane,6536,11000000,3714,72.94,67.38,97
4835,12000000,5,Pune,Hinjewadi,6574,11100000,2168,74.82,62.76,76
4836,18700000,5,Mumbai,Powai,1216,24700000,2449,95.82,61.45,69
4837,6100000,2,Chennai,Adyar,7499,12700000,2951,78.05,75.4,52
4838,17700000,4,Pune,Kharadi,6642,23300000,899,93.17,85.91,70
4839,5200000,2,Pune,Baner,9452,17400000,3479,93.31,62.31,70
4840,19200000,2,Bengaluru,HSR Layout,7720,13500000,3640,74.66,82.66,61
4841,3400000,5,Mumbai,Andheri,6510,17300000,2856,73.93,93.92,59
4842,10900000,4,Bengaluru,Indiranagar,3108,15600000,2373,82.54,86.27,80
4843,11700000,4,Bengaluru,HSR Layout,574,21800000,2821,85.48,89.74,72
4844,15900000,3,Mumbai,Thane,615,20500000,2547,97.08,93.43,87
4845,13900000,5,Bengaluru,Electronic City,2742,20800000,617,73.28,85.33,54
4846,7100000,4,Hyderabad,Kukatpally,4474,15700000,902,86.91,62.12,64
4847,15900000,1,Chennai,OMR,5530,13000000,3876,98.35,98.29,65
4848,8000000,1,Mumbai,Thane,7146,4700000,1346,73.09,96.09,87
4849,3700000,3,Chennai,OMR,8099,4600000,3276,90.91,76.23,95
4850,15600000,5,Pune,Wakad,3705,4000000,787,90.09,72.19,96
4851,16500000,1,Hyderabad,Kukatpally,8556,5100000,1542,96.22,96.4,95
4852,7500000,5,Chennai,OMR,4321,8600000,2762,84.25,76.39,66
4853,8500000,5,Hyderabad,Kukatpally,2990,4200000,3855,72.7,68.48,56
4854,9400000,2,Bengaluru,Indiranagar,5030,20000000,2737,81.28,97.55,90
4855,5800000,3,Mumbai,Bandra,9789,5800000,797,77.91,71.93,58
4856,14700000,3,Chennai,OMR,86,4700000,3956,91.65,95.43,83
4857,18800000,3,Pune,Baner,7199,9400000,1277,90.54,77.81,51
4858,11400000,5,Mumbai,Andheri,6438,18600000,3992,87.63,73.5,54
4859,10400000,4,Hyderabad,Madhapur,160,15600000,1409,97.04,75.5,94
4860,14100000,4,Hyderabad,Kukatpally,8656,10600000,3312,98.58,60.3,61
4861,15100000,2,Bengaluru,Indiranagar,5454,5600000,1812,93.61,83.96,97
4862,15500000,4,Bengaluru,Electronic City,4821,24500000,1057,93.72,66.37,80
4863,3600000,5,Hyderabad,Kukatpally,8133,18700000,2422,73.41,87.05,52
4864,5500000,1,Hyderabad,Madhapur,931,17300000,3509,94.69,60.75,92
4865,19000000,5,Hyderabad,Madhapur,5413,7200000,2129,80.14,61.24,73
4866,15900000,2,Bengaluru,Indiranagar,8332,10000000,819,72.66,72.01,88
4867,13000000,1,Hyderabad,Madhapur,2584,12500000,2091,93.63,85.67,77
4868,4900000,4,Pune,Kharadi,1189,22000000,3179,71.47,89.53,78
4869,9900000,1,Hyderabad,Gachibowli,7765,8700000,741,90.19,82.32,96
4870,16900000,4,Hyderabad,Gachibowli,783,14600000,1508,99.43,87.8,56
4871,5100000,3,Pune,Wakad,6575,11300000,768,96.64,69.38,71
4872,10300000,3,Mumbai,Andheri,2600,5000000,1785,71.58,60.9,66
4873,10000000,2,Bengaluru,Indiranagar,9050,6300000,2682,86.21,62.69,67
4874,6800000,1,Bengaluru,HSR Layout,5804,16400000,3871,84.44,81.16,80
4875,9500000,1,Hyderabad,Gachibowli,2546,18400000,2704,78.74,80.33,62
4876,16200000,2,Hyderabad,Gachibowli,7808,20500000,2033,77.1,92.54,77
4877,5300000,1,Mumbai,Andheri,7221,8000000,1209,97.59,95.11,98
4878,12600000,5,Mumbai,Andheri,4196,21600000,3466,81.81,73.74,66
4879,17000000,1,Hyderabad,Kukatpally,5732,12000000,1458,80.52,66.38,52
4880,15400000,3,Bengaluru,Electronic City,439,8200000,2137,92.69,61.72,86
4881,5800000,1,Chennai,Anna Nagar,6214,8200000,2633,70.86,98.25,55
4882,4300000,5,Hyderabad,Gachibowli,4587,8600000,1225,98.96,90.48,94
4883,12700000,3,Bengaluru,Indiranagar,9399,12700000,2507,83.64,94.26,98
4884,14900000,2,Mumbai,Powai,5529,4600000,3392,78.36,66.42,97
4885,3800000,1,Mumbai,Powai,3732,3900000,1351,87.12,77.96,72
4886,13200000,1,Bengaluru,Electronic City,8345,17600000,2090,74.21,85.57,77
4887,8300000,1,Bengaluru,Indiranagar,4556,14300000,3341,96.51,62.36,85
4888,12000000,1,Chennai,Adyar,5585,23900000,735,83.29,92.81,95
4889,12700000,2,Bengaluru,HSR Layout,2353,18000000,3614,77.3,61.24,71
4890,17700000,1,Chennai,Anna Nagar,8562,7600000,3176,86.3,72.38,69
4891,17100000,3,Bengaluru,Indiranagar,4469,4300000,2462,81.83,94.05,92
4892,9700000,4,Chennai,Anna Nagar,3727,18400000,2458,82.07,73.77,89
4893,15000000,2,Bengaluru,HSR Layout,9819,18000000,3430,81.43,85.86,59
4894,4900000,5,Hyderabad,Kondapur,8059,5200000,2985,97.73,64.23,99
4895,6400000,2,Mumbai,Powai,4716,16400000,3803,87.57,63.01,72
4896,5100000,5,Mumbai,Andheri,3427,16700000,3412,90.35,83.32,76
4897,5000000,4,Bengaluru,Electronic City,9028,21000000,3234,92.23,85.43,96
4898,5100000,2,Mumbai,Powai,5331,16800000,1839,75.99,90.77,80
4899,8500000,4,Mumbai,Thane,1353,18400000,1719,90.94,85.47,65
4900,14700000,2,Pune,Kharadi,3063,13600000,926,76.85,89.93,90
4901,11800000,2,Hyderabad,Kondapur,6188,24800000,1793,83.21,84.35,81
4902,12100000,4,Pune,Baner,623,23700000,2117,81.21,86.91,59
4903,18700000,4,Pune,Hinjewadi,1242,23400000,755,83.18,67.74,63
4904,12900000,4,Pune,Kharadi,6168,12200000,1608,73.88,63.6,69
4905,11900000,4,Bengaluru,Whitefield,2544,17200000,3435,74.62,60.31,60
4906,15700000,3,Bengaluru,Electronic City,6552,12400000,2892,97.53,72.11,88
4907,4600000,1,Hyderabad,Kondapur,7601,12200000,2021,75.29,92.05,77
4908,18800000,1,Mumbai,Bandra,7866,19100000,3186,91.32,98.39,79
4909,18700000,3,Pune,Hinjewadi,1766,19000000,3950,88.58,95.06,74
4910,8900000,4,Bengaluru,Electronic City,1165,18900000,1450,83.19,95.52,62
4911,11500000,4,Bengaluru,HSR Layout,3760,21900000,3756,99.54,83.58,56
4912,4600000,3,Hyderabad,Kukatpally,7973,22400000,812,92.37,78.09,99
4913,15700000,2,Hyderabad,Madhapur,1589,5400000,2115,95.08,93.06,76
4914,5000000,5,Pune,Baner,5389,19200000,1086,77.8,73.67,85
4915,17100000,2,Mumbai,Bandra,1860,17800000,2007,90.13,93.69,84
4916,8200000,5,Bengaluru,Whitefield,8868,9500000,1823,78.41,79.44,94
4917,5700000,3,Bengaluru,Whitefield,8896,20400000,674,85.97,85.56,81
4918,9800000,5,Mumbai,Thane,796,10500000,1025,96.0,78.05,100
4919,19100000,5,Hyderabad,Kondapur,2606,9900000,617,93.96,78.32,83
4920,6400000,2,Mumbai,Bandra,2996,8700000,3082,84.19,96.76,97
4921,16000000,2,Bengaluru,HSR Layout,7701,3500000,2896,78.59,72.39,85
4922,15000000,4,Mumbai,Powai,4200,22500000,2865,82.52,74.34,71
4923,6800000,1,Mumbai,Powai,6774,19300000,2767,86.24,93.71,78
4924,18100000,5,Hyderabad,Gachibowli,3213,6400000,3464,80.53,64.3,76
4925,4800000,5,Bengaluru,Electronic City,9365,8700000,3046,77.67,93.94,78
4926,19400000,1,Mumbai,Bandra,8316,12800000,1832,74.6,99.78,53
4927,3500000,2,Bengaluru,Electronic City,9314,8600000,2340,90.22,83.94,59
4928,14100000,3,Pune,Hinjewadi,3312,22500000,1396,76.32,94.03,80
4929,16200000,2,Hyderabad,Madhapur,5003,23400000,2021,80.52,73.49,96
4930,3900000,2,Chennai,Velachery,6692,17400000,2179,81.72,95.16,89
4931,7600000,2,Bengaluru,Electronic City,3497,16100000,1890,72.08,85.68,85
4932,12300000,3,Hyderabad,Kondapur,8761,25000000,1655,71.44,70.26,90
4933,10800000,2,Bengaluru,Whitefield,7695,5900000,1890,71.3,66.88,88
4934,9600000,3,Chennai,Anna Nagar,211,7800000,2767,79.66,81.01,55
4935,13300000,2,Hyderabad,Madhapur,3274,20200000,3577,70.84,68.08,65
4936,9800000,5,Pune,Baner,3128,23800000,3665,77.47,67.67,50
4937,10600000,5,Hyderabad,Gachibowli,9811,17700000,2044,85.06,86.93,99
4938,16300000,4,Bengaluru,Whitefield,2628,18000000,980,77.63,63.72,73
4939,18600000,1,Chennai,OMR,7912,16000000,3622,81.34,61.89,90
4940,6000000,1,Pune,Kharadi,5338,11800000,2555,96.67,82.95,87
4941,13300000,3,Bengaluru,Whitefield,3406,5300000,1482,91.5,94.05,76
4942,19200000,3,Bengaluru,Electronic City,4536,6400000,904,81.87,85.49,83
4943,19600000,3,Chennai,Adyar,41,9300000,1266,77.09,94.64,95
4944,20000000,3,Hyderabad,Kukatpally,9931,10700000,1748,97.45,96.15,77
4945,5300000,1,Chennai,Velachery,7246,4600000,1042,86.82,68.23,79
4946,16900000,1,Hyderabad,Madhapur,5028,18400000,781,92.82,65.58,64
4947,15500000,1,Chennai,Adyar,3517,19200000,3321,80.12,61.67,60
4948,18300000,5,Chennai,Velachery,9564,17200000,1086,84.16,83.57,51
4949,5900000,4,Hyderabad,Kukatpally,8789,7400000,1424,92.57,66.36,89
4950,5200000,1,Mumbai,Bandra,8391,24500000,2686,70.44,66.89,79
4951,15900000,1,Hyderabad,Gachibowli,9024,4600000,3934,71.14,91.77,74
4952,18200000,4,Hyderabad,Kukatpally,3893,11300000,2098,85.39,62.84,70
4953,5400000,4,Mumbai,Bandra,6080,24500000,1222,79.32,86.02,66
4954,18700000,2,Chennai,Anna Nagar,6263,13800000,3381,87.54,88.45,72
4955,7800000,4,Bengaluru,Electronic City,7603,24300000,1940,99.72,91.12,97
4956,16600000,2,Chennai,Velachery,4248,25000000,3552,95.66,60.76,89
4957,15800000,3,Bengaluru,Electronic City,8328,21000000,2547,72.08,94.76,90
4958,14400000,2,Bengaluru,Whitefield,9533,4900000,2997,92.82,68.11,64
4959,10700000,2,Chennai,Velachery,4887,6400000,2776,91.57,60.19,79
4960,9900000,4,Bengaluru,Indiranagar,3031,21500000,1237,84.89,86.01,65
4961,5500000,3,Bengaluru,Indiranagar,4909,22700000,3164,81.12,62.88,78
4962,4700000,1,Mumbai,Thane,4741,17900000,2924,84.34,82.4,87
4963,6800000,2,Pune,Wakad,4659,17100000,3504,76.24,90.33,62
4964,7600000,1,Chennai,Velachery,6882,4600000,820,81.83,73.16,53
4965,19600000,1,Pune,Baner,6380,14400000,2918,73.31,72.36,64
4966,19200000,3,Bengaluru,Electronic City,2272,8300000,1729,81.11,97.96,83
4967,5300000,4,Hyderabad,Kukatpally,470,12800000,2991,73.16,86.13,90
4968,16700000,4,Pune,Baner,9287,9700000,3558,78.22,64.36,63
4969,16000000,2,Mumbai,Powai,5146,6700000,3946,83.42,71.96,57
4970,15200000,3,Hyderabad,Madhapur,8279,23100000,2057,73.6,82.51,69
4971,13700000,2,Hyderabad,Madhapur,7001,8800000,1503,98.65,89.22,64
4972,18000000,2,Chennai,Adyar,292,9600000,3884,95.17,87.93,79
4973,19600000,2,Mumbai,Powai,1907,18600000,766,97.25,98.76,54
4974,19500000,2,Bengaluru,Whitefield,5188,22800000,1265,95.63,81.45,50
4975,10900000,4,Hyderabad,Gachibowli,4179,5900000,1628,91.11,71.88,68
4976,3100000,1,Chennai,Adyar,3708,9300000,1828,77.18,71.8,71
4977,13800000,1,Hyderabad,Kukatpally,4716,10700000,3498,81.35,67.53,55
4978,10700000,1,Mumbai,Andheri,787,12700000,1181,94.86,82.65,78
4979,7200000,4,Bengaluru,Indiranagar,824,10800000,3733,83.72,83.92,51
4980,12900000,5,Mumbai,Thane,4441,20700000,3359,90.64,81.84,92
4981,16000000,1,Chennai,OMR,7689,22200000,2377,82.21,68.07,94
4982,5800000,2,Pune,Wakad,4265,8200000,3194,73.28,82.4,58
4983,9600000,2,Chennai,OMR,6229,20200000,2083,91.63,76.64,78
4984,13400000,3,Pune,Hinjewadi,8878,5600000,2042,98.68,86.32,87
4985,13100000,1,Mumbai,Thane,9231,14200000,2787,87.79,92.07,73
4986,15500000,3,Pune,Hinjewadi,3932,6000000,1385,96.08,76.0,75
4987,11700000,2,Pune,Baner,1047,13400000,2921,88.41,77.02,74
4988,8300000,3,Bengaluru,Indiranagar,4190,23900000,2937,79.13,76.04,75
4989,19600000,4,Chennai,Adyar,4106,10600000,2306,92.13,82.97,65
4990,14200000,4,Hyderabad,Kondapur,698,23000000,1898,81.71,66.62,92
4991,12200000,4,Bengaluru,Electronic City,933,13600000,1499,94.82,89.05,86
4992,10600000,5,Mumbai,Bandra,3813,12600000,3411,88.4,99.92,100
4993,3400000,1,Mumbai,Bandra,6147,18200000,3533,71.63,90.14,86
4994,19500000,2,Mumbai,Bandra,7366,4400000,2065,76.17,69.93,64
4995,13600000,3,Bengaluru,HSR Layout,682,5600000,1919,79.18,91.66,68
4996,7000000,5,Hyderabad,Kondapur,2419,16200000,3751,91.66,70.55,80
4997,8700000,5,Bengaluru,Indiranagar,3936,18200000,2640,87.9,85.02,64
4998,11500000,4,Bengaluru,Electronic City,4000,18000000,3670,79.23,76.43,69
4999,6800000,2,Pune,Kharadi,9908,16200000,2753,79.47,96.67,78
5000,11900000,1,Mumbai,Andheri,4463,13700000,1381,80.1,99.68,78
5001,16000000,5,Chennai,Velachery,8090,4900000,676,77.9,90.88,100
5002,3100000,1,Hyderabad,Kondapur,2842,7400000,2367,79.02,97.01,83
5003,8100000,2,Mumbai,Andheri,2611,24600000,3440,85.25,80.55,75
5004,17700000,5,Hyderabad,Kondapur,9203,5800000,2979,80.06,99.05,66
5005,6500000,4,Hyderabad,Kukatpally,6019,16200000,2268,82.5,96.99,90
5006,16500000,2,Mumbai,Bandra,5814,9300000,1901,87.93,70.01,60
5007,11300000,2,Mumbai,Thane,3697,18400000,3571,71.69,72.98,73
5008,13200000,5,Mumbai,Andheri,8522,12500000,1811,89.74,90.89,65
5009,10600000,5,Pune,Wakad,5243,6400000,2515,70.4,76.13,58
5010,7000000,1,Chennai,OMR,3419,6200000,2796,85.75,87.28,69
5011,17900000,5,Bengaluru,Electronic City,3658,15100000,909,81.33,80.3,81
5012,16400000,1,Mumbai,Andheri,8262,9000000,2195,73.29,65.69,91
5013,10800000,5,Mumbai,Bandra,2882,19300000,3785,82.05,70.21,99
5014,16100000,1,Mumbai,Andheri,1934,22700000,2112,92.22,76.3,90
5015,9200000,5,Mumbai,Powai,8071,13000000,2999,74.79,61.18,92
5016,6000000,4,Hyderabad,Kukatpally,9998,8900000,3519,91.68,91.22,81
5017,13900000,3,Chennai,OMR,8247,10300000,671,95.39,98.42,79
5018,12600000,1,Mumbai,Thane,5214,24000000,3391,71.74,72.64,91
5019,17400000,5,Pune,Kharadi,4004,7300000,2101,92.23,63.69,95
5020,14600000,1,Pune,Kharadi,9243,18000000,3142,71.95,99.78,61
5021,11400000,2,Hyderabad,Madhapur,7335,13900000,2366,95.23,98.44,64
5022,16500000,1,Bengaluru,Indiranagar,5591,9100000,3878,86.58,74.47,71
5023,4000000,4,Chennai,Anna Nagar,674,16200000,756,74.54,75.68,83
5024,9100000,1,Chennai,OMR,1198,16000000,2061,93.18,81.1,56
5025,7900000,5,Chennai,Velachery,2390,9100000,2180,78.41,76.87,96
5026,3100000,3,Bengaluru,Whitefield,6904,19100000,3117,92.89,75.97,63
5027,16300000,3,Mumbai,Powai,2371,21300000,636,94.13,83.51,62
5028,19000000,3,Pune,Baner,2331,23400000,2908,96.46,96.84,61
5029,17400000,4,Chennai,OMR,8635,14300000,1817,92.67,70.59,50
5030,3600000,2,Pune,Hinjewadi,9493,11700000,2012,85.51,65.56,54
5031,9500000,5,Chennai,Velachery,5966,15100000,1566,86.32,68.01,89
5032,14700000,1,Chennai,OMR,5859,11400000,3415,92.05,72.67,72
5033,7300000,3,Bengaluru,HSR Layout,2701,17500000,1191,90.81,67.16,86
5034,16800000,1,Mumbai,Powai,3582,4500000,1442,77.96,83.63,65
5035,12400000,1,Hyderabad,Kondapur,2416,6800000,3492,82.95,69.0,53
5036,14400000,4,Chennai,Velachery,4073,11400000,1572,92.76,73.87,72
5037,5100000,1,Bengaluru,Whitefield,4412,22400000,2497,76.31,69.99,66
5038,3000000,2,Chennai,OMR,9442,19600000,3988,72.35,99.43,51
5039,6900000,1,Bengaluru,HSR Layout,2867,23600000,1370,78.35,73.94,89
5040,4300000,3,Bengaluru,HSR Layout,7760,11800000,2545,86.7,80.09,92
5041,10400000,1,Hyderabad,Kukatpally,924,24200000,3768,72.06,84.76,73
5042,15900000,1,Bengaluru,Indiranagar,1092,9600000,1394,91.8,98.59,98
5043,12000000,3,Mumbai,Andheri,6416,23600000,2638,75.85,90.57,92
5044,6200000,1,Chennai,OMR,1425,9300000,3419,97.67,87.02,67
5045,8800000,5,Mumbai,Thane,3382,4500000,1367,73.5,75.36,83
5046,16100000,2,Hyderabad,Madhapur,6651,16100000,3156,78.94,73.03,100
5047,15100000,5,Mumbai,Bandra,645,5100000,1562,83.78,65.2,59
5048,5700000,4,Chennai,OMR,4230,3500000,3681,98.33,95.45,77
5049,7900000,4,Hyderabad,Madhapur,7564,5800000,1667,82.76,78.89,53
5050,13900000,3,Mumbai,Powai,404,17500000,2913,95.47,62.61,73
5051,4500000,3,Mumbai,Thane,8103,9500000,1413,97.46,68.25,88
5052,10900000,1,Mumbai,Bandra,8348,13600000,2842,76.16,87.18,93
5053,12300000,1,Bengaluru,Whitefield,3267,5400000,2845,79.9,84.87,95
5054,17100000,2,Pune,Hinjewadi,9612,23300000,3637,92.29,88.33,93
5055,18100000,3,Bengaluru,HSR Layout,8548,8300000,3339,91.94,97.75,59
5056,5600000,3,Hyderabad,Kukatpally,8657,9300000,2378,80.65,94.02,76
5057,7700000,4,Mumbai,Powai,7101,13800000,1970,74.22,68.26,84
5058,9200000,2,Chennai,Adyar,3914,17700000,1562,79.38,99.84,75
5059,19900000,1,Chennai,OMR,4592,16100000,1265,91.41,77.53,67
5060,9100000,5,Hyderabad,Gachibowli,5710,4700000,2584,90.73,87.23,51
5061,8700000,4,Chennai,Anna Nagar,8388,8800000,1643,98.04,69.08,75
5062,20000000,5,Pune,Baner,5091,22100000,2329,92.72,79.85,69
5063,11900000,5,Chennai,Adyar,7233,16600000,2825,84.62,95.51,76
5064,8600000,3,Mumbai,Andheri,5136,12700000,3229,83.68,73.41,71
5065,12800000,3,Hyderabad,Madhapur,3697,8500000,3280,89.0,76.08,95
5066,5600000,4,Bengaluru,Indiranagar,207,19200000,916,77.77,71.08,60
5067,11000000,5,Bengaluru,Whitefield,2451,7000000,3429,94.29,66.46,93
5068,7600000,5,Hyderabad,Kondapur,6127,5600000,3774,83.82,78.13,68
5069,8800000,2,Bengaluru,Electronic City,1286,10100000,1160,73.91,60.07,72
5070,10300000,5,Mumbai,Powai,3886,22800000,881,93.76,62.84,76
5071,9700000,4,Hyderabad,Kondapur,4636,6900000,1476,72.83,92.57,92
5072,11200000,2,Hyderabad,Gachibowli,4780,11400000,1077,91.45,98.73,72
5073,17500000,5,Chennai,Adyar,4673,22100000,1334,84.49,95.54,53
5074,4900000,1,Chennai,Anna Nagar,6622,20400000,2902,88.47,85.08,96
5075,19700000,2,Pune,Hinjewadi,8479,9900000,3369,85.85,67.28,54
5076,5200000,4,Bengaluru,HSR Layout,2789,9900000,1635,91.78,83.66,99
5077,19800000,2,Chennai,OMR,3129,9300000,2085,90.71,68.88,55
5078,4500000,1,Mumbai,Powai,650,3900000,3789,72.48,93.54,84
5079,17900000,4,Bengaluru,HSR Layout,2743,15900000,2039,95.0,60.35,95
5080,5100000,5,Bengaluru,Electronic City,8824,7200000,2883,85.76,72.6,74
5081,9200000,3,Pune,Hinjewadi,1848,20900000,1629,90.6,72.42,74
5082,10800000,4,Bengaluru,Electronic City,4742,10700000,877,87.16,84.49,96
5083,13700000,1,Hyderabad,Kukatpally,8449,6700000,962,70.69,69.97,90
5084,19100000,1,Hyderabad,Madhapur,4547,17300000,1646,93.43,87.19,83
5085,18400000,2,Hyderabad,Kondapur,5675,14300000,3221,98.15,87.27,81
5086,11300000,4,Hyderabad,Kukatpally,9490,11600000,2831,89.46,74.97,79
5087,4000000,3,Mumbai,Thane,6774,12600000,2575,78.32,73.38,51
5088,7900000,2,Chennai,Adyar,783,18500000,1413,86.69,65.43,53
5089,17200000,3,Chennai,Anna Nagar,8702,15300000,2310,86.72,65.86,91
5090,8400000,5,Chennai,OMR,4029,18800000,3235,73.82,74.41,78
5091,15000000,3,Hyderabad,Kondapur,3228,24800000,1544,74.3,95.48,86
5092,18500000,2,Mumbai,Bandra,5535,14900000,1322,85.67,94.04,95
5093,5200000,3,Pune,Hinjewadi,3313,13500000,3284,96.82,70.6,77
5094,15500000,3,Hyderabad,Kondapur,4749,11600000,2607,99.85,70.62,93
5095,10400000,5,Chennai,Anna Nagar,6916,14000000,3395,76.99,89.57,68
5096,15300000,1,Hyderabad,Madhapur,8735,5200000,1550,82.76,65.05,95
5097,13500000,1,Pune,Baner,3475,19600000,2433,73.03,82.81,57
5098,6900000,5,Bengaluru,Whitefield,9143,13000000,1472,79.79,87.83,89
5099,8800000,3,Hyderabad,Gachibowli,2751,3900000,705,80.51,87.99,73
5100,13100000,5,Hyderabad,Kondapur,3153,4900000,739,71.96,90.68,57
5101,10300000,5,Mumbai,Andheri,313,18700000,3026,92.2,76.86,67
5102,10300000,2,Hyderabad,Madhapur,2,3900000,3864,83.94,74.28,54
5103,16500000,5,Pune,Wakad,8821,11500000,2147,80.23,70.61,62
5104,19600000,4,Mumbai,Bandra,8262,16400000,2807,80.5,68.24,80
5105,12300000,4,Pune,Wakad,7028,20300000,2274,88.38,62.79,54
5106,17200000,4,Pune,Hinjewadi,4281,13400000,3584,99.3,90.77,77
5107,13300000,5,Hyderabad,Kukatpally,4099,3900000,706,88.22,63.99,95
5108,8600000,2,Pune,Hinjewadi,7378,20700000,1819,76.63,87.51,64
5109,15400000,5,Pune,Wakad,2615,22600000,3026,72.78,82.83,97
5110,7200000,3,Bengaluru,Electronic City,9005,6600000,3866,76.08,89.1,72
5111,5300000,4,Bengaluru,HSR Layout,9116,12400000,920,96.25,98.76,82
5112,11000000,2,Chennai,Adyar,7336,6800000,2100,70.81,67.94,58
5113,13800000,2,Hyderabad,Kondapur,8219,21100000,1351,77.77,85.29,95
5114,15100000,5,Chennai,Adyar,459,20700000,2658,75.96,94.34,62
5115,7300000,5,Mumbai,Andheri,4592,18400000,3954,95.51,75.54,80
5116,13100000,3,Chennai,Anna Nagar,3657,5700000,2602,96.31,65.37,58
5117,19100000,4,Chennai,Velachery,7584,4300000,2711,85.31,94.34,84
5118,7100000,5,Hyderabad,Madhapur,2686,20500000,3462,71.9,96.43,76
5119,4000000,5,Chennai,Adyar,7505,11000000,3180,97.13,68.42,81
5120,11300000,1,Bengaluru,Whitefield,5731,8300000,2057,88.83,91.95,72
5121,8900000,3,Bengaluru,Whitefield,3679,19400000,1330,77.1,91.08,81
5122,13900000,2,Hyderabad,Kondapur,3327,10900000,2936,83.26,71.53,96
5123,9300000,5,Hyderabad,Kondapur,3325,25000000,1128,89.02,86.11,85
5124,8600000,3,Pune,Kharadi,6676,12900000,2473,76.5,74.75,57
5125,15100000,5,Pune,Kharadi,3054,4000000,654,74.16,95.99,87
5126,13000000,2,Chennai,Velachery,8498,24700000,2116,82.02,61.65,56
5127,17400000,4,Hyderabad,Madhapur,6498,15000000,3658,75.07,94.69,50
5128,13400000,5,Pune,Kharadi,7141,24200000,2767,87.03,79.39,76
5129,19500000,2,Bengaluru,Indiranagar,6921,9000000,2427,84.9,88.21,92
5130,5200000,5,Bengaluru,HSR Layout,6634,17300000,1392,89.42,80.71,89
5131,8200000,2,Pune,Baner,7483,7200000,2905,77.52,72.2,90
5132,17400000,5,Bengaluru,Electronic City,5561,21500000,3534,73.5,94.47,69
5133,8800000,5,Bengaluru,Electronic City,5303,15300000,2833,92.74,95.53,88
5134,14500000,4,Pune,Baner,9050,9600000,898,88.81,83.74,61
5135,15700000,5,Bengaluru,Indiranagar,8486,15900000,3295,71.57,79.61,71
5136,7900000,5,Hyderabad,Madhapur,4999,20300000,1214,94.67,86.46,84
5137,10500000,3,Bengaluru,Whitefield,29,15600000,3119,91.41,96.13,59
5138,14800000,3,Chennai,Velachery,9823,12600000,3301,99.24,87.77,96
5139,19700000,2,Bengaluru,Whitefield,9348,13500000,2385,77.55,87.8,65
5140,13100000,3,Chennai,OMR,9847,4300000,1281,75.25,97.85,69
5141,4600000,4,Bengaluru,HSR Layout,9335,10000000,3012,94.23,87.8,87
5142,11200000,3,Pune,Hinjewadi,989,13700000,3129,74.7,83.15,89
5143,3000000,1,Mumbai,Bandra,4886,19700000,3705,71.89,85.13,81
5144,14100000,2,Chennai,Anna Nagar,2111,6300000,3482,95.48,74.4,77
5145,15800000,3,Mumbai,Bandra,3197,6300000,617,90.01,62.95,54
5146,16400000,1,Pune,Baner,2856,9800000,3972,72.77,68.86,77
5147,12100000,2,Bengaluru,Whitefield,5345,16300000,1020,70.86,86.94,100
5148,10700000,1,Bengaluru,Whitefield,1529,14300000,3835,72.27,67.3,76
5149,18900000,1,Bengaluru,HSR Layout,6569,12500000,2651,84.3,81.32,75
5150,3100000,1,Hyderabad,Madhapur,1138,23200000,3034,93.75,85.34,63
5151,14500000,4,Hyderabad,Madhapur,3150,13800000,1673,81.0,86.58,69
5152,4300000,2,Mumbai,Bandra,9209,13500000,1549,86.25,65.18,73
5153,8400000,4,Hyderabad,Kukatpally,2227,14300000,1657,97.22,74.33,50
5154,15400000,2,Bengaluru,Indiranagar,7125,7400000,1627,87.79,66.85,52
5155,12000000,2,Chennai,Velachery,2155,7400000,809,85.86,79.19,91
5156,11500000,5,Hyderabad,Gachibowli,7122,3900000,3869,74.41,97.27,53
5157,14700000,2,Chennai,OMR,6204,11300000,1752,90.52,72.55,56
5158,8200000,1,Bengaluru,Electronic City,4861,16800000,923,82.27,71.17,87
5159,5300000,3,Hyderabad,Gachibowli,1808,12100000,2061,90.57,65.91,94
5160,9100000,1,Bengaluru,Electronic City,5612,9500000,816,73.84,73.07,70
5161,9400000,4,Mumbai,Powai,1479,11200000,2637,85.26,95.89,98
5162,5500000,1,Mumbai,Andheri,9739,16100000,3340,72.02,96.22,53
5163,17400000,2,Chennai,Velachery,548,16700000,828,75.22,62.85,75
5164,4000000,4,Pune,Baner,2757,14600000,1545,97.5,86.85,94
5165,13800000,4,Bengaluru,Whitefield,4534,16700000,836,75.37,90.3,85
5166,5800000,2,Chennai,Velachery,9043,15200000,3067,79.79,62.0,62
5167,19800000,4,Bengaluru,Electronic City,7917,19700000,2909,73.96,81.42,76
5168,4600000,3,Mumbai,Powai,9324,25000000,3834,83.52,69.2,62
5169,16500000,2,Bengaluru,Whitefield,4922,13400000,3762,70.7,82.57,56
5170,6300000,5,Chennai,OMR,4530,10600000,3375,98.97,71.22,61
5171,17200000,3,Bengaluru,Indiranagar,9722,11500000,3519,92.32,90.38,57
5172,7300000,5,Chennai,Velachery,1426,17300000,3031,93.52,66.29,87
5173,4900000,1,Hyderabad,Gachibowli,7249,20400000,1892,81.37,71.31,90
5174,4400000,4,Hyderabad,Kondapur,7846,4100000,1738,78.58,67.72,88
5175,3100000,5,Bengaluru,Indiranagar,7587,5300000,1862,79.79,81.75,78
5176,19600000,2,Mumbai,Bandra,5702,10400000,3713,94.42,86.92,70
5177,3500000,3,Pune,Kharadi,1452,20200000,1363,75.82,91.38,98
5178,8600000,5,Pune,Hinjewadi,2555,16700000,2945,77.47,68.49,82
5179,16600000,3,Mumbai,Andheri,9092,9800000,2951,87.04,68.87,83
5180,17700000,1,Pune,Wakad,8977,7800000,1781,94.54,62.91,58
5181,18500000,2,Bengaluru,Electronic City,8290,14700000,3960,90.67,73.4,74
5182,5600000,1,Bengaluru,Whitefield,4871,16900000,919,71.3,68.02,99
5183,17200000,1,Hyderabad,Gachibowli,3934,21600000,1906,79.02,85.33,76
5184,10500000,3,Mumbai,Bandra,1446,24800000,1533,73.4,67.04,73
5185,11100000,3,Chennai,Anna Nagar,9329,25000000,2045,99.64,99.59,54
5186,15600000,2,Bengaluru,HSR Layout,1049,9100000,1044,72.68,75.61,52
5187,17500000,3,Chennai,Anna Nagar,851,5400000,2201,71.14,85.56,60
5188,3400000,5,Hyderabad,Madhapur,3133,3500000,2641,82.33,87.62,73
5189,10600000,5,Mumbai,Bandra,9165,16100000,1712,79.88,69.3,59
5190,5200000,2,Pune,Hinjewadi,6849,21500000,3141,79.12,62.31,55
5191,4100000,1,Chennai,OMR,5477,24100000,2579,86.1,69.95,52
5192,15800000,2,Mumbai,Bandra,8820,12300000,1507,99.83,71.78,87
5193,19000000,2,Mumbai,Powai,8108,4600000,1051,76.55,94.56,86
5194,17600000,5,Pune,Baner,3732,19200000,2097,82.85,76.55,69
5195,19000000,1,Pune,Kharadi,6980,12500000,3328,84.61,92.9,51
5196,11000000,1,Hyderabad,Madhapur,1322,18600000,1244,84.99,81.38,65
5197,5400000,2,Bengaluru,Electronic City,5902,23000000,2404,73.51,91.78,80
5198,4600000,2,Chennai,OMR,5985,18100000,3064,82.7,97.48,70
5199,18200000,1,Mumbai,Bandra,3856,19800000,2154,87.73,79.92,86
5200,3000000,3,Chennai,Anna Nagar,6895,18100000,3231,84.51,75.83,60
5201,13900000,2,Hyderabad,Madhapur,3685,13300000,1731,75.39,89.16,70
5202,12000000,1,Chennai,OMR,4967,8200000,2754,86.07,70.15,80
5203,15300000,5,Hyderabad,Gachibowli,8610,12400000,1988,82.33,76.61,91
5204,14100000,3,Chennai,Adyar,7337,5000000,3768,92.76,93.75,57
5205,10900000,1,Bengaluru,HSR Layout,8632,7500000,1191,86.62,66.05,82
5206,13300000,2,Hyderabad,Kondapur,8751,18100000,3442,71.31,96.24,82
5207,16100000,2,Bengaluru,Indiranagar,4888,9900000,2611,96.88,66.08,72
5208,15100000,2,Chennai,Adyar,6272,14200000,3487,96.51,69.11,59
5209,3100000,4,Mumbai,Thane,2551,23400000,1476,95.47,97.04,100
5210,12500000,1,Hyderabad,Gachibowli,1597,21500000,1423,89.33,89.98,70
5211,11800000,3,Bengaluru,Whitefield,2968,8600000,3815,94.32,60.07,54
5212,19200000,1,Hyderabad,Kondapur,4969,21200000,3361,77.12,89.48,67
5213,17100000,5,Hyderabad,Gachibowli,4583,24400000,3894,90.66,68.77,56
5214,14200000,5,Hyderabad,Gachibowli,3466,22300000,3896,93.55,83.88,87
5215,19200000,4,Pune,Wakad,3840,8700000,3432,78.29,77.47,57
5216,19900000,5,Mumbai,Andheri,6565,13000000,842,98.06,72.95,50
5217,9500000,2,Hyderabad,Kukatpally,6907,6600000,2920,87.4,82.39,60
5218,15800000,2,Hyderabad,Kondapur,7181,11200000,3920,74.07,78.32,62
5219,12300000,3,Mumbai,Bandra,4052,7800000,1898,85.27,63.25,61
5220,4200000,1,Mumbai,Powai,7916,14200000,1449,87.8,62.55,68
5221,10800000,2,Hyderabad,Gachibowli,9720,21100000,2322,73.33,84.27,83
5222,14000000,5,Bengaluru,Electronic City,5915,4300000,2425,78.89,62.21,91
5223,9700000,5,Pune,Hinjewadi,4893,6600000,2717,91.35,93.47,95
5224,13700000,2,Pune,Hinjewadi,6625,21800000,1344,88.25,83.72,55
5225,13300000,5,Hyderabad,Gachibowli,4004,8700000,3855,72.23,67.52,96
5226,15400000,1,Hyderabad,Madhapur,1552,4600000,908,88.4,99.8,61
5227,9600000,5,Chennai,Adyar,10000,8300000,2709,71.33,87.29,92
5228,18000000,2,Mumbai,Bandra,5926,20600000,1011,89.26,86.05,75
5229,14800000,2,Chennai,Anna Nagar,4183,17600000,680,88.61,84.96,73
5230,11200000,2,Bengaluru,Electronic City,4138,9400000,3772,89.25,92.21,99
5231,17900000,5,Mumbai,Powai,9618,8800000,906,89.54,85.06,94
5232,19700000,1,Bengaluru,Electronic City,2682,19700000,3057,84.47,65.52,66
5233,11600000,1,Hyderabad,Kukatpally,1610,14300000,1340,93.35,73.08,59
5234,14300000,3,Mumbai,Bandra,1691,20900000,633,90.35,66.22,96
5235,8200000,1,Mumbai,Bandra,3163,19700000,3029,73.42,61.05,60
5236,9000000,4,Bengaluru,Electronic City,8871,16300000,1194,73.35,87.55,87
5237,12400000,4,Bengaluru,Whitefield,2445,3600000,1760,82.75,87.78,61
5238,17100000,5,Bengaluru,HSR Layout,4354,5200000,1405,95.98,85.8,63
5239,7600000,2,Hyderabad,Kukatpally,1280,25000000,1394,72.95,93.36,66
5240,5500000,1,Bengaluru,Electronic City,9851,21700000,1403,84.58,67.3,55
5241,8800000,5,Pune,Kharadi,7776,23100000,3977,75.11,98.27,79
5242,16300000,3,Bengaluru,Indiranagar,9,11400000,2004,85.19,89.9,77
5243,12600000,2,Mumbai,Thane,7618,12700000,1755,97.77,89.9,66
5244,6200000,2,Pune,Baner,8995,24700000,838,85.41,60.85,94
5245,8400000,5,Chennai,OMR,991,11100000,1080,76.63,79.62,89
5246,6300000,5,Mumbai,Thane,4199,12700000,2343,78.37,74.33,68
5247,17900000,5,Hyderabad,Kukatpally,5545,14000000,1046,72.55,82.68,54
5248,11800000,5,Hyderabad,Madhapur,9987,6700000,3494,98.73,90.64,95
5249,14900000,1,Chennai,Anna Nagar,1446,11800000,2285,99.06,72.59,61
5250,13500000,5,Bengaluru,Whitefield,3856,3800000,3394,86.39,63.45,74
5251,5200000,3,Bengaluru,Whitefield,4963,21600000,2620,79.59,64.49,68
5252,15900000,2,Chennai,Anna Nagar,5648,13500000,3662,95.69,98.85,65
5253,6000000,1,Pune,Wakad,6646,15700000,3579,95.48,73.3,75
5254,5900000,2,Mumbai,Powai,7155,5000000,966,93.91,82.07,100
5255,14700000,3,Pune,Hinjewadi,4452,8100000,689,94.87,81.88,66
5256,7400000,3,Chennai,Adyar,5263,14600000,2649,92.69,71.5,92
5257,14400000,5,Bengaluru,HSR Layout,2386,22400000,2694,99.74,73.63,79
5258,16000000,5,Pune,Baner,1330,19400000,3108,70.85,85.25,72
5259,10200000,5,Chennai,Velachery,8943,9900000,1297,80.96,78.08,95
5260,3300000,2,Bengaluru,Indiranagar,2231,4000000,1579,93.15,71.29,57
5261,13000000,4,Bengaluru,Electronic City,6816,9800000,826,71.72,63.94,52
5262,8500000,2,Chennai,OMR,2904,9100000,2129,86.7,90.34,76
5263,4900000,2,Chennai,Adyar,9274,8400000,3193,98.23,90.74,92
5264,13500000,3,Chennai,Anna Nagar,9812,5300000,2004,94.67,77.13,71
5265,13500000,4,Pune,Baner,3699,18100000,3687,88.16,93.88,59
5266,6500000,2,Hyderabad,Kukatpally,3383,14200000,3721,95.85,63.84,73
5267,3200000,4,Hyderabad,Gachibowli,237,22900000,1421,77.25,76.77,98
5268,5900000,4,Hyderabad,Madhapur,338,17200000,1296,75.59,61.73,68
5269,14500000,2,Mumbai,Powai,7283,15500000,2989,91.33,66.82,56
5270,3300000,5,Chennai,Adyar,7273,5800000,1541,73.78,65.48,86
5271,6100000,1,Chennai,Velachery,183,23200000,2199,71.48,67.32,68
5272,14100000,4,Pune,Baner,1184,21500000,1141,95.85,95.86,54
5273,3400000,1,Pune,Baner,9112,11000000,1707,85.98,73.33,62
5274,8700000,2,Bengaluru,HSR Layout,2273,13400000,3792,80.17,94.83,99
5275,11400000,1,Chennai,Anna Nagar,3930,8800000,2016,76.87,83.56,63
5276,4400000,5,Hyderabad,Kondapur,3710,19300000,2322,86.68,80.3,66
5277,4500000,1,Chennai,Anna Nagar,5690,4500000,2548,90.62,61.42,57
5278,6300000,4,Chennai,Adyar,1012,13800000,1319,71.83,89.05,82
5279,4700000,3,Bengaluru,Electronic City,5138,6600000,2082,77.22,79.56,100
5280,3900000,4,Bengaluru,Whitefield,5278,22000000,2924,76.88,60.32,95
5281,14100000,5,Bengaluru,Whitefield,6477,22000000,3774,71.45,71.14,62
5282,3600000,2,Chennai,OMR,25,6500000,3396,74.78,99.48,72
5283,15900000,3,Hyderabad,Gachibowli,3180,14700000,2704,84.33,79.29,84
5284,14300000,2,Mumbai,Bandra,6851,11900000,931,86.19,84.57,99
5285,9500000,2,Mumbai,Thane,8592,24500000,3391,98.78,89.99,77
5286,9700000,3,Mumbai,Powai,3337,22700000,3538,80.04,94.05,81
5287,10100000,5,Bengaluru,Electronic City,5984,24800000,636,79.0,83.96,68
5288,13600000,5,Mumbai,Thane,3054,7200000,3837,87.04,87.66,65
5289,18500000,4,Pune,Hinjewadi,7598,8400000,2883,99.56,63.61,79
5290,9600000,1,Bengaluru,HSR Layout,2551,22800000,1994,96.1,65.85,55
5291,4500000,1,Mumbai,Thane,3646,21900000,1509,77.78,66.08,80
5292,3200000,3,Mumbai,Bandra,7816,13600000,806,82.42,80.09,56
5293,7600000,5,Pune,Wakad,5807,6700000,3828,85.77,85.6,73
5294,7300000,5,Chennai,Anna Nagar,8759,21600000,780,93.65,95.4,88
5295,10300000,4,Chennai,Velachery,5001,17600000,3571,83.61,79.25,94
5296,17400000,4,Chennai,OMR,598,19700000,1141,91.02,97.57,85
5297,19300000,2,Hyderabad,Kukatpally,8075,16700000,3631,77.37,96.32,86
5298,18000000,5,Bengaluru,Whitefield,7520,21800000,733,93.73,61.31,66
5299,18900000,2,Mumbai,Andheri,394,17400000,2481,95.56,82.14,96
5300,13200000,4,Pune,Kharadi,9697,11800000,997,76.47,93.55,74
5301,12600000,4,Chennai,OMR,751,23900000,2743,85.18,82.11,51
5302,4600000,5,Bengaluru,Electronic City,8088,18700000,1147,74.51,85.98,84
5303,16000000,4,Mumbai,Bandra,2545,16800000,1876,83.58,80.02,82
5304,20000000,3,Bengaluru,Indiranagar,6808,14700000,1447,95.62,61.56,64
5305,19100000,1,Hyderabad,Gachibowli,6751,15800000,2123,81.49,82.18,67
5306,6000000,1,Hyderabad,Madhapur,5020,18300000,1483,78.65,75.64,50
5307,16600000,5,Hyderabad,Madhapur,8098,6000000,818,97.67,68.37,99
5308,15600000,5,Chennai,Anna Nagar,5186,15500000,2661,72.42,83.02,74
5309,7600000,4,Chennai,Anna Nagar,1961,23100000,2322,90.3,98.7,79
5310,5300000,5,Chennai,Anna Nagar,5238,5700000,2408,91.07,93.67,65
5311,5800000,4,Pune,Wakad,5308,23200000,2188,74.18,85.96,63
5312,7500000,3,Chennai,Anna Nagar,8352,7300000,1307,91.99,67.07,76
5313,3700000,2,Mumbai,Andheri,1946,17700000,2738,92.5,95.95,56
5314,16900000,5,Pune,Kharadi,1746,21900000,2408,78.67,84.13,86
5315,16700000,3,Chennai,Velachery,3214,5800000,3045,75.67,76.64,87
5316,9900000,1,Bengaluru,HSR Layout,6933,7600000,3096,91.78,90.26,74
5317,15000000,5,Chennai,Anna Nagar,4586,25000000,3734,81.34,94.93,54
5318,19200000,3,Chennai,Velachery,9061,16900000,2591,97.71,96.25,57
5319,8200000,3,Chennai,Anna Nagar,4587,4400000,1810,71.8,97.49,53
5320,6600000,2,Hyderabad,Kondapur,7080,5700000,1553,71.65,86.11,52
5321,16800000,2,Chennai,Adyar,7065,9600000,2106,70.42,81.35,70
5322,19700000,2,Hyderabad,Madhapur,7855,9100000,3354,93.51,83.84,87
5323,14100000,2,Chennai,Anna Nagar,9548,4400000,3031,89.59,99.08,82
5324,20000000,3,Pune,Kharadi,741,17700000,835,81.64,66.81,87
5325,14600000,1,Pune,Baner,1079,12100000,3656,81.15,79.22,96
5326,17800000,2,Pune,Wakad,2995,14600000,658,81.49,86.2,60
5327,12600000,1,Bengaluru,Electronic City,5269,9800000,3436,70.99,83.62,50
5328,9400000,3,Mumbai,Andheri,1942,10500000,3376,70.5,88.83,83
5329,18200000,3,Mumbai,Bandra,9274,7700000,2275,97.43,61.1,76
5330,19500000,2,Pune,Wakad,6690,4500000,913,87.9,60.85,93
5331,3400000,5,Hyderabad,Kukatpally,3661,11200000,3823,85.19,96.57,66
5332,5400000,3,Pune,Kharadi,9364,25000000,2787,81.62,99.25,65
5333,15600000,4,Chennai,Velachery,8581,16400000,3678,78.95,84.78,91
5334,9200000,4,Bengaluru,Indiranagar,9446,19700000,3249,86.53,66.05,99
5335,15000000,2,Pune,Baner,5849,25000000,707,87.17,80.89,93
5336,11400000,4,Chennai,Adyar,4702,12000000,3589,89.91,85.92,55
5337,16200000,3,Chennai,OMR,7533,23600000,3034,99.26,95.64,89
5338,15100000,5,Hyderabad,Madhapur,9457,18200000,3458,75.65,76.15,86
5339,3400000,2,Mumbai,Thane,4539,12300000,2244,89.23,81.28,97
5340,5400000,1,Mumbai,Thane,404,9800000,3342,77.5,93.68,75
5341,4000000,1,Pune,Wakad,9378,15000000,1201,75.81,64.57,50
5342,18700000,5,Pune,Hinjewadi,3668,19300000,2383,77.62,60.44,99
5343,4600000,5,Hyderabad,Kukatpally,8704,9200000,2961,80.36,87.3,82
5344,13300000,4,Chennai,OMR,252,15400000,3918,89.44,71.14,65
5345,19300000,4,Pune,Hinjewadi,2598,14200000,2164,72.34,87.31,61
5346,17700000,2,Hyderabad,Kondapur,1120,4500000,1795,89.61,69.7,70
5347,3100000,4,Bengaluru,Whitefield,8747,19200000,2994,77.02,99.06,86
5348,9000000,5,Mumbai,Andheri,9788,7800000,1208,93.62,87.52,53
5349,12500000,1,Chennai,Adyar,2045,14800000,2660,93.1,85.46,87
5350,11900000,3,Bengaluru,Whitefield,8558,14900000,2355,78.63,91.17,66
5351,14500000,5,Bengaluru,Electronic City,2385,21500000,3350,75.55,87.83,99
5352,13200000,4,Bengaluru,HSR Layout,7372,16400000,2063,78.05,84.81,88
5353,12900000,3,Bengaluru,Whitefield,8508,16000000,3561,94.96,61.32,73
5354,7900000,3,Chennai,Adyar,5275,21600000,1883,81.44,67.07,85
5355,16100000,3,Chennai,Velachery,601,9600000,3293,86.6,82.57,50
5356,11100000,5,Pune,Hinjewadi,8955,5800000,1977,78.52,63.96,86
5357,19800000,3,Pune,Kharadi,8526,9400000,2958,87.9,84.8,98
5358,15900000,1,Hyderabad,Kukatpally,1204,8800000,3501,99.84,63.94,56
5359,9900000,5,Bengaluru,HSR Layout,9885,8200000,945,77.88,93.55,56
5360,9600000,5,Bengaluru,HSR Layout,5243,9800000,3435,93.32,89.07,87
5361,18700000,2,Pune,Hinjewadi,4461,17700000,1603,99.79,88.15,56
5362,19700000,1,Bengaluru,Electronic City,1132,23800000,1055,76.27,85.8,91
5363,14000000,5,Pune,Wakad,601,20400000,3411,96.77,99.3,95
5364,4100000,4,Hyderabad,Kondapur,9855,15300000,2722,79.8,78.22,58
5365,10800000,4,Hyderabad,Kukatpally,202,15300000,3686,98.37,95.65,99
5366,15300000,5,Chennai,Adyar,3098,17900000,3045,72.52,60.95,57
5367,19000000,3,Pune,Hinjewadi,1817,12100000,1450,90.33,71.12,60
5368,15300000,2,Pune,Hinjewadi,2049,18900000,1664,95.02,80.19,80
5369,16600000,4,Mumbai,Bandra,8392,10700000,2931,84.24,81.62,51
5370,8600000,3,Bengaluru,Whitefield,8976,22000000,2785,88.57,73.92,91
5371,12400000,1,Hyderabad,Kukatpally,4351,8000000,3127,87.39,82.68,67
5372,12600000,5,Hyderabad,Madhapur,5195,17100000,3573,92.09,74.96,73
5373,5200000,2,Chennai,Velachery,4443,3600000,2922,77.81,88.47,78
5374,18000000,2,Bengaluru,Indiranagar,292,15000000,1947,92.13,82.97,71
5375,19900000,3,Hyderabad,Kukatpally,9106,8200000,3159,76.79,97.21,88
5376,11600000,3,Hyderabad,Kukatpally,9561,14700000,1957,75.33,83.59,93
5377,4600000,5,Hyderabad,Madhapur,6252,15600000,1319,87.41,73.02,87
5378,14900000,5,Chennai,Velachery,7038,4100000,1116,70.01,95.53,52
5379,7900000,2,Mumbai,Andheri,6394,21500000,607,76.36,94.59,57
5380,14200000,3,Mumbai,Bandra,5796,23000000,642,77.99,76.25,86
5381,17200000,5,Pune,Baner,4771,17400000,2982,85.41,63.09,65
5382,14300000,3,Bengaluru,Whitefield,7443,17000000,931,77.65,93.58,92
5383,4400000,3,Hyderabad,Madhapur,6991,18300000,1619,92.13,77.8,67
5384,9800000,2,Bengaluru,Electronic City,8841,5800000,3511,96.34,84.86,84
5385,9200000,4,Mumbai,Thane,6992,16800000,714,78.34,97.88,53
5386,15100000,5,Mumbai,Thane,12,9400000,3594,99.55,82.85,71
5387,17100000,4,Bengaluru,Electronic City,3882,22700000,1027,86.26,77.35,65
5388,19200000,1,Mumbai,Bandra,390,4300000,2733,91.45,94.3,99
5389,10100000,4,Hyderabad,Kondapur,7682,17200000,2856,99.59,64.25,89
5390,3800000,1,Hyderabad,Kukatpally,9920,9800000,2836,81.32,94.15,81
5391,13500000,1,Bengaluru,Indiranagar,7349,12700000,2534,93.19,99.34,78
5392,3600000,3,Hyderabad,Madhapur,5346,21300000,799,70.55,64.63,94
5393,8500000,5,Pune,Wakad,7527,13200000,2974,90.61,82.64,99
5394,17900000,3,Hyderabad,Kondapur,6613,23100000,3451,91.09,60.16,50
5395,17000000,3,Mumbai,Thane,4996,22300000,3174,77.43,96.89,53
5396,6200000,4,Mumbai,Bandra,2034,4700000,1628,95.83,73.71,97
5397,12500000,3,Mumbai,Andheri,4213,20400000,1845,74.2,89.82,72
5398,12700000,2,Pune,Kharadi,7540,19100000,1110,86.77,74.43,54
5399,11700000,3,Pune,Wakad,7040,18300000,3349,79.91,62.13,71
5400,4000000,4,Pune,Hinjewadi,8138,21000000,996,83.8,60.68,67
5401,18500000,3,Pune,Kharadi,6286,16600000,801,78.61,62.09,77
5402,11500000,4,Hyderabad,Kukatpally,3978,12800000,1238,85.7,73.68,85
5403,10000000,3,Hyderabad,Madhapur,941,18200000,1356,96.97,67.97,69
5404,12800000,1,Chennai,Anna Nagar,5001,13800000,3023,83.01,74.38,67
5405,11200000,4,Bengaluru,HSR Layout,6575,9400000,2418,72.97,72.12,59
5406,18800000,5,Mumbai,Powai,7802,16400000,3101,93.11,88.78,80
5407,17300000,4,Chennai,Velachery,7946,7400000,1572,81.7,94.12,85
5408,3100000,4,Hyderabad,Kondapur,2901,16900000,748,80.23,80.94,97
5409,19000000,4,Hyderabad,Gachibowli,8228,22000000,3356,84.7,67.97,57
5410,3700000,3,Chennai,Adyar,6643,14300000,3321,86.29,69.1,57
5411,10300000,4,Mumbai,Andheri,784,17700000,1851,79.55,90.65,57
5412,3600000,4,Mumbai,Powai,6994,11800000,2385,97.4,71.86,50
5413,11000000,2,Chennai,Adyar,2848,7800000,2279,80.7,93.53,69
5414,17600000,3,Chennai,Velachery,1578,10900000,3451,83.01,70.22,50
5415,15100000,2,Hyderabad,Madhapur,3283,4600000,3023,81.99,67.65,97
5416,7800000,1,Hyderabad,Kondapur,7967,13500000,2413,94.66,70.33,77
5417,7900000,4,Mumbai,Andheri,3,6300000,1666,75.17,92.52,54
5418,7600000,1,Pune,Wakad,5347,21800000,1495,88.26,96.71,76
5419,7600000,1,Pune,Hinjewadi,1589,24300000,3598,81.21,96.77,62
5420,14900000,2,Bengaluru,Indiranagar,3902,11900000,2274,81.36,71.8,73
5421,17200000,3,Chennai,Velachery,747,5200000,712,87.87,90.49,65
5422,12100000,2,Chennai,OMR,2880,13000000,2573,87.3,74.63,96
5423,3200000,3,Bengaluru,Indiranagar,5215,15400000,2003,94.22,82.5,78
5424,13800000,1,Chennai,Anna Nagar,414,12200000,3779,75.98,93.83,57
5425,17100000,1,Mumbai,Powai,5207,18600000,1925,77.83,88.55,75
5426,16400000,5,Hyderabad,Gachibowli,444,24000000,2790,83.94,65.39,58
5427,10300000,5,Pune,Wakad,6624,12200000,1751,71.16,65.92,65
5428,18200000,4,Hyderabad,Kondapur,1256,17600000,3930,95.24,89.29,97
5429,4100000,3,Chennai,OMR,2110,23900000,652,78.52,63.19,100
5430,5300000,2,Pune,Hinjewadi,3174,15100000,3704,85.43,98.36,51
5431,8100000,4,Mumbai,Bandra,9153,14400000,2076,85.06,70.56,59
5432,6900000,3,Bengaluru,HSR Layout,907,24000000,3374,91.58,98.68,95
5433,4600000,3,Chennai,Velachery,5603,23100000,1481,92.01,68.35,72
5434,13600000,4,Chennai,Adyar,9118,21800000,1576,83.09,92.06,90
5435,16300000,4,Hyderabad,Kukatpally,5095,23500000,2392,77.48,87.16,61
5436,14100000,5,Chennai,Adyar,4168,18700000,2529,70.84,82.84,50
5437,9000000,4,Chennai,OMR,3969,3900000,1252,80.95,61.32,88
5438,18200000,4,Chennai,Velachery,3426,7800000,3593,74.6,91.65,53
5439,16700000,1,Pune,Hinjewadi,6680,10100000,726,74.25,71.05,89
5440,19900000,1,Mumbai,Powai,315,21600000,2497,89.64,67.72,88
5441,6800000,3,Mumbai,Andheri,1688,22800000,2644,70.31,61.04,89
5442,7800000,1,Hyderabad,Madhapur,112,4600000,2148,78.35,65.65,99
5443,18900000,3,Hyderabad,Kondapur,8278,5600000,3154,76.63,64.25,98
5444,10600000,4,Mumbai,Powai,869,17500000,1937,79.03,99.44,78
5445,15400000,5,Bengaluru,Electronic City,9492,17800000,2677,76.34,79.64,79
5446,14700000,5,Mumbai,Powai,7960,4000000,2640,75.23,90.65,96
5447,14800000,5,Hyderabad,Kondapur,7421,19700000,2112,98.17,70.73,91
5448,18600000,1,Mumbai,Andheri,8300,20700000,1171,98.28,86.53,50
5449,7600000,1,Mumbai,Thane,6152,21800000,1508,86.56,73.08,72
5450,18300000,3,Mumbai,Thane,1369,14800000,705,86.9,91.31,74
5451,12100000,2,Pune,Wakad,3439,23900000,2290,82.79,68.02,78
5452,5900000,2,Bengaluru,Indiranagar,4005,14400000,2761,89.63,66.9,97
5453,18200000,2,Pune,Kharadi,548,23200000,2995,71.96,96.82,72
5454,15000000,1,Pune,Wakad,519,18900000,3364,91.36,96.4,78
5455,5300000,3,Bengaluru,Whitefield,700,12700000,1795,87.93,77.34,68
5456,15300000,3,Mumbai,Andheri,1200,8200000,3558,91.08,88.31,80
5457,14900000,1,Pune,Hinjewadi,4027,16000000,1231,92.02,73.18,75
5458,3500000,1,Chennai,Velachery,6550,22600000,3133,70.69,60.35,100
5459,11600000,1,Chennai,OMR,9018,9400000,1270,99.79,96.55,73
5460,19600000,5,Bengaluru,Indiranagar,8112,21200000,2039,75.86,62.97,98
5461,15500000,2,Pune,Baner,171,8800000,1608,76.79,77.9,86
5462,14000000,2,Pune,Hinjewadi,7982,21900000,3506,86.4,64.83,100
5463,11600000,2,Pune,Baner,9559,11400000,991,94.91,79.85,61
5464,13200000,4,Mumbai,Andheri,4510,7200000,3792,92.15,96.0,100
5465,15300000,5,Bengaluru,Electronic City,4315,15700000,3975,95.97,67.59,73
5466,14400000,1,Hyderabad,Madhapur,1586,25000000,3637,90.0,67.62,71
5467,18700000,1,Pune,Baner,9105,10800000,1478,73.18,67.06,58
5468,5200000,1,Hyderabad,Kondapur,6689,21500000,2751,77.49,94.87,92
5469,18500000,4,Hyderabad,Kondapur,377,20200000,3922,85.71,69.72,79
5470,4300000,1,Pune,Kharadi,7634,15900000,3765,95.89,88.5,69
5471,6600000,3,Pune,Baner,344,5400000,1619,83.94,81.39,91
5472,9000000,1,Bengaluru,Electronic City,8016,25000000,3400,85.84,86.23,71
5473,12000000,3,Bengaluru,Electronic City,531,9900000,989,75.2,84.4,77
5474,19800000,3,Pune,Wakad,1359,10100000,2163,98.98,75.36,85
5475,5700000,2,Bengaluru,Electronic City,9102,3600000,3061,96.03,99.29,50
5476,12500000,3,Hyderabad,Gachibowli,2354,24900000,3777,84.31,92.92,64
5477,5900000,3,Bengaluru,Electronic City,4605,10500000,2926,71.29,84.09,88
5478,13200000,3,Bengaluru,Indiranagar,3188,22000000,785,92.77,99.97,53
5479,17400000,2,Pune,Wakad,9271,4000000,3368,88.24,71.2,100
5480,5500000,4,Hyderabad,Kondapur,2055,14300000,3240,81.82,90.77,67
5481,13600000,3,Hyderabad,Kondapur,5998,4900000,3188,91.55,64.8,78
5482,11800000,1,Chennai,Velachery,8221,10000000,2066,92.36,74.43,65
5483,4900000,4,Pune,Hinjewadi,7015,22400000,2992,85.79,87.51,57
5484,4700000,5,Bengaluru,Indiranagar,339,11500000,3392,81.3,69.8,76
5485,5100000,2,Bengaluru,Electronic City,7272,13700000,2898,99.46,67.44,56
5486,18500000,2,Hyderabad,Kukatpally,183,11200000,2893,93.72,66.35,91
5487,3800000,3,Hyderabad,Kukatpally,7756,7600000,1601,84.0,84.64,96
5488,6500000,5,Chennai,OMR,8873,6900000,2674,89.06,89.8,56
5489,8100000,5,Mumbai,Bandra,9515,12600000,2411,94.21,99.84,65
5490,18000000,2,Chennai,OMR,7899,20600000,3749,79.43,85.83,50
5491,18400000,3,Mumbai,Powai,1372,8600000,3925,97.07,98.02,92
5492,7100000,1,Mumbai,Thane,1038,14400000,1513,71.77,73.28,64
5493,9600000,2,Mumbai,Thane,6840,16900000,2965,93.91,96.44,97
5494,9200000,4,Bengaluru,Electronic City,3331,6100000,3779,77.15,72.83,89
5495,11600000,2,Mumbai,Andheri,608,15500000,682,96.9,67.69,73
5496,10300000,1,Bengaluru,Whitefield,4702,6600000,3398,73.41,92.34,75
5497,10900000,2,Bengaluru,Whitefield,5825,22600000,1989,93.49,95.64,89
5498,8700000,1,Bengaluru,HSR Layout,9342,23000000,840,97.88,64.87,65
5499,17000000,3,Bengaluru,Indiranagar,1293,9700000,1041,73.66,67.26,78
5500,13100000,2,Mumbai,Bandra,3496,17100000,952,95.92,83.13,58
5501,18300000,2,Pune,Wakad,2543,8900000,3647,76.04,74.05,64
5502,8700000,5,Mumbai,Bandra,6430,10500000,1006,76.04,98.39,54
5503,19200000,2,Mumbai,Thane,3988,17700000,2489,75.9,63.01,100
5504,8600000,1,Hyderabad,Kondapur,5266,7500000,2554,99.74,74.48,99
5505,19200000,3,Hyderabad,Gachibowli,568,9800000,3895,80.34,85.78,61
5506,6300000,3,Hyderabad,Madhapur,6072,23200000,2538,91.6,79.07,91
5507,7800000,3,Pune,Hinjewadi,3745,6000000,2164,94.69,95.02,65
5508,11300000,3,Hyderabad,Kukatpally,3157,23300000,2980,85.38,95.58,94
5509,4000000,4,Pune,Hinjewadi,6690,24900000,3662,74.93,96.32,90
5510,17900000,1,Pune,Hinjewadi,4113,3600000,2045,97.55,99.83,85
5511,19100000,3,Mumbai,Thane,3043,12100000,2371,95.98,80.27,92
5512,15100000,2,Bengaluru,Electronic City,5565,4100000,3123,94.98,85.56,62
5513,16100000,4,Bengaluru,HSR Layout,7554,19400000,2482,87.53,94.81,97
5514,6100000,2,Hyderabad,Gachibowli,3724,8500000,3075,93.97,70.94,77
5515,5800000,4,Bengaluru,HSR Layout,8289,11600000,2473,74.53,92.44,86
5516,5200000,2,Pune,Hinjewadi,3094,22400000,2693,78.56,66.35,91
5517,9000000,3,Mumbai,Thane,3756,22600000,1595,93.89,83.26,53
5518,18100000,1,Pune,Hinjewadi,7655,15500000,747,92.51,83.86,53
5519,5400000,2,Bengaluru,Whitefield,1294,8100000,3746,77.53,80.12,98
5520,16400000,1,Bengaluru,Electronic City,341,4000000,1439,96.5,88.6,72
5521,12300000,2,Bengaluru,Whitefield,2306,11700000,663,77.14,67.84,92
5522,12800000,3,Hyderabad,Kondapur,3283,17800000,3916,92.08,65.92,72
5523,12400000,5,Hyderabad,Kondapur,9508,15600000,1200,87.58,79.99,54
5524,7700000,5,Pune,Hinjewadi,7075,8100000,2731,97.59,95.85,77
5525,8000000,2,Mumbai,Thane,3903,7800000,2944,88.75,71.72,91
5526,19700000,1,Chennai,Anna Nagar,718,21400000,1246,85.91,69.76,79
5527,17600000,4,Pune,Wakad,3638,18100000,2522,89.19,66.43,77
5528,14000000,1,Hyderabad,Kondapur,4276,15600000,1748,87.45,86.09,54
5529,12800000,2,Bengaluru,Electronic City,759,15200000,1871,91.62,64.29,69
5530,5200000,1,Pune,Hinjewadi,2043,5800000,2884,80.26,83.85,86
5531,10100000,2,Mumbai,Powai,6561,16800000,2097,70.32,84.28,71
5532,18100000,3,Mumbai,Bandra,6912,24400000,1333,84.23,70.83,70
5533,11700000,4,Chennai,Adyar,8667,21800000,1592,86.42,89.42,73
5534,18900000,4,Mumbai,Andheri,7973,21400000,3394,86.17,70.37,63
5535,3900000,5,Bengaluru,Whitefield,5458,22400000,2107,74.01,72.46,76
5536,17900000,1,Bengaluru,Whitefield,3291,16700000,1845,73.14,78.44,81
5537,16400000,4,Pune,Hinjewadi,161,7100000,3590,72.83,65.59,86
5538,5100000,1,Bengaluru,HSR Layout,3126,3600000,2695,74.1,72.93,62
5539,6500000,4,Mumbai,Andheri,9728,20000000,1267,83.06,71.46,71
5540,16200000,5,Bengaluru,Whitefield,2323,23700000,616,74.12,95.22,58
5541,15300000,4,Bengaluru,HSR Layout,4817,4900000,3208,79.97,83.52,86
5542,7200000,2,Hyderabad,Kukatpally,4391,6100000,1114,92.16,91.19,52
5543,17200000,5,Hyderabad,Kondapur,8169,12600000,1323,89.33,96.55,69
5544,7700000,4,Mumbai,Powai,4585,14700000,1347,77.79,79.73,73
5545,15600000,1,Mumbai,Thane,6903,23700000,1981,99.15,68.23,72
5546,10600000,3,Chennai,OMR,9998,23100000,3512,93.97,79.73,99
5547,15400000,4,Chennai,Velachery,2264,8300000,3842,77.27,96.15,95
5548,14900000,1,Mumbai,Andheri,6230,14100000,2936,91.1,74.94,58
5549,15400000,1,Pune,Baner,6071,16600000,1299,92.09,96.94,78
5550,3000000,4,Pune,Hinjewadi,3990,24800000,1969,93.8,89.01,97
5551,12900000,4,Pune,Baner,5912,14600000,1685,98.14,87.55,84
5552,8400000,3,Hyderabad,Kondapur,3751,20600000,2876,78.07,74.73,75
5553,12200000,2,Chennai,OMR,8320,21200000,1105,77.74,78.76,98
5554,15100000,4,Chennai,Velachery,2399,15200000,1600,77.1,79.0,96
5555,13400000,5,Pune,Kharadi,4652,10800000,1959,74.35,72.66,98
5556,15500000,4,Bengaluru,Indiranagar,5377,12500000,3411,86.63,72.55,72
5557,13200000,5,Bengaluru,HSR Layout,4081,12600000,3250,88.89,98.5,72
5558,17900000,2,Bengaluru,Indiranagar,6275,11600000,1260,83.04,66.27,94
5559,5900000,4,Chennai,Adyar,9861,15100000,3468,97.31,93.19,95
5560,9800000,1,Hyderabad,Kondapur,1854,13600000,2546,72.62,90.54,91
5561,4400000,5,Mumbai,Bandra,4133,9600000,3505,84.68,82.76,59
5562,17300000,2,Bengaluru,Whitefield,958,24100000,2907,96.16,63.07,73
5563,10400000,5,Pune,Kharadi,2955,9500000,3888,80.52,85.03,54
5564,3800000,5,Mumbai,Thane,6490,5400000,3670,92.79,63.64,58
5565,11200000,3,Mumbai,Andheri,6116,22600000,3759,96.05,70.11,84
5566,6300000,3,Hyderabad,Kukatpally,8365,24100000,3548,80.37,74.12,65
5567,5900000,5,Chennai,Adyar,3697,6900000,3371,98.48,99.43,72
5568,4500000,3,Hyderabad,Kukatpally,6198,9300000,3693,71.56,86.93,82
5569,9100000,1,Mumbai,Powai,6368,8000000,2921,97.52,83.34,100
5570,12600000,5,Hyderabad,Gachibowli,5924,12600000,1306,80.68,67.41,80
5571,10000000,1,Hyderabad,Kukatpally,6158,19700000,931,79.23,64.98,69
5572,13200000,3,Hyderabad,Gachibowli,162,17200000,2450,83.59,98.56,100
5573,12700000,1,Hyderabad,Kondapur,4559,13100000,3885,96.67,74.64,90
5574,4400000,2,Mumbai,Thane,2476,4400000,1293,88.45,92.09,51
5575,8100000,4,Mumbai,Andheri,2049,24100000,3122,81.99,76.91,52
5576,13100000,1,Hyderabad,Kukatpally,2434,16500000,2191,74.99,71.42,100
5577,10400000,3,Hyderabad,Kukatpally,2197,9900000,2459,94.29,77.38,85
5578,3700000,2,Mumbai,Thane,2935,13500000,761,71.28,85.39,67
5579,9400000,2,Chennai,Anna Nagar,105,14700000,3280,99.39,73.37,51
5580,19600000,2,Pune,Hinjewadi,9406,17600000,974,72.55,78.26,82
5581,14100000,3,Pune,Hinjewadi,3618,14100000,1023,80.49,86.15,96
5582,4100000,2,Bengaluru,HSR Layout,4244,17800000,2454,88.56,80.69,86
5583,12300000,4,Bengaluru,Electronic City,8285,6100000,1670,77.61,66.64,95
5584,19400000,5,Chennai,Velachery,2495,10200000,2940,77.04,93.38,57
5585,4400000,1,Pune,Wakad,9985,12800000,2925,81.64,93.17,95
5586,8500000,4,Pune,Hinjewadi,154,17700000,1140,83.68,81.1,75
5587,11700000,4,Bengaluru,Whitefield,99,19500000,3957,87.7,78.69,67
5588,5100000,1,Mumbai,Powai,6796,16700000,691,86.71,79.13,83
5589,15300000,2,Bengaluru,Whitefield,9022,9000000,900,92.51,81.09,73
5590,7300000,2,Chennai,Velachery,9956,22200000,611,76.39,77.75,64
5591,5400000,1,Mumbai,Andheri,4410,24800000,1358,70.5,85.4,61
5592,12900000,4,Pune,Kharadi,608,5400000,2928,96.26,96.75,97
5593,5900000,4,Mumbai,Bandra,618,18800000,3933,76.92,87.3,64
5594,13700000,4,Chennai,Anna Nagar,9960,19600000,2266,80.25,73.77,81
5595,3800000,3,Hyderabad,Madhapur,7724,12900000,1525,84.55,78.73,55
5596,10700000,5,Bengaluru,Electronic City,7892,7000000,3118,91.19,95.68,99
5597,13100000,3,Hyderabad,Kukatpally,4161,5400000,1066,83.95,97.99,56
5598,10400000,4,Chennai,OMR,515,6700000,2524,95.5,99.42,88
5599,13500000,3,Chennai,Adyar,12,24400000,1379,71.55,69.07,65
5600,5400000,2,Mumbai,Thane,9587,23300000,1126,77.6,99.21,77
5601,17000000,5,Mumbai,Powai,2553,7300000,1710,89.03,94.46,55
5602,8900000,2,Chennai,Velachery,6122,11200000,2265,97.97,78.3,53
5603,16700000,2,Mumbai,Thane,9784,22100000,1416,85.6,82.78,54
5604,18000000,5,Bengaluru,HSR Layout,2793,14500000,1290,78.31,82.0,57
5605,14600000,3,Hyderabad,Kondapur,1283,13800000,1553,85.81,98.17,62
5606,7700000,1,Pune,Hinjewadi,3318,8500000,2628,76.73,92.44,63
5607,6100000,4,Hyderabad,Gachibowli,1555,9700000,2851,71.32,90.5,53
5608,7900000,3,Pune,Baner,9504,12700000,3802,72.92,78.49,60
5609,17200000,1,Mumbai,Thane,9389,21700000,2227,87.69,81.56,77
5610,10100000,1,Bengaluru,Electronic City,9504,5600000,3693,74.21,62.79,99
5611,17300000,5,Bengaluru,HSR Layout,5898,16100000,3394,72.24,74.88,73
5612,10500000,2,Hyderabad,Gachibowli,2058,4700000,1027,95.34,74.37,63
5613,17700000,4,Bengaluru,Indiranagar,4775,18900000,3442,98.27,92.18,69
5614,11700000,2,Pune,Baner,3334,24900000,2474,80.58,77.57,52
5615,19400000,3,Bengaluru,Indiranagar,9771,7600000,2328,81.94,64.52,64
5616,18600000,3,Mumbai,Thane,860,25000000,1256,82.27,79.46,71
5617,8200000,5,Chennai,OMR,7137,17100000,2129,80.23,88.32,71
5618,11800000,1,Bengaluru,Whitefield,6056,11300000,1057,93.23,75.06,93
5619,8900000,3,Chennai,Velachery,274,17000000,758,90.1,79.47,57
5620,13400000,1,Chennai,Velachery,5284,9400000,630,78.53,74.43,63
5621,18400000,1,Hyderabad,Gachibowli,1460,8600000,664,98.2,67.35,57
5622,15800000,5,Mumbai,Thane,7229,21700000,2987,86.54,69.64,65
5623,7200000,2,Bengaluru,Whitefield,4372,10100000,1000,88.83,73.34,90
5624,9600000,2,Pune,Baner,1529,18100000,3134,89.38,96.07,78
5625,5700000,1,Pune,Hinjewadi,5180,5100000,1484,87.58,79.46,72
5626,8400000,2,Hyderabad,Madhapur,218,22600000,1400,85.17,95.53,82
5627,5000000,5,Pune,Baner,9548,6600000,3475,72.88,61.46,99
5628,9300000,2,Bengaluru,Electronic City,3443,9000000,2613,84.03,87.26,59
5629,15600000,4,Pune,Kharadi,3764,6000000,1427,97.35,62.22,66
5630,9200000,5,Hyderabad,Kukatpally,167,21100000,2341,86.24,96.81,99
5631,11600000,5,Chennai,Velachery,4369,20600000,3897,92.67,82.09,64
5632,13500000,4,Chennai,OMR,7893,9700000,2417,76.91,83.95,77
5633,5800000,3,Hyderabad,Kukatpally,1313,3900000,3514,70.87,66.89,90
5634,3500000,3,Pune,Kharadi,4599,13300000,2660,93.91,70.15,62
5635,7100000,5,Chennai,OMR,3819,10200000,2857,98.77,67.65,98
5636,8100000,4,Hyderabad,Madhapur,7462,16500000,3032,94.61,71.93,83
5637,12500000,3,Hyderabad,Kondapur,6789,19400000,1789,82.83,63.1,94
5638,7300000,4,Bengaluru,Electronic City,9599,10000000,3638,72.42,94.1,77
5639,14700000,5,Hyderabad,Kondapur,1379,5200000,2283,83.04,61.56,95
5640,13500000,2,Bengaluru,Indiranagar,2366,4000000,631,76.04,77.46,55
5641,6300000,2,Bengaluru,Electronic City,3729,11300000,1067,75.48,91.06,69
5642,18800000,4,Mumbai,Bandra,9450,5100000,2718,78.99,84.97,75
5643,10000000,2,Chennai,OMR,58,23700000,3157,71.43,64.77,67
5644,12600000,3,Bengaluru,HSR Layout,2807,6600000,1913,84.33,88.38,93
5645,15600000,3,Mumbai,Thane,6888,3900000,641,91.4,64.46,59
5646,17000000,3,Hyderabad,Kondapur,9121,16700000,2131,92.81,83.81,54
5647,5500000,1,Mumbai,Powai,3859,14800000,1668,93.17,93.97,93
5648,7900000,2,Hyderabad,Kukatpally,5463,24900000,2765,80.55,69.89,98
5649,5500000,1,Mumbai,Andheri,6199,8500000,3453,86.22,95.51,79
5650,19200000,4,Bengaluru,Whitefield,7862,7200000,2361,91.75,98.95,69
5651,10300000,1,Chennai,OMR,7915,3600000,3718,84.7,68.23,92
5652,8300000,1,Pune,Baner,2939,7500000,2918,91.91,70.57,51
5653,4200000,4,Chennai,Velachery,1000,20000000,2671,74.75,94.02,73
5654,12200000,3,Pune,Hinjewadi,8659,7500000,2524,87.11,60.29,86
5655,10000000,2,Hyderabad,Gachibowli,4474,13900000,1514,77.53,76.91,88
5656,19100000,1,Pune,Wakad,9874,6800000,1403,78.28,88.63,92
5657,4800000,5,Pune,Wakad,1247,11000000,1069,89.98,96.54,84
5658,5400000,2,Chennai,Velachery,5788,14300000,917,85.08,91.41,77
5659,6900000,2,Hyderabad,Kukatpally,535,18600000,3345,89.91,74.64,92
5660,16700000,5,Bengaluru,Indiranagar,8059,5900000,2359,78.51,62.9,51
5661,7000000,2,Bengaluru,Indiranagar,4746,23700000,3792,86.18,62.49,68
5662,13900000,3,Pune,Kharadi,2953,10700000,1013,95.28,83.3,84
5663,5100000,3,Mumbai,Powai,5998,6900000,1552,86.51,94.24,74
5664,3800000,5,Bengaluru,Indiranagar,4664,4000000,2922,93.62,67.5,93
5665,6200000,1,Chennai,Anna Nagar,7107,11400000,3441,75.31,76.93,53
5666,19200000,3,Hyderabad,Kukatpally,1226,15700000,981,83.54,88.47,56
5667,7400000,4,Pune,Wakad,9390,21500000,2741,84.52,75.5,80
5668,3000000,1,Chennai,Anna Nagar,8461,3700000,2455,79.57,93.51,62
5669,15700000,4,Hyderabad,Gachibowli,8101,13800000,2890,98.65,70.12,98
5670,19100000,3,Mumbai,Powai,3864,5800000,2054,95.51,82.62,97
5671,13700000,1,Pune,Baner,7148,20000000,983,78.4,73.19,77
5672,15200000,1,Chennai,Anna Nagar,4747,17500000,1301,98.46,68.75,73
5673,8900000,5,Hyderabad,Gachibowli,9567,18600000,2389,84.87,63.1,91
5674,3300000,2,Hyderabad,Madhapur,9953,17300000,3705,97.81,81.44,61
5675,10700000,2,Bengaluru,Electronic City,1184,17100000,3900,96.89,91.46,91
5676,11900000,3,Chennai,Anna Nagar,5890,8900000,2933,70.57,63.88,64
5677,11900000,4,Pune,Baner,1959,10000000,2972,77.16,92.44,80
5678,11000000,5,Hyderabad,Kondapur,282,24600000,2309,81.9,79.76,77
5679,15900000,5,Pune,Wakad,7205,4300000,606,75.46,95.76,86
5680,4900000,3,Bengaluru,HSR Layout,1723,15000000,618,84.17,75.48,55
5681,7700000,4,Pune,Baner,9033,13400000,1405,90.08,92.87,55
5682,16100000,2,Mumbai,Andheri,8691,15300000,1492,97.55,85.36,100
5683,7500000,4,Pune,Kharadi,5681,10700000,2397,79.42,83.85,53
5684,4500000,5,Bengaluru,Whitefield,5973,5900000,2981,70.69,85.6,68
5685,9700000,3,Hyderabad,Gachibowli,509,23600000,3056,85.43,80.56,60
5686,17700000,5,Bengaluru,HSR Layout,4887,5300000,1184,86.54,96.23,85
5687,8500000,3,Mumbai,Andheri,3076,20500000,3345,83.44,73.01,100
5688,17800000,5,Chennai,Velachery,4652,10900000,3598,98.92,75.45,78
5689,12800000,1,Hyderabad,Madhapur,62,14400000,3324,88.31,67.75,67
5690,6800000,2,Pune,Kharadi,2063,18000000,3476,92.61,86.45,98
5691,12000000,5,Mumbai,Andheri,2519,23700000,3861,85.65,98.95,99
5692,8400000,1,Chennai,Anna Nagar,2370,15800000,629,96.01,83.46,99
5693,6200000,4,Chennai,Adyar,1104,8800000,741,84.18,63.86,53
5694,9200000,2,Hyderabad,Kondapur,1753,11300000,923,83.75,91.59,52
5695,10100000,4,Mumbai,Bandra,3670,21800000,3552,99.54,74.39,80
5696,19000000,3,Pune,Wakad,5470,15100000,683,81.13,89.55,82
5697,12800000,5,Mumbai,Powai,5215,9800000,2857,97.22,94.6,86
5698,11400000,3,Pune,Hinjewadi,420,15100000,3634,81.78,91.17,93
5699,14300000,5,Hyderabad,Kondapur,4816,22100000,1392,82.62,97.77,79
5700,8800000,3,Mumbai,Andheri,2758,19400000,3026,99.82,78.62,57
5701,6400000,5,Bengaluru,Electronic City,7642,4900000,2050,81.93,96.21,53
5702,13800000,3,Hyderabad,Kukatpally,7196,20000000,2444,79.65,93.51,50
5703,11300000,1,Bengaluru,Whitefield,2876,24300000,2055,86.27,91.26,80
5704,6700000,4,Mumbai,Andheri,8111,16500000,747,78.82,87.13,54
5705,18400000,4,Hyderabad,Kukatpally,76,8000000,2679,71.01,95.82,63
5706,13900000,2,Bengaluru,Indiranagar,2947,4700000,3644,85.7,68.95,84
5707,3000000,4,Pune,Kharadi,3353,22100000,3658,95.13,88.07,58
5708,14300000,1,Chennai,OMR,2231,3500000,765,78.26,61.14,84
5709,9200000,5,Hyderabad,Kukatpally,820,9900000,1183,94.59,80.25,74
5710,11300000,4,Mumbai,Andheri,3213,17800000,3360,93.7,94.61,93
5711,8500000,1,Bengaluru,HSR Layout,564,6300000,1881,93.74,96.39,50
5712,6400000,2,Mumbai,Thane,8563,24100000,1129,94.05,82.26,76
5713,13100000,1,Bengaluru,HSR Layout,7064,11500000,3132,76.27,98.07,50
5714,7700000,5,Hyderabad,Gachibowli,6295,16600000,1348,99.47,68.53,59
5715,15600000,5,Bengaluru,Indiranagar,5622,20600000,2056,86.95,67.33,79
5716,18700000,3,Chennai,OMR,8561,11200000,2278,74.09,81.47,84
5717,19000000,4,Bengaluru,Whitefield,7201,7300000,1803,98.58,79.45,76
5718,18000000,2,Chennai,Anna Nagar,6875,4900000,2898,86.94,73.09,72
5719,9100000,3,Bengaluru,Indiranagar,8302,19400000,3160,81.7,91.89,94
5720,4000000,2,Chennai,OMR,3769,5800000,1222,88.11,80.31,80
5721,13500000,4,Mumbai,Powai,7648,18600000,3168,71.53,99.03,63
5722,11100000,5,Bengaluru,Indiranagar,8254,18400000,1123,86.06,68.25,65
5723,3200000,4,Bengaluru,HSR Layout,907,16800000,2964,84.88,65.52,57
5724,8600000,4,Chennai,Anna Nagar,7367,18000000,3108,73.41,93.8,99
5725,13100000,1,Chennai,OMR,9774,20100000,3774,80.15,77.88,61
5726,5500000,5,Pune,Baner,8115,12300000,1632,93.45,88.24,100
5727,13800000,2,Chennai,OMR,7729,15000000,1258,71.48,73.69,98
5728,3500000,2,Hyderabad,Madhapur,7925,10300000,2909,99.14,72.79,64
5729,6000000,5,Hyderabad,Kondapur,6918,20900000,2694,72.58,86.63,77
5730,6600000,4,Chennai,Velachery,362,12100000,3857,79.74,74.52,91
5731,14800000,4,Chennai,Velachery,6482,12700000,2712,82.82,70.11,80
5732,5200000,3,Bengaluru,Whitefield,5100,9300000,2850,85.85,68.34,85
5733,16100000,2,Bengaluru,Whitefield,6899,18800000,1984,98.59,72.25,56
5734,8300000,5,Pune,Hinjewadi,8310,9200000,2889,79.4,99.19,76
5735,19100000,3,Bengaluru,HSR Layout,8123,15600000,2070,91.19,87.69,100
5736,7300000,1,Chennai,Adyar,1142,5000000,2835,77.96,94.2,69
5737,3000000,3,Mumbai,Powai,2540,24900000,2854,91.45,82.31,67
5738,14600000,3,Mumbai,Andheri,9431,16200000,1547,84.02,99.1,81
5739,7500000,5,Hyderabad,Kukatpally,3867,24000000,1626,71.32,79.72,79
5740,16000000,1,Pune,Hinjewadi,7224,13900000,1216,87.04,74.25,71
5741,3100000,2,Pune,Hinjewadi,2090,21400000,986,95.61,99.35,65
5742,15200000,2,Hyderabad,Kukatpally,217,6400000,2648,92.56,62.44,86
5743,16700000,1,Bengaluru,Indiranagar,8133,16500000,2929,99.72,90.82,71
5744,11900000,5,Chennai,Adyar,7080,4800000,1916,89.49,80.97,72
5745,7100000,1,Mumbai,Powai,1477,22300000,2129,91.72,90.68,96
5746,18100000,1,Bengaluru,Indiranagar,738,3900000,1928,79.4,96.97,90
5747,11600000,5,Mumbai,Bandra,6085,18800000,3606,86.68,64.29,58
5748,8900000,5,Hyderabad,Kukatpally,3163,23300000,969,84.65,60.24,82
5749,17000000,1,Pune,Kharadi,682,10200000,1168,72.06,80.33,88
5750,19500000,5,Mumbai,Bandra,1718,8800000,1267,99.37,60.32,85
5751,8000000,4,Chennai,Velachery,1313,15400000,3810,72.71,98.79,69
5752,7300000,1,Mumbai,Thane,8735,22700000,1816,87.48,86.18,71
5753,9100000,3,Mumbai,Thane,4977,6000000,2172,76.73,64.03,87
5754,3300000,3,Pune,Kharadi,9866,6600000,1419,73.73,80.0,92
5755,13700000,1,Bengaluru,Indiranagar,5503,16000000,1330,98.8,77.66,55
5756,13000000,2,Bengaluru,Whitefield,8972,7500000,914,86.78,90.62,74
5757,15000000,1,Chennai,Anna Nagar,3229,12100000,804,95.42,81.73,95
5758,8500000,2,Mumbai,Powai,1442,16200000,1406,88.47,76.8,81
5759,3100000,3,Mumbai,Thane,4914,7700000,1039,76.72,61.97,85
5760,8100000,1,Mumbai,Bandra,402,6500000,3961,95.62,85.15,50
5761,10100000,3,Mumbai,Powai,25,24200000,1252,73.42,69.25,64
5762,14600000,2,Chennai,Anna Nagar,8944,20800000,2411,75.98,68.98,92
5763,18500000,4,Pune,Baner,2691,18600000,3206,88.13,61.31,81
5764,6800000,5,Hyderabad,Kondapur,6278,5900000,1270,91.53,79.45,85
5765,15100000,4,Bengaluru,Indiranagar,8076,6800000,1685,95.83,73.13,83
5766,12800000,2,Mumbai,Andheri,6982,4900000,1100,78.06,60.99,67
5767,3600000,1,Bengaluru,HSR Layout,639,8000000,2639,94.26,91.26,79
5768,19400000,4,Hyderabad,Madhapur,9958,4300000,2741,73.05,99.92,79
5769,4700000,2,Mumbai,Powai,1424,24600000,790,81.36,79.75,89
5770,7700000,2,Chennai,Velachery,2817,11500000,2476,78.12,79.57,69
5771,3600000,3,Bengaluru,Whitefield,1270,10400000,2624,81.83,86.46,61
5772,4100000,3,Bengaluru,HSR Layout,1108,9600000,3451,81.97,71.27,70
5773,8700000,4,Chennai,OMR,2300,11800000,1974,92.94,69.21,70
5774,19500000,2,Chennai,Velachery,6151,15200000,1124,83.92,60.34,55
5775,19900000,2,Mumbai,Bandra,1027,17900000,2090,92.97,96.43,95
5776,14200000,4,Bengaluru,Electronic City,1929,9900000,1581,80.81,64.03,88
5777,12500000,1,Mumbai,Bandra,7517,4500000,2329,99.59,77.4,72
5778,16400000,4,Chennai,Anna Nagar,2180,11400000,1496,94.41,69.56,72
5779,17600000,3,Bengaluru,HSR Layout,7723,24800000,2686,75.62,88.43,55
5780,14600000,3,Mumbai,Thane,6892,6500000,2667,97.57,66.77,67
5781,9900000,4,Hyderabad,Gachibowli,1296,21700000,2579,74.36,91.78,93
5782,18500000,5,Chennai,OMR,3693,18200000,1063,82.01,84.22,53
5783,5300000,1,Hyderabad,Kondapur,5474,21400000,2155,77.99,69.91,91
5784,12900000,4,Chennai,Velachery,1471,9000000,3245,86.36,76.33,100
5785,8100000,4,Hyderabad,Madhapur,1836,10000000,1197,84.1,97.45,85
5786,3000000,2,Mumbai,Bandra,7610,7300000,1896,85.34,96.96,65
5787,5000000,5,Pune,Kharadi,7670,18800000,2467,73.01,88.87,97
5788,6100000,1,Bengaluru,HSR Layout,7745,17300000,1387,95.13,93.86,86
5789,15600000,1,Chennai,Adyar,1295,19600000,1333,71.13,96.89,65
5790,10000000,4,Hyderabad,Kondapur,7522,9300000,3329,75.14,91.29,80
5791,15000000,4,Bengaluru,Indiranagar,3697,16300000,1940,74.28,77.9,67
5792,3300000,2,Hyderabad,Kondapur,1400,19300000,2351,99.32,75.64,59
5793,17000000,4,Mumbai,Bandra,7419,5400000,3442,96.76,75.9,68
5794,18900000,5,Mumbai,Thane,8105,19700000,2177,93.36,70.9,76
5795,7400000,1,Hyderabad,Kukatpally,8074,5200000,2979,76.93,70.0,98
5796,5400000,4,Mumbai,Andheri,9277,13400000,1160,75.58,67.7,56
5797,12000000,1,Hyderabad,Kukatpally,3825,23800000,1589,76.43,62.45,77
5798,6700000,5,Pune,Hinjewadi,1388,25000000,768,87.66,99.47,68
5799,14300000,2,Hyderabad,Gachibowli,4390,12300000,723,76.21,88.75,87
5800,4200000,2,Mumbai,Bandra,2491,13600000,2649,78.35,99.75,51
5801,14100000,2,Pune,Baner,7335,9000000,2069,99.21,85.75,87
5802,12500000,2,Hyderabad,Madhapur,7303,5700000,2131,79.69,82.12,93
5803,15300000,2,Pune,Wakad,6231,15700000,2025,89.43,73.36,75
5804,16300000,2,Mumbai,Thane,4834,18500000,3125,86.89,84.41,62
5805,15600000,5,Mumbai,Andheri,1676,12000000,1494,93.21,61.37,93
5806,15500000,3,Pune,Wakad,8554,22500000,2687,95.46,86.64,90
5807,8300000,4,Pune,Wakad,482,9900000,896,84.67,96.85,86
5808,4500000,3,Hyderabad,Kondapur,8838,10100000,2892,99.74,97.0,93
5809,6800000,2,Pune,Baner,4678,23700000,3805,71.59,96.25,85
5810,6500000,2,Pune,Kharadi,1592,7300000,1664,82.69,60.43,52
5811,6800000,5,Pune,Baner,6856,24500000,2970,79.21,85.75,98
5812,19000000,5,Chennai,OMR,3112,15000000,1517,83.4,84.0,85
5813,15900000,2,Pune,Wakad,2296,21100000,885,74.41,93.17,86
5814,4300000,3,Pune,Wakad,1062,24500000,2937,96.21,74.37,83
5815,10300000,5,Chennai,Adyar,7414,15800000,1162,83.35,77.21,72
5816,7100000,3,Pune,Kharadi,746,20600000,2262,71.5,64.01,78
5817,6000000,2,Mumbai,Powai,2720,12900000,1976,77.01,83.21,95
5818,7300000,5,Pune,Baner,1864,13300000,1252,83.29,95.55,92
5819,12700000,4,Bengaluru,Indiranagar,897,19800000,818,70.83,72.97,71
5820,7300000,4,Pune,Wakad,9081,6400000,1511,92.52,60.51,100
5821,15800000,1,Bengaluru,HSR Layout,4498,14400000,3290,93.44,63.68,52
5822,15900000,5,Hyderabad,Gachibowli,2642,5900000,925,99.67,80.16,66
5823,3000000,2,Pune,Hinjewadi,2646,17600000,3227,71.21,99.3,87
5824,11000000,1,Mumbai,Powai,1115,9300000,1524,88.2,81.82,81
5825,19200000,2,Chennai,OMR,880,22400000,1025,98.0,80.19,64
5826,19100000,1,Bengaluru,Electronic City,9814,17300000,1485,72.33,78.92,87
5827,16000000,4,Chennai,Velachery,6508,22500000,1540,89.92,89.79,71
5828,19800000,1,Bengaluru,Indiranagar,3063,8600000,3311,97.56,82.76,61
5829,11000000,1,Chennai,Adyar,2775,20200000,1208,83.45,78.14,76
5830,5500000,1,Hyderabad,Kondapur,4911,24600000,3673,96.28,86.89,74
5831,18100000,2,Bengaluru,Whitefield,5919,4500000,3099,81.02,90.57,85
5832,11000000,4,Hyderabad,Madhapur,6841,13400000,2054,95.97,99.08,65
5833,14200000,1,Mumbai,Bandra,419,17000000,2853,97.55,65.38,94
5834,6600000,5,Mumbai,Bandra,1671,21600000,2378,96.35,95.07,94
5835,14300000,4,Pune,Wakad,3394,18500000,2189,90.5,67.49,92
5836,17200000,2,Chennai,OMR,5740,10200000,2785,96.92,61.57,93
5837,12500000,1,Bengaluru,Electronic City,9038,11700000,3487,78.16,81.33,66
5838,18900000,1,Mumbai,Powai,6045,11000000,2272,84.05,93.59,100
5839,17600000,1,Pune,Kharadi,4964,14400000,3885,91.54,94.73,82
5840,7100000,5,Pune,Hinjewadi,3831,20200000,913,81.92,89.67,75
5841,14900000,4,Bengaluru,Whitefield,2653,10800000,1451,94.0,68.03,54
5842,4500000,5,Mumbai,Thane,9739,23900000,3980,99.56,84.62,64
5843,12600000,1,Mumbai,Andheri,312,16500000,2216,89.33,73.61,65
5844,8000000,1,Chennai,Anna Nagar,6868,13700000,750,94.24,90.28,50
5845,10800000,1,Chennai,Anna Nagar,7031,7400000,2584,96.3,67.79,96
5846,3400000,5,Bengaluru,HSR Layout,9393,22100000,1591,86.22,65.99,86
5847,12900000,3,Pune,Baner,1386,13500000,3260,77.83,96.72,75
5848,8900000,5,Bengaluru,Electronic City,4499,16200000,1117,78.04,87.94,54
5849,14900000,1,Mumbai,Powai,2365,15800000,2395,83.24,69.42,72
5850,14500000,3,Chennai,OMR,8569,19500000,958,78.7,98.95,73
5851,14500000,1,Mumbai,Thane,4679,15500000,2792,90.31,96.66,96
5852,18000000,5,Mumbai,Bandra,3641,21000000,3845,79.2,84.63,97
5853,14800000,5,Hyderabad,Gachibowli,5193,4700000,732,84.09,77.74,60
5854,6800000,1,Bengaluru,Electronic City,1699,17800000,3161,79.4,80.58,60
5855,12300000,4,Chennai,Anna Nagar,7047,24800000,1737,81.22,80.27,92
5856,8200000,2,Chennai,Anna Nagar,9718,14500000,1647,82.95,62.34,84
5857,13000000,3,Hyderabad,Kondapur,4395,10600000,1829,76.97,76.6,55
5858,18100000,4,Mumbai,Powai,3779,19000000,1085,95.84,92.98,99
5859,16200000,5,Pune,Kharadi,7833,18000000,3126,83.14,78.84,98
5860,7800000,5,Mumbai,Andheri,2075,23400000,3679,78.45,92.24,87
5861,10100000,4,Chennai,OMR,7623,24700000,3328,92.07,64.73,75
5862,13400000,4,Hyderabad,Gachibowli,749,23000000,1819,78.82,79.19,95
5863,11600000,3,Hyderabad,Kondapur,4906,16700000,785,87.11,92.31,66
5864,9200000,3,Mumbai,Powai,1916,18400000,1822,77.79,85.03,69
5865,16500000,2,Hyderabad,Kondapur,8403,8000000,1250,81.89,62.95,64
5866,4100000,4,Chennai,Adyar,4455,21200000,2075,86.74,75.67,88
5867,15900000,1,Bengaluru,HSR Layout,5804,9200000,833,91.96,71.09,93
5868,19000000,5,Pune,Hinjewadi,4120,10200000,2795,93.2,91.23,93
5869,12700000,2,Chennai,Adyar,8928,18600000,3978,99.47,90.75,68
5870,17200000,2,Mumbai,Thane,1592,17400000,1399,79.26,96.35,87
5871,7900000,4,Pune,Hinjewadi,2749,11700000,690,83.99,80.49,100
5872,7700000,4,Bengaluru,HSR Layout,8500,9500000,3910,83.26,61.81,83
5873,9300000,2,Pune,Hinjewadi,1123,24100000,3519,93.09,77.8,73
5874,9800000,5,Pune,Hinjewadi,8142,24800000,2351,79.85,82.16,88
5875,5400000,5,Mumbai,Bandra,1900,11900000,2164,89.52,77.95,84
5876,10500000,4,Mumbai,Bandra,3721,5800000,3828,78.29,86.54,62
5877,18300000,4,Bengaluru,Whitefield,638,11600000,2510,78.31,64.07,71
5878,9800000,4,Chennai,Velachery,543,18900000,1655,90.77,78.15,98
5879,12000000,2,Hyderabad,Gachibowli,3175,22600000,730,75.44,71.59,85
5880,4500000,3,Pune,Hinjewadi,4792,18500000,1354,80.27,62.39,57
5881,14300000,1,Bengaluru,Indiranagar,5537,23200000,1133,77.04,92.32,63
5882,3000000,5,Mumbai,Andheri,6056,4800000,2238,98.78,90.05,80
5883,8400000,3,Mumbai,Thane,4813,19600000,1125,96.8,67.23,84
5884,5600000,2,Pune,Kharadi,5237,14200000,2718,89.28,87.3,70
5885,8800000,2,Hyderabad,Madhapur,7367,18500000,3523,94.35,73.02,76
5886,16100000,1,Chennai,Adyar,9732,19300000,1659,70.58,72.18,62
5887,3500000,3,Chennai,Anna Nagar,892,3700000,2488,70.15,70.18,78
5888,13900000,3,Hyderabad,Kondapur,2393,7900000,1941,76.03,81.06,93
5889,3000000,3,Mumbai,Powai,8318,9600000,1145,90.97,69.41,99
5890,13700000,4,Bengaluru,Electronic City,5829,10200000,3609,72.32,78.96,60
5891,19700000,1,Hyderabad,Kondapur,2986,17100000,2507,73.52,74.68,57
5892,19700000,5,Mumbai,Bandra,8854,4600000,2266,94.48,89.09,95
5893,11400000,1,Bengaluru,Electronic City,9229,7200000,3254,70.19,96.79,56
5894,17600000,1,Mumbai,Powai,6509,5000000,2111,95.84,84.51,66
5895,9100000,4,Chennai,Anna Nagar,6777,15200000,2583,86.47,85.03,80
5896,13900000,4,Chennai,OMR,7343,17200000,3788,74.6,64.61,91
5897,12000000,2,Chennai,Anna Nagar,3089,16200000,3899,94.52,87.99,87
5898,19700000,2,Pune,Kharadi,9646,18100000,2999,92.32,92.69,77
5899,4000000,2,Hyderabad,Kukatpally,5332,8500000,2975,93.35,91.6,87
5900,8200000,2,Pune,Wakad,9326,10400000,2235,87.94,70.85,53
5901,18600000,2,Mumbai,Bandra,5713,22100000,3011,86.5,69.87,91
5902,4200000,3,Mumbai,Thane,3005,14000000,3180,72.25,94.92,86
5903,18500000,2,Pune,Kharadi,3726,14400000,749,89.65,89.18,86
5904,15800000,3,Mumbai,Andheri,47,7700000,3529,81.99,96.41,91
5905,3900000,5,Pune,Hinjewadi,1550,23800000,3273,88.22,93.69,55
5906,12900000,1,Chennai,Anna Nagar,4629,22600000,1232,85.97,83.54,63
5907,13900000,3,Bengaluru,Indiranagar,1836,14500000,2128,96.72,67.24,95
5908,6800000,2,Pune,Baner,7334,12100000,2886,74.35,67.86,100
5909,14300000,4,Bengaluru,Whitefield,5907,10000000,2064,97.06,67.32,56
5910,7300000,1,Mumbai,Thane,428,23600000,2979,77.06,69.03,63
5911,9800000,4,Mumbai,Powai,9137,6200000,2482,81.24,93.28,97
5912,7200000,3,Chennai,OMR,8358,12800000,1930,81.9,95.21,54
5913,13000000,3,Bengaluru,HSR Layout,4417,23500000,3070,94.97,74.76,87
5914,6400000,2,Mumbai,Thane,3460,9100000,2147,73.51,66.5,65
5915,17400000,5,Mumbai,Bandra,1982,5900000,2137,94.28,77.88,82
5916,7500000,4,Mumbai,Andheri,2196,12900000,1039,99.2,72.12,98
5917,6600000,1,Hyderabad,Gachibowli,3685,9100000,863,92.67,91.88,56
5918,16300000,5,Bengaluru,Indiranagar,2434,20000000,1921,80.37,97.46,59
5919,17300000,3,Mumbai,Andheri,858,10100000,2194,87.94,99.15,88
5920,17700000,2,Chennai,Adyar,4589,9900000,1428,88.3,90.21,92
5921,17700000,5,Bengaluru,Indiranagar,446,22600000,3964,85.02,75.13,63
5922,13000000,4,Bengaluru,Whitefield,4660,12000000,2810,76.22,80.46,62
5923,4100000,1,Mumbai,Powai,6398,6200000,1934,91.26,68.9,55
5924,17900000,3,Hyderabad,Kondapur,4196,16500000,1656,94.19,75.45,85
5925,17700000,4,Chennai,Velachery,1434,18400000,2932,80.01,83.51,75
5926,11300000,1,Pune,Baner,1398,9800000,2937,87.84,89.34,52
5927,14200000,4,Bengaluru,Electronic City,9585,4500000,1897,84.79,61.22,97
5928,9300000,3,Chennai,OMR,4424,20700000,700,92.1,77.49,81
5929,4200000,5,Hyderabad,Kukatpally,1922,13400000,3642,88.46,92.3,59
5930,18700000,3,Chennai,OMR,7218,24600000,2932,90.12,85.17,88
5931,16100000,2,Hyderabad,Kondapur,6566,24300000,3267,71.98,81.89,71
5932,10600000,3,Pune,Kharadi,4712,24900000,3561,96.68,63.95,75
5933,10400000,2,Mumbai,Andheri,1038,20800000,787,81.02,78.55,75
5934,14100000,5,Pune,Kharadi,9480,6300000,3337,73.25,69.11,98
5935,8100000,2,Pune,Baner,7595,24300000,3486,76.03,86.66,51
5936,4500000,3,Hyderabad,Madhapur,1305,6500000,1153,82.21,94.7,60
5937,10200000,3,Chennai,Adyar,5325,3600000,1536,96.85,76.19,76
5938,20000000,3,Mumbai,Bandra,7374,4900000,2590,76.82,74.42,72
5939,12400000,1,Chennai,OMR,4314,10900000,3920,99.19,76.76,89
5940,15200000,4,Mumbai,Thane,9214,4900000,2091,83.11,70.52,62
5941,10600000,2,Chennai,Anna Nagar,7819,12000000,1758,76.37,89.1,72
5942,12300000,1,Chennai,Velachery,2042,21800000,3837,80.53,90.32,91
5943,13600000,3,Pune,Kharadi,4027,19500000,3159,93.87,73.34,80
5944,8500000,3,Mumbai,Powai,331,8500000,2034,79.59,91.42,89
5945,6800000,4,Mumbai,Andheri,3091,14200000,1641,95.12,99.42,81
5946,4900000,3,Chennai,Adyar,5530,5900000,2721,71.76,62.27,56
5947,3100000,1,Hyderabad,Kondapur,540,24300000,2219,84.28,79.35,87
5948,17300000,2,Chennai,Adyar,8270,9600000,681,75.91,88.92,72
5949,5100000,4,Chennai,Velachery,4682,7200000,1391,73.62,63.2,59
5950,14000000,4,Chennai,Adyar,5680,14400000,2255,74.83,74.29,53
5951,9400000,3,Chennai,Velachery,6501,8700000,2934,98.95,75.59,64
5952,15700000,5,Bengaluru,Indiranagar,3864,17200000,3397,83.11,87.38,77
5953,16600000,5,Hyderabad,Gachibowli,2587,24500000,3346,97.33,64.37,50
5954,15300000,5,Bengaluru,HSR Layout,2276,8300000,3836,90.45,94.74,86
5955,3300000,1,Chennai,Adyar,2473,18900000,1242,76.34,84.45,83
5956,13300000,5,Pune,Baner,7545,18100000,3273,97.51,66.3,69
5957,6500000,3,Pune,Hinjewadi,6062,3700000,1137,87.34,65.23,78
5958,13100000,4,Pune,Hinjewadi,571,7200000,1302,83.64,78.53,65
5959,8700000,3,Chennai,Anna Nagar,327,3900000,1887,91.45,99.15,64
5960,19500000,3,Mumbai,Powai,8331,10400000,1576,80.37,64.62,86
5961,4800000,4,Mumbai,Powai,8848,20800000,1342,89.89,71.49,51
5962,7100000,5,Chennai,OMR,89,12600000,3311,72.56,88.98,76
5963,8300000,2,Mumbai,Andheri,5254,14200000,3987,86.06,75.39,93
5964,9700000,5,Mumbai,Thane,3888,3500000,1816,75.2,74.1,89
5965,7500000,5,Chennai,Anna Nagar,1469,18500000,920,70.32,81.65,60
5966,4500000,2,Hyderabad,Kondapur,2977,7700000,2029,70.14,66.74,77
5967,11100000,5,Chennai,Velachery,8005,11800000,3023,80.17,66.65,56
5968,3500000,1,Hyderabad,Madhapur,7504,4000000,3411,78.08,80.62,71
5969,6200000,4,Pune,Hinjewadi,5653,11200000,2483,97.68,63.21,51
5970,19600000,4,Hyderabad,Kondapur,803,8200000,1623,73.46,72.2,50
5971,11500000,2,Mumbai,Thane,8488,18400000,2849,98.37,83.27,83
5972,16200000,1,Chennai,OMR,8190,14400000,1413,83.84,60.75,56
5973,8900000,5,Pune,Hinjewadi,9621,15600000,1592,95.81,91.06,88
5974,6100000,5,Mumbai,Thane,9553,11800000,3259,92.84,62.33,100
5975,19500000,2,Hyderabad,Kondapur,9523,21500000,2326,75.84,76.99,91
5976,10500000,2,Hyderabad,Gachibowli,9100,9800000,781,95.25,69.32,81
5977,14300000,1,Mumbai,Andheri,5692,19600000,2774,93.19,80.21,74
5978,18300000,4,Mumbai,Andheri,7561,8700000,2127,76.42,70.83,98
5979,6800000,3,Pune,Baner,4705,10800000,644,97.9,63.4,77
5980,13900000,4,Hyderabad,Madhapur,5723,18900000,1568,73.09,76.1,92
5981,10900000,1,Mumbai,Powai,1857,18700000,3188,80.83,93.27,67
5982,3900000,5,Mumbai,Andheri,3120,6600000,3037,85.01,96.06,69
5983,15900000,4,Chennai,OMR,6665,21200000,3434,82.17,98.17,85
5984,6800000,1,Pune,Hinjewadi,8289,22900000,2869,72.13,74.99,99
5985,12600000,1,Pune,Baner,5474,4400000,2768,72.11,97.43,70
5986,16700000,4,Hyderabad,Gachibowli,741,7700000,3786,76.3,96.95,99
5987,9000000,3,Chennai,Anna Nagar,6468,4600000,3781,93.62,82.66,62
5988,9100000,4,Hyderabad,Kukatpally,8712,21700000,3218,84.01,93.13,81
5989,13300000,1,Pune,Kharadi,7097,14300000,641,83.32,87.44,70
5990,6400000,3,Bengaluru,Indiranagar,2147,22500000,682,97.15,82.73,61
5991,7500000,2,Bengaluru,HSR Layout,3162,18700000,1530,86.38,83.83,81
5992,11200000,3,Pune,Baner,8677,19400000,664,94.71,62.35,80
5993,5400000,5,Mumbai,Andheri,6955,10000000,2546,91.0,88.77,78
5994,7900000,5,Chennai,Adyar,2263,22300000,2665,90.14,86.89,95
5995,3700000,1,Pune,Wakad,8581,24800000,1029,79.41,91.2,61
5996,4300000,3,Pune,Baner,2189,18400000,824,72.92,92.36,87
5997,13500000,3,Hyderabad,Kondapur,1746,11700000,3969,76.18,93.7,72
5998,14800000,3,Pune,Kharadi,3393,12700000,3475,84.48,61.54,52
5999,18400000,4,Hyderabad,Kukatpally,649,13500000,3012,86.11,71.22,66
6000,16600000,2,Mumbai,Powai,8557,19500000,1943,84.85,96.93,74
6001,15800000,5,Mumbai,Thane,6374,12900000,3970,75.56,97.49,60
6002,14000000,2,Pune,Wakad,4725,7300000,768,90.17,87.39,51
6003,15500000,5,Chennai,Anna Nagar,3192,20300000,2654,83.74,73.16,56
6004,10700000,2,Bengaluru,Electronic City,6225,10200000,625,91.97,89.43,61
6005,17900000,2,Mumbai,Andheri,6794,15600000,2067,73.51,72.75,83
6006,17800000,3,Pune,Kharadi,195,14300000,1722,94.92,80.15,81
6007,15200000,2,Chennai,Adyar,8162,13800000,3990,78.56,86.13,83
6008,15500000,3,Pune,Baner,8705,20200000,1214,90.13,60.25,72
6009,4500000,3,Bengaluru,Whitefield,5589,8300000,2719,98.33,99.09,68
6010,3000000,4,Chennai,OMR,9304,18100000,3179,95.5,98.13,59
6011,4600000,1,Chennai,Adyar,6219,20400000,2257,97.77,68.46,69
6012,5300000,1,Hyderabad,Gachibowli,8981,23900000,3664,94.25,67.66,73
6013,10100000,4,Chennai,Adyar,1063,18300000,1012,95.07,65.43,63
6014,9400000,1,Mumbai,Thane,6288,12300000,1867,86.99,77.8,85
6015,14800000,1,Pune,Baner,8102,6600000,726,82.7,63.42,53
6016,14000000,1,Mumbai,Thane,2867,18800000,1868,89.18,81.41,82
6017,9900000,5,Mumbai,Thane,4588,21400000,1661,94.22,94.16,91
6018,14400000,3,Mumbai,Thane,831,21400000,1326,97.62,79.29,52
6019,20000000,4,Pune,Wakad,3541,7900000,3670,86.76,99.69,70
6020,17200000,2,Chennai,Velachery,450,10800000,3884,82.06,73.14,87
6021,16600000,4,Mumbai,Powai,82,19500000,642,79.08,97.2,61
6022,11800000,1,Chennai,Velachery,291,6500000,3664,88.94,93.83,89
6023,6700000,2,Hyderabad,Gachibowli,5299,12100000,3508,70.62,98.96,61
6024,14900000,2,Mumbai,Andheri,32,8300000,2691,95.88,69.09,60
6025,17800000,1,Hyderabad,Kondapur,4015,9800000,1587,75.61,72.28,50
6026,4500000,4,Chennai,Anna Nagar,5388,18000000,3250,92.45,86.16,72
6027,17300000,2,Bengaluru,Indiranagar,1219,10600000,1138,85.19,73.22,88
6028,18500000,2,Bengaluru,HSR Layout,3979,16900000,3843,84.17,66.21,54
6029,16400000,2,Pune,Wakad,4129,17500000,3401,79.41,63.78,77
6030,6800000,2,Hyderabad,Kukatpally,3146,19900000,3880,76.35,68.21,69
6031,12100000,3,Pune,Hinjewadi,7525,23700000,713,82.67,83.98,90
6032,9700000,1,Chennai,Adyar,6956,13000000,1634,71.15,61.78,70
6033,14900000,4,Mumbai,Powai,229,9400000,2286,92.03,81.63,74
6034,17700000,4,Mumbai,Andheri,951,15300000,626,76.39,67.84,58
6035,8800000,2,Hyderabad,Kukatpally,375,24100000,3731,99.22,93.77,75
6036,14700000,3,Mumbai,Powai,9052,4900000,2009,85.7,78.15,89
6037,12100000,5,Pune,Wakad,1757,22800000,1997,91.94,69.06,78
6038,12600000,1,Pune,Kharadi,2364,6500000,2828,98.76,97.75,74
6039,17800000,2,Chennai,Velachery,1872,15000000,3956,73.65,97.82,65
6040,10900000,1,Chennai,Adyar,2891,20800000,1691,93.63,70.24,72
6041,8100000,1,Pune,Wakad,68,23900000,3043,73.67,89.02,61
6042,18100000,2,Mumbai,Bandra,9613,18200000,2243,92.04,90.66,51
6043,3500000,2,Chennai,Adyar,6788,18000000,770,71.21,72.75,55
6044,13000000,1,Chennai,Anna Nagar,5485,10200000,2084,91.18,82.92,67
6045,13000000,5,Mumbai,Bandra,6289,17600000,3260,85.59,62.42,86
6046,12900000,1,Mumbai,Andheri,722,14200000,1065,71.87,66.17,51
6047,3600000,5,Bengaluru,Electronic City,7545,9500000,2188,89.66,80.51,52
6048,12400000,4,Mumbai,Bandra,2311,12900000,2647,82.23,68.24,98
6049,15100000,1,Mumbai,Bandra,365,21500000,3059,80.93,92.95,96
6050,9800000,1,Hyderabad,Kondapur,8079,9500000,609,86.87,62.55,98
6051,13000000,5,Hyderabad,Kukatpally,5503,10500000,910,98.36,74.1,83
6052,4100000,5,Chennai,Anna Nagar,913,7500000,658,77.39,72.51,91
6053,9400000,4,Hyderabad,Kondapur,1250,10900000,1847,91.48,61.86,67
6054,14800000,3,Hyderabad,Gachibowli,3475,15200000,3714,88.67,89.01,69
6055,13100000,4,Hyderabad,Madhapur,5284,16600000,1604,87.78,61.02,82
6056,18400000,3,Hyderabad,Madhapur,7045,19000000,1578,98.5,97.78,51
6057,7300000,3,Pune,Wakad,6853,24800000,753,96.34,93.98,93
6058,12400000,4,Pune,Hinjewadi,6392,20500000,2249,84.91,82.12,52
6059,6900000,4,Chennai,OMR,4541,6900000,3993,99.68,62.28,54
6060,4100000,5,Bengaluru,Indiranagar,8465,16100000,1415,84.22,96.79,67
6061,15600000,3,Bengaluru,Whitefield,6643,7800000,1731,72.19,98.46,53
6062,7300000,4,Hyderabad,Kondapur,303,3800000,1377,86.04,97.68,55
6063,11700000,2,Hyderabad,Gachibowli,8105,17200000,3117,90.84,90.65,98
6064,7500000,3,Pune,Wakad,6407,14800000,2333,89.6,83.25,70
6065,16900000,4,Hyderabad,Kukatpally,9227,4600000,2829,89.94,81.44,68
6066,4600000,2,Mumbai,Thane,4697,16500000,2913,95.54,61.88,68
6067,3400000,4,Chennai,Anna Nagar,4999,13500000,2287,85.8,99.3,75
6068,13000000,4,Hyderabad,Gachibowli,6963,20100000,3008,85.39,71.18,60
6069,16200000,2,Pune,Kharadi,6438,21900000,3239,75.42,77.7,80
6070,4200000,1,Mumbai,Powai,9940,9800000,1009,92.21,95.63,67
6071,14000000,5,Chennai,Anna Nagar,1614,18300000,1535,83.25,60.87,100
6072,5200000,5,Mumbai,Thane,965,9800000,821,96.35,95.5,62
6073,13000000,2,Chennai,Adyar,7520,23200000,1434,72.82,88.16,81
6074,10600000,2,Chennai,Anna Nagar,4043,16800000,1515,89.04,66.41,92
6075,5000000,4,Bengaluru,Electronic City,2597,21900000,646,95.83,94.75,63
6076,18400000,4,Chennai,OMR,2102,14400000,1679,73.4,77.61,81
6077,19200000,1,Chennai,Velachery,5802,9100000,1495,80.79,66.9,96
6078,3300000,4,Chennai,Adyar,6168,14300000,2826,92.17,97.04,98
6079,17300000,5,Pune,Kharadi,2564,8800000,3687,70.18,97.76,57
6080,4500000,4,Hyderabad,Kondapur,5972,17100000,1654,76.31,63.74,67
6081,7600000,3,Mumbai,Bandra,8824,20900000,3679,87.26,83.28,79
6082,18600000,5,Hyderabad,Gachibowli,7446,8400000,1499,83.69,76.7,50
6083,9300000,4,Mumbai,Andheri,2534,4000000,753,91.89,86.09,71
6084,18300000,1,Pune,Wakad,5724,21200000,3643,93.06,85.76,100
6085,15000000,4,Mumbai,Andheri,2113,13500000,3903,77.59,91.36,71
6086,13000000,5,Hyderabad,Kondapur,305,21900000,2996,89.34,96.09,89
6087,9500000,2,Hyderabad,Kondapur,1553,18000000,2062,90.72,79.88,56
6088,13300000,1,Mumbai,Andheri,2932,23400000,3531,91.55,87.67,57
6089,17600000,4,Bengaluru,Whitefield,5269,19500000,1035,98.91,86.88,58
6090,8200000,5,Pune,Wakad,8919,23800000,2595,71.27,86.11,65
6091,17600000,4,Mumbai,Andheri,3333,10200000,3305,85.72,93.24,56
6092,19000000,5,Chennai,Anna Nagar,4535,5500000,1268,92.34,99.81,61
6093,11400000,1,Hyderabad,Gachibowli,1446,11300000,2491,98.87,82.11,69
6094,11400000,4,Hyderabad,Kukatpally,4274,3800000,2732,85.96,71.17,58
6095,11800000,2,Chennai,Velachery,6072,10100000,3280,91.4,86.21,62
6096,5300000,1,Bengaluru,HSR Layout,6165,18100000,2781,79.71,60.57,98
6097,7100000,3,Bengaluru,Indiranagar,808,11500000,2477,83.23,72.68,72
6098,3500000,1,Mumbai,Powai,1068,24600000,3262,87.57,96.35,61
6099,3200000,2,Hyderabad,Kondapur,8948,3500000,2657,73.36,74.02,78
6100,16500000,1,Mumbai,Andheri,8418,9100000,2503,70.97,96.92,96
6101,8400000,5,Bengaluru,Electronic City,2498,7800000,2755,76.0,91.6,72
6102,13200000,3,Chennai,Velachery,3586,6800000,642,71.25,74.24,83
6103,19100000,5,Hyderabad,Kondapur,280,9100000,1370,94.26,86.74,89
6104,5200000,1,Chennai,Adyar,9375,17000000,2676,78.31,79.71,94
6105,15500000,3,Hyderabad,Gachibowli,6241,8800000,812,94.65,65.72,73
6106,15300000,4,Mumbai,Powai,9316,4300000,1758,95.72,81.39,97
6107,19100000,1,Mumbai,Andheri,916,3700000,3927,75.07,61.87,55
6108,18600000,2,Mumbai,Andheri,3174,23200000,881,99.03,89.82,91
6109,3800000,4,Chennai,Anna Nagar,4731,5100000,2028,94.82,70.54,76
6110,6200000,1,Bengaluru,Whitefield,3617,24200000,968,77.4,99.1,80
6111,6700000,3,Mumbai,Andheri,1357,16800000,864,86.15,61.99,88
6112,11800000,1,Mumbai,Powai,2752,20300000,3675,86.79,75.13,100
6113,11300000,3,Bengaluru,Electronic City,2745,23800000,2440,89.65,77.72,97
6114,9800000,3,Pune,Wakad,7689,7400000,2972,92.0,63.48,67
6115,3900000,3,Hyderabad,Kondapur,4339,9000000,2519,72.43,87.25,98
6116,7900000,2,Hyderabad,Madhapur,8929,10300000,1236,80.21,78.61,58
6117,11500000,2,Chennai,Anna Nagar,7800,20000000,1357,76.81,73.64,93
6118,5600000,4,Mumbai,Andheri,2330,16800000,3242,85.79,80.7,99
6119,14400000,3,Pune,Wakad,5635,11300000,1344,78.34,63.03,58
6120,8200000,3,Pune,Wakad,7586,13400000,2533,95.01,96.29,50
6121,13100000,1,Hyderabad,Kondapur,3330,24200000,3716,97.27,86.59,64
6122,15300000,1,Hyderabad,Kukatpally,942,22100000,3334,77.85,72.4,65
6123,14400000,2,Pune,Hinjewadi,3185,8700000,1589,97.96,81.37,80
6124,11000000,1,Bengaluru,Indiranagar,8656,5400000,3401,87.89,75.26,87
6125,9900000,1,Hyderabad,Kukatpally,7682,4600000,3828,79.17,63.6,52
6126,7400000,1,Pune,Kharadi,4559,18400000,2783,97.48,86.0,64
6127,7500000,2,Chennai,Velachery,6503,17500000,2030,83.92,81.88,71
6128,19400000,3,Hyderabad,Kukatpally,6611,19900000,3675,84.26,91.65,85
6129,6300000,1,Chennai,Adyar,5032,18200000,1727,75.57,91.5,53
6130,8800000,4,Mumbai,Powai,1364,5800000,2160,92.71,61.93,90
6131,14600000,4,Hyderabad,Kukatpally,1140,14300000,3963,96.29,91.32,76
6132,4500000,4,Bengaluru,Electronic City,2350,10600000,2704,96.15,93.32,51
6133,15500000,3,Pune,Baner,4618,10200000,3258,84.46,85.19,84
6134,11500000,1,Hyderabad,Madhapur,7520,15700000,1817,92.0,65.7,86
6135,8500000,3,Pune,Wakad,1754,15300000,1914,93.22,62.23,50
6136,14200000,3,Chennai,Anna Nagar,2154,4600000,2297,95.06,68.3,53
6137,17800000,5,Bengaluru,Whitefield,3491,23400000,2096,85.45,75.07,71
6138,13400000,4,Hyderabad,Madhapur,863,19900000,1067,73.59,84.05,67
6139,15300000,2,Mumbai,Thane,5213,8800000,3396,87.72,64.61,69
6140,17500000,1,Mumbai,Bandra,341,17700000,2691,96.96,80.21,58
6141,15000000,3,Bengaluru,Indiranagar,7234,6400000,3203,72.99,97.04,73
6142,9900000,5,Pune,Hinjewadi,4044,23000000,1736,95.99,89.33,81
6143,13700000,2,Mumbai,Thane,1460,13400000,2033,88.12,71.95,93
6144,19900000,3,Mumbai,Thane,5619,4000000,2383,95.93,94.61,80
6145,12700000,1,Mumbai,Andheri,5047,12300000,2930,70.45,79.73,77
6146,10500000,3,Hyderabad,Kukatpally,6840,5200000,3250,75.54,84.77,83
6147,9000000,3,Chennai,Velachery,6428,13100000,3411,82.81,91.01,57
6148,17600000,1,Mumbai,Bandra,8927,21500000,2120,70.59,91.61,96
6149,10300000,5,Pune,Baner,223,11100000,3822,77.94,98.91,75
6150,7000000,3,Chennai,OMR,5165,5300000,1986,86.91,75.73,72
6151,12000000,4,Bengaluru,Electronic City,7768,10300000,1484,70.63,79.17,97
6152,16300000,2,Mumbai,Thane,4067,17700000,2521,84.24,64.36,78
6153,8900000,4,Hyderabad,Kukatpally,4738,21300000,2710,99.0,89.37,65
6154,18200000,3,Pune,Baner,1050,12400000,2004,72.48,77.64,88
6155,13600000,4,Bengaluru,HSR Layout,9964,15600000,3516,87.65,64.6,89
6156,16200000,1,Mumbai,Thane,5572,7400000,884,76.58,74.79,70
6157,3700000,3,Chennai,Adyar,9820,21400000,3049,89.92,71.06,84
6158,12900000,3,Mumbai,Thane,2118,5500000,2214,96.24,84.8,100
6159,14300000,5,Hyderabad,Gachibowli,1951,5800000,3532,79.17,62.35,89
6160,4200000,2,Chennai,OMR,8581,6900000,2525,79.63,90.2,69
6161,12400000,3,Pune,Kharadi,2410,8700000,3217,91.98,79.14,96
6162,17200000,4,Hyderabad,Kukatpally,1683,9400000,3806,92.39,92.63,94
6163,3600000,1,Bengaluru,Whitefield,1159,18900000,1736,74.85,84.56,79
6164,14700000,5,Pune,Baner,5167,23300000,3653,85.43,70.24,89
6165,8700000,4,Hyderabad,Kondapur,9381,14600000,1106,82.44,83.71,58
6166,7900000,4,Bengaluru,Indiranagar,9812,15800000,2652,99.72,66.21,96
6167,9900000,4,Chennai,OMR,5679,18900000,1663,73.17,90.75,60
6168,19500000,5,Hyderabad,Madhapur,9280,5300000,3923,97.61,91.92,81
6169,12100000,2,Bengaluru,Electronic City,755,22200000,640,75.24,95.15,99
6170,5600000,5,Mumbai,Andheri,3325,7300000,3405,77.52,81.79,89
6171,12900000,3,Mumbai,Thane,9218,16600000,1916,83.7,61.19,95
6172,5600000,2,Pune,Baner,8987,7600000,1931,84.51,75.54,51
6173,5500000,3,Mumbai,Powai,4952,14200000,2045,76.49,63.18,54
6174,18300000,2,Bengaluru,Whitefield,3617,9900000,2518,94.86,62.16,79
6175,6400000,3,Chennai,OMR,1650,4600000,3576,74.24,70.79,74
6176,7700000,3,Hyderabad,Gachibowli,9602,7200000,1456,88.36,81.97,62
6177,8200000,3,Bengaluru,Whitefield,7718,4700000,2725,74.47,90.4,59
6178,10800000,1,Pune,Baner,207,15500000,1318,73.06,84.77,94
6179,11700000,2,Pune,Kharadi,8628,8900000,1803,89.58,100.0,65
6180,5500000,4,Chennai,Anna Nagar,6635,20300000,2341,82.4,97.3,56
6181,5300000,4,Pune,Baner,2504,4700000,2618,82.23,83.88,73
6182,6000000,2,Mumbai,Thane,8914,11300000,1077,90.57,87.41,62
6183,12200000,1,Bengaluru,Indiranagar,3275,8300000,2555,99.13,88.81,61
6184,6600000,1,Mumbai,Andheri,7155,13400000,2289,99.42,73.36,84
6185,4200000,5,Chennai,Velachery,5781,20300000,3813,73.56,99.43,81
6186,14900000,3,Hyderabad,Madhapur,1783,23000000,2887,82.27,83.99,65
6187,7900000,5,Hyderabad,Madhapur,5580,10800000,1246,94.13,70.68,53
6188,8100000,1,Hyderabad,Kondapur,4263,6200000,952,87.12,67.8,79
6189,13200000,5,Bengaluru,Whitefield,2533,7500000,1949,81.51,71.62,50
6190,5100000,3,Hyderabad,Madhapur,3606,23000000,2458,84.11,86.76,50
6191,7600000,4,Bengaluru,Whitefield,4134,18300000,3801,83.72,81.86,59
6192,12600000,5,Mumbai,Thane,2583,10100000,1826,85.38,77.03,75
6193,14200000,2,Chennai,Anna Nagar,7791,10000000,2276,78.89,63.32,83
6194,11600000,1,Pune,Baner,2796,14000000,1127,91.41,94.61,71
6195,9500000,5,Mumbai,Bandra,134,9000000,2615,90.69,87.23,80
6196,12500000,3,Pune,Kharadi,3217,4300000,1411,72.96,72.35,57
6197,9000000,4,Bengaluru,HSR Layout,454,10600000,3931,74.08,62.21,85
6198,14000000,1,Hyderabad,Kukatpally,9586,10100000,1496,70.69,98.55,70
6199,12800000,1,Pune,Baner,1224,22800000,2377,87.07,75.75,60
6200,5800000,1,Bengaluru,Indiranagar,7227,10800000,2234,87.13,82.57,80
6201,5300000,4,Hyderabad,Gachibowli,4764,14000000,2854,76.08,93.93,95
6202,9400000,1,Bengaluru,Whitefield,9695,16900000,3157,72.09,60.98,91
6203,16200000,2,Bengaluru,Whitefield,2876,20200000,3935,75.81,74.81,52
6204,17000000,4,Hyderabad,Madhapur,1521,17600000,2901,76.12,67.93,50
6205,17200000,4,Chennai,Adyar,3054,9000000,2135,74.07,98.94,76
6206,10900000,4,Mumbai,Andheri,2086,16400000,1423,79.17,68.15,71
6207,3600000,3,Mumbai,Andheri,2988,6000000,2772,77.68,82.44,61
6208,20000000,4,Bengaluru,Indiranagar,8384,7400000,627,92.57,80.08,55
6209,14100000,5,Bengaluru,Indiranagar,5625,4100000,2207,93.9,81.19,78
6210,12700000,5,Chennai,Velachery,2776,15800000,629,85.04,63.51,82
6211,8400000,1,Bengaluru,Whitefield,3184,19900000,3840,84.31,94.92,67
6212,18300000,3,Hyderabad,Madhapur,7893,23800000,3849,71.29,84.14,89
6213,4500000,1,Bengaluru,HSR Layout,6457,23200000,3060,83.26,75.03,64
6214,5500000,2,Bengaluru,Whitefield,3023,15700000,3332,88.67,76.76,67
6215,6200000,3,Mumbai,Bandra,7413,12300000,1620,87.25,94.2,56
6216,5400000,1,Pune,Kharadi,7156,19900000,1093,75.55,91.15,91
6217,9800000,5,Hyderabad,Kondapur,4035,22700000,3558,71.35,93.01,67
6218,5200000,5,Mumbai,Bandra,1693,8400000,1130,74.07,61.95,83
6219,17600000,3,Chennai,Anna Nagar,1693,13400000,627,96.13,89.3,62
6220,6600000,4,Bengaluru,Whitefield,5929,15800000,2562,78.34,92.75,58
6221,4600000,4,Hyderabad,Madhapur,8048,6200000,3379,88.58,77.37,73
6222,16800000,4,Mumbai,Powai,8180,15100000,3832,94.7,85.11,58
6223,16400000,3,Mumbai,Andheri,5815,11500000,3684,97.33,89.81,56
6224,8300000,1,Chennai,Velachery,5612,10800000,3191,75.27,61.68,87
6225,6100000,4,Bengaluru,Electronic City,4825,23800000,1964,75.2,81.12,89
6226,19200000,4,Hyderabad,Kukatpally,7997,16900000,2599,94.17,64.39,75
6227,12900000,4,Pune,Wakad,2996,11200000,2535,77.9,86.76,51
6228,8700000,1,Bengaluru,Indiranagar,7379,7900000,2523,79.44,72.14,60
6229,13300000,3,Bengaluru,HSR Layout,6319,21300000,3175,80.68,99.51,59
6230,17300000,3,Pune,Hinjewadi,4422,4000000,992,85.51,62.29,62
6231,5100000,2,Mumbai,Powai,5358,13800000,892,72.6,81.92,60
6232,13700000,3,Bengaluru,Whitefield,7182,23800000,3665,71.35,75.56,94
6233,15300000,5,Mumbai,Andheri,2193,13500000,976,77.4,69.93,58
6234,8600000,2,Pune,Kharadi,3979,24300000,3381,71.51,91.67,65
6235,5700000,5,Mumbai,Bandra,1696,4200000,1352,73.37,79.83,89
6236,3200000,4,Bengaluru,Electronic City,8343,4000000,3468,86.7,83.09,58
6237,14600000,3,Hyderabad,Kukatpally,7348,6900000,3968,94.9,88.1,51
6238,15300000,5,Mumbai,Andheri,9395,7100000,3901,78.16,81.77,63
6239,5600000,1,Hyderabad,Kukatpally,1458,22400000,2598,89.43,71.0,100
6240,6600000,1,Pune,Wakad,1481,7700000,1774,78.45,83.92,57
6241,19900000,5,Bengaluru,Indiranagar,3269,8100000,1575,84.3,91.3,66
6242,12800000,3,Pune,Kharadi,785,15800000,2225,71.35,95.18,91
6243,5200000,3,Pune,Kharadi,5642,10300000,2292,82.63,90.96,97
6244,16900000,1,Hyderabad,Gachibowli,7725,17700000,3143,96.5,79.28,78
6245,13900000,5,Hyderabad,Kondapur,4696,17400000,3283,81.22,72.18,68
6246,6400000,2,Hyderabad,Gachibowli,6563,6100000,2656,95.75,68.84,70
6247,3700000,5,Chennai,Velachery,8026,16400000,2628,76.49,71.05,97
6248,16800000,5,Hyderabad,Kondapur,8015,6200000,639,74.47,96.75,95
6249,8900000,4,Hyderabad,Kukatpally,2973,8700000,3267,81.13,66.62,76
6250,6400000,2,Chennai,Velachery,6112,10300000,1348,70.18,65.91,87
6251,7000000,1,Bengaluru,Indiranagar,4861,17000000,3372,81.05,73.5,94
6252,7200000,4,Hyderabad,Gachibowli,6305,9300000,1021,98.53,71.25,95
6253,14800000,1,Hyderabad,Kondapur,2445,15000000,660,82.07,68.16,57
6254,14200000,3,Mumbai,Andheri,1413,12700000,1266,86.74,94.48,92
6255,6100000,1,Mumbai,Andheri,3379,21000000,3340,74.69,63.59,77
6256,12700000,1,Hyderabad,Kukatpally,1396,21400000,999,89.19,84.37,73
6257,9800000,4,Chennai,OMR,3204,16000000,1616,96.59,94.96,73
6258,9700000,5,Bengaluru,HSR Layout,827,8400000,1231,92.6,65.99,78
6259,13200000,5,Bengaluru,Whitefield,6548,8000000,3563,76.85,73.19,96
6260,3700000,1,Mumbai,Bandra,823,20300000,2002,82.96,92.4,98
6261,3900000,2,Bengaluru,Indiranagar,1763,15100000,1267,88.91,90.83,58
6262,7800000,3,Pune,Kharadi,1150,24900000,1867,75.03,74.76,77
6263,16100000,1,Chennai,OMR,4788,13300000,706,98.49,63.27,98
6264,18100000,3,Bengaluru,Whitefield,2811,5000000,1686,90.32,89.18,79
6265,5100000,5,Chennai,Anna Nagar,4349,17000000,1822,77.95,71.92,63
6266,5700000,4,Mumbai,Bandra,7664,11000000,2645,76.95,72.66,77
6267,15000000,1,Pune,Hinjewadi,5919,6600000,1929,77.03,90.08,69
6268,14500000,2,Pune,Kharadi,3901,6200000,1277,71.64,70.15,80
6269,19400000,3,Chennai,Anna Nagar,6017,18100000,895,87.98,80.11,91
6270,5000000,2,Mumbai,Andheri,5679,15000000,1351,79.68,62.75,56
6271,17800000,2,Mumbai,Bandra,3575,22400000,1832,76.47,66.35,65
6272,15700000,1,Mumbai,Bandra,8249,19800000,1789,93.12,78.81,95
6273,13600000,1,Pune,Hinjewadi,8279,10500000,3562,97.61,90.88,54
6274,3500000,1,Hyderabad,Kondapur,9164,15400000,2409,76.68,84.45,52
6275,3000000,5,Bengaluru,Whitefield,8640,11100000,2898,97.78,98.72,97
6276,4300000,3,Hyderabad,Kukatpally,6510,21400000,3496,75.84,95.54,63
6277,14400000,4,Chennai,OMR,8256,13600000,1235,77.94,75.5,62
6278,13100000,1,Pune,Hinjewadi,4318,11100000,2023,87.16,86.79,84
6279,4600000,1,Hyderabad,Kukatpally,5207,23400000,1890,84.6,90.72,85
6280,14300000,1,Pune,Baner,5893,7800000,2851,95.43,94.57,89
6281,18200000,2,Pune,Kharadi,6811,21800000,3402,71.64,77.72,92
6282,14900000,1,Bengaluru,Electronic City,2725,6000000,956,83.75,87.54,94
6283,13500000,2,Mumbai,Powai,2318,10200000,3500,99.58,69.54,71
6284,6100000,1,Pune,Kharadi,4111,19400000,1547,97.88,80.08,92
6285,13300000,5,Chennai,Velachery,5821,23600000,3832,89.55,76.82,75
6286,9000000,4,Chennai,Anna Nagar,9816,20900000,1166,97.82,89.03,76
6287,16300000,4,Mumbai,Andheri,1351,6900000,3989,94.37,87.63,63
6288,6500000,2,Pune,Wakad,4329,10300000,2513,94.52,71.47,87
6289,7900000,2,Hyderabad,Madhapur,8021,7800000,2311,90.56,79.88,69
6290,8400000,4,Chennai,Velachery,3160,6400000,3449,92.25,74.14,69
6291,14300000,2,Bengaluru,Indiranagar,6601,13900000,1838,93.01,65.05,98
6292,17400000,5,Chennai,OMR,668,11000000,862,76.02,89.27,97
6293,12500000,3,Chennai,Velachery,9867,10600000,876,71.18,71.83,88
6294,12100000,3,Bengaluru,HSR Layout,7836,16400000,2905,86.19,67.18,95
6295,6500000,1,Pune,Baner,7620,23800000,628,91.21,73.38,88
6296,6100000,3,Chennai,Velachery,1324,24400000,1450,85.48,69.28,91
6297,19300000,5,Chennai,OMR,4664,19600000,3926,99.86,72.38,87
6298,9500000,2,Pune,Hinjewadi,6833,3500000,2700,80.43,84.81,80
6299,6800000,1,Chennai,OMR,4859,22600000,1038,73.79,84.58,60
6300,3000000,3,Bengaluru,HSR Layout,3181,12700000,1789,71.59,70.19,67
6301,7700000,4,Bengaluru,Indiranagar,2156,10500000,3472,73.69,72.72,86
6302,10100000,1,Pune,Hinjewadi,2106,23000000,875,75.92,96.36,66
6303,11500000,2,Hyderabad,Kukatpally,3109,10700000,1409,74.78,71.95,66
6304,19800000,1,Chennai,Adyar,8127,4500000,3970,76.7,61.37,93
6305,10900000,5,Mumbai,Bandra,5268,13600000,1661,86.83,84.05,55
6306,18200000,4,Mumbai,Bandra,4243,13400000,2059,93.38,64.55,73
6307,5700000,3,Mumbai,Thane,6604,18700000,1743,99.69,94.12,90
6308,5500000,2,Bengaluru,Indiranagar,2250,16000000,804,70.23,83.95,61
6309,17300000,3,Bengaluru,Indiranagar,8460,24400000,2355,74.93,65.4,99
6310,9400000,1,Mumbai,Andheri,9175,10600000,2697,99.72,98.57,73
6311,12700000,1,Pune,Wakad,5808,5900000,626,92.77,83.94,58
6312,13500000,5,Pune,Wakad,1435,15300000,1287,95.94,95.68,69
6313,13300000,2,Bengaluru,Electronic City,3344,5200000,3594,94.62,78.22,95
6314,15200000,2,Chennai,Anna Nagar,2259,6800000,2166,77.21,64.46,100
6315,6300000,4,Chennai,Adyar,5054,12900000,2561,99.42,67.45,77
6316,18400000,3,Hyderabad,Kukatpally,3960,23000000,3049,86.88,71.18,100
6317,16300000,4,Mumbai,Bandra,6796,8000000,828,98.29,62.61,85
6318,17000000,3,Mumbai,Powai,222,19000000,3610,96.9,68.42,57
6319,9800000,4,Hyderabad,Kondapur,1783,6700000,2173,74.82,80.52,68
6320,15800000,5,Mumbai,Andheri,4871,9600000,2002,96.64,92.01,53
6321,17800000,5,Mumbai,Thane,5464,19100000,716,90.82,73.39,95
6322,8600000,3,Bengaluru,HSR Layout,8725,4400000,1961,90.08,68.78,51
6323,13200000,5,Chennai,Anna Nagar,725,13200000,1340,86.31,88.43,83
6324,11900000,1,Chennai,Anna Nagar,868,19200000,2251,88.51,78.66,73
6325,9500000,4,Pune,Wakad,1371,23700000,1253,84.65,84.78,96
6326,6800000,3,Bengaluru,Indiranagar,8532,8400000,1404,84.49,75.14,77
6327,10200000,1,Pune,Hinjewadi,7305,7800000,3831,89.54,92.92,65
6328,16000000,2,Mumbai,Bandra,4159,20700000,2603,87.14,87.34,55
6329,18900000,5,Chennai,Anna Nagar,3963,13200000,3002,79.06,70.27,72
6330,18100000,5,Chennai,OMR,2865,23100000,3612,75.65,89.17,89
6331,12900000,1,Mumbai,Bandra,4387,10300000,3235,73.51,93.51,79
6332,4300000,1,Pune,Kharadi,5148,13400000,1086,96.07,88.04,99
6333,12400000,1,Pune,Wakad,8394,12500000,3605,85.79,84.64,71
6334,10200000,3,Pune,Hinjewadi,676,14600000,3548,94.54,80.63,97
6335,4000000,1,Chennai,OMR,6735,22300000,3137,73.58,87.05,53
6336,15400000,2,Bengaluru,HSR Layout,427,23700000,2974,78.8,72.1,61
6337,19400000,5,Bengaluru,HSR Layout,5604,11000000,2516,82.87,77.97,54
6338,6600000,5,Pune,Hinjewadi,9002,21000000,3202,91.33,95.76,53
6339,17800000,3,Chennai,Velachery,5824,13700000,2242,90.74,99.33,97
6340,3800000,3,Hyderabad,Madhapur,6946,21700000,620,90.87,63.4,60
6341,11400000,4,Hyderabad,Madhapur,1333,13800000,1808,99.75,94.73,55
6342,9500000,2,Mumbai,Andheri,7752,19900000,1412,88.22,63.7,68
6343,15600000,5,Hyderabad,Kukatpally,9645,23800000,3558,86.93,66.46,100
6344,15000000,3,Mumbai,Andheri,3595,21300000,853,89.53,93.99,59
6345,10800000,2,Hyderabad,Kukatpally,5148,7600000,3890,92.54,60.24,54
6346,9700000,3,Hyderabad,Kondapur,2962,16100000,963,74.16,64.82,96
6347,19000000,1,Mumbai,Bandra,8184,4200000,3917,78.39,69.44,84
6348,3000000,2,Mumbai,Thane,5464,24900000,3380,88.44,85.11,80
6349,9300000,2,Hyderabad,Kukatpally,3516,20400000,2880,98.32,98.53,57
6350,18800000,1,Hyderabad,Kukatpally,6573,22800000,1823,73.75,80.19,53
6351,3400000,5,Bengaluru,Electronic City,1953,7100000,761,86.37,84.8,84
6352,17000000,4,Mumbai,Thane,810,20400000,2366,80.78,88.26,92
6353,15700000,3,Chennai,Velachery,4310,16700000,958,77.45,63.77,86
6354,12700000,4,Chennai,Adyar,7099,5300000,2948,75.47,71.02,89
6355,12400000,2,Chennai,Adyar,9108,12500000,2709,87.07,89.45,57
6356,6700000,2,Chennai,Velachery,4207,15400000,1888,76.12,65.04,97
6357,6200000,5,Chennai,Adyar,9866,18400000,2750,89.54,92.68,82
6358,11100000,4,Hyderabad,Kukatpally,5571,10400000,3054,78.61,85.28,96
6359,19600000,3,Hyderabad,Kukatpally,559,21400000,713,95.4,68.79,63
6360,19800000,2,Bengaluru,Electronic City,4015,20200000,3613,94.29,65.99,54
6361,10900000,2,Pune,Baner,6816,6200000,2821,87.43,97.3,87
6362,20000000,5,Mumbai,Andheri,8832,10900000,3265,96.82,66.05,67
6363,3500000,5,Pune,Kharadi,3343,12300000,2538,96.48,68.93,89
6364,8100000,5,Bengaluru,Whitefield,4448,17400000,684,77.95,97.33,67
6365,11300000,2,Pune,Baner,8018,25000000,3430,88.84,67.49,78
6366,14500000,3,Bengaluru,HSR Layout,6037,21000000,2857,71.2,82.5,68
6367,6400000,5,Hyderabad,Kukatpally,9885,5600000,772,93.22,69.91,86
6368,18400000,1,Chennai,OMR,6570,9200000,2901,96.9,78.69,71
6369,17200000,3,Chennai,Anna Nagar,5169,17700000,1801,77.29,86.34,81
6370,10100000,5,Bengaluru,HSR Layout,8674,10900000,3080,92.54,75.7,72
6371,6500000,5,Hyderabad,Kondapur,8759,20200000,1830,73.64,95.09,68
6372,12700000,2,Hyderabad,Gachibowli,6961,17200000,2556,76.34,66.28,52
6373,8800000,5,Chennai,Anna Nagar,7306,17200000,2994,90.97,81.6,88
6374,18100000,5,Hyderabad,Kukatpally,9585,15100000,1737,83.99,60.91,66
6375,3100000,2,Mumbai,Bandra,8033,5400000,3108,92.83,73.23,93
6376,4100000,2,Pune,Wakad,2817,22700000,2832,82.77,63.42,78
6377,11000000,1,Hyderabad,Gachibowli,4925,7400000,3217,82.0,85.33,89
6378,14900000,2,Mumbai,Thane,2337,10700000,3457,85.81,86.55,74
6379,6400000,4,Bengaluru,Indiranagar,8719,21200000,924,96.29,77.16,74
6380,10100000,5,Pune,Wakad,3882,10800000,1479,89.7,91.03,85
6381,8500000,5,Hyderabad,Madhapur,8084,12200000,1190,78.73,90.76,92
6382,6400000,5,Hyderabad,Kukatpally,7356,17300000,1401,84.85,85.89,96
6383,5000000,5,Chennai,Velachery,2551,22900000,3938,89.65,85.97,74
6384,12500000,4,Hyderabad,Madhapur,8004,12700000,2686,87.3,97.07,93
6385,15900000,4,Chennai,Adyar,6718,18200000,852,81.27,76.32,97
6386,8400000,5,Chennai,OMR,2072,20800000,2366,78.42,78.13,58
6387,9800000,4,Mumbai,Bandra,3226,9300000,2589,99.18,81.11,79
6388,4600000,1,Mumbai,Thane,6592,10800000,3458,86.23,86.89,75
6389,17500000,3,Hyderabad,Gachibowli,8116,18200000,773,82.29,70.45,100
6390,11500000,5,Chennai,Adyar,5061,13800000,866,73.76,96.74,71
6391,9900000,2,Chennai,OMR,7866,22600000,3028,75.58,78.65,58
6392,19000000,2,Chennai,Anna Nagar,1498,8200000,1462,96.66,74.6,65
6393,13300000,1,Mumbai,Thane,1915,17700000,2847,75.39,75.54,86
6394,10500000,2,Hyderabad,Madhapur,4880,14500000,1203,80.09,64.89,77
6395,16900000,3,Mumbai,Thane,2369,12500000,1986,72.11,93.46,99
6396,7600000,4,Hyderabad,Gachibowli,533,22300000,2511,83.83,65.56,86
6397,4200000,3,Chennai,OMR,882,22600000,1981,93.75,71.82,73
6398,11600000,3,Pune,Kharadi,4428,14700000,3313,79.71,73.18,86
6399,5100000,2,Pune,Hinjewadi,7666,16900000,3903,79.12,61.08,90
6400,9000000,5,Chennai,OMR,7248,16600000,2867,79.98,63.88,78
6401,6900000,3,Pune,Baner,5196,23700000,2259,76.47,63.58,86
6402,10600000,2,Hyderabad,Madhapur,1498,5700000,3025,95.82,66.64,88
6403,18500000,1,Chennai,OMR,3280,21000000,3656,79.53,84.07,82
6404,14500000,5,Hyderabad,Madhapur,8137,6800000,772,79.55,97.01,80
6405,17300000,4,Mumbai,Andheri,2517,8100000,1656,78.44,94.48,50
6406,3500000,1,Hyderabad,Gachibowli,2722,5800000,663,95.41,95.32,89
6407,11400000,5,Mumbai,Thane,801,11200000,2664,71.27,64.17,69
6408,18300000,4,Chennai,OMR,2380,17200000,2359,76.89,81.97,54
6409,19800000,2,Pune,Wakad,2533,19500000,1270,95.37,82.23,53
6410,5600000,1,Mumbai,Andheri,5885,7500000,3570,92.28,91.93,90
6411,12800000,5,Pune,Wakad,6906,13000000,2946,91.48,75.01,51
6412,9300000,5,Hyderabad,Gachibowli,1320,17800000,2593,92.97,73.56,52
6413,6000000,2,Chennai,Velachery,7882,10600000,3615,72.68,60.33,87
6414,3100000,5,Hyderabad,Madhapur,1135,13900000,2559,95.56,92.26,92
6415,7800000,3,Mumbai,Thane,7019,16900000,1520,92.65,98.35,85
6416,8600000,3,Pune,Baner,5295,12000000,3102,74.63,77.73,97
6417,6400000,5,Bengaluru,HSR Layout,8437,16100000,1212,89.2,91.92,80
6418,9800000,4,Pune,Hinjewadi,6098,10500000,3719,85.67,79.84,69
6419,3000000,2,Hyderabad,Madhapur,9909,11300000,3579,94.96,75.16,99
6420,19400000,4,Hyderabad,Gachibowli,5914,18500000,897,95.18,71.75,63
6421,14600000,1,Pune,Hinjewadi,4574,6300000,3768,73.97,60.43,69
6422,5500000,1,Hyderabad,Madhapur,6675,6900000,1130,97.13,86.27,74
6423,7900000,2,Hyderabad,Kukatpally,4624,13600000,3779,81.77,86.01,55
6424,9700000,5,Pune,Baner,4654,6300000,1535,92.36,69.48,69
6425,14000000,5,Bengaluru,HSR Layout,3011,9300000,1838,86.92,94.82,100
6426,3200000,3,Mumbai,Andheri,8339,8500000,1711,99.22,96.54,70
6427,6600000,3,Bengaluru,Indiranagar,4494,14400000,2657,87.7,79.36,68
6428,3300000,3,Hyderabad,Madhapur,882,9600000,1920,96.92,82.86,79
6429,8600000,1,Pune,Wakad,3976,14900000,3935,82.08,94.54,95
6430,3700000,4,Chennai,Adyar,5867,18000000,2644,99.45,76.64,62
6431,17100000,2,Chennai,Anna Nagar,9085,13500000,3919,96.21,63.96,72
6432,13600000,2,Hyderabad,Kondapur,977,5600000,1565,93.13,93.91,88
6433,6900000,1,Pune,Hinjewadi,6879,6900000,3605,98.29,75.79,78
6434,16100000,5,Hyderabad,Madhapur,46,4500000,2859,84.8,96.3,60
6435,5000000,1,Bengaluru,HSR Layout,6050,21200000,3135,70.73,63.86,56
6436,16900000,1,Hyderabad,Kukatpally,6858,5200000,1439,79.0,63.61,74
6437,7600000,2,Mumbai,Bandra,3138,22100000,2047,74.93,72.98,75
6438,14400000,2,Mumbai,Powai,4229,13600000,1994,75.94,67.29,76
6439,17700000,5,Chennai,Velachery,4191,18900000,2201,92.83,79.72,69
6440,16100000,2,Pune,Baner,9046,14600000,1586,86.42,89.57,70
6441,9000000,5,Hyderabad,Kukatpally,8405,19700000,1967,81.1,69.79,98
6442,7000000,1,Pune,Hinjewadi,4392,13300000,927,99.88,98.9,68
6443,4400000,3,Chennai,Anna Nagar,8098,18100000,664,89.27,94.25,89
6444,8800000,1,Mumbai,Powai,6638,9600000,2316,93.21,67.43,59
6445,19800000,4,Chennai,Velachery,3624,5600000,1562,83.94,98.67,64
6446,18100000,1,Chennai,Adyar,6670,12000000,640,93.51,60.87,96
6447,3900000,5,Mumbai,Powai,7180,11100000,1019,80.03,78.31,85
6448,16000000,3,Bengaluru,Indiranagar,857,20500000,3989,88.75,76.75,64
6449,16900000,1,Bengaluru,Whitefield,4008,24900000,3714,91.53,65.57,71
6450,12900000,4,Pune,Baner,6384,16600000,3463,77.31,99.56,99
6451,13000000,4,Bengaluru,Indiranagar,8946,23100000,2656,77.89,88.48,83
6452,4700000,3,Mumbai,Andheri,4947,14300000,3268,76.25,69.47,54
6453,12300000,1,Pune,Baner,3544,3700000,826,78.64,97.33,73
6454,12500000,3,Pune,Hinjewadi,7811,6300000,1407,74.5,97.87,91
6455,19800000,4,Bengaluru,HSR Layout,8844,20200000,1135,80.83,91.38,98
6456,13200000,3,Chennai,OMR,2307,8900000,3145,72.31,93.37,64
6457,5600000,4,Pune,Kharadi,3520,6600000,2432,88.26,89.9,84
6458,16200000,3,Mumbai,Thane,9304,23900000,631,91.59,69.67,76
6459,13900000,2,Bengaluru,Whitefield,1350,23600000,648,92.78,91.51,73
6460,19100000,4,Chennai,Anna Nagar,2052,11500000,3742,80.07,76.96,62
6461,15600000,5,Chennai,Adyar,8979,11200000,1180,83.11,81.91,52
6462,9900000,2,Bengaluru,Indiranagar,8198,20300000,3761,77.79,90.24,58
6463,18200000,3,Bengaluru,Indiranagar,8064,9300000,2736,75.47,71.32,61
6464,17100000,5,Mumbai,Thane,5618,9000000,1072,86.67,78.55,56
6465,7600000,5,Mumbai,Thane,8872,22100000,866,80.24,87.98,74
6466,14900000,3,Hyderabad,Madhapur,5386,13900000,3970,83.31,87.33,51
6467,18700000,5,Chennai,Adyar,9432,7300000,2664,99.82,65.94,67
6468,6700000,3,Pune,Wakad,6331,19500000,2855,93.75,94.69,98
6469,11600000,1,Mumbai,Thane,8904,8700000,1492,73.55,92.18,57
6470,14700000,1,Hyderabad,Kukatpally,8394,5500000,1079,93.26,83.13,80
6471,10400000,4,Mumbai,Bandra,8632,22500000,835,89.23,66.15,97
6472,9400000,1,Chennai,Velachery,3622,4900000,2617,95.01,81.44,61
6473,16700000,4,Hyderabad,Kukatpally,2800,9700000,2617,98.89,69.8,84
6474,10500000,4,Chennai,Anna Nagar,4831,15200000,2655,92.67,76.62,97
6475,9100000,3,Chennai,Velachery,7099,24600000,3571,94.2,85.95,56
6476,19600000,4,Pune,Hinjewadi,3785,11000000,1645,86.54,74.62,64
6477,7200000,2,Hyderabad,Kondapur,3312,13600000,2460,76.06,84.02,70
6478,12900000,2,Hyderabad,Kukatpally,5708,13900000,3223,76.69,97.1,66
6479,7600000,1,Chennai,Velachery,5613,17100000,3098,72.71,88.73,73
6480,17900000,3,Bengaluru,Whitefield,6044,11900000,1223,99.76,64.58,71
6481,12900000,5,Mumbai,Bandra,2728,21700000,2071,83.38,94.35,93
6482,12300000,2,Chennai,OMR,2437,3600000,2605,78.97,62.0,93
6483,14000000,1,Chennai,Adyar,3708,12200000,864,99.09,89.54,85
6484,6600000,2,Pune,Baner,6488,4000000,810,83.75,68.84,81
6485,19000000,5,Bengaluru,HSR Layout,5839,10000000,2084,93.51,94.86,59
6486,9100000,4,Bengaluru,HSR Layout,464,3900000,2366,92.23,89.31,54
6487,9700000,3,Hyderabad,Madhapur,2867,18600000,3564,87.42,87.11,97
6488,10300000,1,Mumbai,Andheri,8818,19300000,3692,70.64,84.65,60
6489,13700000,4,Bengaluru,HSR Layout,2059,11200000,3812,92.99,72.48,88
6490,17900000,3,Chennai,Adyar,9853,9200000,1052,96.12,94.45,73
6491,7800000,4,Hyderabad,Madhapur,4323,17100000,2614,96.92,67.15,81
6492,15900000,3,Hyderabad,Madhapur,8382,13900000,2353,73.93,99.79,53
6493,16100000,1,Chennai,Velachery,3936,9600000,1380,76.47,84.12,59
6494,17800000,1,Bengaluru,Electronic City,5717,21700000,2148,97.53,94.39,88
6495,11800000,3,Hyderabad,Madhapur,2444,17600000,3591,74.19,77.73,80
6496,4300000,2,Mumbai,Bandra,9305,5100000,3720,83.66,63.43,55
6497,3100000,1,Bengaluru,Electronic City,9126,10500000,3725,85.55,75.58,97
6498,3800000,1,Bengaluru,Electronic City,7983,4500000,665,90.72,67.17,90
6499,4500000,1,Bengaluru,Electronic City,9760,16800000,3385,81.58,92.82,63
6500,17500000,4,Hyderabad,Madhapur,3887,24200000,3660,95.8,66.58,63
6501,9700000,4,Mumbai,Thane,3963,9100000,674,88.61,60.71,53
6502,3700000,2,Hyderabad,Gachibowli,4368,10100000,797,87.26,97.8,97
6503,9500000,5,Pune,Hinjewadi,7274,15500000,1393,72.22,67.64,96
6504,18900000,3,Bengaluru,Indiranagar,3133,23600000,1408,99.46,83.45,50
6505,11600000,2,Mumbai,Thane,2829,11300000,1529,88.02,65.1,68
6506,8500000,4,Hyderabad,Madhapur,9883,8800000,3085,91.12,97.09,88
6507,5800000,5,Bengaluru,HSR Layout,1952,12400000,726,90.19,85.64,100
6508,14700000,2,Mumbai,Bandra,5919,5800000,628,99.28,77.93,68
6509,8500000,5,Pune,Baner,9109,16400000,3842,86.59,71.18,94
6510,14800000,1,Chennai,Anna Nagar,9691,10000000,1318,90.51,85.0,54
6511,18200000,4,Pune,Hinjewadi,7950,24900000,2335,88.79,69.86,65
6512,9500000,5,Hyderabad,Kukatpally,3316,23900000,3451,74.91,92.49,51
6513,11400000,5,Mumbai,Powai,7301,3800000,3675,79.75,61.61,81
6514,18900000,5,Hyderabad,Gachibowli,2733,14400000,1995,80.76,74.67,78
6515,15100000,1,Mumbai,Bandra,4462,17300000,3934,83.1,66.67,89
6516,3800000,4,Bengaluru,Indiranagar,6141,15000000,872,85.13,60.39,100
6517,9000000,5,Chennai,Anna Nagar,3130,14600000,3327,74.34,61.63,71
6518,9400000,4,Bengaluru,Whitefield,1733,15700000,1064,74.9,68.94,58
6519,18400000,2,Mumbai,Bandra,4022,10800000,2994,93.38,62.18,59
6520,14500000,4,Chennai,OMR,1120,10700000,3720,78.85,71.48,99
6521,9700000,4,Hyderabad,Kondapur,6544,10100000,3291,91.21,95.14,50
6522,4400000,2,Mumbai,Andheri,5238,22200000,3442,99.68,92.04,61
6523,3200000,4,Pune,Wakad,6292,19000000,1528,87.55,85.7,81
6524,8200000,1,Pune,Baner,7935,22100000,1792,91.73,97.87,51
6525,17500000,2,Chennai,Velachery,3290,8400000,1900,96.24,77.95,73
6526,14500000,2,Hyderabad,Kukatpally,3546,5000000,670,93.71,79.87,86
6527,18800000,5,Hyderabad,Gachibowli,2572,17200000,2938,86.19,79.89,86
6528,15600000,1,Chennai,OMR,8759,14300000,2470,79.74,85.79,72
6529,16800000,2,Pune,Hinjewadi,5569,22000000,919,91.74,64.51,64
6530,11400000,5,Bengaluru,Electronic City,2251,19400000,670,83.32,67.46,75
6531,18900000,3,Bengaluru,Whitefield,6079,7000000,1249,76.69,68.48,84
6532,17800000,4,Bengaluru,Indiranagar,1447,14000000,3779,89.85,82.73,50
6533,16800000,2,Bengaluru,Whitefield,82,9600000,2390,97.15,99.92,100
6534,4100000,2,Hyderabad,Gachibowli,1319,17400000,1167,85.88,89.54,66
6535,5800000,4,Mumbai,Powai,3617,8700000,3292,86.51,63.48,85
6536,6200000,1,Mumbai,Andheri,9684,9500000,1808,86.37,96.33,56
6537,3800000,4,Chennai,Anna Nagar,1108,16500000,3339,92.87,79.58,70
6538,19200000,5,Bengaluru,Whitefield,8168,14100000,1647,80.0,62.63,94
6539,9500000,4,Pune,Baner,4437,17100000,1991,82.59,61.26,59
6540,7500000,4,Mumbai,Andheri,1176,7100000,3300,89.63,80.99,89
6541,17600000,1,Bengaluru,Electronic City,235,18400000,1189,75.75,81.44,80
6542,8100000,2,Bengaluru,Indiranagar,6118,17700000,3483,76.98,80.67,82
6543,18000000,5,Chennai,Anna Nagar,7060,24600000,3901,92.35,78.54,95
6544,4600000,3,Hyderabad,Gachibowli,121,23000000,2977,71.15,62.06,50
6545,13400000,4,Chennai,Adyar,1645,3900000,3796,96.14,74.02,88
6546,5200000,1,Bengaluru,Whitefield,6818,7400000,1172,77.2,75.95,64
6547,18200000,4,Pune,Baner,9173,7900000,652,84.78,83.12,71
6548,10000000,4,Pune,Wakad,9332,18300000,1146,90.05,68.39,88
6549,10200000,1,Bengaluru,HSR Layout,9365,5100000,940,97.61,85.42,54
6550,14500000,3,Bengaluru,Whitefield,1152,21000000,863,96.85,90.4,72
6551,18800000,4,Mumbai,Andheri,9864,22600000,3313,92.18,85.3,81
6552,18900000,5,Pune,Wakad,3310,8800000,3742,82.45,65.54,94
6553,7900000,5,Pune,Baner,5596,24600000,3410,93.77,86.55,68
6554,13600000,3,Bengaluru,Indiranagar,969,23000000,1468,83.37,87.57,96
6555,10800000,2,Hyderabad,Gachibowli,6919,5300000,3196,96.03,67.26,86
6556,6100000,5,Chennai,Velachery,9405,24100000,2204,87.44,97.53,91
6557,10300000,1,Hyderabad,Madhapur,7844,24000000,3214,90.11,76.04,99
6558,9300000,4,Mumbai,Bandra,6684,8800000,3243,72.03,98.48,80
6559,10700000,2,Bengaluru,Electronic City,9038,24500000,1026,78.67,78.19,91
6560,13600000,5,Hyderabad,Gachibowli,1910,12400000,1102,90.91,89.47,81
6561,12900000,2,Bengaluru,HSR Layout,8123,18900000,3901,95.41,84.97,53
6562,19400000,5,Hyderabad,Kukatpally,2373,4900000,1738,94.74,95.62,62
6563,7400000,2,Bengaluru,Electronic City,2806,13500000,899,81.4,75.73,92
6564,19000000,5,Mumbai,Powai,6806,5100000,1257,87.78,86.95,80
6565,8100000,2,Pune,Wakad,2827,16100000,2712,84.67,77.98,94
6566,12300000,2,Hyderabad,Madhapur,5530,17500000,679,78.94,64.18,54
6567,14300000,3,Bengaluru,Indiranagar,6681,22700000,2767,86.29,87.88,74
6568,5100000,2,Chennai,Adyar,2726,17900000,1353,99.33,60.36,86
6569,8400000,3,Pune,Hinjewadi,4207,6800000,3051,77.69,77.29,79
6570,9400000,2,Pune,Hinjewadi,6670,22600000,3067,78.42,98.47,83
6571,3400000,4,Hyderabad,Gachibowli,7256,22000000,2006,93.6,97.52,69
6572,16500000,4,Hyderabad,Kondapur,3152,10700000,778,74.71,89.35,53
6573,7700000,4,Mumbai,Andheri,7128,23700000,2875,93.45,85.54,88
6574,6500000,4,Mumbai,Bandra,3401,19800000,3168,83.15,97.98,93
6575,9300000,4,Mumbai,Thane,4597,11600000,3962,93.93,70.34,74
6576,9100000,5,Hyderabad,Gachibowli,6347,19800000,3389,74.26,72.92,85
6577,7400000,4,Hyderabad,Kondapur,6108,7200000,3601,78.31,60.29,71
6578,19100000,4,Bengaluru,Electronic City,9352,15900000,759,87.52,90.83,77
6579,15000000,5,Pune,Wakad,9220,15500000,2103,96.28,95.15,76
6580,19300000,1,Hyderabad,Kukatpally,1336,22000000,906,98.77,95.43,79
6581,18500000,1,Mumbai,Bandra,683,23600000,2110,91.94,60.92,80
6582,17600000,4,Bengaluru,HSR Layout,7500,24700000,1525,91.43,96.75,92
6583,11000000,3,Bengaluru,Electronic City,1959,19300000,3082,91.27,93.35,52
6584,15600000,4,Chennai,OMR,7309,12300000,1274,95.28,71.02,73
6585,19000000,4,Pune,Hinjewadi,9438,10700000,867,81.06,90.78,62
6586,9800000,2,Chennai,Velachery,6985,9000000,2018,72.19,79.44,100
6587,5300000,4,Mumbai,Thane,8026,10400000,1959,74.97,63.78,97
6588,5800000,3,Hyderabad,Madhapur,3745,19700000,2742,76.64,99.5,65
6589,8300000,1,Pune,Kharadi,1267,17600000,1153,91.9,86.88,75
6590,14800000,2,Bengaluru,Whitefield,5667,23800000,656,71.34,66.88,83
6591,5200000,5,Mumbai,Andheri,7662,3900000,3455,76.86,93.92,93
6592,12500000,4,Bengaluru,Electronic City,4746,16500000,3331,83.53,69.98,91
6593,19300000,3,Chennai,OMR,3820,18000000,3738,81.91,92.68,87
6594,14600000,5,Chennai,OMR,317,15300000,3420,72.63,85.27,83
6595,20000000,5,Bengaluru,HSR Layout,9198,14900000,1874,83.04,80.06,97
6596,6400000,3,Pune,Hinjewadi,1026,15300000,1556,91.07,77.76,92
6597,16100000,5,Mumbai,Thane,8869,20600000,1168,78.36,78.52,60
6598,15400000,5,Pune,Hinjewadi,8386,6000000,2325,79.8,60.7,77
6599,17200000,1,Mumbai,Bandra,8392,24000000,995,98.58,68.29,77
6600,16100000,3,Chennai,Velachery,1800,20400000,1367,78.03,95.11,61
6601,11600000,1,Bengaluru,Electronic City,8265,23100000,1847,81.41,90.86,79
6602,17400000,5,Bengaluru,Electronic City,2608,12700000,1357,80.81,60.8,86
6603,18300000,1,Mumbai,Andheri,2727,16400000,1915,98.19,71.52,69
6604,14900000,3,Chennai,Velachery,2726,8400000,2573,70.87,76.22,96
6605,12000000,4,Chennai,OMR,3823,5200000,3723,74.65,94.03,92
6606,14700000,3,Chennai,Velachery,9240,14400000,1567,72.65,77.05,74
6607,5100000,1,Bengaluru,Electronic City,6203,10500000,1526,85.56,88.02,58
6608,4100000,4,Mumbai,Powai,6630,18000000,2829,78.29,88.2,61
6609,17200000,2,Bengaluru,HSR Layout,1914,11700000,3904,88.63,60.41,66
6610,17900000,5,Chennai,Adyar,8268,19600000,1720,94.38,75.49,98
6611,7800000,2,Chennai,OMR,5885,20300000,3055,80.21,81.56,99
6612,15700000,4,Chennai,Adyar,4317,11400000,839,96.68,86.63,64
6613,12400000,1,Bengaluru,Whitefield,6115,11200000,1595,80.89,74.27,94
6614,12000000,4,Chennai,Velachery,3937,11900000,3783,86.39,81.34,56
6615,17600000,3,Bengaluru,HSR Layout,5583,4100000,1870,89.12,74.77,64
6616,19600000,3,Hyderabad,Kondapur,2965,24500000,2220,73.08,82.16,71
6617,13700000,3,Hyderabad,Madhapur,6232,7700000,2305,85.09,64.08,69
6618,3100000,1,Mumbai,Bandra,8636,13800000,2853,72.55,78.06,69
6619,14000000,3,Chennai,Anna Nagar,6965,13900000,3595,90.82,77.71,71
6620,12200000,5,Chennai,Anna Nagar,738,23800000,2055,95.09,67.68,56
6621,4700000,1,Chennai,Anna Nagar,3284,22500000,3459,94.49,78.98,91
6622,8700000,5,Chennai,OMR,9902,21600000,3494,96.94,79.42,66
6623,10600000,3,Mumbai,Thane,8441,12100000,739,89.57,87.46,57
6624,10600000,5,Chennai,Velachery,885,18800000,1964,76.17,72.35,83
6625,6000000,1,Bengaluru,Electronic City,5784,4000000,3112,83.24,62.7,72
6626,20000000,1,Bengaluru,Indiranagar,7195,24900000,3785,76.93,92.13,58
6627,16700000,5,Bengaluru,Indiranagar,7346,20000000,1386,70.27,76.16,91
6628,13700000,1,Pune,Hinjewadi,7809,21300000,3622,92.32,84.91,96
6629,18700000,1,Pune,Wakad,5147,9600000,2862,99.81,97.69,86
6630,5500000,2,Chennai,Anna Nagar,3316,7400000,3798,78.54,73.45,53
6631,14100000,5,Hyderabad,Kondapur,2688,17900000,2661,96.08,84.41,73
6632,17300000,2,Pune,Hinjewadi,9288,12300000,3693,96.5,64.96,66
6633,15600000,1,Mumbai,Powai,8797,9300000,3440,72.05,62.18,76
6634,19300000,2,Hyderabad,Kukatpally,5511,12400000,736,72.96,62.2,62
6635,7900000,5,Chennai,OMR,5089,18800000,3882,82.64,98.23,61
6636,19700000,4,Hyderabad,Gachibowli,1890,22300000,719,98.16,79.78,50
6637,13100000,4,Pune,Hinjewadi,7187,6000000,3170,80.17,63.01,89
6638,14700000,1,Mumbai,Powai,5132,8600000,1476,92.68,78.8,71
6639,5300000,5,Pune,Baner,6283,10100000,3078,89.24,80.6,97
6640,14700000,5,Mumbai,Thane,4365,8200000,2673,84.87,97.76,94
6641,8900000,4,Hyderabad,Kondapur,509,4000000,980,81.2,98.41,93
6642,14500000,4,Hyderabad,Gachibowli,8954,19400000,3233,81.94,78.39,99
6643,3700000,3,Hyderabad,Kondapur,1142,5100000,902,98.3,77.06,86
6644,10700000,3,Mumbai,Bandra,6427,5500000,3074,74.19,86.94,94
6645,16300000,2,Bengaluru,Whitefield,4237,23600000,1202,95.91,80.87,50
6646,18400000,4,Hyderabad,Gachibowli,669,21600000,3359,81.94,87.52,76
6647,13000000,1,Pune,Hinjewadi,9590,6500000,1631,70.14,72.79,91
6648,14800000,2,Pune,Baner,7874,22500000,3744,95.14,70.63,92
6649,19400000,4,Mumbai,Thane,7519,21000000,3448,88.69,68.23,51
6650,4000000,1,Chennai,OMR,3161,15700000,3178,93.89,68.5,57
6651,15000000,3,Hyderabad,Kondapur,3505,21400000,2056,80.8,77.94,59
6652,13000000,5,Pune,Baner,3905,13100000,1214,78.26,65.11,62
6653,6500000,2,Pune,Baner,7907,5900000,3562,94.13,89.83,89
6654,18100000,1,Chennai,Velachery,8139,14100000,2085,85.7,95.6,100
6655,16900000,1,Hyderabad,Kukatpally,167,24100000,719,72.45,92.13,96
6656,17700000,3,Chennai,OMR,5442,4800000,2772,86.27,79.18,98
6657,7300000,2,Chennai,OMR,3725,23900000,2094,78.34,94.8,71
6658,12400000,4,Bengaluru,Electronic City,9333,18700000,1084,79.37,99.9,70
6659,6600000,5,Bengaluru,Indiranagar,8263,12600000,1062,73.44,90.86,88
6660,10900000,2,Mumbai,Bandra,8450,5000000,3227,86.74,80.78,54
6661,6900000,4,Hyderabad,Kondapur,3702,14000000,734,92.35,63.81,75
6662,15000000,3,Pune,Kharadi,3328,14300000,3158,73.4,71.01,70
6663,6800000,3,Pune,Kharadi,5356,11900000,1795,93.43,88.57,57
6664,16100000,2,Bengaluru,Electronic City,4374,6600000,670,75.97,84.5,99
6665,3400000,5,Chennai,Adyar,4801,9600000,2686,81.61,74.63,77
6666,5500000,4,Hyderabad,Kondapur,129,20300000,808,82.28,86.21,67
6667,6600000,2,Mumbai,Andheri,4149,14700000,2061,83.71,61.41,71
6668,14700000,5,Mumbai,Thane,8907,15200000,2213,73.07,71.7,63
6669,8100000,3,Chennai,Adyar,2874,8500000,2895,72.19,85.53,76
6670,6600000,4,Chennai,Adyar,1955,17800000,1154,83.54,93.78,83
6671,6700000,5,Chennai,Velachery,9062,14200000,1230,75.79,74.29,76
6672,15800000,5,Hyderabad,Gachibowli,167,16000000,1849,78.58,98.26,68
6673,8900000,2,Mumbai,Thane,4011,12900000,779,73.83,98.95,55
6674,15800000,4,Bengaluru,HSR Layout,2548,12000000,2148,82.16,87.89,92
6675,16800000,3,Hyderabad,Gachibowli,7662,9600000,814,90.64,69.72,87
6676,5300000,2,Chennai,OMR,2580,17000000,1315,82.38,91.93,52
6677,15200000,4,Bengaluru,HSR Layout,9788,7200000,3434,96.25,62.07,86
6678,3500000,5,Hyderabad,Madhapur,9048,23600000,2680,87.24,80.05,61
6679,4600000,4,Mumbai,Bandra,7517,20400000,664,81.31,67.3,76
6680,9300000,2,Hyderabad,Kukatpally,3549,12500000,3893,70.62,91.19,85
6681,12000000,4,Hyderabad,Gachibowli,9163,10100000,2756,71.68,92.47,93
6682,18200000,4,Chennai,Velachery,1385,12800000,3808,88.18,60.61,72
6683,6800000,3,Pune,Kharadi,3860,8200000,1579,87.37,91.8,61
6684,5000000,5,Chennai,Velachery,3751,17000000,864,93.4,75.78,89
6685,12900000,2,Bengaluru,Whitefield,9485,8500000,2874,76.23,88.09,64
6686,14700000,5,Hyderabad,Kondapur,2596,11700000,2524,84.89,94.2,73
6687,9200000,5,Mumbai,Thane,298,11000000,1916,99.7,90.22,61
6688,11400000,4,Bengaluru,Indiranagar,1981,4100000,2630,83.91,87.06,76
6689,9400000,5,Bengaluru,Indiranagar,2406,15300000,3196,76.06,83.85,70
6690,16000000,2,Bengaluru,HSR Layout,8832,23600000,3417,84.23,89.52,86
6691,17800000,2,Bengaluru,Whitefield,2265,19800000,3341,70.34,92.67,55
6692,14900000,5,Chennai,Velachery,6061,23600000,790,75.99,95.23,90
6693,19000000,2,Mumbai,Powai,2805,12900000,1944,96.98,92.97,68
6694,6100000,1,Pune,Hinjewadi,8981,9400000,964,79.4,76.96,90
6695,14100000,1,Bengaluru,HSR Layout,3776,16400000,3846,96.33,94.02,53
6696,7800000,1,Pune,Hinjewadi,3181,19600000,796,89.78,66.98,95
6697,9700000,4,Mumbai,Andheri,8011,5700000,2149,83.67,82.89,87
6698,11500000,1,Pune,Hinjewadi,138,17400000,2814,84.23,73.85,73
6699,13900000,3,Pune,Kharadi,5532,22000000,1835,76.68,70.47,70
6700,14900000,4,Mumbai,Powai,8200,22300000,3929,74.23,60.24,69
6701,4200000,4,Pune,Wakad,6842,19100000,3186,83.5,69.92,53
6702,8800000,1,Pune,Wakad,3293,10000000,907,76.63,82.84,82
6703,18300000,1,Chennai,Adyar,548,5600000,1868,88.86,75.09,60
6704,17000000,4,Bengaluru,Whitefield,9605,11300000,950,82.02,74.94,98
6705,5200000,4,Pune,Baner,3873,15100000,3335,98.01,70.6,64
6706,13800000,4,Chennai,Anna Nagar,7527,12100000,2593,87.73,77.41,50
6707,11800000,3,Chennai,OMR,1204,7500000,695,96.2,72.0,58
6708,16500000,2,Hyderabad,Madhapur,113,20900000,1565,80.99,92.98,92
6709,9800000,3,Hyderabad,Kondapur,9539,5900000,3300,97.32,73.39,63
6710,5500000,4,Bengaluru,Whitefield,8971,23800000,2583,91.08,66.36,81
6711,15800000,2,Bengaluru,Whitefield,6491,3800000,2946,74.68,81.18,92
6712,16500000,4,Bengaluru,Electronic City,6052,7600000,1576,83.38,99.47,68
6713,10200000,3,Pune,Wakad,2776,3600000,1476,82.26,99.0,99
6714,18400000,1,Pune,Kharadi,2768,7200000,1078,79.71,94.78,52
6715,6900000,4,Chennai,Velachery,9904,18500000,3936,89.03,73.73,65
6716,20000000,1,Hyderabad,Kondapur,2092,7400000,1488,80.4,81.57,71
6717,16100000,1,Pune,Wakad,6363,25000000,3844,72.63,72.22,86
6718,18600000,1,Mumbai,Powai,3910,9600000,2819,89.26,65.9,87
6719,13500000,2,Chennai,Adyar,22,13700000,2810,98.96,78.17,96
6720,9800000,4,Hyderabad,Kondapur,1022,6500000,3719,78.36,61.13,73
6721,12900000,5,Hyderabad,Gachibowli,8031,14100000,972,98.95,66.21,88
6722,11700000,1,Chennai,Velachery,2870,16600000,1120,91.97,60.87,52
6723,19100000,2,Mumbai,Andheri,972,11700000,1309,84.1,72.61,74
6724,12600000,4,Mumbai,Thane,7779,20700000,1955,87.56,96.24,98
6725,8200000,2,Pune,Kharadi,4979,20900000,1448,93.54,85.71,50
6726,5700000,3,Mumbai,Andheri,9163,13800000,771,88.94,88.24,89
6727,19100000,4,Hyderabad,Gachibowli,640,13000000,697,99.06,81.53,68
6728,11400000,5,Pune,Kharadi,4868,23800000,1617,99.77,79.91,55
6729,17200000,3,Bengaluru,Whitefield,5143,6500000,3386,74.69,65.55,100
6730,6500000,1,Pune,Wakad,8331,7600000,1219,81.8,83.52,91
6731,8900000,3,Pune,Kharadi,2289,16400000,865,98.94,88.15,76
6732,7100000,3,Bengaluru,Whitefield,5264,12000000,723,77.32,91.65,70
6733,8700000,4,Mumbai,Powai,1787,3800000,1760,70.64,61.26,73
6734,17800000,4,Pune,Hinjewadi,6396,15700000,3610,98.49,90.06,76
6735,9000000,1,Mumbai,Powai,3391,18200000,3980,91.59,69.89,98
6736,12000000,1,Chennai,Anna Nagar,211,5000000,2395,72.16,77.74,72
6737,6700000,4,Mumbai,Powai,3892,18000000,1694,81.76,67.72,76
6738,19700000,4,Chennai,Anna Nagar,4288,7400000,1750,97.47,92.16,95
6739,5700000,1,Pune,Hinjewadi,4435,8500000,1979,82.17,73.92,61
6740,17500000,5,Hyderabad,Kondapur,5683,22900000,3244,94.82,86.46,88
6741,14000000,3,Hyderabad,Madhapur,1099,4700000,1869,88.46,76.15,79
6742,6800000,1,Hyderabad,Kondapur,9448,24800000,2249,72.31,95.37,85
6743,19100000,3,Mumbai,Andheri,9212,6200000,3118,92.24,83.35,76
6744,7100000,1,Pune,Baner,445,5500000,3460,71.43,61.21,74
6745,16300000,1,Hyderabad,Gachibowli,3395,20300000,3190,74.47,97.1,100
6746,14600000,1,Pune,Baner,7054,23300000,1469,82.13,65.01,53
6747,13300000,1,Pune,Kharadi,1440,15200000,2535,84.97,61.28,95
6748,17800000,3,Bengaluru,Electronic City,6939,14900000,2601,70.24,97.08,63
6749,7000000,2,Bengaluru,Indiranagar,3308,23700000,2478,74.52,82.55,100
6750,7000000,1,Chennai,OMR,8236,14600000,2639,74.79,84.55,71
6751,3700000,5,Bengaluru,HSR Layout,727,6600000,3447,90.8,64.15,61
6752,10400000,4,Hyderabad,Gachibowli,1172,16800000,2495,94.27,90.35,52
6753,12700000,5,Hyderabad,Kondapur,2585,11300000,3052,97.4,84.85,79
6754,5600000,1,Hyderabad,Kondapur,717,14400000,3471,87.46,85.32,66
6755,18800000,3,Chennai,OMR,743,16600000,1056,80.71,67.28,88
6756,8000000,1,Chennai,Adyar,3762,21100000,1340,79.67,92.98,69
6757,14400000,2,Bengaluru,Electronic City,8675,15300000,3424,71.42,72.11,61
6758,3400000,1,Chennai,Velachery,7939,16800000,963,92.84,83.53,69
6759,5300000,2,Mumbai,Andheri,1506,23200000,2925,72.77,82.61,84
6760,14000000,5,Mumbai,Bandra,803,7300000,3150,70.52,77.3,95
6761,13100000,2,Mumbai,Thane,9369,9000000,2135,86.77,85.88,66
6762,18400000,5,Hyderabad,Kukatpally,67,12500000,1846,91.16,78.56,67
6763,13000000,3,Pune,Hinjewadi,5133,16400000,3000,98.27,89.86,97
6764,18500000,4,Mumbai,Thane,2695,19200000,1287,87.65,73.58,75
6765,7700000,2,Bengaluru,Indiranagar,3312,10400000,926,72.33,67.47,58
6766,4100000,5,Chennai,Adyar,5635,19200000,699,94.56,81.3,67
6767,20000000,2,Mumbai,Bandra,3716,13600000,682,78.0,86.15,78
6768,8800000,5,Bengaluru,HSR Layout,1517,19700000,3615,75.4,80.46,68
6769,12000000,5,Bengaluru,Electronic City,8128,22200000,2951,80.77,89.32,98
6770,18200000,4,Hyderabad,Madhapur,6402,13400000,3932,87.74,75.28,53
6771,3400000,2,Mumbai,Bandra,2286,16400000,1006,86.99,66.53,93
6772,5200000,2,Chennai,OMR,6480,10500000,1132,94.59,78.73,90
6773,13300000,3,Pune,Hinjewadi,9424,21400000,1618,91.0,73.08,71
6774,13000000,3,Mumbai,Bandra,1469,21700000,1933,72.73,87.44,98
6775,11300000,4,Mumbai,Powai,8494,13100000,2881,75.99,83.49,57
6776,11400000,2,Bengaluru,Indiranagar,3187,23100000,921,90.01,75.1,65
6777,19300000,3,Pune,Baner,4936,24700000,3393,70.34,71.88,99
6778,4200000,4,Mumbai,Thane,6480,19900000,1755,79.6,79.11,57
6779,16900000,5,Hyderabad,Kukatpally,6576,9800000,894,99.84,91.0,56
6780,18900000,4,Bengaluru,HSR Layout,650,9500000,625,82.94,98.78,56
6781,12200000,1,Mumbai,Powai,5302,14100000,901,75.94,71.8,96
6782,16700000,2,Mumbai,Andheri,2046,15800000,2847,95.72,71.08,74
6783,11500000,1,Chennai,OMR,4751,24600000,2893,92.19,86.26,57
6784,17800000,5,Pune,Wakad,5145,19300000,2173,93.07,82.2,81
6785,18500000,2,Pune,Hinjewadi,9299,24700000,3883,92.75,89.29,51
6786,7200000,1,Chennai,Adyar,6205,14800000,1455,71.79,65.3,62
6787,9700000,4,Chennai,Anna Nagar,5601,23400000,2662,77.14,85.01,82
6788,6700000,2,Chennai,Anna Nagar,482,19900000,1468,77.71,71.02,53
6789,9900000,2,Mumbai,Bandra,7884,11800000,2652,91.33,92.93,68
6790,4100000,2,Bengaluru,Indiranagar,486,11500000,3943,79.99,99.66,65
6791,13200000,5,Pune,Baner,6010,14500000,2639,86.03,85.53,76
6792,6800000,3,Mumbai,Andheri,3124,4200000,1254,93.34,66.2,80
6793,13200000,3,Chennai,Anna Nagar,774,7800000,1084,82.59,63.18,51
6794,3300000,1,Mumbai,Andheri,9073,9100000,3915,91.52,68.44,58
6795,4100000,1,Pune,Baner,5381,9600000,2442,79.74,61.69,50
6796,8600000,4,Bengaluru,HSR Layout,1030,9300000,1043,89.02,63.08,98
6797,15000000,2,Mumbai,Powai,3479,10500000,1416,75.22,64.83,68
6798,6700000,1,Bengaluru,Indiranagar,7872,4200000,903,91.51,69.58,69
6799,7200000,2,Hyderabad,Gachibowli,1590,4800000,3597,81.45,99.44,78
6800,14500000,2,Pune,Wakad,2191,22400000,2229,89.26,63.13,98
6801,7900000,1,Mumbai,Powai,7714,10500000,3317,84.17,97.55,95
6802,15300000,3,Mumbai,Thane,9919,15600000,1104,99.39,98.51,65
6803,4000000,1,Mumbai,Bandra,8870,22700000,2396,97.85,73.98,64
6804,13800000,5,Hyderabad,Gachibowli,2301,19600000,3152,74.03,70.29,53
6805,3700000,4,Chennai,OMR,2943,9200000,1279,84.3,62.11,77
6806,16600000,4,Hyderabad,Kukatpally,2201,20200000,685,87.49,82.74,89
6807,3100000,5,Pune,Hinjewadi,4145,16100000,2264,85.08,89.82,50
6808,4500000,3,Hyderabad,Kondapur,6990,12300000,2939,94.3,90.37,65
6809,20000000,5,Bengaluru,Whitefield,6070,18400000,3146,84.47,69.1,87
6810,3000000,2,Hyderabad,Gachibowli,7976,7300000,2312,85.02,83.79,83
6811,17200000,3,Bengaluru,Whitefield,7921,12500000,2078,93.07,76.12,99
6812,18600000,5,Chennai,Adyar,3712,11300000,1734,88.08,83.43,54
6813,14300000,5,Pune,Hinjewadi,4711,16600000,1501,90.48,66.16,99
6814,8600000,4,Mumbai,Powai,4306,20600000,3619,95.65,73.39,57
6815,4300000,5,Pune,Hinjewadi,5209,9400000,3117,77.2,74.88,74
6816,6900000,5,Chennai,OMR,2437,12700000,3724,92.63,96.64,71
6817,5000000,3,Hyderabad,Kukatpally,8824,13600000,2890,84.4,90.63,86
6818,16700000,1,Pune,Hinjewadi,4261,24600000,1446,80.38,77.4,93
6819,19000000,5,Chennai,OMR,5153,4400000,3786,87.1,92.02,79
6820,8000000,3,Mumbai,Bandra,6226,12600000,2092,75.28,88.27,55
6821,17100000,5,Bengaluru,Whitefield,7887,7600000,800,81.04,91.69,92
6822,11200000,3,Bengaluru,Whitefield,3683,22500000,3342,82.97,86.19,60
6823,4000000,3,Bengaluru,Whitefield,5940,4800000,1749,93.06,89.41,61
6824,10600000,3,Chennai,Anna Nagar,6030,4100000,1789,84.51,85.19,85
6825,10600000,3,Pune,Wakad,6221,16300000,2975,73.75,62.61,89
6826,3500000,1,Mumbai,Thane,7347,10200000,2148,80.15,81.23,98
6827,18500000,4,Chennai,Anna Nagar,6876,7200000,694,94.13,61.16,72
6828,11200000,2,Bengaluru,Indiranagar,8895,18000000,815,75.22,78.9,85
6829,7900000,4,Pune,Kharadi,2025,12300000,3985,80.86,92.91,91
6830,14200000,1,Hyderabad,Gachibowli,427,20800000,3346,91.77,98.76,67
6831,19700000,2,Hyderabad,Madhapur,6280,9700000,1168,72.75,68.4,70
6832,3200000,3,Hyderabad,Madhapur,3887,24400000,1303,91.85,85.37,55
6833,9400000,3,Hyderabad,Kondapur,5440,3600000,1564,70.69,67.7,70
6834,8500000,4,Chennai,Adyar,3103,25000000,3353,98.14,97.96,100
6835,8700000,5,Bengaluru,Whitefield,3741,11700000,3207,96.08,70.55,63
6836,13500000,2,Chennai,OMR,2124,16100000,1596,90.53,77.35,84
6837,8400000,4,Chennai,Adyar,172,18100000,1694,99.44,97.1,84
6838,19700000,2,Hyderabad,Kukatpally,107,10400000,1652,71.45,69.89,88
6839,10000000,5,Chennai,Adyar,3097,12100000,1891,75.38,84.64,76
6840,9600000,1,Bengaluru,Whitefield,7187,18400000,3302,75.28,74.36,92
6841,18500000,3,Pune,Wakad,1078,21700000,1676,95.52,83.75,72
6842,19100000,1,Bengaluru,Whitefield,5569,21600000,3530,91.7,91.43,92
6843,11600000,3,Bengaluru,Whitefield,2669,7500000,2133,72.29,69.46,92
6844,4800000,2,Chennai,OMR,6630,18500000,1170,95.27,78.54,72
6845,17400000,4,Mumbai,Powai,6362,17000000,1719,77.51,95.63,68
6846,19800000,3,Bengaluru,Electronic City,7693,7000000,2422,77.88,82.91,89
6847,19600000,1,Mumbai,Thane,2867,8400000,1443,77.06,94.38,58
6848,8800000,3,Pune,Kharadi,3296,5700000,1662,77.37,69.07,62
6849,16300000,5,Mumbai,Bandra,8721,23900000,1424,77.77,99.99,97
6850,18100000,1,Mumbai,Bandra,3239,22300000,3762,70.28,77.57,96
6851,13000000,2,Hyderabad,Gachibowli,4358,18700000,3282,71.36,96.03,79
6852,7200000,4,Bengaluru,Whitefield,9460,6100000,3714,89.08,84.65,68
6853,12300000,1,Mumbai,Bandra,4024,14400000,1386,88.61,92.17,52
6854,20000000,4,Pune,Kharadi,3994,4500000,3565,81.34,69.85,66
6855,3000000,1,Pune,Hinjewadi,9467,23400000,3308,86.72,95.08,58
6856,4400000,5,Bengaluru,HSR Layout,2268,24100000,1985,95.83,93.85,80
6857,13300000,4,Hyderabad,Gachibowli,8217,4100000,3939,96.61,61.43,96
6858,4100000,1,Mumbai,Andheri,6315,9500000,2569,85.04,86.25,70
6859,17600000,4,Chennai,Anna Nagar,3670,9200000,3211,99.59,81.67,86
6860,14900000,3,Mumbai,Andheri,1293,4700000,1552,91.75,73.4,90
6861,7000000,5,Pune,Wakad,5783,10400000,927,84.44,65.85,89
6862,13900000,1,Mumbai,Thane,1158,6800000,3217,92.85,69.88,68
6863,12700000,2,Mumbai,Powai,4893,7200000,924,81.76,72.09,70
6864,10500000,3,Pune,Wakad,9169,22400000,850,75.92,67.89,82
6865,16000000,5,Bengaluru,Electronic City,9627,14400000,1733,88.53,90.0,84
6866,6300000,3,Chennai,Adyar,5994,14500000,2284,87.06,94.24,100
6867,9000000,3,Hyderabad,Kukatpally,3542,19800000,1779,92.12,79.94,82
6868,18600000,5,Bengaluru,HSR Layout,1172,19200000,3440,73.71,95.86,53
6869,5000000,5,Bengaluru,HSR Layout,6898,22800000,3960,97.69,69.39,52
6870,19400000,5,Pune,Baner,3963,11700000,2537,71.64,99.34,87
6871,11000000,2,Pune,Baner,7624,3800000,1765,99.46,90.64,68
6872,9900000,2,Pune,Kharadi,3243,9500000,3561,79.06,82.07,75
6873,19000000,5,Bengaluru,Whitefield,5898,13600000,3348,73.91,99.53,70
6874,19400000,4,Pune,Baner,8306,5000000,1434,76.61,92.46,59
6875,16700000,3,Chennai,Velachery,4885,11800000,2120,96.9,88.49,51
6876,16300000,5,Hyderabad,Gachibowli,2651,9900000,3255,71.36,72.21,53
6877,4200000,3,Bengaluru,HSR Layout,6322,10200000,2705,88.8,90.7,55
6878,18000000,4,Bengaluru,Whitefield,1135,9800000,3008,73.19,86.97,60
6879,14600000,3,Pune,Kharadi,1796,12100000,648,78.2,97.4,64
6880,8300000,4,Mumbai,Bandra,4501,14000000,1100,87.69,76.24,62
6881,16100000,5,Mumbai,Andheri,4562,20400000,1444,88.59,75.77,84
6882,11100000,3,Hyderabad,Madhapur,2984,17200000,794,99.17,60.71,82
6883,19200000,1,Bengaluru,Indiranagar,1747,4700000,762,81.94,80.03,100
6884,13800000,5,Pune,Wakad,3130,25000000,3213,98.83,87.35,88
6885,13400000,2,Pune,Wakad,2468,13800000,855,99.1,90.63,73
6886,10300000,1,Mumbai,Powai,6035,23400000,1016,77.92,86.87,84
6887,7000000,4,Chennai,Velachery,6465,19900000,936,77.82,90.71,57
6888,13800000,4,Pune,Hinjewadi,936,20900000,2570,72.89,89.08,98
6889,5500000,2,Pune,Kharadi,6847,22400000,3799,81.31,73.84,95
6890,5600000,2,Pune,Baner,3459,12100000,1797,74.13,65.21,97
6891,16800000,4,Pune,Hinjewadi,8073,17400000,1781,84.62,69.74,92
6892,17700000,1,Chennai,OMR,1099,19100000,1832,79.59,79.9,67
6893,5900000,3,Bengaluru,Indiranagar,923,15400000,2014,76.22,97.13,56
6894,5400000,1,Mumbai,Andheri,8339,18500000,2839,86.18,86.69,59
6895,10900000,5,Bengaluru,HSR Layout,9891,5200000,2104,74.49,79.97,73
6896,11300000,2,Mumbai,Andheri,6084,14200000,3422,90.11,97.0,94
6897,7700000,5,Chennai,OMR,6592,12500000,689,94.29,92.85,98
6898,13200000,3,Chennai,Velachery,6409,14000000,754,93.99,69.83,54
6899,10900000,4,Hyderabad,Kondapur,175,10100000,2402,93.42,94.29,85
6900,5400000,5,Mumbai,Andheri,8849,9600000,3954,96.43,99.29,95
6901,10400000,4,Bengaluru,Electronic City,3528,13200000,3571,74.86,80.09,54
6902,14300000,1,Mumbai,Thane,1904,21900000,1535,73.71,60.28,84
6903,6500000,4,Hyderabad,Kukatpally,1855,17900000,3511,75.73,80.29,64
6904,4300000,2,Chennai,OMR,5809,7800000,619,77.93,86.07,57
6905,9000000,5,Mumbai,Andheri,3002,19400000,3143,70.9,96.14,64
6906,11500000,4,Bengaluru,Whitefield,1422,13000000,3156,72.67,97.64,92
6907,3100000,3,Pune,Wakad,9047,13700000,2294,98.23,80.4,78
6908,3200000,4,Hyderabad,Kukatpally,4585,18300000,2193,87.73,78.58,69
6909,15500000,1,Mumbai,Powai,3332,17700000,2945,74.54,91.52,56
6910,14900000,5,Bengaluru,Electronic City,5774,19200000,1282,75.75,77.17,87
6911,8700000,1,Mumbai,Powai,6583,14100000,2505,96.53,60.9,84
6912,11200000,5,Bengaluru,Whitefield,8729,19400000,2347,87.92,75.35,93
6913,9100000,3,Mumbai,Powai,438,6000000,2029,87.04,70.78,76
6914,11900000,5,Bengaluru,Indiranagar,6135,10700000,3275,78.77,85.29,54
6915,12500000,4,Bengaluru,Indiranagar,6628,5300000,2208,76.58,92.92,92
6916,14300000,2,Chennai,Anna Nagar,1384,7100000,1659,96.23,64.37,96
6917,9700000,3,Bengaluru,Whitefield,7528,15700000,2923,74.21,62.14,97
6918,17800000,5,Hyderabad,Kukatpally,8040,12900000,2215,98.8,61.6,74
6919,13500000,5,Chennai,OMR,4567,12300000,3847,83.65,88.39,90
6920,16700000,2,Mumbai,Andheri,4264,15800000,3935,98.65,72.63,71
6921,14000000,2,Chennai,OMR,9873,12500000,1405,81.35,92.93,57
6922,6200000,1,Hyderabad,Madhapur,2449,20300000,1817,97.35,63.03,89
6923,16000000,2,Mumbai,Thane,472,6800000,3510,75.43,96.73,90
6924,12200000,5,Hyderabad,Madhapur,9622,18900000,3017,79.59,87.42,73
6925,9100000,3,Chennai,Anna Nagar,9338,15900000,3747,72.99,85.46,82
6926,9400000,1,Hyderabad,Madhapur,2279,20300000,3694,81.07,97.01,64
6927,15100000,1,Bengaluru,Electronic City,9558,16600000,2921,84.98,95.84,61
6928,15500000,4,Bengaluru,Electronic City,9380,23800000,3636,79.78,88.19,76
6929,15800000,4,Chennai,Velachery,9614,9700000,2376,82.68,89.88,100
6930,12800000,5,Mumbai,Bandra,7141,9500000,3970,79.83,75.08,60
6931,15100000,1,Bengaluru,HSR Layout,5321,13500000,3530,90.69,98.26,78
6932,13300000,1,Hyderabad,Madhapur,2009,18300000,2218,71.12,60.66,52
6933,11500000,4,Chennai,Velachery,1463,10700000,1693,76.22,97.93,90
6934,10900000,2,Chennai,Adyar,7173,5800000,3870,84.9,62.44,51
6935,14200000,1,Pune,Baner,7078,3700000,1901,98.79,87.41,51
6936,3000000,5,Bengaluru,Indiranagar,1705,7900000,1413,96.67,75.49,87
6937,19400000,4,Hyderabad,Gachibowli,533,17400000,2365,70.22,99.15,62
6938,14000000,5,Pune,Baner,404,12900000,2273,78.48,83.18,82
6939,7500000,5,Hyderabad,Gachibowli,6134,4300000,1353,96.18,95.52,71
6940,8000000,4,Bengaluru,HSR Layout,2215,25000000,2260,86.94,64.38,61
6941,19300000,4,Hyderabad,Kukatpally,5647,7200000,3105,80.41,61.26,75
6942,8800000,2,Hyderabad,Madhapur,3255,9800000,2296,87.79,83.95,89
6943,7900000,5,Mumbai,Thane,8316,17900000,1799,77.79,68.23,98
6944,6300000,4,Hyderabad,Kukatpally,4298,9400000,2701,77.57,97.65,56
6945,5500000,5,Hyderabad,Madhapur,3728,16300000,2980,71.36,81.41,67
6946,12300000,3,Chennai,OMR,9744,4300000,2208,93.07,63.68,67
6947,12400000,3,Mumbai,Andheri,6121,24000000,1250,91.59,97.81,88
6948,14800000,5,Mumbai,Powai,4239,13100000,1767,99.06,78.91,78
6949,7000000,3,Pune,Baner,9811,20900000,3798,86.97,89.38,90
6950,6600000,4,Chennai,Anna Nagar,1385,16400000,1491,71.13,63.21,86
6951,16400000,2,Mumbai,Thane,526,5800000,2428,75.34,98.02,69
6952,18600000,2,Mumbai,Bandra,1973,24000000,3732,70.7,72.04,83
6953,9400000,2,Bengaluru,Electronic City,6522,11900000,3588,74.74,72.67,91
6954,18000000,3,Chennai,Velachery,1762,14000000,1714,74.63,92.81,53
6955,12500000,5,Bengaluru,Whitefield,4529,5600000,2840,98.76,99.35,71
6956,5300000,1,Pune,Hinjewadi,5409,20900000,3626,75.97,79.41,96
6957,14900000,2,Pune,Hinjewadi,1262,4800000,2755,71.38,74.81,59
6958,6200000,2,Pune,Kharadi,6331,19000000,3006,77.53,75.7,59
6959,3600000,3,Bengaluru,Whitefield,50,8200000,2631,84.61,83.04,96
6960,4500000,5,Pune,Hinjewadi,5055,22100000,709,96.76,99.21,91
6961,9200000,2,Mumbai,Andheri,7590,20700000,1686,96.5,79.01,92
6962,13200000,1,Bengaluru,Whitefield,780,8300000,1353,76.37,67.9,88
6963,19900000,4,Mumbai,Bandra,1650,19700000,827,87.48,87.52,84
6964,19100000,4,Bengaluru,Electronic City,5843,16100000,1401,86.25,97.55,53
6965,10600000,4,Bengaluru,Electronic City,8607,9300000,2406,99.22,61.4,65
6966,16800000,1,Hyderabad,Gachibowli,7689,10300000,3821,86.47,90.59,52
6967,6400000,1,Pune,Hinjewadi,5198,22700000,3392,83.04,90.29,57
6968,4600000,1,Hyderabad,Gachibowli,4815,18200000,3774,70.7,81.26,85
6969,9700000,4,Bengaluru,HSR Layout,6356,23900000,1569,73.36,88.2,87
6970,13500000,2,Chennai,Velachery,899,12400000,756,81.32,70.16,98
6971,8100000,1,Hyderabad,Madhapur,5811,11400000,1829,98.57,60.4,73
6972,5200000,1,Bengaluru,Electronic City,3535,13300000,2247,94.32,65.14,91
6973,16100000,2,Mumbai,Bandra,1205,24700000,3073,91.73,71.76,89
6974,9800000,4,Pune,Hinjewadi,9902,23000000,3642,99.35,82.77,95
6975,13800000,3,Pune,Baner,3651,10800000,3896,88.29,65.91,80
6976,13000000,5,Pune,Kharadi,5389,9500000,1603,98.33,64.03,90
6977,17500000,4,Mumbai,Thane,5295,17800000,2241,82.22,99.22,92
6978,19300000,1,Pune,Wakad,1663,8600000,860,90.8,65.26,81
6979,9300000,3,Pune,Hinjewadi,4717,17000000,3901,81.84,69.68,51
6980,13100000,3,Mumbai,Bandra,5266,6800000,2706,83.17,66.57,81
6981,11000000,5,Hyderabad,Gachibowli,4596,5500000,1847,93.04,89.95,97
6982,5700000,4,Chennai,OMR,6316,23300000,2200,93.41,99.7,85
6983,5100000,3,Mumbai,Andheri,5482,9000000,1899,99.7,78.9,80
6984,11700000,4,Mumbai,Powai,8566,16900000,3471,73.85,80.32,63
6985,7000000,5,Mumbai,Thane,4894,17100000,764,73.78,89.87,82
6986,16500000,3,Hyderabad,Madhapur,3279,19400000,2128,93.12,89.67,66
6987,13300000,2,Mumbai,Powai,2801,11800000,3440,96.14,92.24,100
6988,4700000,3,Hyderabad,Kukatpally,1673,19500000,3842,86.36,74.46,80
6989,11600000,5,Chennai,Anna Nagar,3832,18900000,3025,86.89,70.33,89
6990,9800000,1,Mumbai,Powai,9436,4100000,2700,87.67,70.64,83
6991,12500000,2,Mumbai,Powai,3122,15900000,1458,71.87,75.36,75
6992,18300000,5,Pune,Baner,8173,9400000,3697,81.76,85.58,82
6993,15200000,5,Bengaluru,Whitefield,8098,22500000,2030,78.55,79.29,66
6994,9000000,1,Bengaluru,Whitefield,7761,20200000,1731,72.53,99.78,54
6995,14100000,3,Hyderabad,Kondapur,9482,18300000,2369,81.07,95.99,81
6996,17600000,2,Pune,Hinjewadi,8679,24600000,609,91.29,96.92,67
6997,11500000,1,Chennai,Anna Nagar,1974,23200000,1239,79.49,68.56,89
6998,8000000,3,Hyderabad,Gachibowli,9807,11500000,829,87.17,73.31,95
6999,15000000,1,Mumbai,Thane,9547,9100000,3038,73.22,91.15,85
7000,14800000,4,Bengaluru,Whitefield,4854,21900000,727,96.37,87.78,76
7001,14400000,2,Hyderabad,Kukatpally,9949,18900000,2355,87.96,82.45,61
7002,19600000,3,Bengaluru,Whitefield,8150,17200000,1203,83.01,87.34,94
7003,4200000,3,Chennai,Anna Nagar,7311,12700000,2078,77.29,81.08,56
7004,8600000,2,Mumbai,Thane,2354,9600000,1404,77.82,70.35,76
7005,15600000,1,Bengaluru,Indiranagar,8495,18800000,2425,85.88,66.4,88
7006,10700000,4,Pune,Wakad,19,16200000,685,82.78,63.89,56
7007,5100000,1,Mumbai,Powai,2677,8800000,1832,75.64,98.59,74
7008,18400000,4,Pune,Hinjewadi,3235,9900000,828,93.79,78.18,87
7009,7000000,3,Bengaluru,HSR Layout,2158,15600000,3907,79.19,92.21,68
7010,19600000,2,Bengaluru,Indiranagar,4563,22100000,1717,84.09,60.51,80
7011,12600000,4,Chennai,Velachery,8747,7800000,2819,82.76,86.82,51
7012,17300000,2,Mumbai,Bandra,8092,23500000,3257,93.62,78.44,53
7013,15400000,4,Bengaluru,Indiranagar,1316,15600000,696,91.16,84.15,90
7014,4300000,3,Hyderabad,Gachibowli,4993,15400000,1232,99.89,64.37,73
7015,16300000,3,Mumbai,Bandra,8736,10300000,2063,85.76,79.37,92
7016,3400000,1,Mumbai,Thane,5751,19800000,3428,78.55,63.78,66
7017,6000000,2,Pune,Kharadi,1903,6300000,3496,97.93,84.69,63
7018,18300000,4,Hyderabad,Madhapur,2193,24200000,3068,83.98,93.19,90
7019,15900000,5,Hyderabad,Madhapur,1236,20200000,2892,89.56,98.22,74
7020,3600000,1,Pune,Baner,5059,8300000,2015,80.23,73.46,50
7021,7400000,1,Pune,Baner,7618,4200000,1082,71.49,73.21,90
7022,10600000,3,Hyderabad,Kukatpally,6140,21400000,1753,96.08,84.89,90
7023,12100000,1,Hyderabad,Kukatpally,6002,4600000,913,72.69,88.19,87
7024,19300000,3,Chennai,Anna Nagar,769,22600000,1320,78.49,78.17,86
7025,3600000,3,Mumbai,Bandra,3481,14000000,3765,91.85,62.5,64
7026,3900000,5,Mumbai,Thane,2751,21400000,3547,78.79,92.27,81
7027,7400000,3,Hyderabad,Kondapur,3663,16900000,708,81.66,75.54,96
7028,12800000,1,Hyderabad,Gachibowli,8404,11400000,3321,77.04,96.09,98
7029,4300000,3,Chennai,Adyar,6310,6400000,3695,72.27,74.93,76
7030,15600000,4,Bengaluru,Electronic City,255,3800000,3329,95.76,86.22,98
7031,9200000,5,Bengaluru,Electronic City,2848,18200000,2698,99.17,81.65,83
7032,14000000,2,Bengaluru,Indiranagar,3452,8000000,3838,79.58,91.95,97
7033,13700000,4,Mumbai,Powai,6316,21500000,1482,86.37,75.67,65
7034,12800000,2,Mumbai,Powai,9580,8900000,2042,79.78,95.43,69
7035,16400000,2,Bengaluru,Indiranagar,6076,20800000,3894,80.43,70.59,75
7036,12200000,4,Mumbai,Andheri,164,11600000,1267,73.58,69.94,72
7037,5400000,1,Hyderabad,Gachibowli,5087,24400000,3187,80.19,76.71,65
7038,6500000,5,Bengaluru,HSR Layout,6875,13700000,3773,84.4,63.53,95
7039,5600000,1,Bengaluru,Indiranagar,2245,11600000,1837,98.4,63.94,74
7040,16900000,3,Pune,Baner,3525,8100000,1161,81.14,63.22,70
7041,19100000,1,Chennai,OMR,7135,18500000,2382,74.91,63.01,99
7042,12700000,1,Pune,Baner,7193,23800000,3448,87.31,98.27,86
7043,9300000,5,Hyderabad,Madhapur,6747,22700000,1190,70.83,80.14,69
7044,3500000,3,Pune,Wakad,8350,15200000,1512,95.14,95.75,96
7045,15800000,4,Hyderabad,Kondapur,1442,18900000,2922,70.21,89.33,50
7046,14400000,1,Hyderabad,Madhapur,607,19700000,3450,82.34,98.66,77
7047,13500000,1,Mumbai,Andheri,115,20000000,1820,86.4,83.28,61
7048,14100000,4,Mumbai,Thane,5608,19100000,3260,82.93,73.09,99
7049,3200000,2,Bengaluru,Indiranagar,2448,5100000,2695,99.13,94.7,65
7050,8600000,2,Hyderabad,Kukatpally,8902,9700000,3567,89.18,83.91,50
7051,6600000,3,Hyderabad,Madhapur,9403,13500000,3238,70.5,90.83,88
7052,14700000,1,Chennai,Velachery,5496,22100000,3257,82.29,78.72,79
7053,16700000,4,Pune,Baner,3992,17500000,3574,72.55,81.21,65
7054,17700000,3,Pune,Kharadi,5154,8900000,2712,94.57,90.61,57
7055,4300000,1,Pune,Baner,4507,3900000,3808,97.39,94.68,83
7056,11100000,4,Pune,Baner,6328,7100000,1389,75.59,94.25,89
7057,18000000,3,Pune,Hinjewadi,2916,21000000,651,70.77,95.3,97
7058,16400000,2,Bengaluru,HSR Layout,9214,17400000,3523,96.27,61.81,82
7059,6000000,2,Chennai,Adyar,5469,24100000,3621,93.65,88.38,92
7060,17600000,1,Chennai,Adyar,4459,13900000,2201,86.68,72.46,95
7061,8700000,3,Hyderabad,Gachibowli,5260,4700000,2434,77.97,75.4,53
7062,15400000,2,Mumbai,Bandra,4331,20400000,2404,85.1,93.64,83
7063,17200000,5,Chennai,OMR,2844,17300000,3156,79.72,88.2,96
7064,9700000,1,Bengaluru,Electronic City,6988,19400000,1099,70.03,99.79,74
7065,14000000,3,Chennai,Adyar,161,4200000,2808,89.1,74.86,69
7066,15800000,3,Hyderabad,Kondapur,3836,9000000,3900,80.07,97.09,79
7067,7200000,4,Chennai,Adyar,8527,11000000,1178,97.93,94.79,64
7068,17000000,3,Pune,Hinjewadi,1367,14400000,602,88.75,78.59,60
7069,15400000,4,Bengaluru,Indiranagar,1501,7200000,3525,72.66,74.37,60
7070,6300000,2,Mumbai,Thane,4579,13100000,2649,71.79,95.09,83
7071,8800000,5,Bengaluru,HSR Layout,4066,13500000,3034,86.78,87.51,63
7072,10300000,1,Hyderabad,Madhapur,3028,16900000,929,90.93,75.3,64
7073,11400000,1,Bengaluru,Whitefield,219,10000000,3054,83.86,90.51,97
7074,15500000,1,Bengaluru,Whitefield,1032,24700000,1584,89.97,78.31,92
7075,13000000,3,Mumbai,Thane,7209,20900000,2995,78.04,81.9,67
7076,4400000,4,Chennai,OMR,2754,14400000,2706,83.33,79.54,75
7077,3300000,5,Bengaluru,Indiranagar,9058,6100000,2629,76.74,78.02,51
7078,9300000,2,Hyderabad,Kukatpally,7540,17600000,3565,71.06,99.98,81
7079,4000000,3,Pune,Kharadi,4226,3600000,928,85.77,69.85,96
7080,11300000,5,Mumbai,Powai,1601,15200000,3964,77.45,70.72,90
7081,3100000,4,Pune,Kharadi,9184,6400000,894,78.09,63.52,91
7082,7800000,4,Pune,Wakad,6295,14900000,1017,70.65,68.87,97
7083,17700000,4,Pune,Wakad,4260,14100000,2403,75.16,77.75,69
7084,18600000,4,Pune,Wakad,3367,23700000,1912,85.53,95.61,97
7085,10400000,1,Mumbai,Thane,3259,7100000,1759,90.6,79.99,91
7086,4500000,5,Pune,Wakad,531,20100000,2154,82.78,74.55,57
7087,4000000,2,Mumbai,Bandra,504,19700000,1662,72.89,76.31,97
7088,19600000,5,Bengaluru,HSR Layout,9473,23900000,1684,81.28,90.92,69
7089,5500000,1,Mumbai,Andheri,2569,22000000,2344,73.83,98.66,75
7090,6200000,4,Hyderabad,Kukatpally,3384,15300000,3328,90.29,79.98,84
7091,17600000,1,Bengaluru,Electronic City,5353,14000000,1581,94.14,89.91,77
7092,11500000,4,Bengaluru,Whitefield,7054,22700000,2779,91.63,99.11,88
7093,11500000,5,Hyderabad,Gachibowli,2828,13100000,3253,98.8,97.47,54
7094,4400000,3,Bengaluru,Whitefield,5838,6800000,1616,98.98,96.68,57
7095,4000000,5,Hyderabad,Madhapur,1099,10900000,3842,84.41,93.04,57
7096,20000000,5,Chennai,Velachery,9439,6000000,3967,84.37,60.79,89
7097,16200000,1,Mumbai,Thane,902,10100000,1399,85.58,89.82,93
7098,16000000,1,Hyderabad,Gachibowli,3289,16800000,2079,86.34,89.92,84
7099,6900000,3,Mumbai,Andheri,6175,17000000,3929,88.51,77.52,61
7100,12300000,1,Bengaluru,HSR Layout,1807,13800000,2996,90.13,64.28,64
7101,15200000,2,Pune,Hinjewadi,9180,9200000,3783,73.84,87.97,74
7102,18400000,2,Bengaluru,Indiranagar,7853,17100000,1024,78.48,78.63,73
7103,16500000,1,Hyderabad,Gachibowli,7619,20500000,2376,82.68,95.24,89
7104,14600000,1,Bengaluru,Indiranagar,3672,15300000,2904,95.13,96.56,55
7105,3000000,2,Hyderabad,Gachibowli,6654,4300000,2977,79.88,80.33,57
7106,12000000,3,Pune,Wakad,1182,15200000,1751,81.43,90.61,97
7107,14100000,1,Mumbai,Powai,5377,5900000,618,87.18,65.54,58
7108,6300000,3,Chennai,Velachery,5832,15900000,2024,98.78,73.04,53
7109,8700000,5,Chennai,Anna Nagar,8815,12400000,3190,89.97,84.87,72
7110,8700000,3,Pune,Wakad,2187,22200000,1487,91.52,74.05,63
7111,19400000,1,Hyderabad,Gachibowli,2809,6700000,2895,73.37,72.7,59
7112,13700000,2,Mumbai,Powai,3934,3500000,1255,79.27,81.72,62
7113,19800000,4,Chennai,Anna Nagar,1450,11100000,3208,76.01,72.68,83
7114,12200000,3,Pune,Wakad,4706,18800000,3045,94.83,67.02,62
7115,7000000,5,Hyderabad,Gachibowli,8455,14200000,3995,70.36,96.14,59
7116,6200000,1,Pune,Kharadi,9931,20900000,2672,83.61,61.24,68
7117,12800000,4,Chennai,Velachery,756,14500000,1128,95.38,81.2,94
7118,16400000,5,Chennai,Velachery,7354,13900000,3919,76.77,95.23,82
7119,18600000,4,Chennai,OMR,865,10800000,3764,75.39,92.63,98
7120,17500000,2,Mumbai,Powai,1536,12300000,1110,77.13,78.06,68
7121,13700000,4,Chennai,OMR,3410,7900000,3109,79.03,61.5,64
7122,4100000,1,Mumbai,Andheri,8322,20100000,1538,81.87,74.34,64
7123,10300000,4,Bengaluru,Indiranagar,1360,7000000,3279,76.24,61.23,50
7124,12700000,3,Chennai,Anna Nagar,6700,17400000,3824,97.0,93.2,56
7125,16300000,4,Hyderabad,Kondapur,9163,8500000,1874,90.45,87.09,99
7126,3100000,5,Bengaluru,Indiranagar,8564,13900000,3013,97.44,66.9,57
7127,3300000,5,Mumbai,Thane,6072,9900000,1371,91.7,99.44,65
7128,16000000,1,Chennai,Adyar,7072,23300000,3909,96.47,70.49,64
7129,15800000,1,Mumbai,Andheri,5140,15900000,3165,74.23,72.61,76
7130,5200000,3,Pune,Baner,1729,11500000,3766,93.09,70.55,78
7131,20000000,5,Hyderabad,Gachibowli,5130,16300000,3132,94.17,79.49,82
7132,11300000,2,Hyderabad,Kondapur,3565,11300000,2980,92.88,94.59,79
7133,15600000,1,Hyderabad,Kondapur,650,16000000,2482,70.72,84.53,58
7134,4100000,5,Chennai,Velachery,6564,4700000,1475,82.84,82.05,67
7135,18100000,3,Mumbai,Andheri,8877,5500000,3645,81.91,71.54,83
7136,18900000,2,Hyderabad,Kondapur,5571,19000000,2253,80.81,75.93,66
7137,15900000,1,Hyderabad,Madhapur,9170,7200000,3480,82.19,81.8,57
7138,3800000,5,Bengaluru,Indiranagar,7058,17600000,770,94.26,64.05,57
7139,4900000,3,Pune,Hinjewadi,7145,12500000,2281,70.61,61.8,59
7140,13300000,5,Mumbai,Bandra,6455,12800000,3979,89.95,89.01,57
7141,16600000,2,Bengaluru,Electronic City,3852,5400000,2394,89.85,68.01,97
7142,12500000,4,Bengaluru,Whitefield,6131,5500000,1683,77.03,66.84,52
7143,13700000,2,Bengaluru,HSR Layout,7119,6000000,1617,76.01,93.87,58
7144,16800000,4,Hyderabad,Kondapur,4980,9500000,1152,90.65,73.16,69
7145,14600000,1,Mumbai,Andheri,2853,5400000,2507,94.3,79.14,62
7146,4000000,4,Hyderabad,Kondapur,1953,5200000,1543,75.58,60.61,92
7147,18500000,3,Bengaluru,Electronic City,5920,5200000,2733,87.12,93.41,86
7148,13800000,3,Hyderabad,Gachibowli,4719,11500000,2367,87.36,77.02,74
7149,4100000,5,Mumbai,Powai,448,21400000,2458,95.06,67.53,94
7150,12900000,4,Bengaluru,Electronic City,4478,6200000,871,97.55,77.97,84
7151,13000000,4,Mumbai,Powai,8720,7600000,3607,72.49,79.28,90
7152,14900000,1,Hyderabad,Madhapur,6619,19600000,1582,99.48,88.04,90
7153,13600000,3,Hyderabad,Gachibowli,635,16100000,1280,78.42,79.33,53
7154,15600000,3,Pune,Wakad,1847,18400000,1162,91.86,69.05,66
7155,8200000,2,Hyderabad,Madhapur,1790,9700000,3351,95.04,83.79,98
7156,17400000,3,Mumbai,Andheri,5628,11700000,2898,73.08,66.14,72
7157,16000000,1,Bengaluru,HSR Layout,4122,19600000,3530,88.1,65.83,66
7158,19800000,4,Bengaluru,Whitefield,2287,14500000,3303,80.29,86.3,53
7159,18900000,1,Hyderabad,Kukatpally,9064,16100000,972,84.18,65.98,72
7160,3000000,1,Hyderabad,Gachibowli,2787,24900000,661,89.97,85.93,64
7161,11200000,4,Bengaluru,HSR Layout,3737,16000000,1661,70.2,91.67,59
7162,9500000,2,Pune,Kharadi,2097,17600000,1169,90.94,81.99,93
7163,10600000,3,Chennai,Adyar,4263,14400000,3681,87.57,91.89,99
7164,16200000,3,Hyderabad,Kukatpally,9119,13700000,2767,70.99,77.77,66
7165,4700000,3,Bengaluru,HSR Layout,756,23600000,2249,91.61,94.3,57
7166,18200000,4,Bengaluru,Electronic City,9604,12700000,2760,95.29,75.24,88
7167,17500000,5,Bengaluru,Electronic City,3331,19100000,3323,83.87,97.75,51
7168,13000000,5,Pune,Kharadi,6341,22800000,931,79.5,77.94,74
7169,19400000,4,Mumbai,Thane,4959,12900000,2725,71.43,77.36,82
7170,19700000,1,Mumbai,Powai,9704,12900000,3399,70.81,92.28,100
7171,19100000,2,Pune,Wakad,1676,16200000,1258,70.81,86.06,61
7172,19100000,5,Mumbai,Andheri,2382,10200000,3148,94.91,85.0,75
7173,7300000,5,Chennai,Anna Nagar,7898,19400000,1913,76.14,82.11,89
7174,7300000,2,Chennai,OMR,572,4900000,3897,96.59,84.04,69
7175,9400000,5,Chennai,Velachery,8619,20700000,3613,82.32,70.23,55
7176,4100000,1,Chennai,Velachery,4561,22600000,2484,87.15,95.01,50
7177,8900000,4,Bengaluru,Indiranagar,9017,18200000,3637,70.76,94.86,55
7178,17900000,2,Pune,Kharadi,636,13100000,1433,70.3,97.28,74
7179,18400000,3,Chennai,Anna Nagar,379,7700000,3313,78.76,69.83,91
7180,19800000,2,Bengaluru,Indiranagar,8930,16500000,632,84.04,87.31,75
7181,11900000,3,Bengaluru,Whitefield,8225,17300000,3183,79.75,95.08,63
7182,4100000,2,Mumbai,Thane,532,7500000,970,75.44,68.26,85
7183,18100000,5,Pune,Wakad,9387,18200000,2639,88.85,82.13,88
7184,17700000,3,Chennai,Velachery,6044,21500000,1381,72.42,95.72,85
7185,18900000,2,Pune,Baner,930,10800000,3583,87.69,99.44,71
7186,15500000,4,Bengaluru,HSR Layout,7393,12400000,2674,91.78,95.34,57
7187,15800000,3,Mumbai,Andheri,5067,23600000,3572,88.11,83.65,72
7188,16100000,2,Bengaluru,Electronic City,6550,23200000,1197,99.78,68.47,52
7189,11900000,1,Bengaluru,Electronic City,2967,17800000,1288,88.61,95.6,99
7190,10900000,5,Bengaluru,Electronic City,3758,7100000,1278,78.22,80.92,83
7191,19700000,4,Mumbai,Andheri,7770,12700000,3546,83.99,67.57,77
7192,6500000,4,Bengaluru,Whitefield,6057,23800000,2274,70.08,78.19,71
7193,11000000,3,Pune,Baner,422,19200000,1131,77.45,66.6,84
7194,3600000,4,Bengaluru,Indiranagar,2904,11200000,2235,86.54,64.71,83
7195,11900000,3,Mumbai,Bandra,5742,23400000,911,79.53,92.62,72
7196,16300000,5,Mumbai,Andheri,9937,16800000,3463,93.93,63.57,98
7197,10900000,2,Chennai,Anna Nagar,9725,10100000,1039,77.66,89.2,92
7198,8600000,3,Bengaluru,Whitefield,9681,6000000,3605,93.57,65.89,72
7199,5000000,4,Pune,Kharadi,8374,17000000,3920,73.77,93.87,64
7200,13600000,4,Pune,Baner,9561,23100000,2449,80.96,60.76,53
7201,13900000,3,Hyderabad,Kukatpally,8140,20700000,1043,79.73,95.03,98
7202,13900000,3,Chennai,Adyar,3251,19600000,1155,87.33,80.53,97
7203,8400000,3,Pune,Baner,7053,4400000,1116,70.53,84.81,50
7204,14700000,2,Mumbai,Andheri,6118,17600000,3642,77.67,77.29,54
7205,3800000,1,Bengaluru,Indiranagar,3084,17300000,3192,95.12,76.74,75
7206,16100000,2,Hyderabad,Kukatpally,8938,21400000,1085,91.61,75.38,78
7207,11500000,2,Bengaluru,Indiranagar,8785,10600000,1968,76.57,82.66,68
7208,5500000,3,Pune,Wakad,7965,7400000,3392,84.86,83.63,74
7209,17900000,1,Chennai,Anna Nagar,9810,18600000,2604,96.25,85.04,98
7210,12700000,1,Hyderabad,Madhapur,8417,23000000,2748,98.01,62.86,54
7211,17100000,1,Pune,Wakad,5602,24500000,1868,79.7,93.04,69
7212,19400000,2,Mumbai,Andheri,2126,15800000,735,77.88,96.09,99
7213,7600000,1,Pune,Baner,382,10900000,1658,92.35,87.99,52
7214,3200000,2,Chennai,Velachery,5878,22700000,853,83.31,78.36,75
7215,7500000,3,Chennai,OMR,1319,11500000,2524,74.37,78.03,66
7216,6800000,4,Bengaluru,Electronic City,8982,3600000,3778,71.79,60.97,94
7217,19000000,5,Bengaluru,Indiranagar,2186,22300000,3598,81.12,75.25,74
7218,5900000,1,Chennai,Velachery,4975,4600000,3359,89.08,94.29,62
7219,16800000,3,Hyderabad,Kondapur,9928,22400000,2773,75.25,60.34,86
7220,13600000,5,Mumbai,Andheri,7060,10700000,3803,80.59,91.8,99
7221,14800000,4,Pune,Hinjewadi,9981,11700000,1589,92.1,82.0,52
7222,11600000,3,Mumbai,Powai,8940,16600000,2947,85.65,84.77,73
7223,16100000,4,Mumbai,Powai,1389,25000000,3060,74.78,96.62,55
7224,7500000,2,Hyderabad,Madhapur,1038,12200000,3679,89.47,61.39,60
7225,14900000,3,Mumbai,Bandra,9871,14000000,1043,77.19,90.45,59
7226,16800000,2,Chennai,Adyar,1737,8500000,1325,87.58,86.88,67
7227,13000000,3,Chennai,Velachery,5535,16300000,1716,79.25,82.83,60
7228,5600000,4,Mumbai,Bandra,2317,8300000,2078,83.25,82.95,97
7229,17300000,2,Hyderabad,Gachibowli,673,16000000,1019,79.31,77.41,65
7230,14500000,2,Chennai,OMR,8057,13200000,1163,97.25,66.21,83
7231,7800000,2,Bengaluru,Electronic City,3111,6600000,1713,80.83,83.55,89
7232,19000000,3,Hyderabad,Kukatpally,8874,9200000,1630,71.17,60.42,93
7233,5100000,4,Pune,Wakad,8542,14700000,765,92.4,67.4,69
7234,12500000,4,Hyderabad,Kukatpally,8469,16900000,3160,81.95,88.27,98
7235,8200000,3,Hyderabad,Kukatpally,4622,12000000,3726,84.64,62.36,58
7236,3400000,1,Mumbai,Bandra,4685,14900000,1063,99.13,62.11,83
7237,19800000,3,Hyderabad,Madhapur,4652,19600000,3452,99.25,84.04,63
7238,19500000,1,Mumbai,Thane,684,15000000,1333,95.35,89.56,84
7239,7400000,4,Chennai,Velachery,4359,4600000,1271,73.1,99.94,63
7240,12700000,4,Hyderabad,Gachibowli,7730,21000000,3024,99.6,97.52,54
7241,4800000,2,Bengaluru,Electronic City,3506,23000000,3499,71.65,89.59,75
7242,4700000,4,Chennai,Anna Nagar,4047,12400000,3728,78.74,89.94,91
7243,12800000,5,Pune,Wakad,8112,4600000,1255,96.73,84.53,90
7244,18800000,1,Chennai,Anna Nagar,1981,24700000,3085,72.78,99.12,56
7245,16000000,5,Hyderabad,Gachibowli,2599,19600000,666,91.71,66.27,76
7246,14000000,5,Hyderabad,Gachibowli,4894,15200000,1948,89.14,62.75,78
7247,14000000,1,Mumbai,Andheri,2835,4200000,1438,93.18,94.37,63
7248,14000000,4,Mumbai,Bandra,7405,8600000,2741,89.33,99.34,67
7249,16900000,4,Pune,Kharadi,4009,21400000,1434,97.09,89.74,97
7250,9000000,3,Bengaluru,Electronic City,1730,10200000,987,98.92,70.84,79
7251,9100000,3,Pune,Wakad,2565,7400000,1283,72.05,80.45,82
7252,16400000,1,Pune,Wakad,4366,8300000,2387,79.07,80.35,58
7253,7100000,1,Mumbai,Thane,756,18700000,1200,96.79,70.79,99
7254,7800000,5,Hyderabad,Gachibowli,7324,3800000,2140,72.04,78.06,70
7255,6400000,1,Pune,Hinjewadi,8578,16600000,3346,70.94,62.95,60
7256,7200000,2,Mumbai,Bandra,3485,20900000,2478,70.85,60.15,53
7257,5200000,2,Mumbai,Powai,7620,7300000,3096,91.28,62.62,68
7258,17000000,5,Pune,Hinjewadi,4072,11500000,1679,82.57,66.3,80
7259,8600000,1,Pune,Baner,5079,3500000,1620,73.3,96.11,58
7260,7900000,5,Mumbai,Thane,6761,15600000,3604,81.61,90.93,67
7261,5300000,3,Chennai,OMR,5917,6600000,2516,90.99,91.03,79
7262,4800000,4,Bengaluru,Whitefield,9377,16500000,1980,87.74,89.15,82
7263,19800000,4,Hyderabad,Kukatpally,9719,7600000,3916,93.32,77.11,79
7264,3200000,3,Bengaluru,Whitefield,4074,20400000,1068,83.92,73.61,66
7265,16600000,5,Hyderabad,Kondapur,3722,10100000,1480,80.01,94.63,65
7266,11000000,1,Chennai,Velachery,9983,13600000,3062,98.41,79.79,91
7267,11700000,2,Bengaluru,Whitefield,1789,8700000,3445,99.21,95.54,77
7268,14600000,4,Mumbai,Bandra,425,19400000,3666,93.79,92.29,60
7269,19500000,4,Bengaluru,Whitefield,7325,18500000,2503,95.48,69.36,55
7270,3600000,4,Mumbai,Powai,1326,13700000,3611,92.67,61.84,60
7271,10500000,5,Bengaluru,Electronic City,6997,22500000,3165,71.99,73.7,65
7272,6300000,4,Pune,Wakad,7217,21800000,1583,88.23,63.68,90
7273,12100000,4,Bengaluru,Electronic City,8751,13200000,2565,72.66,74.78,90
7274,3800000,3,Hyderabad,Kukatpally,5049,7300000,3109,84.32,96.84,71
7275,3800000,3,Bengaluru,HSR Layout,1097,23400000,662,96.16,98.92,53
7276,14100000,5,Mumbai,Bandra,4751,8200000,2951,88.16,91.12,64
7277,12400000,1,Hyderabad,Gachibowli,1574,19000000,2961,85.43,77.73,70
7278,3900000,5,Chennai,Adyar,6921,20600000,951,77.21,61.43,71
7279,15300000,1,Mumbai,Bandra,8451,6300000,1883,92.15,76.31,68
7280,12300000,3,Mumbai,Powai,4062,23100000,3168,84.67,87.03,93
7281,18700000,4,Hyderabad,Madhapur,3706,20400000,3708,94.2,77.79,99
7282,17600000,1,Pune,Wakad,715,20600000,3365,74.55,78.54,99
7283,19100000,4,Pune,Kharadi,345,20700000,1955,99.05,99.51,74
7284,6300000,3,Hyderabad,Kukatpally,1200,17200000,709,76.93,70.52,57
7285,11100000,5,Mumbai,Bandra,3311,21600000,1522,91.43,84.26,74
7286,17500000,5,Hyderabad,Madhapur,6967,17600000,3838,74.82,94.41,70
7287,9800000,1,Chennai,Adyar,9878,11500000,3165,86.86,66.86,50
7288,12400000,5,Pune,Hinjewadi,4564,18000000,3084,85.76,87.0,53
7289,5500000,2,Chennai,OMR,2480,18700000,2369,92.07,65.57,97
7290,20000000,3,Chennai,Anna Nagar,2765,6600000,2363,99.77,92.09,55
7291,8000000,3,Mumbai,Thane,4790,15600000,1224,92.45,83.27,69
7292,16500000,5,Bengaluru,Whitefield,9803,18700000,3589,75.78,61.63,92
7293,12600000,5,Mumbai,Thane,5990,8100000,2668,75.13,69.6,91
7294,6400000,2,Hyderabad,Madhapur,7549,18800000,2203,77.25,71.18,68
7295,6500000,4,Bengaluru,Electronic City,7366,12200000,1159,80.68,60.05,92
7296,8900000,4,Mumbai,Andheri,944,12600000,1292,94.34,99.74,61
7297,18600000,4,Hyderabad,Kondapur,9185,12100000,1845,75.59,99.83,79
7298,4200000,3,Mumbai,Thane,4173,6600000,3771,81.88,70.75,96
7299,6800000,4,Hyderabad,Gachibowli,1671,4800000,2289,94.39,93.71,87
7300,9100000,1,Pune,Hinjewadi,2348,3600000,1377,97.77,90.79,56
7301,12200000,1,Bengaluru,Electronic City,9414,12800000,3011,87.91,71.1,55
7302,6200000,5,Mumbai,Andheri,4540,21900000,2505,83.05,99.18,99
7303,13400000,4,Bengaluru,Electronic City,8714,22700000,3769,91.58,97.73,63
7304,7500000,3,Pune,Wakad,6191,10800000,3952,75.68,87.41,72
7305,15800000,3,Chennai,OMR,5682,17300000,1616,95.87,60.96,68
7306,3300000,1,Hyderabad,Kondapur,5638,17400000,1787,90.78,83.11,65
7307,13200000,1,Hyderabad,Kondapur,5781,17200000,2114,83.52,81.53,54
7308,4800000,1,Bengaluru,Indiranagar,5887,7900000,926,95.85,68.51,72
7309,17700000,1,Chennai,Velachery,9062,18000000,2721,97.72,84.19,73
7310,11400000,5,Mumbai,Andheri,31,12900000,3923,79.33,97.35,66
7311,15600000,1,Chennai,Velachery,4676,17900000,3189,99.78,60.2,79
7312,10800000,4,Hyderabad,Kondapur,4597,9500000,3561,86.44,96.89,51
7313,14800000,5,Hyderabad,Kondapur,8675,12300000,3826,88.27,63.32,74
7314,4700000,5,Hyderabad,Madhapur,1590,12100000,3690,76.03,78.39,50
7315,8600000,3,Chennai,OMR,3703,3500000,3504,98.29,64.17,67
7316,15400000,4,Pune,Wakad,3418,7100000,3341,71.06,80.33,97
7317,14300000,5,Mumbai,Bandra,7150,7400000,2001,72.57,80.77,68
7318,9200000,1,Chennai,Anna Nagar,4960,8500000,3191,71.3,98.09,51
7319,11800000,2,Pune,Baner,3113,15700000,3775,93.52,62.15,90
7320,3900000,2,Bengaluru,Indiranagar,636,23100000,2371,79.31,60.92,86
7321,6000000,1,Pune,Wakad,9745,11600000,3226,71.78,92.51,65
7322,7600000,3,Bengaluru,Whitefield,4087,17500000,1986,91.12,76.9,98
7323,18400000,5,Mumbai,Andheri,6627,4200000,2313,84.43,72.76,52
7324,13200000,1,Chennai,Adyar,4417,22400000,3856,94.17,60.81,89
7325,9700000,5,Hyderabad,Madhapur,7826,6800000,1834,87.58,63.48,70
7326,16200000,2,Hyderabad,Kukatpally,8214,22200000,3325,75.38,68.07,71
7327,17300000,1,Chennai,Anna Nagar,8293,13200000,3546,92.9,87.67,83
7328,5400000,2,Pune,Wakad,8057,22400000,1321,98.11,64.03,69
7329,12600000,1,Hyderabad,Kukatpally,1137,22500000,3891,82.05,77.21,63
7330,17700000,1,Hyderabad,Kukatpally,1868,6100000,2031,90.18,99.22,60
7331,19600000,2,Bengaluru,Indiranagar,4985,11300000,1883,79.42,65.3,91
7332,18200000,3,Bengaluru,Whitefield,3925,24500000,2638,72.63,65.83,99
7333,17700000,3,Pune,Kharadi,7230,15100000,2259,79.17,99.8,51
7334,15500000,3,Bengaluru,Electronic City,8761,13400000,3307,87.86,82.65,53
7335,15200000,2,Hyderabad,Kondapur,276,18400000,1891,75.04,64.7,92
7336,12800000,5,Chennai,OMR,56,10500000,3704,81.67,66.66,74
7337,7300000,3,Chennai,Anna Nagar,1621,9900000,1971,74.92,85.78,66
7338,14000000,5,Hyderabad,Kukatpally,1763,10000000,3413,91.12,60.57,78
7339,3900000,2,Hyderabad,Gachibowli,4246,18900000,752,85.27,94.23,62
7340,3100000,2,Chennai,Anna Nagar,8525,14500000,3889,74.11,61.26,69
7341,16900000,4,Pune,Wakad,9826,4100000,2721,84.41,85.13,76
7342,15500000,2,Bengaluru,HSR Layout,1657,11500000,3907,72.33,88.25,86
7343,5700000,3,Pune,Hinjewadi,5682,12700000,1999,73.55,65.33,87
7344,6100000,3,Bengaluru,Whitefield,6712,7700000,2308,75.48,70.33,60
7345,12000000,3,Pune,Hinjewadi,1483,19300000,904,92.47,82.89,68
7346,7700000,3,Hyderabad,Gachibowli,8084,8300000,1700,77.7,88.77,85
7347,9000000,5,Mumbai,Powai,1876,18100000,1057,87.39,71.4,63
7348,3500000,1,Hyderabad,Madhapur,1092,16800000,3538,89.23,62.18,88
7349,9400000,2,Bengaluru,HSR Layout,1172,8000000,3708,80.39,84.33,68
7350,9400000,4,Mumbai,Bandra,3626,4700000,1685,98.02,83.44,56
7351,13200000,1,Mumbai,Powai,5665,20000000,763,99.01,86.01,90
7352,11000000,2,Pune,Baner,2241,14000000,2152,80.35,94.26,72
7353,10600000,4,Hyderabad,Kondapur,8386,8000000,877,79.46,66.77,85
7354,14600000,2,Bengaluru,HSR Layout,2556,17700000,1759,89.57,80.53,52
7355,4500000,4,Bengaluru,HSR Layout,2248,21600000,1485,85.81,60.5,62
7356,9000000,3,Pune,Hinjewadi,2487,15600000,2974,87.65,97.35,59
7357,20000000,2,Mumbai,Thane,8048,7700000,3206,77.03,84.07,74
7358,11800000,3,Hyderabad,Gachibowli,8682,16000000,699,96.52,67.42,69
7359,6100000,2,Hyderabad,Kondapur,6079,22300000,2303,82.28,62.87,58
7360,12600000,4,Mumbai,Bandra,54,22200000,1444,99.77,99.6,85
7361,17900000,3,Mumbai,Bandra,6627,22500000,1531,83.96,94.52,52
7362,18200000,3,Mumbai,Powai,5197,22100000,2927,83.36,96.68,72
7363,16500000,5,Mumbai,Thane,9909,11900000,637,76.15,88.56,60
7364,3200000,1,Hyderabad,Gachibowli,8126,20900000,852,96.81,75.77,95
7365,9000000,5,Mumbai,Powai,938,14900000,2346,90.61,85.16,58
7366,4800000,4,Mumbai,Thane,7591,20500000,1347,82.32,60.4,61
7367,5900000,1,Hyderabad,Kondapur,1577,7900000,2281,88.24,88.67,84
7368,9600000,1,Chennai,Anna Nagar,1122,24000000,2539,76.89,76.31,63
7369,5100000,3,Chennai,Velachery,3547,6700000,3579,95.63,92.63,72
7370,17600000,5,Hyderabad,Gachibowli,6474,15100000,2612,94.65,70.99,92
7371,16100000,2,Pune,Wakad,8606,24100000,1015,90.99,82.62,76
7372,12400000,2,Bengaluru,Indiranagar,2923,19100000,1459,80.64,83.23,53
7373,11800000,4,Chennai,Velachery,7525,20800000,2445,99.29,96.67,100
7374,5600000,3,Mumbai,Thane,5760,20700000,3244,88.55,62.32,91
7375,9500000,4,Pune,Hinjewadi,1257,5900000,2672,95.67,84.69,66
7376,16400000,5,Bengaluru,Electronic City,6165,17600000,3338,91.24,66.0,99
7377,3400000,3,Pune,Wakad,6218,11700000,1748,75.14,84.21,92
7378,16300000,3,Bengaluru,HSR Layout,551,18700000,2396,72.78,77.11,83
7379,9800000,1,Hyderabad,Kukatpally,3751,18900000,3901,85.3,65.91,80
7380,13800000,1,Chennai,Velachery,1365,8100000,3102,72.28,98.19,91
7381,13000000,2,Mumbai,Thane,6307,8900000,2908,99.43,62.43,90
7382,15300000,1,Bengaluru,HSR Layout,1868,12400000,1590,90.13,95.84,58
7383,10100000,3,Mumbai,Andheri,8063,18500000,3120,79.28,95.42,72
7384,11300000,1,Chennai,OMR,711,5800000,735,79.31,65.24,98
7385,7000000,4,Mumbai,Thane,7114,6000000,2765,75.54,91.12,50
7386,7100000,3,Pune,Wakad,9135,8300000,2469,74.53,61.99,77
7387,18800000,3,Hyderabad,Kukatpally,1086,17000000,1621,93.6,80.58,98
7388,15800000,4,Pune,Kharadi,2050,14400000,1766,84.98,96.74,97
7389,4000000,5,Bengaluru,Indiranagar,922,6300000,2843,82.54,89.75,79
7390,16600000,4,Chennai,Velachery,453,15300000,978,96.03,74.79,66
7391,16200000,2,Pune,Hinjewadi,1398,3500000,1818,79.57,93.2,100
7392,7800000,1,Bengaluru,HSR Layout,3877,7400000,2143,79.51,63.57,71
7393,16900000,2,Chennai,Anna Nagar,9983,12000000,3723,79.75,97.76,93
7394,18500000,4,Pune,Hinjewadi,1400,19700000,3545,96.34,91.31,81
7395,11900000,4,Chennai,Adyar,8006,6200000,2077,77.84,75.91,98
7396,16300000,3,Chennai,Adyar,6615,5200000,3905,84.52,74.36,57
7397,5500000,2,Hyderabad,Gachibowli,7356,8200000,2486,86.54,75.94,79
7398,18200000,5,Chennai,OMR,7235,8500000,1715,89.86,73.65,71
7399,14100000,3,Chennai,Adyar,6246,22400000,802,80.31,61.93,50
7400,13900000,2,Chennai,OMR,3710,22100000,3210,95.45,71.7,53
7401,4800000,2,Hyderabad,Kondapur,7437,24400000,843,86.64,95.47,63
7402,14400000,4,Pune,Hinjewadi,8612,18800000,3784,72.77,62.53,89
7403,18700000,5,Hyderabad,Gachibowli,8465,11900000,2692,76.3,87.0,59
7404,17600000,4,Chennai,Anna Nagar,1133,8200000,3792,97.13,89.08,76
7405,5700000,5,Mumbai,Powai,1074,19000000,3494,96.63,74.31,95
7406,15000000,5,Bengaluru,Electronic City,5783,14700000,3214,75.4,61.9,69
7407,19000000,3,Hyderabad,Kondapur,8854,18800000,848,72.89,86.12,97
7408,18400000,2,Hyderabad,Kondapur,9098,3600000,1047,71.42,82.83,58
7409,9100000,3,Chennai,Velachery,9860,12600000,3605,83.3,68.24,98
7410,3500000,2,Hyderabad,Gachibowli,7355,16800000,1219,80.73,83.0,93
7411,4900000,5,Bengaluru,Electronic City,3782,15400000,2000,90.45,70.27,51
7412,11600000,5,Bengaluru,Indiranagar,8078,8100000,880,89.85,64.8,79
7413,9600000,4,Hyderabad,Kukatpally,8519,20300000,1056,90.16,88.05,50
7414,16000000,5,Hyderabad,Gachibowli,283,17000000,3331,72.71,79.32,64
7415,4500000,2,Pune,Kharadi,1677,9100000,3836,93.45,72.77,61
7416,6700000,5,Chennai,Anna Nagar,7138,4700000,3167,81.18,96.74,84
7417,14300000,2,Hyderabad,Madhapur,6157,16100000,2137,82.82,84.56,51
7418,13400000,3,Bengaluru,Electronic City,9281,17600000,2634,80.31,86.37,65
7419,9000000,3,Chennai,Velachery,23,21300000,3477,77.63,82.6,87
7420,10000000,4,Pune,Baner,9509,17900000,2109,88.43,72.77,74
7421,6400000,1,Hyderabad,Kondapur,882,15900000,3937,98.19,72.69,76
7422,8300000,1,Chennai,OMR,7327,20800000,2630,81.35,60.3,57
7423,15900000,4,Bengaluru,Electronic City,2254,13600000,2682,84.57,87.37,52
7424,7200000,1,Hyderabad,Kondapur,546,14300000,701,72.71,74.55,62
7425,9700000,2,Bengaluru,HSR Layout,9088,22100000,1789,91.28,96.63,65
7426,10700000,2,Pune,Baner,3535,24900000,1503,96.02,65.17,74
7427,9900000,2,Chennai,Adyar,3851,13000000,1416,94.47,81.38,74
7428,4400000,2,Bengaluru,Indiranagar,8424,6600000,1132,78.75,82.65,75
7429,13800000,5,Chennai,OMR,4032,21100000,1489,71.37,69.69,60
7430,13200000,2,Hyderabad,Madhapur,1454,16700000,3997,85.71,71.0,89
7431,8700000,2,Hyderabad,Gachibowli,1501,19200000,1220,75.78,75.53,76
7432,17700000,1,Bengaluru,Whitefield,1747,18000000,2514,95.11,93.58,57
7433,9500000,5,Chennai,Velachery,9086,12100000,3638,86.08,80.8,67
7434,7500000,5,Hyderabad,Madhapur,8797,23500000,3633,89.62,82.12,63
7435,17700000,4,Pune,Wakad,4013,7900000,1542,88.58,65.11,84
7436,8700000,5,Pune,Baner,4569,15400000,1034,78.55,69.13,72
7437,14300000,5,Bengaluru,Electronic City,8271,10300000,1619,94.57,83.97,66
7438,6600000,4,Bengaluru,HSR Layout,5143,6000000,2556,92.69,84.88,87
7439,3800000,4,Bengaluru,Electronic City,3963,5000000,3688,78.45,85.64,50
7440,10000000,3,Pune,Kharadi,6030,17900000,1312,91.5,65.98,92
7441,14600000,2,Chennai,OMR,9902,6800000,3935,81.51,63.8,98
7442,4200000,1,Mumbai,Powai,5665,22800000,3437,90.35,70.74,74
7443,18500000,5,Pune,Wakad,684,9900000,1718,84.63,92.17,96
7444,6200000,1,Mumbai,Andheri,2077,12800000,1807,74.75,78.32,96
7445,14700000,2,Hyderabad,Kukatpally,2696,14400000,3877,85.54,70.44,100
7446,14600000,4,Pune,Kharadi,1458,16700000,2068,79.14,77.33,77
7447,15700000,4,Pune,Hinjewadi,8849,6600000,1077,87.67,73.83,60
7448,12300000,5,Mumbai,Thane,8587,19100000,1738,76.08,93.12,78
7449,16200000,2,Pune,Kharadi,9593,10000000,2873,75.79,75.63,96
7450,15500000,4,Pune,Baner,8586,10300000,3293,85.56,81.99,90
7451,14600000,1,Hyderabad,Madhapur,1614,19400000,1266,86.04,74.31,88
7452,19400000,5,Chennai,OMR,6942,9700000,2206,71.83,96.13,89
7453,4100000,2,Hyderabad,Madhapur,7556,13600000,2386,95.6,74.88,88
7454,9000000,5,Chennai,Adyar,4964,19200000,3406,77.33,99.89,72
7455,16200000,1,Mumbai,Andheri,1499,22100000,3894,77.48,87.66,58
7456,3100000,2,Pune,Baner,6922,24000000,3620,74.72,77.08,99
7457,19300000,5,Mumbai,Thane,4739,4200000,2385,94.2,70.92,86
7458,18200000,1,Hyderabad,Madhapur,8761,16500000,3735,87.74,97.38,56
7459,6700000,5,Bengaluru,HSR Layout,5172,17600000,3317,77.19,81.55,62
7460,10600000,4,Hyderabad,Madhapur,6130,24900000,3988,82.49,94.04,87
7461,5400000,1,Pune,Wakad,2188,3800000,1381,85.47,69.67,72
7462,15000000,4,Pune,Kharadi,8918,22800000,2664,92.24,81.94,78
7463,19700000,4,Chennai,Velachery,7399,24800000,3229,70.31,60.74,90
7464,18200000,2,Hyderabad,Kukatpally,2700,11800000,1860,95.8,66.3,56
7465,11700000,2,Mumbai,Bandra,4482,15100000,601,80.19,72.43,91
7466,18800000,2,Bengaluru,Whitefield,329,23800000,3430,98.95,85.22,83
7467,10500000,4,Chennai,OMR,58,7100000,3690,97.08,88.6,74
7468,3300000,2,Mumbai,Bandra,2787,9400000,3293,75.69,85.36,58
7469,18900000,4,Pune,Wakad,740,5700000,1603,78.56,66.57,84
7470,8600000,3,Bengaluru,Whitefield,6181,10300000,2714,85.02,70.44,83
7471,14200000,5,Mumbai,Thane,1640,20100000,3536,73.62,94.05,91
7472,8900000,5,Bengaluru,Indiranagar,8340,4000000,631,85.38,67.16,64
7473,8600000,2,Chennai,OMR,1835,13000000,881,73.38,83.29,79
7474,16200000,2,Hyderabad,Kondapur,7136,6400000,2584,89.27,68.9,94
7475,7900000,2,Hyderabad,Gachibowli,3636,14900000,1805,86.24,82.67,95
7476,13400000,3,Mumbai,Powai,385,17900000,828,74.36,99.48,69
7477,19500000,2,Mumbai,Andheri,7628,9800000,1463,78.46,97.41,59
7478,6000000,4,Hyderabad,Kondapur,4836,13900000,1939,94.08,82.94,61
7479,18500000,3,Pune,Baner,5048,22400000,716,89.71,71.2,95
7480,7900000,2,Chennai,OMR,7879,14800000,2723,75.64,89.6,64
7481,12400000,4,Pune,Wakad,8042,20400000,1526,79.9,63.36,59
7482,8100000,4,Hyderabad,Madhapur,4242,9500000,2548,71.25,66.64,68
7483,9900000,5,Chennai,Anna Nagar,4825,9000000,3931,70.89,82.98,97
7484,10800000,4,Pune,Wakad,5398,4100000,3890,95.49,69.59,50
7485,13900000,1,Mumbai,Bandra,1298,15200000,2267,94.96,60.49,100
7486,9000000,3,Hyderabad,Kondapur,4581,7500000,2612,90.84,77.71,72
7487,18500000,1,Bengaluru,HSR Layout,5838,3600000,3166,88.99,68.17,55
7488,6500000,5,Mumbai,Thane,3190,8700000,3945,83.65,86.49,77
7489,8300000,5,Hyderabad,Gachibowli,4884,22400000,3933,87.5,61.59,75
7490,5800000,3,Pune,Hinjewadi,8213,6700000,607,73.79,68.5,95
7491,8300000,5,Bengaluru,Whitefield,4257,7200000,3306,88.32,73.96,71
7492,9700000,4,Hyderabad,Madhapur,9054,12500000,817,70.37,64.28,81
7493,18200000,2,Pune,Wakad,7562,4000000,1443,80.78,62.32,53
7494,10700000,3,Bengaluru,Electronic City,1196,18500000,2514,75.63,81.2,53
7495,4800000,1,Pune,Wakad,9247,16600000,3118,99.2,87.35,70
7496,4800000,3,Bengaluru,Indiranagar,6869,6200000,2356,83.12,89.35,77
7497,12300000,2,Bengaluru,Electronic City,9185,10100000,3022,96.96,89.02,53
7498,12400000,5,Hyderabad,Gachibowli,8571,24900000,2423,76.41,69.32,85
7499,6100000,3,Mumbai,Thane,7756,4700000,3764,74.54,61.22,73
7500,10700000,5,Hyderabad,Gachibowli,1475,3600000,3820,81.48,70.48,78
7501,8500000,1,Pune,Kharadi,9110,7100000,1758,96.86,92.36,53
7502,12600000,4,Chennai,Adyar,6458,17600000,1202,79.27,61.22,79
7503,19000000,1,Chennai,Velachery,7377,5700000,3675,84.52,98.12,85
7504,18700000,3,Hyderabad,Gachibowli,5774,10100000,3954,88.23,73.79,62
7505,19200000,1,Chennai,Velachery,8410,3600000,1071,92.39,98.66,72
7506,19600000,2,Mumbai,Bandra,1099,18100000,3155,80.02,93.32,54
7507,3700000,5,Pune,Baner,3774,21100000,2252,95.91,61.35,50
7508,4100000,2,Mumbai,Andheri,5618,22900000,2911,86.55,84.35,94
7509,13900000,5,Hyderabad,Gachibowli,8584,16000000,3929,75.25,81.39,81
7510,12700000,4,Bengaluru,Indiranagar,1934,14200000,3773,89.87,89.24,68
7511,9400000,4,Hyderabad,Kondapur,5856,16100000,3522,95.82,77.34,67
7512,11200000,3,Hyderabad,Gachibowli,9730,8500000,2628,86.43,95.78,71
7513,5100000,4,Bengaluru,Electronic City,9847,25000000,3052,90.52,66.53,90
7514,5900000,3,Pune,Baner,8562,7400000,2306,82.94,85.97,54
7515,9200000,5,Bengaluru,Indiranagar,6787,9000000,1570,97.52,77.01,76
7516,16500000,4,Bengaluru,Indiranagar,6046,11400000,3883,75.91,99.55,78
7517,19300000,3,Pune,Wakad,9681,20400000,3057,89.88,77.02,75
7518,7200000,4,Mumbai,Thane,30,18500000,3343,87.65,74.83,86
7519,15500000,1,Mumbai,Thane,9532,15100000,2951,80.5,72.73,57
7520,3300000,5,Chennai,OMR,2884,17200000,3314,95.54,94.59,66
7521,4300000,3,Pune,Kharadi,5884,7400000,2025,79.05,82.14,57
7522,7900000,4,Bengaluru,Indiranagar,869,10600000,3756,92.29,83.91,89
7523,9300000,1,Chennai,Anna Nagar,3454,21200000,895,89.31,87.62,57
7524,14100000,3,Pune,Kharadi,7137,23400000,917,79.36,88.55,87
7525,5500000,3,Pune,Baner,6704,23200000,995,99.52,83.68,50
7526,10100000,2,Pune,Baner,9170,4500000,1714,91.32,66.72,67
7527,4700000,5,Hyderabad,Kondapur,3871,19000000,2962,78.7,79.65,56
7528,12800000,5,Pune,Wakad,281,15400000,1318,92.24,69.03,79
7529,18300000,5,Hyderabad,Kukatpally,1939,23500000,3457,71.87,75.13,78
7530,10000000,5,Hyderabad,Kukatpally,65,20700000,1784,73.17,94.92,96
7531,3600000,1,Mumbai,Powai,7632,22600000,2897,80.88,95.2,86
7532,19000000,2,Mumbai,Andheri,374,19100000,1978,93.03,66.39,95
7533,5500000,5,Pune,Hinjewadi,5709,13600000,899,95.41,65.99,56
7534,18300000,5,Pune,Kharadi,2026,15100000,3160,85.25,71.15,69
7535,12500000,3,Mumbai,Andheri,3434,22900000,2503,86.44,96.2,66
7536,4800000,4,Pune,Hinjewadi,7600,11100000,2277,75.52,71.84,79
7537,14200000,2,Mumbai,Powai,1256,7300000,2244,76.94,65.03,54
7538,6900000,2,Bengaluru,HSR Layout,425,7900000,2533,78.41,78.62,58
7539,5400000,2,Bengaluru,Electronic City,4946,8000000,932,99.17,77.79,76
7540,11000000,3,Mumbai,Andheri,9727,13400000,3740,88.48,90.06,90
7541,7100000,2,Chennai,Anna Nagar,5093,8600000,2806,77.57,87.54,86
7542,17900000,1,Bengaluru,Whitefield,4043,13800000,3457,83.25,75.53,70
7543,19400000,5,Mumbai,Andheri,8574,22500000,2156,98.2,74.76,60
7544,16300000,2,Chennai,OMR,3548,18700000,2344,78.03,87.17,88
7545,4800000,2,Pune,Baner,1226,15800000,1938,75.97,75.01,69
7546,13100000,5,Mumbai,Thane,905,6200000,3331,70.03,97.44,90
7547,14600000,3,Mumbai,Powai,2178,21200000,1917,85.72,66.02,77
7548,13600000,2,Mumbai,Andheri,7957,14500000,909,74.67,79.1,95
7549,6300000,1,Bengaluru,HSR Layout,2802,16900000,1782,73.95,94.82,82
7550,14100000,5,Mumbai,Bandra,2018,18800000,3571,94.87,67.31,52
7551,8200000,3,Hyderabad,Gachibowli,2379,10400000,1489,98.66,78.8,77
7552,10900000,2,Chennai,Velachery,1525,22500000,3669,87.07,85.23,70
7553,13900000,1,Pune,Baner,2832,22300000,870,92.17,67.67,75
7554,17700000,5,Mumbai,Powai,1420,20200000,2512,86.1,60.42,62
7555,12400000,1,Bengaluru,Whitefield,297,17700000,1031,85.92,62.64,84
7556,14500000,4,Pune,Baner,9626,13300000,1445,74.92,94.0,67
7557,4900000,5,Bengaluru,Electronic City,1571,18000000,2924,75.65,84.44,70
7558,19300000,5,Mumbai,Thane,3640,11200000,3282,73.92,75.29,53
7559,19400000,4,Chennai,Velachery,8017,4400000,3425,97.52,69.57,77
7560,18900000,4,Chennai,Velachery,3798,20400000,2245,89.02,62.7,62
7561,4600000,1,Bengaluru,Whitefield,7914,17300000,649,97.18,79.16,99
7562,19700000,5,Mumbai,Thane,7174,10900000,2854,73.1,76.4,80
7563,18600000,3,Hyderabad,Madhapur,9003,22400000,2955,89.16,79.53,53
7564,9100000,3,Bengaluru,Whitefield,5927,10800000,3522,91.53,97.99,73
7565,11300000,1,Chennai,OMR,3454,18000000,2969,97.04,71.92,61
7566,17700000,4,Bengaluru,HSR Layout,9438,4200000,937,92.55,73.13,99
7567,15200000,1,Hyderabad,Kondapur,8386,8500000,829,91.31,87.98,64
7568,14700000,1,Bengaluru,Whitefield,5724,8000000,809,86.95,67.35,62
7569,19600000,4,Pune,Kharadi,345,20200000,2393,86.35,76.45,67
7570,5100000,4,Hyderabad,Kukatpally,1856,24400000,2585,90.2,88.88,56
7571,15900000,5,Bengaluru,Electronic City,4131,11600000,2780,74.86,70.42,68
7572,6000000,4,Chennai,Anna Nagar,9540,7700000,1388,79.67,60.35,92
7573,10600000,5,Mumbai,Thane,9684,24600000,3516,96.86,82.82,83
7574,5800000,1,Pune,Hinjewadi,8840,7200000,2601,73.99,75.01,72
7575,14600000,5,Hyderabad,Gachibowli,7195,8300000,3292,73.94,63.33,93
7576,14700000,1,Hyderabad,Kondapur,3327,21700000,2839,87.86,85.41,88
7577,12900000,1,Chennai,Adyar,4446,11800000,2623,89.46,72.06,59
7578,6200000,1,Hyderabad,Gachibowli,2379,15500000,2782,84.08,77.3,85
7579,11400000,3,Hyderabad,Gachibowli,5774,21800000,2275,94.42,86.32,68
7580,10300000,2,Bengaluru,Indiranagar,6349,3500000,1591,76.73,92.16,78
7581,12400000,3,Mumbai,Andheri,2793,9000000,3854,79.45,69.96,85
7582,19300000,4,Mumbai,Andheri,9470,4600000,2714,86.5,78.11,94
7583,17900000,5,Bengaluru,Electronic City,1014,22700000,1154,99.01,89.18,94
7584,15000000,1,Mumbai,Bandra,115,9300000,2111,89.8,68.64,79
7585,9300000,5,Mumbai,Thane,489,24500000,2556,75.31,90.64,91
7586,8300000,1,Hyderabad,Kukatpally,9275,12200000,2120,72.61,94.58,98
7587,18700000,5,Pune,Kharadi,8326,4100000,2256,87.33,95.75,96
7588,18200000,3,Pune,Baner,6785,10600000,1937,98.9,89.56,62
7589,7300000,3,Pune,Baner,7475,23400000,1669,78.33,91.0,59
7590,3500000,4,Pune,Baner,5552,4400000,2981,97.37,89.99,52
7591,3500000,2,Chennai,Anna Nagar,444,19500000,1525,98.87,85.19,95
7592,20000000,1,Chennai,Velachery,7864,10200000,3852,87.0,73.85,95
7593,12900000,4,Bengaluru,HSR Layout,3520,22100000,1505,75.72,84.26,91
7594,7500000,1,Mumbai,Bandra,8072,12400000,1170,72.53,89.53,59
7595,6300000,3,Chennai,Velachery,5555,7500000,627,80.65,82.4,90
7596,14900000,1,Mumbai,Powai,4684,4400000,2332,73.66,95.57,62
7597,19500000,5,Mumbai,Bandra,1288,18600000,3726,82.8,78.46,86
7598,19300000,4,Pune,Kharadi,8067,22100000,801,93.27,78.67,98
7599,5000000,2,Pune,Hinjewadi,9006,11400000,2328,89.06,67.66,83
7600,16300000,3,Bengaluru,HSR Layout,292,15300000,1728,93.73,80.92,67
7601,7400000,4,Hyderabad,Madhapur,3083,18100000,2928,93.08,62.82,91
7602,12300000,4,Bengaluru,Whitefield,7372,9000000,1319,70.47,60.89,55
7603,14900000,1,Bengaluru,Whitefield,9358,8400000,3055,95.85,67.93,98
7604,17200000,1,Bengaluru,Indiranagar,2413,15700000,2843,74.39,99.82,85
7605,19600000,2,Chennai,Adyar,8470,13700000,910,81.56,69.02,78
7606,5700000,4,Bengaluru,Indiranagar,993,24500000,2380,83.95,94.04,91
7607,12800000,3,Hyderabad,Kondapur,5861,12500000,2985,94.12,81.92,66
7608,11000000,3,Mumbai,Powai,7386,12300000,3998,76.65,97.01,82
7609,14400000,2,Mumbai,Powai,2477,13500000,814,81.83,91.97,66
7610,11400000,4,Chennai,Velachery,8230,4000000,918,73.94,90.62,79
7611,3600000,3,Hyderabad,Gachibowli,2775,18900000,2804,76.12,81.54,58
7612,19900000,3,Mumbai,Powai,6802,5200000,2593,88.03,96.09,79
7613,6900000,3,Pune,Kharadi,2276,18500000,1897,81.8,73.35,78
7614,16200000,5,Bengaluru,Indiranagar,5535,14400000,2089,87.42,84.93,71
7615,3900000,5,Bengaluru,HSR Layout,1329,5700000,1081,78.61,67.16,68
7616,3200000,5,Mumbai,Thane,1047,24900000,1371,84.02,84.38,93
7617,19400000,2,Chennai,Velachery,6076,12700000,1731,78.46,79.37,88
7618,4000000,2,Bengaluru,Whitefield,3443,24000000,1319,94.45,73.04,91
7619,17400000,2,Chennai,Adyar,7889,14100000,2902,76.55,98.37,51
7620,15900000,2,Bengaluru,Whitefield,3636,14400000,3604,74.05,95.82,79
7621,5300000,2,Bengaluru,Indiranagar,3753,7100000,1389,70.01,65.87,60
7622,5700000,2,Pune,Wakad,8730,15000000,3016,78.24,65.31,65
7623,5600000,5,Mumbai,Andheri,9904,8900000,2059,77.8,66.81,73
7624,8400000,1,Mumbai,Thane,5441,21900000,1263,93.33,68.02,63
7625,15700000,5,Bengaluru,Whitefield,7391,10300000,3491,72.1,66.66,92
7626,16800000,4,Bengaluru,Whitefield,8552,16600000,1628,85.33,73.44,88
7627,6100000,3,Pune,Hinjewadi,4343,18900000,2150,85.55,98.86,54
7628,13100000,3,Chennai,Anna Nagar,869,18100000,1476,90.22,89.35,98
7629,9200000,3,Bengaluru,HSR Layout,5968,23300000,2186,72.26,66.23,94
7630,8500000,4,Bengaluru,Indiranagar,2990,17700000,839,71.19,65.38,82
7631,9300000,1,Chennai,OMR,1957,8400000,2817,93.8,75.84,89
7632,7100000,4,Pune,Hinjewadi,6643,3600000,3334,75.16,66.82,67
7633,5300000,3,Mumbai,Powai,4901,20600000,742,78.85,66.12,100
7634,11400000,1,Pune,Wakad,9022,11900000,3992,81.76,80.28,73
7635,6300000,5,Mumbai,Andheri,5749,4600000,1357,74.07,89.96,90
7636,10100000,3,Bengaluru,HSR Layout,8328,12300000,3402,97.08,83.87,73
7637,13600000,3,Mumbai,Powai,9851,21400000,3489,81.34,81.92,94
7638,3100000,3,Pune,Wakad,5402,5400000,2405,84.25,61.37,63
7639,19100000,1,Bengaluru,HSR Layout,7004,22100000,3130,84.12,99.64,99
7640,15900000,5,Chennai,Adyar,8978,22700000,1237,70.41,69.47,96
7641,15900000,3,Chennai,Anna Nagar,900,18300000,2266,98.92,92.52,85
7642,3900000,5,Mumbai,Bandra,7837,24500000,1796,90.17,82.0,89
7643,10000000,3,Mumbai,Andheri,3248,18700000,2726,82.97,90.02,91
7644,3200000,4,Pune,Baner,8253,13400000,2003,78.5,94.28,56
7645,7600000,1,Hyderabad,Kondapur,2493,14700000,2520,96.83,66.33,74
7646,13300000,1,Pune,Kharadi,5943,24800000,811,87.15,94.83,60
7647,4100000,4,Chennai,Adyar,7338,16900000,1325,73.0,79.59,73
7648,16900000,5,Mumbai,Thane,4566,14700000,3628,99.29,96.62,88
7649,16600000,5,Hyderabad,Kondapur,2299,10500000,2310,70.36,69.53,80
7650,14400000,4,Pune,Baner,6251,5500000,2077,78.78,65.91,78
7651,12500000,3,Chennai,OMR,3160,12500000,1188,94.11,79.97,95
7652,9700000,5,Pune,Baner,4877,6700000,1627,80.88,97.17,80
7653,14700000,1,Chennai,Anna Nagar,4816,16100000,3034,96.75,90.23,85
7654,15000000,3,Hyderabad,Gachibowli,8235,11400000,3607,99.83,78.27,60
7655,10800000,1,Mumbai,Andheri,4835,22100000,1823,91.87,88.93,60
7656,18600000,2,Pune,Wakad,6530,21000000,3343,75.16,73.51,99
7657,16800000,5,Pune,Kharadi,8213,22600000,1348,83.13,73.9,54
7658,6500000,4,Hyderabad,Kondapur,3492,9200000,3184,93.28,74.27,65
7659,14900000,4,Chennai,Adyar,3763,10200000,2915,78.24,91.79,53
7660,15500000,2,Hyderabad,Kondapur,1010,18300000,3682,96.97,78.55,71
7661,12200000,3,Bengaluru,Electronic City,1197,15900000,2893,91.65,79.79,88
7662,17500000,1,Hyderabad,Kukatpally,8180,21100000,3133,83.2,93.2,55
7663,19800000,1,Pune,Wakad,2431,10800000,1337,72.87,79.35,57
7664,11300000,1,Pune,Wakad,7741,12800000,3897,73.57,79.25,52
7665,19000000,2,Hyderabad,Kondapur,5088,9900000,3384,81.82,69.47,88
7666,8000000,4,Hyderabad,Madhapur,8721,5600000,2649,83.75,99.28,75
7667,19900000,5,Pune,Kharadi,4284,4400000,1228,98.29,91.45,94
7668,20000000,1,Mumbai,Andheri,9372,16200000,2467,75.57,79.41,75
7669,17000000,5,Hyderabad,Kukatpally,779,13300000,3049,93.4,74.99,52
7670,19500000,1,Bengaluru,Indiranagar,2403,5000000,1043,98.08,73.99,94
7671,10600000,5,Bengaluru,Electronic City,8705,14300000,2051,70.2,72.46,50
7672,15500000,5,Chennai,Velachery,3237,4800000,1694,74.29,95.1,68
7673,14300000,3,Hyderabad,Madhapur,7842,16400000,1205,70.9,97.48,67
7674,8300000,3,Bengaluru,HSR Layout,2051,24800000,3272,95.07,92.66,77
7675,11600000,5,Mumbai,Bandra,4795,9300000,2911,83.49,88.7,100
7676,19200000,4,Chennai,Adyar,6094,21800000,2626,85.22,70.81,87
7677,6000000,3,Bengaluru,Indiranagar,5668,19400000,3033,96.05,68.97,82
7678,4800000,3,Bengaluru,HSR Layout,5909,16700000,3390,81.77,75.58,77
7679,11100000,1,Hyderabad,Kondapur,1803,23000000,743,72.69,69.29,66
7680,19100000,2,Pune,Hinjewadi,704,7600000,2791,78.6,74.92,79
7681,13200000,4,Pune,Kharadi,3254,4500000,3049,70.52,85.95,87
7682,6800000,1,Pune,Baner,9429,16800000,1360,74.2,62.6,92
7683,12900000,3,Mumbai,Powai,8934,17200000,3088,80.13,90.34,84
7684,3700000,2,Bengaluru,HSR Layout,8750,12500000,2889,86.46,76.5,54
7685,7700000,3,Mumbai,Powai,8771,16700000,1954,96.54,82.42,70
7686,12600000,5,Chennai,OMR,9544,17600000,804,99.27,89.58,74
7687,4200000,3,Pune,Kharadi,1391,10900000,1216,93.83,61.82,93
7688,19900000,5,Pune,Kharadi,8007,23100000,1781,89.38,74.34,73
7689,10900000,5,Bengaluru,Electronic City,8453,14800000,2972,92.8,99.38,93
7690,9800000,3,Chennai,Velachery,7265,4300000,2820,89.19,67.1,94
7691,15400000,1,Chennai,Adyar,267,13300000,3014,88.34,87.63,99
7692,4800000,5,Pune,Hinjewadi,6937,8400000,1597,94.15,80.54,63
7693,6700000,1,Mumbai,Bandra,3414,13200000,1911,79.43,74.67,87
7694,4800000,3,Bengaluru,HSR Layout,5845,9800000,2438,83.69,80.08,68
7695,17100000,3,Mumbai,Thane,2849,12300000,2914,78.46,63.4,62
7696,8500000,3,Pune,Wakad,9263,20800000,1711,73.95,67.25,99
7697,15900000,2,Chennai,Anna Nagar,9476,21200000,3804,94.22,74.07,74
7698,12100000,4,Pune,Hinjewadi,9544,9800000,835,92.9,73.18,61
7699,16600000,5,Mumbai,Andheri,2170,16700000,3549,92.13,99.25,86
7700,16500000,1,Bengaluru,Electronic City,3930,16200000,2947,79.28,65.65,95
7701,9600000,3,Bengaluru,Indiranagar,9024,21200000,1886,92.73,97.92,65
7702,17500000,5,Pune,Kharadi,3781,4800000,1786,88.48,64.4,96
7703,8400000,5,Pune,Wakad,3154,23300000,1205,83.62,76.01,80
7704,10400000,3,Chennai,Velachery,4443,22300000,3004,74.99,83.91,82
7705,18100000,5,Bengaluru,Indiranagar,4737,7200000,3784,79.02,89.85,70
7706,7400000,3,Chennai,Velachery,719,9800000,3700,87.57,72.37,94
7707,19400000,1,Hyderabad,Kondapur,3010,4500000,3390,91.87,99.68,68
7708,19800000,5,Pune,Kharadi,6838,17000000,2127,99.04,78.84,85
7709,5000000,2,Hyderabad,Kondapur,5818,22500000,1550,83.04,65.4,74
7710,8400000,3,Chennai,Velachery,8379,11300000,2085,96.63,63.7,65
7711,7000000,2,Chennai,OMR,8986,15700000,2470,74.8,72.38,74
7712,18500000,1,Pune,Hinjewadi,9497,16500000,726,82.6,61.49,68
7713,18300000,5,Bengaluru,Whitefield,8865,15100000,3635,75.98,91.27,76
7714,9700000,1,Mumbai,Thane,5665,19900000,1336,70.29,90.98,68
7715,16800000,3,Chennai,Velachery,4409,11600000,1070,73.12,86.26,82
7716,19100000,2,Pune,Hinjewadi,7014,7000000,2533,83.47,80.51,82
7717,10100000,1,Chennai,Velachery,408,5400000,1335,88.91,97.17,66
7718,9700000,1,Chennai,Anna Nagar,6880,18200000,2772,96.7,70.28,87
7719,17400000,5,Hyderabad,Kondapur,6463,15000000,2628,73.93,79.59,64
7720,3300000,3,Bengaluru,Whitefield,7555,18800000,3438,94.19,82.94,82
7721,6700000,3,Hyderabad,Kukatpally,6405,7300000,1812,94.91,90.02,62
7722,6300000,5,Bengaluru,Electronic City,8772,10200000,3762,76.1,63.52,86
7723,11400000,5,Mumbai,Thane,7438,8600000,1317,76.53,93.22,52
7724,4900000,4,Bengaluru,HSR Layout,2282,19300000,1334,87.3,83.74,57
7725,11000000,3,Hyderabad,Gachibowli,3497,5000000,2477,97.51,86.09,94
7726,13700000,3,Hyderabad,Gachibowli,2754,8100000,3787,80.03,68.68,67
7727,10300000,4,Chennai,Velachery,6215,10000000,3606,99.81,78.94,73
7728,11400000,5,Chennai,Velachery,9139,16700000,3996,94.32,60.1,95
7729,7900000,4,Mumbai,Thane,7543,18500000,1161,98.32,66.35,63
7730,12700000,2,Pune,Baner,9085,20700000,3696,90.54,81.22,78
7731,14900000,3,Bengaluru,Whitefield,1055,8800000,1560,79.3,99.38,73
7732,10000000,1,Hyderabad,Gachibowli,596,10400000,3122,88.51,66.97,82
7733,15500000,3,Mumbai,Thane,7563,19800000,2456,98.32,73.71,69
7734,3800000,2,Mumbai,Powai,8003,9100000,2005,92.27,76.59,71
7735,19400000,3,Hyderabad,Kondapur,5122,13900000,3649,97.8,94.73,100
7736,17800000,1,Chennai,Anna Nagar,4563,15100000,1991,73.16,61.12,96
7737,17500000,2,Bengaluru,Indiranagar,1486,23900000,788,82.33,92.51,85
7738,9500000,1,Bengaluru,Whitefield,3728,3900000,946,96.3,82.68,79
7739,19700000,3,Chennai,Adyar,2730,17600000,1381,96.44,71.76,82
7740,10500000,2,Mumbai,Bandra,3212,9600000,4000,99.11,69.44,67
7741,13400000,4,Hyderabad,Kondapur,429,11800000,3202,72.9,68.4,81
7742,18100000,3,Mumbai,Thane,670,11800000,2103,90.91,71.39,75
7743,18700000,5,Chennai,OMR,9034,17700000,1114,95.88,96.25,73
7744,16200000,4,Pune,Kharadi,2466,6900000,2619,87.9,71.82,58
7745,18600000,4,Hyderabad,Kukatpally,3155,8400000,3127,70.11,82.31,99
7746,16200000,2,Hyderabad,Madhapur,1471,23000000,1058,94.97,66.09,87
7747,12100000,2,Mumbai,Andheri,2126,11700000,1882,97.57,68.52,57
7748,6900000,3,Mumbai,Bandra,7111,14700000,3832,90.3,86.75,74
7749,4000000,5,Mumbai,Powai,1760,13800000,2042,77.44,72.84,100
7750,9100000,1,Chennai,Adyar,8471,13100000,800,77.06,69.14,95
7751,5100000,5,Chennai,Velachery,1656,9600000,764,82.55,87.38,55
7752,11200000,2,Chennai,Anna Nagar,500,12900000,2198,76.24,88.35,72
7753,11900000,4,Chennai,Anna Nagar,4558,21100000,2420,75.37,81.65,97
7754,19800000,2,Hyderabad,Gachibowli,9757,24900000,2611,85.83,91.96,81
7755,11600000,3,Mumbai,Thane,995,10600000,2742,76.55,91.55,66
7756,7800000,1,Pune,Baner,1878,13000000,657,92.73,73.69,71
7757,3000000,3,Bengaluru,Whitefield,3979,19900000,3072,74.26,99.74,58
7758,11900000,4,Hyderabad,Kondapur,5858,6000000,646,98.08,68.88,93
7759,3300000,4,Pune,Baner,9728,7300000,2790,77.36,65.49,59
7760,13600000,5,Pune,Wakad,1421,22800000,891,93.18,89.37,62
7761,18200000,2,Pune,Wakad,8340,20200000,1934,72.3,80.75,53
7762,4400000,4,Pune,Baner,1222,5100000,1787,81.77,98.99,59
7763,15900000,2,Chennai,OMR,1173,9200000,2804,78.7,80.84,88
7764,9700000,2,Mumbai,Thane,732,13600000,2022,87.3,93.31,59
7765,19700000,1,Bengaluru,HSR Layout,9611,17900000,1344,87.0,89.74,64
7766,16800000,3,Pune,Baner,8543,6100000,2722,94.11,64.94,72
7767,10000000,5,Chennai,Anna Nagar,8098,3600000,2314,93.88,63.85,100
7768,10300000,2,Chennai,Adyar,1575,11900000,3051,91.17,72.68,72
7769,4100000,2,Hyderabad,Kondapur,6347,18500000,1435,86.16,68.55,88
7770,4200000,5,Mumbai,Andheri,9384,6200000,3966,71.39,60.55,85
7771,10100000,3,Chennai,Adyar,981,14300000,2560,90.81,81.03,67
7772,5000000,2,Bengaluru,Electronic City,4847,9500000,836,82.61,81.64,80
7773,16100000,3,Pune,Hinjewadi,3768,20500000,1677,74.28,83.41,73
7774,8800000,2,Chennai,OMR,7520,9300000,2423,93.74,67.98,100
7775,4000000,5,Hyderabad,Kondapur,7123,13500000,1425,73.29,74.03,75
7776,19900000,1,Bengaluru,Electronic City,8460,11300000,781,78.64,97.4,97
7777,19900000,4,Bengaluru,HSR Layout,5693,5500000,3479,76.62,81.21,52
7778,6400000,1,Chennai,Velachery,8287,21800000,3531,87.95,73.43,73
7779,9400000,2,Bengaluru,HSR Layout,1084,21000000,3074,70.75,79.72,53
7780,12500000,3,Mumbai,Thane,929,20200000,3488,79.23,79.03,51
7781,8500000,5,Hyderabad,Kukatpally,4564,11800000,1554,92.19,82.99,51
7782,18800000,3,Pune,Baner,5859,16800000,1779,90.22,91.44,73
7783,13300000,5,Pune,Hinjewadi,4629,8300000,3883,85.31,99.05,57
7784,17800000,5,Bengaluru,Whitefield,1969,23300000,1592,86.56,60.64,91
7785,4900000,1,Bengaluru,Indiranagar,8524,20000000,1525,83.12,69.83,94
7786,19600000,3,Mumbai,Bandra,698,21600000,2488,75.1,84.1,82
7787,11800000,3,Bengaluru,Electronic City,5616,15000000,1439,72.57,64.64,50
7788,9500000,1,Mumbai,Bandra,601,5900000,1929,99.06,67.21,75
7789,15600000,3,Mumbai,Powai,334,4300000,1623,90.89,61.37,100
7790,11700000,1,Chennai,OMR,7656,12800000,3027,94.83,74.6,61
7791,18800000,5,Bengaluru,HSR Layout,6516,13700000,974,91.16,70.06,79
7792,15300000,1,Chennai,Adyar,8258,19400000,3214,74.02,72.51,79
7793,18300000,2,Bengaluru,Whitefield,323,20500000,1871,89.41,88.28,89
7794,5400000,4,Mumbai,Powai,5548,14900000,2703,76.0,77.66,74
7795,20000000,1,Hyderabad,Gachibowli,4697,21800000,1518,88.48,93.25,75
7796,16300000,1,Chennai,Anna Nagar,4216,23400000,3575,85.77,95.73,82
7797,6600000,1,Hyderabad,Kondapur,7510,23900000,1241,80.37,77.82,84
7798,4900000,1,Hyderabad,Madhapur,1250,8600000,1017,71.23,60.54,64
7799,9500000,1,Bengaluru,Indiranagar,4182,16400000,2603,91.1,93.84,76
7800,12000000,4,Mumbai,Powai,1971,10000000,2148,96.88,90.56,53
7801,12100000,2,Pune,Baner,6255,12200000,1477,92.07,80.29,74
7802,7400000,2,Pune,Wakad,7045,10300000,1072,82.95,67.33,94
7803,4700000,5,Hyderabad,Madhapur,1315,4000000,3729,73.0,96.27,61
7804,6200000,4,Pune,Kharadi,4418,4100000,1727,84.93,64.34,50
7805,3400000,2,Pune,Baner,4007,14400000,3498,75.61,80.3,81
7806,14200000,4,Chennai,Adyar,5007,9700000,1515,83.84,69.06,67
7807,8200000,2,Mumbai,Andheri,8729,12000000,1345,84.21,65.14,97
7808,19400000,5,Bengaluru,Electronic City,7574,12900000,2107,99.15,70.2,83
7809,5700000,4,Mumbai,Bandra,4584,23000000,984,79.92,75.63,95
7810,4700000,2,Bengaluru,HSR Layout,1530,19200000,2118,96.7,69.07,97
7811,4100000,4,Mumbai,Bandra,2957,23700000,748,72.02,91.26,79
7812,3500000,5,Pune,Kharadi,713,6800000,3953,84.83,94.72,71
7813,18300000,4,Chennai,Adyar,1787,13600000,2885,71.32,83.48,66
7814,16500000,1,Pune,Hinjewadi,3054,6000000,3734,96.09,62.14,51
7815,8900000,2,Chennai,OMR,681,9600000,894,70.79,60.39,51
7816,17000000,5,Hyderabad,Kukatpally,1918,23600000,3519,99.86,62.42,89
7817,5300000,1,Bengaluru,Whitefield,4845,20100000,2607,91.72,69.57,72
7818,5900000,5,Pune,Hinjewadi,1151,9500000,3284,94.65,71.18,77
7819,18800000,1,Chennai,OMR,6286,4300000,1759,92.68,68.9,80
7820,19200000,3,Mumbai,Bandra,6290,3700000,1008,86.3,64.93,60
7821,9800000,4,Bengaluru,Whitefield,7605,4700000,614,75.56,69.51,60
7822,19500000,1,Pune,Kharadi,6026,20700000,2662,78.2,66.16,99
7823,17600000,4,Hyderabad,Gachibowli,1702,20000000,3762,97.19,74.6,56
7824,10200000,1,Mumbai,Andheri,3062,5100000,1259,90.41,66.21,91
7825,9100000,4,Hyderabad,Madhapur,1788,13900000,3820,70.64,82.61,57
7826,17500000,4,Chennai,OMR,8602,23000000,3728,79.32,70.14,59
7827,18700000,4,Bengaluru,Whitefield,9678,21200000,2781,88.28,79.89,53
7828,6300000,2,Mumbai,Thane,9873,22200000,3659,79.54,91.9,91
7829,18900000,1,Hyderabad,Kukatpally,5505,21000000,2466,86.58,84.4,81
7830,9400000,2,Mumbai,Powai,22,21000000,3628,85.69,76.11,95
7831,15100000,4,Chennai,Adyar,2949,21000000,2254,88.14,60.56,63
7832,13000000,3,Hyderabad,Kondapur,1347,21900000,1911,76.4,62.07,57
7833,12700000,2,Bengaluru,HSR Layout,9156,22000000,1660,91.36,94.33,55
7834,5600000,1,Chennai,Adyar,1048,21500000,631,78.59,83.05,58
7835,10500000,1,Hyderabad,Kukatpally,4189,4700000,2841,86.26,81.36,71
7836,5700000,2,Hyderabad,Gachibowli,1835,17700000,2680,81.71,75.21,88
7837,13600000,1,Hyderabad,Kukatpally,8718,5100000,3027,82.19,77.35,96
7838,13000000,1,Mumbai,Bandra,7963,17900000,3220,73.37,66.84,54
7839,10500000,3,Mumbai,Powai,6074,15500000,2754,96.21,77.21,90
7840,4000000,2,Mumbai,Thane,1541,20600000,3090,89.94,66.88,62
7841,12400000,4,Hyderabad,Gachibowli,2537,23400000,3042,84.57,67.63,77
7842,12800000,5,Hyderabad,Kukatpally,8106,10700000,3165,98.77,94.37,87
7843,14300000,3,Mumbai,Thane,5938,23500000,2567,73.47,85.99,62
7844,17000000,1,Bengaluru,Indiranagar,1803,9800000,2717,70.5,96.4,67
7845,13300000,1,Chennai,Anna Nagar,713,20900000,1613,88.87,83.11,72
7846,15000000,2,Mumbai,Andheri,7038,10800000,2909,98.62,62.66,81
7847,6600000,5,Mumbai,Powai,9777,22800000,872,72.07,87.45,98
7848,8700000,1,Mumbai,Thane,9490,9600000,1439,97.14,69.54,60
7849,5000000,5,Hyderabad,Madhapur,2024,13700000,3467,74.3,60.44,63
7850,3200000,2,Hyderabad,Kondapur,2877,12500000,611,81.5,97.91,57
7851,14400000,5,Mumbai,Thane,6362,7000000,3644,74.52,68.34,67
7852,19900000,5,Chennai,OMR,9356,22200000,2063,96.3,95.18,94
7853,3500000,1,Hyderabad,Kondapur,4385,6600000,2801,85.03,62.84,96
7854,4200000,4,Hyderabad,Madhapur,339,13900000,2124,98.67,67.38,89
7855,15700000,2,Hyderabad,Madhapur,7359,22300000,3666,81.0,67.4,83
7856,16500000,2,Mumbai,Powai,5647,6100000,2419,94.56,96.35,64
7857,4600000,5,Mumbai,Andheri,1710,14100000,3710,80.83,62.32,61
7858,8300000,2,Bengaluru,Indiranagar,1414,4600000,3315,93.89,91.29,65
7859,14700000,1,Bengaluru,Indiranagar,8150,14700000,3494,92.83,62.17,66
7860,19100000,1,Bengaluru,Electronic City,8208,5800000,3597,80.1,60.29,76
7861,17400000,1,Pune,Baner,5532,5500000,2545,87.54,99.67,98
7862,17900000,3,Bengaluru,HSR Layout,7590,4900000,2629,76.02,87.76,69
7863,13000000,2,Mumbai,Andheri,5461,24400000,3883,79.75,74.74,86
7864,3900000,3,Hyderabad,Gachibowli,2238,18900000,3098,76.13,67.86,76
7865,14400000,5,Bengaluru,Indiranagar,1856,24900000,1398,75.11,70.63,84
7866,12900000,1,Hyderabad,Kondapur,9991,8700000,2861,71.71,62.52,93
7867,19700000,3,Chennai,Adyar,2709,9300000,3844,76.32,71.15,58
7868,13000000,3,Chennai,Velachery,9465,18300000,3928,95.39,68.24,66
7869,16700000,1,Chennai,Anna Nagar,8543,13800000,2250,87.26,99.42,71
7870,19700000,3,Hyderabad,Madhapur,362,7900000,1132,80.95,83.46,54
7871,12600000,3,Chennai,Adyar,7960,8100000,3985,86.99,75.95,89
7872,19600000,1,Mumbai,Bandra,9603,12700000,3858,82.56,78.01,74
7873,3600000,5,Hyderabad,Kukatpally,6376,5700000,2693,81.5,85.91,85
7874,11300000,4,Chennai,Adyar,9566,9300000,967,77.82,65.59,64
7875,6700000,2,Bengaluru,HSR Layout,7994,6400000,1146,99.4,94.57,89
7876,5800000,4,Mumbai,Bandra,6169,7900000,916,77.02,68.99,67
7877,11700000,3,Pune,Hinjewadi,6347,16600000,1934,98.48,66.59,58
7878,19700000,4,Bengaluru,Electronic City,3984,20100000,2950,73.18,75.09,63
7879,12600000,4,Bengaluru,HSR Layout,871,16500000,1659,98.65,60.96,57
7880,12400000,5,Mumbai,Thane,8514,22800000,2573,85.31,87.05,91
7881,19500000,3,Chennai,Anna Nagar,2057,10300000,2597,98.35,64.87,99
7882,8200000,2,Hyderabad,Madhapur,7486,4000000,3460,88.92,65.48,70
7883,20000000,5,Bengaluru,Electronic City,9972,24300000,3555,71.3,65.98,90
7884,18400000,5,Mumbai,Powai,7037,13200000,3338,80.97,71.86,79
7885,8500000,3,Chennai,Adyar,6199,6400000,1395,94.97,88.05,72
7886,12700000,4,Chennai,Adyar,2812,19100000,2228,75.04,98.29,74
7887,4100000,2,Pune,Baner,2132,19700000,3347,70.16,79.28,61
7888,5100000,5,Bengaluru,HSR Layout,5756,19900000,2630,88.42,68.79,90
7889,16600000,4,Chennai,OMR,1574,19000000,2208,93.05,75.21,81
7890,10300000,3,Hyderabad,Kondapur,3309,5000000,959,75.36,84.84,90
7891,17500000,1,Pune,Wakad,8734,24400000,2495,75.66,75.48,61
7892,7600000,4,Bengaluru,Indiranagar,3827,5800000,2115,70.47,65.93,99
7893,17800000,5,Pune,Hinjewadi,5517,3600000,967,79.48,87.97,88
7894,9400000,5,Chennai,Adyar,2425,14800000,1371,86.4,61.35,80
7895,7700000,2,Hyderabad,Gachibowli,9894,17300000,2042,98.62,67.15,77
7896,6500000,3,Pune,Kharadi,8039,13200000,1000,92.27,85.54,95
7897,12000000,3,Hyderabad,Gachibowli,4821,7100000,2005,76.86,60.16,81
7898,19600000,3,Pune,Wakad,2737,12000000,2457,78.55,62.15,80
7899,7900000,1,Mumbai,Andheri,4595,20200000,2964,98.61,68.02,54
7900,19500000,2,Pune,Kharadi,1164,10800000,1935,93.61,99.04,67
7901,9300000,2,Bengaluru,Indiranagar,1249,12200000,2287,81.3,96.42,93
7902,3100000,1,Hyderabad,Kukatpally,7386,21400000,3426,72.97,91.38,64
7903,7600000,1,Bengaluru,Whitefield,2909,18700000,1300,78.72,97.29,76
7904,5800000,1,Hyderabad,Kondapur,954,8500000,2324,97.99,74.93,86
7905,8600000,5,Hyderabad,Madhapur,1118,16200000,1149,93.4,88.01,76
7906,5400000,1,Pune,Baner,2302,14500000,1522,77.0,67.5,60
7907,20000000,2,Mumbai,Powai,5520,10300000,1974,97.67,64.62,99
7908,3100000,3,Bengaluru,Whitefield,3784,16900000,2407,88.08,68.76,88
7909,4400000,5,Chennai,OMR,5125,13900000,3361,76.2,64.73,55
7910,5900000,3,Hyderabad,Madhapur,6763,23200000,3418,84.53,60.94,97
7911,8700000,2,Bengaluru,Electronic City,6862,8700000,763,72.54,60.07,55
7912,4100000,4,Mumbai,Andheri,7138,3700000,1954,87.45,61.9,78
7913,18600000,3,Chennai,Anna Nagar,917,11600000,2557,89.3,96.91,65
7914,11300000,2,Mumbai,Bandra,280,17600000,3934,88.98,98.4,84
7915,7900000,4,Chennai,Adyar,7672,17900000,3863,75.3,74.31,77
7916,16300000,4,Hyderabad,Gachibowli,3930,18300000,3360,78.3,95.83,100
7917,3700000,1,Pune,Hinjewadi,3758,22500000,2604,84.61,95.3,93
7918,11000000,1,Mumbai,Powai,2505,5400000,3511,78.27,79.53,73
7919,3100000,1,Chennai,OMR,7933,23400000,3452,99.64,87.6,91
7920,7500000,5,Bengaluru,Whitefield,5404,24200000,2866,83.18,68.5,67
7921,10400000,1,Pune,Kharadi,3050,18900000,1711,89.88,99.21,63
7922,15500000,2,Bengaluru,Electronic City,4147,17300000,2993,92.38,81.67,62
7923,12600000,3,Hyderabad,Madhapur,1346,17300000,776,98.25,68.74,50
7924,15000000,5,Chennai,Adyar,9364,22100000,991,81.88,79.55,77
7925,11200000,5,Chennai,Adyar,7757,17200000,901,77.75,68.69,85
7926,7300000,1,Bengaluru,Indiranagar,2529,16400000,1897,82.06,68.02,87
7927,12200000,5,Mumbai,Bandra,5419,9800000,729,90.76,71.38,53
7928,4500000,5,Hyderabad,Madhapur,1444,4800000,1946,76.53,72.2,87
7929,14200000,2,Mumbai,Thane,9858,4000000,2848,94.32,86.76,88
7930,17500000,2,Mumbai,Bandra,9408,24900000,1225,82.15,99.63,50
7931,10000000,4,Bengaluru,Electronic City,3041,18700000,3491,75.45,70.62,50
7932,14200000,4,Chennai,Velachery,7987,8300000,2838,96.85,99.94,92
7933,16100000,5,Chennai,Velachery,5475,22100000,846,99.1,93.66,61
7934,6300000,1,Bengaluru,Whitefield,9221,12500000,889,97.81,76.81,95
7935,15500000,1,Hyderabad,Kondapur,5866,6900000,1422,70.8,86.38,85
7936,3800000,4,Pune,Kharadi,8045,24100000,2405,99.89,64.05,67
7937,13100000,5,Pune,Hinjewadi,4434,18100000,1798,95.91,73.97,85
7938,15600000,2,Pune,Wakad,4141,15000000,1256,97.92,70.07,67
7939,14800000,3,Mumbai,Bandra,1190,5900000,1544,83.54,89.99,67
7940,17400000,1,Hyderabad,Kondapur,4883,17500000,876,77.18,81.55,50
7941,15700000,2,Chennai,Adyar,9070,9500000,1479,76.26,69.4,59
7942,12900000,4,Chennai,Velachery,7331,5700000,2724,95.61,71.92,93
7943,13000000,4,Hyderabad,Kukatpally,6547,24400000,3657,85.97,70.48,92
7944,3200000,3,Bengaluru,HSR Layout,2185,14100000,1332,73.48,81.79,55
7945,9500000,1,Chennai,Anna Nagar,437,20200000,3971,87.43,83.76,58
7946,13500000,1,Bengaluru,HSR Layout,7226,19000000,2200,79.63,61.95,67
7947,11300000,1,Bengaluru,Whitefield,3218,22300000,3865,83.53,94.6,77
7948,7300000,3,Mumbai,Andheri,5632,24800000,2536,85.87,87.65,57
7949,15900000,2,Chennai,OMR,9508,9900000,1998,93.69,77.61,63
7950,4500000,2,Chennai,OMR,2690,5800000,3569,83.01,69.71,79
7951,17500000,4,Pune,Hinjewadi,2911,4000000,2979,96.95,72.36,57
7952,16400000,4,Hyderabad,Kukatpally,5588,15600000,1994,75.93,63.14,56
7953,18000000,4,Pune,Hinjewadi,1091,9600000,2512,93.64,97.54,96
7954,18000000,3,Chennai,OMR,6440,6400000,2180,81.54,61.14,60
7955,16600000,2,Bengaluru,HSR Layout,1878,13100000,3927,79.36,92.51,88
7956,17200000,2,Mumbai,Thane,2639,15400000,2457,85.18,76.5,74
7957,18100000,5,Hyderabad,Gachibowli,8295,13300000,2545,91.7,88.21,53
7958,4700000,2,Mumbai,Andheri,2419,24200000,3605,79.16,87.02,98
7959,3800000,3,Hyderabad,Gachibowli,7015,22700000,1882,97.14,83.28,88
7960,6900000,4,Pune,Hinjewadi,1532,17000000,1060,91.32,84.9,74
7961,13500000,1,Bengaluru,Indiranagar,184,7000000,661,87.41,95.26,97
7962,19600000,1,Bengaluru,Indiranagar,4502,13800000,2069,73.2,62.45,52
7963,17800000,4,Chennai,Adyar,4978,17200000,3332,75.8,92.25,87
7964,9500000,1,Chennai,Adyar,8146,21500000,2521,85.44,82.73,92
7965,18900000,2,Pune,Baner,7253,9800000,620,82.18,64.05,81
7966,3900000,2,Chennai,OMR,8832,5300000,1621,82.53,61.7,74
7967,15500000,4,Mumbai,Thane,7892,12300000,1558,72.62,98.05,71
7968,9600000,4,Chennai,Anna Nagar,2602,10500000,1904,82.25,80.75,68
7969,11800000,2,Hyderabad,Kondapur,5252,16100000,2807,99.85,82.06,64
7970,6000000,2,Mumbai,Andheri,6320,12000000,3805,88.5,93.94,70
7971,15100000,5,Bengaluru,Whitefield,6145,14500000,2815,86.01,96.18,84
7972,15000000,1,Pune,Hinjewadi,2796,12200000,3614,76.77,93.47,83
7973,18300000,2,Bengaluru,Whitefield,6755,21300000,2747,90.52,64.9,83
7974,12000000,5,Pune,Hinjewadi,9958,17900000,3482,84.04,80.95,88
7975,11400000,1,Chennai,Adyar,3255,23000000,1787,87.27,71.56,98
7976,19400000,4,Hyderabad,Madhapur,9567,17500000,3223,98.74,78.87,73
7977,17300000,2,Mumbai,Andheri,9537,4100000,1777,88.82,66.27,80
7978,17800000,5,Pune,Kharadi,6628,12900000,1340,75.94,65.48,73
7979,16100000,1,Pune,Wakad,7928,24600000,956,83.77,92.42,55
7980,18200000,5,Chennai,Velachery,3535,13800000,1961,89.29,94.05,69
7981,8300000,1,Hyderabad,Kondapur,7466,11500000,1898,85.36,79.54,54
7982,8200000,2,Bengaluru,Electronic City,9475,13000000,3625,99.17,69.18,74
7983,6400000,2,Mumbai,Powai,9561,17100000,3286,78.04,98.59,60
7984,12200000,2,Mumbai,Andheri,5970,4700000,924,77.01,99.21,60
7985,19300000,4,Mumbai,Bandra,7812,17900000,2275,94.03,66.55,97
7986,18100000,5,Bengaluru,Indiranagar,2425,20600000,2682,89.34,80.41,82
7987,4600000,4,Bengaluru,Whitefield,638,14500000,3485,95.18,70.65,94
7988,16500000,3,Pune,Kharadi,7941,7200000,856,95.62,64.72,98
7989,11000000,4,Mumbai,Powai,1737,17100000,1767,82.67,97.59,59
7990,18000000,3,Hyderabad,Madhapur,6121,20700000,2979,85.34,94.34,98
7991,6900000,3,Hyderabad,Kukatpally,2337,16000000,3883,74.62,66.35,87
7992,16000000,1,Bengaluru,HSR Layout,1147,22500000,1400,87.19,68.76,91
7993,18300000,2,Bengaluru,Electronic City,4491,14800000,1506,92.39,97.06,70
7994,16600000,4,Hyderabad,Kukatpally,9275,3500000,1789,76.58,95.46,80
7995,4200000,5,Hyderabad,Madhapur,6347,9500000,667,70.35,90.3,98
7996,5400000,2,Bengaluru,Whitefield,5867,21100000,2651,89.78,74.93,98
7997,4600000,1,Pune,Wakad,1478,11300000,3488,80.05,94.79,75
7998,19000000,1,Chennai,Velachery,9135,7600000,1666,95.76,78.98,55
7999,11700000,3,Hyderabad,Madhapur,7596,22000000,674,82.89,65.45,69
8000,15800000,4,Hyderabad,Madhapur,8861,12800000,1900,94.35,80.7,68
8001,14100000,1,Hyderabad,Madhapur,9112,18900000,1511,85.34,94.52,90
8002,10000000,4,Chennai,OMR,9615,18100000,2126,94.07,84.19,70
8003,17900000,5,Hyderabad,Gachibowli,9116,11000000,1262,72.42,87.44,56
8004,6500000,2,Pune,Kharadi,1207,22800000,3158,83.32,93.36,73
8005,13700000,3,Hyderabad,Kondapur,6948,21900000,2542,97.0,68.9,88
8006,9500000,5,Hyderabad,Gachibowli,4723,21400000,2465,70.84,93.73,92
8007,14700000,4,Chennai,Velachery,6073,16900000,3495,86.18,83.94,65
8008,9600000,3,Chennai,Velachery,7994,15100000,656,83.84,75.45,62
8009,14000000,4,Mumbai,Thane,1003,4000000,1192,85.11,71.85,85
8010,11500000,1,Mumbai,Thane,5418,17000000,957,79.36,94.05,88
8011,19100000,3,Chennai,Anna Nagar,5864,22500000,1846,88.75,89.12,96
8012,13100000,1,Chennai,Anna Nagar,7977,9000000,3743,80.61,85.32,68
8013,13800000,3,Chennai,Velachery,2222,17400000,2925,96.53,62.6,95
8014,5700000,4,Pune,Baner,6900,12500000,2134,98.51,83.27,54
8015,18000000,2,Chennai,OMR,4690,22700000,1295,98.81,69.64,91
8016,9800000,4,Mumbai,Thane,677,22700000,808,77.32,66.21,67
8017,19600000,1,Chennai,Anna Nagar,9562,14900000,2988,70.18,88.36,60
8018,10800000,4,Hyderabad,Madhapur,1642,18900000,1940,80.07,95.82,91
8019,10800000,2,Pune,Kharadi,9583,5800000,3959,85.37,85.24,83
8020,7600000,4,Bengaluru,Indiranagar,9621,13800000,3247,84.49,65.81,97
8021,18400000,2,Hyderabad,Kukatpally,8730,16600000,1263,78.83,83.43,82
8022,8600000,3,Pune,Baner,5977,7800000,2716,93.41,93.36,70
8023,11300000,1,Mumbai,Andheri,6293,9300000,2547,86.4,90.36,100
8024,3400000,5,Pune,Hinjewadi,5528,20700000,2969,80.52,78.52,68
8025,3400000,2,Pune,Kharadi,7193,14600000,877,98.34,60.32,83
8026,13600000,2,Chennai,Adyar,6826,7200000,3739,76.96,67.72,82
8027,6700000,4,Chennai,OMR,8156,13400000,843,88.62,67.55,78
8028,16800000,3,Chennai,Anna Nagar,8874,21200000,1032,79.57,64.59,92
8029,3600000,3,Chennai,Velachery,3276,17700000,1072,99.8,63.96,95
8030,15500000,1,Pune,Hinjewadi,6121,18000000,1776,84.24,60.22,64
8031,17200000,2,Hyderabad,Gachibowli,6762,11800000,3585,86.18,86.23,78
8032,16400000,2,Pune,Baner,1684,20800000,2207,79.84,95.04,67
8033,19500000,3,Chennai,OMR,869,23700000,1436,98.47,77.81,64
8034,8800000,5,Pune,Wakad,1558,22500000,3533,77.42,64.37,60
8035,5000000,4,Hyderabad,Kondapur,4882,14600000,736,73.14,70.36,73
8036,8000000,2,Chennai,Anna Nagar,6834,24200000,2541,86.89,98.27,52
8037,4300000,1,Hyderabad,Madhapur,9997,17500000,1074,98.9,66.84,88
8038,18700000,1,Mumbai,Andheri,7941,16000000,3079,71.77,70.29,62
8039,16500000,5,Bengaluru,HSR Layout,5558,11900000,3040,84.66,77.79,72
8040,3500000,3,Chennai,OMR,7918,17100000,829,71.79,86.68,72
8041,12200000,5,Bengaluru,HSR Layout,4586,4400000,1776,79.33,89.19,90
8042,10100000,5,Chennai,OMR,1691,4400000,1676,78.96,98.97,68
8043,6900000,3,Hyderabad,Gachibowli,4933,6400000,1312,90.16,77.05,96
8044,5900000,5,Mumbai,Powai,3460,20500000,2840,99.56,95.08,89
8045,16100000,3,Pune,Baner,4643,18900000,967,70.58,89.64,62
8046,7400000,5,Bengaluru,Whitefield,2111,11600000,2026,77.56,87.18,50
8047,5200000,3,Hyderabad,Kukatpally,5867,6600000,1886,94.49,96.36,95
8048,17400000,4,Chennai,Adyar,7576,11600000,2877,74.17,70.93,81
8049,13600000,2,Pune,Hinjewadi,3607,15400000,1583,88.64,60.73,53
8050,18500000,1,Bengaluru,Indiranagar,8750,20700000,3707,83.37,70.1,89
8051,9000000,1,Chennai,Anna Nagar,1392,19400000,1324,89.73,71.08,76
8052,16100000,3,Hyderabad,Madhapur,1351,16400000,3019,77.47,94.47,72
8053,6800000,5,Chennai,Adyar,1647,3600000,2268,88.9,62.37,79
8054,9600000,3,Pune,Baner,7331,7200000,1329,99.83,68.78,60
8055,3200000,1,Chennai,OMR,9330,13700000,3988,95.92,97.77,56
8056,3100000,4,Hyderabad,Kukatpally,6532,9200000,2934,72.1,61.17,75
8057,9800000,4,Mumbai,Powai,2230,22000000,3177,83.15,76.11,93
8058,15300000,4,Bengaluru,Whitefield,8441,11300000,3252,95.69,71.74,88
8059,19100000,4,Chennai,OMR,3330,19900000,748,72.18,72.57,86
8060,3300000,5,Bengaluru,Indiranagar,1084,23900000,1662,91.4,83.13,53
8061,12700000,5,Pune,Kharadi,9373,9100000,1278,96.33,99.64,77
8062,4300000,4,Pune,Hinjewadi,7454,24000000,996,71.53,85.78,72
8063,9800000,5,Hyderabad,Kondapur,5878,22400000,1360,76.05,78.93,63
8064,19900000,1,Mumbai,Andheri,2364,5700000,982,77.22,64.51,67
8065,12400000,1,Bengaluru,Whitefield,9696,5900000,1711,72.97,61.81,92
8066,9100000,5,Bengaluru,HSR Layout,2280,5400000,3207,70.17,71.46,51
8067,16400000,4,Pune,Wakad,263,16800000,1072,89.67,77.27,89
8068,9400000,5,Chennai,OMR,9952,15000000,2483,98.58,77.82,97
8069,14600000,3,Pune,Baner,106,3800000,1047,87.5,82.79,99
8070,17500000,3,Chennai,OMR,323,20600000,3634,83.02,79.44,63
8071,8900000,3,Hyderabad,Kukatpally,5169,22600000,713,88.65,86.15,85
8072,9500000,3,Bengaluru,Electronic City,7526,13100000,2649,85.14,71.84,73
8073,15300000,3,Mumbai,Andheri,3248,9300000,610,85.06,88.59,55
8074,19100000,4,Bengaluru,HSR Layout,7511,6100000,637,93.03,73.83,73
8075,3500000,4,Hyderabad,Kondapur,2068,22600000,807,78.69,64.3,95
8076,14900000,1,Pune,Hinjewadi,6506,23100000,2743,97.25,76.21,98
8077,9000000,5,Hyderabad,Madhapur,7624,13800000,1237,87.13,63.1,54
8078,7300000,1,Bengaluru,Electronic City,8545,4100000,3589,87.73,73.16,66
8079,4300000,5,Pune,Hinjewadi,9514,15800000,1988,83.3,95.65,58
8080,13100000,4,Mumbai,Thane,2107,8100000,3827,73.64,89.5,91
8081,19800000,1,Pune,Kharadi,7762,3600000,2850,71.4,76.83,62
8082,8900000,1,Bengaluru,HSR Layout,8807,12000000,3599,82.53,69.64,76
8083,18700000,4,Chennai,OMR,2873,17500000,813,70.87,73.9,66
8084,7800000,2,Hyderabad,Kondapur,8517,17500000,1483,79.22,64.64,83
8085,3600000,4,Hyderabad,Madhapur,3986,4500000,3209,90.93,79.29,95
8086,16400000,4,Hyderabad,Kondapur,3228,19200000,3435,94.23,87.76,51
8087,18300000,2,Hyderabad,Gachibowli,1232,23900000,2308,94.14,78.24,70
8088,10100000,4,Chennai,OMR,2203,16800000,626,72.65,75.71,88
8089,20000000,4,Mumbai,Powai,3619,6900000,698,97.09,74.22,75
8090,14200000,5,Pune,Hinjewadi,6738,9000000,3465,88.48,87.28,74
8091,14700000,2,Mumbai,Bandra,3619,20300000,2287,98.54,95.16,71
8092,11600000,1,Chennai,Adyar,2798,18600000,3727,75.63,66.05,95
8093,16300000,3,Bengaluru,Indiranagar,6930,21400000,2127,94.94,90.07,57
8094,12400000,5,Hyderabad,Gachibowli,8857,12800000,2447,72.56,63.23,69
8095,7600000,2,Pune,Kharadi,6175,4900000,1806,81.61,80.21,83
8096,6400000,5,Hyderabad,Kukatpally,2593,20500000,1953,86.32,79.71,61
8097,5100000,3,Hyderabad,Madhapur,2021,24700000,3219,93.97,71.63,81
8098,5900000,5,Mumbai,Bandra,5062,4800000,1779,75.91,68.54,70
8099,17700000,1,Hyderabad,Gachibowli,6181,14100000,2785,95.05,78.34,77
8100,12000000,3,Pune,Wakad,1931,23200000,1551,90.68,80.36,76
8101,15900000,3,Bengaluru,Indiranagar,1022,21300000,2297,84.5,69.45,83
8102,4200000,3,Mumbai,Powai,3329,7000000,1405,78.24,86.17,93
8103,6700000,2,Hyderabad,Kondapur,3857,7900000,3580,98.62,93.39,81
8104,19800000,1,Mumbai,Powai,2717,24500000,2422,78.13,89.34,97
8105,15000000,4,Hyderabad,Kukatpally,5854,22400000,2253,98.11,69.04,99
8106,16900000,3,Pune,Hinjewadi,7616,17400000,1760,80.59,95.98,69
8107,7500000,2,Chennai,Adyar,1480,14500000,726,72.09,77.32,98
8108,12600000,5,Chennai,OMR,680,12300000,1367,73.06,99.86,62
8109,12200000,3,Chennai,Velachery,4290,5900000,3459,80.48,64.82,84
8110,18300000,2,Chennai,Anna Nagar,8828,23200000,3539,88.8,65.92,91
8111,13000000,5,Bengaluru,Electronic City,9191,4800000,3320,85.17,70.07,71
8112,7100000,2,Chennai,Velachery,8808,5300000,3926,72.89,65.66,73
8113,12600000,4,Pune,Baner,7282,11500000,3125,83.35,93.86,69
8114,15000000,2,Mumbai,Powai,5784,20000000,2012,85.08,73.21,78
8115,16600000,2,Pune,Baner,2342,21900000,3576,87.1,85.92,60
8116,15800000,2,Chennai,Velachery,3478,5200000,1306,93.52,85.13,72
8117,7300000,5,Hyderabad,Madhapur,892,23300000,3445,78.39,72.61,56
8118,15600000,1,Mumbai,Powai,164,11800000,3855,95.21,72.62,77
8119,9700000,2,Mumbai,Bandra,7953,17500000,2239,78.31,63.73,94
8120,5300000,2,Hyderabad,Kondapur,1958,19100000,1278,96.59,94.66,55
8121,15300000,1,Chennai,Anna Nagar,2893,10900000,2222,76.47,82.23,57
8122,16200000,4,Bengaluru,Whitefield,9436,5600000,1278,86.5,82.93,73
8123,8500000,3,Mumbai,Powai,6901,23900000,2123,70.79,86.26,78
8124,16300000,4,Mumbai,Thane,8992,6900000,3797,90.75,75.97,96
8125,8700000,4,Bengaluru,HSR Layout,8184,9700000,842,99.84,85.13,75
8126,19100000,3,Chennai,Velachery,5244,4300000,3336,96.68,62.26,79
8127,10900000,4,Pune,Wakad,7802,17300000,1235,75.43,94.85,92
8128,5300000,1,Mumbai,Bandra,5300,18500000,2025,89.96,91.89,93
8129,11200000,1,Chennai,OMR,3257,6000000,1667,94.93,84.33,98
8130,16500000,4,Hyderabad,Kukatpally,5684,5300000,788,96.22,82.42,95
8131,9700000,2,Hyderabad,Kukatpally,4701,14400000,2237,98.0,73.37,60
8132,9000000,3,Hyderabad,Gachibowli,9408,5300000,2791,99.01,75.62,95
8133,14300000,1,Chennai,Anna Nagar,5426,10900000,1084,92.63,86.81,70
8134,14800000,3,Hyderabad,Kondapur,9126,20300000,2923,99.87,67.69,73
8135,8700000,3,Mumbai,Thane,1803,16700000,2858,75.12,64.6,94
8136,8900000,4,Pune,Wakad,7303,10900000,1010,75.63,91.41,61
8137,4900000,5,Pune,Hinjewadi,3827,23400000,2459,79.18,61.11,73
8138,13900000,1,Hyderabad,Gachibowli,6717,21300000,2495,74.28,93.09,96
8139,8500000,5,Hyderabad,Kondapur,1918,24600000,1690,89.07,94.74,93
8140,15700000,1,Hyderabad,Madhapur,1427,5300000,3899,77.21,85.96,92
8141,15000000,3,Hyderabad,Madhapur,6919,19000000,3745,71.44,91.65,73
8142,3500000,2,Hyderabad,Madhapur,5654,16400000,921,91.91,63.66,78
8143,10700000,4,Bengaluru,Electronic City,5206,18200000,1044,85.4,91.61,80
8144,14700000,2,Pune,Hinjewadi,6936,20200000,1779,71.87,99.14,62
8145,6200000,3,Bengaluru,Indiranagar,7302,17400000,2272,99.11,68.13,99
8146,8400000,5,Chennai,Anna Nagar,2539,13200000,1207,78.1,61.74,72
8147,4600000,3,Bengaluru,Indiranagar,4268,12000000,2987,83.05,71.8,99
8148,5300000,3,Bengaluru,HSR Layout,1651,10900000,649,85.24,70.79,88
8149,9600000,2,Mumbai,Andheri,1561,4900000,1105,74.91,71.93,50
8150,4000000,5,Pune,Kharadi,9927,7300000,2297,87.4,80.81,50
8151,8100000,4,Bengaluru,Whitefield,6054,12300000,3374,70.92,66.12,100
8152,13500000,1,Hyderabad,Gachibowli,8271,17600000,1433,97.33,62.86,99
8153,5100000,4,Hyderabad,Kondapur,7296,21700000,2090,99.52,68.14,51
8154,10600000,2,Mumbai,Thane,9485,9300000,2393,99.7,88.04,60
8155,3500000,2,Pune,Baner,7892,8900000,918,80.14,66.84,50
8156,8000000,1,Bengaluru,Indiranagar,6639,10700000,3052,90.36,62.52,52
8157,4000000,3,Pune,Baner,8390,15800000,3449,70.58,88.43,75
8158,4600000,5,Hyderabad,Kondapur,408,18600000,820,92.05,73.32,87
8159,14500000,5,Bengaluru,Electronic City,2389,17300000,3084,75.97,77.1,58
8160,6400000,3,Hyderabad,Kondapur,509,16800000,1659,78.09,83.97,100
8161,3600000,1,Pune,Wakad,9916,20700000,3265,73.96,81.25,52
8162,19700000,3,Pune,Hinjewadi,790,24000000,3275,90.55,63.21,78
8163,14300000,1,Mumbai,Thane,5302,21600000,3743,84.03,85.14,94
8164,16600000,4,Chennai,Adyar,9754,13000000,1435,75.98,99.07,85
8165,14400000,4,Pune,Baner,3847,24200000,3825,74.98,84.55,75
8166,8600000,2,Chennai,Velachery,7778,16100000,2513,89.34,64.35,61
8167,3400000,4,Mumbai,Andheri,5284,14200000,951,72.38,88.43,90
8168,5500000,5,Bengaluru,Indiranagar,8985,23000000,1864,73.28,74.96,83
8169,18900000,3,Chennai,Velachery,3252,12600000,3536,74.82,82.32,62
8170,8100000,3,Mumbai,Andheri,9363,22100000,2633,93.52,60.9,97
8171,8000000,3,Chennai,Velachery,5399,22100000,2062,74.94,61.45,88
8172,12100000,4,Bengaluru,HSR Layout,7908,5600000,1649,80.99,91.57,68
8173,5600000,1,Chennai,Adyar,3764,5300000,2671,75.16,69.95,52
8174,15100000,5,Mumbai,Thane,6310,18800000,1251,85.2,99.83,63
8175,17700000,5,Bengaluru,Electronic City,4360,12000000,744,89.26,83.53,67
8176,12400000,4,Mumbai,Thane,4896,16700000,2161,94.83,76.51,55
8177,18900000,5,Bengaluru,Whitefield,2166,24300000,3565,76.71,99.53,53
8178,10300000,1,Hyderabad,Kondapur,4190,8100000,1878,74.33,81.42,76
8179,3300000,4,Pune,Wakad,6761,4300000,3006,70.29,71.26,97
8180,15700000,4,Mumbai,Thane,8003,8500000,2046,86.55,88.88,53
8181,19700000,5,Chennai,Anna Nagar,7802,19800000,1751,82.1,99.13,57
8182,14900000,2,Pune,Wakad,3825,4300000,3356,94.7,77.96,81
8183,16900000,5,Chennai,Velachery,3499,15800000,996,80.12,96.36,86
8184,4700000,2,Chennai,Velachery,8816,15500000,873,72.21,95.81,67
8185,16000000,5,Bengaluru,Indiranagar,3289,12900000,791,98.42,70.84,76
8186,17800000,3,Chennai,OMR,3750,17000000,3872,93.64,73.53,72
8187,19300000,4,Hyderabad,Gachibowli,3608,14800000,3920,89.94,73.82,87
8188,6000000,4,Bengaluru,HSR Layout,4384,9900000,1300,81.41,65.29,77
8189,15200000,4,Pune,Wakad,6643,9200000,2955,75.83,95.08,80
8190,19400000,3,Bengaluru,HSR Layout,3134,19200000,2749,71.32,97.92,59
8191,4400000,2,Mumbai,Andheri,6763,7700000,1160,99.41,63.56,88
8192,6400000,2,Bengaluru,Indiranagar,1158,7400000,689,72.84,85.11,77
8193,15200000,5,Pune,Baner,5207,19500000,2356,99.85,79.12,82
8194,14000000,4,Mumbai,Bandra,3553,11300000,1372,75.78,68.33,51
8195,7200000,3,Chennai,Adyar,1353,8600000,1257,96.61,84.88,65
8196,12100000,4,Mumbai,Thane,2182,9700000,3984,83.17,88.56,51
8197,13400000,2,Pune,Baner,2828,5400000,940,86.04,92.82,97
8198,8200000,3,Bengaluru,Whitefield,1599,22900000,3896,89.34,92.71,99
8199,18700000,4,Hyderabad,Kukatpally,4783,6100000,980,94.82,66.53,87
8200,8100000,3,Bengaluru,Electronic City,4582,6000000,1369,82.04,78.85,69
8201,9700000,1,Chennai,Anna Nagar,4548,12400000,1015,92.69,76.25,73
8202,17600000,5,Chennai,Velachery,4406,13400000,1503,72.66,74.13,91
8203,11000000,4,Hyderabad,Gachibowli,9039,14900000,3163,97.96,92.67,94
8204,16600000,2,Mumbai,Powai,7700,6500000,3147,99.07,87.24,82
8205,14800000,5,Bengaluru,Indiranagar,2856,20700000,3799,83.64,95.42,82
8206,3300000,2,Chennai,Velachery,9994,8000000,3599,99.32,68.22,77
8207,16600000,1,Chennai,OMR,9033,16600000,2639,98.43,65.41,81
8208,15200000,2,Hyderabad,Madhapur,1675,12700000,1108,70.37,96.43,78
8209,7900000,1,Chennai,Anna Nagar,7912,16300000,797,71.06,74.69,67
8210,14500000,5,Pune,Baner,9947,14600000,1663,76.72,68.13,52
8211,17900000,3,Bengaluru,Electronic City,9381,9500000,1151,77.95,84.38,60
8212,10500000,1,Pune,Baner,1789,18700000,2896,80.34,98.09,80
8213,15500000,3,Pune,Baner,4134,24800000,3051,75.07,92.61,71
8214,18100000,1,Hyderabad,Kondapur,508,22100000,3915,92.45,75.94,52
8215,17300000,4,Pune,Kharadi,8274,22600000,851,94.53,79.44,89
8216,16000000,5,Hyderabad,Kondapur,3194,23600000,3149,85.12,65.81,80
8217,4500000,3,Hyderabad,Kukatpally,3641,8700000,2866,73.96,91.67,92
8218,17100000,3,Bengaluru,Electronic City,1616,15600000,2038,77.19,63.4,71
8219,15700000,3,Hyderabad,Kukatpally,5412,4500000,1473,95.45,98.71,58
8220,13900000,2,Mumbai,Thane,8330,12400000,2561,77.36,98.15,87
8221,9200000,2,Hyderabad,Madhapur,4611,8000000,1064,76.82,84.29,57
8222,6400000,1,Hyderabad,Kondapur,8436,4300000,2194,73.59,73.14,63
8223,10100000,1,Mumbai,Bandra,7546,8400000,3897,94.04,92.89,55
8224,15800000,2,Bengaluru,HSR Layout,7866,22900000,1220,78.36,91.81,65
8225,7100000,3,Hyderabad,Madhapur,4271,21400000,2015,98.89,74.47,91
8226,3000000,5,Hyderabad,Kukatpally,5746,15100000,3994,82.33,75.09,91
8227,15900000,1,Chennai,Velachery,4602,18100000,2159,84.51,67.44,96
8228,14100000,3,Hyderabad,Kondapur,5027,5600000,1434,84.16,82.23,51
8229,15500000,4,Chennai,Anna Nagar,1259,8300000,1970,89.85,99.66,59
8230,16500000,4,Bengaluru,Indiranagar,7743,11200000,1417,99.68,89.37,51
8231,17900000,1,Hyderabad,Kukatpally,6264,10900000,1264,96.14,71.5,66
8232,11500000,1,Hyderabad,Madhapur,1790,10100000,1008,99.16,95.94,52
8233,9800000,5,Bengaluru,Whitefield,2763,20700000,3511,73.98,92.8,87
8234,14600000,5,Chennai,OMR,7181,12000000,1977,82.27,73.66,66
8235,7900000,5,Bengaluru,HSR Layout,6071,22200000,3099,71.85,64.27,85
8236,8400000,5,Pune,Hinjewadi,1710,23500000,3988,76.74,61.12,67
8237,7300000,3,Hyderabad,Kukatpally,3814,18200000,3239,98.2,96.73,50
8238,18100000,2,Chennai,Velachery,7989,17500000,2609,78.4,70.25,76
8239,3700000,3,Chennai,Velachery,5858,15400000,833,98.68,90.56,85
8240,4400000,3,Chennai,Velachery,2604,21600000,1418,73.11,63.77,76
8241,7800000,3,Chennai,Anna Nagar,7535,10600000,3602,88.35,65.05,95
8242,12900000,3,Bengaluru,Electronic City,2116,11700000,1876,98.67,96.12,53
8243,18700000,5,Hyderabad,Madhapur,8237,25000000,623,80.32,82.62,87
8244,15100000,2,Chennai,Velachery,5505,16500000,3444,97.9,69.41,86
8245,14300000,5,Bengaluru,Electronic City,529,20000000,893,75.81,99.57,57
8246,16200000,2,Chennai,OMR,8285,11900000,1933,88.48,94.86,99
8247,11700000,5,Bengaluru,Indiranagar,492,17400000,2764,77.08,82.83,65
8248,9000000,3,Pune,Baner,9186,11300000,1384,90.85,77.15,56
8249,16600000,1,Bengaluru,HSR Layout,7510,5600000,1435,70.63,70.0,93
8250,7600000,5,Chennai,OMR,4632,19000000,3442,82.94,83.18,83
8251,14100000,5,Hyderabad,Madhapur,7119,11000000,928,76.65,84.5,69
8252,17800000,5,Pune,Hinjewadi,3999,23400000,3252,94.68,76.25,80
8253,15000000,2,Mumbai,Thane,8633,5100000,2770,92.39,78.1,91
8254,5000000,3,Mumbai,Bandra,8112,14700000,1340,84.13,95.52,68
8255,13600000,4,Mumbai,Thane,11,12900000,3933,86.03,70.31,64
8256,15400000,2,Pune,Baner,1103,17900000,2623,81.18,81.91,78
8257,12300000,2,Hyderabad,Madhapur,962,8500000,2790,94.59,91.97,68
8258,8300000,1,Pune,Kharadi,1522,19400000,3602,82.49,68.67,55
8259,15700000,4,Chennai,OMR,3869,6700000,3215,91.99,61.54,56
8260,16400000,4,Pune,Baner,4980,16100000,2496,99.26,76.32,57
8261,18300000,1,Pune,Kharadi,7033,8900000,2547,93.54,60.3,97
8262,13200000,1,Bengaluru,HSR Layout,4576,10900000,1154,70.57,76.21,74
8263,6300000,3,Mumbai,Powai,9284,21500000,1527,91.83,89.24,98
8264,12800000,3,Pune,Hinjewadi,9257,22900000,1436,86.8,79.96,99
8265,16400000,2,Mumbai,Thane,8480,11200000,2517,82.4,92.23,50
8266,18200000,5,Mumbai,Andheri,4461,20300000,3101,84.86,98.01,100
8267,4400000,1,Chennai,Velachery,4983,10900000,3191,83.53,73.83,51
8268,6700000,1,Mumbai,Andheri,975,17100000,838,92.63,98.26,65
8269,7600000,1,Pune,Baner,8657,7500000,910,73.24,69.3,52
8270,14200000,1,Hyderabad,Gachibowli,3452,11900000,1467,89.8,95.8,67
8271,5500000,1,Hyderabad,Gachibowli,6152,6800000,624,86.14,99.17,65
8272,9300000,3,Mumbai,Powai,466,6200000,2267,92.16,69.83,81
8273,15500000,1,Bengaluru,Electronic City,9077,6500000,3801,94.45,94.07,100
8274,16900000,2,Pune,Baner,8044,16200000,3726,96.48,60.43,94
8275,18000000,2,Bengaluru,Indiranagar,3318,4700000,3416,81.24,62.43,92
8276,19900000,4,Hyderabad,Gachibowli,8571,16300000,1076,98.7,71.69,85
8277,8300000,4,Bengaluru,HSR Layout,2672,4100000,3393,71.04,78.5,79
8278,6800000,3,Chennai,Velachery,2495,17900000,3528,83.7,60.85,89
8279,11600000,3,Bengaluru,Whitefield,2428,17100000,2150,90.38,93.44,57
8280,14300000,5,Pune,Kharadi,782,5400000,3654,97.05,86.24,97
8281,9900000,1,Bengaluru,Indiranagar,9314,17400000,1138,74.31,78.23,88
8282,4300000,3,Chennai,Velachery,2894,14400000,2544,85.35,60.14,88
8283,18000000,4,Bengaluru,Electronic City,6956,17200000,3291,93.49,69.2,62
8284,15800000,3,Chennai,Velachery,2869,5200000,1527,87.38,74.81,64
8285,3400000,2,Chennai,Velachery,8191,15100000,1984,70.61,78.39,55
8286,5400000,5,Chennai,OMR,5539,11800000,2250,97.91,98.1,70
8287,3200000,4,Mumbai,Andheri,5003,9800000,3673,79.1,95.9,90
8288,12800000,2,Pune,Wakad,9450,16100000,2084,89.36,78.66,71
8289,17300000,4,Hyderabad,Kondapur,3438,8700000,1778,97.99,92.4,77
8290,12200000,2,Hyderabad,Madhapur,6510,5400000,1450,82.92,78.8,81
8291,8500000,5,Pune,Hinjewadi,6838,10000000,1639,80.68,78.61,77
8292,5700000,5,Hyderabad,Gachibowli,9178,20700000,3862,87.4,92.67,78
8293,14600000,5,Hyderabad,Madhapur,8284,16800000,2014,96.67,90.13,50
8294,13800000,3,Bengaluru,Electronic City,4984,11000000,3791,81.66,76.87,61
8295,17800000,2,Mumbai,Thane,4013,18500000,3549,89.93,73.79,79
8296,19500000,4,Pune,Wakad,5329,22100000,2758,83.83,93.36,75
8297,18400000,4,Mumbai,Andheri,1392,8600000,2244,81.48,65.41,64
8298,8800000,3,Mumbai,Andheri,1421,20900000,1085,72.33,99.82,84
8299,10600000,5,Chennai,OMR,8389,7000000,1278,94.63,77.54,99
8300,12600000,4,Mumbai,Powai,7186,16300000,3529,81.54,96.07,88
8301,12200000,3,Pune,Hinjewadi,1651,19500000,3575,98.25,62.63,71
8302,7500000,4,Pune,Kharadi,5768,4000000,845,96.16,90.1,51
8303,17200000,5,Mumbai,Thane,6088,24900000,1382,76.95,90.27,76
8304,17900000,4,Hyderabad,Kondapur,2502,11200000,3291,95.79,93.16,64
8305,18800000,2,Bengaluru,HSR Layout,660,5300000,3600,74.69,98.49,84
8306,5300000,2,Pune,Baner,2248,18300000,3580,85.59,93.84,71
8307,18500000,3,Chennai,Anna Nagar,7045,4700000,1441,74.24,70.94,51
8308,14500000,1,Chennai,Adyar,1545,19200000,3604,79.03,86.98,86
8309,12700000,4,Chennai,Adyar,6500,18900000,1525,87.46,95.36,90
8310,4600000,2,Hyderabad,Madhapur,8476,18900000,1095,85.59,62.7,75
8311,7800000,4,Pune,Hinjewadi,2092,19100000,711,85.31,87.2,59
8312,14100000,3,Mumbai,Bandra,579,15600000,2381,79.11,61.93,69
8313,11200000,1,Hyderabad,Kukatpally,2892,17000000,2615,72.47,60.04,72
8314,17300000,4,Bengaluru,Whitefield,1990,6400000,2840,77.31,83.15,75
8315,7200000,4,Bengaluru,Indiranagar,5010,4600000,3854,88.02,66.33,86
8316,7200000,3,Bengaluru,Electronic City,3270,6100000,3263,72.87,66.02,92
8317,15100000,5,Mumbai,Powai,1979,19000000,958,91.35,87.52,63
8318,3000000,2,Chennai,OMR,3858,15100000,3469,73.91,96.02,62
8319,8400000,3,Mumbai,Andheri,7059,24200000,2002,86.91,81.85,55
8320,7000000,1,Hyderabad,Kondapur,7651,18400000,1591,78.22,70.46,100
8321,9800000,3,Chennai,Anna Nagar,217,18200000,3810,82.04,79.93,89
8322,14400000,2,Mumbai,Thane,7762,16000000,3306,78.9,77.69,98
8323,11700000,5,Pune,Wakad,3965,21600000,3232,95.09,94.05,63
8324,13400000,1,Mumbai,Powai,4730,24100000,2770,94.26,82.92,85
8325,6700000,4,Mumbai,Powai,5714,20200000,796,90.14,82.17,90
8326,10200000,3,Pune,Kharadi,9962,17900000,3753,83.21,92.13,85
8327,18200000,3,Chennai,Anna Nagar,6961,21900000,931,81.15,88.69,84
8328,5200000,2,Pune,Wakad,9206,5200000,2857,91.46,94.89,95
8329,13800000,3,Bengaluru,HSR Layout,6547,16100000,2031,93.15,60.46,92
8330,13600000,1,Chennai,Velachery,3938,24800000,3434,94.31,72.31,73
8331,16800000,5,Pune,Hinjewadi,3691,6300000,1817,79.14,76.84,70
8332,13100000,5,Hyderabad,Madhapur,108,17600000,3288,71.6,73.03,88
8333,11800000,1,Bengaluru,HSR Layout,3818,23200000,3779,92.91,97.27,84
8334,8600000,5,Bengaluru,HSR Layout,3801,7500000,1883,85.72,83.86,82
8335,19500000,3,Pune,Hinjewadi,3002,24400000,2097,97.4,90.2,79
8336,5600000,2,Chennai,OMR,8043,10400000,2701,78.12,97.5,71
8337,9400000,1,Mumbai,Thane,3739,24200000,1465,91.54,72.04,57
8338,9900000,5,Mumbai,Andheri,2293,11700000,2400,89.61,74.15,75
8339,3600000,3,Mumbai,Bandra,7559,9700000,2565,91.05,88.38,81
8340,19900000,1,Pune,Wakad,6097,4200000,1400,83.18,75.28,65
8341,17200000,3,Pune,Hinjewadi,1790,10100000,1885,75.46,68.47,50
8342,7300000,1,Chennai,Adyar,343,12300000,3874,79.34,93.24,66
8343,3700000,5,Mumbai,Bandra,6910,16300000,3759,76.98,92.04,99
8344,13400000,1,Hyderabad,Kondapur,5553,13100000,2366,98.24,65.92,65
8345,3300000,4,Mumbai,Thane,6186,9100000,2228,71.86,63.55,78
8346,19800000,2,Chennai,Adyar,3478,5500000,1655,89.14,73.65,93
8347,18900000,2,Pune,Wakad,5288,9400000,2409,71.88,76.54,81
8348,13000000,2,Bengaluru,Indiranagar,8896,19600000,1361,77.16,66.62,66
8349,4200000,4,Hyderabad,Madhapur,264,24900000,1334,91.17,94.39,61
8350,19300000,1,Hyderabad,Gachibowli,5112,15200000,2024,88.18,98.99,95
8351,18400000,5,Hyderabad,Gachibowli,1421,15300000,2919,86.29,94.48,97
8352,9700000,3,Chennai,Adyar,9127,6500000,3694,94.27,79.75,60
8353,9000000,1,Hyderabad,Gachibowli,5173,18000000,2054,73.73,64.97,80
8354,14000000,4,Chennai,Velachery,7395,18200000,1637,70.18,64.78,71
8355,18100000,3,Hyderabad,Gachibowli,2939,22900000,2282,95.8,94.71,74
8356,13100000,2,Hyderabad,Madhapur,2636,22500000,750,99.17,64.32,61
8357,18100000,5,Mumbai,Thane,2792,7800000,3897,99.3,71.92,87
8358,3900000,3,Hyderabad,Kukatpally,2053,11100000,754,77.78,63.44,67
8359,12800000,5,Pune,Baner,281,13100000,2853,95.13,60.96,53
8360,15400000,3,Hyderabad,Gachibowli,4159,15400000,3740,86.24,83.76,65
8361,4100000,5,Chennai,Anna Nagar,6816,15800000,3009,72.46,96.9,52
8362,14700000,3,Mumbai,Thane,2801,5200000,1894,82.98,77.21,75
8363,17700000,2,Chennai,Velachery,6689,9800000,1894,82.04,73.58,76
8364,18100000,2,Hyderabad,Gachibowli,9978,17500000,2896,91.32,80.77,76
8365,5900000,1,Bengaluru,Electronic City,5101,10000000,1796,99.1,77.11,71
8366,9300000,4,Pune,Wakad,7614,23900000,1841,78.11,87.59,60
8367,4700000,3,Pune,Baner,9071,22800000,2245,94.86,68.29,70
8368,17900000,5,Pune,Baner,1945,25000000,2441,84.17,66.18,97
8369,8100000,1,Bengaluru,Indiranagar,1848,6800000,1552,97.69,90.76,53
8370,5900000,2,Pune,Hinjewadi,6815,12500000,983,94.88,86.82,88
8371,9300000,1,Pune,Hinjewadi,7056,17200000,1660,97.2,68.65,97
8372,12300000,5,Chennai,Adyar,7502,17000000,601,97.88,85.4,69
8373,10400000,4,Mumbai,Thane,9691,6800000,3773,93.13,86.56,53
8374,10300000,2,Bengaluru,Whitefield,1081,23700000,2184,95.6,74.45,55
8375,3400000,1,Pune,Hinjewadi,5218,11500000,748,84.52,92.5,74
8376,14200000,3,Chennai,Velachery,1625,5200000,800,95.19,74.69,63
8377,17800000,1,Hyderabad,Gachibowli,6687,21900000,975,77.51,64.47,54
8378,15500000,2,Bengaluru,Indiranagar,2529,23600000,3096,76.31,98.0,55
8379,10400000,3,Pune,Kharadi,4760,21200000,3873,96.84,69.44,86
8380,12400000,4,Bengaluru,Whitefield,3485,18900000,914,88.12,94.52,61
8381,4200000,4,Hyderabad,Gachibowli,1084,23700000,3670,90.02,69.95,100
8382,6300000,5,Pune,Hinjewadi,6978,7700000,2681,72.81,81.44,54
8383,16200000,4,Hyderabad,Madhapur,1615,24000000,1967,72.6,66.42,59
8384,4200000,1,Mumbai,Thane,5724,14800000,2974,98.8,80.46,86
8385,12600000,1,Mumbai,Andheri,4147,13200000,3604,82.51,70.32,100
8386,18400000,2,Pune,Wakad,5824,10700000,1648,82.61,81.77,78
8387,18300000,4,Mumbai,Andheri,2613,21300000,688,77.29,98.47,72
8388,17000000,4,Pune,Hinjewadi,1176,12500000,723,86.65,62.02,80
8389,19300000,1,Mumbai,Bandra,2048,16600000,1392,98.0,70.95,87
8390,19700000,2,Bengaluru,HSR Layout,2555,11700000,3693,85.52,67.21,99
8391,19600000,5,Hyderabad,Kondapur,6821,9900000,1983,91.0,87.27,71
8392,17200000,3,Hyderabad,Madhapur,5248,21700000,2723,90.85,95.04,96
8393,5900000,4,Hyderabad,Kukatpally,6749,22200000,1336,78.57,92.35,52
8394,18600000,2,Mumbai,Thane,7804,19800000,1637,94.53,71.81,56
8395,11600000,5,Hyderabad,Kondapur,8755,12300000,3630,98.57,86.08,54
8396,3300000,5,Bengaluru,HSR Layout,684,21200000,1304,70.98,66.21,63
8397,12500000,4,Bengaluru,Whitefield,3737,9600000,3893,85.13,67.52,84
8398,18600000,5,Mumbai,Bandra,5577,13600000,2099,71.73,95.98,91
8399,5200000,4,Chennai,Adyar,6946,10700000,2788,77.07,94.66,90
8400,19500000,4,Bengaluru,Whitefield,8557,3800000,1733,88.11,89.13,63
8401,19600000,4,Pune,Hinjewadi,4871,23000000,807,74.15,95.12,79
8402,5500000,2,Hyderabad,Madhapur,9240,8000000,2656,72.41,82.21,73
8403,12100000,5,Pune,Kharadi,3327,6700000,1997,82.48,95.65,69
8404,7600000,4,Mumbai,Bandra,1529,23800000,1063,93.77,77.2,51
8405,14800000,2,Hyderabad,Gachibowli,1542,16300000,3997,85.65,94.47,85
8406,16000000,2,Pune,Kharadi,6967,21200000,1184,86.65,82.76,100
8407,15300000,4,Bengaluru,Whitefield,4833,13000000,2496,72.12,74.16,55
8408,11200000,4,Hyderabad,Kukatpally,6517,3900000,1347,76.15,82.53,69
8409,10200000,4,Hyderabad,Gachibowli,4293,20300000,3254,71.66,84.3,78
8410,4800000,3,Mumbai,Powai,1021,23400000,1813,70.57,69.39,93
8411,7400000,1,Chennai,OMR,5342,9500000,949,71.21,91.95,98
8412,3600000,2,Hyderabad,Madhapur,2467,15300000,676,84.48,74.14,54
8413,11100000,2,Chennai,Anna Nagar,7662,17200000,3862,88.67,61.36,76
8414,5400000,3,Chennai,OMR,6585,5000000,3780,98.68,98.34,85
8415,18600000,2,Chennai,Velachery,9981,3900000,3751,95.23,83.01,92
8416,14400000,3,Chennai,Velachery,2009,4500000,2557,73.71,70.88,100
8417,8300000,3,Bengaluru,Whitefield,2239,19000000,2909,92.62,86.05,63
8418,3500000,2,Pune,Kharadi,1189,24000000,2473,99.69,67.43,90
8419,6100000,4,Hyderabad,Gachibowli,6126,11600000,3735,70.32,85.07,98
8420,18700000,4,Hyderabad,Kondapur,1542,23900000,1723,86.26,70.21,72
8421,9000000,5,Mumbai,Powai,9627,19600000,2011,95.66,69.27,50
8422,5400000,3,Chennai,Adyar,8792,9700000,2812,92.65,69.99,70
8423,14000000,4,Bengaluru,Indiranagar,8616,4400000,1304,81.48,87.81,96
8424,19600000,4,Hyderabad,Kukatpally,9317,18300000,3075,82.39,84.43,91
8425,14900000,2,Chennai,Velachery,230,16200000,2723,87.38,80.3,80
8426,9900000,5,Hyderabad,Madhapur,1540,17300000,2676,75.25,98.24,98
8427,10200000,3,Chennai,Adyar,445,12100000,2793,98.79,89.24,78
8428,15900000,3,Bengaluru,HSR Layout,9977,15800000,2460,81.44,78.22,80
8429,3700000,2,Hyderabad,Madhapur,5904,5200000,2758,97.93,84.81,84
8430,17300000,3,Hyderabad,Madhapur,949,23000000,3986,96.35,61.8,71
8431,7000000,3,Hyderabad,Kondapur,6132,18000000,910,97.67,93.4,96
8432,13400000,1,Bengaluru,Whitefield,2549,4000000,3382,92.78,78.12,98
8433,4300000,1,Chennai,Adyar,2671,17900000,2943,86.01,61.95,81
8434,12500000,4,Chennai,Anna Nagar,9458,18200000,2402,94.09,85.4,59
8435,11000000,4,Chennai,Anna Nagar,3089,13300000,3617,97.21,71.15,100
8436,5500000,5,Bengaluru,Indiranagar,5910,3800000,1789,96.43,72.88,82
8437,3100000,5,Pune,Hinjewadi,1320,16100000,3118,91.13,82.91,54
8438,6800000,1,Bengaluru,Indiranagar,66,16400000,1731,90.05,99.78,55
8439,5400000,3,Mumbai,Thane,4073,14500000,3430,98.48,79.77,59
8440,19100000,1,Bengaluru,Electronic City,4707,8800000,2963,74.43,86.07,77
8441,8800000,4,Pune,Hinjewadi,7916,19300000,3030,81.58,83.41,74
8442,11900000,4,Hyderabad,Kukatpally,3330,5500000,844,78.63,97.65,91
8443,5800000,1,Bengaluru,Indiranagar,5041,24700000,3467,78.58,65.15,95
8444,14300000,2,Bengaluru,HSR Layout,2554,21500000,2421,92.07,99.85,52
8445,6300000,5,Bengaluru,Whitefield,1326,16100000,3921,78.84,79.39,64
8446,9600000,5,Hyderabad,Madhapur,3097,16400000,2735,87.99,62.04,81
8447,13000000,1,Mumbai,Andheri,9908,15400000,1090,79.48,89.06,94
8448,6500000,3,Bengaluru,HSR Layout,2613,15900000,2450,94.65,60.54,59
8449,15000000,1,Hyderabad,Kukatpally,5498,19200000,2594,84.9,94.86,70
8450,10000000,2,Mumbai,Andheri,3198,5500000,3132,86.27,76.84,63
8451,19900000,4,Mumbai,Bandra,7838,17600000,2819,74.15,76.64,73
8452,18500000,5,Bengaluru,Indiranagar,1080,10100000,3432,83.39,96.79,95
8453,14300000,2,Hyderabad,Kondapur,6104,21900000,1951,84.46,90.07,78
8454,11200000,2,Mumbai,Thane,32,23000000,2355,74.75,69.44,59
8455,9400000,4,Chennai,Anna Nagar,7607,18900000,961,73.93,80.53,64
8456,10200000,1,Bengaluru,HSR Layout,853,20600000,3502,98.3,66.86,89
8457,5300000,5,Bengaluru,Whitefield,7982,24400000,2678,84.61,82.94,67
8458,4400000,4,Bengaluru,Indiranagar,8987,19500000,1518,93.11,69.26,100
8459,12300000,1,Hyderabad,Kondapur,7076,24000000,2532,85.13,62.91,70
8460,16100000,3,Hyderabad,Kukatpally,3320,18800000,1082,70.74,76.32,85
8461,3300000,1,Chennai,Adyar,7632,13700000,2690,91.93,77.51,69
8462,3600000,3,Mumbai,Bandra,4639,12000000,1963,99.22,88.56,70
8463,10700000,2,Pune,Kharadi,188,3700000,2496,86.48,96.26,81
8464,11200000,4,Pune,Kharadi,9625,6900000,3240,99.87,98.75,92
8465,4100000,1,Hyderabad,Madhapur,7584,13100000,1457,99.21,98.84,97
8466,11600000,2,Pune,Wakad,2350,14400000,1910,77.35,73.5,78
8467,14700000,1,Hyderabad,Kukatpally,8196,21500000,1278,89.71,82.79,72
8468,11900000,1,Bengaluru,Whitefield,1193,7300000,2586,78.93,77.43,96
8469,17500000,4,Bengaluru,Electronic City,3001,23000000,3454,97.43,99.62,91
8470,13700000,4,Chennai,Anna Nagar,9163,22300000,2076,80.59,99.41,75
8471,7000000,1,Pune,Hinjewadi,8084,22000000,1652,94.48,75.81,50
8472,18900000,2,Bengaluru,Electronic City,7,12800000,1677,95.17,75.32,73
8473,13600000,2,Pune,Hinjewadi,7671,22000000,2756,70.28,90.24,95
8474,11700000,2,Bengaluru,Whitefield,2000,4000000,1290,75.11,83.23,80
8475,3000000,2,Mumbai,Bandra,2505,18200000,3852,83.79,70.89,57
8476,18800000,3,Bengaluru,Whitefield,9543,17700000,2207,83.26,78.0,72
8477,16200000,2,Bengaluru,Electronic City,5943,14900000,2793,82.91,63.0,97
8478,17100000,3,Pune,Baner,7058,10200000,3551,79.94,79.44,52
8479,4700000,3,Pune,Baner,4130,11000000,2901,92.74,86.68,88
8480,8900000,5,Pune,Baner,7763,6700000,2648,83.81,79.46,73
8481,3200000,5,Pune,Wakad,8100,23300000,941,91.09,99.39,70
8482,6500000,4,Mumbai,Andheri,5195,17100000,1306,72.59,60.56,85
8483,12300000,2,Bengaluru,Indiranagar,5912,17400000,3749,99.07,98.56,87
8484,8900000,2,Pune,Wakad,6811,22200000,843,92.23,78.56,96
8485,13300000,3,Bengaluru,Whitefield,5966,9900000,632,99.54,60.8,50
8486,19300000,2,Mumbai,Powai,4357,6100000,2219,87.79,88.3,72
8487,16200000,1,Chennai,OMR,4703,11000000,3724,81.73,70.99,68
8488,4800000,3,Hyderabad,Kondapur,9867,8900000,669,78.59,74.88,72
8489,16100000,2,Pune,Baner,7397,19700000,687,81.21,71.45,100
8490,19500000,5,Pune,Kharadi,2640,21200000,1383,99.18,84.61,93
8491,16700000,1,Hyderabad,Madhapur,9453,25000000,2241,71.62,65.81,87
8492,19100000,2,Chennai,OMR,874,4400000,2670,90.92,89.91,94
8493,7900000,5,Bengaluru,Indiranagar,916,24000000,2516,98.6,85.1,69
8494,15700000,2,Bengaluru,Indiranagar,9156,10200000,2777,95.27,83.77,72
8495,6300000,3,Hyderabad,Madhapur,1320,20800000,2169,88.97,60.92,68
8496,7800000,4,Chennai,OMR,4102,9400000,1183,78.8,96.83,59
8497,14500000,5,Pune,Hinjewadi,1819,17800000,3973,92.14,69.31,79
8498,16700000,5,Pune,Hinjewadi,1278,6200000,2303,90.7,96.53,100
8499,10000000,2,Pune,Hinjewadi,9437,16300000,1987,86.21,73.64,79
8500,11700000,5,Chennai,OMR,2485,15700000,906,92.97,69.49,100
8501,13200000,1,Hyderabad,Gachibowli,6736,17300000,2679,83.28,65.09,90
8502,19800000,1,Hyderabad,Madhapur,4402,7100000,3127,76.29,97.51,59
8503,19000000,3,Hyderabad,Kukatpally,5595,21800000,1298,85.39,61.15,71
8504,17300000,5,Pune,Wakad,1665,19300000,3916,89.4,93.63,67
8505,12500000,4,Hyderabad,Kondapur,9486,22500000,2299,88.65,97.56,84
8506,17000000,1,Bengaluru,Electronic City,6855,6600000,2181,71.73,81.74,66
8507,18000000,2,Pune,Wakad,7994,8000000,2536,76.27,67.29,86
8508,5200000,4,Chennai,OMR,9399,21200000,1229,74.97,62.71,68
8509,14800000,2,Chennai,Adyar,5890,15300000,3036,85.25,95.32,52
8510,4700000,1,Pune,Baner,138,17800000,3139,76.21,73.89,68
8511,7600000,3,Bengaluru,Indiranagar,3900,6000000,1077,80.48,83.06,88
8512,11300000,5,Chennai,Velachery,2492,17900000,2691,79.37,98.32,99
8513,17000000,5,Chennai,OMR,4435,9400000,2741,77.25,68.94,92
8514,15800000,2,Mumbai,Thane,5264,20000000,1933,88.57,86.39,71
8515,18300000,3,Pune,Baner,9393,23900000,2116,93.17,70.63,73
8516,8000000,5,Chennai,Anna Nagar,2449,5300000,2202,94.38,81.02,53
8517,4400000,5,Hyderabad,Gachibowli,9537,10800000,1249,84.93,98.24,88
8518,10700000,5,Bengaluru,HSR Layout,3320,10100000,3893,93.59,95.23,65
8519,19600000,4,Pune,Hinjewadi,125,11800000,3123,73.08,85.72,52
8520,8200000,1,Hyderabad,Kukatpally,9846,13500000,3061,98.37,79.59,58
8521,19100000,4,Mumbai,Powai,8276,6400000,1081,72.96,81.8,67
8522,4200000,3,Pune,Wakad,8945,9300000,3356,94.78,88.1,62
8523,17900000,2,Pune,Wakad,8604,8500000,2943,73.19,91.0,94
8524,4900000,1,Chennai,Anna Nagar,7478,15600000,683,70.58,82.32,78
8525,15500000,1,Pune,Wakad,3217,21800000,891,89.77,73.0,80
8526,11700000,5,Pune,Baner,846,4800000,807,94.33,87.63,96
8527,12800000,1,Hyderabad,Kukatpally,5653,19500000,1369,71.48,67.56,54
8528,10400000,1,Chennai,Velachery,2422,23100000,2832,84.31,77.16,61
8529,3100000,5,Bengaluru,HSR Layout,7113,23400000,1583,71.96,72.07,55
8530,5600000,1,Mumbai,Thane,5251,19400000,2638,87.48,86.38,89
8531,18300000,5,Hyderabad,Gachibowli,7522,18800000,2384,91.41,85.13,76
8532,16000000,4,Mumbai,Powai,170,7900000,1350,81.4,62.93,51
8533,7300000,3,Chennai,Anna Nagar,5098,6000000,3550,75.26,88.09,70
8534,6100000,1,Chennai,OMR,6513,7600000,3947,87.92,91.43,93
8535,3700000,5,Hyderabad,Madhapur,9316,17100000,1410,91.57,88.62,59
8536,19300000,3,Hyderabad,Madhapur,7108,24300000,2628,74.51,97.92,62
8537,8900000,2,Chennai,Adyar,9685,4500000,3639,92.42,96.36,100
8538,14200000,4,Pune,Hinjewadi,9547,21900000,1326,78.3,66.77,55
8539,17400000,2,Hyderabad,Gachibowli,9180,19900000,2968,87.45,82.39,57
8540,3700000,4,Pune,Wakad,6529,5200000,2673,76.55,87.29,76
8541,8100000,2,Pune,Hinjewadi,2149,23600000,3267,74.76,82.0,68
8542,11000000,3,Bengaluru,Electronic City,3704,17100000,959,83.37,78.09,88
8543,19000000,2,Bengaluru,HSR Layout,1288,22400000,2857,74.07,72.42,60
8544,16200000,3,Mumbai,Powai,1805,11300000,2242,74.4,85.22,62
8545,8800000,2,Chennai,Anna Nagar,3603,14700000,2153,77.88,76.37,80
8546,19400000,5,Bengaluru,Indiranagar,5175,11100000,1959,96.07,74.19,92
8547,8400000,4,Hyderabad,Kukatpally,5151,16400000,3693,76.45,71.3,100
8548,18700000,4,Mumbai,Powai,7896,8200000,3323,88.13,94.67,55
8549,6600000,1,Chennai,Adyar,5485,20400000,3137,95.8,84.4,78
8550,4700000,5,Pune,Wakad,2242,9300000,2866,91.24,68.71,86
8551,11700000,3,Chennai,Velachery,4803,6300000,3097,86.6,69.23,72
8552,11500000,3,Chennai,Adyar,9839,7600000,1597,80.57,80.52,93
8553,9600000,5,Pune,Wakad,3913,15000000,3822,71.95,88.17,50
8554,9300000,1,Mumbai,Andheri,1583,24100000,1899,83.58,94.78,78
8555,7100000,2,Bengaluru,HSR Layout,3116,11500000,2134,72.9,78.76,79
8556,13100000,2,Hyderabad,Gachibowli,3091,12000000,774,70.39,69.05,81
8557,13500000,1,Chennai,OMR,2584,23900000,2561,93.43,67.2,92
8558,6200000,4,Hyderabad,Gachibowli,246,23000000,1919,92.26,61.8,72
8559,6600000,4,Bengaluru,Indiranagar,5954,17500000,2488,70.5,68.24,68
8560,9600000,4,Pune,Kharadi,1775,5200000,3221,95.87,62.57,50
8561,8300000,2,Bengaluru,Whitefield,4488,10700000,1532,86.19,92.98,84
8562,17000000,5,Mumbai,Bandra,375,23200000,1150,94.43,89.33,93
8563,19100000,2,Pune,Kharadi,6607,15800000,1119,78.33,81.33,90
8564,14000000,2,Hyderabad,Kondapur,8451,5600000,2196,95.24,98.71,96
8565,5300000,2,Mumbai,Powai,6251,19600000,1521,98.68,87.87,75
8566,11200000,3,Chennai,Velachery,2100,14200000,1673,89.55,63.16,75
8567,9000000,5,Hyderabad,Madhapur,5935,12100000,3752,80.32,63.9,93
8568,19500000,2,Chennai,Adyar,5485,6600000,2772,78.79,85.89,57
8569,11300000,2,Chennai,Adyar,3464,13800000,2796,73.83,88.4,91
8570,13800000,2,Chennai,Anna Nagar,4821,23600000,1563,83.94,61.43,51
8571,9300000,4,Hyderabad,Kondapur,1412,14700000,1223,85.59,69.89,57
8572,19200000,2,Bengaluru,Whitefield,312,18500000,753,96.54,89.12,95
8573,3400000,2,Pune,Kharadi,5589,18900000,2266,87.56,70.27,85
8574,5800000,4,Bengaluru,Indiranagar,1812,8200000,625,94.31,75.83,51
8575,10300000,2,Pune,Kharadi,3222,9900000,949,99.83,61.93,55
8576,12000000,5,Hyderabad,Kukatpally,5433,15300000,1941,92.42,86.45,74
8577,11100000,1,Pune,Kharadi,4922,14000000,2051,72.7,78.04,97
8578,11700000,4,Hyderabad,Kukatpally,230,7600000,3799,76.73,67.62,58
8579,10600000,4,Chennai,Anna Nagar,6454,5100000,3410,74.17,63.35,75
8580,3100000,2,Mumbai,Thane,226,17400000,942,86.37,78.5,61
8581,6500000,1,Bengaluru,Whitefield,4130,24800000,1724,88.21,91.38,85
8582,14600000,4,Mumbai,Thane,7056,11400000,3568,72.46,99.91,61
8583,19500000,5,Bengaluru,Electronic City,3820,6300000,2423,83.48,85.18,72
8584,10500000,2,Mumbai,Thane,201,21500000,1433,81.67,68.55,75
8585,12700000,1,Mumbai,Bandra,7067,7800000,2603,97.63,84.24,96
8586,5600000,3,Mumbai,Thane,9270,22900000,3229,79.93,99.61,70
8587,6800000,4,Pune,Hinjewadi,3302,10200000,1109,84.9,85.23,62
8588,4900000,5,Bengaluru,Indiranagar,2169,12400000,2565,87.45,84.22,62
8589,9300000,4,Mumbai,Andheri,2687,19000000,1376,92.4,63.47,92
8590,4400000,2,Mumbai,Andheri,2527,18900000,1887,87.4,79.76,63
8591,5400000,3,Hyderabad,Gachibowli,4198,14300000,1042,71.71,66.52,95
8592,10200000,5,Chennai,OMR,161,15700000,949,77.76,88.57,72
8593,14700000,1,Bengaluru,Electronic City,5280,12500000,2135,82.89,90.06,87
8594,5800000,5,Mumbai,Thane,3387,7200000,3752,78.84,93.77,82
8595,12000000,2,Hyderabad,Madhapur,6570,12900000,3748,98.18,75.97,80
8596,12400000,5,Hyderabad,Madhapur,6036,12000000,3801,95.94,93.94,79
8597,5700000,2,Mumbai,Powai,6507,4300000,3382,97.76,98.17,91
8598,12900000,4,Hyderabad,Madhapur,8989,5900000,2130,98.91,82.43,84
8599,3900000,2,Chennai,Anna Nagar,5500,18200000,3929,78.79,70.62,83
8600,12000000,5,Pune,Wakad,4201,13200000,3446,92.01,96.21,78
8601,6500000,2,Bengaluru,Whitefield,4429,8700000,2248,84.83,75.0,89
8602,13900000,1,Chennai,Velachery,7770,3700000,2883,95.99,61.48,77
8603,19200000,2,Bengaluru,HSR Layout,4231,15900000,793,99.8,81.41,90
8604,17500000,1,Pune,Baner,1627,19600000,2762,74.4,74.1,81
8605,17500000,3,Hyderabad,Kondapur,2124,21200000,1790,82.56,60.05,52
8606,8500000,1,Bengaluru,HSR Layout,1817,3700000,2109,98.57,79.57,86
8607,12500000,5,Pune,Baner,9006,4900000,3332,96.96,78.84,59
8608,9100000,1,Bengaluru,Indiranagar,3418,23500000,2071,93.2,68.41,99
8609,8900000,3,Mumbai,Bandra,5260,24500000,783,71.4,95.17,92
8610,13700000,5,Pune,Kharadi,9892,4500000,3305,91.96,72.38,91
8611,16500000,4,Pune,Wakad,324,16700000,1909,71.73,92.01,90
8612,7600000,5,Chennai,Anna Nagar,1098,24800000,1406,95.48,60.8,98
8613,19300000,4,Pune,Wakad,2001,7300000,1015,81.77,62.13,80
8614,6600000,2,Bengaluru,HSR Layout,8176,21100000,1771,88.13,84.5,99
8615,12200000,5,Hyderabad,Kukatpally,3502,7600000,3399,93.88,61.4,71
8616,12600000,1,Bengaluru,HSR Layout,3449,16600000,2482,84.33,77.21,86
8617,4100000,3,Bengaluru,Electronic City,4278,12300000,854,97.8,79.47,50
8618,8200000,1,Bengaluru,Electronic City,3522,13300000,1693,93.91,63.45,54
8619,11200000,4,Hyderabad,Kukatpally,598,12400000,3655,82.61,75.47,100
8620,5100000,5,Mumbai,Bandra,9284,16100000,3953,81.68,97.8,60
8621,18400000,5,Pune,Kharadi,1712,16900000,3964,76.75,62.4,52
8622,10000000,1,Hyderabad,Kondapur,6391,14700000,1845,77.13,60.61,74
8623,3800000,2,Chennai,Anna Nagar,3786,20500000,1242,81.86,94.17,88
8624,6400000,4,Mumbai,Bandra,4114,19200000,3022,96.93,84.75,76
8625,5100000,2,Hyderabad,Kondapur,1031,6800000,1760,72.29,63.41,54
8626,8800000,2,Bengaluru,Indiranagar,9947,8100000,2017,85.73,75.47,64
8627,5400000,1,Hyderabad,Kukatpally,9679,22400000,2508,70.99,96.21,99
8628,17400000,4,Chennai,Adyar,9118,20300000,1325,95.17,98.19,89
8629,17700000,3,Chennai,Adyar,5193,8300000,716,91.06,91.25,86
8630,11300000,3,Hyderabad,Madhapur,8540,6100000,2413,85.46,98.63,90
8631,9300000,4,Chennai,Anna Nagar,392,11900000,3596,99.39,67.73,100
8632,5800000,2,Pune,Baner,6491,5900000,815,96.79,72.15,62
8633,19000000,4,Hyderabad,Kondapur,5456,22300000,689,99.74,63.71,74
8634,18900000,5,Chennai,OMR,9123,5600000,1033,88.13,88.5,63
8635,19700000,2,Bengaluru,Indiranagar,2869,8100000,1616,90.97,78.31,70
8636,19300000,1,Bengaluru,HSR Layout,6702,12400000,3859,75.61,81.9,82
8637,8400000,4,Chennai,Velachery,6765,23700000,3166,89.33,89.75,92
8638,17000000,1,Pune,Hinjewadi,5075,9000000,3473,79.75,89.72,53
8639,15700000,1,Chennai,Anna Nagar,1968,24800000,1691,92.41,91.11,58
8640,9100000,3,Bengaluru,HSR Layout,2949,18800000,783,88.42,77.89,53
8641,7300000,2,Pune,Hinjewadi,7305,11000000,1355,90.79,91.15,65
8642,4500000,3,Bengaluru,Whitefield,1722,5300000,1741,71.04,99.7,72
8643,3900000,3,Bengaluru,Electronic City,9659,9600000,3560,70.19,85.04,65
8644,13500000,4,Mumbai,Powai,5645,12900000,1191,76.47,97.55,84
8645,18100000,2,Chennai,Anna Nagar,4259,22700000,1680,93.02,61.14,91
8646,3100000,4,Hyderabad,Kukatpally,5262,23500000,2376,97.36,76.24,54
8647,8400000,2,Hyderabad,Kondapur,3597,8900000,3652,79.52,70.55,54
8648,5000000,1,Chennai,OMR,3859,23000000,1923,80.97,94.96,71
8649,13700000,5,Hyderabad,Gachibowli,5964,5300000,1700,93.42,80.98,88
8650,8200000,5,Mumbai,Thane,9178,5100000,807,92.41,87.71,66
8651,3900000,1,Pune,Wakad,7270,21100000,2118,86.25,83.01,65
8652,3100000,4,Mumbai,Thane,5323,3900000,1032,88.84,97.28,98
8653,15100000,1,Hyderabad,Kondapur,8082,8600000,1397,90.92,71.3,62
8654,18700000,2,Bengaluru,Indiranagar,1655,14300000,622,79.06,67.65,71
8655,6600000,2,Mumbai,Andheri,694,22600000,2873,90.13,97.72,61
8656,13700000,1,Pune,Baner,3229,9600000,3170,91.64,76.22,74
8657,5400000,3,Hyderabad,Kondapur,8550,15600000,3354,72.5,69.35,69
8658,9300000,4,Bengaluru,HSR Layout,7421,11400000,2331,72.6,83.99,61
8659,6400000,3,Pune,Baner,330,12100000,673,77.94,97.83,59
8660,19200000,2,Hyderabad,Madhapur,3688,13300000,1329,97.25,80.32,99
8661,7100000,4,Bengaluru,Whitefield,2166,9400000,2424,81.68,61.12,65
8662,8200000,3,Bengaluru,Indiranagar,6701,7800000,739,97.84,61.63,78
8663,12700000,5,Chennai,Velachery,6530,12000000,3620,77.54,96.25,52
8664,19900000,2,Hyderabad,Kukatpally,42,5300000,844,79.11,65.0,82
8665,17400000,5,Pune,Hinjewadi,6692,10300000,3620,89.78,91.92,76
8666,6900000,1,Hyderabad,Kukatpally,3629,16200000,772,85.26,62.06,94
8667,12600000,2,Mumbai,Bandra,5778,24600000,2557,72.84,69.07,87
8668,7500000,3,Chennai,Adyar,4780,4700000,2534,98.66,64.78,77
8669,5600000,1,Mumbai,Bandra,2143,12500000,1321,89.41,60.87,70
8670,12600000,5,Mumbai,Thane,3078,21400000,2005,75.32,78.52,90
8671,12300000,5,Hyderabad,Gachibowli,9545,8900000,2283,72.92,86.04,93
8672,19400000,4,Bengaluru,Electronic City,3764,4000000,1353,92.31,94.99,93
8673,11700000,1,Hyderabad,Kondapur,1401,15300000,2339,95.62,93.59,76
8674,4800000,2,Chennai,Anna Nagar,7502,18800000,2751,86.04,85.17,87
8675,16700000,5,Chennai,Adyar,1963,14100000,3114,81.43,98.88,68
8676,7400000,2,Mumbai,Powai,1671,18900000,723,73.15,82.45,67
8677,19800000,2,Hyderabad,Kondapur,5986,11600000,3775,98.81,95.45,93
8678,15200000,3,Bengaluru,HSR Layout,1282,15900000,2463,70.24,75.02,60
8679,10100000,2,Bengaluru,Indiranagar,3028,13900000,881,72.39,63.6,83
8680,8100000,3,Mumbai,Powai,1022,17900000,2919,95.95,96.12,63
8681,9000000,3,Hyderabad,Madhapur,2835,18600000,1914,97.35,67.76,89
8682,10000000,1,Chennai,OMR,1288,4800000,3212,94.69,74.46,76
8683,4800000,2,Chennai,Adyar,6895,19300000,1127,83.99,76.99,92
8684,9800000,1,Mumbai,Thane,8473,17600000,1053,75.25,94.18,74
8685,8500000,4,Chennai,Adyar,9840,21500000,1169,80.43,90.92,52
8686,15800000,5,Mumbai,Andheri,2799,17700000,1472,76.02,98.38,71
8687,16000000,3,Hyderabad,Gachibowli,7166,4800000,1193,71.82,80.28,51
8688,15600000,3,Chennai,Adyar,43,10900000,3130,96.53,60.29,74
8689,6300000,2,Chennai,Anna Nagar,7785,19800000,3203,83.5,80.72,98
8690,15000000,3,Pune,Baner,8220,9800000,1333,84.04,74.51,57
8691,17600000,4,Bengaluru,Whitefield,2425,17700000,3537,91.63,78.93,64
8692,10700000,1,Pune,Hinjewadi,1724,6900000,1157,98.55,94.18,60
8693,6800000,3,Hyderabad,Kukatpally,7477,8700000,3477,80.02,84.97,59
8694,11400000,5,Pune,Wakad,6105,15500000,736,70.65,67.35,76
8695,10900000,4,Bengaluru,Indiranagar,3073,6000000,785,87.21,82.89,60
8696,9600000,4,Hyderabad,Gachibowli,3641,6300000,2220,79.73,92.44,52
8697,11800000,5,Mumbai,Andheri,6142,20000000,1153,97.99,92.25,74
8698,3100000,4,Pune,Kharadi,5512,23500000,1976,73.55,67.53,84
8699,10000000,5,Chennai,Anna Nagar,2138,5700000,2971,95.61,61.19,94
8700,12900000,5,Chennai,Adyar,6721,4600000,1471,70.33,97.89,53
8701,18500000,2,Mumbai,Thane,4779,12900000,2736,81.91,66.64,65
8702,13700000,2,Pune,Baner,9068,10300000,2613,91.42,84.16,75
8703,3600000,5,Mumbai,Thane,3081,14300000,937,92.5,73.72,88
8704,10800000,1,Mumbai,Thane,2004,23700000,1578,93.41,90.17,70
8705,6100000,5,Hyderabad,Madhapur,6212,5300000,1387,86.82,70.46,67
8706,16800000,4,Bengaluru,Whitefield,1666,8500000,1646,75.33,65.01,51
8707,19700000,3,Chennai,Velachery,3740,5300000,2803,88.52,71.63,79
8708,18300000,1,Chennai,Adyar,4462,18400000,2416,95.29,98.88,94
8709,14700000,2,Bengaluru,HSR Layout,7589,7700000,2554,97.4,77.27,69
8710,12900000,3,Chennai,Anna Nagar,3196,18500000,3587,91.94,85.46,57
8711,7400000,5,Bengaluru,HSR Layout,850,19500000,946,98.98,89.72,64
8712,16100000,4,Chennai,Velachery,1638,20500000,2815,97.58,90.44,63
8713,8500000,5,Hyderabad,Gachibowli,5915,15200000,3519,98.94,88.3,99
8714,7700000,4,Bengaluru,Indiranagar,604,12200000,855,99.31,96.07,77
8715,17100000,1,Hyderabad,Gachibowli,4793,21100000,830,96.71,76.27,71
8716,8800000,4,Hyderabad,Madhapur,7446,22000000,1823,85.43,75.4,63
8717,11100000,1,Hyderabad,Kukatpally,4790,16600000,2308,89.91,67.55,55
8718,12200000,5,Chennai,Adyar,6196,21600000,3276,79.51,71.2,88
8719,19900000,3,Bengaluru,HSR Layout,9634,3800000,1651,92.25,77.72,93
8720,4500000,1,Hyderabad,Kondapur,1605,16500000,2769,99.13,89.95,84
8721,3700000,5,Chennai,OMR,9270,15000000,3932,76.93,65.54,63
8722,18100000,3,Mumbai,Thane,9133,17100000,1278,87.09,60.99,100
8723,8100000,2,Mumbai,Thane,6154,23700000,3877,86.77,83.14,74
8724,9000000,1,Mumbai,Bandra,601,7100000,839,89.07,93.45,98
8725,13500000,2,Hyderabad,Kukatpally,9647,13700000,2381,79.19,72.52,93
8726,5500000,3,Mumbai,Bandra,3757,15700000,3753,99.73,69.59,85
8727,14500000,5,Mumbai,Bandra,2704,20400000,3113,71.12,74.88,81
8728,16500000,5,Bengaluru,Indiranagar,506,7000000,1172,90.22,89.02,88
8729,5600000,3,Hyderabad,Madhapur,1282,21600000,3765,82.54,90.95,76
8730,7700000,2,Bengaluru,Whitefield,1627,4200000,2944,70.39,76.97,72
8731,6300000,2,Chennai,Anna Nagar,2155,9800000,3643,80.31,81.44,73
8732,12700000,3,Bengaluru,Indiranagar,3925,22400000,3524,75.1,63.26,73
8733,18700000,5,Pune,Hinjewadi,2874,15800000,3761,74.25,70.37,60
8734,5800000,3,Hyderabad,Gachibowli,4346,12000000,2722,77.75,65.87,76
8735,12900000,5,Bengaluru,HSR Layout,4759,12300000,869,88.94,80.23,99
8736,12100000,3,Pune,Wakad,8076,5000000,1841,77.29,95.45,91
8737,5700000,5,Hyderabad,Madhapur,3935,12800000,3025,79.21,82.06,63
8738,3800000,2,Pune,Wakad,6950,9100000,1622,95.8,75.41,55
8739,18200000,1,Hyderabad,Madhapur,6330,7700000,1417,81.69,66.9,69
8740,13900000,3,Bengaluru,Indiranagar,8941,15400000,3929,77.27,98.1,77
8741,13900000,5,Chennai,OMR,8622,4500000,1032,98.46,71.62,98
8742,15600000,1,Hyderabad,Gachibowli,139,12600000,3813,86.27,74.32,78
8743,16500000,1,Mumbai,Bandra,9826,20100000,994,90.12,65.89,58
8744,15800000,5,Pune,Kharadi,9573,4500000,841,81.56,89.88,89
8745,13500000,4,Chennai,Anna Nagar,410,12300000,1449,92.75,95.94,74
8746,11200000,4,Bengaluru,Electronic City,9370,5100000,1626,84.78,92.72,69
8747,13400000,2,Mumbai,Andheri,3250,16600000,3637,88.21,75.85,95
8748,16000000,4,Mumbai,Thane,6563,22900000,3082,85.93,69.44,53
8749,15800000,1,Pune,Wakad,8614,20500000,3309,90.48,76.17,77
8750,9400000,3,Pune,Baner,4561,5800000,2712,86.98,85.22,77
8751,11100000,4,Bengaluru,Whitefield,4310,14000000,2010,78.7,91.71,84
8752,17300000,4,Chennai,Velachery,3783,6800000,1978,71.4,82.07,87
8753,12000000,4,Hyderabad,Kondapur,2947,3500000,2446,88.06,97.89,56
8754,3300000,3,Pune,Wakad,2240,16000000,2348,88.66,62.81,56
8755,11100000,5,Mumbai,Andheri,761,16900000,1330,89.47,69.31,57
8756,7000000,4,Bengaluru,Indiranagar,4783,12000000,1991,80.03,67.79,97
8757,15200000,1,Mumbai,Andheri,1331,10800000,3276,84.06,62.21,55
8758,18900000,2,Hyderabad,Kondapur,5560,7800000,3801,89.55,98.68,59
8759,12900000,5,Pune,Wakad,8255,23000000,3321,82.69,80.67,82
8760,3000000,5,Pune,Baner,1877,20700000,1565,76.08,84.76,85
8761,14000000,1,Chennai,Anna Nagar,5628,9600000,957,70.04,97.11,77
8762,7600000,4,Hyderabad,Gachibowli,1388,10400000,1491,73.85,92.18,100
8763,18500000,2,Mumbai,Thane,1233,4600000,3312,98.32,75.18,89
8764,14300000,3,Pune,Kharadi,3596,11900000,2499,79.22,61.34,50
8765,18600000,4,Chennai,Velachery,5561,10300000,3457,89.81,89.32,55
8766,10000000,3,Bengaluru,Indiranagar,8097,7300000,3732,95.6,92.93,50
8767,5000000,1,Mumbai,Thane,6630,6400000,761,70.85,64.53,86
8768,18600000,2,Chennai,Adyar,5009,22800000,601,84.44,99.43,77
8769,9600000,4,Hyderabad,Madhapur,9724,15100000,2633,77.65,76.17,76
8770,10500000,5,Pune,Wakad,8320,10500000,2521,82.83,87.57,91
8771,16800000,5,Pune,Kharadi,9742,7900000,3366,79.19,85.8,71
8772,11000000,2,Hyderabad,Kondapur,4923,14400000,3874,88.49,99.6,77
8773,17200000,5,Chennai,Adyar,3643,8900000,2859,80.93,67.13,78
8774,15300000,4,Chennai,OMR,7357,3700000,617,82.27,80.74,54
8775,4000000,1,Chennai,Velachery,2319,11400000,1711,84.77,98.81,72
8776,10400000,3,Mumbai,Bandra,1809,20400000,2834,85.98,75.25,51
8777,13100000,5,Hyderabad,Madhapur,1614,8500000,1465,74.11,72.07,93
8778,13500000,3,Chennai,Velachery,4055,12300000,1529,95.71,94.25,98
8779,14800000,4,Pune,Hinjewadi,5418,21400000,782,87.29,86.82,61
8780,7800000,4,Bengaluru,HSR Layout,7244,15000000,2993,90.23,64.39,59
8781,8200000,1,Bengaluru,Electronic City,5978,6400000,3496,99.6,98.5,94
8782,18600000,2,Pune,Wakad,8151,12000000,2638,83.96,97.71,80
8783,6600000,2,Mumbai,Powai,5230,14100000,2576,71.61,95.64,72
8784,18200000,4,Mumbai,Andheri,1460,23800000,2669,98.0,99.78,67
8785,4000000,4,Hyderabad,Kukatpally,1858,17700000,3173,72.37,93.87,90
8786,18400000,2,Bengaluru,Whitefield,174,6500000,3262,76.29,80.45,53
8787,12200000,1,Chennai,Anna Nagar,7065,9300000,978,83.86,95.93,85
8788,16300000,2,Chennai,Adyar,4852,9900000,2252,88.33,71.12,64
8789,7000000,1,Bengaluru,HSR Layout,524,24100000,3557,96.1,70.94,76
8790,4800000,4,Bengaluru,Indiranagar,444,21700000,1015,76.93,75.14,97
8791,19800000,3,Pune,Wakad,1859,4800000,3521,91.59,64.99,95
8792,5900000,2,Pune,Baner,9138,25000000,679,81.21,81.83,87
8793,4100000,4,Pune,Baner,5320,6200000,715,82.7,84.18,94
8794,4200000,1,Bengaluru,Indiranagar,1893,9000000,2391,91.69,81.7,62
8795,12800000,3,Pune,Wakad,2806,10600000,3455,76.68,85.01,75
8796,15600000,1,Pune,Hinjewadi,8012,5100000,2171,76.47,95.4,95
8797,14000000,5,Mumbai,Andheri,1714,15400000,681,83.11,83.32,50
8798,11800000,5,Mumbai,Thane,2224,10900000,3062,94.13,93.39,93
8799,7400000,4,Chennai,OMR,4957,18000000,3465,78.33,70.97,69
8800,13000000,5,Bengaluru,HSR Layout,1292,18700000,1399,88.66,98.81,73
8801,12500000,3,Mumbai,Bandra,6343,21000000,2382,82.69,70.85,90
8802,3900000,3,Pune,Baner,1085,11100000,2135,81.62,68.98,93
8803,7700000,4,Chennai,Anna Nagar,7442,4100000,2253,90.49,89.7,69
8804,11300000,4,Chennai,Velachery,1493,18800000,2519,88.46,69.66,95
8805,20000000,4,Pune,Kharadi,6168,12100000,1327,90.73,68.38,50
8806,13500000,1,Pune,Wakad,3133,19000000,1280,76.96,89.92,55
8807,8400000,4,Pune,Hinjewadi,8160,18900000,1127,90.65,94.56,98
8808,5200000,1,Hyderabad,Kukatpally,7429,16300000,2363,70.82,76.87,68
8809,8500000,2,Pune,Kharadi,6721,19400000,3504,93.52,97.63,69
8810,11500000,4,Hyderabad,Gachibowli,3564,14300000,2271,94.24,85.48,65
8811,9500000,5,Pune,Wakad,4975,24100000,1833,90.34,90.45,50
8812,7200000,1,Chennai,Velachery,6140,14400000,878,80.11,71.88,78
8813,19900000,2,Pune,Hinjewadi,9295,9400000,1874,73.48,96.74,75
8814,12700000,3,Chennai,Anna Nagar,9255,16700000,2469,84.15,68.68,60
8815,8200000,4,Bengaluru,HSR Layout,7520,22900000,2993,92.82,91.15,79
8816,12600000,4,Hyderabad,Kukatpally,290,7000000,2179,97.21,86.52,96
8817,10200000,2,Bengaluru,HSR Layout,4837,12800000,1075,81.82,81.93,59
8818,3400000,1,Bengaluru,Electronic City,2670,4700000,1037,81.33,83.15,87
8819,12600000,5,Chennai,Velachery,358,21700000,3320,71.39,66.44,99
8820,12700000,5,Chennai,OMR,9140,13600000,816,98.74,81.62,67
8821,12200000,4,Mumbai,Bandra,3968,15800000,3499,77.05,95.06,87
8822,10900000,2,Chennai,OMR,4979,21200000,765,94.53,66.85,61
8823,7800000,4,Hyderabad,Kukatpally,60,8700000,1582,73.67,83.04,67
8824,5600000,5,Hyderabad,Kondapur,7852,4400000,996,98.29,79.65,75
8825,12600000,3,Pune,Baner,725,8500000,3174,88.42,71.07,55
8826,3800000,3,Bengaluru,HSR Layout,1557,11200000,2733,92.16,75.02,99
8827,13600000,5,Chennai,OMR,8661,18000000,1923,70.0,61.53,64
8828,15300000,1,Pune,Wakad,9706,10500000,1359,85.1,72.5,89
8829,11000000,3,Hyderabad,Gachibowli,5681,3600000,3017,93.26,76.53,62
8830,17300000,5,Pune,Baner,8452,23500000,1220,95.98,76.6,55
8831,5900000,1,Bengaluru,Indiranagar,8428,12400000,1022,85.0,94.29,80
8832,7300000,1,Pune,Kharadi,658,20700000,3396,90.08,69.03,92
8833,17200000,1,Bengaluru,Electronic City,3558,24600000,2714,88.82,87.38,94
8834,4700000,1,Hyderabad,Madhapur,8983,11200000,1005,79.53,66.02,98
8835,11500000,1,Mumbai,Thane,2353,8600000,3759,85.68,86.29,82
8836,15900000,5,Bengaluru,HSR Layout,1188,6700000,3163,77.51,82.18,96
8837,17100000,3,Bengaluru,Electronic City,7078,7600000,3840,84.61,92.04,82
8838,18100000,5,Pune,Hinjewadi,9138,9900000,2602,98.25,89.93,81
8839,19100000,3,Hyderabad,Kukatpally,1490,14300000,3122,94.2,64.99,55
8840,13600000,3,Pune,Kharadi,6865,13700000,3345,94.75,97.18,51
8841,16600000,4,Bengaluru,Indiranagar,5678,4700000,3488,83.04,63.25,99
8842,13600000,2,Mumbai,Andheri,5389,24800000,770,79.8,72.63,50
8843,3500000,4,Bengaluru,Indiranagar,8781,18100000,3989,91.85,75.24,89
8844,5000000,2,Hyderabad,Gachibowli,7808,20100000,1249,84.9,76.54,91
8845,17700000,4,Bengaluru,Indiranagar,5804,13000000,2987,83.98,69.36,91
8846,16100000,1,Hyderabad,Gachibowli,6860,24800000,1222,76.3,63.5,71
8847,12700000,4,Mumbai,Andheri,5532,3500000,2102,99.77,98.61,56
8848,5100000,3,Bengaluru,Whitefield,2662,21400000,3682,75.8,78.43,69
8849,10200000,2,Bengaluru,Indiranagar,3511,16800000,3730,74.7,75.58,70
8850,15700000,1,Pune,Kharadi,2220,17300000,2045,75.94,80.57,54
8851,15200000,2,Hyderabad,Madhapur,851,16600000,2190,92.37,73.76,53
8852,12400000,5,Chennai,Adyar,6732,19300000,1510,77.59,70.36,79
8853,16700000,5,Chennai,Adyar,9183,4700000,2915,95.5,68.74,61
8854,3500000,2,Mumbai,Powai,9574,23400000,3315,71.19,80.86,69
8855,18800000,2,Hyderabad,Gachibowli,4615,20000000,1447,82.79,66.49,55
8856,17800000,2,Bengaluru,Whitefield,6430,3900000,1507,87.81,87.61,57
8857,17300000,1,Bengaluru,HSR Layout,8856,24000000,1985,89.73,67.16,68
8858,13100000,3,Bengaluru,Indiranagar,6249,20400000,3574,93.91,82.79,94
8859,17600000,3,Mumbai,Thane,941,7400000,1736,98.36,70.27,92
8860,11100000,2,Mumbai,Bandra,7620,18400000,806,87.65,70.49,58
8861,17400000,2,Chennai,Adyar,869,21200000,2462,81.61,82.56,69
8862,5700000,1,Chennai,Anna Nagar,110,23500000,1832,92.48,61.9,91
8863,13100000,4,Pune,Wakad,3201,6700000,2499,97.24,98.91,63
8864,9500000,3,Hyderabad,Gachibowli,5111,5100000,1396,81.63,94.99,98
8865,10600000,2,Chennai,Anna Nagar,9363,16700000,1509,74.58,90.55,53
8866,6000000,2,Hyderabad,Kondapur,9628,23600000,1784,82.48,61.04,91
8867,15200000,4,Mumbai,Andheri,6224,15300000,1903,76.2,87.37,57
8868,14800000,1,Bengaluru,Whitefield,8681,24200000,2438,97.98,81.54,86
8869,7100000,4,Pune,Kharadi,4606,20600000,1696,99.05,92.26,79
8870,20000000,2,Chennai,Velachery,6098,4900000,2223,99.0,71.38,71
8871,19700000,3,Hyderabad,Gachibowli,7982,22500000,2684,71.62,80.62,99
8872,7100000,3,Chennai,OMR,9009,19100000,1023,81.08,91.23,94
8873,10300000,2,Pune,Kharadi,3096,12200000,3465,77.76,75.41,65
8874,14400000,1,Pune,Kharadi,1648,18700000,3975,94.12,92.15,70
8875,11100000,1,Pune,Baner,6860,20100000,2398,77.5,77.59,87
8876,16000000,4,Chennai,OMR,6858,12100000,2230,74.51,62.77,91
8877,18900000,5,Hyderabad,Kondapur,6844,17100000,2110,72.85,85.25,87
8878,11300000,4,Chennai,OMR,9510,20200000,1696,88.9,87.98,83
8879,18300000,1,Pune,Kharadi,5656,6100000,1772,85.16,93.77,88
8880,15200000,4,Hyderabad,Gachibowli,4726,12200000,819,87.17,63.41,54
8881,16400000,1,Mumbai,Bandra,8401,23100000,2307,94.81,73.43,73
8882,3000000,4,Mumbai,Powai,4544,10600000,952,72.52,80.06,61
8883,9200000,4,Pune,Baner,8592,19600000,1477,86.22,72.67,69
8884,3500000,2,Mumbai,Thane,1574,6700000,3385,96.29,64.43,98
8885,4600000,3,Bengaluru,HSR Layout,6459,23900000,2185,85.06,88.83,91
8886,18500000,5,Chennai,Anna Nagar,2686,4800000,651,75.38,72.88,79
8887,3400000,5,Pune,Wakad,3935,16400000,3512,84.01,97.12,74
8888,8500000,3,Hyderabad,Gachibowli,9004,21900000,2512,90.8,70.28,55
8889,4500000,4,Hyderabad,Gachibowli,5044,13000000,667,87.51,84.56,52
8890,16300000,1,Chennai,Velachery,5103,7000000,3112,70.75,70.08,56
8891,4900000,2,Mumbai,Andheri,4309,15400000,3124,81.18,88.27,59
8892,19800000,2,Mumbai,Andheri,4181,11700000,839,74.93,76.1,73
8893,15800000,4,Chennai,Velachery,6275,7700000,2602,98.43,91.91,62
8894,16200000,1,Hyderabad,Gachibowli,1905,16000000,3090,96.4,79.45,77
8895,6900000,2,Chennai,OMR,9350,4300000,3847,82.78,69.99,64
8896,18700000,5,Bengaluru,HSR Layout,8318,16700000,2265,87.95,81.32,80
8897,19500000,4,Chennai,OMR,5379,14300000,2186,70.19,87.12,100
8898,19200000,2,Hyderabad,Kondapur,8770,20200000,2289,81.07,76.94,51
8899,6600000,4,Chennai,Adyar,6542,24300000,2053,88.05,91.83,74
8900,11000000,1,Chennai,Adyar,1570,4400000,1729,88.15,93.62,87
8901,4300000,2,Hyderabad,Kondapur,8444,14500000,770,89.24,68.81,90
8902,5000000,1,Pune,Hinjewadi,3362,7200000,1059,90.94,89.76,70
8903,5700000,1,Chennai,Velachery,6836,15200000,894,92.38,88.15,90
8904,12100000,1,Chennai,Anna Nagar,1129,7900000,2996,87.88,73.55,56
8905,19100000,3,Mumbai,Andheri,6603,6100000,1463,80.2,83.42,52
8906,5800000,1,Hyderabad,Madhapur,1513,23000000,3449,87.68,74.45,79
8907,4700000,5,Pune,Wakad,5028,13500000,2942,87.92,85.92,97
8908,13500000,2,Mumbai,Andheri,5883,8800000,2706,72.99,91.62,79
8909,14100000,3,Hyderabad,Kukatpally,8131,20200000,3029,97.55,81.4,51
8910,17700000,3,Hyderabad,Kukatpally,8291,10800000,3753,97.98,98.51,66
8911,4300000,3,Mumbai,Thane,3682,6100000,2758,80.84,95.12,95
8912,7100000,2,Chennai,Velachery,862,12700000,2805,78.71,98.58,81
8913,14300000,1,Bengaluru,Indiranagar,821,23000000,2510,77.57,70.28,91
8914,10500000,4,Bengaluru,Whitefield,7232,22600000,1021,76.32,99.15,81
8915,15900000,5,Bengaluru,Electronic City,9847,21900000,3471,70.27,69.53,68
8916,12300000,4,Hyderabad,Madhapur,3874,14400000,3899,80.15,69.89,85
8917,11600000,1,Hyderabad,Gachibowli,3131,19800000,1063,88.27,89.84,57
8918,9600000,4,Pune,Kharadi,8941,23200000,2046,99.82,98.08,70
8919,6000000,2,Pune,Kharadi,83,8100000,2613,90.86,95.13,80
8920,18100000,3,Mumbai,Bandra,1041,15700000,1344,74.04,96.3,91
8921,18100000,2,Hyderabad,Madhapur,9207,12600000,1224,75.61,97.33,72
8922,6400000,4,Hyderabad,Madhapur,8586,3900000,2526,91.06,73.4,63
8923,17200000,5,Pune,Wakad,4981,22900000,1684,92.71,84.44,52
8924,17000000,1,Hyderabad,Madhapur,8193,10100000,2615,90.08,99.01,100
8925,13100000,4,Bengaluru,Electronic City,2148,5700000,924,98.64,89.29,83
8926,19000000,3,Bengaluru,HSR Layout,152,4700000,1695,99.11,97.84,51
8927,18500000,5,Chennai,OMR,321,24800000,1852,82.32,81.0,99
8928,17200000,5,Mumbai,Thane,152,20500000,2288,75.39,90.71,58
8929,4400000,3,Mumbai,Bandra,6868,16300000,2159,78.01,79.85,51
8930,16200000,4,Bengaluru,HSR Layout,7555,17300000,3079,87.9,93.57,60
8931,11300000,5,Chennai,Anna Nagar,1447,20500000,3834,94.33,67.89,92
8932,5900000,5,Chennai,Velachery,9730,23100000,1688,97.72,81.52,67
8933,11900000,4,Bengaluru,Electronic City,364,10800000,3471,93.53,65.44,52
8934,5900000,5,Mumbai,Bandra,7436,8500000,2246,76.01,91.3,91
8935,19700000,5,Chennai,Velachery,1299,19500000,3025,81.21,75.08,82
8936,16000000,5,Chennai,Velachery,4815,5600000,3255,73.17,88.68,83
8937,16000000,1,Bengaluru,Whitefield,4472,20400000,3969,74.86,80.12,90
8938,13400000,2,Bengaluru,HSR Layout,7082,23100000,2426,78.06,76.72,67
8939,3000000,4,Chennai,OMR,7387,5500000,1709,77.63,68.25,50
8940,3400000,3,Chennai,Adyar,5296,3900000,3444,76.52,66.73,79
8941,14400000,2,Chennai,OMR,8902,5200000,2345,74.58,72.63,93
8942,19200000,4,Bengaluru,Indiranagar,5210,6200000,1999,75.45,95.66,58
8943,11800000,2,Pune,Kharadi,2114,23700000,3426,87.94,69.23,83
8944,13800000,3,Hyderabad,Kondapur,7144,8200000,1937,86.55,65.8,77
8945,14200000,3,Bengaluru,Whitefield,6132,10700000,1193,76.58,65.02,68
8946,9900000,2,Chennai,Velachery,7669,22400000,730,75.49,72.38,81
8947,4900000,5,Hyderabad,Gachibowli,9405,12100000,951,73.99,82.24,50
8948,10400000,2,Mumbai,Powai,7832,20500000,2429,89.68,98.52,71
8949,18200000,1,Mumbai,Bandra,2578,5600000,3126,89.48,83.27,88
8950,4100000,1,Hyderabad,Kukatpally,1810,13900000,742,88.39,68.1,77
8951,10900000,5,Mumbai,Powai,9731,20500000,2647,76.7,93.23,92
8952,8100000,1,Hyderabad,Madhapur,4264,24500000,3720,92.86,63.05,82
8953,4900000,3,Bengaluru,Whitefield,8617,13100000,1711,72.05,89.79,79
8954,11900000,5,Mumbai,Bandra,218,7400000,1969,87.12,80.64,59
8955,14200000,5,Pune,Kharadi,1305,5100000,1319,88.07,92.8,67
8956,10800000,1,Hyderabad,Gachibowli,5332,19400000,3326,95.32,67.62,80
8957,12500000,5,Bengaluru,Indiranagar,4469,16200000,2418,95.92,98.07,50
8958,17700000,3,Bengaluru,Indiranagar,2425,6000000,2260,93.11,82.71,97
8959,8800000,2,Hyderabad,Kondapur,2361,8400000,2519,88.5,71.04,87
8960,6700000,1,Mumbai,Powai,6752,19300000,2773,83.06,81.54,71
8961,15900000,3,Mumbai,Powai,8897,11800000,1520,84.28,98.68,66
8962,8600000,4,Hyderabad,Madhapur,7605,6900000,696,91.17,80.08,64
8963,12700000,4,Pune,Wakad,9317,14400000,1191,90.17,73.61,97
8964,13500000,3,Mumbai,Thane,1152,6900000,3671,88.96,86.99,89
8965,11900000,3,Hyderabad,Madhapur,4836,22100000,680,93.02,68.79,65
8966,19800000,1,Mumbai,Thane,420,7400000,913,75.77,86.79,93
8967,6100000,1,Bengaluru,Electronic City,6398,13500000,3752,75.0,94.59,85
8968,16600000,4,Chennai,Anna Nagar,7526,13300000,1730,89.28,74.96,73
8969,9100000,3,Bengaluru,Indiranagar,8285,3800000,2949,71.59,88.27,93
8970,3800000,4,Chennai,Velachery,8140,6900000,3248,91.64,64.49,68
8971,13100000,4,Bengaluru,Electronic City,374,19200000,2977,73.47,81.35,60
8972,5900000,3,Pune,Kharadi,9364,8900000,1776,98.68,83.5,50
8973,12100000,1,Bengaluru,HSR Layout,760,8200000,2405,86.9,68.84,58
8974,9200000,3,Pune,Kharadi,903,13200000,1974,74.05,89.83,64
8975,18100000,1,Pune,Kharadi,4705,9900000,2933,90.81,92.44,58
8976,19200000,4,Chennai,OMR,4298,11500000,806,83.31,86.66,82
8977,15600000,1,Mumbai,Thane,5102,14000000,1881,76.15,70.84,60
8978,8100000,4,Bengaluru,Whitefield,5775,7500000,2824,95.47,80.26,57
8979,12000000,2,Hyderabad,Gachibowli,8422,23700000,3712,97.26,89.25,68
8980,11900000,1,Chennai,OMR,1938,24700000,3184,89.86,68.43,58
8981,12300000,3,Mumbai,Andheri,1216,16800000,3729,77.79,91.24,89
8982,9200000,3,Bengaluru,HSR Layout,3266,18300000,3292,90.33,82.42,72
8983,9400000,4,Chennai,Anna Nagar,6996,24400000,3690,83.9,80.63,76
8984,10700000,4,Mumbai,Andheri,6263,6100000,3531,93.03,79.95,83
8985,19800000,2,Bengaluru,HSR Layout,6299,14100000,3073,93.42,76.96,99
8986,15100000,1,Mumbai,Powai,9418,7400000,2011,80.03,86.47,99
8987,6500000,3,Hyderabad,Gachibowli,2051,8600000,1033,94.52,66.83,53
8988,7000000,3,Mumbai,Andheri,3986,13400000,957,89.2,60.03,64
8989,13400000,4,Chennai,Velachery,8516,17700000,1970,90.5,66.95,88
8990,3600000,3,Pune,Baner,8654,18000000,3176,95.32,85.77,78
8991,16600000,4,Pune,Kharadi,9891,15600000,1610,70.1,93.14,72
8992,3100000,4,Hyderabad,Kukatpally,1110,24900000,3295,87.99,93.83,79
8993,11000000,4,Bengaluru,Indiranagar,2208,20300000,2385,85.64,74.77,93
8994,19500000,3,Hyderabad,Kukatpally,6181,4500000,3416,80.8,85.38,83
8995,4200000,1,Pune,Baner,4299,8300000,2949,77.19,61.29,61
8996,4800000,5,Hyderabad,Kukatpally,2672,8100000,663,75.05,65.96,81
8997,4400000,2,Mumbai,Thane,655,15500000,1253,74.92,66.01,92
8998,7900000,2,Bengaluru,HSR Layout,2270,11100000,2107,88.34,65.24,75
8999,11900000,1,Chennai,Anna Nagar,1756,11400000,1663,87.17,81.11,78
9000,12100000,4,Hyderabad,Gachibowli,5273,11900000,1892,84.25,67.91,52
9001,19500000,1,Mumbai,Powai,8488,16000000,751,95.94,82.77,55
9002,6600000,1,Chennai,Anna Nagar,4235,5300000,3009,85.82,62.88,59
9003,9700000,5,Pune,Wakad,3687,13300000,2541,84.34,82.11,95
9004,13300000,1,Mumbai,Andheri,6554,13200000,1011,85.26,79.96,86
9005,4600000,4,Mumbai,Powai,4270,18500000,3759,79.65,86.26,95
9006,13100000,4,Mumbai,Bandra,5819,24800000,2644,75.42,89.11,67
9007,8900000,4,Hyderabad,Gachibowli,938,6700000,2125,75.39,95.47,96
9008,8800000,4,Bengaluru,Whitefield,721,19200000,3420,87.41,83.26,53
9009,14400000,1,Pune,Kharadi,9279,6300000,1159,72.52,77.98,56
9010,5400000,3,Mumbai,Powai,3192,8600000,2280,88.31,93.07,55
9011,15800000,1,Mumbai,Powai,4581,12300000,2733,73.85,68.75,74
9012,18200000,4,Mumbai,Powai,9495,24700000,2715,95.11,98.47,50
9013,8200000,5,Chennai,OMR,1754,9500000,1717,75.47,84.64,65
9014,12600000,3,Pune,Baner,8573,17100000,2177,74.8,91.89,57
9015,14700000,5,Hyderabad,Gachibowli,5291,19800000,3887,87.66,86.81,92
9016,5900000,5,Chennai,Adyar,9332,21500000,3207,73.91,71.44,71
9017,19000000,4,Chennai,Velachery,4045,19300000,1433,76.87,67.07,90
9018,14900000,2,Mumbai,Andheri,4133,14200000,900,83.95,64.35,89
9019,11300000,2,Bengaluru,Indiranagar,4851,14600000,3127,82.21,68.09,55
9020,13500000,1,Pune,Wakad,2577,24400000,1281,91.11,63.88,80
9021,8000000,4,Hyderabad,Kukatpally,3780,14700000,1911,86.61,75.07,51
9022,19200000,1,Chennai,OMR,8745,13800000,3407,83.66,78.94,83
9023,9800000,3,Bengaluru,Whitefield,9012,4700000,3612,99.56,82.14,51
9024,11200000,4,Hyderabad,Gachibowli,3820,15800000,3435,93.15,80.17,87
9025,16200000,5,Bengaluru,Whitefield,5767,12100000,1826,80.31,90.59,81
9026,6900000,3,Pune,Hinjewadi,8986,5900000,3618,72.7,91.51,77
9027,14300000,5,Bengaluru,Electronic City,321,23400000,2476,94.39,89.46,84
9028,10200000,1,Mumbai,Powai,7580,6100000,2523,74.57,61.06,61
9029,7000000,2,Mumbai,Thane,6882,14100000,1452,83.58,76.33,60
9030,5100000,5,Bengaluru,Whitefield,3624,5700000,3325,70.33,75.34,84
9031,4200000,2,Pune,Kharadi,6427,14200000,2759,72.39,68.35,75
9032,7900000,1,Chennai,Adyar,3935,22200000,3918,89.7,69.87,80
9033,3200000,1,Pune,Baner,8892,22100000,1157,74.63,75.86,53
9034,8000000,2,Hyderabad,Madhapur,884,10500000,2137,81.78,82.77,52
9035,13000000,2,Pune,Baner,9196,24700000,2980,95.23,92.56,60
9036,5800000,4,Pune,Baner,7808,24800000,1286,78.37,77.57,78
9037,15000000,5,Bengaluru,Indiranagar,4186,15000000,3686,79.98,97.87,72
9038,11900000,1,Bengaluru,Whitefield,2000,16700000,1596,97.21,94.55,75
9039,8400000,5,Mumbai,Andheri,2514,10000000,3708,86.91,90.86,79
9040,6400000,2,Hyderabad,Madhapur,6298,24800000,2921,85.39,82.72,52
9041,16500000,1,Pune,Baner,8194,7600000,2380,78.57,84.43,89
9042,10300000,5,Mumbai,Bandra,7117,24100000,2761,91.36,60.94,86
9043,5600000,2,Mumbai,Powai,8664,19000000,3388,96.5,95.03,79
9044,7900000,5,Mumbai,Powai,4040,23200000,2963,87.04,89.0,56
9045,15300000,2,Mumbai,Powai,2834,21800000,1938,98.4,80.37,54
9046,8100000,3,Pune,Hinjewadi,9513,19000000,1080,93.26,63.05,90
9047,10700000,4,Pune,Baner,7705,18000000,2342,74.61,77.35,88
9048,14000000,3,Chennai,Velachery,2194,14300000,2318,98.56,66.16,51
9049,14000000,1,Bengaluru,Indiranagar,4585,7200000,1331,83.99,89.28,85
9050,8000000,1,Mumbai,Thane,9036,11500000,3466,78.91,98.6,61
9051,13700000,2,Bengaluru,HSR Layout,3403,3500000,838,90.62,91.21,97
9052,5500000,3,Pune,Kharadi,1520,23900000,3513,81.74,83.71,59
9053,5200000,4,Hyderabad,Gachibowli,6360,10600000,1891,90.68,62.58,72
9054,6900000,1,Chennai,Anna Nagar,9280,7700000,1168,98.88,66.08,67
9055,16200000,1,Chennai,Velachery,4338,21900000,1542,97.93,89.17,52
9056,12000000,4,Bengaluru,Indiranagar,6044,9200000,1352,91.98,85.95,51
9057,3200000,1,Bengaluru,Electronic City,5039,7500000,3920,75.17,97.8,82
9058,6600000,3,Chennai,Adyar,1908,11800000,3357,85.81,73.7,87
9059,16300000,4,Hyderabad,Kondapur,8297,22800000,2018,75.61,88.53,79
9060,6500000,1,Bengaluru,Electronic City,855,8400000,3925,80.63,70.5,78
9061,10300000,4,Pune,Kharadi,53,14600000,1901,71.05,86.26,92
9062,18400000,5,Mumbai,Powai,458,13300000,2659,94.22,73.28,98
9063,16300000,5,Pune,Baner,124,18600000,1288,79.91,87.21,100
9064,8000000,1,Hyderabad,Madhapur,3902,20900000,2837,87.26,75.94,77
9065,8900000,1,Hyderabad,Kondapur,9807,18200000,789,89.18,61.67,73
9066,16100000,4,Mumbai,Powai,5535,7600000,1779,96.28,64.04,53
9067,9100000,2,Hyderabad,Gachibowli,7171,12400000,3399,83.74,94.8,95
9068,11900000,5,Mumbai,Andheri,8712,23800000,2295,81.47,98.85,59
9069,10400000,4,Hyderabad,Kukatpally,7869,6400000,1053,78.63,76.04,99
9070,18400000,4,Chennai,Anna Nagar,3427,15200000,2042,89.99,99.06,65
9071,6600000,4,Hyderabad,Gachibowli,1657,5700000,3565,86.74,66.81,57
9072,7000000,3,Bengaluru,Indiranagar,4305,18500000,2184,87.24,78.05,68
9073,8200000,5,Mumbai,Thane,299,12100000,1314,93.86,98.54,57
9074,17900000,5,Mumbai,Thane,2435,24500000,2125,81.12,87.25,82
9075,5800000,1,Bengaluru,Whitefield,4773,4000000,3641,95.28,91.79,60
9076,12600000,2,Bengaluru,Whitefield,2325,13200000,3434,80.77,87.9,57
9077,3500000,4,Chennai,Velachery,4483,6900000,2246,87.99,77.12,80
9078,9700000,4,Pune,Hinjewadi,2706,12500000,1043,99.21,90.83,89
9079,3300000,1,Mumbai,Powai,8470,15800000,1033,97.47,81.11,62
9080,11000000,4,Chennai,Velachery,2277,20100000,1127,75.35,84.25,95
9081,16500000,5,Hyderabad,Kondapur,2369,5000000,2078,93.71,99.53,93
9082,7600000,5,Pune,Hinjewadi,855,10300000,3932,86.62,67.39,84
9083,17500000,5,Bengaluru,Electronic City,7275,4200000,2269,79.0,97.79,50
9084,7800000,2,Pune,Kharadi,7970,12700000,2643,92.96,94.08,76
9085,6100000,2,Bengaluru,Whitefield,4739,8100000,1304,79.65,83.74,100
9086,12300000,4,Bengaluru,HSR Layout,4364,4700000,1124,78.29,78.15,82
9087,12700000,4,Mumbai,Bandra,4146,10400000,3913,86.16,84.53,55
9088,15500000,2,Chennai,Anna Nagar,6938,8300000,1618,86.45,78.21,66
9089,19000000,5,Chennai,OMR,7772,3800000,2391,94.81,67.44,97
9090,13400000,1,Pune,Hinjewadi,2092,13300000,3748,91.02,92.86,82
9091,14900000,1,Chennai,Velachery,4244,4900000,3337,88.72,94.38,74
9092,18700000,4,Bengaluru,Whitefield,4393,21200000,3908,96.34,68.33,69
9093,11400000,3,Pune,Baner,1969,10000000,1988,98.99,89.5,79
9094,19600000,2,Chennai,Anna Nagar,8430,13000000,830,77.75,67.16,57
9095,15300000,2,Chennai,OMR,3149,12700000,3133,87.57,87.64,95
9096,15000000,1,Pune,Baner,9788,3700000,2018,84.8,85.48,89
9097,3900000,2,Pune,Hinjewadi,2920,23300000,1038,88.69,76.19,51
9098,19400000,1,Hyderabad,Kondapur,774,7700000,1306,71.2,98.31,54
9099,6100000,1,Hyderabad,Kukatpally,4209,7600000,3070,97.59,89.67,98
9100,7200000,1,Mumbai,Bandra,171,15300000,1568,82.72,67.01,58
9101,8600000,4,Chennai,Anna Nagar,6247,8300000,3209,97.34,64.73,63
9102,12600000,2,Hyderabad,Gachibowli,3027,13200000,3103,99.08,91.33,78
9103,17200000,5,Bengaluru,Whitefield,6599,19600000,1400,77.46,94.42,54
9104,9300000,4,Bengaluru,HSR Layout,23,12100000,3126,96.32,89.68,91
9105,14100000,5,Bengaluru,Whitefield,1060,10500000,3725,92.91,78.19,58
9106,12000000,1,Hyderabad,Gachibowli,2014,22400000,3535,87.75,67.79,96
9107,3200000,2,Mumbai,Thane,8135,15300000,3474,90.99,76.39,68
9108,16900000,4,Pune,Baner,6397,22100000,1715,99.27,62.21,64
9109,17200000,5,Chennai,Anna Nagar,2395,12700000,2218,91.42,87.56,57
9110,16100000,5,Chennai,Anna Nagar,792,23200000,2489,88.91,64.83,75
9111,7400000,2,Bengaluru,Electronic City,8927,24600000,3359,94.02,97.76,59
9112,13400000,4,Bengaluru,Indiranagar,5279,20700000,1788,88.93,70.23,56
9113,6000000,1,Pune,Hinjewadi,1068,18500000,2403,85.17,84.96,61
9114,10600000,4,Hyderabad,Gachibowli,7423,23400000,2981,94.59,97.25,80
9115,9600000,1,Hyderabad,Gachibowli,4773,4700000,3872,91.43,92.54,67
9116,9200000,1,Bengaluru,Electronic City,7412,6100000,3912,81.92,76.62,56
9117,10200000,2,Hyderabad,Kondapur,5459,5400000,3029,98.36,80.45,60
9118,16600000,2,Hyderabad,Madhapur,2695,3600000,2643,87.82,66.39,75
9119,12000000,5,Pune,Kharadi,7302,13300000,2269,94.14,63.44,56
9120,17500000,4,Hyderabad,Kukatpally,9283,6800000,2930,93.37,79.38,70
9121,5200000,4,Bengaluru,HSR Layout,9448,15600000,3325,87.57,74.99,50
9122,15600000,5,Hyderabad,Madhapur,3135,17800000,2274,94.81,80.83,97
9123,12700000,1,Pune,Kharadi,7571,14600000,2998,73.4,96.4,68
9124,3900000,1,Hyderabad,Madhapur,3812,6300000,1835,78.41,71.44,99
9125,8800000,1,Hyderabad,Madhapur,1422,14100000,1041,70.93,95.63,58
9126,14300000,3,Pune,Baner,2620,21100000,2999,97.73,71.02,79
9127,16300000,4,Pune,Kharadi,4877,10400000,3204,93.57,86.79,75
9128,16400000,3,Bengaluru,Indiranagar,8150,17600000,1291,94.37,88.51,55
9129,7100000,2,Hyderabad,Kukatpally,947,24800000,2946,86.81,66.86,52
9130,17800000,1,Mumbai,Thane,2643,7200000,1226,83.6,63.46,51
9131,8300000,5,Bengaluru,Indiranagar,4591,4800000,2236,81.11,91.58,56
9132,15200000,2,Chennai,Velachery,9776,8600000,1116,74.48,89.65,91
9133,10200000,5,Bengaluru,Whitefield,668,17600000,1229,98.49,84.94,62
9134,16100000,2,Hyderabad,Kukatpally,285,4500000,1800,98.34,81.91,91
9135,5200000,4,Hyderabad,Kondapur,4981,10600000,3125,87.72,88.09,54
9136,3400000,2,Chennai,OMR,4708,9100000,928,76.71,76.87,74
9137,6900000,1,Hyderabad,Madhapur,8732,17500000,1865,84.49,81.1,75
9138,11800000,2,Chennai,Anna Nagar,9326,11300000,975,98.73,65.11,96
9139,12700000,4,Hyderabad,Gachibowli,2834,12000000,3585,88.66,63.63,86
9140,18000000,3,Pune,Kharadi,1975,22900000,3215,71.35,82.82,58
9141,3700000,1,Mumbai,Andheri,7084,9300000,2892,81.7,95.88,98
9142,9900000,1,Bengaluru,Whitefield,625,14600000,1939,97.31,84.67,92
9143,16800000,4,Hyderabad,Gachibowli,2543,16800000,1612,76.26,89.42,76
9144,13000000,2,Hyderabad,Kukatpally,9008,19600000,1267,88.12,89.47,96
9145,4100000,1,Pune,Baner,1883,21300000,2395,86.2,62.13,68
9146,7000000,1,Bengaluru,Electronic City,4327,6500000,2801,73.65,84.57,87
9147,4000000,2,Hyderabad,Kukatpally,872,13300000,3673,98.41,78.44,81
9148,10600000,5,Bengaluru,Indiranagar,9627,5000000,812,79.03,76.17,100
9149,10200000,3,Mumbai,Powai,3763,24700000,3095,76.84,64.58,82
9150,13000000,5,Hyderabad,Madhapur,795,20000000,2476,98.99,72.89,100
9151,16400000,1,Hyderabad,Kondapur,8175,9000000,1159,76.21,63.64,65
9152,14300000,1,Chennai,Anna Nagar,2248,6300000,1864,87.93,80.74,62
9153,15900000,3,Mumbai,Powai,2359,18200000,3388,72.96,83.45,60
9154,17200000,5,Chennai,Velachery,2226,23500000,1664,90.03,84.52,67
9155,16800000,4,Pune,Baner,5010,20700000,1537,76.4,91.05,83
9156,18500000,2,Pune,Kharadi,8485,4400000,2667,94.77,95.06,91
9157,16700000,4,Pune,Kharadi,2917,11900000,1053,91.55,88.74,94
9158,9800000,2,Pune,Baner,3392,22300000,2935,79.24,79.92,56
9159,12900000,1,Pune,Baner,4077,5200000,2735,95.05,90.82,92
9160,18500000,2,Bengaluru,Electronic City,1931,13000000,640,77.07,76.28,79
9161,18900000,5,Chennai,Adyar,5609,17000000,3077,99.42,79.19,98
9162,9800000,1,Mumbai,Powai,9265,9400000,969,99.63,99.66,56
9163,16200000,5,Mumbai,Thane,8521,23000000,864,78.73,79.43,96
9164,9500000,5,Hyderabad,Kondapur,4504,6700000,2348,71.11,87.32,88
9165,14500000,4,Mumbai,Powai,2905,10100000,1694,77.58,79.24,53
9166,5200000,4,Hyderabad,Madhapur,1857,11500000,2027,84.49,96.39,75
9167,5800000,1,Mumbai,Thane,1690,23800000,3133,74.74,94.61,79
9168,18100000,2,Bengaluru,Whitefield,8867,8200000,813,82.62,82.46,55
9169,11800000,3,Bengaluru,Whitefield,3453,12000000,1370,90.39,80.55,89
9170,15200000,1,Bengaluru,Indiranagar,1086,6700000,2730,72.51,62.76,78
9171,3400000,5,Mumbai,Bandra,1967,18800000,1817,98.45,68.3,100
9172,11700000,5,Mumbai,Bandra,8534,21700000,3026,97.9,89.92,63
9173,10200000,5,Hyderabad,Madhapur,7436,21600000,3200,70.67,88.61,61
9174,3800000,4,Hyderabad,Gachibowli,3621,24800000,3819,92.73,74.82,79
9175,16500000,3,Bengaluru,Indiranagar,7310,5900000,2639,96.03,78.77,90
9176,16000000,3,Pune,Kharadi,404,4700000,793,74.12,80.75,85
9177,6100000,1,Mumbai,Thane,197,6100000,3962,86.61,70.81,91
9178,9000000,1,Pune,Wakad,9025,14300000,2732,73.19,90.2,76
9179,4200000,3,Pune,Hinjewadi,800,8000000,2419,76.58,87.33,51
9180,18900000,4,Chennai,Adyar,10,6000000,2744,78.33,67.74,70
9181,3100000,2,Bengaluru,Indiranagar,9937,17800000,2844,97.68,82.03,90
9182,10100000,4,Pune,Hinjewadi,6007,10400000,2311,94.59,99.91,60
9183,10200000,5,Mumbai,Powai,8612,3700000,3032,73.07,71.16,96
9184,9300000,4,Mumbai,Thane,1700,23600000,3938,88.57,98.8,79
9185,13300000,5,Hyderabad,Kukatpally,3064,8800000,2913,91.82,80.96,84
9186,18100000,2,Pune,Hinjewadi,2153,24400000,2209,93.86,82.13,61
9187,14700000,3,Bengaluru,Whitefield,6605,21900000,3139,97.07,83.67,82
9188,15600000,2,Pune,Baner,6540,23000000,981,99.66,83.61,76
9189,5100000,3,Mumbai,Bandra,748,5200000,3132,81.27,95.79,97
9190,14200000,1,Bengaluru,Electronic City,4341,8300000,2592,72.11,67.59,100
9191,13100000,1,Pune,Wakad,9543,4700000,3244,74.32,64.54,69
9192,8400000,2,Bengaluru,Electronic City,3562,24400000,895,77.41,76.23,73
9193,9400000,2,Hyderabad,Gachibowli,3091,18900000,1440,98.45,82.45,72
9194,18100000,4,Bengaluru,Whitefield,6162,5800000,2386,86.87,79.92,71
9195,5000000,3,Chennai,Adyar,5695,9200000,2141,95.33,83.8,87
9196,13900000,4,Bengaluru,Electronic City,570,6300000,691,81.75,76.75,79
9197,6200000,5,Bengaluru,Indiranagar,1324,3700000,1205,70.3,85.44,91
9198,9000000,2,Chennai,Adyar,209,13300000,3824,73.72,97.4,76
9199,16900000,3,Bengaluru,HSR Layout,4209,3700000,1480,87.09,81.29,58
9200,17900000,1,Bengaluru,Electronic City,3766,3700000,1426,85.59,98.39,53
9201,8300000,1,Mumbai,Bandra,5954,4200000,2225,91.54,82.49,52
9202,12600000,2,Mumbai,Thane,3374,14600000,1612,80.93,75.78,100
9203,18800000,3,Chennai,OMR,8887,18700000,3152,82.43,69.9,72
9204,15500000,4,Pune,Kharadi,8685,19300000,2544,70.5,84.65,79
9205,12800000,4,Chennai,Anna Nagar,3523,20500000,2761,71.48,89.42,93
9206,5400000,1,Mumbai,Andheri,4676,3600000,2628,73.64,65.73,65
9207,13800000,4,Hyderabad,Kukatpally,9919,9300000,1228,78.12,77.9,99
9208,8100000,4,Hyderabad,Madhapur,7447,11900000,1088,98.3,99.71,83
9209,19300000,5,Mumbai,Powai,3513,12700000,3492,99.88,90.79,73
9210,3200000,4,Hyderabad,Kukatpally,2461,6400000,1234,70.57,95.0,77
9211,4000000,3,Bengaluru,Whitefield,9064,19800000,1596,79.69,84.01,90
9212,6000000,3,Hyderabad,Kondapur,9329,15600000,2618,97.62,64.63,77
9213,12700000,5,Hyderabad,Kukatpally,7160,20200000,1754,85.19,71.11,87
9214,18900000,3,Hyderabad,Madhapur,8110,13100000,865,78.15,99.05,56
9215,12000000,5,Bengaluru,Electronic City,9715,12700000,3035,89.42,96.59,56
9216,16200000,3,Bengaluru,HSR Layout,1867,19400000,1213,87.01,99.85,72
9217,4200000,4,Mumbai,Thane,6161,15200000,2980,70.81,82.49,62
9218,19900000,1,Hyderabad,Gachibowli,1103,18400000,3977,81.26,96.77,87
9219,10500000,5,Chennai,Anna Nagar,3292,6300000,2307,83.05,75.87,59
9220,13800000,2,Mumbai,Powai,8895,11700000,2022,84.88,85.83,69
9221,15300000,2,Mumbai,Andheri,6176,19200000,2872,82.9,62.87,99
9222,17200000,2,Pune,Baner,9933,18400000,3961,86.65,90.16,77
9223,4800000,2,Hyderabad,Kukatpally,724,23100000,3746,99.69,79.98,94
9224,16800000,2,Bengaluru,Electronic City,8648,4600000,1406,78.21,88.89,79
9225,18800000,2,Chennai,Velachery,1372,14600000,3093,82.82,86.53,71
9226,12100000,3,Hyderabad,Kukatpally,4937,8500000,2651,95.68,89.01,84
9227,16800000,5,Pune,Baner,4447,19300000,1241,83.71,89.14,92
9228,7600000,1,Chennai,OMR,735,24500000,3733,81.22,65.49,83
9229,13600000,5,Hyderabad,Madhapur,6296,5500000,2479,84.56,80.36,73
9230,9300000,3,Hyderabad,Kukatpally,8789,8100000,3730,84.19,94.75,89
9231,14400000,2,Bengaluru,Indiranagar,439,10900000,3628,88.27,93.21,83
9232,19200000,2,Hyderabad,Gachibowli,1870,6100000,2715,75.26,70.77,54
9233,8900000,3,Hyderabad,Kondapur,470,14700000,3001,89.56,85.53,61
9234,19300000,5,Hyderabad,Kondapur,8311,5600000,1949,94.96,91.88,81
9235,17200000,3,Bengaluru,Whitefield,31,19600000,1278,78.5,74.08,97
9236,11100000,3,Chennai,OMR,4300,12200000,3647,95.63,87.92,55
9237,3100000,3,Mumbai,Andheri,2164,15300000,894,79.78,62.51,51
9238,10000000,3,Hyderabad,Madhapur,2895,12500000,3084,98.56,84.12,97
9239,7500000,4,Mumbai,Bandra,1223,15100000,2468,78.5,80.48,97
9240,13000000,2,Pune,Kharadi,2764,19800000,1307,76.29,83.55,90
9241,15400000,2,Bengaluru,Whitefield,2871,21200000,2962,89.77,78.76,96
9242,6500000,2,Hyderabad,Kondapur,9268,18100000,1197,95.21,66.62,94
9243,9400000,3,Chennai,Anna Nagar,6455,19700000,1770,94.55,98.64,96
9244,6100000,1,Bengaluru,Indiranagar,1656,11500000,2897,83.38,97.69,77
9245,15100000,4,Bengaluru,Whitefield,9435,19700000,2819,84.29,90.48,58
9246,6300000,4,Mumbai,Andheri,3901,11900000,997,82.01,65.08,85
9247,10600000,1,Chennai,Anna Nagar,6416,5600000,2335,73.25,94.81,79
9248,13300000,1,Chennai,OMR,2794,22200000,1764,71.93,69.68,80
9249,3800000,1,Pune,Hinjewadi,2544,11500000,2293,93.45,74.6,73
9250,19200000,2,Mumbai,Thane,8881,7000000,909,72.31,81.51,50
9251,10100000,5,Hyderabad,Kondapur,5471,19500000,2812,92.49,86.34,70
9252,5700000,2,Hyderabad,Madhapur,3473,17400000,1961,98.49,62.82,65
9253,3700000,1,Mumbai,Bandra,2875,18000000,905,78.87,82.0,60
9254,5800000,3,Chennai,Velachery,3570,24800000,1284,97.12,92.76,89
9255,14100000,2,Hyderabad,Madhapur,6882,13300000,2831,79.64,88.54,85
9256,12000000,2,Bengaluru,Whitefield,1022,8300000,3818,70.4,82.19,62
9257,4100000,3,Hyderabad,Kondapur,5564,16500000,3197,82.28,95.05,78
9258,11300000,3,Hyderabad,Madhapur,6588,20200000,2959,97.3,94.34,50
9259,18900000,2,Mumbai,Powai,4807,24100000,1123,89.39,86.86,66
9260,12000000,3,Mumbai,Andheri,5716,22600000,3485,88.3,94.74,51
9261,9700000,1,Chennai,Adyar,7469,9800000,2871,88.65,89.01,60
9262,16800000,5,Bengaluru,HSR Layout,405,6000000,3160,83.22,63.32,71
9263,7600000,2,Mumbai,Andheri,3528,15100000,739,73.66,85.83,81
9264,4700000,5,Bengaluru,HSR Layout,5246,3900000,1799,75.55,68.84,76
9265,16900000,3,Bengaluru,Indiranagar,2603,11100000,2981,99.24,98.18,65
9266,6900000,1,Chennai,Velachery,9708,3600000,3275,89.37,75.79,53
9267,15800000,1,Hyderabad,Kukatpally,4241,6900000,2348,81.05,61.95,68
9268,4100000,2,Chennai,OMR,9422,20000000,3227,72.53,95.0,73
9269,4000000,1,Pune,Hinjewadi,6476,23100000,1118,96.23,61.86,98
9270,19100000,2,Mumbai,Andheri,1324,6800000,3523,82.2,96.34,66
9271,17500000,5,Mumbai,Andheri,9273,11700000,1161,88.19,87.12,60
9272,17800000,3,Pune,Baner,7199,6400000,3617,94.0,85.92,84
9273,3700000,3,Pune,Hinjewadi,6271,15800000,793,79.6,97.24,74
9274,9200000,1,Mumbai,Powai,7591,17200000,850,90.11,80.12,61
9275,9000000,2,Mumbai,Thane,7655,15000000,2980,80.7,69.61,52
9276,16800000,4,Bengaluru,Whitefield,3266,12400000,2898,85.78,72.15,80
9277,11300000,5,Mumbai,Andheri,4321,23800000,1413,76.83,89.76,61
9278,18800000,3,Bengaluru,Indiranagar,9113,14500000,2807,98.21,61.96,54
9279,8700000,3,Mumbai,Powai,1237,17300000,1585,82.69,64.53,52
9280,12300000,3,Pune,Wakad,960,20300000,3434,72.15,71.58,73
9281,16700000,1,Bengaluru,HSR Layout,2140,16800000,2556,95.87,94.34,63
9282,19300000,4,Pune,Kharadi,8875,23200000,917,73.82,64.73,80
9283,12700000,5,Bengaluru,Electronic City,2951,19200000,992,85.51,87.44,52
9284,17300000,2,Hyderabad,Gachibowli,2876,21300000,2032,86.57,84.97,87
9285,13500000,3,Chennai,Adyar,5591,8000000,2628,91.2,98.82,98
9286,4000000,3,Bengaluru,Electronic City,2474,13300000,2055,92.71,77.27,95
9287,11400000,5,Chennai,Adyar,2280,12000000,2907,92.65,95.25,52
9288,16900000,3,Hyderabad,Gachibowli,8127,19700000,1347,77.54,90.59,97
9289,4500000,4,Mumbai,Powai,8457,8100000,708,95.94,79.92,95
9290,17000000,4,Pune,Wakad,7883,6500000,1388,95.11,82.81,63
9291,17300000,2,Bengaluru,Whitefield,4554,12900000,2695,75.23,66.15,66
9292,19700000,1,Chennai,Adyar,125,8400000,2815,82.78,83.25,61
9293,6400000,4,Pune,Hinjewadi,4569,24800000,2951,82.44,92.11,71
9294,12300000,4,Bengaluru,HSR Layout,127,23700000,2827,74.19,75.68,89
9295,8700000,4,Hyderabad,Kondapur,3558,8300000,1072,86.86,75.86,79
9296,10200000,3,Mumbai,Thane,1037,20700000,701,92.33,73.3,81
9297,19600000,3,Hyderabad,Kukatpally,7185,20400000,3136,84.08,94.63,64
9298,13400000,3,Hyderabad,Gachibowli,2588,9600000,2819,89.07,99.07,85
9299,13700000,2,Mumbai,Thane,1644,3800000,886,87.25,81.41,55
9300,10300000,4,Hyderabad,Kukatpally,1662,8100000,1721,93.2,79.57,83
9301,14700000,1,Hyderabad,Kukatpally,1834,9600000,1359,87.84,79.58,94
9302,9300000,3,Pune,Baner,6600,19100000,1572,72.71,88.93,58
9303,9800000,3,Chennai,Velachery,5901,19700000,3578,95.23,76.61,73
9304,6200000,4,Pune,Kharadi,6163,21300000,1726,81.78,91.91,95
9305,14200000,2,Mumbai,Thane,3708,9300000,2902,78.26,99.56,68
9306,10800000,1,Pune,Kharadi,418,19600000,1176,89.7,73.39,53
9307,10000000,3,Bengaluru,Electronic City,3402,19500000,2128,97.83,97.91,100
9308,7300000,5,Hyderabad,Kukatpally,6427,9000000,3491,82.55,72.17,73
9309,4300000,2,Chennai,Adyar,7364,15200000,3344,88.61,84.69,93
9310,12400000,3,Chennai,Velachery,8711,12200000,3351,89.24,89.97,69
9311,11400000,4,Pune,Wakad,6579,9600000,1720,92.12,88.28,92
9312,16100000,2,Bengaluru,Indiranagar,5062,14800000,1112,72.04,97.86,54
9313,7200000,2,Mumbai,Bandra,9374,4100000,3509,89.32,74.93,51
9314,14500000,1,Mumbai,Bandra,7012,24200000,3273,72.47,99.48,89
9315,17900000,3,Bengaluru,Whitefield,109,12900000,1627,73.18,85.1,80
9316,9600000,2,Chennai,Velachery,2411,10400000,2686,73.73,79.25,65
9317,12600000,2,Pune,Kharadi,6549,14900000,3934,70.33,82.07,93
9318,16800000,1,Bengaluru,HSR Layout,9266,19000000,692,98.71,80.53,65
9319,20000000,2,Hyderabad,Madhapur,2562,16500000,1127,93.9,69.02,67
9320,8600000,2,Pune,Kharadi,815,17300000,3475,80.34,96.26,88
9321,9800000,2,Pune,Hinjewadi,2706,16000000,1614,74.18,88.56,97
9322,10900000,3,Mumbai,Bandra,3334,11500000,2268,93.31,62.67,59
9323,6400000,4,Bengaluru,Electronic City,3339,16000000,1271,84.54,99.13,83
9324,3800000,5,Bengaluru,Whitefield,4001,10500000,3523,86.33,90.21,53
9325,9500000,2,Bengaluru,Indiranagar,7318,24200000,3830,77.37,99.48,77
9326,8900000,4,Bengaluru,Whitefield,8202,22900000,3273,74.2,73.35,56
9327,17900000,3,Mumbai,Bandra,2682,9800000,2012,88.86,63.82,56
9328,14800000,2,Mumbai,Andheri,4385,14200000,869,80.99,66.06,85
9329,12700000,2,Chennai,OMR,8880,21800000,3283,77.74,72.26,78
9330,19700000,4,Chennai,OMR,2304,16800000,753,96.4,95.87,64
9331,11400000,2,Chennai,Adyar,2305,16600000,2520,93.75,83.27,95
9332,4500000,4,Hyderabad,Gachibowli,2592,15000000,1496,71.87,88.89,72
9333,15500000,4,Bengaluru,Indiranagar,1036,24000000,2933,74.95,73.16,67
9334,13100000,5,Bengaluru,HSR Layout,2939,17600000,3244,79.79,92.69,68
9335,3300000,1,Hyderabad,Kukatpally,2804,4000000,3618,86.73,74.06,92
9336,14800000,5,Pune,Kharadi,4564,21600000,2947,79.43,88.18,80
9337,5900000,2,Chennai,OMR,1207,19800000,2535,87.34,75.26,56
9338,19000000,3,Bengaluru,Indiranagar,8307,12200000,3614,74.68,94.35,51
9339,19800000,5,Pune,Wakad,3227,13200000,1214,98.88,77.53,96
9340,8300000,4,Bengaluru,HSR Layout,2446,13300000,672,84.99,64.65,58
9341,16500000,5,Hyderabad,Gachibowli,4294,24800000,660,91.74,84.59,74
9342,10700000,4,Hyderabad,Gachibowli,5828,22100000,2269,96.2,79.86,68
9343,4900000,2,Hyderabad,Gachibowli,4117,22900000,888,93.6,62.17,74
9344,7500000,2,Mumbai,Powai,7175,9800000,1951,94.76,85.94,83
9345,16000000,5,Mumbai,Powai,9145,5900000,1372,84.44,60.31,84
9346,16200000,3,Pune,Baner,9127,20100000,3363,77.1,63.37,82
9347,9300000,3,Mumbai,Andheri,951,13700000,2527,72.04,81.92,94
9348,18800000,3,Pune,Hinjewadi,6453,17900000,1962,78.16,92.69,100
9349,16100000,2,Mumbai,Andheri,906,24200000,1835,99.26,72.45,93
9350,18800000,5,Hyderabad,Kukatpally,7158,8200000,1558,71.25,78.47,64
9351,8500000,5,Chennai,OMR,9024,11900000,888,98.17,75.78,54
9352,16100000,5,Mumbai,Thane,3050,16800000,847,92.58,61.94,88
9353,5500000,1,Hyderabad,Kondapur,2044,18900000,3066,81.78,93.37,71
9354,6800000,4,Bengaluru,Whitefield,9574,21400000,1063,77.01,69.45,82
9355,9900000,3,Chennai,Adyar,6276,21400000,2868,72.18,84.62,77
9356,16000000,5,Chennai,Adyar,7532,12800000,3099,92.21,64.16,69
9357,8100000,2,Pune,Wakad,8314,24100000,3205,84.36,95.41,57
9358,13800000,3,Bengaluru,Whitefield,1129,9300000,2472,82.94,82.53,78
9359,19500000,4,Bengaluru,HSR Layout,2550,11800000,2157,83.51,86.54,81
9360,14700000,4,Hyderabad,Madhapur,4262,22600000,3808,71.0,69.83,72
9361,3900000,2,Bengaluru,Electronic City,2029,10900000,2609,97.22,82.93,65
9362,6100000,5,Chennai,OMR,9319,17300000,2239,90.2,66.56,97
9363,13500000,1,Pune,Baner,3134,23800000,3367,71.45,77.91,61
9364,12900000,4,Hyderabad,Gachibowli,3362,21800000,3669,73.95,61.21,83
9365,9400000,1,Mumbai,Powai,3000,6700000,3380,81.81,63.04,89
9366,13200000,3,Mumbai,Powai,8182,24900000,632,79.36,62.49,55
9367,12700000,1,Chennai,OMR,1488,8100000,744,83.95,91.36,94
9368,7000000,1,Chennai,Anna Nagar,3722,6000000,1340,90.88,84.89,58
9369,19700000,1,Chennai,Adyar,6975,25000000,3562,91.48,90.96,66
9370,15400000,3,Chennai,Velachery,4649,3800000,3504,73.11,99.8,66
9371,14700000,3,Mumbai,Andheri,9660,23200000,863,92.09,83.33,51
9372,9200000,2,Mumbai,Bandra,1750,7700000,879,95.06,74.53,82
9373,16500000,4,Chennai,Anna Nagar,5863,20900000,800,71.23,73.83,66
9374,3400000,4,Hyderabad,Gachibowli,2616,5800000,1370,84.7,86.72,69
9375,18900000,5,Bengaluru,HSR Layout,5005,17000000,1387,91.79,78.55,65
9376,5300000,1,Bengaluru,Electronic City,8794,5000000,3855,90.12,63.8,100
9377,5200000,2,Pune,Hinjewadi,2489,15800000,1971,74.24,73.66,92
9378,5900000,1,Bengaluru,Electronic City,5813,14900000,3600,78.87,97.41,85
9379,7100000,3,Pune,Baner,2175,5000000,1631,98.13,79.54,55
9380,15200000,1,Mumbai,Powai,6773,11800000,3545,72.15,95.64,64
9381,16500000,2,Bengaluru,HSR Layout,2931,6900000,1202,97.49,62.55,76
9382,8300000,3,Bengaluru,Indiranagar,4266,11000000,3223,74.74,84.94,98
9383,17500000,1,Mumbai,Bandra,1709,7400000,661,93.84,81.74,92
9384,15300000,2,Mumbai,Powai,654,6500000,2213,93.76,98.96,69
9385,15400000,1,Pune,Wakad,5640,8700000,1321,82.63,77.69,99
9386,8100000,4,Chennai,Adyar,4792,8400000,1604,82.31,75.75,86
9387,7800000,5,Chennai,Velachery,2803,5300000,2179,76.68,91.46,91
9388,19900000,4,Mumbai,Powai,9489,9800000,845,78.47,87.6,63
9389,11400000,1,Bengaluru,Whitefield,724,19200000,3574,71.5,84.24,81
9390,17300000,3,Pune,Hinjewadi,9698,15400000,1826,89.55,71.45,70
9391,16800000,3,Hyderabad,Kondapur,1153,16100000,1590,93.55,87.04,58
9392,15200000,3,Bengaluru,HSR Layout,8253,11100000,1045,74.64,67.12,54
9393,11300000,3,Bengaluru,HSR Layout,3603,12000000,2680,82.29,84.48,95
9394,4100000,4,Bengaluru,Indiranagar,7748,19400000,3743,79.41,74.64,88
9395,14700000,1,Pune,Hinjewadi,3195,15200000,3835,93.75,89.1,78
9396,4700000,2,Mumbai,Andheri,5239,23300000,3048,91.71,91.0,97
9397,12400000,3,Chennai,Anna Nagar,8718,14000000,1490,97.16,66.13,76
9398,13300000,5,Mumbai,Thane,9152,8400000,1642,86.99,99.58,67
9399,11000000,2,Bengaluru,Indiranagar,9447,7500000,1307,90.64,73.72,66
9400,3900000,3,Mumbai,Thane,6456,13000000,3326,98.41,72.52,91
9401,7300000,5,Chennai,Velachery,9242,10900000,3595,83.55,97.05,85
9402,4500000,4,Chennai,OMR,8321,15200000,1652,85.42,83.01,97
9403,3400000,2,Pune,Baner,6497,19100000,3235,72.03,69.03,62
9404,13800000,3,Bengaluru,Whitefield,566,21700000,898,72.4,87.38,65
9405,4000000,4,Mumbai,Bandra,4714,11400000,1343,93.78,61.21,86
9406,16400000,3,Chennai,OMR,3545,21100000,2953,79.33,93.01,58
9407,6400000,2,Hyderabad,Kukatpally,5032,9600000,2873,98.38,85.62,84
9408,13400000,3,Pune,Wakad,4773,21500000,3942,72.54,89.14,96
9409,14700000,3,Hyderabad,Gachibowli,4154,4000000,3978,77.13,71.75,96
9410,17600000,2,Pune,Kharadi,5816,15800000,3222,79.71,89.08,62
9411,12300000,4,Chennai,Adyar,6083,5600000,2463,87.66,89.02,78
9412,16400000,5,Chennai,Adyar,3318,23800000,3260,84.7,97.04,92
9413,5700000,3,Pune,Baner,3433,8700000,2293,76.76,75.95,62
9414,5000000,5,Pune,Baner,8301,20600000,3002,93.6,66.73,71
9415,10400000,3,Bengaluru,Whitefield,1578,20500000,636,87.17,60.98,67
9416,9600000,4,Hyderabad,Gachibowli,562,8800000,3454,94.36,78.44,84
9417,9400000,5,Chennai,Adyar,6783,14400000,1188,90.25,81.53,77
9418,12600000,4,Hyderabad,Gachibowli,917,7800000,2656,92.05,81.44,69
9419,4400000,2,Pune,Kharadi,8945,16900000,1567,78.36,66.78,86
9420,17000000,5,Pune,Wakad,5243,15200000,1713,77.26,97.27,60
9421,13800000,4,Chennai,Adyar,484,11000000,623,72.5,83.3,56
9422,16600000,1,Chennai,Adyar,9392,10800000,3349,79.38,86.31,97
9423,16900000,1,Bengaluru,Electronic City,8069,21300000,1400,82.9,64.85,68
9424,12500000,4,Pune,Wakad,8420,16500000,2723,99.39,86.06,97
9425,16000000,5,Hyderabad,Kondapur,5974,9800000,1940,77.48,85.42,62
9426,11100000,5,Bengaluru,Electronic City,9054,13200000,1256,83.37,78.68,50
9427,13200000,4,Hyderabad,Kukatpally,138,7000000,991,89.18,71.88,63
9428,20000000,5,Mumbai,Thane,5264,17900000,2597,87.38,82.85,96
9429,12500000,5,Hyderabad,Kondapur,654,23100000,2334,94.18,78.51,59
9430,5600000,2,Chennai,Velachery,4039,11000000,3419,93.99,92.01,59
9431,3300000,4,Bengaluru,Whitefield,1770,8500000,3932,96.82,71.23,68
9432,18900000,1,Chennai,Anna Nagar,4848,5800000,973,71.85,84.14,94
9433,15200000,2,Pune,Wakad,2826,10400000,2546,83.0,87.81,74
9434,19500000,2,Mumbai,Bandra,830,22000000,1950,95.96,92.92,84
9435,6500000,1,Chennai,Velachery,9041,9000000,2184,71.68,81.65,72
9436,6000000,5,Bengaluru,HSR Layout,4586,15300000,2904,74.12,96.71,51
9437,6700000,3,Chennai,Velachery,7083,23200000,1612,90.21,79.66,68
9438,17600000,4,Mumbai,Thane,7096,19600000,2197,94.15,78.8,96
9439,8200000,4,Pune,Baner,5607,24900000,3819,78.22,78.04,88
9440,10700000,5,Pune,Hinjewadi,3307,13000000,3359,71.72,87.99,83
9441,15100000,1,Mumbai,Thane,405,7600000,1619,91.87,94.69,52
9442,12200000,1,Hyderabad,Kondapur,7926,12900000,3895,91.42,63.72,75
9443,5000000,4,Pune,Wakad,8103,5300000,2670,91.8,80.79,54
9444,8600000,5,Mumbai,Powai,6232,8300000,2429,89.78,80.55,82
9445,17900000,3,Pune,Wakad,1479,19300000,3135,89.82,82.12,84
9446,9200000,2,Mumbai,Bandra,5072,17000000,3087,78.78,65.58,70
9447,7900000,4,Hyderabad,Madhapur,8182,23200000,3863,71.65,65.16,91
9448,12900000,4,Chennai,OMR,4558,7300000,3662,98.79,68.31,72
9449,15800000,2,Chennai,Anna Nagar,489,11300000,3720,95.87,90.26,90
9450,10600000,4,Chennai,Adyar,4670,23800000,3616,74.65,79.72,73
9451,17900000,1,Chennai,OMR,2000,5500000,789,88.88,99.98,57
9452,12200000,1,Mumbai,Bandra,6063,14500000,3546,85.26,81.26,61
9453,5800000,4,Pune,Baner,5533,10800000,1872,85.73,75.97,63
9454,19100000,3,Mumbai,Thane,1492,18300000,3659,90.57,74.55,57
9455,18800000,3,Mumbai,Bandra,808,20700000,3201,78.59,62.35,74
9456,6400000,1,Mumbai,Andheri,8992,6100000,2308,94.24,69.93,91
9457,15400000,3,Pune,Baner,7879,12000000,3555,84.31,62.12,58
9458,14300000,4,Mumbai,Bandra,7270,18900000,1833,83.3,84.97,78
9459,10000000,2,Mumbai,Bandra,7719,11700000,3099,90.12,95.84,100
9460,6700000,4,Bengaluru,Whitefield,2209,18300000,1302,82.52,60.72,81
9461,5300000,4,Hyderabad,Kondapur,9600,17400000,1079,76.89,82.24,66
9462,5300000,5,Bengaluru,Indiranagar,6677,13000000,3909,78.34,66.41,94
9463,18600000,5,Chennai,Velachery,4645,5600000,1381,91.38,66.74,78
9464,15200000,1,Pune,Baner,5575,22400000,988,76.72,92.51,84
9465,3400000,4,Chennai,Velachery,8643,6900000,1230,79.93,97.24,55
9466,17800000,4,Bengaluru,HSR Layout,769,9100000,3261,95.6,99.38,83
9467,5400000,4,Bengaluru,Whitefield,5673,7900000,3192,92.84,98.75,56
9468,5600000,3,Chennai,Adyar,227,13500000,1306,96.96,60.88,91
9469,3100000,5,Mumbai,Thane,7679,8500000,2711,79.1,63.53,52
9470,6900000,3,Mumbai,Thane,6940,9500000,2229,88.24,60.33,76
9471,12700000,3,Mumbai,Powai,6805,7300000,2233,86.72,72.72,87
9472,12400000,2,Mumbai,Bandra,5644,3900000,3297,88.67,84.87,94
9473,9300000,3,Pune,Hinjewadi,1901,5300000,3201,98.6,63.88,96
9474,12400000,2,Chennai,Velachery,449,5200000,1207,98.77,95.41,56
9475,5800000,5,Hyderabad,Kondapur,9849,19600000,2360,87.1,85.04,83
9476,8500000,5,Bengaluru,HSR Layout,3408,7100000,1887,97.73,90.97,55
9477,7800000,1,Bengaluru,Electronic City,4694,18400000,3820,81.27,87.04,80
9478,18700000,3,Bengaluru,Indiranagar,9662,14600000,2167,90.56,91.83,95
9479,3100000,4,Chennai,Anna Nagar,4323,19300000,3599,92.95,88.99,92
9480,18100000,5,Bengaluru,Indiranagar,2681,10200000,1020,79.56,99.54,84
9481,5400000,3,Hyderabad,Gachibowli,587,17400000,1689,86.24,61.64,72
9482,3400000,3,Mumbai,Andheri,2903,14000000,1084,72.5,85.27,76
9483,13800000,4,Hyderabad,Kukatpally,5671,6400000,1724,92.02,65.45,54
9484,12200000,2,Chennai,Adyar,2727,24000000,858,92.2,79.2,56
9485,16400000,5,Hyderabad,Gachibowli,2956,8500000,2136,95.92,69.86,100
9486,16400000,3,Mumbai,Powai,5870,9200000,2229,78.46,68.14,82
9487,8800000,3,Hyderabad,Kukatpally,9969,15900000,1300,70.44,91.82,51
9488,10000000,1,Chennai,Velachery,3054,17400000,2012,95.71,64.33,71
9489,7400000,4,Pune,Kharadi,9892,18600000,1217,81.41,69.25,84
9490,17400000,1,Hyderabad,Madhapur,2477,24200000,3274,81.56,72.54,88
9491,16000000,2,Chennai,Velachery,3514,16800000,3517,98.47,99.8,93
9492,6300000,5,Pune,Baner,145,3700000,2312,89.47,67.2,65
9493,3400000,2,Pune,Kharadi,7525,17900000,1392,75.28,72.83,55
9494,5300000,3,Pune,Kharadi,2583,22100000,818,86.18,68.41,68
9495,11800000,2,Pune,Baner,7036,18000000,3357,79.81,85.68,71
9496,18200000,3,Bengaluru,Electronic City,2351,16000000,1654,71.79,95.4,98
9497,3500000,1,Hyderabad,Kondapur,5132,5100000,3128,98.67,75.97,70
9498,14200000,3,Mumbai,Bandra,5305,22100000,3795,86.76,98.29,88
9499,19100000,2,Mumbai,Powai,6695,10700000,2245,72.6,68.96,80
9500,8400000,1,Pune,Hinjewadi,5874,18800000,2855,93.08,92.28,64
9501,7100000,2,Pune,Kharadi,608,17100000,798,95.87,89.3,75
9502,13000000,2,Mumbai,Powai,8772,9100000,1369,82.69,61.6,79
9503,16800000,4,Bengaluru,Indiranagar,2366,13300000,2053,97.09,79.94,53
9504,6800000,3,Mumbai,Andheri,2130,19100000,2380,75.76,65.53,80
9505,15700000,1,Bengaluru,Electronic City,7838,23700000,3427,87.76,65.92,74
9506,3800000,2,Mumbai,Thane,6714,15300000,1922,73.31,91.2,88
9507,19600000,3,Hyderabad,Madhapur,3726,18600000,783,85.62,96.67,60
9508,7400000,1,Bengaluru,Whitefield,3517,15700000,2241,92.88,87.01,96
9509,9800000,5,Pune,Hinjewadi,6061,22800000,3022,98.22,80.37,62
9510,17300000,3,Bengaluru,Indiranagar,3652,8700000,3225,82.26,91.49,90
9511,19500000,2,Bengaluru,Electronic City,3851,16300000,1121,73.75,97.9,76
9512,17200000,3,Hyderabad,Gachibowli,3566,20300000,1333,85.99,60.04,62
9513,19100000,1,Pune,Kharadi,1605,16900000,3423,89.18,90.18,79
9514,17100000,4,Mumbai,Thane,3523,11800000,800,82.97,65.18,62
9515,17400000,3,Mumbai,Bandra,879,11700000,2033,97.09,84.66,66
9516,9800000,3,Pune,Kharadi,1238,9700000,3942,99.17,82.64,94
9517,17100000,2,Hyderabad,Kukatpally,3191,17600000,3467,81.69,75.53,91
9518,18800000,2,Hyderabad,Gachibowli,4411,16400000,1879,94.05,84.01,82
9519,9600000,2,Bengaluru,Indiranagar,5197,18600000,1896,74.18,69.32,73
9520,12900000,4,Mumbai,Bandra,5302,8100000,3746,80.38,88.76,55
9521,8200000,5,Mumbai,Thane,4692,18100000,825,93.4,75.91,56
9522,4700000,4,Pune,Kharadi,5956,22500000,2884,97.15,80.63,95
9523,12800000,2,Hyderabad,Gachibowli,8406,15700000,2259,82.68,74.08,78
9524,14300000,2,Bengaluru,Electronic City,487,7400000,3338,80.53,60.47,87
9525,13300000,4,Hyderabad,Gachibowli,9548,6800000,3544,78.1,70.97,98
9526,12300000,3,Bengaluru,HSR Layout,5581,6200000,1226,99.62,68.89,70
9527,8600000,3,Bengaluru,Electronic City,9206,8100000,3364,97.86,77.67,52
9528,8900000,5,Mumbai,Powai,598,6400000,3370,76.79,74.3,65
9529,15200000,2,Bengaluru,Indiranagar,8596,19500000,3368,94.11,81.0,96
9530,15100000,4,Hyderabad,Madhapur,5660,19800000,3725,83.62,92.49,82
9531,8100000,2,Hyderabad,Gachibowli,9208,22600000,1234,73.99,95.2,68
9532,9400000,3,Mumbai,Bandra,4305,22400000,1013,92.27,75.11,61
9533,6500000,4,Bengaluru,Whitefield,3767,13500000,3088,81.18,66.81,90
9534,13900000,5,Mumbai,Bandra,9044,4700000,792,95.8,86.97,93
9535,17000000,2,Pune,Baner,8706,22500000,1824,84.75,94.24,83
9536,6500000,5,Bengaluru,Whitefield,7113,7900000,2210,71.26,77.48,77
9537,19900000,1,Pune,Wakad,3697,11500000,2705,99.32,84.54,64
9538,19200000,1,Hyderabad,Kukatpally,534,16700000,1041,93.08,69.19,97
9539,14800000,4,Mumbai,Powai,4201,9800000,3255,97.83,61.72,69
9540,18100000,1,Mumbai,Thane,8542,6400000,2725,72.98,98.76,65
9541,4600000,1,Chennai,Adyar,6970,24000000,2378,90.14,86.97,66
9542,17800000,1,Mumbai,Bandra,7854,6700000,3510,94.46,90.81,59
9543,16000000,5,Mumbai,Andheri,178,4000000,2813,88.29,75.01,86
9544,10200000,1,Pune,Hinjewadi,136,22600000,3703,84.17,79.39,92
9545,7200000,1,Mumbai,Powai,3749,14200000,3077,95.2,90.39,93
9546,9900000,1,Mumbai,Thane,9941,19800000,3382,72.2,63.64,63
9547,18900000,2,Bengaluru,Whitefield,3149,15900000,3191,99.67,78.57,66
9548,19000000,5,Hyderabad,Madhapur,323,16300000,1297,88.75,79.43,98
9549,8900000,1,Pune,Kharadi,5401,19700000,686,71.51,83.37,54
9550,13200000,2,Bengaluru,Electronic City,9778,8300000,3580,75.7,68.45,93
9551,13300000,2,Bengaluru,Electronic City,2505,19200000,1023,83.1,74.48,93
9552,19400000,1,Pune,Kharadi,7704,21100000,1523,87.84,86.75,76
9553,5900000,3,Mumbai,Thane,3084,18100000,2073,76.45,60.07,56
9554,12000000,4,Chennai,Velachery,8786,12200000,1264,70.73,61.12,59
9555,13600000,4,Mumbai,Powai,584,20400000,3255,99.52,72.48,99
9556,17200000,4,Chennai,OMR,4488,20400000,3453,95.36,82.29,66
9557,11800000,5,Hyderabad,Gachibowli,1763,12400000,903,74.89,81.24,52
9558,14400000,3,Bengaluru,Electronic City,8827,13600000,1932,76.58,60.56,71
9559,18300000,1,Bengaluru,HSR Layout,161,19300000,2887,84.87,87.53,88
9560,18500000,2,Bengaluru,Electronic City,6937,21000000,3057,87.28,80.71,75
9561,16700000,3,Bengaluru,HSR Layout,3154,18000000,2686,79.24,89.67,96
9562,18700000,1,Mumbai,Powai,9215,9000000,1693,95.71,68.43,52
9563,14400000,4,Chennai,Adyar,4317,24200000,1730,93.94,64.59,87
9564,10200000,5,Pune,Wakad,3831,18900000,3294,72.6,71.5,72
9565,19500000,3,Bengaluru,HSR Layout,7,12700000,3502,89.5,60.3,67
9566,14200000,2,Chennai,Anna Nagar,7073,9200000,1921,95.33,70.52,83
9567,13400000,2,Chennai,OMR,8551,5300000,1751,86.63,91.92,59
9568,8700000,5,Hyderabad,Gachibowli,1800,11500000,2309,82.52,90.87,51
9569,15600000,1,Mumbai,Thane,5625,17900000,3329,95.58,87.51,51
9570,11500000,2,Hyderabad,Gachibowli,1356,14600000,3465,80.08,66.71,98
9571,11700000,2,Bengaluru,Electronic City,7840,13400000,3373,99.5,68.13,70
9572,7200000,2,Pune,Hinjewadi,9222,17100000,2675,72.79,78.1,85
9573,14000000,5,Bengaluru,Whitefield,3306,11800000,2221,82.66,81.7,91
9574,18400000,3,Chennai,Anna Nagar,5494,15700000,3146,80.26,66.66,80
9575,14300000,1,Hyderabad,Kondapur,8658,14800000,1587,97.92,62.56,53
9576,19700000,3,Hyderabad,Kondapur,7583,11000000,2407,83.45,97.13,94
9577,17400000,5,Mumbai,Andheri,5713,15800000,1593,71.35,80.97,90
9578,5200000,4,Pune,Baner,2695,18800000,2854,98.88,87.4,54
9579,12400000,2,Hyderabad,Kukatpally,3606,14000000,1731,98.36,97.46,71
9580,3000000,1,Hyderabad,Kondapur,6055,19200000,2168,89.26,66.62,68
9581,18600000,3,Mumbai,Thane,6793,20500000,2207,74.28,97.29,64
9582,11100000,3,Mumbai,Bandra,9813,3500000,3792,88.36,94.06,85
9583,4300000,2,Hyderabad,Kukatpally,1136,3600000,1365,99.47,79.4,88
9584,6100000,2,Mumbai,Andheri,2359,14900000,1748,71.59,88.92,96
9585,4600000,1,Bengaluru,Electronic City,6822,16800000,3485,85.38,73.38,95
9586,6200000,1,Pune,Baner,7723,19200000,2026,96.13,79.7,78
9587,19200000,1,Mumbai,Powai,231,4400000,784,70.41,67.03,62
9588,18700000,3,Bengaluru,Whitefield,8164,7600000,3692,77.02,74.83,80
9589,3900000,3,Chennai,Adyar,3782,8600000,723,91.61,65.97,75
9590,7900000,4,Pune,Kharadi,2691,20100000,2516,70.22,62.28,51
9591,18700000,5,Mumbai,Thane,6853,21900000,3906,73.3,94.5,100
9592,13700000,4,Pune,Kharadi,1569,10400000,3653,92.03,95.02,57
9593,12500000,5,Chennai,OMR,6392,4100000,1002,80.53,66.06,76
9594,7400000,2,Bengaluru,HSR Layout,221,21400000,2364,83.54,78.55,95
9595,15100000,3,Mumbai,Bandra,5269,16200000,1039,86.54,95.99,90
9596,11900000,5,Hyderabad,Kondapur,1998,10900000,3113,76.4,73.84,58
9597,16300000,1,Hyderabad,Gachibowli,5896,8900000,3359,79.99,88.27,74
9598,16300000,5,Pune,Baner,8389,6100000,1904,78.0,74.51,78
9599,3700000,3,Mumbai,Thane,2166,20700000,2099,89.57,93.68,79
9600,14900000,5,Pune,Wakad,2087,24700000,2320,98.9,77.2,81
9601,5200000,4,Pune,Baner,5914,17700000,829,72.66,63.38,58
9602,8900000,3,Mumbai,Andheri,2311,20400000,3020,89.58,62.16,75
9603,19800000,3,Hyderabad,Gachibowli,8830,6200000,2776,87.19,99.82,94
9604,15500000,1,Pune,Wakad,2006,17400000,1298,93.14,70.31,96
9605,12800000,1,Chennai,Adyar,3782,13700000,1211,86.04,66.49,77
9606,10200000,2,Hyderabad,Madhapur,3318,7100000,1450,78.89,98.25,57
9607,11900000,2,Chennai,OMR,3126,15600000,1394,98.04,93.57,51
9608,5100000,4,Hyderabad,Kondapur,2667,20300000,3916,86.83,64.98,55
9609,19400000,1,Hyderabad,Kukatpally,5498,22100000,3267,99.77,85.62,62
9610,18900000,5,Bengaluru,Indiranagar,4183,24600000,3188,90.65,67.89,60
9611,17200000,4,Pune,Wakad,3735,12900000,3360,83.84,93.98,94
9612,17500000,3,Hyderabad,Gachibowli,5619,12700000,2684,70.85,77.71,52
9613,4700000,3,Bengaluru,HSR Layout,1949,6200000,1557,75.29,79.09,76
9614,8300000,1,Hyderabad,Kukatpally,1262,12200000,3086,94.18,74.94,94
9615,10600000,1,Hyderabad,Gachibowli,2276,16800000,3511,99.11,95.05,99
9616,7800000,3,Hyderabad,Kondapur,5733,23500000,2817,98.86,91.5,89
9617,18900000,4,Mumbai,Bandra,5361,10700000,1784,93.4,73.27,79
9618,8000000,4,Hyderabad,Gachibowli,281,20300000,1574,94.9,90.46,89
9619,8600000,5,Chennai,OMR,7305,16900000,2256,87.69,79.49,88
9620,12200000,2,Pune,Wakad,3250,24000000,3459,92.21,75.42,57
9621,8900000,2,Pune,Wakad,1142,12400000,1356,71.43,94.24,93
9622,8500000,4,Pune,Kharadi,1383,15300000,2202,85.27,75.98,57
9623,18900000,1,Mumbai,Thane,1376,7400000,2219,94.32,97.11,80
9624,18500000,3,Mumbai,Powai,2719,21300000,2855,77.39,88.74,59
9625,6400000,4,Mumbai,Powai,9562,19100000,3972,82.31,92.48,57
9626,14000000,1,Hyderabad,Gachibowli,4587,24000000,3266,91.35,79.54,91
9627,3300000,1,Pune,Wakad,8339,5000000,3962,89.03,72.69,54
9628,5800000,1,Pune,Kharadi,6026,19300000,2393,88.14,75.01,86
9629,9900000,5,Pune,Wakad,881,21900000,2954,90.21,93.99,87
9630,9200000,3,Hyderabad,Gachibowli,6842,9600000,1749,97.17,95.2,58
9631,14300000,2,Hyderabad,Gachibowli,1577,8400000,3031,78.76,62.63,57
9632,5300000,2,Pune,Kharadi,9076,22600000,1738,88.84,76.29,92
9633,8500000,3,Bengaluru,Indiranagar,9638,10900000,1541,91.28,74.81,53
9634,17100000,3,Chennai,OMR,6092,8100000,838,90.18,83.38,77
9635,14000000,1,Hyderabad,Kondapur,2752,18300000,2461,89.89,79.17,65
9636,8800000,1,Bengaluru,Whitefield,2034,16200000,2022,74.35,89.15,97
9637,14500000,5,Mumbai,Powai,8945,11600000,1899,90.98,72.5,93
9638,17100000,1,Chennai,OMR,9091,24900000,1171,92.46,75.94,54
9639,17200000,1,Hyderabad,Kukatpally,3678,19900000,3309,81.19,69.23,99
9640,15800000,3,Chennai,OMR,5374,24200000,2053,70.42,80.39,77
9641,19800000,4,Hyderabad,Kukatpally,8183,19500000,3207,75.86,67.84,87
9642,13900000,1,Mumbai,Andheri,9547,7200000,1426,83.56,74.95,86
9643,10200000,3,Hyderabad,Kukatpally,302,17800000,3382,76.55,74.52,72
9644,5500000,1,Chennai,Adyar,6103,19900000,2222,82.15,68.64,82
9645,15200000,1,Hyderabad,Kukatpally,815,24400000,680,85.42,80.36,70
9646,16700000,1,Chennai,OMR,4193,6600000,2022,83.64,61.92,90
9647,17900000,1,Hyderabad,Kukatpally,9525,15900000,2598,84.51,82.78,65
9648,18200000,5,Pune,Hinjewadi,9003,9900000,1364,83.53,97.4,100
9649,16800000,5,Pune,Hinjewadi,5220,17000000,1689,99.66,69.12,99
9650,5000000,4,Chennai,Velachery,8041,12600000,1812,84.13,91.57,66
9651,18900000,3,Pune,Wakad,4422,4300000,2884,72.34,96.83,98
9652,4500000,5,Hyderabad,Kondapur,7510,6700000,1471,87.71,91.83,50
9653,16000000,5,Chennai,Anna Nagar,7682,20100000,981,89.41,82.36,56
9654,18000000,4,Pune,Wakad,902,21100000,1334,95.99,67.77,98
9655,16000000,4,Bengaluru,Electronic City,2105,17600000,3363,79.3,71.47,82
9656,14900000,1,Hyderabad,Kukatpally,4891,6300000,3193,84.45,69.21,84
9657,7300000,3,Chennai,Adyar,4206,20400000,1245,86.39,84.06,90
9658,5500000,4,Mumbai,Bandra,7432,3800000,1565,79.26,85.9,64
9659,8200000,4,Pune,Hinjewadi,3752,17900000,3802,96.89,93.01,58
9660,18600000,4,Hyderabad,Kukatpally,2108,11900000,2729,97.91,90.52,59
9661,11600000,5,Hyderabad,Kukatpally,1169,19800000,3787,89.05,87.43,86
9662,5300000,2,Hyderabad,Kukatpally,7207,14600000,3837,92.77,61.49,93
9663,16300000,1,Bengaluru,Electronic City,549,20900000,1720,92.21,74.82,58
9664,3400000,4,Hyderabad,Madhapur,6927,11300000,1881,70.36,74.22,98
9665,6400000,1,Chennai,OMR,3882,22900000,3893,91.22,99.55,97
9666,3000000,2,Chennai,Adyar,5126,20700000,1238,88.1,97.77,69
9667,17700000,2,Mumbai,Andheri,13,17400000,1983,79.45,93.69,50
9668,14400000,3,Hyderabad,Kondapur,9577,5400000,1934,90.04,98.74,83
9669,14600000,4,Bengaluru,Whitefield,2205,18700000,3101,95.95,62.14,89
9670,12200000,5,Bengaluru,HSR Layout,8100,4600000,3816,82.18,69.84,92
9671,20000000,5,Chennai,Velachery,2985,7300000,2681,96.02,87.09,52
9672,12600000,1,Bengaluru,Electronic City,4104,13400000,1290,73.66,77.45,90
9673,16900000,5,Hyderabad,Kukatpally,6012,15500000,1298,76.64,60.44,70
9674,14300000,4,Pune,Baner,8474,11700000,1146,95.22,82.02,54
9675,3600000,3,Bengaluru,Electronic City,2640,24100000,2911,94.77,80.62,63
9676,10000000,2,Bengaluru,Whitefield,4647,10200000,1823,87.14,63.85,77
9677,19900000,1,Mumbai,Thane,1934,9900000,2963,79.66,85.29,58
9678,8500000,4,Bengaluru,Whitefield,9663,5600000,1902,78.03,87.26,59
9679,11600000,5,Mumbai,Thane,3339,9000000,3320,86.71,90.72,96
9680,18100000,1,Pune,Baner,3078,8300000,3795,82.68,67.84,96
9681,6800000,5,Pune,Baner,3474,16700000,3035,97.21,62.37,86
9682,10400000,4,Pune,Baner,69,18000000,823,85.41,73.21,56
9683,15500000,4,Pune,Hinjewadi,6082,14800000,2477,85.83,85.0,53
9684,10600000,5,Hyderabad,Gachibowli,6589,16100000,2907,96.46,89.47,56
9685,17400000,5,Bengaluru,HSR Layout,481,17100000,1754,72.06,72.62,66
9686,10600000,5,Pune,Kharadi,6364,12400000,833,79.09,61.96,66
9687,19000000,2,Mumbai,Powai,6060,3700000,775,71.99,73.34,89
9688,18000000,4,Bengaluru,Electronic City,3970,21400000,3441,93.72,81.72,86
9689,4400000,4,Mumbai,Bandra,9479,22100000,1211,84.51,98.17,70
9690,19700000,2,Hyderabad,Kukatpally,6084,19100000,2384,75.05,69.21,55
9691,17700000,3,Bengaluru,Electronic City,2860,8400000,3330,94.72,63.96,83
9692,8700000,4,Hyderabad,Madhapur,3364,18400000,1582,72.06,99.16,68
9693,14800000,1,Hyderabad,Madhapur,6481,5200000,2824,87.31,90.32,59
9694,19600000,5,Pune,Wakad,2920,24000000,627,82.49,61.3,62
9695,5600000,2,Mumbai,Andheri,2758,5500000,3518,70.61,88.89,88
9696,8200000,4,Bengaluru,HSR Layout,4840,12500000,2035,92.25,63.73,71
9697,17800000,2,Bengaluru,HSR Layout,5062,16300000,3836,96.1,67.51,58
9698,10400000,4,Mumbai,Powai,453,15700000,3135,93.24,63.25,75
9699,11800000,3,Bengaluru,Electronic City,1841,5500000,3790,74.57,65.09,77
9700,19400000,3,Mumbai,Powai,8351,21400000,3894,99.26,65.44,58
9701,7700000,4,Pune,Wakad,919,12000000,1500,97.45,83.66,64
9702,19900000,5,Bengaluru,Indiranagar,4482,21700000,2345,84.32,71.21,56
9703,8300000,5,Bengaluru,Whitefield,3807,15300000,2987,92.89,72.52,65
9704,16900000,3,Hyderabad,Kukatpally,3180,5500000,3406,84.87,67.5,73
9705,7300000,2,Mumbai,Andheri,552,13800000,832,80.87,88.94,67
9706,14000000,3,Chennai,Velachery,9153,8600000,2765,77.78,84.37,86
9707,18500000,4,Bengaluru,Indiranagar,5381,20300000,3212,87.8,79.49,82
9708,3500000,4,Chennai,OMR,1587,10800000,3860,90.85,84.11,71
9709,13100000,1,Pune,Wakad,797,12500000,2919,81.59,66.41,64
9710,18500000,2,Bengaluru,Whitefield,4939,6700000,1582,75.18,60.14,99
9711,9600000,1,Chennai,Adyar,4693,13900000,3222,84.33,94.65,67
9712,13300000,3,Chennai,Anna Nagar,534,18100000,2076,91.03,81.52,86
9713,19000000,1,Bengaluru,Electronic City,5178,4400000,1874,87.79,69.41,61
9714,7200000,4,Bengaluru,Indiranagar,3738,4800000,3671,86.46,77.74,80
9715,5600000,5,Bengaluru,Whitefield,4363,22600000,2736,94.54,72.57,56
9716,17800000,3,Pune,Hinjewadi,7438,12300000,2155,73.91,78.05,87
9717,8600000,2,Chennai,OMR,8737,17900000,718,95.95,93.27,75
9718,13500000,1,Mumbai,Bandra,3402,3900000,2200,96.09,68.62,53
9719,3900000,2,Mumbai,Andheri,6218,18700000,2452,81.53,72.32,89
9720,13400000,4,Pune,Wakad,5600,13200000,3497,96.63,75.64,51
9721,11000000,2,Mumbai,Andheri,7210,3900000,2387,89.5,66.04,70
9722,6400000,2,Bengaluru,HSR Layout,6765,17100000,2389,91.85,78.72,83
9723,16300000,1,Bengaluru,Whitefield,3510,24900000,3936,81.81,62.6,59
9724,13300000,4,Bengaluru,Indiranagar,6155,16400000,1347,98.77,91.33,51
9725,19200000,1,Mumbai,Bandra,5201,12000000,934,90.51,80.6,69
9726,11600000,4,Mumbai,Bandra,4924,4100000,718,78.08,92.53,86
9727,10300000,3,Pune,Kharadi,6991,18900000,3526,91.83,60.59,68
9728,16600000,1,Mumbai,Andheri,480,20900000,3299,76.18,90.14,77
9729,12300000,5,Mumbai,Thane,1481,8500000,3966,90.42,75.49,85
9730,10300000,1,Bengaluru,Whitefield,1082,16600000,2015,89.35,94.52,56
9731,20000000,5,Bengaluru,Electronic City,5618,8200000,2756,92.08,90.83,83
9732,13100000,4,Hyderabad,Madhapur,6985,21400000,3730,84.63,61.68,91
9733,4800000,5,Chennai,Velachery,2136,25000000,2659,98.2,68.98,59
9734,14000000,3,Chennai,Velachery,4714,24300000,906,93.95,84.57,89
9735,17400000,5,Hyderabad,Gachibowli,4044,20000000,1737,91.38,91.2,94
9736,8900000,5,Chennai,Anna Nagar,9416,13200000,1318,90.43,64.87,95
9737,11200000,5,Bengaluru,HSR Layout,6661,11700000,2810,79.28,98.25,92
9738,13300000,4,Chennai,Anna Nagar,4228,6900000,3812,76.27,80.83,62
9739,5000000,5,Mumbai,Powai,2688,8300000,3946,95.78,69.33,69
9740,12000000,2,Mumbai,Bandra,8348,13000000,2002,87.4,97.57,71
9741,8000000,1,Mumbai,Powai,2624,22400000,1803,90.95,63.62,54
9742,8900000,2,Bengaluru,Indiranagar,1681,15000000,3231,92.04,91.45,89
9743,7100000,2,Pune,Hinjewadi,9662,15500000,2688,75.34,67.73,73
9744,3000000,1,Mumbai,Thane,6344,19900000,3864,75.51,82.27,78
9745,17800000,5,Hyderabad,Gachibowli,8650,24100000,3953,95.92,96.57,63
9746,13100000,2,Pune,Hinjewadi,8918,5700000,3565,94.36,69.43,68
9747,17600000,3,Hyderabad,Madhapur,2659,20400000,3528,83.16,72.27,71
9748,12600000,1,Hyderabad,Kondapur,1531,8500000,1192,88.27,98.45,72
9749,15100000,2,Pune,Kharadi,5550,16000000,2297,98.63,86.84,57
9750,9300000,2,Bengaluru,Whitefield,9654,23200000,2152,75.42,90.37,79
9751,4800000,5,Chennai,Anna Nagar,9862,22500000,3932,71.6,81.03,62
9752,8500000,5,Chennai,Velachery,8818,19300000,2870,70.72,64.81,93
9753,17900000,5,Bengaluru,Electronic City,9619,24300000,2139,71.72,99.14,55
9754,17100000,1,Pune,Baner,7511,5000000,2533,74.85,63.55,59
9755,17300000,4,Chennai,OMR,2649,12100000,2135,76.1,81.71,53
9756,12500000,1,Hyderabad,Madhapur,7077,24400000,1397,79.35,63.82,57
9757,15000000,4,Hyderabad,Madhapur,9061,20100000,2085,79.67,83.41,50
9758,5600000,5,Chennai,OMR,8763,12000000,2381,83.53,93.83,50
9759,4800000,4,Pune,Wakad,767,4400000,3725,78.85,60.97,79
9760,4700000,3,Mumbai,Bandra,4547,17800000,2093,84.76,85.9,72
9761,8300000,4,Hyderabad,Kukatpally,723,24600000,626,79.46,95.52,77
9762,15100000,1,Bengaluru,HSR Layout,2956,7300000,2588,96.31,62.81,93
9763,11000000,4,Mumbai,Bandra,2558,23000000,2299,96.86,84.96,98
9764,6000000,4,Mumbai,Bandra,2029,18900000,1237,80.67,91.89,60
9765,4200000,2,Pune,Kharadi,5468,12200000,2647,81.33,74.94,65
9766,17400000,1,Bengaluru,HSR Layout,5347,5300000,3574,78.41,95.58,60
9767,11100000,5,Mumbai,Bandra,1540,19800000,2077,84.25,64.52,91
9768,5300000,5,Bengaluru,Indiranagar,2568,13000000,1899,87.65,79.88,68
9769,17900000,4,Mumbai,Powai,8742,4000000,1659,93.67,95.57,87
9770,12500000,2,Mumbai,Thane,8878,16800000,1544,82.14,95.28,61
9771,13500000,1,Bengaluru,Indiranagar,3314,10600000,929,96.62,85.45,56
9772,9100000,3,Pune,Hinjewadi,1183,17200000,838,97.18,65.38,82
9773,12500000,5,Mumbai,Andheri,9977,11700000,3935,90.58,99.01,78
9774,3300000,4,Hyderabad,Kondapur,2612,24200000,2559,70.02,94.12,94
9775,14700000,3,Pune,Wakad,1235,18800000,721,83.86,74.92,77
9776,14200000,5,Chennai,Velachery,1985,4500000,2183,83.42,92.13,66
9777,7300000,1,Pune,Kharadi,7344,13500000,609,98.4,99.87,54
9778,12300000,5,Chennai,Anna Nagar,2768,15900000,3531,87.44,65.15,92
9779,18800000,5,Pune,Kharadi,1063,6400000,2713,94.91,76.17,93
9780,5500000,5,Mumbai,Powai,8418,14200000,2453,84.57,73.18,59
9781,18500000,3,Hyderabad,Gachibowli,7227,24400000,2570,78.17,75.75,55
9782,10500000,4,Pune,Hinjewadi,2577,13300000,633,85.72,95.04,71
9783,6300000,3,Chennai,Adyar,5370,18600000,731,98.23,94.09,60
9784,8800000,4,Mumbai,Powai,9593,8000000,1115,71.4,74.94,55
9785,10700000,5,Mumbai,Thane,550,8200000,2971,70.88,68.73,86
9786,17800000,3,Mumbai,Powai,3404,9800000,1983,77.35,93.04,63
9787,6200000,5,Chennai,OMR,3020,8600000,1586,99.44,67.13,62
9788,19500000,4,Chennai,OMR,3939,8100000,2677,87.83,68.67,82
9789,13700000,4,Bengaluru,HSR Layout,3617,10600000,2486,71.63,94.71,82
9790,16300000,3,Bengaluru,Whitefield,9299,12400000,2595,85.93,74.26,68
9791,9600000,4,Hyderabad,Kukatpally,4859,7700000,2513,81.22,76.61,73
9792,9700000,5,Chennai,Adyar,7080,12600000,859,92.27,88.93,84
9793,19500000,4,Mumbai,Thane,2929,20300000,2335,82.9,93.57,83
9794,5800000,5,Chennai,Velachery,481,5700000,2342,92.79,71.29,53
9795,16300000,2,Pune,Hinjewadi,5459,10200000,2992,98.23,79.87,59
9796,11900000,3,Hyderabad,Kukatpally,6343,16100000,3473,75.0,97.56,83
9797,10300000,5,Chennai,Anna Nagar,8333,4800000,1063,95.34,68.5,97
9798,13400000,1,Mumbai,Thane,8550,11700000,2501,73.3,72.55,76
9799,7900000,1,Pune,Hinjewadi,4786,10200000,3381,91.64,63.09,60
9800,16900000,2,Hyderabad,Kukatpally,4964,15800000,1123,85.73,73.01,88
9801,11400000,1,Chennai,Anna Nagar,9966,10900000,953,94.82,93.83,65
9802,12600000,4,Mumbai,Thane,1430,16400000,1282,90.02,81.05,98
9803,16800000,3,Mumbai,Thane,843,14800000,3498,91.1,70.42,67
9804,15100000,5,Pune,Baner,8515,21400000,1456,93.54,77.72,78
9805,10600000,3,Pune,Hinjewadi,8776,10100000,726,87.96,72.14,88
9806,15700000,5,Bengaluru,HSR Layout,9970,24700000,2429,85.76,90.7,86
9807,7600000,2,Pune,Baner,1782,6400000,3535,70.54,98.25,81
9808,16100000,2,Pune,Hinjewadi,2255,21100000,2703,85.86,87.02,91
9809,8600000,5,Pune,Kharadi,5605,7100000,2172,80.11,79.19,59
9810,14300000,2,Pune,Baner,1594,20700000,3843,71.81,84.51,55
9811,3500000,2,Hyderabad,Kukatpally,8962,8900000,1681,82.24,88.42,84
9812,6700000,5,Pune,Hinjewadi,8000,18400000,1710,79.36,82.2,52
9813,6000000,5,Chennai,Anna Nagar,3503,21000000,2661,82.25,81.11,91
9814,9800000,4,Pune,Hinjewadi,3924,4300000,3778,72.63,88.77,98
9815,6700000,5,Chennai,OMR,7747,4100000,1060,93.1,96.76,72
9816,8900000,4,Bengaluru,HSR Layout,2700,5400000,818,83.32,79.63,70
9817,17500000,2,Chennai,Anna Nagar,9736,19300000,3568,88.51,99.34,54
9818,19900000,4,Mumbai,Thane,1586,10300000,3454,93.31,69.35,80
9819,6400000,5,Mumbai,Bandra,9280,6600000,2869,84.22,64.72,80
9820,18500000,5,Hyderabad,Madhapur,4220,21600000,3352,94.35,85.37,96
9821,12200000,1,Hyderabad,Kondapur,7285,8300000,3917,96.95,67.84,67
9822,15600000,2,Bengaluru,HSR Layout,5259,24800000,2314,85.13,72.28,93
9823,19700000,3,Pune,Wakad,2682,20500000,3608,90.48,65.03,55
9824,4800000,2,Chennai,Velachery,4239,18700000,2210,77.54,87.86,76
9825,15400000,2,Chennai,Adyar,9057,5700000,1782,91.89,93.34,97
9826,12500000,5,Bengaluru,HSR Layout,1096,15400000,2604,99.02,96.6,90
9827,9100000,1,Hyderabad,Kukatpally,8927,10900000,3085,73.15,65.22,88
9828,7000000,3,Mumbai,Powai,5794,6900000,2113,88.71,93.84,86
9829,8800000,3,Bengaluru,Whitefield,5741,14000000,807,87.8,92.09,86
9830,17200000,4,Bengaluru,Whitefield,4485,16900000,1174,86.49,77.82,63
9831,10500000,2,Hyderabad,Madhapur,3475,18200000,3375,88.17,85.38,63
9832,3700000,4,Bengaluru,Whitefield,5655,11600000,2012,94.61,82.02,52
9833,19700000,4,Pune,Baner,395,9400000,1610,78.31,86.03,100
9834,18800000,5,Mumbai,Andheri,5877,13200000,2926,96.35,71.88,50
9835,14400000,5,Pune,Wakad,1827,4000000,1697,74.85,80.86,93
9836,17500000,3,Pune,Baner,23,9100000,3995,79.56,84.37,80
9837,3100000,4,Mumbai,Thane,49,12800000,3036,78.95,64.79,58
9838,13000000,3,Bengaluru,Electronic City,302,12500000,1728,81.5,93.71,59
9839,7000000,2,Pune,Kharadi,2562,18500000,2135,70.8,84.5,74
9840,18200000,2,Hyderabad,Gachibowli,270,24400000,2033,80.86,67.14,65
9841,18200000,3,Bengaluru,Whitefield,7706,18300000,2821,80.59,91.16,63
9842,13000000,2,Bengaluru,Electronic City,3261,4600000,2623,87.82,61.08,93
9843,14200000,4,Chennai,Velachery,4058,6800000,3873,84.53,62.63,76
9844,14300000,1,Hyderabad,Kukatpally,1790,3500000,921,92.01,73.88,73
9845,11600000,4,Chennai,Adyar,3976,7400000,2948,97.22,64.21,86
9846,12400000,4,Bengaluru,Indiranagar,1681,22100000,1429,83.05,65.45,84
9847,7200000,3,Chennai,Velachery,7817,16700000,3525,78.71,61.98,70
9848,11300000,5,Pune,Baner,9888,20800000,3222,88.98,75.95,54
9849,19600000,3,Bengaluru,Indiranagar,9877,14200000,3241,85.02,97.21,50
9850,19700000,2,Hyderabad,Madhapur,5578,14900000,639,74.61,93.21,76
9851,11000000,4,Pune,Hinjewadi,9832,24100000,989,84.96,62.12,96
9852,7300000,5,Mumbai,Powai,4305,21000000,2503,70.1,77.39,83
9853,13900000,5,Chennai,Adyar,656,13300000,616,79.03,96.89,96
9854,6500000,2,Chennai,Velachery,1282,11500000,3404,81.74,68.27,91
9855,12200000,1,Pune,Hinjewadi,194,3600000,3028,91.2,99.52,83
9856,16200000,1,Bengaluru,Whitefield,2718,13900000,1386,92.28,94.16,95
9857,6500000,3,Mumbai,Thane,99,8300000,1469,84.14,87.05,73
9858,13300000,1,Pune,Baner,2087,13900000,850,93.38,77.27,83
9859,18600000,4,Pune,Wakad,1252,15300000,1036,75.17,96.15,78
9860,4100000,2,Pune,Baner,8035,22900000,2409,76.71,92.04,96
9861,8900000,4,Bengaluru,Indiranagar,934,5800000,2885,77.63,75.13,86
9862,10100000,5,Mumbai,Bandra,8050,16000000,1168,97.03,62.05,98
9863,3800000,3,Pune,Wakad,2032,15400000,2654,88.75,64.87,94
9864,12800000,4,Mumbai,Powai,7089,22400000,2701,74.8,70.96,90
9865,19500000,2,Mumbai,Thane,5008,8400000,3152,76.74,80.33,52
9866,9700000,1,Bengaluru,Whitefield,1965,13600000,2130,97.81,94.94,60
9867,13100000,3,Bengaluru,Whitefield,8444,7900000,1787,75.6,96.22,88
9868,12500000,5,Mumbai,Bandra,3561,16200000,1492,97.87,94.0,72
9869,5600000,1,Mumbai,Powai,3753,9400000,1055,90.21,70.96,92
9870,16800000,3,Pune,Wakad,9,22700000,1847,75.02,81.96,100
9871,4100000,5,Chennai,Anna Nagar,2696,21500000,983,82.72,80.03,58
9872,7000000,2,Hyderabad,Gachibowli,1023,14700000,3397,71.89,69.26,57
9873,19300000,2,Bengaluru,HSR Layout,7795,12200000,1956,95.67,91.54,58
9874,18100000,4,Bengaluru,Electronic City,3991,17800000,2347,95.72,85.71,91
9875,12400000,2,Bengaluru,Electronic City,8537,7000000,3890,89.14,97.8,91
9876,10300000,3,Chennai,Adyar,5303,10700000,1465,90.9,93.48,61
9877,8500000,1,Mumbai,Andheri,3798,10700000,3917,95.49,97.11,73
9878,13700000,4,Chennai,OMR,8537,19100000,1014,73.46,77.42,81
9879,15500000,3,Mumbai,Powai,3389,9600000,630,72.03,88.02,84
9880,4400000,2,Pune,Kharadi,4591,22900000,1329,78.08,78.28,88
9881,17400000,2,Hyderabad,Kukatpally,9966,17100000,895,77.72,84.79,83
9882,15100000,5,Chennai,OMR,6165,7600000,3226,76.9,98.69,96
9883,15300000,5,Bengaluru,Whitefield,1505,16800000,1523,73.76,80.76,86
9884,12200000,1,Hyderabad,Gachibowli,6275,10500000,2240,85.08,93.69,79
9885,18400000,3,Mumbai,Thane,8505,23300000,842,80.4,90.57,99
9886,16500000,3,Pune,Wakad,3461,19500000,953,76.2,76.32,59
9887,12300000,5,Bengaluru,Electronic City,1495,12300000,1007,99.82,90.0,90
9888,15900000,3,Hyderabad,Gachibowli,8284,23000000,906,89.94,66.38,60
9889,13300000,3,Mumbai,Powai,9324,19600000,3903,87.14,68.89,52
9890,12900000,3,Bengaluru,Indiranagar,5408,10700000,2612,76.21,79.38,79
9891,4500000,2,Pune,Hinjewadi,5285,3800000,3232,86.49,98.85,51
9892,3800000,3,Bengaluru,Indiranagar,912,7000000,2894,90.86,95.9,83
9893,16200000,1,Mumbai,Andheri,5779,15200000,3024,85.14,95.96,57
9894,18300000,1,Chennai,Anna Nagar,9017,18800000,2808,70.63,68.26,96
9895,3900000,5,Chennai,Velachery,8514,21000000,2894,73.2,63.28,52
9896,16200000,5,Hyderabad,Madhapur,9029,13200000,3157,73.02,95.79,83
9897,19300000,1,Mumbai,Bandra,6241,7500000,834,94.51,77.65,97
9898,9100000,1,Chennai,OMR,3931,5600000,1386,96.2,96.01,53
9899,16300000,1,Hyderabad,Kukatpally,1857,19100000,2259,71.41,89.89,59
9900,5100000,4,Bengaluru,Whitefield,4049,24400000,940,98.0,86.93,85
9901,6300000,4,Mumbai,Andheri,4540,7200000,1714,83.75,96.59,52
9902,3000000,5,Pune,Wakad,8503,24100000,1876,96.08,62.81,58
9903,16500000,5,Hyderabad,Gachibowli,2143,13000000,2847,75.52,84.71,56
9904,5500000,2,Mumbai,Powai,9500,14100000,2904,86.11,97.39,70
9905,14400000,2,Hyderabad,Kukatpally,7011,17700000,2634,79.71,92.46,80
9906,3300000,1,Chennai,OMR,2720,15700000,2541,84.94,80.8,51
9907,7200000,4,Bengaluru,Indiranagar,5774,18000000,2696,85.52,86.68,100
9908,6200000,4,Pune,Wakad,3796,11400000,1885,96.62,75.08,80
9909,17100000,2,Bengaluru,Indiranagar,6337,9800000,1694,86.83,65.32,61
9910,7500000,1,Hyderabad,Kondapur,2562,20300000,2782,80.61,69.79,89
9911,18000000,1,Bengaluru,HSR Layout,5708,23400000,1889,79.62,84.24,99
9912,17300000,5,Hyderabad,Gachibowli,6552,22800000,1014,80.87,83.81,85
9913,18000000,1,Bengaluru,Electronic City,3639,3700000,2929,86.08,82.68,99
9914,4900000,4,Hyderabad,Kondapur,7979,10200000,1167,90.85,61.29,87
9915,19600000,1,Chennai,Anna Nagar,7713,21800000,3329,99.04,94.88,72
9916,10900000,1,Chennai,OMR,7793,10300000,2082,79.12,94.87,63
9917,15800000,4,Bengaluru,HSR Layout,1870,15400000,3123,98.74,80.67,84
9918,11600000,3,Hyderabad,Kondapur,2546,24400000,1563,90.67,80.05,72
9919,13800000,3,Chennai,Velachery,5093,14800000,1561,90.79,91.42,77
9920,4700000,4,Mumbai,Thane,8880,8300000,1973,87.07,86.73,51
9921,13600000,4,Hyderabad,Kondapur,543,14200000,2947,99.01,64.3,82
9922,7500000,2,Chennai,OMR,6823,5500000,1487,72.82,66.42,85
9923,17000000,3,Mumbai,Thane,9137,9000000,1771,94.92,78.05,62
9924,10200000,2,Hyderabad,Gachibowli,5688,16400000,1025,89.05,70.15,76
9925,20000000,2,Pune,Wakad,3541,22600000,2815,90.72,84.91,67
9926,6300000,1,Chennai,Velachery,1694,21000000,3261,75.28,91.64,63
9927,19400000,5,Pune,Wakad,6066,14900000,1000,78.26,99.65,51
9928,18600000,3,Bengaluru,Indiranagar,8216,16200000,3993,76.25,80.78,93
9929,5800000,3,Hyderabad,Kukatpally,5903,16400000,2250,87.69,96.41,61
9930,19900000,3,Pune,Baner,2185,8000000,1240,97.35,82.12,55
9931,16000000,4,Pune,Wakad,4150,21300000,1091,75.95,78.48,88
9932,7300000,1,Hyderabad,Kukatpally,2404,9000000,1968,71.89,72.48,60
9933,15800000,4,Chennai,Adyar,2957,9600000,1810,77.83,89.96,84
9934,4800000,5,Hyderabad,Kukatpally,837,12300000,1429,84.71,73.94,75
9935,14600000,3,Hyderabad,Kukatpally,8676,16700000,1531,89.94,79.08,88
9936,3500000,1,Pune,Kharadi,215,23100000,752,80.25,93.52,50
9937,4600000,5,Chennai,Anna Nagar,6689,21100000,2781,87.72,95.21,96
9938,9700000,2,Bengaluru,Whitefield,7166,16400000,3641,87.95,67.87,83
9939,17200000,1,Bengaluru,Electronic City,5380,18500000,1909,98.17,69.46,68
9940,8300000,4,Chennai,Adyar,7381,12000000,3157,81.87,79.44,88
9941,13600000,1,Mumbai,Bandra,3575,6600000,2871,73.67,61.01,70
9942,9100000,5,Hyderabad,Gachibowli,8745,5600000,3112,99.53,72.81,60
9943,18300000,4,Bengaluru,Electronic City,6743,20200000,3602,94.84,94.26,60
9944,11900000,4,Chennai,Adyar,3662,4500000,3152,97.47,60.73,80
9945,10100000,4,Pune,Wakad,9683,7400000,1008,88.82,94.14,61
9946,4800000,2,Mumbai,Powai,3957,6100000,1757,72.85,68.8,56
9947,10400000,2,Hyderabad,Madhapur,2941,10900000,657,93.03,82.56,53
9948,17300000,2,Mumbai,Powai,7213,9500000,1796,83.77,74.06,54
9949,14100000,4,Chennai,Adyar,2197,20000000,2157,83.06,83.13,89
9950,19700000,4,Bengaluru,Whitefield,727,16200000,2823,72.91,66.91,99
9951,12000000,4,Pune,Kharadi,5563,17400000,3960,84.75,76.23,64
9952,13000000,3,Hyderabad,Kukatpally,2752,6200000,3844,73.71,86.16,60
9953,10100000,5,Bengaluru,Electronic City,9777,3900000,613,97.02,69.14,69
9954,16900000,4,Pune,Wakad,5038,17600000,3740,98.15,65.35,63
9955,9400000,5,Bengaluru,Electronic City,21,17300000,2995,75.74,64.56,52
9956,13400000,3,Hyderabad,Madhapur,793,23900000,905,86.2,65.24,90
9957,4500000,4,Mumbai,Bandra,2766,20000000,1899,75.13,76.28,91
9958,9400000,3,Mumbai,Thane,2831,8600000,1850,97.36,64.6,86
9959,7100000,3,Chennai,Adyar,2850,5000000,3228,99.19,94.98,80
9960,10800000,3,Hyderabad,Kukatpally,1201,5500000,1697,92.2,90.44,80
9961,16700000,5,Mumbai,Powai,7494,9100000,1479,76.81,64.22,88
9962,6400000,5,Hyderabad,Kondapur,4651,12800000,761,74.11,90.02,55
9963,7200000,2,Bengaluru,Indiranagar,204,20200000,934,99.13,63.48,95
9964,19700000,5,Pune,Baner,1645,20700000,967,84.51,88.0,55
9965,17500000,2,Pune,Wakad,9071,13100000,3288,78.61,99.63,98
9966,9000000,5,Chennai,Adyar,7547,14400000,2637,79.29,67.22,84
9967,7800000,4,Bengaluru,Whitefield,3579,10800000,3202,71.0,90.99,54
9968,4300000,4,Hyderabad,Kukatpally,6597,13000000,2277,90.06,98.27,57
9969,16100000,2,Pune,Hinjewadi,8318,14900000,3785,97.91,71.58,75
9970,6200000,2,Pune,Wakad,785,10700000,1992,77.18,69.09,54
9971,20000000,4,Bengaluru,Electronic City,9248,19400000,3493,86.93,81.58,87
9972,6600000,2,Chennai,Velachery,725,6700000,2592,98.01,93.43,95
9973,5700000,2,Chennai,Anna Nagar,8651,10300000,1969,86.76,86.5,87
9974,7800000,3,Chennai,Adyar,2531,18600000,2819,78.97,87.56,70
9975,14400000,5,Mumbai,Andheri,5993,14800000,1727,88.38,62.78,51
9976,4400000,3,Pune,Baner,6505,8500000,2942,96.04,84.78,79
9977,3300000,1,Chennai,Velachery,3151,22000000,1694,77.63,78.52,70
9978,19800000,2,Bengaluru,Electronic City,3805,16400000,1657,81.4,76.7,90
9979,11400000,5,Chennai,Adyar,5471,22000000,3239,98.99,73.96,82
9980,12900000,3,Bengaluru,Indiranagar,4334,10700000,3779,81.14,80.54,73
9981,4500000,1,Mumbai,Powai,6018,5300000,842,73.28,84.05,98
9982,5300000,5,Bengaluru,Electronic City,4670,23200000,3320,99.61,63.45,67
9983,3800000,1,Hyderabad,Kukatpally,5217,8000000,2838,77.53,62.64,67
9984,17900000,4,Hyderabad,Kondapur,1499,21000000,2164,82.18,62.63,78
9985,9400000,1,Mumbai,Bandra,4173,18700000,1825,84.52,78.65,97
9986,6200000,1,Bengaluru,Whitefield,8167,9000000,1540,89.73,99.94,90
9987,3500000,1,Bengaluru,Whitefield,9505,14800000,787,85.3,76.37,92
9988,18700000,3,Mumbai,Powai,6358,18800000,671,90.56,82.61,96
9989,16700000,3,Pune,Hinjewadi,9344,13800000,1855,80.9,66.77,86
9990,4400000,1,Hyderabad,Madhapur,1410,6900000,1806,94.9,64.77,84
9991,17700000,4,Chennai,Anna Nagar,8151,7900000,1379,75.3,61.38,53
9992,7200000,2,Bengaluru,Whitefield,2588,12000000,1415,95.77,92.37,66
9993,13100000,5,Chennai,Adyar,8408,11400000,3075,97.62,94.55,74
9994,15600000,2,Chennai,OMR,3381,20300000,3658,75.66,83.23,71
9995,9000000,1,Chennai,Anna Nagar,7478,6600000,2624,94.45,87.0,87
9996,9000000,1,Hyderabad,Madhapur,2315,19800000,3280,88.66,69.56,98
9997,18300000,3,Mumbai,Andheri,6187,14200000,3677,86.73,68.13,54
9998,13000000,5,Bengaluru,Electronic City,2459,4100000,1959,82.76,77.09,62
9999,8100000,5,Hyderabad,Madhapur,5968,9300000,1887,70.62,97.86,63
10000,4800000,3,Hyderabad,Kondapur,3404,12900000,1872,78.81,99.12,53
