Property_ID,City,Locality,Latitude,Longitude,Property_Type,Area_sqft,Bedrooms,Bathrooms,Floor,Parking,Furnishing,Age,Investment_Score,Risk_Score,Price_INR
1,Chennai,Velachery,17.74892,72.75304,Apartment,3734,1,1,16,Yes,Unfurnished,2,77,54,19364524
2,Hyderabad,Miyapur,12.326079,78.867748,Independent House,3749,1,1,13,Yes,Fully,3,86,40,28574878
3,Pune,Hinjewadi,14.993146,74.513177,Plot,2187,4,3,11,No,Unfurnished,25,61,90,27798957
4,Hyderabad,Miyapur,13.063892,75.911705,Apartment,3925,2,1,21,Yes,Fully,18,100,41,37695700
5,Hyderabad,Gachibowli,13.992169,75.086332,Independent House,3036,5,4,0,No,Semi,5,89,15,34309836
6,Hyderabad,Madhapur,13.944874,73.095409,Plot,4179,4,3,17,No,Fully,13,72,88,54335358
7,Mumbai,Bandra,13.019735,76.276728,Independent House,2652,3,2,4,Yes,Semi,28,99,88,10785684
8,Hyderabad,Madhapur,14.380376,72.420605,Apartment,4109,2,1,18,Yes,Fully,3,73,79,23836309
9,Mumbai,Powai,15.362766,74.494819,Villa,1444,4,3,3,No,Fully,8,80,89,16799496
10,Chennai,OMR,18.35781,74.845569,Villa,2639,5,4,17,No,Fully,7,89,98,26411112
11,Hyderabad,Gachibowli,13.355515,76.841112,Independent House,2788,4,3,14,No,Semi,2,64,14,22989848
12,Hyderabad,Banjara Hills,15.346229,73.428174,Independent House,1482,4,3,2,No,Semi,12,97,11,10766730
13,Mumbai,Andheri,12.916887,72.113944,Apartment,1777,5,4,16,Yes,Semi,27,62,28,23070791
14,Hyderabad,Jubilee Hills,16.083441,79.234374,Plot,3398,4,3,16,Yes,Fully,4,83,66,50470494
15,Hyderabad,Miyapur,15.715084,75.859896,Apartment,1005,3,2,17,Yes,Unfurnished,6,67,6,12554460
16,Pune,Kharadi,15.732998,75.824291,Villa,2770,4,3,22,No,Fully,28,62,58,34140250
17,Chennai,OMR,13.771755,73.098037,Plot,1765,3,2,7,Yes,Semi,28,81,21,11193630
18,Chennai,OMR,15.878352,75.523665,Apartment,3497,1,1,12,No,Fully,19,68,66,33350889
19,Chennai,Velachery,13.045576,79.353372,Plot,3959,3,2,22,No,Unfurnished,8,53,89,42167309
20,Hyderabad,Kondapur,14.374062,76.424513,Independent House,1496,4,3,19,Yes,Unfurnished,16,95,31,6266744
21,Pune,Kharadi,16.7051,74.164179,Apartment,2875,4,3,8,Yes,Unfurnished,0,96,65,35054875
22,Mumbai,Thane,18.877084,74.741637,Villa,4650,3,2,12,No,Unfurnished,26,58,2,34991250
23,Pune,Wakad,15.216171,73.260264,Plot,2484,3,2,0,No,Semi,30,71,71,11776644
24,Chennai,Velachery,12.635962,78.536354,Villa,2533,5,4,12,Yes,Semi,0,69,39,10337173
25,Chennai,Velachery,15.004713,77.608426,Villa,858,5,4,16,Yes,Fully,18,95,88,12250524
26,Mumbai,Powai,15.42506,72.026515,Apartment,654,5,4,23,Yes,Fully,16,54,96,5235924
27,Mumbai,Thane,17.368791,76.935792,Villa,1128,4,3,2,Yes,Semi,8,91,96,9821496
28,Hyderabad,Jubilee Hills,16.962096,74.284348,Plot,2283,4,3,14,Yes,Fully,6,69,11,20010495
29,Bengaluru,Whitefield,13.832663,74.876429,Independent House,1239,2,1,3,No,Unfurnished,15,81,51,15594054
30,Mumbai,Andheri,14.271833,74.706181,Plot,1490,3,2,3,Yes,Fully,0,97,38,6001720
31,Hyderabad,Kondapur,13.999362,79.484719,Villa,1333,1,1,8,No,Fully,10,62,99,19788385
32,Hyderabad,Jubilee Hills,17.268676,77.155926,Independent House,3865,4,3,15,Yes,Fully,4,60,61,54396010
33,Pune,Baner,13.131599,73.66298,Plot,1480,2,1,17,Yes,Semi,29,71,98,21516240
34,Bengaluru,Electronic City,18.21076,77.997261,Plot,2616,5,4,12,No,Fully,16,63,49,19125576
35,Bengaluru,Whitefield,14.7983,75.566867,Independent House,2720,2,1,0,Yes,Unfurnished,13,95,98,28016000
36,Bengaluru,Whitefield,15.656559,77.4566,Plot,2333,2,1,2,Yes,Unfurnished,25,58,30,15143503
37,Hyderabad,Gachibowli,18.604783,73.533614,Independent House,1076,3,2,7,Yes,Unfurnished,17,69,59,13548992
38,Chennai,OMR,18.19394,77.177347,Apartment,678,2,1,8,Yes,Fully,13,73,30,8247192
39,Pune,Hinjewadi,14.18201,78.560036,Villa,2181,4,3,14,Yes,Semi,24,68,14,15884223
40,Mumbai,Powai,12.993378,72.414724,Apartment,2244,1,1,5,No,Semi,28,95,41,30890904
41,Mumbai,Powai,18.89488,75.539481,Apartment,3054,4,3,0,Yes,Semi,2,72,54,30921750
42,Bengaluru,Electronic City,14.263164,77.898558,Plot,4936,4,3,0,No,Unfurnished,25,90,99,35351632
43,Pune,Wakad,18.703827,76.935828,Independent House,3473,3,2,23,No,Semi,9,50,93,32951824
44,Mumbai,Andheri,18.496696,73.463514,Independent House,4022,4,3,22,Yes,Fully,7,70,41,24831828
45,Hyderabad,Kukatpally,18.86179,79.067797,Apartment,4961,3,2,8,Yes,Unfurnished,3,76,64,32901352
46,Pune,Hinjewadi,15.968189,74.983768,Independent House,2907,3,2,6,No,Unfurnished,5,65,31,24933339
47,Bengaluru,Whitefield,12.031445,79.0626,Villa,4300,1,1,14,No,Unfurnished,28,68,30,24406800
48,Hyderabad,Gachibowli,14.58096,73.130956,Villa,3364,2,1,8,Yes,Fully,23,91,27,15518132
49,Hyderabad,Banjara Hills,12.442898,72.811102,Plot,4560,5,4,21,Yes,Fully,17,55,84,54359760
50,Pune,Wakad,18.049725,79.972963,Independent House,3892,4,3,20,Yes,Semi,23,75,27,16727816
51,Bengaluru,HSR Layout,12.997478,78.451746,Plot,621,1,1,2,No,Fully,16,60,19,8095356
52,Bengaluru,Electronic City,14.201682,76.861158,Plot,1537,1,1,2,Yes,Fully,25,64,80,18304133
53,Mumbai,Andheri,18.794846,78.525198,Villa,1508,2,1,1,Yes,Fully,26,70,16,12134876
54,Chennai,Adyar,12.163627,76.951135,Plot,4625,4,3,14,Yes,Semi,24,89,100,32042000
55,Hyderabad,Banjara Hills,16.59967,72.325213,Villa,4120,5,4,2,No,Fully,16,55,7,50914960
56,Hyderabad,Madhapur,18.696475,79.32833,Villa,1578,4,3,21,Yes,Unfurnished,26,72,79,13753848
57,Mumbai,Bandra,13.661794,74.978136,Villa,2653,5,4,5,No,Unfurnished,20,67,87,32605370
58,Mumbai,Powai,17.996196,77.903385,Independent House,2564,5,4,8,No,Semi,18,59,47,36711352
59,Pune,Wakad,13.045553,76.928416,Plot,514,1,1,13,No,Unfurnished,4,81,30,3922334
60,Bengaluru,Indiranagar,13.429291,76.991436,Plot,2967,5,4,5,Yes,Unfurnished,29,65,91,18365730
61,Hyderabad,Jubilee Hills,16.049307,76.815052,Plot,3369,5,4,7,Yes,Unfurnished,1,53,69,49109913
62,Bengaluru,HSR Layout,16.256581,76.055586,Plot,3884,2,1,19,Yes,Fully,9,54,39,48515044
63,Mumbai,Bandra,13.626077,72.310541,Independent House,2350,1,1,23,No,Fully,1,67,82,19465050
64,Chennai,Velachery,13.343559,75.109657,Villa,2161,2,1,12,No,Semi,26,83,90,20216155
65,Pune,Kharadi,12.783251,76.975753,Villa,1684,1,1,11,Yes,Fully,0,51,6,7476960
66,Bengaluru,Whitefield,13.440064,72.895758,Apartment,3644,1,1,25,Yes,Fully,20,68,62,29294116
67,Chennai,OMR,15.526161,78.811019,Apartment,3514,3,2,25,No,Unfurnished,13,83,99,48714582
68,Mumbai,Powai,17.335267,79.822926,Apartment,4788,2,1,11,No,Unfurnished,15,94,24,41770512
69,Bengaluru,Indiranagar,17.367667,75.922334,Apartment,1858,1,1,20,No,Semi,3,75,51,26807224
70,Pune,Kharadi,12.888164,76.752707,Apartment,3607,2,1,11,No,Fully,4,78,85,41664457
71,Bengaluru,HSR Layout,13.08216,73.247886,Villa,2691,3,2,23,No,Fully,16,72,21,37980774
72,Mumbai,Bandra,15.044461,73.569527,Apartment,1715,3,2,8,Yes,Semi,14,52,2,15215480
73,Pune,Baner,16.908133,76.699415,Plot,545,2,1,7,Yes,Fully,5,91,16,6019525
74,Bengaluru,Electronic City,12.137601,78.8683,Villa,3969,4,3,20,No,Unfurnished,12,81,14,45472833
75,Mumbai,Bandra,16.474829,78.631883,Independent House,4397,5,4,13,No,Unfurnished,21,61,51,18744411
76,Hyderabad,Gachibowli,16.887769,74.817,Independent House,3929,4,3,3,Yes,Semi,23,75,68,56176842
77,Bengaluru,Indiranagar,16.662265,78.645593,Plot,2351,2,1,14,No,Fully,20,58,100,23004535
78,Mumbai,Powai,16.580819,74.562564,Plot,2803,3,2,13,Yes,Fully,28,73,20,22460439
79,Pune,Hinjewadi,16.591697,74.000212,Apartment,594,2,1,18,Yes,Unfurnished,5,99,58,3076326
80,Chennai,Velachery,12.550305,78.714234,Apartment,4550,2,1,17,Yes,Semi,13,64,18,57766800
81,Pune,Hinjewadi,16.871199,75.980852,Independent House,1813,3,2,14,No,Semi,13,93,10,21152271
82,Mumbai,Thane,17.027289,77.002223,Independent House,1683,1,1,3,No,Semi,15,99,68,12614085
83,Chennai,Anna Nagar,14.336053,79.874294,Independent House,3409,4,3,6,No,Unfurnished,10,62,41,36183126
84,Chennai,OMR,17.753729,75.800425,Apartment,550,1,1,25,No,Fully,4,90,87,3911050
85,Hyderabad,Kukatpally,18.103455,73.109567,Independent House,1324,1,1,17,No,Semi,5,76,5,13296932
86,Hyderabad,Banjara Hills,15.125302,72.113044,Plot,3949,5,4,19,Yes,Semi,24,76,71,41973921
87,Hyderabad,Banjara Hills,12.902779,72.142217,Villa,1222,2,1,14,Yes,Unfurnished,11,99,96,7317336
88,Chennai,OMR,12.103107,77.20558,Apartment,761,1,1,12,No,Semi,23,88,22,3798912
89,Hyderabad,Kondapur,14.700162,78.289938,Independent House,1843,4,3,25,No,Semi,8,53,80,21773202
90,Mumbai,Bandra,16.212475,79.168928,Plot,3585,4,3,9,Yes,Semi,8,67,55,36434355
91,Pune,Baner,15.779868,75.8781,Plot,3341,5,4,6,Yes,Semi,19,53,87,18018013
92,Chennai,OMR,15.647277,74.076332,Independent House,2407,4,3,15,Yes,Unfurnished,6,62,12,32484872
93,Bengaluru,Whitefield,14.601678,75.707471,Apartment,4540,3,2,4,No,Fully,0,72,36,26050520
94,Mumbai,Powai,18.744277,74.031964,Apartment,4160,5,4,10,Yes,Unfurnished,12,55,4,58127680
95,Hyderabad,Jubilee Hills,15.951333,77.125064,Plot,1236,3,2,5,No,Unfurnished,11,65,93,11397156
96,Pune,Baner,14.223778,72.04622,Villa,956,1,1,21,No,Fully,18,78,98,6091632
97,Mumbai,Bandra,17.020587,73.56083,Apartment,1672,1,1,5,Yes,Unfurnished,29,89,48,19505552
98,Bengaluru,Indiranagar,14.323854,77.888503,Villa,1447,3,2,22,No,Fully,28,59,57,9172533
99,Chennai,Velachery,14.226468,79.225346,Apartment,2635,4,3,4,Yes,Fully,28,100,86,15254015
100,Chennai,Velachery,14.026,79.169596,Apartment,2450,1,1,23,No,Unfurnished,20,51,57,25460400
101,Hyderabad,Kukatpally,13.264805,78.746972,Villa,2288,3,2,22,Yes,Unfurnished,19,55,12,30567680
102,Bengaluru,Electronic City,16.845701,76.156496,Apartment,2157,1,1,16,No,Semi,9,90,64,10948932
103,Chennai,OMR,16.164265,72.037116,Plot,1839,3,2,16,Yes,Unfurnished,11,95,32,24677541
104,Mumbai,Thane,17.631515,73.074973,Villa,4705,1,1,2,Yes,Fully,5,60,14,59711155
105,Pune,Baner,12.720052,78.956209,Villa,4783,2,1,1,No,Unfurnished,14,81,75,53937891
106,Bengaluru,HSR Layout,18.637361,72.14807,Plot,4285,4,3,22,No,Fully,26,88,68,28675220
107,Pune,Wakad,14.274158,73.173034,Independent House,3781,5,4,7,No,Fully,20,50,47,18439937
108,Mumbai,Thane,12.240616,77.132595,Independent House,4216,1,1,21,No,Fully,17,52,80,19642344
109,Bengaluru,Whitefield,18.309948,72.675792,Villa,994,5,4,14,Yes,Fully,4,68,53,12342498
110,Pune,Kharadi,16.972519,75.687067,Independent House,3667,2,1,19,No,Semi,26,69,4,47623329
111,Bengaluru,Electronic City,13.99374,79.900084,Independent House,3166,4,3,1,Yes,Unfurnished,17,54,78,26664052
112,Bengaluru,HSR Layout,14.467179,77.402752,Independent House,3914,3,2,16,Yes,Fully,27,97,98,58506472
113,Mumbai,Thane,18.109329,76.85867,Plot,1725,4,3,14,No,Semi,23,72,38,14793600
114,Mumbai,Thane,15.75812,78.423621,Plot,4137,3,2,18,No,Fully,7,55,43,29033466
115,Mumbai,Andheri,16.339945,75.497278,Plot,4894,3,2,12,No,Semi,1,88,87,62750868
116,Mumbai,Bandra,14.811486,78.138624,Independent House,2041,4,3,22,Yes,Unfurnished,11,70,47,24438934
117,Mumbai,Bandra,13.454559,79.14513,Plot,4793,3,2,5,Yes,Fully,18,88,14,59346926
118,Hyderabad,Kondapur,12.108087,72.236257,Villa,3756,1,1,15,No,Fully,28,84,66,51096624
119,Hyderabad,Gachibowli,15.432987,75.740141,Plot,1123,2,1,25,Yes,Fully,0,93,99,14104880
120,Pune,Hinjewadi,16.36802,72.156387,Villa,3358,2,1,12,Yes,Semi,1,89,31,38180460
121,Chennai,Adyar,13.700495,75.118363,Villa,2564,4,3,13,No,Semi,28,95,63,13091784
122,Chennai,Adyar,15.736253,75.084779,Plot,3473,1,1,20,Yes,Unfurnished,13,72,71,32951824
123,Chennai,Velachery,13.374074,76.35893,Villa,2480,2,1,17,No,Semi,26,100,31,13682160
124,Bengaluru,Indiranagar,18.297321,76.70051,Independent House,1572,3,2,17,Yes,Semi,19,82,28,21637008
125,Mumbai,Powai,14.729544,72.688296,Villa,1688,3,2,24,Yes,Semi,6,92,14,7165560
126,Chennai,Velachery,14.823647,79.271384,Villa,3768,3,2,8,Yes,Unfurnished,11,93,85,37043208
127,Hyderabad,Madhapur,18.388802,77.872427,Apartment,2887,1,1,12,Yes,Fully,5,77,26,24360506
128,Mumbai,Andheri,18.549723,72.894977,Independent House,4062,5,4,1,Yes,Unfurnished,21,57,5,39474516
129,Mumbai,Thane,16.381641,76.069267,Villa,3287,5,4,13,Yes,Semi,24,62,6,46971230
130,Pune,Wakad,14.504781,75.293104,Villa,2545,1,1,20,No,Unfurnished,4,93,91,17186385
131,Chennai,Anna Nagar,15.94288,74.668574,Apartment,1592,2,1,17,No,Unfurnished,21,92,20,21692592
132,Hyderabad,Kondapur,16.911367,75.584145,Apartment,2989,2,1,5,No,Semi,14,86,47,17369079
133,Pune,Wakad,15.418403,78.271009,Independent House,1391,4,3,0,No,Unfurnished,20,68,81,15459574
134,Mumbai,Bandra,18.734158,76.203491,Villa,2927,3,2,3,No,Fully,19,70,49,20614861
135,Chennai,Velachery,15.968086,77.025689,Plot,972,1,1,1,Yes,Semi,13,81,94,5594832
136,Mumbai,Powai,13.3357,77.783602,Apartment,827,4,3,1,No,Unfurnished,9,54,85,9803258
137,Bengaluru,Indiranagar,17.629144,77.402092,Villa,2922,1,1,15,Yes,Fully,10,83,59,32901720
138,Chennai,Adyar,16.531504,74.394495,Independent House,3519,4,3,16,Yes,Unfurnished,7,93,95,51926364
139,Pune,Kharadi,12.799775,73.444013,Villa,4115,4,3,17,Yes,Unfurnished,27,66,84,34059855
140,Hyderabad,Jubilee Hills,12.5616,75.26421,Apartment,4704,5,4,25,No,Unfurnished,27,82,71,62502048
141,Pune,Kharadi,17.42486,73.094419,Apartment,2069,5,4,12,Yes,Unfurnished,11,52,2,24381096
142,Pune,Kharadi,14.568877,78.731792,Apartment,1439,3,2,8,Yes,Unfurnished,11,82,95,9716128
143,Pune,Hinjewadi,14.480479,77.551422,Apartment,779,2,1,18,No,Unfurnished,25,51,63,6365209
144,Bengaluru,Electronic City,12.096605,74.738944,Villa,4910,3,2,15,No,Unfurnished,25,52,10,55360250
145,Pune,Hinjewadi,13.5142,79.151876,Apartment,3456,3,2,6,Yes,Semi,23,79,43,43735680
146,Mumbai,Powai,14.691018,72.507863,Independent House,1694,2,1,11,Yes,Fully,1,85,99,14343098
147,Bengaluru,HSR Layout,17.176725,76.071256,Villa,1090,3,2,11,No,Semi,1,95,44,10458550
148,Bengaluru,Whitefield,14.772519,78.178782,Villa,4212,4,3,18,Yes,Unfurnished,9,96,40,47591388
149,Bengaluru,Electronic City,18.793887,77.522243,Apartment,3395,4,3,15,No,Unfurnished,8,66,70,33433960
150,Pune,Wakad,13.69215,72.454403,Villa,4611,1,1,19,Yes,Unfurnished,2,86,44,33300642
151,Chennai,OMR,16.752745,74.702199,Apartment,4483,4,3,13,Yes,Unfurnished,20,89,43,62717170
152,Chennai,OMR,13.096751,72.148811,Villa,3900,5,4,4,Yes,Semi,26,73,55,36632700
153,Mumbai,Powai,15.9151,74.890839,Independent House,3033,5,4,4,No,Unfurnished,17,80,13,34648992
154,Hyderabad,Miyapur,15.802901,73.639509,Villa,1598,1,1,8,No,Fully,4,61,95,7966030
155,Bengaluru,Electronic City,14.266822,79.228005,Apartment,3686,4,3,21,Yes,Unfurnished,25,91,52,27549164
156,Bengaluru,Whitefield,16.96485,73.934633,Independent House,2563,1,1,6,No,Semi,20,67,39,21265211
157,Chennai,Anna Nagar,15.39886,79.127757,Villa,1224,3,2,10,No,Unfurnished,18,53,27,4974336
158,Chennai,OMR,12.93369,74.421668,Independent House,1413,2,1,3,Yes,Semi,21,75,12,5869602
159,Hyderabad,Madhapur,16.023955,77.587391,Apartment,4635,5,4,1,No,Unfurnished,28,57,16,36129825
160,Pune,Hinjewadi,18.700676,72.61862,Villa,4841,3,2,7,Yes,Semi,22,61,2,58721330
161,Chennai,OMR,15.176181,74.257091,Independent House,3168,1,1,22,No,Fully,22,67,52,46569600
162,Hyderabad,Madhapur,17.109979,79.928098,Villa,4604,3,2,21,Yes,Unfurnished,26,89,5,64497436
163,Pune,Hinjewadi,14.396506,76.36944,Plot,4378,4,3,7,No,Semi,22,54,51,54098946
164,Chennai,Adyar,15.336327,73.769792,Villa,3348,5,4,2,No,Fully,6,83,22,45726984
165,Hyderabad,Kondapur,12.861238,73.230755,Independent House,3623,3,2,12,Yes,Semi,11,92,67,39900099
166,Mumbai,Bandra,16.76126,74.935403,Villa,4738,2,1,19,No,Fully,10,74,33,19406848
167,Chennai,Anna Nagar,12.639301,77.089144,Apartment,2481,3,2,6,Yes,Semi,30,100,38,27730137
168,Mumbai,Thane,14.697501,76.629607,Villa,2603,3,2,22,No,Unfurnished,21,63,43,20587127
169,Hyderabad,Gachibowli,14.904249,75.788819,Apartment,4289,4,3,14,No,Semi,4,82,97,47800905
170,Chennai,Adyar,13.544959,72.617095,Apartment,4267,1,1,3,No,Unfurnished,27,98,28,23361825
171,Pune,Kharadi,13.018671,74.674687,Apartment,3833,1,1,5,No,Fully,8,55,41,54673912
172,Bengaluru,Indiranagar,14.134772,73.054002,Villa,4072,5,4,17,No,Semi,21,81,91,33439264
173,Hyderabad,Kukatpally,13.537846,75.51286,Villa,3150,1,1,22,Yes,Fully,19,79,52,26715150
174,Bengaluru,Whitefield,18.456789,76.488475,Villa,4572,2,1,15,Yes,Fully,23,93,96,19348704
175,Hyderabad,Gachibowli,17.834934,77.649679,Plot,3897,2,1,21,No,Unfurnished,27,53,90,57656115
176,Chennai,Anna Nagar,18.618896,77.323061,Villa,4995,2,1,12,Yes,Semi,12,59,83,32407560
177,Chennai,Adyar,12.854891,79.386537,Apartment,1436,1,1,9,No,Semi,0,98,64,14021104
178,Hyderabad,Madhapur,17.374417,78.120607,Villa,1644,4,3,18,No,Unfurnished,18,88,13,13878648
179,Bengaluru,Electronic City,17.514083,74.385858,Apartment,3482,2,1,23,No,Unfurnished,23,85,15,20181672
180,Bengaluru,Indiranagar,17.093367,77.87393,Independent House,3390,1,1,5,Yes,Semi,0,91,62,34371210
181,Hyderabad,Kondapur,15.978619,72.336506,Independent House,4332,2,1,11,Yes,Semi,12,85,27,28968084
182,Pune,Kharadi,13.075599,74.113393,Apartment,2378,1,1,13,No,Fully,16,57,38,16184668
183,Pune,Hinjewadi,14.361067,72.784603,Villa,2513,1,1,19,Yes,Semi,10,55,98,34719608
184,Bengaluru,HSR Layout,13.42617,79.399188,Independent House,1738,3,2,22,Yes,Unfurnished,25,80,5,10947662
185,Chennai,Adyar,13.135591,79.725998,Plot,1256,3,2,4,No,Fully,29,69,7,17016288
186,Hyderabad,Gachibowli,13.386095,75.663238,Villa,2564,2,1,15,Yes,Semi,21,100,51,20340212
187,Chennai,Adyar,15.423371,72.130829,Apartment,2996,1,1,25,No,Semi,13,88,39,26730312
188,Chennai,Anna Nagar,16.908237,75.53625,Villa,1220,3,2,3,Yes,Fully,20,52,49,8622960
189,Pune,Baner,18.690486,76.054031,Villa,3027,4,3,5,No,Fully,0,50,23,27902886
190,Pune,Baner,14.912193,76.114204,Independent House,1606,3,2,14,No,Semi,11,69,85,23955096
191,Hyderabad,Gachibowli,15.134135,78.008591,Villa,1475,5,4,23,No,Unfurnished,30,70,62,15014025
192,Pune,Wakad,12.18063,76.385674,Plot,2480,3,2,20,Yes,Fully,20,74,64,32034160
193,Bengaluru,HSR Layout,14.156011,76.164105,Independent House,4727,1,1,1,No,Semi,24,73,89,31462912
194,Chennai,Adyar,13.86794,73.631797,Plot,3118,4,3,16,No,Fully,5,99,41,36611556
195,Chennai,Adyar,12.847672,75.59726,Apartment,4836,3,2,1,No,Semi,19,73,34,69275700
196,Bengaluru,Whitefield,14.799843,75.998491,Independent House,3808,4,3,11,Yes,Fully,27,59,69,36552992
197,Hyderabad,Banjara Hills,14.825764,76.589781,Independent House,2429,5,4,25,Yes,Unfurnished,7,92,97,26927894
198,Mumbai,Andheri,17.769724,74.184226,Villa,1051,5,4,7,No,Unfurnished,11,93,73,14618359
199,Bengaluru,Whitefield,13.925425,72.472802,Plot,4249,2,1,18,Yes,Unfurnished,17,79,15,48102929
200,Chennai,OMR,17.675432,74.144465,Independent House,2326,2,1,2,No,Fully,2,87,15,10383264
201,Chennai,OMR,15.019301,79.753463,Plot,4414,5,4,6,No,Fully,6,57,52,27327074
202,Bengaluru,Electronic City,17.233562,79.586441,Apartment,2148,5,4,2,No,Unfurnished,13,50,83,19016244
203,Chennai,Anna Nagar,16.839245,75.368151,Apartment,1362,1,1,25,No,Unfurnished,10,56,20,9356940
204,Bengaluru,Whitefield,15.555556,73.674313,Independent House,4827,5,4,21,Yes,Unfurnished,22,67,67,39175932
205,Pune,Baner,15.245984,72.346004,Apartment,726,1,1,10,No,Fully,17,79,63,3926934
206,Pune,Kharadi,16.0044,79.363792,Plot,2137,4,3,24,Yes,Fully,23,96,7,24526349
207,Bengaluru,Whitefield,12.439192,73.908808,Villa,4579,5,4,0,No,Fully,25,97,29,46948487
208,Bengaluru,HSR Layout,16.04642,75.309912,Apartment,862,5,4,4,No,Unfurnished,15,98,14,12467106
209,Pune,Baner,15.891263,78.570821,Apartment,518,1,1,22,Yes,Fully,17,89,38,2323748
210,Mumbai,Bandra,18.883142,76.901442,Apartment,1500,2,1,17,No,Fully,3,55,94,16543500
211,Mumbai,Andheri,12.524968,72.909356,Villa,2073,1,1,16,No,Semi,13,89,74,10968243
212,Hyderabad,Madhapur,16.945448,74.021171,Independent House,2903,4,3,11,Yes,Semi,12,56,21,23761055
213,Chennai,Velachery,12.012116,78.16803,Villa,4956,3,2,10,Yes,Fully,5,56,5,46512060
214,Bengaluru,HSR Layout,16.644419,73.959651,Plot,4849,1,1,16,Yes,Fully,6,63,37,71028152
215,Bengaluru,Electronic City,13.799904,72.221412,Villa,3702,2,1,20,No,Fully,30,91,83,35535498
216,Pune,Hinjewadi,12.995625,72.902901,Plot,1101,3,2,20,No,Semi,5,56,33,5747220
217,Hyderabad,Kukatpally,17.620101,77.36576,Independent House,2353,1,1,19,Yes,Unfurnished,2,55,21,17463966
218,Hyderabad,Kukatpally,16.085653,72.496435,Independent House,2580,1,1,0,No,Unfurnished,29,72,47,34396560
219,Hyderabad,Banjara Hills,17.325582,79.45804,Apartment,2534,2,1,7,Yes,Unfurnished,24,74,47,21979916
220,Bengaluru,Electronic City,15.411995,72.879043,Plot,740,4,3,2,No,Unfurnished,15,80,23,8273940
221,Bengaluru,Electronic City,13.556834,77.953775,Plot,969,1,1,3,Yes,Semi,16,53,31,11961336
222,Mumbai,Bandra,14.224735,73.642664,Independent House,1109,4,3,2,Yes,Fully,15,80,33,15900842
223,Mumbai,Bandra,17.625446,79.564626,Apartment,3485,2,1,11,Yes,Fully,7,51,77,36055810
224,Bengaluru,Electronic City,18.576092,75.215936,Villa,3072,5,4,0,No,Semi,7,54,62,22321152
225,Mumbai,Andheri,14.848855,74.745315,Apartment,2353,3,2,18,No,Unfurnished,7,50,20,10635560
226,Hyderabad,Kondapur,18.989338,73.082098,Independent House,3908,2,1,24,Yes,Unfurnished,7,77,22,24405460
227,Mumbai,Powai,18.772288,79.231718,Apartment,922,4,3,9,Yes,Unfurnished,13,54,68,5260010
228,Chennai,Velachery,18.282797,76.56252,Villa,4071,1,1,22,No,Fully,7,76,47,55780842
229,Hyderabad,Kukatpally,18.228342,75.724038,Independent House,4394,3,2,25,Yes,Semi,2,63,70,64187552
230,Bengaluru,HSR Layout,12.249693,73.087968,Plot,2260,3,2,19,No,Fully,2,80,75,13225520
231,Hyderabad,Jubilee Hills,12.819997,77.034865,Independent House,1818,4,3,17,Yes,Fully,7,95,76,18283626
232,Pune,Hinjewadi,15.743959,77.804975,Independent House,2124,1,1,0,Yes,Unfurnished,26,61,11,29217744
233,Hyderabad,Madhapur,12.513442,74.791483,Independent House,1717,4,3,13,No,Semi,10,53,11,16301198
234,Chennai,Anna Nagar,13.318754,79.431764,Apartment,4610,4,3,24,Yes,Fully,13,74,38,29093710
235,Mumbai,Thane,17.773983,75.775128,Plot,2394,5,4,4,Yes,Unfurnished,29,87,28,13234032
236,Hyderabad,Gachibowli,15.589551,73.691713,Plot,2374,1,1,19,Yes,Unfurnished,6,69,85,18089880
237,Chennai,Adyar,12.389596,76.873698,Apartment,3084,5,4,9,Yes,Semi,16,65,20,27814596
238,Pune,Wakad,17.427996,72.849726,Apartment,4403,5,4,19,No,Semi,15,54,33,40027673
239,Mumbai,Andheri,12.615024,79.379685,Villa,918,1,1,1,Yes,Unfurnished,14,93,80,10525788
240,Hyderabad,Jubilee Hills,18.368708,77.362607,Apartment,919,1,1,22,Yes,Semi,5,84,78,8012761
241,Mumbai,Powai,15.309382,79.65118,Independent House,1251,3,2,24,No,Semi,22,62,94,12929085
242,Pune,Baner,14.194099,77.835065,Independent House,1716,5,4,21,Yes,Fully,13,53,1,15895308
243,Chennai,Anna Nagar,16.324807,75.155294,Independent House,3496,3,2,3,Yes,Unfurnished,29,93,53,35442448
244,Chennai,Anna Nagar,12.935147,76.312986,Independent House,3618,4,3,21,Yes,Semi,28,61,41,32674158
245,Mumbai,Bandra,12.448125,72.946783,Apartment,3288,3,2,25,Yes,Unfurnished,11,54,79,26583480
246,Chennai,Adyar,17.173494,74.818174,Apartment,3109,3,2,19,Yes,Semi,14,76,2,28304336
247,Hyderabad,Jubilee Hills,15.984635,72.189075,Villa,785,4,3,13,Yes,Unfurnished,16,68,66,10738800
248,Mumbai,Bandra,13.412067,74.41411,Independent House,3617,1,1,16,Yes,Semi,17,98,65,39168493
249,Pune,Hinjewadi,13.451758,72.187383,Villa,3463,1,1,16,No,Unfurnished,17,63,19,16996404
250,Mumbai,Powai,18.322646,73.323433,Villa,1256,1,1,17,No,Unfurnished,16,61,30,12023688
251,Chennai,Adyar,18.60889,75.541004,Apartment,4685,1,1,2,No,Unfurnished,10,79,22,56224685
252,Chennai,Adyar,16.444962,75.564307,Villa,2983,3,2,6,No,Unfurnished,16,68,24,19845899
253,Pune,Kharadi,12.513021,77.610723,Apartment,4597,2,1,12,Yes,Semi,23,77,43,35930152
254,Mumbai,Andheri,16.338274,73.251755,Apartment,4668,4,3,21,Yes,Fully,11,93,52,51754116
255,Bengaluru,Electronic City,16.314701,78.452428,Plot,1445,2,1,15,No,Semi,16,51,45,6412910
256,Pune,Wakad,12.470361,78.483243,Apartment,637,3,2,8,No,Semi,26,81,21,6594224
257,Chennai,Velachery,13.846846,77.867354,Apartment,2296,1,1,4,Yes,Unfurnished,13,62,6,25607288
258,Hyderabad,Madhapur,14.294684,77.555513,Villa,1517,1,1,3,No,Unfurnished,3,61,26,6609569
259,Bengaluru,Indiranagar,13.259293,73.21794,Independent House,700,2,1,20,Yes,Semi,16,89,88,4698400
260,Chennai,Adyar,18.403848,76.486536,Villa,4689,2,1,15,Yes,Fully,12,60,89,22450932
261,Mumbai,Andheri,13.128874,79.160297,Villa,4428,5,4,8,Yes,Fully,25,89,1,62341812
262,Mumbai,Andheri,13.043584,78.088411,Plot,1179,4,3,9,No,Fully,29,50,12,5612040
263,Chennai,OMR,12.249801,78.674603,Independent House,4177,3,2,6,Yes,Fully,8,67,48,23382846
264,Mumbai,Powai,12.37469,79.906282,Villa,879,2,1,11,No,Unfurnished,8,82,5,7766844
265,Hyderabad,Jubilee Hills,13.297128,73.093017,Apartment,2883,3,2,20,Yes,Fully,8,71,22,40284159
266,Pune,Wakad,16.372462,79.742558,Villa,1016,4,3,3,No,Semi,25,70,88,12934696
267,Bengaluru,Whitefield,18.404534,79.191051,Plot,3107,4,3,15,No,Fully,11,56,71,20966036
268,Bengaluru,Indiranagar,16.044261,73.425685,Apartment,2815,3,2,10,Yes,Semi,3,68,59,29017020
269,Bengaluru,Electronic City,14.101969,79.753929,Villa,2042,5,4,22,Yes,Semi,0,63,71,14536998
270,Bengaluru,Whitefield,12.612857,74.243922,Apartment,2683,1,1,16,No,Semi,28,95,76,29480804
271,Chennai,Anna Nagar,12.47097,78.643294,Plot,3646,4,3,3,No,Fully,4,77,47,16188240
272,Pune,Kharadi,15.804664,73.300577,Villa,3440,3,2,4,Yes,Fully,25,57,21,28135760
273,Hyderabad,Madhapur,18.480079,72.045963,Independent House,3962,2,1,7,Yes,Semi,18,74,55,31212636
274,Hyderabad,Miyapur,13.8186,78.191845,Apartment,1982,2,1,10,Yes,Semi,24,69,10,10183516
275,Hyderabad,Jubilee Hills,16.10937,75.9821,Villa,4706,4,3,20,Yes,Semi,16,52,43,31619614
276,Mumbai,Powai,16.911399,77.294905,Apartment,2467,4,3,6,No,Unfurnished,17,93,37,10011086
277,Mumbai,Powai,12.397967,73.53523,Independent House,1775,1,1,20,Yes,Semi,16,93,63,9148350
278,Mumbai,Bandra,15.06131,77.279895,Apartment,1657,1,1,22,Yes,Fully,23,52,92,19758068
279,Chennai,Velachery,13.132603,75.502246,Villa,3504,4,3,0,Yes,Unfurnished,17,96,56,29913648
280,Bengaluru,Whitefield,12.589459,74.448269,Independent House,1753,1,1,23,No,Fully,25,86,69,17167129
281,Pune,Kharadi,15.527229,75.350247,Villa,2772,5,4,1,No,Semi,3,99,81,16931376
282,Chennai,Adyar,14.244748,77.453205,Plot,760,3,2,11,No,Semi,11,55,97,9048560
283,Hyderabad,Kondapur,15.06225,76.866725,Independent House,3454,4,3,25,Yes,Semi,10,80,14,15646620
284,Bengaluru,Electronic City,14.948597,74.512372,Villa,3941,4,3,22,Yes,Semi,8,53,87,34393107
285,Chennai,OMR,15.573579,79.961746,Independent House,1412,3,2,0,No,Semi,5,74,2,15815812
286,Pune,Kharadi,16.957009,78.791466,Villa,2906,1,1,7,No,Fully,24,86,42,21152774
287,Mumbai,Andheri,18.316136,72.928026,Plot,3911,3,2,7,No,Unfurnished,10,87,31,16629572
288,Hyderabad,Gachibowli,16.19316,73.401518,Plot,3615,4,3,17,No,Unfurnished,25,56,34,27951180
289,Hyderabad,Madhapur,14.872392,75.644495,Independent House,3522,1,1,16,No,Fully,5,56,66,39048414
290,Chennai,Anna Nagar,18.686557,74.955074,Apartment,2826,1,1,11,No,Unfurnished,10,93,15,39922902
291,Pune,Baner,13.629043,78.319706,Plot,3454,4,3,5,No,Fully,1,51,49,28436782
292,Pune,Kharadi,13.811006,77.156509,Villa,1052,2,1,22,Yes,Fully,16,70,38,7417652
293,Pune,Kharadi,12.88393,78.821995,Plot,4125,3,2,14,Yes,Unfurnished,20,56,11,54796500
294,Hyderabad,Gachibowli,17.811367,77.507839,Villa,2382,4,3,5,Yes,Semi,28,90,44,12919968
295,Bengaluru,Electronic City,18.090464,79.918453,Plot,2783,3,2,19,No,Fully,29,50,8,15114473
296,Bengaluru,Indiranagar,17.502465,75.647479,Villa,4946,4,3,7,No,Semi,23,82,32,50305766
297,Mumbai,Andheri,16.369325,78.127986,Independent House,4606,4,3,12,Yes,Unfurnished,11,81,94,20427610
298,Pune,Kharadi,15.997604,79.206556,Independent House,2120,2,1,8,No,Fully,3,80,37,20750560
299,Pune,Kharadi,17.504553,77.425231,Plot,1892,3,2,13,No,Unfurnished,27,56,20,10530872
300,Pune,Kharadi,15.764023,75.517369,Plot,1820,4,3,3,Yes,Unfurnished,14,52,99,24764740
301,Chennai,Anna Nagar,18.866356,73.261006,Independent House,1354,4,3,4,No,Fully,25,96,13,6862072
302,Chennai,Adyar,14.100858,75.692033,Independent House,1994,3,2,7,No,Unfurnished,24,64,2,7979988
303,Hyderabad,Kondapur,18.517572,75.139663,Independent House,3680,4,3,13,Yes,Fully,30,82,96,53992960
304,Bengaluru,Whitefield,18.316989,79.962062,Apartment,2267,4,3,2,No,Semi,0,50,34,30416339
305,Bengaluru,HSR Layout,14.073979,75.055549,Independent House,3720,1,1,16,Yes,Semi,2,58,7,54970440
306,Hyderabad,Kondapur,16.313182,77.093465,Plot,706,3,2,3,Yes,Fully,14,69,63,4901758
307,Mumbai,Thane,17.838598,76.69034,Plot,4752,5,4,8,Yes,Unfurnished,14,74,98,40710384
308,Bengaluru,Whitefield,12.237013,75.554748,Independent House,636,4,3,18,No,Fully,24,54,14,3395604
309,Hyderabad,Gachibowli,13.557166,72.651935,Apartment,721,2,1,17,Yes,Fully,16,54,18,8834413
310,Hyderabad,Miyapur,12.408809,72.894943,Plot,3844,3,2,2,Yes,Fully,26,96,36,53012604
311,Pune,Wakad,17.608251,75.966039,Villa,4670,1,1,11,Yes,Semi,16,82,38,25881140
312,Chennai,Velachery,12.895988,78.479234,Apartment,1605,5,4,2,No,Fully,5,73,34,23450655
313,Bengaluru,Indiranagar,18.272056,79.664513,Plot,4830,4,3,12,No,Unfurnished,11,92,90,22729980
314,Bengaluru,Electronic City,13.684583,77.941787,Villa,4314,1,1,11,No,Semi,15,71,40,23019504
315,Pune,Kharadi,15.67231,73.148176,Villa,4419,3,2,25,No,Semi,9,55,35,25091082
316,Mumbai,Powai,13.77093,72.194335,Apartment,1269,2,1,14,No,Fully,21,82,12,13457745
317,Pune,Baner,18.265394,75.702746,Independent House,1699,4,3,12,Yes,Unfurnished,2,95,74,11092771
318,Pune,Wakad,14.333,77.651046,Independent House,4652,1,1,21,No,Semi,24,83,58,21510848
319,Bengaluru,HSR Layout,16.67218,73.504587,Independent House,1611,2,1,23,No,Semi,25,52,81,19456047
320,Mumbai,Thane,13.623866,73.106127,Apartment,4630,1,1,18,No,Unfurnished,10,69,81,49897510
321,Mumbai,Bandra,12.187815,78.738221,Plot,2314,3,2,15,No,Semi,26,56,75,9711858
322,Pune,Baner,14.830726,72.817418,Plot,1349,4,3,25,Yes,Unfurnished,23,88,61,7559796
323,Mumbai,Bandra,14.652213,74.367743,Apartment,3378,5,4,10,No,Fully,7,86,52,39441528
324,Pune,Hinjewadi,14.242689,79.010878,Apartment,2871,1,1,24,Yes,Unfurnished,29,91,22,18434691
325,Hyderabad,Madhapur,18.662237,73.228357,Plot,4099,5,4,5,No,Semi,0,83,35,42297581
326,Chennai,Anna Nagar,12.936566,74.428832,Apartment,1082,2,1,18,Yes,Semi,16,98,19,11059122
327,Chennai,OMR,15.651641,78.456152,Independent House,1990,4,3,4,Yes,Semi,22,93,51,28622170
328,Chennai,Velachery,13.411857,74.45013,Apartment,2484,1,1,9,No,Unfurnished,23,68,99,14894064
329,Bengaluru,HSR Layout,18.362182,75.209855,Villa,1101,1,1,7,No,Fully,1,76,81,6051096
330,Pune,Wakad,14.050592,74.257546,Apartment,1542,4,3,6,No,Semi,14,68,25,7859574
331,Mumbai,Andheri,12.721825,76.015855,Villa,4550,3,2,16,No,Unfurnished,0,80,49,47647600
332,Mumbai,Bandra,12.897819,74.595921,Plot,3020,4,3,9,No,Fully,30,89,18,37559740
333,Chennai,Velachery,18.969137,77.827538,Apartment,3998,1,1,2,Yes,Semi,12,62,54,46676650
334,Pune,Hinjewadi,14.457046,75.344832,Villa,4163,4,3,7,No,Semi,8,74,41,61745616
335,Hyderabad,Kondapur,13.654708,78.242339,Plot,2941,1,1,17,No,Fully,2,52,94,22145730
336,Chennai,Anna Nagar,14.272929,75.424302,Apartment,1048,2,1,1,Yes,Semi,10,52,95,13692120
337,Mumbai,Andheri,17.682247,78.100231,Apartment,1599,5,4,6,No,Semi,21,67,69,23529285
338,Hyderabad,Kukatpally,15.494024,76.581682,Villa,4030,3,2,9,Yes,Fully,20,72,72,36028200
339,Pune,Baner,15.046981,77.189798,Villa,3080,4,3,15,Yes,Semi,24,63,42,22825880
340,Bengaluru,Electronic City,13.286701,79.262765,Independent House,4883,4,3,12,No,Unfurnished,3,68,45,67360985
341,Hyderabad,Kondapur,13.890337,79.072604,Independent House,2562,5,4,24,No,Semi,21,96,2,27602988
342,Chennai,Anna Nagar,12.961398,74.922423,Independent House,611,5,4,10,Yes,Fully,5,77,33,5169671
343,Hyderabad,Kondapur,15.932355,75.804444,Independent House,3946,5,4,4,Yes,Semi,19,94,13,32732070
344,Mumbai,Andheri,12.404763,77.320951,Villa,4582,3,2,13,No,Unfurnished,1,95,44,68267218
345,Hyderabad,Miyapur,14.123883,76.661307,Independent House,1717,4,3,15,Yes,Semi,10,100,51,10427341
346,Hyderabad,Jubilee Hills,17.352052,74.696131,Villa,4271,2,1,3,Yes,Fully,23,91,41,59123453
347,Mumbai,Thane,17.705076,78.646024,Villa,2713,3,2,15,Yes,Unfurnished,6,72,87,24237942
348,Mumbai,Thane,14.873451,76.524771,Apartment,2573,3,2,8,Yes,Semi,6,97,27,11521894
349,Mumbai,Powai,18.676027,78.729652,Apartment,4645,1,1,12,Yes,Semi,24,81,23,56506425
350,Mumbai,Andheri,15.588303,79.911257,Villa,1302,5,4,4,Yes,Unfurnished,10,64,41,16617426
351,Bengaluru,Indiranagar,15.883905,76.762671,Plot,2970,2,1,5,Yes,Semi,17,63,43,18847620
352,Pune,Kharadi,12.050443,76.620338,Plot,889,3,2,18,Yes,Unfurnished,10,77,81,12131294
353,Chennai,Anna Nagar,14.263515,72.912448,Plot,1240,4,3,14,Yes,Fully,3,73,5,5303480
354,Bengaluru,HSR Layout,15.110315,72.933709,Villa,4172,3,2,25,No,Unfurnished,11,87,91,48787368
355,Pune,Baner,12.054986,75.271392,Apartment,1567,1,1,18,Yes,Semi,10,63,74,21378581
356,Hyderabad,Kondapur,14.872992,76.986328,Independent House,655,1,1,1,No,Unfurnished,10,85,27,5306810
357,Chennai,Adyar,16.908375,73.701578,Villa,1778,3,2,18,Yes,Semi,4,63,93,14743176
358,Mumbai,Andheri,16.773671,75.050604,Independent House,1944,5,4,4,Yes,Semi,22,79,66,18398016
359,Mumbai,Bandra,13.481335,78.582866,Plot,1064,3,2,10,Yes,Semi,26,67,45,5848808
360,Pune,Hinjewadi,15.421568,76.354259,Independent House,4020,2,1,14,Yes,Semi,8,99,16,32027340
361,Pune,Wakad,16.27059,73.872759,Apartment,2810,3,2,2,No,Semi,18,61,84,23783840
362,Hyderabad,Miyapur,14.574563,76.112852,Villa,1926,1,1,17,No,Fully,14,60,6,15332886
363,Bengaluru,Electronic City,16.80495,78.352319,Plot,2911,1,1,20,Yes,Fully,21,68,41,35799478
364,Chennai,Velachery,15.705016,76.848586,Plot,3807,3,2,23,Yes,Fully,17,100,81,20706273
365,Mumbai,Powai,13.260735,79.496749,Plot,4909,1,1,25,No,Semi,1,59,96,27750577
366,Hyderabad,Kondapur,12.708956,74.516539,Apartment,2991,3,2,11,No,Fully,27,72,98,37115319
367,Hyderabad,Jubilee Hills,12.281692,79.416762,Independent House,2098,4,3,17,Yes,Semi,29,85,69,9738916
368,Hyderabad,Madhapur,17.063091,78.032648,Villa,923,2,1,12,Yes,Unfurnished,27,83,98,3852602
369,Mumbai,Powai,16.792539,75.605148,Independent House,3480,4,3,20,Yes,Fully,28,95,91,21120120
370,Chennai,OMR,15.283099,72.707624,Plot,4542,1,1,10,Yes,Semi,20,78,83,27329214
371,Bengaluru,Indiranagar,15.567916,77.698158,Plot,1116,4,3,21,Yes,Unfurnished,7,65,29,6725016
372,Pune,Baner,16.999949,75.768853,Plot,2956,5,4,9,No,Unfurnished,3,79,79,42386084
373,Pune,Hinjewadi,14.473029,74.794022,Apartment,3193,1,1,10,No,Fully,10,69,19,43217255
374,Bengaluru,Whitefield,18.991244,76.27898,Independent House,517,3,2,8,Yes,Unfurnished,30,84,34,3894561
375,Hyderabad,Kondapur,13.782043,74.937706,Apartment,3911,1,1,7,No,Unfurnished,19,71,10,34565418
376,Bengaluru,Electronic City,16.688399,78.743382,Plot,4747,3,2,19,Yes,Unfurnished,27,51,70,55872190
377,Chennai,Adyar,17.769661,76.358257,Villa,2077,1,1,8,No,Fully,27,93,92,11450501
378,Bengaluru,Whitefield,16.476054,73.83635,Villa,4195,2,1,7,Yes,Semi,18,57,42,21935655
379,Bengaluru,Whitefield,18.426969,72.84106,Villa,1292,4,3,21,No,Unfurnished,2,89,87,17045356
380,Chennai,OMR,13.559166,77.043709,Villa,1808,3,2,7,No,Fully,26,75,65,18264416
381,Hyderabad,Gachibowli,13.261741,75.698394,Plot,3008,1,1,0,No,Unfurnished,18,52,67,35512448
382,Chennai,Velachery,17.458848,72.032169,Villa,4939,3,2,10,Yes,Unfurnished,21,69,2,36089273
383,Hyderabad,Jubilee Hills,12.24681,78.647058,Plot,4198,2,1,10,No,Fully,14,51,37,57222938
384,Mumbai,Powai,14.726211,79.02055,Villa,1489,3,2,12,Yes,Unfurnished,21,70,78,6282091
385,Hyderabad,Gachibowli,13.219609,79.982578,Plot,1943,2,1,1,No,Semi,21,58,65,14974701
386,Mumbai,Bandra,17.160387,76.58595,Plot,3033,1,1,18,No,Unfurnished,2,56,14,28968183
387,Pune,Kharadi,13.882821,73.188492,Independent House,3947,4,3,20,No,Unfurnished,14,66,66,31248399
388,Pune,Wakad,12.514604,79.940574,Villa,505,5,4,0,Yes,Semi,5,50,70,3067875
389,Chennai,Anna Nagar,12.134079,78.698211,Plot,3176,3,2,21,Yes,Fully,7,55,61,20348632
390,Chennai,Velachery,16.21634,78.471176,Apartment,4933,2,1,21,Yes,Unfurnished,26,86,39,70522168
391,Mumbai,Andheri,16.019186,77.386852,Villa,2116,3,2,8,No,Semi,3,77,68,22507892
392,Bengaluru,Indiranagar,13.692516,73.175653,Apartment,4880,2,1,15,No,Fully,28,70,84,36053440
393,Pune,Hinjewadi,18.5463,75.368613,Independent House,1360,3,2,11,No,Fully,13,85,70,10794320
394,Pune,Baner,17.470208,73.769169,Apartment,4100,2,1,15,No,Semi,22,67,93,45329600
395,Hyderabad,Jubilee Hills,17.838563,74.38974,Plot,4351,2,1,15,Yes,Unfurnished,28,60,57,55357773
396,Hyderabad,Jubilee Hills,13.052032,78.231976,Independent House,1204,3,2,23,No,Semi,19,100,1,10364032
397,Mumbai,Powai,17.042468,73.143048,Apartment,2431,3,2,23,No,Semi,13,91,63,11155859
398,Chennai,Velachery,18.630909,75.753048,Apartment,4488,5,4,13,No,Unfurnished,3,99,13,26447784
399,Mumbai,Bandra,16.016744,78.905171,Villa,908,2,1,7,No,Semi,14,50,14,6628400
400,Hyderabad,Kondapur,12.959171,76.097392,Plot,1849,2,1,4,No,Unfurnished,4,63,92,26917742
401,Mumbai,Bandra,13.726766,79.789506,Villa,2602,1,1,14,Yes,Unfurnished,10,79,42,16314540
402,Hyderabad,Gachibowli,13.563432,79.019767,Villa,1180,4,3,7,Yes,Semi,2,91,10,7817500
403,Mumbai,Thane,16.839491,72.962802,Apartment,3182,1,1,10,Yes,Unfurnished,8,88,82,29805794
404,Bengaluru,HSR Layout,16.369018,78.86224,Apartment,538,5,4,0,Yes,Unfurnished,8,86,34,3333986
405,Bengaluru,HSR Layout,12.257441,72.807165,Villa,3951,5,4,20,Yes,Unfurnished,23,56,37,49284774
406,Bengaluru,Whitefield,16.748264,75.708923,Plot,4197,1,1,19,No,Unfurnished,1,87,42,42125289
407,Mumbai,Powai,12.915319,72.232873,Villa,2865,1,1,12,No,Unfurnished,11,71,33,23475810
408,Chennai,Anna Nagar,13.121368,74.919948,Apartment,4116,3,2,21,No,Fully,25,56,15,36562428
409,Mumbai,Powai,12.221646,72.428378,Plot,4739,3,2,12,Yes,Semi,11,62,12,40793312
410,Mumbai,Powai,14.680989,76.163744,Apartment,4599,1,1,19,Yes,Unfurnished,11,57,87,21091014
411,Chennai,Velachery,12.052274,72.508872,Plot,1994,5,4,3,No,Unfurnished,24,71,20,19706702
412,Pune,Baner,14.248596,79.250579,Villa,3450,4,3,15,No,Semi,21,69,91,18391950
413,Chennai,Adyar,18.801011,74.137041,Independent House,1046,3,2,3,Yes,Unfurnished,15,59,100,12383594
414,Mumbai,Bandra,15.977432,76.089066,Plot,3038,3,2,15,Yes,Semi,30,85,84,17863440
415,Bengaluru,Electronic City,13.108219,79.873873,Independent House,4093,1,1,9,Yes,Semi,0,76,48,60032031
416,Hyderabad,Gachibowli,15.742705,75.978788,Independent House,3431,1,1,7,Yes,Semi,0,89,90,21944676
417,Hyderabad,Kukatpally,17.983557,78.926929,Villa,2487,3,2,2,Yes,Semi,13,69,78,21201675
418,Pune,Hinjewadi,18.290368,74.911042,Plot,4532,1,1,0,Yes,Fully,20,63,8,32118284
419,Pune,Baner,14.278004,78.870705,Villa,1961,3,2,9,No,Fully,1,53,8,10059930
420,Bengaluru,Indiranagar,13.941147,76.203335,Plot,4981,4,3,4,Yes,Unfurnished,16,82,11,65046879
421,Chennai,Adyar,16.987966,74.61464,Independent House,1389,4,3,1,Yes,Fully,4,99,71,15459570
422,Mumbai,Bandra,12.842946,79.165493,Plot,3100,5,4,13,No,Semi,7,79,75,39490900
423,Pune,Kharadi,17.597878,78.675385,Plot,3292,2,1,4,No,Unfurnished,25,54,87,25786236
424,Hyderabad,Jubilee Hills,17.417983,78.913818,Independent House,1107,1,1,9,No,Fully,8,51,27,11675529
425,Bengaluru,HSR Layout,13.882948,74.508222,Villa,3570,3,2,13,Yes,Fully,17,81,36,50297730
426,Bengaluru,Electronic City,15.406956,76.184073,Villa,964,1,1,12,Yes,Fully,9,62,7,6319984
427,Mumbai,Andheri,14.942268,76.043098,Apartment,3704,5,4,12,No,Unfurnished,9,61,99,17079144
428,Bengaluru,Whitefield,13.558519,79.732917,Apartment,3684,1,1,17,No,Fully,5,50,53,24642276
429,Pune,Baner,13.215854,77.518706,Apartment,2294,1,1,22,No,Fully,9,79,88,26291534
430,Hyderabad,Madhapur,16.752164,78.718103,Plot,3270,5,4,12,No,Semi,20,84,80,13907310
431,Pune,Kharadi,17.276262,77.420966,Plot,1256,2,1,25,Yes,Fully,11,96,65,12720768
432,Hyderabad,Miyapur,12.683584,72.738735,Villa,4467,3,2,11,No,Unfurnished,15,59,61,45125634
433,Hyderabad,Kukatpally,15.045768,75.763663,Plot,3770,2,1,24,Yes,Unfurnished,30,72,37,44912010
434,Hyderabad,Miyapur,13.901312,76.088771,Villa,1676,1,1,21,No,Unfurnished,28,78,72,24980780
435,Pune,Baner,13.268545,78.219539,Villa,3035,5,4,13,Yes,Unfurnished,22,97,20,42760115
436,Pune,Wakad,13.847801,72.601369,Villa,1060,5,4,5,No,Unfurnished,0,70,94,10754760
437,Hyderabad,Madhapur,16.877812,73.701016,Independent House,2085,3,2,2,No,Unfurnished,11,78,95,8579775
438,Pune,Kharadi,12.863735,77.767354,Independent House,1892,2,1,19,Yes,Semi,2,99,48,17516136
439,Mumbai,Andheri,17.70792,78.638591,Villa,1648,2,1,20,No,Fully,2,71,1,14710048
440,Mumbai,Bandra,18.263749,74.908571,Apartment,1822,2,1,23,No,Semi,17,98,2,21204436
441,Pune,Baner,18.192025,74.434878,Apartment,1095,2,1,12,Yes,Unfurnished,25,66,32,13308630
442,Mumbai,Thane,13.51027,74.08853,Villa,4741,5,4,10,No,Fully,2,82,82,60784361
443,Hyderabad,Kondapur,12.229287,78.390561,Plot,2588,4,3,4,No,Fully,29,77,48,16710716
444,Mumbai,Powai,18.703074,77.426704,Villa,1139,2,1,24,No,Fully,28,54,93,14993796
445,Mumbai,Bandra,18.409447,72.64055,Apartment,1603,1,1,3,No,Fully,4,67,96,12734232
446,Chennai,Anna Nagar,18.803856,79.126634,Apartment,3039,4,3,5,Yes,Semi,19,73,93,27870669
447,Pune,Baner,18.293923,77.091998,Apartment,2811,3,2,7,Yes,Fully,11,51,69,23899122
448,Chennai,Adyar,14.311874,72.726981,Apartment,1766,1,1,22,Yes,Fully,1,88,64,21778312
449,Bengaluru,HSR Layout,14.968597,78.351723,Independent House,883,5,4,21,No,Unfurnished,12,80,28,4898001
450,Pune,Wakad,17.637481,75.661991,Plot,2775,2,1,16,Yes,Unfurnished,16,82,91,34570950
451,Mumbai,Powai,14.004142,73.72083,Independent House,2622,4,3,14,Yes,Fully,9,73,69,23957214
452,Chennai,Velachery,15.070164,74.897674,Plot,4380,5,4,12,No,Unfurnished,28,73,18,47334660
453,Mumbai,Bandra,14.296421,72.190939,Villa,2523,3,2,24,No,Semi,7,94,52,10392237
454,Bengaluru,Whitefield,13.747436,72.592765,Apartment,2367,2,1,6,Yes,Unfurnished,1,100,12,16436448
455,Hyderabad,Banjara Hills,17.589105,74.692215,Apartment,513,5,4,1,Yes,Fully,23,58,65,4463100
456,Hyderabad,Miyapur,17.352266,77.74957,Apartment,4321,3,2,6,No,Unfurnished,15,90,47,28514279
457,Pune,Baner,15.831066,75.311044,Independent House,4513,1,1,25,No,Unfurnished,7,69,96,31961066
458,Mumbai,Thane,16.572048,74.767841,Apartment,1875,5,4,0,Yes,Semi,27,69,85,22786875
459,Bengaluru,Whitefield,18.531009,79.995983,Independent House,2673,5,4,20,No,Unfurnished,9,99,8,21846429
460,Hyderabad,Miyapur,15.688073,78.441172,Villa,1457,5,4,7,No,Unfurnished,22,72,72,14003227
461,Bengaluru,Whitefield,14.266368,73.917567,Apartment,2955,5,4,6,Yes,Semi,1,55,75,37283235
462,Hyderabad,Banjara Hills,15.777062,74.863615,Independent House,3717,1,1,22,Yes,Fully,14,66,91,29512980
463,Hyderabad,Kukatpally,17.686288,77.891282,Plot,4644,5,4,1,Yes,Unfurnished,19,64,3,39864096
464,Hyderabad,Kondapur,17.893159,72.228346,Villa,1051,5,4,24,No,Semi,4,50,11,11915187
465,Chennai,Adyar,12.873079,72.597066,Independent House,3926,4,3,25,Yes,Semi,11,85,62,55792386
466,Mumbai,Andheri,13.033979,78.977587,Independent House,2645,4,3,13,Yes,Fully,26,86,46,34083470
467,Mumbai,Powai,17.002539,78.828017,Independent House,1243,2,1,1,No,Unfurnished,18,63,31,12714647
468,Chennai,Adyar,13.347545,79.031189,Villa,4787,4,3,25,Yes,Semi,15,73,64,45457352
469,Mumbai,Thane,15.633719,73.342425,Apartment,1089,1,1,13,Yes,Semi,15,73,23,10727739
470,Chennai,OMR,17.642047,72.404684,Plot,2101,5,4,13,Yes,Unfurnished,3,78,32,16887838
471,Mumbai,Powai,16.870841,79.820103,Independent House,1745,4,3,20,No,Fully,30,83,100,12888570
472,Bengaluru,Indiranagar,13.764938,73.561972,Plot,697,1,1,25,No,Semi,3,67,44,10434090
473,Bengaluru,HSR Layout,15.159981,72.997608,Apartment,1145,5,4,8,No,Semi,10,72,80,10017605
474,Hyderabad,Kukatpally,12.05512,77.481491,Villa,2941,2,1,10,No,Unfurnished,23,95,42,21466359
475,Bengaluru,Electronic City,15.909645,79.310794,Apartment,1332,1,1,12,No,Unfurnished,4,58,3,19095552
476,Pune,Hinjewadi,14.338193,73.848152,Villa,3776,5,4,21,No,Unfurnished,4,57,41,46542976
477,Hyderabad,Jubilee Hills,16.940185,74.539909,Independent House,3302,5,4,21,Yes,Semi,5,83,82,46000162
478,Pune,Hinjewadi,13.869514,77.093354,Apartment,1741,4,3,9,Yes,Fully,28,79,41,7740486
479,Pune,Wakad,17.251183,76.981993,Apartment,3115,5,4,13,No,Fully,24,69,50,19652535
480,Mumbai,Thane,15.238612,73.707511,Independent House,3550,1,1,1,No,Semi,12,89,37,27576400
481,Bengaluru,Indiranagar,18.19875,72.57122,Apartment,2825,5,4,0,Yes,Semi,9,80,18,35741900
482,Mumbai,Bandra,18.415267,73.212871,Apartment,671,3,2,24,Yes,Fully,19,68,3,4223945
483,Chennai,Anna Nagar,17.539004,73.591983,Plot,2322,4,3,18,No,Semi,9,96,20,23173560
484,Bengaluru,Indiranagar,15.688155,74.842292,Apartment,1978,1,1,4,Yes,Semi,14,68,3,19008580
485,Pune,Baner,14.195685,76.557826,Plot,1813,4,3,10,Yes,Semi,21,93,49,21937300
486,Pune,Hinjewadi,17.03178,78.024124,Plot,2254,3,2,19,Yes,Unfurnished,27,84,20,23948750
487,Mumbai,Bandra,14.667889,76.779059,Independent House,1953,2,1,9,Yes,Semi,26,100,64,9138087
488,Bengaluru,Indiranagar,15.127898,79.51853,Villa,4493,4,3,11,No,Semi,11,71,20,46713721
489,Bengaluru,Indiranagar,12.870399,76.24186,Plot,4589,2,1,23,Yes,Unfurnished,24,72,91,37203023
490,Bengaluru,Indiranagar,17.899829,76.412225,Plot,2108,1,1,21,No,Unfurnished,16,76,79,28656152
491,Pune,Kharadi,13.365971,72.853396,Apartment,4434,2,1,9,No,Semi,16,93,23,40296192
492,Chennai,OMR,17.066522,73.070925,Apartment,3976,5,4,10,No,Unfurnished,8,59,89,48348160
493,Mumbai,Andheri,18.555797,79.92428,Independent House,4685,5,4,12,No,Semi,10,77,52,69085010
494,Bengaluru,Whitefield,16.525151,77.422128,Villa,4484,2,1,15,Yes,Fully,9,71,36,35522248
495,Chennai,Adyar,15.598035,78.407167,Plot,926,2,1,23,No,Semi,8,68,77,13331622
496,Pune,Hinjewadi,18.881306,72.814002,Independent House,4349,4,3,6,Yes,Semi,27,95,14,46712609
497,Bengaluru,Whitefield,17.182581,77.919028,Apartment,1519,5,4,2,No,Unfurnished,21,90,49,21042707
498,Hyderabad,Banjara Hills,12.639966,72.453531,Villa,4827,3,2,12,Yes,Semi,25,60,15,48202422
499,Mumbai,Bandra,12.232111,75.914686,Villa,1450,3,2,12,Yes,Semi,3,52,33,16167500
500,Hyderabad,Jubilee Hills,17.305323,73.145736,Independent House,3492,3,2,19,Yes,Fully,28,68,10,30610872
501,Hyderabad,Kukatpally,18.371375,78.767052,Plot,1454,4,3,24,Yes,Unfurnished,25,56,51,21421782
502,Mumbai,Powai,15.893907,74.769643,Independent House,1995,4,3,1,Yes,Fully,9,93,5,27822270
503,Hyderabad,Kondapur,18.29691,76.959973,Plot,1880,1,1,15,No,Unfurnished,9,96,62,16946320
504,Hyderabad,Jubilee Hills,16.502389,74.77592,Plot,3987,1,1,0,No,Fully,2,78,65,25779942
505,Hyderabad,Madhapur,16.790603,76.288168,Plot,1645,3,2,22,Yes,Fully,11,76,91,19332040
506,Hyderabad,Madhapur,16.418872,77.14785,Villa,4075,1,1,24,No,Fully,24,61,80,26165575
507,Hyderabad,Gachibowli,15.160788,72.418999,Apartment,4227,3,2,12,No,Unfurnished,25,70,19,44801973
508,Pune,Hinjewadi,14.742087,78.036301,Apartment,1600,4,3,24,No,Semi,5,85,65,9816000
509,Hyderabad,Madhapur,13.016797,79.766206,Apartment,4280,3,2,11,No,Unfurnished,16,56,77,29352240
510,Chennai,Anna Nagar,15.2076,76.697536,Plot,1206,3,2,4,Yes,Unfurnished,13,83,19,9945882
511,Hyderabad,Kukatpally,15.878473,74.86898,Apartment,3200,1,1,19,Yes,Semi,11,93,63,21180800
512,Chennai,Anna Nagar,12.693637,79.129331,Apartment,4789,5,4,18,Yes,Semi,21,74,79,43441019
513,Bengaluru,Whitefield,17.72435,73.824931,Villa,3816,1,1,19,Yes,Unfurnished,0,86,37,29314512
514,Chennai,Adyar,13.841624,77.662696,Villa,4626,2,1,1,Yes,Semi,29,86,7,51034032
515,Hyderabad,Kondapur,18.691508,73.554616,Villa,2418,1,1,23,No,Unfurnished,10,62,10,31617768
516,Chennai,Adyar,17.779827,77.880087,Plot,4656,4,3,22,Yes,Semi,15,61,54,26976864
517,Mumbai,Thane,18.586344,72.191571,Plot,4130,4,3,14,No,Fully,16,85,1,18597390
518,Chennai,Adyar,13.198765,77.337376,Apartment,4312,3,2,0,No,Unfurnished,30,64,2,48350456
519,Chennai,OMR,15.358548,72.551772,Independent House,4144,4,3,7,No,Semi,24,75,94,23322432
520,Chennai,OMR,16.746935,75.279157,Independent House,4842,3,2,11,Yes,Fully,22,78,43,46793088
521,Chennai,Velachery,15.857117,79.447257,Villa,3593,3,2,7,No,Fully,4,58,12,26207342
522,Pune,Hinjewadi,18.687536,79.246351,Plot,899,4,3,19,No,Unfurnished,11,63,45,8433519
523,Pune,Wakad,14.874529,72.919623,Apartment,2929,5,4,14,No,Semi,20,78,38,31094264
524,Pune,Kharadi,12.655262,74.36708,Apartment,2942,2,1,13,No,Unfurnished,6,51,87,32567940
525,Mumbai,Powai,14.463036,75.966868,Plot,1177,5,4,19,Yes,Fully,2,79,84,6159241
526,Mumbai,Andheri,13.164495,76.810372,Independent House,1720,1,1,23,Yes,Fully,1,97,43,11983240
527,Mumbai,Powai,17.123225,74.894729,Villa,4325,1,1,4,No,Unfurnished,25,87,57,28026000
528,Hyderabad,Madhapur,18.526481,78.545221,Villa,2687,5,4,9,Yes,Semi,22,98,86,29640297
529,Chennai,Adyar,15.449213,75.921068,Plot,4726,2,1,25,No,Semi,13,63,27,69032682
530,Bengaluru,Electronic City,15.073717,77.34094,Villa,3545,3,2,21,No,Fully,12,65,9,23418270
531,Hyderabad,Miyapur,13.085285,76.038779,Plot,4036,3,2,24,Yes,Semi,30,78,14,31291108
532,Pune,Baner,14.208989,75.57561,Apartment,3694,2,1,14,No,Fully,30,80,26,23719174
533,Mumbai,Andheri,14.405794,75.471772,Villa,2041,4,3,14,Yes,Fully,11,82,46,22230572
534,Bengaluru,HSR Layout,16.168807,78.201556,Apartment,2586,3,2,0,Yes,Fully,19,65,40,22195638
535,Chennai,Adyar,16.820446,73.473536,Plot,1223,3,2,19,Yes,Fully,9,65,99,12260575
536,Bengaluru,Indiranagar,13.527,79.723823,Independent House,1351,5,4,13,Yes,Unfurnished,16,72,63,20024522
537,Hyderabad,Kukatpally,13.811402,75.827818,Villa,2245,4,3,4,Yes,Unfurnished,27,70,47,23830675
538,Chennai,Adyar,13.580914,75.200295,Independent House,2390,2,1,7,Yes,Unfurnished,17,88,58,11613010
539,Bengaluru,HSR Layout,12.205782,72.343096,Independent House,3122,4,3,13,Yes,Unfurnished,24,76,56,31454150
540,Bengaluru,Whitefield,14.952985,75.494895,Apartment,2023,5,4,5,No,Fully,27,63,37,22554427
541,Pune,Hinjewadi,17.59659,74.019168,Apartment,2234,4,3,25,No,Semi,13,100,17,18414862
542,Mumbai,Powai,16.587788,79.668412,Apartment,3381,5,4,9,Yes,Fully,22,52,16,45951171
543,Hyderabad,Gachibowli,14.133091,78.248406,Plot,3727,3,2,3,No,Fully,16,72,48,48491997
544,Pune,Kharadi,12.950792,76.167485,Villa,2001,5,4,13,Yes,Semi,4,65,77,18731361
545,Mumbai,Thane,16.844453,76.53989,Independent House,3429,3,2,15,No,Semi,9,51,25,46267497
546,Pune,Hinjewadi,14.351629,74.215816,Apartment,511,1,1,22,Yes,Fully,13,80,9,2426228
547,Chennai,Velachery,17.401218,79.34108,Villa,1453,3,2,12,No,Fully,10,77,44,8980993
548,Hyderabad,Miyapur,12.01026,72.943306,Plot,4048,3,2,9,Yes,Semi,18,78,67,37411616
549,Bengaluru,Indiranagar,15.799333,78.436224,Apartment,3077,2,1,5,No,Unfurnished,6,80,42,30883849
550,Mumbai,Andheri,14.896618,78.292039,Villa,1176,5,4,21,Yes,Semi,14,84,25,8975232
551,Chennai,Anna Nagar,18.667476,79.778831,Plot,4868,5,4,10,No,Fully,11,93,55,49585448
552,Hyderabad,Madhapur,14.082841,74.975174,Plot,3196,3,2,24,No,Fully,17,86,52,27322604
553,Hyderabad,Gachibowli,15.818566,72.693496,Apartment,2830,1,1,7,No,Semi,19,51,56,13199120
554,Hyderabad,Jubilee Hills,16.660616,75.088831,Plot,4169,1,1,9,No,Semi,21,94,32,33848111
555,Bengaluru,HSR Layout,14.412144,78.432697,Plot,1313,2,1,12,Yes,Unfurnished,1,96,28,11017383
556,Pune,Wakad,14.36636,77.010511,Plot,4480,4,3,20,Yes,Fully,15,92,47,33936000
557,Bengaluru,Indiranagar,12.887856,78.327815,Apartment,3992,2,1,3,Yes,Unfurnished,1,52,22,44243336
558,Pune,Wakad,12.923203,77.169392,Plot,4151,3,2,10,Yes,Semi,8,64,91,39617144
559,Pune,Kharadi,17.711066,79.128038,Independent House,1209,4,3,0,Yes,Unfurnished,16,74,34,10507419
560,Chennai,Velachery,14.47847,73.273742,Independent House,3908,5,4,21,No,Semi,15,94,19,29532756
561,Mumbai,Thane,12.86787,74.219417,Independent House,4648,5,4,16,No,Fully,5,63,33,51397584
562,Mumbai,Thane,14.544557,79.745638,Villa,4763,5,4,11,No,Unfurnished,5,65,55,29016196
563,Hyderabad,Madhapur,15.560228,75.232321,Plot,4452,5,4,8,Yes,Fully,29,72,29,18613812
564,Bengaluru,Whitefield,17.159383,72.788057,Apartment,2154,4,3,23,No,Semi,7,74,56,28796826
565,Pune,Wakad,15.090074,79.893455,Independent House,4223,5,4,4,No,Fully,25,83,12,48986800
566,Chennai,OMR,14.760229,72.422723,Plot,3219,4,3,0,No,Unfurnished,23,70,98,14112096
567,Hyderabad,Miyapur,16.548486,73.219953,Villa,1230,3,2,14,Yes,Fully,15,65,98,7367700
568,Chennai,Velachery,16.792373,74.019652,Plot,1356,5,4,12,No,Fully,13,96,44,13995276
569,Hyderabad,Kukatpally,16.212223,74.756351,Apartment,1404,2,1,25,No,Semi,12,89,11,18288504
570,Pune,Wakad,16.277633,75.23605,Plot,3501,4,3,3,Yes,Semi,12,68,73,41794938
571,Bengaluru,Whitefield,14.793665,74.742707,Villa,4915,4,3,2,No,Unfurnished,8,75,73,48712565
572,Chennai,Anna Nagar,12.757924,77.498293,Villa,1398,3,2,12,No,Unfurnished,16,55,13,7584150
573,Mumbai,Andheri,14.451598,79.447986,Independent House,2360,3,2,9,No,Fully,17,52,87,21143240
574,Mumbai,Bandra,18.862017,74.744217,Apartment,4958,1,1,25,Yes,Unfurnished,3,81,57,25057732
575,Mumbai,Powai,12.968165,74.344969,Plot,3012,2,1,12,No,Fully,17,51,85,25668264
576,Bengaluru,Whitefield,13.900601,74.324246,Independent House,2842,5,4,10,Yes,Fully,13,56,80,38318686
577,Bengaluru,Whitefield,15.02454,76.10038,Plot,1503,4,3,1,No,Semi,4,88,58,19542006
578,Hyderabad,Madhapur,12.379277,76.764454,Villa,1174,4,3,10,No,Fully,18,77,78,17574780
579,Hyderabad,Gachibowli,12.683234,74.789086,Apartment,1204,1,1,19,No,Semi,2,74,14,15946980
580,Mumbai,Andheri,17.053003,73.813963,Independent House,926,2,1,2,Yes,Unfurnished,27,73,4,10811976
581,Mumbai,Bandra,17.022482,73.949932,Plot,1662,4,3,5,No,Semi,6,66,68,23568822
582,Hyderabad,Gachibowli,16.092844,76.610933,Villa,841,2,1,0,No,Semi,28,94,83,6215831
583,Pune,Baner,12.935129,77.89388,Apartment,4878,3,2,10,No,Semi,26,90,33,57477474
584,Bengaluru,Indiranagar,12.110022,73.971503,Plot,3662,2,1,21,Yes,Fully,13,66,97,22891162
585,Chennai,Velachery,15.536124,77.081882,Villa,4024,4,3,11,No,Fully,9,56,43,27504040
586,Bengaluru,Indiranagar,18.438446,74.47036,Plot,1178,1,1,5,No,Semi,20,57,25,7452028
587,Hyderabad,Gachibowli,13.284183,75.874939,Independent House,1652,4,3,2,Yes,Unfurnished,14,67,71,15304128
588,Chennai,Anna Nagar,15.707848,76.320858,Independent House,1903,1,1,24,No,Fully,20,58,80,28116825
589,Hyderabad,Gachibowli,12.287297,79.69806,Villa,1240,5,4,11,No,Unfurnished,2,62,83,12811680
590,Bengaluru,Indiranagar,12.810181,75.603388,Villa,689,5,4,18,No,Semi,0,64,67,7459803
591,Chennai,Adyar,14.395138,79.429054,Villa,3705,5,4,12,Yes,Semi,5,92,82,49828545
592,Chennai,Anna Nagar,12.424559,77.70462,Villa,844,3,2,15,No,Unfurnished,22,71,98,7574056
593,Chennai,OMR,13.963866,78.962118,Apartment,2421,5,4,16,No,Semi,22,62,4,34813980
594,Hyderabad,Madhapur,13.148122,74.015748,Independent House,1602,5,4,25,Yes,Fully,15,88,47,13427964
595,Hyderabad,Kondapur,17.067755,77.74823,Independent House,2797,5,4,9,No,Unfurnished,13,75,89,12773899
596,Bengaluru,Electronic City,14.861453,75.95154,Villa,827,1,1,20,Yes,Unfurnished,18,58,70,6200019
597,Hyderabad,Kondapur,17.061146,74.267362,Plot,1959,3,2,19,Yes,Unfurnished,22,61,28,8517732
598,Chennai,Velachery,16.787842,73.773621,Plot,4100,4,3,25,Yes,Unfurnished,4,91,16,36649900
599,Pune,Hinjewadi,18.934529,75.447459,Independent House,3709,5,4,8,No,Unfurnished,28,87,2,32594692
600,Hyderabad,Gachibowli,14.622625,74.761805,Villa,692,1,1,16,Yes,Semi,1,59,40,5113188
601,Chennai,Adyar,13.26687,79.850335,Independent House,2661,1,1,1,No,Fully,8,69,62,28909104
602,Mumbai,Bandra,17.025291,77.595446,Plot,4112,2,1,17,No,Semi,14,83,23,32867216
603,Hyderabad,Kukatpally,14.974491,73.619908,Plot,3973,5,4,1,No,Semi,6,99,77,50178990
604,Bengaluru,HSR Layout,17.489992,76.726972,Villa,4607,1,1,14,Yes,Unfurnished,27,51,34,43218267
605,Chennai,OMR,12.954127,73.460511,Independent House,1341,1,1,9,Yes,Unfurnished,24,63,92,17993538
606,Bengaluru,HSR Layout,18.421478,79.065426,Apartment,4721,4,3,23,Yes,Fully,26,94,84,53441720
607,Pune,Baner,16.9882,72.03044,Apartment,4128,1,1,7,No,Semi,0,75,98,24920736
608,Pune,Hinjewadi,18.782578,74.795484,Independent House,3766,2,1,15,No,Unfurnished,13,65,53,55868610
609,Pune,Baner,14.228461,72.951277,Plot,4270,1,1,15,No,Fully,29,80,64,41000540
610,Pune,Wakad,15.876819,76.589624,Apartment,4333,2,1,16,Yes,Semi,26,99,42,60393354
611,Bengaluru,Whitefield,14.664252,75.605487,Apartment,4831,1,1,4,No,Fully,17,51,44,64117032
612,Chennai,Velachery,13.456679,73.459075,Villa,2542,5,4,7,Yes,Fully,6,65,29,18988740
613,Bengaluru,HSR Layout,12.63319,72.038794,Independent House,3351,1,1,1,No,Semi,6,98,79,31080525
614,Bengaluru,HSR Layout,12.718912,76.92576,Villa,3884,3,2,2,No,Fully,24,81,87,40323688
615,Chennai,Anna Nagar,13.260044,79.133181,Plot,2628,1,1,7,Yes,Semi,7,61,29,19066140
616,Chennai,Velachery,13.450019,76.295549,Villa,893,4,3,25,Yes,Fully,12,67,23,3887229
617,Bengaluru,HSR Layout,13.527534,73.792238,Independent House,4262,2,1,25,No,Semi,14,95,89,52469482
618,Pune,Kharadi,13.793282,78.425627,Apartment,3677,4,3,8,Yes,Unfurnished,26,87,34,37395090
619,Chennai,Anna Nagar,16.994421,76.392937,Villa,2403,4,3,9,No,Fully,0,78,73,25356456
620,Mumbai,Bandra,12.254648,78.293556,Villa,3583,2,1,21,No,Fully,28,90,77,30742140
621,Bengaluru,Whitefield,18.545709,76.727381,Independent House,776,1,1,9,No,Fully,14,97,51,5458384
622,Hyderabad,Miyapur,14.061793,74.47071,Villa,3297,2,1,3,No,Unfurnished,26,54,67,29745534
623,Chennai,OMR,18.657835,79.773274,Apartment,1238,4,3,14,Yes,Unfurnished,5,54,27,5566048
624,Bengaluru,Indiranagar,16.228418,75.810395,Plot,1065,5,4,16,Yes,Semi,2,60,63,7524225
625,Chennai,Adyar,17.161586,72.77883,Villa,2151,3,2,1,No,Fully,5,83,26,11750913
626,Chennai,Velachery,14.381103,73.577548,Independent House,1321,5,4,6,Yes,Fully,29,88,94,15450416
627,Mumbai,Thane,16.049634,75.286657,Plot,2092,4,3,25,No,Unfurnished,0,74,33,13357420
628,Pune,Baner,15.44812,74.35152,Plot,3626,5,4,1,No,Fully,28,75,37,25552422
629,Mumbai,Powai,15.499063,75.791313,Independent House,2231,2,1,1,Yes,Semi,2,72,14,14800454
630,Mumbai,Bandra,17.290852,75.894625,Apartment,2337,5,4,25,Yes,Semi,21,84,72,27198006
631,Mumbai,Powai,15.49678,72.985722,Plot,4651,3,2,18,No,Fully,30,97,3,39338158
632,Chennai,Adyar,14.449208,75.91336,Independent House,3087,4,3,25,No,Fully,30,88,15,28320138
633,Mumbai,Bandra,16.017588,76.944892,Independent House,4949,2,1,16,Yes,Semi,10,70,5,40849046
634,Chennai,Anna Nagar,14.343318,79.977668,Plot,2193,3,2,25,No,Unfurnished,30,71,86,13267650
635,Pune,Baner,18.554768,73.470558,Villa,3772,2,1,10,No,Fully,22,68,99,28704920
636,Mumbai,Andheri,12.502,77.831397,Villa,1904,2,1,0,No,Unfurnished,17,62,18,22151136
637,Chennai,OMR,18.756883,79.799231,Apartment,1448,2,1,20,Yes,Fully,14,88,43,17040064
638,Mumbai,Thane,17.621535,79.89563,Independent House,2598,1,1,14,No,Unfurnished,22,54,54,12873090
639,Bengaluru,Electronic City,16.416449,74.091522,Plot,1561,4,3,24,Yes,Semi,14,91,20,7633290
640,Pune,Kharadi,13.342071,76.617424,Independent House,4086,3,2,9,Yes,Unfurnished,9,56,15,36369486
641,Chennai,Anna Nagar,12.275138,75.865937,Apartment,742,5,4,17,Yes,Fully,2,64,56,5827668
642,Mumbai,Bandra,13.137297,78.158796,Independent House,2036,4,3,21,Yes,Unfurnished,20,83,65,25836840
643,Hyderabad,Gachibowli,12.738894,74.78233,Plot,613,2,1,25,No,Semi,0,60,2,6461020
644,Bengaluru,Indiranagar,13.868824,76.2165,Apartment,3433,1,1,0,Yes,Fully,3,82,27,26029006
645,Pune,Wakad,16.18264,72.740079,Plot,601,4,3,17,Yes,Semi,28,78,4,8849124
646,Chennai,OMR,17.16731,74.65089,Villa,2323,5,4,13,No,Unfurnished,26,89,55,27803987
647,Hyderabad,Jubilee Hills,17.262333,77.643605,Plot,3553,2,1,11,Yes,Fully,1,78,77,46526535
648,Chennai,Adyar,15.648083,77.036466,Villa,585,3,2,20,No,Unfurnished,25,83,17,8368425
649,Hyderabad,Banjara Hills,14.374811,73.856976,Plot,1021,4,3,16,Yes,Semi,15,73,29,14033645
650,Chennai,OMR,18.894605,75.523433,Plot,3515,5,4,14,Yes,Fully,23,65,70,24682330
651,Hyderabad,Gachibowli,17.807757,77.709553,Villa,2950,1,1,16,Yes,Semi,22,92,27,27125250
652,Bengaluru,Electronic City,15.697782,72.942181,Plot,4987,3,2,2,Yes,Fully,10,79,23,52119137
653,Chennai,Anna Nagar,12.636113,75.090924,Apartment,3278,3,2,1,Yes,Unfurnished,10,61,21,13905276
654,Chennai,Velachery,15.892212,74.605184,Plot,3188,5,4,2,Yes,Fully,2,64,69,14728560
655,Mumbai,Thane,12.520735,73.781271,Plot,2589,3,2,20,Yes,Fully,17,100,100,27979323
656,Pune,Wakad,17.582714,76.569866,Apartment,4121,3,2,4,No,Unfurnished,4,97,75,52085319
657,Hyderabad,Kondapur,12.407557,79.429873,Independent House,1821,1,1,15,No,Unfurnished,24,77,64,15261801
658,Bengaluru,HSR Layout,14.961413,73.429983,Plot,2512,4,3,11,Yes,Fully,22,70,42,12213344
659,Chennai,OMR,17.565731,75.45414,Plot,3040,4,3,4,Yes,Semi,30,60,52,15385440
660,Mumbai,Bandra,13.04146,75.829264,Villa,1387,5,4,24,Yes,Semi,29,79,19,12220857
661,Chennai,Adyar,17.043553,75.769964,Villa,2552,1,1,10,No,Fully,10,70,23,27030784
662,Bengaluru,Electronic City,13.740046,79.305973,Plot,3382,4,3,7,Yes,Semi,24,66,78,33955280
663,Bengaluru,HSR Layout,18.088513,75.142952,Apartment,3177,1,1,13,Yes,Semi,15,59,39,24875910
664,Chennai,Adyar,14.976725,73.580927,Independent House,1443,1,1,15,No,Fully,12,51,79,18901857
665,Chennai,OMR,18.963322,77.927479,Villa,2218,5,4,16,Yes,Fully,10,80,46,32351748
666,Hyderabad,Madhapur,18.982695,74.052452,Independent House,4877,3,2,14,Yes,Unfurnished,12,88,75,29783839
667,Chennai,Velachery,13.817519,72.17075,Independent House,790,3,2,5,No,Unfurnished,17,90,86,9868680
668,Bengaluru,Indiranagar,15.124832,72.850385,Independent House,1127,1,1,13,No,Fully,17,52,3,15400455
669,Bengaluru,HSR Layout,17.434652,76.159241,Apartment,4511,1,1,22,No,Semi,24,83,42,25234534
670,Bengaluru,Indiranagar,13.131195,74.301192,Villa,3343,5,4,5,Yes,Unfurnished,29,54,32,33480145
671,Hyderabad,Miyapur,18.351174,72.103743,Villa,665,5,4,2,Yes,Semi,1,70,25,9872590
672,Bengaluru,Electronic City,12.13989,78.098238,Apartment,4194,2,1,25,No,Fully,12,75,9,62180244
673,Mumbai,Bandra,15.319534,79.867109,Apartment,1014,4,3,21,Yes,Unfurnished,5,86,9,11604216
674,Pune,Kharadi,16.084762,75.405078,Apartment,2687,2,1,18,No,Fully,26,79,71,17363394
675,Chennai,OMR,13.408469,75.973645,Plot,2265,4,3,14,Yes,Unfurnished,9,89,39,11057730
676,Mumbai,Powai,13.570072,78.377931,Apartment,4184,2,1,9,Yes,Unfurnished,20,89,88,56797800
677,Mumbai,Thane,18.232326,73.998091,Plot,3291,4,3,13,No,Unfurnished,7,92,22,46768401
678,Mumbai,Bandra,15.40142,75.718383,Plot,776,4,3,6,No,Unfurnished,4,86,55,8805272
679,Mumbai,Thane,15.748835,76.774495,Plot,3999,3,2,3,Yes,Fully,22,52,35,58213443
680,Chennai,Adyar,16.242389,76.419854,Independent House,2066,5,4,12,No,Unfurnished,28,92,6,18094028
681,Mumbai,Powai,15.803711,76.779512,Apartment,2584,4,3,14,No,Unfurnished,22,75,26,36367216
682,Pune,Kharadi,14.472645,75.60417,Villa,2121,2,1,3,No,Unfurnished,1,84,1,28641984
683,Hyderabad,Kondapur,18.300015,73.383684,Plot,719,2,1,23,Yes,Fully,11,54,7,6423546
684,Hyderabad,Jubilee Hills,12.089091,77.556312,Plot,3957,4,3,19,No,Fully,0,87,97,51816915
685,Hyderabad,Jubilee Hills,12.402442,73.523142,Plot,1695,1,1,9,No,Semi,20,70,81,13868490
686,Bengaluru,Electronic City,16.833712,75.026462,Plot,948,1,1,21,No,Fully,14,93,62,10438428
687,Hyderabad,Miyapur,12.533329,78.137459,Apartment,3738,3,2,19,Yes,Fully,5,64,86,33051396
688,Mumbai,Powai,18.122901,77.250371,Villa,3136,3,2,8,No,Semi,11,100,25,45327744
689,Mumbai,Bandra,17.387367,79.553913,Plot,1903,3,2,7,Yes,Fully,0,88,94,9178169
690,Mumbai,Bandra,16.936313,77.706301,Villa,2890,1,1,25,Yes,Semi,18,95,40,26605340
691,Mumbai,Bandra,12.416812,79.594531,Apartment,957,3,2,22,Yes,Unfurnished,12,66,31,8546967
692,Hyderabad,Banjara Hills,14.268753,76.271778,Villa,1166,1,1,6,Yes,Unfurnished,19,100,63,12655764
693,Pune,Wakad,14.413519,79.933445,Plot,4733,5,4,25,No,Fully,16,94,23,66238335
694,Mumbai,Powai,15.097999,78.651061,Independent House,1534,1,1,11,Yes,Semi,27,50,11,17668612
695,Chennai,Anna Nagar,17.560716,75.017241,Independent House,4262,1,1,21,Yes,Fully,15,88,20,46916096
696,Hyderabad,Madhapur,12.404823,74.366386,Plot,3881,3,2,15,Yes,Semi,7,74,41,30221347
697,Bengaluru,Indiranagar,15.351508,72.205558,Villa,4460,3,2,17,Yes,Fully,6,89,41,61962780
698,Chennai,Adyar,15.319981,76.611518,Independent House,4513,4,3,25,Yes,Unfurnished,7,60,76,22555974
699,Hyderabad,Banjara Hills,14.66643,77.033018,Independent House,1972,2,1,7,No,Fully,29,70,80,19927060
700,Chennai,OMR,13.943069,76.388105,Villa,1999,2,1,12,Yes,Unfurnished,27,61,76,27490248
701,Bengaluru,Indiranagar,18.998412,79.698434,Plot,2719,2,1,11,Yes,Unfurnished,23,69,47,33544303
702,Hyderabad,Kondapur,13.998171,72.694715,Independent House,4017,5,4,6,No,Fully,15,74,94,33734766
703,Mumbai,Bandra,13.559176,74.946414,Apartment,770,5,4,11,Yes,Unfurnished,9,67,92,9203040
704,Pune,Wakad,15.254192,79.526836,Villa,1649,3,2,13,No,Unfurnished,29,59,65,18397893
705,Bengaluru,Whitefield,14.150861,77.259483,Villa,1034,4,3,19,Yes,Semi,11,70,41,8973052
706,Hyderabad,Gachibowli,12.89619,76.219771,Villa,2545,1,1,21,No,Fully,1,52,10,19634675
707,Chennai,Adyar,18.251998,77.178695,Villa,888,2,1,11,No,Fully,11,59,77,9284928
708,Chennai,Adyar,13.292015,79.948944,Independent House,4919,4,3,9,No,Unfurnished,29,68,74,62353244
709,Chennai,OMR,18.706679,74.373939,Plot,880,2,1,6,No,Unfurnished,27,91,29,10228240
710,Hyderabad,Banjara Hills,13.212911,75.957938,Plot,3351,1,1,17,Yes,Fully,29,66,4,13973670
711,Bengaluru,Whitefield,17.248399,78.40202,Villa,851,1,1,2,No,Fully,7,74,72,7560284
712,Chennai,OMR,18.221757,73.863931,Plot,1297,1,1,18,No,Unfurnished,23,71,53,17030907
713,Chennai,Anna Nagar,17.114485,75.132379,Plot,3951,1,1,11,No,Semi,2,69,13,42030738
714,Chennai,OMR,16.664319,72.216852,Independent House,2051,5,4,19,No,Unfurnished,6,75,87,29948702
715,Chennai,Velachery,14.969033,72.932996,Independent House,1040,3,2,8,Yes,Unfurnished,1,80,61,9747920
716,Bengaluru,Indiranagar,14.232105,72.091822,Villa,3280,1,1,11,No,Fully,16,75,21,37287040
717,Mumbai,Bandra,16.908921,77.571723,Villa,2433,1,1,9,No,Fully,9,94,16,15288972
718,Bengaluru,Whitefield,12.981171,74.231244,Apartment,4701,1,1,7,No,Unfurnished,16,81,34,20571576
719,Chennai,Velachery,18.483446,73.149676,Apartment,2049,4,3,6,Yes,Unfurnished,9,83,57,11089188
720,Chennai,Velachery,18.42174,79.539293,Plot,3878,4,3,22,Yes,Fully,28,59,85,20968346
721,Bengaluru,Indiranagar,14.842271,75.774268,Villa,4908,5,4,13,Yes,Semi,1,78,27,49448100
722,Chennai,Anna Nagar,13.416307,72.305596,Apartment,3652,5,4,6,No,Unfurnished,30,56,75,22050776
723,Mumbai,Andheri,17.142233,76.286504,Independent House,3039,1,1,0,Yes,Semi,8,94,81,31389831
724,Bengaluru,Whitefield,18.874895,72.590872,Apartment,549,2,1,17,No,Unfurnished,24,62,88,5019507
725,Mumbai,Thane,18.6492,72.648732,Villa,1466,1,1,12,Yes,Semi,12,96,90,8917678
726,Hyderabad,Miyapur,18.783749,75.283128,Apartment,3481,2,1,5,No,Unfurnished,26,72,59,18515439
727,Hyderabad,Banjara Hills,13.711192,74.003588,Villa,2988,2,1,2,No,Fully,28,64,17,36268344
728,Pune,Baner,16.853419,76.488665,Villa,1775,5,4,7,No,Fully,19,69,50,13990550
729,Bengaluru,Whitefield,14.064769,72.005419,Apartment,634,3,2,22,Yes,Fully,8,60,89,2542340
730,Chennai,Anna Nagar,12.715086,75.350617,Villa,1323,5,4,2,No,Semi,11,79,42,9358902
731,Pune,Baner,12.637245,75.195327,Apartment,1246,2,1,2,No,Semi,2,60,28,16730042
732,Hyderabad,Kondapur,12.127574,74.59195,Plot,510,1,1,15,Yes,Unfurnished,9,59,90,3002880
733,Hyderabad,Kukatpally,16.811513,73.653842,Apartment,2007,4,3,16,Yes,Unfurnished,10,61,68,11156913
734,Chennai,Velachery,13.321553,77.267663,Villa,1553,4,3,8,No,Unfurnished,13,76,49,20435927
735,Pune,Kharadi,12.121608,74.201691,Independent House,3274,2,1,1,No,Semi,9,100,97,39288000
736,Bengaluru,Indiranagar,18.113375,73.35039,Independent House,735,1,1,5,Yes,Unfurnished,21,98,64,7520520
737,Hyderabad,Kondapur,15.729796,74.005384,Independent House,2738,4,3,6,No,Unfurnished,1,96,7,19949068
738,Pune,Wakad,16.954757,76.134354,Apartment,3474,3,2,10,No,Fully,30,96,87,29025270
739,Mumbai,Andheri,13.245503,77.141359,Apartment,558,4,3,14,Yes,Semi,17,73,13,4374162
740,Chennai,Velachery,13.871948,76.728042,Villa,3000,4,3,8,Yes,Unfurnished,24,64,5,14208000
741,Mumbai,Andheri,17.848429,75.033959,Plot,1658,5,4,13,No,Semi,26,73,72,14097974
742,Chennai,Adyar,16.535595,74.764442,Plot,3890,4,3,25,No,Fully,30,55,95,42268740
743,Chennai,OMR,15.20128,72.10618,Plot,3863,2,1,13,No,Semi,9,66,41,38842465
744,Mumbai,Powai,15.752884,72.012437,Independent House,3818,3,2,0,Yes,Fully,26,61,62,22503292
745,Chennai,OMR,17.733531,77.570193,Plot,4976,1,1,14,No,Semi,15,69,68,37369760
746,Pune,Wakad,17.023472,76.591697,Apartment,1854,5,4,4,No,Semi,29,61,64,7899894
747,Hyderabad,Gachibowli,13.696548,74.421352,Plot,4753,1,1,3,Yes,Fully,13,85,18,68928006
748,Chennai,Anna Nagar,13.939704,79.703613,Independent House,3018,5,4,12,No,Fully,5,72,71,37721982
749,Pune,Kharadi,13.400635,78.914677,Independent House,3612,4,3,12,No,Fully,17,61,84,51669660
750,Chennai,Velachery,14.033034,74.1846,Independent House,1860,3,2,2,Yes,Fully,10,74,27,15847200
751,Bengaluru,Indiranagar,14.739896,76.333777,Plot,792,1,1,0,No,Fully,3,96,37,6327288
752,Bengaluru,HSR Layout,16.440922,72.539421,Villa,2681,1,1,12,No,Unfurnished,2,90,56,19919830
753,Hyderabad,Kukatpally,18.88197,72.770856,Plot,3818,5,4,3,Yes,Unfurnished,4,76,38,39218496
754,Hyderabad,Gachibowli,16.480605,72.582137,Independent House,1510,1,1,13,No,Unfurnished,19,79,32,12202310
755,Pune,Kharadi,12.772538,74.090403,Independent House,3265,3,2,18,Yes,Fully,4,60,31,32006795
756,Hyderabad,Jubilee Hills,13.561476,73.706618,Villa,4298,2,1,2,Yes,Unfurnished,11,97,75,56136178
757,Chennai,Velachery,18.976988,76.449382,Independent House,3317,4,3,8,No,Unfurnished,29,86,83,45379877
758,Mumbai,Powai,15.296508,79.427919,Plot,633,1,1,23,Yes,Unfurnished,20,92,16,3707481
759,Pune,Hinjewadi,18.973927,74.461452,Independent House,2901,1,1,23,Yes,Unfurnished,15,66,42,39137391
760,Mumbai,Andheri,16.021784,76.467692,Apartment,1543,5,4,4,Yes,Fully,25,85,56,14141595
761,Hyderabad,Banjara Hills,13.57534,75.628322,Villa,1591,4,3,4,No,Fully,16,71,3,6882666
762,Bengaluru,Whitefield,12.36665,77.490039,Independent House,2531,2,1,5,No,Semi,29,62,21,17567671
763,Hyderabad,Miyapur,17.358797,76.594391,Apartment,3860,3,2,3,Yes,Semi,6,94,47,28093080
764,Mumbai,Powai,12.732108,72.059928,Plot,3540,4,3,21,Yes,Semi,19,62,19,41343660
765,Pune,Wakad,17.097763,74.539152,Villa,4976,4,3,7,Yes,Semi,19,50,29,63657968
766,Mumbai,Thane,13.178296,72.322906,Plot,4466,4,3,17,No,Semi,9,61,28,65364376
767,Chennai,Anna Nagar,16.894289,77.483214,Villa,4522,4,3,14,Yes,Unfurnished,9,95,74,64497286
768,Chennai,OMR,16.397684,72.27031,Independent House,3108,1,1,21,No,Unfurnished,14,51,74,13696956
769,Bengaluru,Indiranagar,12.422763,73.231894,Villa,4658,2,1,6,Yes,Fully,16,85,45,62752576
770,Mumbai,Bandra,17.349678,75.166927,Apartment,1697,4,3,24,No,Unfurnished,4,84,26,11617662
771,Pune,Wakad,16.822715,72.47935,Apartment,2823,2,1,7,No,Unfurnished,1,89,30,13505232
772,Bengaluru,HSR Layout,16.61114,75.530397,Plot,4670,3,2,7,No,Unfurnished,20,94,79,27398890
773,Bengaluru,Whitefield,18.994977,73.034178,Villa,850,4,3,11,Yes,Semi,13,53,7,5271700
774,Pune,Baner,15.983179,74.563599,Independent House,1119,5,4,16,Yes,Unfurnished,8,87,100,9441003
775,Mumbai,Andheri,13.196315,73.468897,Plot,4753,4,3,5,Yes,Unfurnished,13,58,65,29083607
776,Chennai,Anna Nagar,16.20977,77.111653,Apartment,3058,1,1,14,Yes,Semi,22,84,89,13082124
777,Hyderabad,Jubilee Hills,18.119159,78.785765,Plot,1613,5,4,21,No,Fully,0,76,93,22390053
778,Chennai,Adyar,18.824431,73.46356,Apartment,1064,2,1,3,No,Unfurnished,26,79,57,8789704
779,Pune,Baner,18.084487,77.796298,Villa,3733,4,3,6,No,Fully,24,60,45,15200776
780,Bengaluru,Electronic City,18.911327,74.695759,Independent House,2033,4,3,22,No,Fully,28,64,78,22863118
781,Chennai,Anna Nagar,18.068957,76.375805,Plot,1250,2,1,10,Yes,Unfurnished,15,94,55,8787500
782,Mumbai,Thane,17.5679,74.603428,Plot,3289,2,1,12,No,Fully,8,100,1,20865416
783,Pune,Baner,14.56161,79.118091,Villa,4877,4,3,22,Yes,Fully,27,97,11,39435422
784,Chennai,Anna Nagar,15.593191,77.208465,Independent House,4666,4,3,16,Yes,Semi,27,79,31,60490024
785,Chennai,Adyar,16.632947,76.46026,Independent House,4733,4,3,3,Yes,Fully,25,50,15,43837046
786,Chennai,Anna Nagar,13.806636,77.564982,Independent House,4269,1,1,4,Yes,Fully,12,67,32,56009280
787,Chennai,Adyar,17.705908,77.144957,Independent House,4871,3,2,23,Yes,Unfurnished,5,65,87,47302281
788,Mumbai,Bandra,16.889219,75.455605,Plot,3723,4,3,17,Yes,Semi,8,87,60,33458601
789,Bengaluru,Indiranagar,16.249053,74.120703,Villa,4493,1,1,3,Yes,Unfurnished,28,62,39,40558311
790,Mumbai,Thane,18.026138,78.331849,Plot,3894,3,2,0,No,Semi,12,54,27,38760876
791,Pune,Hinjewadi,18.918708,75.334684,Villa,2320,1,1,7,No,Semi,15,63,51,18747920
792,Pune,Wakad,14.966716,76.02244,Plot,3920,5,4,19,Yes,Fully,0,57,83,38596320
793,Bengaluru,Whitefield,12.154828,77.707254,Apartment,884,5,4,16,No,Unfurnished,8,53,45,12941760
794,Chennai,OMR,16.37053,75.581684,Apartment,4457,2,1,2,No,Unfurnished,8,53,31,58324302
795,Bengaluru,Indiranagar,15.411906,74.362523,Plot,1936,1,1,5,No,Semi,11,71,82,12795024
796,Hyderabad,Kondapur,16.155509,77.401949,Independent House,4045,1,1,6,Yes,Semi,4,71,76,57483495
797,Mumbai,Bandra,17.787144,79.579729,Apartment,1911,2,1,2,Yes,Semi,15,77,32,24651900
798,Bengaluru,Electronic City,17.697453,74.465169,Independent House,2410,2,1,5,No,Unfurnished,26,79,11,11994570
799,Bengaluru,HSR Layout,14.722676,79.406193,Apartment,1152,1,1,5,No,Semi,19,73,57,14541696
800,Hyderabad,Kondapur,12.388719,75.355402,Apartment,3059,4,3,21,Yes,Semi,5,70,55,13903155
801,Mumbai,Bandra,17.282476,72.249221,Independent House,4992,3,2,6,No,Semi,29,61,100,20052864
802,Hyderabad,Miyapur,18.211974,74.405213,Villa,3187,1,1,13,Yes,Semi,1,68,72,20616703
803,Pune,Wakad,13.142201,77.04758,Villa,3313,3,2,19,No,Semi,16,61,4,35260259
804,Hyderabad,Kukatpally,15.091948,78.344397,Apartment,2329,5,4,24,No,Fully,16,86,53,33726249
805,Pune,Kharadi,15.460004,77.596487,Independent House,4812,3,2,8,No,Semi,16,58,6,50131416
806,Pune,Baner,17.87926,79.416703,Plot,4750,3,2,1,Yes,Fully,23,71,27,42731000
807,Bengaluru,Whitefield,12.147097,72.506176,Independent House,1900,5,4,17,No,Semi,27,51,6,9296700
808,Mumbai,Andheri,12.763578,75.771466,Villa,670,4,3,22,No,Semi,9,70,95,7406180
809,Mumbai,Thane,17.900524,79.15769,Plot,544,4,3,24,Yes,Semi,20,60,16,8026720
810,Hyderabad,Miyapur,17.271709,79.701431,Villa,1692,2,1,6,Yes,Fully,11,76,69,6854292
811,Mumbai,Bandra,16.645309,78.499662,Apartment,1403,4,3,23,Yes,Unfurnished,9,69,33,19101845
812,Hyderabad,Madhapur,17.050102,79.717882,Plot,1170,1,1,0,Yes,Unfurnished,4,77,76,14264640
813,Mumbai,Bandra,14.375222,78.919791,Apartment,923,3,2,21,Yes,Semi,4,77,39,11217219
814,Mumbai,Andheri,13.220199,78.446608,Plot,2256,1,1,18,Yes,Semi,15,93,73,14420352
815,Bengaluru,HSR Layout,13.607488,75.876486,Plot,4469,1,1,16,Yes,Semi,16,80,41,27046388
816,Mumbai,Thane,15.082185,75.104791,Villa,1826,1,1,7,Yes,Fully,10,82,61,22708136
817,Bengaluru,HSR Layout,12.238109,74.735413,Independent House,1836,3,2,13,No,Fully,17,90,10,14419944
818,Mumbai,Andheri,14.728515,73.370657,Villa,3252,5,4,0,No,Fully,1,94,22,18133152
819,Chennai,Velachery,13.472226,74.141916,Apartment,1275,4,3,5,Yes,Fully,17,73,12,5657175
820,Chennai,OMR,15.719664,75.302584,Plot,2558,4,3,9,No,Fully,10,82,54,10723136
821,Hyderabad,Gachibowli,17.55425,74.037504,Villa,1685,5,4,4,Yes,Fully,16,82,16,12487535
822,Bengaluru,Indiranagar,17.346489,72.980292,Plot,784,4,3,13,No,Fully,6,59,54,5669104
823,Chennai,OMR,17.952265,73.569709,Apartment,2378,3,2,23,No,Fully,18,57,74,16022964
824,Pune,Kharadi,14.33139,77.863003,Independent House,4901,4,3,9,Yes,Semi,17,57,29,23760048
825,Hyderabad,Jubilee Hills,15.332071,72.266925,Apartment,1011,5,4,21,Yes,Semi,9,88,37,11704347
826,Bengaluru,Whitefield,12.16817,77.334305,Villa,782,1,1,5,Yes,Semi,8,91,58,5610068
827,Mumbai,Bandra,12.760017,72.082051,Independent House,1369,4,3,24,No,Unfurnished,29,61,81,18335017
828,Chennai,OMR,17.854146,76.136727,Independent House,1778,3,2,25,Yes,Unfurnished,13,58,42,7526274
829,Chennai,Adyar,12.517886,73.912412,Plot,1472,5,4,12,No,Fully,13,83,100,16905920
830,Mumbai,Bandra,12.6577,72.832934,Apartment,4209,5,4,8,No,Unfurnished,13,91,12,53029191
831,Mumbai,Andheri,16.234408,78.358058,Plot,828,3,2,19,Yes,Unfurnished,29,97,86,11500092
832,Chennai,Velachery,18.293314,72.972584,Independent House,2183,1,1,16,Yes,Fully,29,95,84,13514953
833,Pune,Baner,18.61541,74.741767,Independent House,1456,2,1,24,Yes,Fully,20,53,100,11630528
834,Bengaluru,Electronic City,14.334402,74.589689,Apartment,1501,3,2,5,Yes,Semi,3,89,6,8585720
835,Pune,Hinjewadi,18.432773,78.327507,Apartment,4563,1,1,0,Yes,Fully,4,84,21,65565747
836,Hyderabad,Jubilee Hills,14.483579,76.740572,Plot,2454,2,1,22,No,Fully,3,98,81,28412412
837,Bengaluru,HSR Layout,13.525671,78.962862,Apartment,2774,3,2,6,No,Semi,0,88,16,17445686
838,Bengaluru,Electronic City,13.665682,78.590311,Independent House,1480,2,1,18,No,Fully,19,66,69,12397960
839,Hyderabad,Miyapur,12.260139,76.34084,Apartment,942,4,3,14,Yes,Unfurnished,5,61,18,6499800
840,Pune,Wakad,16.338425,75.722006,Villa,3121,5,4,22,No,Fully,9,100,23,46359334
841,Mumbai,Bandra,13.99485,76.336118,Independent House,2820,5,4,13,Yes,Unfurnished,14,97,9,23358060
842,Hyderabad,Miyapur,18.399877,76.947738,Independent House,758,3,2,16,No,Fully,30,71,23,7158552
843,Hyderabad,Kukatpally,15.678001,79.613921,Plot,4034,2,1,13,No,Unfurnished,14,80,88,22905052
844,Hyderabad,Miyapur,16.752801,72.685623,Plot,2986,4,3,15,Yes,Fully,4,69,42,21060258
845,Hyderabad,Banjara Hills,14.686244,79.731278,Plot,2880,3,2,22,Yes,Fully,25,100,15,40155840
846,Bengaluru,Whitefield,16.845456,78.303815,Apartment,693,2,1,11,No,Unfurnished,2,81,75,3744279
847,Chennai,OMR,15.542286,78.896254,Independent House,3647,1,1,17,No,Fully,15,92,79,32483829
848,Pune,Wakad,12.970554,72.263866,Apartment,3241,4,3,24,No,Semi,10,70,24,16636053
849,Hyderabad,Kondapur,12.952705,74.469655,Independent House,3360,4,3,0,No,Fully,5,70,84,36294720
850,Pune,Hinjewadi,17.778963,75.472391,Villa,2452,3,2,20,No,Fully,20,80,89,20170152
851,Bengaluru,Whitefield,12.604264,78.510339,Independent House,2749,4,3,6,No,Semi,7,53,11,22775465
852,Mumbai,Bandra,16.078696,74.27702,Villa,4533,4,3,7,Yes,Semi,17,68,44,37805220
853,Hyderabad,Banjara Hills,17.233615,79.56004,Plot,3576,3,2,2,No,Fully,18,93,69,29752320
854,Pune,Kharadi,16.060847,74.892652,Villa,4814,3,2,6,Yes,Fully,15,59,68,27208728
855,Chennai,Velachery,16.122422,74.519086,Villa,2775,3,2,1,No,Fully,11,75,76,24647550
856,Bengaluru,Whitefield,15.412233,75.919457,Villa,3239,3,2,12,Yes,Unfurnished,19,55,5,47467545
857,Mumbai,Bandra,15.463351,77.443351,Villa,1456,1,1,20,No,Semi,12,78,75,12940928
858,Chennai,Velachery,14.347374,76.076838,Plot,2749,1,1,23,No,Fully,5,76,40,37127994
859,Chennai,OMR,15.619547,74.9071,Independent House,1571,2,1,7,Yes,Unfurnished,23,64,96,14624439
860,Bengaluru,HSR Layout,18.387586,72.520157,Plot,850,2,1,21,Yes,Unfurnished,17,57,39,12633550
861,Bengaluru,Indiranagar,16.236962,78.479754,Apartment,1537,3,2,16,No,Semi,14,69,6,8012381
862,Mumbai,Powai,15.493982,73.969313,Apartment,4974,3,2,17,No,Semi,6,99,92,56052006
863,Mumbai,Powai,14.01758,79.586226,Plot,978,5,4,14,Yes,Semi,17,82,11,11161914
864,Bengaluru,Indiranagar,12.539232,74.913117,Independent House,3595,3,2,13,No,Fully,19,53,7,14937225
865,Mumbai,Thane,18.910489,79.102814,Apartment,843,2,1,22,No,Unfurnished,7,68,65,7789320
866,Bengaluru,Whitefield,14.453799,79.224745,Plot,3306,2,1,3,No,Semi,7,61,5,47897328
867,Chennai,Adyar,13.336055,75.431501,Apartment,2550,5,4,21,No,Fully,20,84,42,21170100
868,Pune,Wakad,12.140874,73.932459,Independent House,942,3,2,18,Yes,Unfurnished,5,58,43,9197688
869,Mumbai,Powai,12.797058,77.781132,Independent House,3277,1,1,24,No,Fully,21,80,52,18895182
870,Mumbai,Andheri,17.851331,79.045978,Villa,1998,1,1,13,Yes,Fully,23,77,59,13074912
871,Bengaluru,HSR Layout,13.701014,77.90089,Independent House,2097,2,1,23,Yes,Semi,12,97,86,21890583
872,Hyderabad,Madhapur,14.568686,77.686152,Independent House,1071,5,4,12,Yes,Unfurnished,29,64,96,13866237
873,Bengaluru,HSR Layout,14.950078,79.214258,Villa,4809,5,4,6,Yes,Unfurnished,11,75,10,55457388
874,Chennai,Anna Nagar,13.854709,73.99553,Apartment,4894,3,2,11,Yes,Semi,6,68,28,26373766
875,Pune,Hinjewadi,12.552533,72.606476,Villa,1436,5,4,13,No,Semi,21,52,30,17491916
876,Bengaluru,Electronic City,16.712823,79.903535,Independent House,2932,3,2,6,Yes,Unfurnished,6,89,36,33800096
877,Chennai,Anna Nagar,17.200457,76.817752,Villa,2472,1,1,13,Yes,Unfurnished,5,72,19,22025520
878,Mumbai,Thane,18.969584,79.733653,Apartment,4888,3,2,20,Yes,Unfurnished,12,95,88,38160616
879,Mumbai,Thane,15.767858,79.354678,Villa,1889,5,4,4,No,Semi,27,84,67,18291187
880,Hyderabad,Jubilee Hills,12.112443,73.55576,Plot,2653,2,1,21,No,Semi,26,70,60,21351344
881,Chennai,Velachery,12.089154,73.807679,Independent House,2019,3,2,3,Yes,Unfurnished,15,81,68,27418020
882,Chennai,Adyar,15.460052,73.950863,Plot,4021,3,2,14,Yes,Semi,27,51,82,25010620
883,Bengaluru,Indiranagar,13.880458,77.489402,Apartment,1956,5,4,21,Yes,Fully,12,93,39,9842592
884,Mumbai,Andheri,16.028672,73.491468,Plot,4946,5,4,16,No,Fully,10,72,52,39840030
885,Bengaluru,Indiranagar,14.983067,77.572862,Villa,1121,3,2,5,Yes,Semi,25,90,35,15389088
886,Chennai,Adyar,12.661375,75.448172,Independent House,4517,4,3,8,No,Semi,17,70,22,51331188
887,Bengaluru,Electronic City,16.789977,73.869408,Independent House,2090,3,2,2,No,Semi,23,75,84,17953100
888,Pune,Hinjewadi,13.992288,76.334158,Independent House,1130,3,2,16,Yes,Semi,15,63,98,10484140
889,Bengaluru,Indiranagar,15.616747,78.214053,Independent House,2276,3,2,4,Yes,Fully,5,64,90,30084168
890,Mumbai,Thane,15.094958,72.420417,Independent House,1191,5,4,4,Yes,Semi,2,74,71,12544803
891,Bengaluru,Whitefield,17.878971,73.36585,Independent House,2484,1,1,9,Yes,Semi,15,82,41,16528536
892,Chennai,Adyar,17.839251,74.382967,Plot,4127,2,1,13,No,Unfurnished,9,88,100,34390291
893,Mumbai,Bandra,18.38299,73.501605,Plot,1077,2,1,6,Yes,Semi,28,74,22,5099595
894,Bengaluru,Electronic City,13.993928,72.447198,Apartment,699,4,3,18,No,Fully,25,83,79,6785892
895,Chennai,Velachery,13.975326,73.332087,Villa,4850,1,1,9,Yes,Unfurnished,19,94,91,36040350
896,Hyderabad,Kondapur,14.021258,74.806352,Independent House,821,4,3,8,Yes,Semi,27,75,53,4042604
897,Mumbai,Bandra,15.809161,74.257006,Villa,2084,5,4,23,Yes,Unfurnished,4,64,83,14617176
898,Chennai,Adyar,14.932076,78.167806,Independent House,2562,1,1,25,Yes,Unfurnished,20,80,6,34415346
899,Mumbai,Bandra,16.74416,76.196783,Apartment,4251,1,1,8,Yes,Unfurnished,30,72,37,55569072
900,Chennai,Anna Nagar,18.524871,74.796622,Apartment,4407,1,1,5,No,Unfurnished,6,56,34,29103828
901,Mumbai,Bandra,16.074696,76.692319,Villa,809,5,4,19,Yes,Fully,28,94,31,11054176
902,Hyderabad,Miyapur,15.123352,75.357052,Villa,4295,3,2,9,No,Semi,9,59,23,41382325
903,Bengaluru,Indiranagar,12.684099,75.52106,Apartment,4203,1,1,25,No,Fully,9,81,40,31841928
904,Pune,Wakad,17.505335,75.290334,Independent House,3104,2,1,21,Yes,Unfurnished,20,98,53,29429024
905,Chennai,OMR,15.902501,72.379388,Apartment,949,2,1,23,Yes,Unfurnished,30,81,99,4504903
906,Hyderabad,Miyapur,16.919659,73.583475,Independent House,4594,3,2,1,Yes,Fully,10,71,95,47456020
907,Mumbai,Bandra,18.219707,72.3175,Villa,4190,2,1,16,No,Semi,22,96,85,43228230
908,Mumbai,Andheri,12.817883,73.830059,Independent House,4194,1,1,21,Yes,Fully,12,70,4,48176478
909,Mumbai,Thane,13.254143,75.727301,Independent House,3567,4,3,7,Yes,Semi,13,61,85,25179453
910,Pune,Baner,17.737883,73.388497,Independent House,1792,4,3,18,Yes,Fully,1,79,1,13956096
911,Mumbai,Powai,18.22815,77.20792,Plot,2629,5,4,21,Yes,Fully,29,78,76,16991227
912,Hyderabad,Miyapur,16.532625,74.24827,Villa,2940,1,1,22,No,Unfurnished,25,84,1,16831500
913,Bengaluru,Whitefield,13.247112,75.873429,Independent House,1156,4,3,0,No,Unfurnished,20,81,1,6878200
914,Mumbai,Bandra,12.90116,72.264757,Plot,2191,3,2,11,Yes,Fully,25,84,2,10372194
915,Pune,Baner,16.706145,73.077534,Apartment,1032,1,1,2,No,Unfurnished,17,84,19,10290072
916,Bengaluru,Whitefield,14.555585,72.253709,Independent House,3737,1,1,17,No,Fully,19,82,18,53936121
917,Pune,Hinjewadi,16.649882,77.390476,Villa,3302,3,2,8,No,Semi,14,87,78,33667192
918,Chennai,OMR,12.496376,72.349464,Apartment,757,3,2,4,No,Unfurnished,17,70,56,9908373
919,Pune,Hinjewadi,13.39582,73.944738,Independent House,3691,5,4,7,No,Semi,1,69,19,23659310
920,Mumbai,Andheri,16.053908,77.024988,Independent House,3772,2,1,9,Yes,Fully,20,94,33,15212476
921,Hyderabad,Miyapur,18.423998,76.700405,Plot,4540,4,3,4,No,Unfurnished,5,77,1,33659560
922,Mumbai,Thane,12.485226,76.701203,Independent House,4487,4,3,11,Yes,Fully,11,93,63,61826373
923,Pune,Wakad,13.910503,76.250408,Independent House,2977,4,3,17,Yes,Semi,3,86,4,19136156
924,Pune,Baner,14.153765,77.410573,Apartment,4716,1,1,23,Yes,Semi,21,91,57,25456968
925,Chennai,OMR,14.821179,77.913426,Villa,3706,4,3,20,No,Fully,0,86,90,42937716
926,Bengaluru,HSR Layout,15.295472,72.183122,Apartment,3549,4,3,5,No,Unfurnished,13,60,96,46307352
927,Pune,Wakad,14.867199,73.757231,Villa,1452,2,1,7,No,Semi,26,53,92,7434240
928,Mumbai,Andheri,14.804258,78.610962,Apartment,630,1,1,18,No,Unfurnished,9,64,59,4231080
929,Hyderabad,Jubilee Hills,16.292745,76.322473,Independent House,1096,1,1,11,Yes,Semi,11,91,57,10031688
930,Mumbai,Thane,15.260402,78.838364,Apartment,3434,1,1,23,No,Fully,22,57,12,33203346
931,Chennai,Velachery,12.279829,79.833163,Independent House,4273,3,2,11,Yes,Unfurnished,16,94,86,53104844
932,Bengaluru,Whitefield,12.792951,78.3066,Apartment,2988,5,4,16,Yes,Unfurnished,24,80,42,17282592
933,Bengaluru,Whitefield,13.265957,74.462714,Apartment,898,5,4,13,No,Unfurnished,23,68,66,6339880
934,Bengaluru,HSR Layout,13.2939,76.234889,Independent House,4322,4,3,3,Yes,Unfurnished,24,85,23,32376102
935,Hyderabad,Kukatpally,18.753284,73.074743,Plot,3855,3,2,24,Yes,Unfurnished,4,95,90,34509960
936,Hyderabad,Madhapur,17.040801,79.523825,Apartment,648,2,1,19,No,Semi,30,77,24,5655096
937,Mumbai,Powai,15.845356,73.910839,Plot,4177,4,3,5,No,Unfurnished,2,57,18,22693641
938,Chennai,Adyar,18.280341,74.311446,Plot,2988,2,1,23,No,Semi,18,87,24,23539464
939,Chennai,Velachery,17.396048,75.308959,Independent House,1838,1,1,19,No,Unfurnished,8,86,9,15806800
940,Pune,Wakad,18.85808,75.052763,Plot,2596,4,3,4,No,Semi,13,77,37,23732632
941,Mumbai,Thane,17.330886,78.984559,Independent House,1953,1,1,4,Yes,Semi,27,54,12,8683038
942,Chennai,OMR,13.032543,75.006092,Apartment,4041,3,2,11,No,Fully,23,54,73,29620530
943,Chennai,Adyar,15.234271,74.87721,Villa,1900,1,1,1,Yes,Semi,26,86,43,11935800
944,Pune,Baner,15.806722,76.657005,Apartment,2889,4,3,10,Yes,Semi,23,87,58,34113312
945,Pune,Baner,15.322067,76.423768,Independent House,3509,5,4,3,Yes,Semi,11,94,16,36497109
946,Hyderabad,Gachibowli,18.277738,76.266238,Independent House,695,4,3,22,Yes,Unfurnished,22,72,43,8788275
947,Hyderabad,Gachibowli,14.686669,78.076435,Apartment,4174,1,1,16,Yes,Unfurnished,4,63,95,24334420
948,Mumbai,Andheri,17.91609,77.766413,Plot,1040,4,3,22,No,Unfurnished,12,68,48,7931040
949,Pune,Hinjewadi,16.107633,75.844108,Independent House,4513,5,4,17,No,Semi,24,88,23,44240939
950,Pune,Hinjewadi,13.69745,75.687831,Independent House,2845,3,2,0,Yes,Semi,23,90,34,16472550
951,Chennai,Adyar,16.484584,79.55047,Villa,4825,2,1,4,No,Semi,21,87,19,43864075
952,Mumbai,Thane,15.148638,75.551963,Apartment,2330,5,4,22,No,Semi,24,76,86,23978030
953,Bengaluru,HSR Layout,12.490743,72.301738,Independent House,983,5,4,0,Yes,Semi,22,79,88,10928011
954,Chennai,Velachery,14.02654,74.818456,Villa,1156,4,3,25,Yes,Fully,0,91,3,16802460
955,Hyderabad,Gachibowli,14.61965,77.4,Plot,1528,2,1,25,No,Semi,19,57,22,12176632
956,Pune,Hinjewadi,13.373129,79.162551,Villa,1186,5,4,4,No,Unfurnished,24,54,24,11525548
957,Hyderabad,Kukatpally,15.741443,73.417899,Apartment,3321,1,1,2,No,Semi,4,99,57,39011787
958,Mumbai,Powai,12.374734,76.899158,Apartment,4208,5,4,25,No,Fully,4,74,1,41499296
959,Pune,Kharadi,17.634722,74.749257,Plot,3616,1,1,23,Yes,Fully,7,87,7,19707200
960,Pune,Kharadi,14.095921,76.997747,Apartment,517,2,1,23,No,Fully,10,83,95,4792073
961,Pune,Hinjewadi,17.11068,72.30686,Villa,3305,3,2,9,Yes,Semi,30,51,48,17090155
962,Pune,Hinjewadi,17.993962,73.073313,Villa,788,2,1,2,No,Semi,9,86,21,9924860
963,Chennai,Anna Nagar,13.299874,75.979941,Apartment,3347,3,2,4,No,Unfurnished,30,89,57,46754243
964,Pune,Wakad,18.926844,75.838187,Apartment,1459,4,3,19,No,Fully,14,55,55,6254733
965,Chennai,OMR,14.347243,78.682665,Independent House,745,5,4,2,Yes,Unfurnished,2,66,19,8185315
966,Chennai,Adyar,16.543622,72.685103,Plot,4605,2,1,18,No,Unfurnished,10,82,41,64354875
967,Hyderabad,Jubilee Hills,12.251524,75.297199,Plot,638,5,4,9,Yes,Semi,30,62,11,9447504
968,Chennai,OMR,15.754013,79.060903,Villa,1588,3,2,6,No,Fully,7,81,3,11452656
969,Chennai,OMR,14.028184,74.493541,Independent House,3081,5,4,19,No,Fully,9,90,23,14366703
970,Hyderabad,Kukatpally,18.588909,75.557697,Independent House,1951,5,4,9,Yes,Semi,21,80,53,8879001
971,Bengaluru,Whitefield,17.875684,76.728922,Independent House,612,1,1,10,Yes,Semi,6,71,9,2955960
972,Pune,Hinjewadi,17.720075,77.886414,Plot,3455,2,1,0,Yes,Unfurnished,21,69,61,38844565
973,Chennai,Velachery,14.414891,78.107597,Apartment,3289,4,3,12,No,Semi,16,88,30,40878981
974,Mumbai,Powai,13.123455,72.301037,Apartment,1458,4,3,8,No,Unfurnished,14,100,22,6304392
975,Chennai,Adyar,15.09401,73.407858,Independent House,4449,2,1,18,No,Fully,14,50,55,38813076
976,Hyderabad,Jubilee Hills,18.614236,79.922549,Plot,691,4,3,15,Yes,Fully,30,96,99,4566819
977,Pune,Hinjewadi,15.413873,73.583793,Independent House,686,2,1,23,Yes,Semi,9,55,9,7849898
978,Chennai,OMR,15.521346,79.548241,Plot,4805,1,1,20,Yes,Unfurnished,22,54,54,56117595
979,Hyderabad,Miyapur,14.025919,76.693129,Plot,2306,1,1,15,No,Unfurnished,9,62,6,23874018
980,Bengaluru,Indiranagar,17.771196,76.734432,Apartment,1512,5,4,7,No,Unfurnished,4,66,94,6581736
981,Chennai,Anna Nagar,15.869907,72.585018,Independent House,1776,1,1,3,No,Semi,12,99,62,12961248
982,Chennai,Adyar,12.794834,79.681476,Independent House,4260,2,1,3,No,Semi,24,76,73,47452140
983,Pune,Wakad,18.917831,73.468813,Independent House,2035,5,4,10,Yes,Unfurnished,6,80,19,8665030
984,Hyderabad,Banjara Hills,13.147979,76.770297,Villa,2026,5,4,4,No,Unfurnished,5,69,42,21254766
985,Hyderabad,Gachibowli,13.924544,73.248752,Apartment,4933,3,2,23,Yes,Fully,27,51,78,26490210
986,Bengaluru,Electronic City,14.24372,78.880553,Villa,3375,1,1,16,No,Semi,11,94,51,18346500
987,Pune,Kharadi,17.203843,76.360443,Independent House,1417,4,3,23,No,Semi,6,57,92,12320815
988,Hyderabad,Banjara Hills,14.551781,79.712173,Plot,4361,2,1,7,Yes,Unfurnished,3,87,93,56274344
989,Bengaluru,Electronic City,16.926024,77.469422,Plot,4964,4,3,16,No,Unfurnished,8,58,3,40704800
990,Mumbai,Bandra,14.369464,76.932679,Villa,1089,4,3,12,No,Unfurnished,29,54,29,10063449
991,Pune,Kharadi,18.011407,78.146845,Plot,2939,2,1,10,Yes,Fully,12,95,76,34433324
992,Hyderabad,Madhapur,14.90179,78.410809,Villa,2800,3,2,2,Yes,Unfurnished,0,59,8,38827600
993,Chennai,Anna Nagar,15.256544,74.737435,Plot,2271,3,2,18,Yes,Unfurnished,18,78,15,29282274
994,Hyderabad,Kukatpally,14.669404,74.771087,Apartment,3594,4,3,14,No,Semi,21,69,54,20705034
995,Hyderabad,Gachibowli,12.195202,76.702266,Independent House,822,4,3,21,Yes,Fully,20,85,29,10814232
996,Mumbai,Andheri,18.060153,74.124711,Independent House,2199,5,4,18,No,Fully,26,91,93,30746418
997,Chennai,Anna Nagar,17.0999,78.612649,Villa,2347,3,2,11,Yes,Fully,17,90,27,31961446
998,Bengaluru,HSR Layout,13.364312,74.580933,Plot,817,2,1,25,No,Unfurnished,17,94,8,4230426
999,Mumbai,Thane,14.96779,77.380101,Independent House,3558,4,3,6,No,Fully,7,99,44,31516764
1000,Chennai,OMR,15.664529,77.367636,Independent House,4672,5,4,16,Yes,Fully,17,57,18,23743104
1001,Mumbai,Bandra,16.762207,73.833958,Apartment,3127,4,3,2,No,Fully,10,99,2,15087775
1002,Mumbai,Bandra,15.717007,75.457936,Villa,2391,3,2,24,Yes,Unfurnished,26,55,20,26422941
1003,Bengaluru,HSR Layout,18.605041,79.542928,Plot,1034,1,1,8,No,Unfurnished,22,88,86,12916728
1004,Hyderabad,Jubilee Hills,17.89621,72.293943,Villa,2384,4,3,8,No,Fully,5,64,26,26347968
1005,Chennai,Velachery,13.299689,78.739801,Independent House,3839,5,4,3,No,Semi,2,65,13,52682597
1006,Bengaluru,Whitefield,12.392983,76.467826,Plot,4991,4,3,12,Yes,Unfurnished,19,83,50,51616922
1007,Bengaluru,Electronic City,16.458241,79.271608,Plot,3889,3,2,6,Yes,Semi,16,80,10,45524634
1008,Chennai,Velachery,12.42319,79.798147,Apartment,4425,5,4,15,No,Unfurnished,28,73,69,58662225
1009,Hyderabad,Jubilee Hills,12.263165,79.640259,Plot,1462,5,4,14,Yes,Semi,22,94,62,12622908
1010,Chennai,Adyar,18.703471,72.250804,Independent House,4914,3,2,0,Yes,Unfurnished,29,52,25,31307094
1011,Bengaluru,HSR Layout,18.508922,79.248493,Villa,3828,5,4,11,Yes,Fully,1,75,30,21796632
1012,Mumbai,Bandra,18.368013,76.402066,Plot,1112,3,2,7,No,Semi,10,82,14,12994832
1013,Mumbai,Andheri,13.028889,74.620779,Independent House,2512,5,4,7,No,Fully,0,85,43,34911776
1014,Pune,Wakad,13.950655,79.356519,Plot,3857,3,2,2,Yes,Semi,22,82,15,17368071
1015,Bengaluru,HSR Layout,17.575995,75.61816,Plot,1934,5,4,4,No,Semi,21,82,25,23573526
1016,Pune,Hinjewadi,17.850863,76.125494,Independent House,3092,1,1,21,Yes,Unfurnished,21,66,96,26108848
1017,Bengaluru,HSR Layout,15.94835,74.750393,Apartment,4418,1,1,5,Yes,Semi,17,75,77,40928352
1018,Chennai,Adyar,14.023954,72.21737,Apartment,4425,2,1,17,Yes,Unfurnished,0,54,44,41962275
1019,Bengaluru,Indiranagar,18.244837,72.296076,Plot,2993,5,4,5,Yes,Unfurnished,21,94,36,28858506
1020,Bengaluru,Indiranagar,12.83146,75.809907,Apartment,3304,2,1,3,No,Semi,4,89,61,38065384
1021,Chennai,Adyar,18.999006,74.961662,Independent House,1605,3,2,8,Yes,Fully,0,54,25,20588940
1022,Hyderabad,Gachibowli,14.608967,72.872894,Villa,2525,5,4,24,Yes,Semi,17,70,69,14268775
1023,Mumbai,Bandra,17.58761,77.334484,Villa,4075,1,1,23,Yes,Fully,12,76,90,50627800
1024,Pune,Wakad,15.134051,78.949823,Villa,2098,1,1,5,Yes,Semi,25,52,94,20058978
1025,Hyderabad,Gachibowli,12.292061,75.698634,Apartment,2462,4,3,25,No,Semi,23,83,86,15114218
1026,Pune,Wakad,18.75644,74.263921,Plot,3266,5,4,10,No,Unfurnished,13,100,63,36442028
1027,Hyderabad,Kukatpally,12.70077,74.864038,Independent House,4289,2,1,12,Yes,Fully,10,55,28,57339641
1028,Pune,Hinjewadi,15.348792,76.884476,Apartment,889,1,1,0,No,Semi,6,56,76,4778375
1029,Chennai,Adyar,12.117296,77.460775,Plot,2915,4,3,19,No,Unfurnished,25,94,98,33085250
1030,Hyderabad,Kondapur,18.136121,73.091233,Independent House,2363,5,4,17,Yes,Fully,16,82,36,29048359
1031,Mumbai,Andheri,13.685831,73.499435,Apartment,1989,4,3,0,No,Unfurnished,27,57,51,17485299
1032,Bengaluru,Electronic City,15.335539,76.918465,Independent House,3150,2,1,25,Yes,Fully,30,68,48,28923300
1033,Pune,Wakad,13.089593,73.858009,Plot,4104,1,1,10,No,Semi,24,79,41,46921032
1034,Hyderabad,Kondapur,16.539146,77.274356,Independent House,3905,1,1,15,No,Semi,25,59,6,18091865
1035,Mumbai,Bandra,18.824217,72.776164,Independent House,963,2,1,15,Yes,Unfurnished,6,76,89,10666188
1036,Bengaluru,Whitefield,13.26845,74.25582,Villa,1933,3,2,15,No,Unfurnished,0,98,65,26300398
1037,Hyderabad,Jubilee Hills,14.952515,74.821363,Plot,4416,1,1,0,Yes,Unfurnished,26,77,85,59214144
1038,Pune,Baner,15.249306,78.257283,Villa,3108,1,1,18,Yes,Unfurnished,22,74,24,23111088
1039,Chennai,OMR,18.006958,77.995184,Plot,3493,5,4,4,No,Fully,23,55,82,41385064
1040,Pune,Hinjewadi,18.936944,79.358232,Villa,2668,5,4,4,No,Fully,4,57,2,20538264
1041,Mumbai,Thane,13.20391,76.847384,Plot,4177,5,4,18,Yes,Fully,28,90,84,40955485
1042,Mumbai,Thane,14.806365,75.966776,Plot,4624,3,2,1,No,Fully,0,72,8,22185952
1043,Chennai,Velachery,18.871,76.014939,Plot,4162,1,1,4,Yes,Unfurnished,25,91,52,34057646
1044,Mumbai,Bandra,16.444031,74.375869,Villa,4913,3,2,10,Yes,Fully,1,91,9,69278213
1045,Pune,Baner,14.737461,77.906638,Apartment,1254,5,4,1,No,Fully,2,96,30,18596820
1046,Hyderabad,Madhapur,16.254866,75.082245,Plot,1739,1,1,5,Yes,Unfurnished,21,91,66,13524203
1047,Pune,Wakad,18.329341,78.563151,Villa,4862,5,4,0,No,Semi,12,74,63,31029284
1048,Chennai,Anna Nagar,16.548746,72.585992,Villa,2627,3,2,9,Yes,Semi,22,89,93,17582511
1049,Hyderabad,Kukatpally,17.46369,73.775535,Plot,2503,1,1,0,No,Unfurnished,15,92,4,34746646
1050,Bengaluru,Indiranagar,13.4619,77.206947,Villa,602,3,2,5,No,Semi,13,68,80,6898920
1051,Hyderabad,Gachibowli,16.271129,72.186305,Villa,1461,5,4,25,Yes,Semi,28,93,48,18997383
1052,Hyderabad,Kukatpally,12.183945,79.390765,Plot,4778,1,1,22,Yes,Fully,26,80,99,45816242
1053,Bengaluru,Indiranagar,17.468629,77.810764,Plot,948,1,1,24,No,Unfurnished,30,80,72,7846596
1054,Pune,Baner,18.645791,75.970598,Independent House,4953,5,4,9,No,Unfurnished,1,78,72,71744205
1055,Chennai,Adyar,13.178347,74.053695,Plot,4619,2,1,1,No,Unfurnished,8,63,50,36868858
1056,Hyderabad,Kukatpally,14.505513,73.163194,Plot,3664,3,2,16,No,Semi,26,58,46,44081584
1057,Hyderabad,Kukatpally,18.753176,72.973524,Plot,3340,1,1,21,No,Fully,30,90,10,42321140
1058,Chennai,Anna Nagar,17.234881,77.091615,Villa,4147,2,1,2,Yes,Fully,0,88,29,59480421
1059,Bengaluru,Electronic City,18.264592,73.015232,Plot,2328,4,3,11,No,Fully,21,65,54,21364056
1060,Chennai,Anna Nagar,17.730167,73.538215,Apartment,584,1,1,5,No,Semi,21,61,76,7392272
1061,Bengaluru,Indiranagar,17.616361,78.09586,Apartment,833,1,1,23,Yes,Fully,11,79,93,5178761
1062,Chennai,Velachery,18.297035,72.659776,Apartment,3328,4,3,24,Yes,Unfurnished,0,83,42,33735936
1063,Chennai,OMR,14.887977,72.024046,Villa,1603,2,1,14,No,Unfurnished,21,55,11,15832831
1064,Chennai,Adyar,15.908906,76.671506,Apartment,3541,3,2,14,Yes,Semi,24,54,11,45328341
1065,Hyderabad,Miyapur,13.055794,74.675194,Independent House,4564,3,2,21,No,Fully,23,98,49,58834524
1066,Mumbai,Thane,12.64222,73.572399,Apartment,3895,2,1,22,No,Unfurnished,15,52,49,25629100
1067,Bengaluru,Whitefield,14.649201,73.641383,Villa,2508,4,3,19,No,Fully,17,69,6,21696708
1068,Pune,Hinjewadi,14.334896,78.324199,Independent House,4798,1,1,17,Yes,Semi,17,63,17,60258082
1069,Hyderabad,Jubilee Hills,16.119231,79.171307,Plot,1803,3,2,6,Yes,Fully,2,65,26,14616921
1070,Mumbai,Bandra,16.847122,74.233943,Independent House,3074,5,4,23,No,Unfurnished,15,68,57,16163092
1071,Pune,Hinjewadi,18.330634,77.018013,Independent House,1776,5,4,22,No,Unfurnished,30,80,63,23056032
1072,Bengaluru,Electronic City,15.723185,74.421179,Plot,1111,5,4,12,No,Fully,28,93,72,9154640
1073,Chennai,Adyar,18.606678,73.338097,Independent House,2467,5,4,4,No,Semi,0,62,55,17594644
1074,Hyderabad,Kondapur,17.412313,74.320731,Apartment,2326,3,2,21,Yes,Fully,12,88,91,13572210
1075,Chennai,OMR,15.806814,79.805204,Villa,1903,1,1,21,Yes,Semi,8,56,72,8422678
1076,Bengaluru,Electronic City,14.862876,74.805316,Independent House,4576,1,1,5,No,Unfurnished,29,99,80,48638304
1077,Hyderabad,Miyapur,16.287244,75.898945,Independent House,4532,5,4,17,Yes,Unfurnished,15,74,65,59133536
1078,Chennai,Adyar,18.646182,78.697653,Villa,2282,1,1,10,No,Unfurnished,23,91,14,29006502
1079,Chennai,OMR,15.207025,74.76066,Plot,2282,3,2,20,No,Fully,0,55,67,27091904
1080,Bengaluru,Indiranagar,17.208317,72.938344,Apartment,2412,2,1,21,Yes,Unfurnished,7,57,74,16252056
1081,Mumbai,Bandra,17.404844,76.333371,Plot,4156,1,1,25,Yes,Semi,13,90,48,17359612
1082,Chennai,OMR,14.047793,79.2319,Plot,4447,1,1,0,No,Unfurnished,8,62,3,21865899
1083,Mumbai,Thane,18.987072,72.585547,Independent House,1268,4,3,19,No,Semi,3,89,99,9090292
1084,Bengaluru,Whitefield,13.413687,77.304465,Plot,3981,3,2,5,Yes,Fully,17,52,48,49384305
1085,Bengaluru,Electronic City,12.143901,74.303581,Independent House,1968,5,4,2,Yes,Fully,26,88,14,22921296
1086,Chennai,Velachery,12.665765,77.651206,Villa,860,3,2,21,No,Unfurnished,27,74,79,11609140
1087,Chennai,Adyar,15.554954,72.567981,Villa,2058,3,2,13,No,Fully,13,74,75,22125558
1088,Hyderabad,Kondapur,16.271159,74.754627,Villa,1870,1,1,6,No,Fully,27,88,64,23668590
1089,Pune,Wakad,18.528239,73.684857,Independent House,1271,1,1,8,No,Semi,2,52,71,18312568
1090,Mumbai,Andheri,15.295732,77.212416,Villa,3702,2,1,24,No,Semi,26,87,32,45908502
1091,Pune,Baner,15.958161,79.018795,Villa,3696,5,4,16,Yes,Unfurnished,17,86,1,43464960
1092,Bengaluru,HSR Layout,16.473961,74.523326,Plot,3854,5,4,23,No,Fully,29,93,3,15735882
1093,Mumbai,Powai,12.369168,76.720679,Independent House,3387,1,1,20,No,Fully,9,69,65,37118133
1094,Pune,Hinjewadi,13.244338,78.089136,Plot,2177,3,2,23,No,Unfurnished,2,55,83,28666736
1095,Pune,Kharadi,13.498615,77.819867,Apartment,2144,1,1,12,Yes,Semi,9,88,96,22855040
1096,Chennai,Adyar,18.795333,78.322789,Independent House,620,4,3,18,Yes,Fully,7,53,6,5565740
1097,Chennai,OMR,14.570482,73.783523,Independent House,1919,3,2,21,No,Fully,22,99,39,19756105
1098,Pune,Kharadi,12.10002,76.816358,Independent House,556,3,2,5,Yes,Semi,13,68,59,5217504
1099,Pune,Hinjewadi,16.011625,78.995143,Plot,4244,3,2,25,Yes,Semi,29,64,43,42287216
1100,Bengaluru,Electronic City,12.561259,73.487055,Plot,887,2,1,10,Yes,Semi,28,76,72,6556704
1101,Hyderabad,Gachibowli,12.11839,79.260716,Apartment,2550,1,1,24,Yes,Unfurnished,25,94,45,11814150
1102,Pune,Hinjewadi,13.728783,75.147938,Villa,847,4,3,8,No,Fully,0,93,92,9095933
1103,Hyderabad,Gachibowli,14.199542,76.893415,Apartment,3011,4,3,3,No,Fully,16,69,7,24952157
1104,Chennai,OMR,18.533577,77.668031,Independent House,1928,4,3,17,Yes,Semi,1,94,27,22096808
1105,Pune,Wakad,13.815248,77.614768,Plot,1635,1,1,1,No,Unfurnished,20,90,84,7946100
1106,Mumbai,Bandra,16.635449,74.294514,Villa,4121,5,4,12,Yes,Fully,12,80,15,30371770
1107,Pune,Wakad,13.083576,78.350782,Villa,2272,3,2,2,No,Unfurnished,15,100,75,12121120
1108,Hyderabad,Madhapur,12.164864,72.28193,Independent House,1687,2,1,18,No,Fully,17,56,89,10594360
1109,Mumbai,Bandra,13.586215,74.767148,Villa,1348,4,3,1,No,Unfurnished,15,78,10,16912008
1110,Pune,Kharadi,16.934628,74.93479,Apartment,1497,5,4,20,No,Unfurnished,27,80,96,7877214
1111,Hyderabad,Miyapur,17.442233,72.747273,Apartment,4696,2,1,22,No,Semi,13,91,92,58300840
1112,Chennai,Anna Nagar,13.247541,74.127054,Plot,2557,5,4,1,No,Fully,8,97,94,30185385
1113,Pune,Hinjewadi,17.624269,75.136196,Apartment,2553,4,3,8,Yes,Fully,8,55,28,13873002
1114,Pune,Hinjewadi,15.439072,74.493387,Apartment,1528,1,1,12,No,Fully,21,71,77,15790352
1115,Bengaluru,Whitefield,12.865303,72.046038,Apartment,2837,5,4,4,No,Unfurnished,8,79,18,35933442
1116,Chennai,Adyar,15.91484,75.583082,Independent House,4128,1,1,23,Yes,Semi,2,74,33,21832992
1117,Mumbai,Thane,16.172451,73.749052,Villa,2509,4,3,16,Yes,Unfurnished,3,65,20,24194287
1118,Hyderabad,Gachibowli,13.184464,79.522788,Independent House,4977,3,2,7,Yes,Semi,5,55,34,58220946
1119,Mumbai,Thane,18.716377,75.488717,Apartment,570,3,2,0,No,Semi,10,63,90,4634670
1120,Bengaluru,Indiranagar,12.143508,78.619633,Apartment,2743,4,3,18,No,Semi,3,60,32,37897288
1121,Chennai,Anna Nagar,18.291073,75.936829,Villa,1082,2,1,6,Yes,Unfurnished,10,65,63,11230078
1122,Hyderabad,Miyapur,17.486538,73.899591,Apartment,4234,1,1,20,No,Semi,25,83,73,58662070
1123,Pune,Kharadi,13.827713,73.209163,Plot,3023,3,2,25,Yes,Unfurnished,22,71,26,23866585
1124,Mumbai,Thane,17.077755,73.337413,Plot,1298,2,1,20,Yes,Semi,11,95,64,11711854
1125,Chennai,Adyar,15.002701,74.907728,Independent House,4875,5,4,11,Yes,Unfurnished,22,98,60,38025000
1126,Chennai,OMR,13.498712,76.705763,Apartment,4555,2,1,20,Yes,Semi,6,71,84,39168445
1127,Mumbai,Bandra,15.54412,76.192771,Plot,3717,1,1,5,No,Unfurnished,29,90,90,50945202
1128,Chennai,OMR,14.481591,74.668826,Plot,3502,4,3,19,Yes,Unfurnished,7,70,81,51591464
1129,Chennai,OMR,13.966955,78.569197,Independent House,636,1,1,0,No,Unfurnished,27,84,56,3733320
1130,Hyderabad,Kukatpally,16.17659,79.037854,Independent House,4993,3,2,19,Yes,Unfurnished,21,67,35,61518753
1131,Hyderabad,Jubilee Hills,12.319399,73.635796,Villa,524,3,2,16,No,Semi,12,82,49,4125452
1132,Hyderabad,Jubilee Hills,16.589959,72.952831,Villa,2315,3,2,7,No,Unfurnished,21,82,35,19881220
1133,Mumbai,Andheri,17.661323,75.41322,Villa,1167,1,1,24,No,Semi,11,63,56,13426335
1134,Mumbai,Bandra,12.345122,75.256415,Villa,3600,2,1,20,Yes,Fully,9,51,36,50126400
1135,Chennai,Adyar,18.777811,76.203104,Villa,742,5,4,24,No,Fully,30,83,78,4891264
1136,Mumbai,Thane,15.158742,74.632173,Villa,2915,2,1,3,Yes,Semi,17,85,25,39833475
1137,Pune,Baner,16.163972,72.565327,Plot,3168,3,2,14,Yes,Semi,27,76,24,38811168
1138,Pune,Wakad,18.953424,76.682593,Independent House,2006,4,3,25,Yes,Semi,25,60,34,14772184
1139,Chennai,Adyar,15.288095,74.55445,Apartment,4579,3,2,20,No,Semi,30,60,24,33289330
1140,Pune,Wakad,14.647641,74.679224,Apartment,1471,3,2,25,No,Unfurnished,30,97,83,8199354
1141,Hyderabad,Kukatpally,16.250904,73.090744,Villa,1562,4,3,10,Yes,Fully,25,51,8,17745882
1142,Pune,Kharadi,18.412959,78.405069,Apartment,926,2,1,9,No,Semi,29,87,28,13328844
1143,Bengaluru,HSR Layout,18.96917,78.8823,Villa,3048,1,1,25,Yes,Fully,27,61,53,22418040
1144,Bengaluru,HSR Layout,12.778361,79.583703,Apartment,3797,3,2,4,Yes,Fully,7,53,68,36523343
1145,Hyderabad,Banjara Hills,12.128485,76.940216,Independent House,4436,2,1,3,No,Fully,18,60,52,40549476
1146,Pune,Kharadi,12.867346,79.170308,Independent House,3105,4,3,18,Yes,Semi,26,57,69,20610990
1147,Chennai,OMR,14.197132,75.50274,Plot,4234,1,1,12,No,Semi,8,82,16,58043906
1148,Bengaluru,Electronic City,14.459538,74.03049,Plot,4067,3,2,14,No,Unfurnished,14,84,68,43687714
1149,Pune,Wakad,12.433169,74.81627,Independent House,2249,2,1,13,No,Fully,2,88,34,14861392
1150,Hyderabad,Gachibowli,15.176613,72.427128,Independent House,3156,1,1,3,Yes,Fully,20,89,72,19743936
1151,Chennai,Velachery,16.407363,79.957985,Independent House,4235,5,4,21,Yes,Fully,8,78,20,34074810
1152,Hyderabad,Miyapur,14.7356,72.263564,Apartment,3784,4,3,9,Yes,Fully,12,72,71,44284152
1153,Pune,Wakad,12.863156,75.601702,Apartment,1052,3,2,8,Yes,Semi,22,68,41,15351836
1154,Bengaluru,Indiranagar,14.057016,78.697935,Apartment,1958,4,3,2,Yes,Semi,2,62,2,25289528
1155,Hyderabad,Miyapur,17.636571,72.712657,Independent House,3271,2,1,12,No,Fully,21,76,7,40969275
1156,Bengaluru,Indiranagar,13.861043,73.377108,Plot,3081,4,3,9,No,Semi,24,50,91,33413445
1157,Mumbai,Thane,13.24852,79.030899,Apartment,2510,4,3,2,Yes,Semi,14,95,67,35275540
1158,Pune,Baner,17.772112,77.045831,Villa,2063,1,1,19,Yes,Unfurnished,8,64,5,17250806
1159,Mumbai,Powai,17.66843,73.227794,Plot,1712,4,3,4,No,Unfurnished,24,84,30,18371472
1160,Pune,Wakad,17.312408,74.111878,Independent House,1946,4,3,7,Yes,Unfurnished,22,93,27,16021418
1161,Mumbai,Bandra,13.733756,76.880123,Villa,1503,4,3,8,Yes,Semi,5,72,24,15256953
1162,Hyderabad,Kondapur,15.461082,75.262656,Villa,3122,2,1,2,Yes,Unfurnished,21,51,72,26577586
1163,Hyderabad,Banjara Hills,17.755277,74.643681,Plot,913,5,4,21,No,Fully,29,59,43,4580521
1164,Pune,Kharadi,14.628018,78.53943,Independent House,2871,5,4,10,No,Unfurnished,18,96,88,12721401
1165,Chennai,Anna Nagar,18.848741,79.796707,Apartment,3600,2,1,16,No,Fully,6,93,42,20800800
1166,Mumbai,Powai,14.391446,73.122174,Apartment,2611,5,4,9,Yes,Fully,19,94,61,33551350
1167,Pune,Kharadi,16.145201,78.548021,Villa,2573,1,1,7,No,Semi,20,60,61,19547081
1168,Bengaluru,HSR Layout,15.175677,79.991664,Apartment,547,1,1,6,No,Semi,29,70,76,6699109
1169,Chennai,OMR,14.774352,74.427852,Plot,1150,1,1,2,Yes,Fully,0,94,21,14876400
1170,Chennai,OMR,12.17662,79.194354,Villa,3313,4,3,22,No,Unfurnished,10,59,24,43768043
1171,Hyderabad,Banjara Hills,17.337739,77.57216,Plot,4981,5,4,19,Yes,Semi,27,61,1,45162727
1172,Pune,Baner,12.010329,74.503214,Independent House,3007,1,1,25,No,Fully,30,86,68,31519374
1173,Chennai,Velachery,16.703693,72.128231,Plot,3937,2,1,19,Yes,Semi,17,50,13,31791275
1174,Hyderabad,Madhapur,13.632361,77.465876,Independent House,785,1,1,9,No,Unfurnished,27,64,31,8078435
1175,Mumbai,Andheri,16.338117,78.790771,Independent House,3892,5,4,3,Yes,Unfurnished,6,76,72,33043080
1176,Mumbai,Powai,16.653498,76.605356,Independent House,2353,5,4,2,No,Fully,13,50,84,28247765
1177,Hyderabad,Gachibowli,16.153022,78.641176,Plot,2881,3,2,19,Yes,Semi,14,83,18,42782850
1178,Bengaluru,Whitefield,18.447322,75.285535,Apartment,718,1,1,15,No,Semi,11,91,27,3405474
1179,Pune,Hinjewadi,15.473234,73.786153,Apartment,980,4,3,23,Yes,Unfurnished,7,84,74,13261360
1180,Hyderabad,Kondapur,16.528518,79.507126,Plot,3895,3,2,10,No,Unfurnished,30,60,8,48438220
1181,Chennai,Anna Nagar,17.100442,78.244101,Independent House,3637,2,1,6,No,Fully,18,98,4,40607105
1182,Pune,Hinjewadi,18.246732,75.963128,Apartment,2298,5,4,21,No,Semi,23,69,64,19583556
1183,Chennai,Anna Nagar,15.10512,76.8311,Villa,1778,1,1,4,Yes,Semi,30,52,22,8129016
1184,Bengaluru,Electronic City,13.26006,72.661014,Apartment,2455,4,3,10,No,Semi,16,82,3,10072865
1185,Hyderabad,Miyapur,12.642233,75.054187,Apartment,1246,3,2,0,No,Unfurnished,19,70,18,12269362
1186,Mumbai,Thane,12.156707,78.328739,Villa,930,4,3,14,Yes,Unfurnished,0,99,10,4557000
1187,Hyderabad,Kondapur,14.541075,75.196399,Independent House,4092,3,2,10,No,Unfurnished,11,65,18,54137160
1188,Mumbai,Bandra,17.42681,77.127554,Apartment,3564,3,2,12,No,Unfurnished,27,99,10,34802460
1189,Hyderabad,Kukatpally,17.581892,74.69065,Apartment,4377,5,4,5,No,Semi,14,72,85,57430617
1190,Chennai,Adyar,14.244378,77.188098,Apartment,2680,5,4,12,Yes,Semi,30,51,28,25106240
1191,Mumbai,Powai,12.039975,74.481914,Plot,1149,5,4,23,Yes,Fully,8,52,42,16334184
1192,Pune,Hinjewadi,17.455872,78.171646,Plot,785,2,1,12,No,Semi,7,87,88,8279395
1193,Hyderabad,Banjara Hills,12.394282,75.803109,Independent House,2171,4,3,2,No,Fully,29,86,86,30704453
1194,Chennai,OMR,12.700169,73.469972,Plot,1782,1,1,21,No,Unfurnished,27,90,57,16766838
1195,Pune,Hinjewadi,15.933659,76.616923,Villa,3833,2,1,22,No,Unfurnished,19,50,29,51139886
1196,Bengaluru,Electronic City,13.145328,78.269579,Villa,629,4,3,12,No,Fully,11,89,36,8372619
1197,Hyderabad,Banjara Hills,14.600998,73.603817,Plot,4528,4,3,6,Yes,Unfurnished,17,61,18,56215120
1198,Hyderabad,Kondapur,12.595514,79.601509,Plot,529,5,4,3,No,Unfurnished,21,55,30,4586430
1199,Pune,Kharadi,16.718762,75.237958,Villa,2879,2,1,5,Yes,Unfurnished,1,95,6,17533110
1200,Chennai,OMR,12.940372,72.301829,Apartment,3203,4,3,21,Yes,Semi,30,92,7,25992345
1201,Chennai,Anna Nagar,13.162858,72.38495,Villa,3693,1,1,7,Yes,Fully,28,74,65,36767508
1202,Pune,Hinjewadi,13.186142,78.650813,Villa,4973,2,1,1,No,Unfurnished,19,56,34,30071731
1203,Chennai,Velachery,17.383738,79.073417,Independent House,1360,5,4,17,Yes,Semi,20,86,11,20080400
1204,Bengaluru,Indiranagar,13.277277,77.225428,Villa,1101,5,4,6,No,Fully,22,54,91,10913112
1205,Hyderabad,Miyapur,17.702523,79.367552,Independent House,2841,1,1,7,No,Fully,22,88,99,12474831
1206,Mumbai,Thane,12.424691,79.076316,Villa,2737,3,2,6,No,Unfurnished,29,94,82,32211753
1207,Chennai,Anna Nagar,12.728628,77.49755,Apartment,990,5,4,17,Yes,Semi,13,55,41,14582700
1208,Pune,Baner,18.949156,79.868277,Villa,2572,2,1,18,Yes,Fully,28,87,76,33798652
1209,Bengaluru,Indiranagar,12.693503,76.237303,Plot,4701,3,2,14,No,Semi,14,72,19,30688128
1210,Mumbai,Andheri,17.289583,75.238427,Independent House,3024,2,1,7,Yes,Fully,17,85,61,34555248
1211,Pune,Kharadi,17.277638,74.988221,Villa,4366,2,1,7,Yes,Semi,6,94,94,46703102
1212,Chennai,Anna Nagar,15.191538,76.693331,Villa,3901,5,4,5,No,Unfurnished,13,98,43,16083823
1213,Bengaluru,Electronic City,17.428672,75.035466,Villa,2855,3,2,22,No,Unfurnished,26,62,88,14974475
1214,Pune,Kharadi,14.551105,75.463576,Independent House,3260,5,4,3,No,Semi,23,82,49,21633360
1215,Pune,Baner,17.212032,77.861197,Villa,4525,2,1,25,Yes,Unfurnished,20,60,54,65680375
1216,Mumbai,Thane,13.345894,73.291919,Villa,4607,3,2,22,Yes,Fully,3,97,23,62705877
1217,Bengaluru,Indiranagar,15.628186,72.496864,Plot,3201,5,4,20,Yes,Fully,0,87,80,13729089
1218,Hyderabad,Miyapur,15.149854,78.595233,Apartment,4618,5,4,3,Yes,Semi,22,81,8,25232752
1219,Hyderabad,Madhapur,18.208267,72.486817,Plot,1668,4,3,12,Yes,Fully,17,93,56,8455092
1220,Chennai,OMR,17.689415,73.017045,Plot,4361,2,1,8,No,Unfurnished,8,75,84,41835073
1221,Hyderabad,Kukatpally,17.162841,77.650821,Independent House,4672,5,4,14,No,Unfurnished,24,92,37,62394560
1222,Mumbai,Powai,18.338236,74.594207,Plot,2587,2,1,7,No,Unfurnished,13,64,7,28907138
1223,Mumbai,Andheri,14.962032,72.731079,Independent House,2178,1,1,19,Yes,Semi,4,92,11,15683778
1224,Chennai,Velachery,17.851776,77.253784,Plot,1607,2,1,2,Yes,Semi,30,100,54,23222757
1225,Chennai,Anna Nagar,12.096134,75.233058,Plot,2712,5,4,17,Yes,Fully,30,95,56,38925336
1226,Pune,Hinjewadi,17.876159,76.775107,Independent House,3513,4,3,17,Yes,Semi,28,78,33,15327219
1227,Hyderabad,Madhapur,18.57125,73.601691,Plot,3786,3,2,1,Yes,Unfurnished,12,88,62,30144132
1228,Chennai,OMR,17.094599,73.783723,Apartment,2312,5,4,19,Yes,Unfurnished,9,99,45,9647976
1229,Hyderabad,Kukatpally,13.904621,77.122782,Apartment,4092,1,1,9,No,Semi,17,78,26,42258084
1230,Bengaluru,HSR Layout,14.063344,78.474809,Plot,539,1,1,11,Yes,Fully,2,99,17,3856006
1231,Pune,Wakad,18.960643,78.043715,Apartment,1586,4,3,5,No,Semi,7,78,29,11619036
1232,Hyderabad,Banjara Hills,15.696179,75.059054,Independent House,2892,1,1,0,Yes,Unfurnished,15,80,18,20726964
1233,Chennai,OMR,16.531853,73.159972,Apartment,906,4,3,9,No,Unfurnished,29,76,66,11475396
1234,Mumbai,Powai,18.411992,76.578625,Plot,2742,3,2,20,Yes,Fully,16,75,56,25453986
1235,Bengaluru,Indiranagar,12.342809,75.977351,Villa,1245,2,1,10,No,Semi,16,96,26,15480330
1236,Pune,Hinjewadi,15.746313,74.212652,Villa,508,4,3,17,No,Fully,12,51,75,3669284
1237,Pune,Baner,18.895313,77.059114,Independent House,539,4,3,19,Yes,Fully,20,94,73,7736267
1238,Mumbai,Powai,13.085301,73.799469,Villa,3405,4,3,14,Yes,Unfurnished,17,80,4,18962445
1239,Hyderabad,Gachibowli,18.758536,72.236785,Independent House,3325,3,2,5,No,Semi,8,67,3,47015500
1240,Hyderabad,Banjara Hills,14.698499,74.581616,Apartment,4034,4,3,6,Yes,Unfurnished,11,91,15,56439694
1241,Mumbai,Powai,12.46065,76.551105,Apartment,2575,5,4,5,Yes,Fully,4,97,71,33477575
1242,Bengaluru,Whitefield,13.905703,78.728093,Plot,3287,3,2,14,No,Unfurnished,21,50,38,26789050
1243,Hyderabad,Jubilee Hills,15.244191,79.447639,Independent House,3418,5,4,0,No,Unfurnished,14,71,6,50227510
1244,Hyderabad,Gachibowli,16.432407,75.640572,Independent House,4824,4,3,20,No,Unfurnished,19,68,13,30733704
1245,Hyderabad,Kondapur,14.63681,75.387434,Independent House,1433,5,4,22,No,Fully,18,71,90,19911535
1246,Hyderabad,Miyapur,17.270382,77.499624,Independent House,549,1,1,23,No,Unfurnished,15,62,42,6830658
1247,Chennai,Anna Nagar,17.058467,72.090399,Independent House,4739,5,4,14,No,Fully,5,56,38,55261479
1248,Chennai,Anna Nagar,14.008617,75.328346,Villa,3483,4,3,22,No,Unfurnished,26,73,35,20601945
1249,Pune,Baner,13.537753,74.367802,Apartment,4991,1,1,0,No,Fully,10,52,21,66070858
1250,Hyderabad,Madhapur,18.17197,77.566813,Villa,1040,5,4,24,No,Semi,26,83,80,12407200
1251,Hyderabad,Gachibowli,17.034552,74.746581,Apartment,1683,3,2,11,Yes,Fully,1,95,89,23429043
1252,Pune,Hinjewadi,12.773045,79.08915,Plot,3253,2,1,13,Yes,Fully,8,89,92,33154576
1253,Hyderabad,Gachibowli,16.052461,75.943991,Independent House,1013,3,2,14,Yes,Semi,4,83,54,11237209
1254,Chennai,Anna Nagar,12.484181,72.835982,Apartment,2502,1,1,24,Yes,Semi,1,65,78,36046314
1255,Hyderabad,Madhapur,17.501101,72.172099,Independent House,3231,2,1,3,Yes,Unfurnished,14,59,27,32985279
1256,Mumbai,Andheri,15.340616,77.672956,Plot,519,4,3,1,No,Unfurnished,17,99,1,2685825
1257,Pune,Hinjewadi,16.525892,76.117313,Independent House,788,2,1,9,No,Unfurnished,24,86,28,10675036
1258,Pune,Kharadi,17.48925,73.978571,Independent House,562,5,4,20,Yes,Fully,26,72,53,3667612
1259,Bengaluru,HSR Layout,18.177146,76.649916,Plot,3028,5,4,11,No,Semi,26,88,52,38846212
1260,Hyderabad,Gachibowli,17.440118,77.875395,Plot,2079,2,1,13,Yes,Semi,4,63,26,9160074
1261,Chennai,Adyar,16.293064,78.188431,Villa,1967,5,4,21,No,Semi,7,76,19,16902431
1262,Bengaluru,Indiranagar,13.484183,74.629718,Independent House,4047,2,1,17,Yes,Unfurnished,15,54,35,29502630
1263,Pune,Wakad,18.922967,72.938078,Plot,4477,3,2,9,Yes,Unfurnished,18,74,95,37194916
1264,Hyderabad,Jubilee Hills,13.311012,79.386264,Plot,1627,2,1,2,Yes,Fully,23,87,100,14696691
1265,Hyderabad,Banjara Hills,14.557713,75.944566,Plot,861,1,1,6,Yes,Semi,27,56,33,3972654
1266,Chennai,OMR,14.580539,75.579733,Independent House,4642,3,2,9,Yes,Unfurnished,19,98,66,50676714
1267,Hyderabad,Banjara Hills,15.920645,73.850827,Apartment,4551,3,2,18,Yes,Semi,22,53,40,62244027
1268,Bengaluru,Electronic City,13.550437,77.988198,Villa,1941,3,2,6,Yes,Fully,18,82,33,13682109
1269,Bengaluru,Whitefield,16.399696,74.579678,Independent House,1984,5,4,24,Yes,Fully,4,75,41,23167168
1270,Mumbai,Andheri,15.94679,79.557459,Independent House,3905,4,3,22,No,Unfurnished,15,77,54,28658795
1271,Hyderabad,Madhapur,18.076026,77.116403,Independent House,3274,4,3,25,No,Unfurnished,6,91,23,30595530
1272,Mumbai,Powai,18.7361,72.10463,Plot,4970,3,2,21,Yes,Semi,18,72,1,20834240
1273,Mumbai,Powai,18.527376,72.445126,Villa,650,5,4,18,No,Unfurnished,7,55,19,8712600
1274,Bengaluru,Indiranagar,16.597925,78.105187,Plot,4681,1,1,20,Yes,Semi,29,51,18,34878131
1275,Hyderabad,Miyapur,17.468921,75.055446,Villa,4368,3,2,7,No,Fully,13,63,24,28610400
1276,Pune,Baner,16.051433,76.647524,Villa,4658,1,1,22,No,Fully,14,60,62,23988700
1277,Pune,Hinjewadi,18.013435,73.260156,Independent House,4270,1,1,9,No,Unfurnished,16,92,60,35376950
1278,Chennai,Adyar,12.223479,74.254807,Apartment,4985,5,4,12,No,Fully,0,79,5,25946925
1279,Chennai,Anna Nagar,17.360662,75.200662,Villa,3683,1,1,21,No,Semi,17,58,49,47650654
1280,Mumbai,Bandra,18.379838,74.867242,Independent House,1430,3,2,6,Yes,Fully,24,50,9,14497340
1281,Hyderabad,Banjara Hills,16.602699,74.874644,Apartment,2987,5,4,8,No,Unfurnished,7,57,76,13973186
1282,Bengaluru,Electronic City,15.413856,74.152506,Plot,4249,3,2,7,Yes,Semi,4,100,1,26267318
1283,Bengaluru,Indiranagar,16.086304,75.982831,Apartment,2987,2,1,14,No,Unfurnished,20,78,50,44240457
1284,Mumbai,Bandra,17.989917,75.017422,Plot,4566,1,1,7,No,Fully,8,60,4,26459970
1285,Hyderabad,Jubilee Hills,15.256976,72.972017,Independent House,4672,4,3,23,Yes,Fully,22,96,21,34605504
1286,Chennai,Anna Nagar,12.514869,74.824442,Apartment,4669,3,2,9,No,Semi,29,78,91,43501073
1287,Bengaluru,Indiranagar,13.812037,75.002525,Villa,2683,5,4,15,No,Fully,24,100,38,30336681
1288,Bengaluru,Electronic City,18.826062,78.208893,Plot,1157,5,4,20,No,Fully,14,93,89,14176721
1289,Bengaluru,Indiranagar,14.577254,72.62954,Villa,3896,1,1,13,Yes,Fully,23,76,34,45022176
1290,Hyderabad,Madhapur,18.985233,78.031533,Independent House,1431,5,4,24,Yes,Unfurnished,0,90,85,17639937
1291,Hyderabad,Miyapur,13.515817,75.855391,Apartment,719,5,4,4,No,Unfurnished,13,55,37,4769127
1292,Hyderabad,Miyapur,13.337111,75.571921,Apartment,4819,4,3,3,No,Fully,23,80,37,53833049
1293,Hyderabad,Kukatpally,16.988304,73.163741,Villa,2599,1,1,20,No,Semi,25,97,64,12776684
1294,Hyderabad,Banjara Hills,15.62747,73.362151,Plot,4728,2,1,16,Yes,Unfurnished,10,63,96,56655624
1295,Pune,Baner,12.034975,78.691508,Plot,1389,1,1,5,Yes,Unfurnished,3,55,42,20340516
1296,Bengaluru,Indiranagar,13.734874,73.735063,Independent House,1952,1,1,23,Yes,Fully,5,92,88,29119936
1297,Hyderabad,Miyapur,18.401882,79.332557,Independent House,954,4,3,10,No,Fully,27,77,31,11686500
1298,Hyderabad,Jubilee Hills,12.444406,76.952843,Independent House,4973,3,2,21,Yes,Unfurnished,27,66,89,34612080
1299,Bengaluru,Whitefield,15.17363,72.884425,Independent House,3696,3,2,13,Yes,Unfurnished,9,71,90,41720448
1300,Bengaluru,Electronic City,17.821264,77.080675,Independent House,2521,5,4,21,Yes,Fully,27,70,47,37167103
1301,Pune,Hinjewadi,14.885637,75.889582,Independent House,4814,4,3,6,No,Unfurnished,0,61,73,63424450
1302,Bengaluru,Whitefield,15.615292,76.273572,Plot,1684,4,3,19,Yes,Unfurnished,4,77,51,13726284
1303,Hyderabad,Gachibowli,14.799024,79.359942,Villa,1300,1,1,10,No,Semi,25,67,69,14985100
1304,Hyderabad,Kukatpally,17.233426,73.929204,Villa,4924,3,2,14,Yes,Semi,1,54,38,28357316
1305,Chennai,OMR,17.536855,75.883355,Independent House,4646,5,4,23,No,Unfurnished,7,79,5,21236866
1306,Pune,Baner,18.32278,78.467832,Apartment,2518,3,2,7,No,Semi,17,92,53,33524652
1307,Bengaluru,HSR Layout,14.460185,77.011146,Plot,1241,3,2,5,Yes,Fully,15,67,39,10204743
1308,Pune,Baner,16.95948,76.218498,Villa,4847,5,4,5,Yes,Unfurnished,20,55,65,21777571
1309,Pune,Hinjewadi,14.738112,74.625848,Apartment,3343,2,1,19,No,Fully,14,87,56,35034640
1310,Pune,Kharadi,13.044016,77.984781,Villa,4580,2,1,22,Yes,Semi,17,87,42,33617200
1311,Bengaluru,Electronic City,17.903656,77.447007,Plot,4725,5,4,21,No,Semi,25,65,73,60692625
1312,Pune,Hinjewadi,17.491392,73.748966,Apartment,3923,4,3,2,No,Unfurnished,13,79,25,45965791
1313,Chennai,OMR,16.611076,73.498069,Apartment,1700,4,3,3,Yes,Unfurnished,19,89,89,7282800
1314,Chennai,Anna Nagar,16.455926,77.921767,Independent House,3188,1,1,10,No,Fully,0,83,17,16290680
1315,Bengaluru,Electronic City,18.478371,72.486952,Villa,4155,2,1,6,No,Fully,20,51,67,19998015
1316,Mumbai,Bandra,13.071693,75.968034,Plot,3882,1,1,1,No,Fully,21,56,81,38361924
1317,Mumbai,Andheri,15.78672,75.158837,Plot,1996,2,1,5,Yes,Semi,2,86,31,12421108
1318,Hyderabad,Miyapur,18.659698,72.857724,Plot,674,1,1,1,No,Fully,11,75,60,8470832
1319,Pune,Hinjewadi,15.935146,75.1756,Villa,4188,1,1,7,Yes,Unfurnished,19,87,76,45674328
1320,Pune,Hinjewadi,15.444673,75.568468,Villa,3994,4,3,20,Yes,Fully,11,82,7,18919578
1321,Bengaluru,HSR Layout,14.370945,76.016866,Plot,3624,2,1,7,No,Unfurnished,9,77,10,43259688
1322,Mumbai,Powai,15.973724,79.626608,Plot,1641,4,3,24,No,Unfurnished,1,61,62,20717625
1323,Chennai,Velachery,12.957951,79.469641,Apartment,2959,2,1,4,Yes,Fully,1,69,79,43316801
1324,Hyderabad,Kondapur,13.473324,79.980642,Plot,3996,4,3,17,Yes,Semi,5,88,55,19332648
1325,Pune,Wakad,16.672636,77.119736,Independent House,4052,1,1,18,Yes,Semi,11,91,12,53551232
1326,Chennai,Adyar,15.519704,76.740272,Villa,690,1,1,22,Yes,Fully,1,51,91,8553240
1327,Mumbai,Powai,18.65521,76.37206,Villa,1946,2,1,16,No,Unfurnished,16,58,23,14464618
1328,Chennai,Anna Nagar,15.967594,72.931139,Plot,2816,5,4,3,No,Semi,19,69,1,40927744
1329,Pune,Baner,12.348944,79.191081,Plot,3929,3,2,15,No,Fully,12,66,77,30901585
1330,Mumbai,Thane,18.673875,73.118804,Independent House,1869,1,1,24,Yes,Unfurnished,26,95,54,25347378
1331,Mumbai,Thane,12.369636,73.392299,Plot,1905,2,1,6,Yes,Unfurnished,5,92,79,10233660
1332,Chennai,Velachery,14.636161,72.381863,Villa,1558,4,3,3,Yes,Unfurnished,7,56,97,18594730
1333,Mumbai,Andheri,12.768958,76.268018,Apartment,1672,4,3,16,No,Fully,7,90,68,15049672
1334,Hyderabad,Gachibowli,17.20719,77.053854,Apartment,3678,1,1,13,No,Fully,15,63,37,44025660
1335,Pune,Wakad,14.112166,76.164657,Plot,4979,3,2,22,Yes,Semi,8,67,42,65010803
1336,Bengaluru,Indiranagar,14.680312,76.514291,Apartment,525,4,3,6,No,Fully,0,92,35,6026475
1337,Hyderabad,Kondapur,13.038996,72.388176,Villa,4450,3,2,17,Yes,Unfurnished,13,81,69,28226350
1338,Bengaluru,Whitefield,16.171216,77.893642,Independent House,4087,4,3,25,No,Semi,1,74,9,25600968
1339,Pune,Kharadi,14.04541,76.074967,Independent House,2519,1,1,14,Yes,Fully,3,98,56,36449930
1340,Bengaluru,HSR Layout,16.276514,77.374771,Independent House,2347,1,1,8,Yes,Fully,22,76,4,34299058
1341,Chennai,Anna Nagar,12.983814,79.218783,Independent House,3904,2,1,1,No,Fully,16,81,56,34968128
1342,Mumbai,Bandra,15.177828,79.323592,Villa,3455,5,4,20,No,Unfurnished,30,76,9,20526155
1343,Bengaluru,Indiranagar,18.009528,72.898918,Villa,2674,2,1,4,No,Fully,26,95,20,22368010
1344,Chennai,Velachery,12.296522,78.976035,Apartment,3751,5,4,12,Yes,Fully,28,62,72,23353726
1345,Pune,Wakad,16.517799,77.015387,Independent House,4880,4,3,21,Yes,Unfurnished,15,88,61,65948320
1346,Bengaluru,Electronic City,18.542664,76.073676,Villa,4758,1,1,4,No,Fully,17,62,57,62867454
1347,Hyderabad,Kukatpally,18.949792,77.969498,Apartment,4203,1,1,22,Yes,Unfurnished,9,82,9,37885842
1348,Pune,Hinjewadi,14.427975,79.853316,Apartment,1627,4,3,9,Yes,Unfurnished,2,86,99,20996435
1349,Chennai,Velachery,17.187403,76.907081,Independent House,2386,1,1,11,No,Semi,8,77,46,33897902
1350,Pune,Wakad,16.329334,79.391737,Villa,1120,4,3,18,No,Unfurnished,3,87,26,15880480
1351,Chennai,OMR,13.32298,76.038614,Apartment,1702,2,1,14,Yes,Unfurnished,6,85,95,24282434
1352,Pune,Baner,12.790754,78.923865,Plot,2450,3,2,7,No,Semi,8,75,47,28826700
1353,Chennai,Adyar,16.135039,77.898157,Apartment,2753,1,1,6,Yes,Semi,0,74,26,38029942
1354,Bengaluru,Whitefield,15.753793,73.854906,Apartment,3635,5,4,15,No,Semi,3,80,44,28727405
1355,Pune,Wakad,13.986708,76.865032,Villa,2854,1,1,12,Yes,Unfurnished,24,99,19,17397984
1356,Hyderabad,Gachibowli,13.810097,79.390848,Villa,520,2,1,8,No,Unfurnished,5,99,11,4615520
1357,Pune,Wakad,15.818391,79.700876,Independent House,4989,3,2,4,No,Unfurnished,0,79,6,27673983
1358,Bengaluru,Electronic City,17.702556,74.279941,Apartment,1100,4,3,22,No,Fully,26,60,36,9933000
1359,Chennai,OMR,15.183324,79.932256,Plot,4501,4,3,2,No,Semi,19,62,59,40950098
1360,Bengaluru,HSR Layout,13.678662,77.669549,Apartment,2537,2,1,10,No,Unfurnished,22,53,85,31296432
1361,Hyderabad,Madhapur,16.807657,79.620416,Plot,2907,3,2,0,No,Unfurnished,16,57,14,32555493
1362,Bengaluru,Electronic City,14.105376,72.637225,Apartment,946,5,4,1,Yes,Unfurnished,10,91,24,9238636
1363,Bengaluru,Electronic City,12.865583,79.159452,Independent House,1174,4,3,9,No,Unfurnished,5,82,31,16582750
1364,Mumbai,Powai,16.94699,75.108819,Independent House,1880,1,1,24,No,Semi,22,98,88,8089640
1365,Chennai,OMR,18.052358,78.89102,Apartment,2871,2,1,5,No,Semi,19,71,8,25833258
1366,Chennai,Adyar,16.226452,72.419915,Apartment,2067,4,3,5,No,Unfurnished,23,56,70,28224885
1367,Pune,Baner,18.270458,73.648744,Independent House,1759,4,3,24,No,Semi,15,85,21,19526659
1368,Bengaluru,Indiranagar,18.238185,76.873196,Independent House,2897,4,3,22,Yes,Fully,23,71,59,29346610
1369,Bengaluru,Electronic City,14.809904,74.135945,Apartment,2721,4,3,14,Yes,Fully,10,61,6,31536390
1370,Hyderabad,Kondapur,16.85997,75.750381,Independent House,746,4,3,24,Yes,Unfurnished,26,94,4,5932192
1371,Pune,Baner,17.493581,79.402087,Independent House,1503,2,1,20,No,Fully,2,77,80,8298063
1372,Mumbai,Bandra,12.238071,74.813423,Plot,4915,4,3,12,No,Unfurnished,9,88,15,47896675
1373,Chennai,Velachery,16.643354,73.018055,Independent House,1150,4,3,14,Yes,Semi,17,71,66,10669700
1374,Bengaluru,Indiranagar,16.603942,78.632115,Independent House,3629,3,2,8,Yes,Semi,10,85,20,45950398
1375,Hyderabad,Madhapur,16.17579,74.969037,Plot,1612,1,1,25,Yes,Semi,0,83,68,23464272
1376,Chennai,OMR,17.908675,78.61545,Villa,3078,2,1,22,Yes,Semi,10,55,58,17076744
1377,Bengaluru,Whitefield,15.591909,77.239877,Plot,1631,5,4,23,No,Unfurnished,22,69,63,7660807
1378,Chennai,OMR,14.203104,77.623882,Villa,3666,4,3,14,No,Semi,23,59,6,35314578
1379,Mumbai,Andheri,16.75005,77.681182,Plot,2213,4,3,23,Yes,Unfurnished,23,69,8,31081585
1380,Mumbai,Andheri,17.700288,77.709015,Plot,981,2,1,6,No,Semi,14,57,43,7149528
1381,Chennai,Anna Nagar,14.196243,72.213305,Independent House,2482,3,2,5,No,Fully,27,98,88,12603596
1382,Chennai,Velachery,12.193329,76.522525,Apartment,1848,2,1,5,No,Fully,0,80,81,25757424
1383,Chennai,OMR,16.281684,76.557444,Apartment,4786,1,1,19,Yes,Fully,5,69,69,31233436
1384,Chennai,OMR,16.550599,72.693672,Apartment,4425,4,3,11,No,Unfurnished,1,69,27,66242250
1385,Mumbai,Bandra,15.603445,74.119437,Apartment,4540,1,1,14,No,Semi,26,98,39,35057880
1386,Mumbai,Powai,12.426576,78.207246,Plot,3487,2,1,5,No,Unfurnished,8,51,74,34870000
1387,Mumbai,Thane,18.885473,72.391887,Apartment,3241,4,3,7,Yes,Fully,30,84,31,14928046
1388,Chennai,Velachery,17.681839,76.903192,Villa,4397,2,1,15,Yes,Semi,27,52,93,62534134
1389,Hyderabad,Banjara Hills,17.397224,75.337976,Independent House,979,2,1,5,No,Unfurnished,15,66,32,11113608
1390,Bengaluru,HSR Layout,13.555358,79.524005,Apartment,1629,5,4,4,No,Semi,7,59,98,8882937
1391,Chennai,Velachery,16.601262,79.016336,Independent House,777,1,1,3,No,Semi,4,100,70,6976683
1392,Hyderabad,Gachibowli,18.673689,77.97674,Villa,4683,4,3,17,Yes,Fully,18,96,35,37318827
1393,Hyderabad,Madhapur,17.19172,75.098132,Plot,1774,5,4,14,Yes,Unfurnished,20,90,80,22020662
1394,Pune,Wakad,18.496982,74.055827,Apartment,3824,5,4,20,Yes,Fully,15,56,26,51868736
1395,Pune,Baner,14.738982,77.033701,Independent House,1747,5,4,15,Yes,Semi,29,50,99,8778675
1396,Bengaluru,Electronic City,15.209192,72.93269,Independent House,2088,3,2,23,No,Unfurnished,13,80,42,30820968
1397,Mumbai,Bandra,15.029868,75.047086,Plot,1252,3,2,9,Yes,Fully,8,79,67,12601380
1398,Hyderabad,Jubilee Hills,15.603686,73.012568,Independent House,2438,3,2,12,Yes,Fully,3,77,95,14215978
1399,Bengaluru,HSR Layout,14.048015,74.826263,Plot,3539,1,1,18,Yes,Semi,1,100,89,14977048
1400,Chennai,OMR,14.319139,76.764663,Plot,3183,2,1,11,No,Semi,27,98,21,33217788
1401,Bengaluru,Electronic City,12.798163,78.110281,Apartment,3122,5,4,18,Yes,Unfurnished,3,78,1,44791334
1402,Mumbai,Bandra,16.827993,74.224008,Independent House,3250,3,2,15,Yes,Unfurnished,12,91,27,21128250
1403,Bengaluru,Whitefield,12.272597,76.75043,Villa,4271,3,2,21,Yes,Semi,24,64,6,35961820
1404,Mumbai,Thane,14.849724,74.720413,Villa,2504,1,1,12,No,Semi,10,100,1,34560208
1405,Pune,Baner,15.036168,72.840709,Villa,2442,2,1,24,No,Fully,19,50,93,20947476
1406,Pune,Hinjewadi,14.974881,77.386688,Independent House,4220,2,1,17,Yes,Unfurnished,18,91,31,49424640
1407,Hyderabad,Gachibowli,12.726494,78.474337,Independent House,1571,2,1,12,No,Fully,11,94,20,14806675
1408,Chennai,Anna Nagar,16.815775,74.646651,Apartment,3550,2,1,11,No,Fully,29,66,88,42688750
1409,Pune,Hinjewadi,13.259687,79.752402,Independent House,3077,2,1,7,Yes,Unfurnished,27,69,57,27631460
1410,Mumbai,Andheri,16.965848,76.310166,Villa,4582,5,4,3,No,Semi,0,82,68,66420672
1411,Hyderabad,Jubilee Hills,12.203389,77.695444,Independent House,4610,5,4,16,Yes,Unfurnished,10,88,12,38866910
1412,Mumbai,Andheri,16.913286,72.468446,Plot,2254,5,4,15,Yes,Semi,19,79,80,15122086
1413,Chennai,Velachery,16.887973,72.491587,Villa,4999,3,2,9,Yes,Semi,19,54,44,43716255
1414,Chennai,Adyar,15.57778,74.067144,Independent House,1922,2,1,3,No,Semi,5,81,15,12850492
1415,Bengaluru,Indiranagar,13.601193,72.054693,Independent House,4691,2,1,19,Yes,Semi,25,71,70,51300776
1416,Chennai,Adyar,14.040177,75.217409,Villa,1119,5,4,20,Yes,Semi,15,75,63,11487654
1417,Chennai,Anna Nagar,17.80872,78.581604,Independent House,2929,3,2,16,Yes,Unfurnished,18,64,56,39781678
1418,Bengaluru,Whitefield,13.039574,77.302688,Apartment,2323,1,1,13,Yes,Unfurnished,20,70,63,16161111
1419,Bengaluru,HSR Layout,17.047147,72.398707,Apartment,501,3,2,22,No,Fully,9,68,3,6563100
1420,Mumbai,Andheri,12.67454,79.201577,Independent House,836,1,1,11,No,Fully,10,71,40,5809364
1421,Hyderabad,Jubilee Hills,15.63512,74.106099,Plot,586,1,1,20,Yes,Fully,13,70,33,7479118
1422,Hyderabad,Miyapur,18.09363,74.855235,Apartment,3298,5,4,18,No,Semi,14,82,55,34965396
1423,Hyderabad,Gachibowli,12.890197,76.100392,Villa,4981,1,1,7,Yes,Fully,5,100,84,48594636
1424,Mumbai,Thane,16.883123,74.937806,Apartment,3279,1,1,2,No,Fully,25,79,79,31002945
1425,Chennai,Adyar,15.582598,76.277796,Apartment,1885,4,3,5,Yes,Fully,21,51,88,10983895
1426,Pune,Baner,13.148513,72.440454,Plot,2919,3,2,11,Yes,Semi,28,56,17,30807126
1427,Bengaluru,Electronic City,17.521453,74.910787,Villa,770,1,1,1,Yes,Unfurnished,19,50,95,3947790
1428,Mumbai,Thane,17.209129,76.075603,Villa,4894,1,1,0,Yes,Fully,18,77,63,37429312
1429,Bengaluru,HSR Layout,15.179971,76.406765,Independent House,502,5,4,1,No,Unfurnished,25,74,85,5519992
1430,Bengaluru,Whitefield,13.808849,75.022298,Plot,1335,3,2,12,No,Unfurnished,0,56,45,12886755
1431,Bengaluru,Whitefield,12.556025,79.61161,Plot,2528,5,4,9,Yes,Fully,22,74,13,32229472
1432,Pune,Baner,15.582371,73.453594,Independent House,2486,2,1,13,Yes,Fully,5,60,51,18689748
1433,Bengaluru,Electronic City,16.758791,75.061211,Villa,3546,3,2,5,Yes,Unfurnished,0,67,34,39874770
1434,Mumbai,Thane,12.616165,75.198497,Villa,2859,1,1,1,Yes,Semi,20,90,12,29033145
1435,Hyderabad,Madhapur,16.102138,79.301462,Independent House,3968,1,1,6,No,Unfurnished,19,95,45,50131712
1436,Chennai,Adyar,13.191192,76.58284,Apartment,4214,3,2,5,Yes,Semi,19,55,39,25591622
1437,Hyderabad,Gachibowli,14.499626,77.732423,Plot,2663,5,4,10,Yes,Fully,15,94,49,21069656
1438,Chennai,Velachery,12.846969,72.846866,Apartment,4605,1,1,12,No,Unfurnished,21,79,14,46068420
1439,Chennai,Anna Nagar,12.506846,78.266347,Independent House,1614,3,2,1,Yes,Unfurnished,28,78,33,12374538
1440,Pune,Hinjewadi,17.674964,78.448188,Independent House,1038,3,2,12,No,Fully,13,82,26,12351162
1441,Chennai,Adyar,12.549249,77.279362,Plot,4849,5,4,23,Yes,Unfurnished,14,66,22,40590979
1442,Hyderabad,Gachibowli,15.012331,73.959322,Villa,1135,3,2,10,No,Semi,15,61,85,10630410
1443,Chennai,Anna Nagar,17.015755,78.837729,Villa,2731,4,3,0,No,Semi,9,50,4,20264020
1444,Mumbai,Bandra,16.40193,77.182283,Plot,1750,2,1,24,Yes,Semi,3,97,71,21854000
1445,Hyderabad,Miyapur,14.05272,79.094019,Independent House,2084,1,1,13,No,Fully,6,54,34,21865328
1446,Hyderabad,Kondapur,12.387814,72.668505,Plot,4718,2,1,9,Yes,Semi,14,57,56,40593672
1447,Hyderabad,Gachibowli,13.651207,77.424714,Villa,3586,5,4,24,Yes,Unfurnished,16,71,28,23291070
1448,Hyderabad,Kondapur,14.675138,79.362986,Villa,2775,1,1,2,Yes,Semi,19,90,92,28965450
1449,Mumbai,Thane,14.808831,72.78079,Villa,2110,5,4,24,Yes,Semi,25,55,18,28132630
1450,Pune,Kharadi,14.984639,75.829758,Villa,3887,1,1,0,Yes,Semi,21,71,100,21394048
1451,Hyderabad,Kukatpally,16.857235,72.799634,Independent House,836,4,3,8,Yes,Fully,4,62,80,5761712
1452,Chennai,Anna Nagar,16.205368,76.235237,Plot,3853,4,3,14,Yes,Unfurnished,15,85,59,23067911
1453,Chennai,Anna Nagar,15.045274,77.731138,Independent House,4412,5,4,6,No,Unfurnished,10,87,64,59689948
1454,Chennai,OMR,15.104465,76.083925,Plot,3586,5,4,19,Yes,Semi,21,66,25,34504492
1455,Mumbai,Powai,14.619236,78.968533,Independent House,4470,2,1,8,Yes,Fully,16,95,73,44789400
1456,Hyderabad,Kondapur,17.646469,74.591239,Independent House,1992,3,2,0,Yes,Unfurnished,8,54,37,27760512
1457,Chennai,Adyar,16.135819,73.25636,Plot,3115,4,3,22,No,Fully,10,61,20,45952480
1458,Chennai,OMR,17.242794,78.464423,Villa,1488,4,3,22,No,Semi,27,98,46,12866736
1459,Mumbai,Thane,13.174073,79.527367,Villa,1735,4,3,7,Yes,Unfurnished,24,77,77,16576190
1460,Mumbai,Bandra,12.442792,74.524255,Apartment,4205,5,4,20,No,Semi,5,75,6,33547490
1461,Chennai,Adyar,13.439368,76.087113,Plot,3643,5,4,0,Yes,Semi,30,53,69,38426364
1462,Hyderabad,Banjara Hills,12.731848,79.847478,Independent House,2799,3,2,20,No,Fully,30,79,89,41372019
1463,Pune,Hinjewadi,15.648747,77.602785,Apartment,641,2,1,11,No,Unfurnished,26,95,31,9122712
1464,Pune,Kharadi,15.64004,76.306278,Apartment,2763,3,2,7,Yes,Unfurnished,24,97,25,15848568
1465,Bengaluru,HSR Layout,14.267281,78.454934,Apartment,1884,5,4,8,No,Semi,25,52,92,26351508
1466,Chennai,Adyar,18.855423,74.173815,Villa,2425,1,1,5,Yes,Unfurnished,24,64,34,20411225
1467,Pune,Baner,16.222795,73.378474,Plot,1261,5,4,17,No,Fully,10,93,2,15703233
1468,Pune,Hinjewadi,18.744672,73.105235,Independent House,2865,1,1,7,Yes,Fully,0,88,23,32128110
1469,Bengaluru,Whitefield,14.876851,76.543378,Villa,3128,4,3,11,Yes,Semi,12,56,10,25774720
1470,Bengaluru,Whitefield,17.237563,76.204335,Apartment,3284,5,4,2,No,Unfurnished,8,57,2,28725148
1471,Bengaluru,Electronic City,14.0693,72.135797,Plot,3287,2,1,5,Yes,Fully,19,51,85,36761808
1472,Chennai,OMR,15.261467,75.978372,Apartment,4186,5,4,18,Yes,Unfurnished,26,72,45,35011704
1473,Chennai,Anna Nagar,17.403482,75.35565,Villa,1512,5,4,6,Yes,Unfurnished,25,75,63,16117920
1474,Pune,Wakad,16.157242,72.238425,Independent House,4034,4,3,11,Yes,Fully,5,62,41,52345184
1475,Bengaluru,Electronic City,17.862155,72.693984,Plot,1595,3,2,8,No,Unfurnished,2,76,30,7600175
1476,Pune,Wakad,12.802997,75.485819,Villa,1417,5,4,12,No,Fully,29,76,46,17456023
1477,Pune,Baner,17.782988,76.288444,Apartment,2824,5,4,9,Yes,Semi,11,53,10,28248472
1478,Mumbai,Bandra,14.924795,77.815608,Plot,3590,5,4,16,No,Unfurnished,5,85,7,43421050
1479,Pune,Hinjewadi,17.99969,74.419088,Plot,4334,3,2,4,Yes,Unfurnished,14,61,3,17557034
1480,Hyderabad,Madhapur,17.942611,77.48372,Apartment,3788,4,3,24,Yes,Unfurnished,6,64,44,30406276
1481,Mumbai,Andheri,13.185648,74.851415,Plot,1505,4,3,8,No,Semi,16,59,74,11385325
1482,Mumbai,Thane,15.069039,73.255908,Plot,4040,3,2,22,No,Unfurnished,4,81,57,54370320
1483,Pune,Wakad,14.562112,74.214477,Villa,4910,2,1,6,Yes,Semi,25,81,15,72064070
1484,Mumbai,Thane,14.986398,79.782022,Villa,3167,5,4,22,Yes,Semi,14,82,41,13991806
1485,Hyderabad,Kondapur,17.320167,72.093673,Apartment,4335,4,3,19,No,Semi,14,78,89,53151435
1486,Hyderabad,Banjara Hills,14.385761,79.696157,Independent House,1282,2,1,6,Yes,Unfurnished,9,92,4,6017708
1487,Hyderabad,Kukatpally,17.960631,76.24557,Plot,3363,4,3,25,Yes,Unfurnished,1,73,62,19155648
1488,Bengaluru,Indiranagar,15.841309,78.809247,Plot,4507,1,1,9,Yes,Unfurnished,24,52,72,58951560
1489,Bengaluru,Indiranagar,13.751227,74.963319,Apartment,2165,4,3,10,Yes,Unfurnished,0,58,54,24668010
1490,Pune,Hinjewadi,18.550391,72.488009,Plot,3268,1,1,14,Yes,Fully,8,57,46,18326944
1491,Pune,Hinjewadi,17.950121,77.569936,Villa,3364,5,4,1,Yes,Unfurnished,15,91,4,50399448
1492,Pune,Baner,15.394903,76.244655,Villa,2310,5,4,4,Yes,Semi,20,90,62,32453190
1493,Hyderabad,Jubilee Hills,12.896064,73.084424,Independent House,2214,1,1,20,No,Semi,20,69,35,30316302
1494,Chennai,Anna Nagar,15.219761,78.315677,Apartment,2063,1,1,14,Yes,Fully,27,92,78,24091714
1495,Hyderabad,Kukatpally,17.50811,78.993936,Apartment,1034,3,2,21,Yes,Unfurnished,14,84,48,15325948
1496,Chennai,Velachery,16.046243,79.895422,Plot,3359,1,1,11,No,Unfurnished,7,98,21,18581988
1497,Hyderabad,Jubilee Hills,18.191351,72.312741,Plot,2597,1,1,7,No,Semi,22,72,99,28818909
1498,Hyderabad,Kukatpally,16.407968,79.763405,Apartment,670,3,2,7,No,Unfurnished,20,90,59,9668100
1499,Bengaluru,Whitefield,17.747339,76.315322,Plot,2680,2,1,5,Yes,Fully,30,69,17,30064240
1500,Hyderabad,Gachibowli,12.730124,79.889662,Plot,865,4,3,19,No,Unfurnished,5,72,98,11025290
1501,Chennai,OMR,13.955788,73.724641,Apartment,3846,1,1,4,No,Unfurnished,11,86,78,55713156
1502,Mumbai,Andheri,18.544103,74.695126,Apartment,4934,4,3,3,No,Semi,22,98,43,69164812
1503,Chennai,Velachery,17.895723,76.635709,Villa,3167,4,3,19,Yes,Unfurnished,29,93,34,40239902
1504,Pune,Hinjewadi,17.956969,72.563627,Independent House,1082,1,1,24,Yes,Unfurnished,7,59,1,11759176
1505,Chennai,Anna Nagar,13.266299,72.856999,Plot,3380,5,4,18,No,Fully,0,54,68,50142300
1506,Chennai,Velachery,16.807574,74.666149,Villa,2105,2,1,15,No,Semi,25,67,7,31486590
1507,Mumbai,Powai,12.517381,77.561357,Independent House,4514,4,3,4,Yes,Fully,11,78,30,58650402
1508,Hyderabad,Kukatpally,17.040367,72.470693,Plot,3202,4,3,22,Yes,Fully,15,65,19,38113406
1509,Bengaluru,Whitefield,18.119051,77.190777,Independent House,2144,1,1,1,No,Fully,3,62,21,31051552
1510,Chennai,Anna Nagar,12.137487,77.318231,Plot,929,2,1,13,No,Semi,6,90,8,7265709
1511,Chennai,Adyar,18.859643,73.71511,Apartment,4090,4,3,12,No,Fully,25,63,56,53938920
1512,Hyderabad,Kondapur,12.458126,76.290367,Villa,1187,4,3,8,No,Semi,8,71,76,6230563
1513,Mumbai,Powai,14.890767,75.230418,Villa,3021,3,2,4,No,Semi,11,52,58,19772445
1514,Pune,Hinjewadi,13.821506,74.975927,Plot,2844,3,2,11,No,Semi,20,70,27,12928824
1515,Mumbai,Powai,15.763023,75.128521,Villa,2806,1,1,9,No,Unfurnished,8,59,63,12113502
1516,Mumbai,Thane,13.329143,72.060489,Independent House,1049,4,3,20,No,Unfurnished,6,50,10,13099912
1517,Mumbai,Thane,13.126038,72.372833,Independent House,4950,5,4,16,No,Unfurnished,28,56,32,41342400
1518,Hyderabad,Kondapur,16.023816,75.019666,Apartment,2269,1,1,5,No,Semi,24,74,14,30071057
1519,Chennai,Anna Nagar,14.864785,72.083853,Apartment,2946,3,2,20,No,Fully,7,84,75,44175270
1520,Mumbai,Thane,18.342336,77.299577,Villa,1983,2,1,15,Yes,Semi,20,66,60,11656074
1521,Pune,Baner,17.31399,75.232092,Plot,2917,1,1,11,No,Unfurnished,4,97,89,42576532
1522,Mumbai,Bandra,17.574217,74.961808,Independent House,2449,5,4,21,Yes,Fully,1,63,86,24685920
1523,Bengaluru,HSR Layout,17.282809,74.724965,Independent House,4530,3,2,23,Yes,Semi,11,82,26,40647690
1524,Chennai,Anna Nagar,18.439429,73.661776,Independent House,3559,2,1,3,No,Semi,11,83,28,28703335
1525,Hyderabad,Madhapur,13.648663,76.87292,Villa,4559,5,4,5,Yes,Semi,6,93,92,66151090
1526,Bengaluru,Electronic City,14.023135,75.295848,Independent House,3318,5,4,17,No,Semi,1,70,91,28823466
1527,Mumbai,Powai,15.079637,74.992484,Apartment,2965,1,1,22,No,Unfurnished,13,69,22,25940785
1528,Bengaluru,Indiranagar,13.48512,72.812976,Villa,2912,3,2,24,No,Fully,13,65,59,34111168
1529,Hyderabad,Gachibowli,17.172563,78.497987,Plot,1767,4,3,2,No,Fully,15,99,5,17030346
1530,Chennai,OMR,16.532682,74.382884,Plot,884,2,1,6,Yes,Semi,5,52,74,6132308
1531,Mumbai,Bandra,16.848147,73.46993,Apartment,1745,1,1,23,Yes,Fully,24,96,73,24587050
1532,Mumbai,Bandra,15.188361,75.872082,Apartment,3080,4,3,13,No,Fully,3,55,71,43163120
1533,Mumbai,Andheri,18.877022,73.780144,Independent House,4721,3,2,12,Yes,Unfurnished,16,79,93,44325469
1534,Chennai,OMR,18.859216,77.426348,Plot,3375,5,4,21,Yes,Fully,26,99,37,43567875
1535,Pune,Wakad,16.887174,76.639853,Villa,703,5,4,22,Yes,Semi,2,75,14,8128086
1536,Mumbai,Andheri,17.021774,79.674752,Plot,570,5,4,13,No,Fully,20,90,74,7229310
1537,Chennai,Adyar,18.690203,78.947629,Apartment,1120,3,2,17,Yes,Unfurnished,2,78,37,6660640
1538,Mumbai,Bandra,12.45961,75.936973,Apartment,3706,2,1,3,Yes,Semi,13,65,9,26108770
1539,Pune,Kharadi,13.183125,74.895552,Plot,2638,5,4,17,Yes,Semi,14,66,68,15975728
1540,Hyderabad,Banjara Hills,15.508689,75.121549,Plot,2915,3,2,14,No,Semi,11,70,47,20816015
1541,Mumbai,Andheri,12.603625,72.158285,Villa,1513,1,1,12,No,Fully,0,80,9,13315913
1542,Hyderabad,Jubilee Hills,15.460838,76.991642,Independent House,3309,1,1,17,Yes,Fully,30,83,83,40972038
1543,Mumbai,Andheri,16.45931,75.077192,Villa,997,5,4,6,Yes,Fully,16,65,77,7217283
1544,Bengaluru,Indiranagar,12.570363,77.608978,Villa,2099,3,2,13,No,Fully,12,62,87,11538203
1545,Hyderabad,Kondapur,16.121345,74.95072,Apartment,2904,5,4,23,No,Fully,9,94,90,13599432
1546,Pune,Hinjewadi,14.484833,72.468112,Apartment,1782,2,1,1,Yes,Fully,26,78,97,18142542
1547,Mumbai,Bandra,13.775342,74.190381,Plot,3797,5,4,17,No,Unfurnished,8,95,11,25105764
1548,Chennai,OMR,12.286615,75.226393,Apartment,3547,4,3,10,No,Semi,26,60,50,39215632
1549,Chennai,Anna Nagar,13.878213,78.685796,Plot,1692,3,2,18,Yes,Semi,20,87,33,8679960
1550,Mumbai,Bandra,18.360771,73.707208,Plot,3587,3,2,20,No,Unfurnished,0,61,54,31899191
1551,Mumbai,Thane,18.072296,78.807361,Plot,1582,5,4,22,Yes,Semi,4,82,50,20439440
1552,Chennai,Velachery,18.701748,72.682528,Apartment,2917,1,1,17,No,Unfurnished,21,80,45,31101054
1553,Chennai,Anna Nagar,14.13334,72.702098,Apartment,2121,1,1,23,Yes,Semi,29,78,57,28665315
1554,Chennai,Velachery,13.982687,74.085795,Independent House,2315,2,1,2,No,Unfurnished,17,95,22,26053010
1555,Hyderabad,Miyapur,17.984141,79.975515,Independent House,4962,4,3,18,Yes,Fully,9,68,64,54973998
1556,Chennai,OMR,18.495174,73.532827,Plot,3232,2,1,17,Yes,Semi,0,80,13,17297664
1557,Chennai,Velachery,16.498707,75.077661,Plot,728,1,1,23,Yes,Fully,5,72,46,3569384
1558,Pune,Hinjewadi,14.199637,79.849181,Plot,1601,2,1,7,No,Fully,27,100,96,9562773
1559,Hyderabad,Banjara Hills,13.578465,75.539265,Plot,3798,4,3,12,No,Unfurnished,10,51,33,36821610
1560,Chennai,Velachery,15.5286,75.081002,Apartment,1364,1,1,21,No,Semi,0,54,2,10120880
1561,Chennai,Adyar,14.125166,78.357708,Villa,4092,4,3,14,No,Semi,1,90,47,55160160
1562,Bengaluru,Indiranagar,13.353127,76.496276,Villa,3436,4,3,5,Yes,Fully,16,89,75,24794176
1563,Pune,Hinjewadi,13.609592,74.960026,Apartment,3832,1,1,4,Yes,Semi,9,76,97,37844832
1564,Mumbai,Powai,12.877143,73.587002,Independent House,637,4,3,17,No,Fully,26,66,12,7765030
1565,Chennai,Adyar,18.920324,77.842122,Plot,2598,5,4,16,No,Semi,13,72,6,22950732
1566,Hyderabad,Jubilee Hills,13.930213,77.762274,Plot,2613,4,3,16,Yes,Semi,25,94,97,30971889
1567,Mumbai,Powai,13.534811,74.259318,Apartment,1818,5,4,20,No,Fully,8,81,35,22528656
1568,Chennai,Anna Nagar,18.356784,79.774639,Plot,4195,5,4,6,No,Semi,15,90,72,30589940
1569,Bengaluru,Indiranagar,14.913693,78.79754,Apartment,1675,1,1,22,Yes,Unfurnished,3,98,51,8969625
1570,Hyderabad,Kukatpally,13.351454,73.380264,Villa,4772,4,3,22,No,Fully,5,59,72,39707812
1571,Hyderabad,Madhapur,13.368081,75.650286,Villa,1617,1,1,18,Yes,Semi,25,62,71,17958402
1572,Mumbai,Powai,15.889425,78.249397,Villa,1036,4,3,19,No,Semi,13,89,18,4939648
1573,Bengaluru,Whitefield,18.646996,78.180449,Plot,3675,5,4,24,Yes,Unfurnished,12,77,92,45959550
1574,Chennai,Velachery,12.977204,75.953483,Villa,3302,2,1,20,Yes,Fully,30,92,90,30807660
1575,Chennai,Velachery,18.894862,73.24018,Independent House,2526,2,1,7,No,Unfurnished,7,51,5,14761944
1576,Pune,Hinjewadi,15.085163,77.244966,Plot,2562,1,1,2,No,Semi,19,53,38,35429898
1577,Hyderabad,Miyapur,12.747303,73.182938,Villa,3204,1,1,0,Yes,Fully,20,99,23,20729880
1578,Bengaluru,HSR Layout,18.849907,72.315426,Plot,4991,3,2,3,Yes,Fully,13,64,30,60151532
1579,Mumbai,Powai,16.072694,72.139534,Apartment,3353,1,1,17,No,Semi,8,62,68,24289132
1580,Chennai,OMR,16.248292,72.778677,Apartment,3462,4,3,16,No,Fully,16,100,13,44940222
1581,Mumbai,Thane,18.341852,77.751019,Plot,4725,1,1,9,Yes,Fully,19,91,58,64463175
1582,Hyderabad,Kukatpally,17.505707,74.801509,Apartment,1355,3,2,18,Yes,Semi,23,84,18,5653060
1583,Mumbai,Bandra,12.173873,72.381861,Independent House,1079,4,3,3,No,Semi,9,76,29,11452506
1584,Pune,Baner,17.138348,72.177722,Apartment,3881,3,2,20,Yes,Fully,18,79,83,31432219
1585,Chennai,Anna Nagar,13.354194,75.24581,Plot,1199,1,1,24,No,Fully,26,93,83,17263202
1586,Chennai,Adyar,12.202763,73.369329,Independent House,3151,1,1,1,Yes,Semi,13,51,50,29647759
1587,Hyderabad,Kukatpally,13.868136,78.250698,Independent House,3858,4,3,14,Yes,Fully,23,91,83,34015986
1588,Hyderabad,Miyapur,12.466026,75.47395,Villa,2246,1,1,9,Yes,Fully,28,91,79,31475444
1589,Mumbai,Thane,17.257438,79.364815,Independent House,943,3,2,4,Yes,Unfurnished,6,53,14,11555522
1590,Hyderabad,Jubilee Hills,17.957031,75.306521,Apartment,1108,3,2,1,No,Fully,22,82,19,11512120
1591,Pune,Wakad,14.566069,73.91556,Apartment,4201,5,4,20,Yes,Unfurnished,9,62,72,51739516
1592,Chennai,Anna Nagar,18.181494,77.582492,Independent House,2426,3,2,22,Yes,Semi,4,76,79,35671904
1593,Chennai,OMR,13.187796,79.756993,Villa,4572,4,3,16,Yes,Fully,7,70,7,57968388
1594,Chennai,Anna Nagar,18.154723,72.460253,Plot,3476,4,3,18,Yes,Unfurnished,10,71,34,51027680
1595,Bengaluru,Whitefield,12.985122,75.234618,Apartment,4130,5,4,4,No,Unfurnished,0,84,99,40866350
1596,Hyderabad,Jubilee Hills,12.691549,72.971865,Villa,752,1,1,10,Yes,Semi,30,82,27,7734320
1597,Chennai,OMR,16.795377,75.57657,Villa,2111,4,3,7,No,Fully,28,100,65,18861785
1598,Chennai,OMR,14.693659,76.521767,Apartment,2650,5,4,3,No,Semi,3,82,80,32597650
1599,Mumbai,Thane,17.446491,75.467729,Apartment,3047,5,4,16,No,Semi,11,89,70,32563289
1600,Chennai,Anna Nagar,16.019515,73.627293,Independent House,4457,1,1,4,Yes,Semi,2,89,5,26523607
1601,Bengaluru,Indiranagar,15.457822,78.51906,Apartment,2163,2,1,23,Yes,Fully,20,82,30,28305018
1602,Pune,Baner,17.648427,79.629262,Plot,1628,3,2,3,Yes,Unfurnished,10,85,67,22191268
1603,Mumbai,Bandra,15.154732,75.039708,Villa,3646,2,1,1,No,Fully,1,92,21,41972752
1604,Chennai,Adyar,13.391529,72.888534,Apartment,1957,1,1,12,No,Unfurnished,29,92,83,22141498
1605,Hyderabad,Jubilee Hills,14.908277,75.466802,Apartment,857,4,3,7,Yes,Semi,27,72,47,8950508
1606,Chennai,OMR,17.712454,76.453939,Villa,3192,1,1,12,Yes,Unfurnished,3,73,46,24639048
1607,Bengaluru,Electronic City,15.230517,75.28462,Independent House,3657,4,3,13,No,Unfurnished,10,83,23,27390930
1608,Chennai,Velachery,18.386895,79.169905,Apartment,1781,1,1,24,Yes,Fully,30,93,94,24650821
1609,Pune,Hinjewadi,13.346692,76.96842,Villa,1527,3,2,9,No,Fully,18,93,36,20109063
1610,Mumbai,Powai,15.760232,72.702046,Apartment,1120,2,1,3,No,Semi,28,79,74,4941440
1611,Mumbai,Bandra,12.33019,72.520777,Plot,1643,3,2,8,Yes,Unfurnished,20,91,33,20463565
1612,Mumbai,Andheri,17.266896,72.578079,Apartment,1304,5,4,1,No,Fully,19,76,67,6474360
1613,Bengaluru,Indiranagar,12.516865,78.731865,Independent House,1475,2,1,17,No,Unfurnished,26,98,92,21980450
1614,Pune,Hinjewadi,18.324654,77.846683,Independent House,2890,2,1,0,Yes,Unfurnished,0,96,88,28177500
1615,Mumbai,Bandra,15.371753,79.302577,Villa,4101,3,2,13,Yes,Unfurnished,19,68,90,53103849
1616,Pune,Kharadi,15.58475,75.808384,Apartment,1000,2,1,9,Yes,Fully,0,82,25,9364000
1617,Pune,Wakad,16.15985,74.303281,Plot,2608,5,4,0,Yes,Unfurnished,18,87,58,12523616
1618,Pune,Wakad,14.235401,77.983503,Villa,1359,5,4,17,Yes,Semi,5,53,43,19895760
1619,Mumbai,Thane,15.828055,76.309328,Plot,4200,4,3,0,Yes,Semi,19,53,17,51605400
1620,Mumbai,Powai,16.313551,73.426365,Villa,1341,5,4,14,No,Unfurnished,6,87,8,19671129
1621,Mumbai,Bandra,13.868254,78.340255,Independent House,4391,2,1,2,No,Fully,16,74,25,31896224
1622,Mumbai,Thane,12.170201,74.004163,Plot,1035,3,2,3,No,Semi,8,67,27,14309910
1623,Bengaluru,Indiranagar,12.073949,76.140575,Plot,4257,3,2,17,No,Fully,10,75,10,60955983
1624,Chennai,Velachery,16.68368,74.694798,Villa,4767,4,3,5,Yes,Unfurnished,10,57,27,60030831
1625,Pune,Wakad,17.906939,79.101508,Plot,1030,5,4,25,No,Semi,29,78,68,13540380
1626,Chennai,Adyar,18.33949,74.663155,Apartment,4393,1,1,7,No,Semi,21,61,12,46152858
1627,Chennai,OMR,18.440348,78.663703,Plot,2646,5,4,9,Yes,Fully,18,68,90,30354912
1628,Mumbai,Thane,17.799299,72.698895,Independent House,4321,5,4,23,No,Semi,16,68,42,36110597
1629,Mumbai,Bandra,12.794996,78.734881,Plot,2316,3,2,19,No,Unfurnished,13,56,5,14607012
1630,Pune,Wakad,14.572708,79.203522,Villa,1663,4,3,15,Yes,Semi,9,88,62,18056854
1631,Mumbai,Thane,12.470789,73.15297,Apartment,3105,2,1,7,Yes,Semi,9,55,16,41044995
1632,Hyderabad,Miyapur,13.297954,77.794553,Independent House,2244,5,4,14,Yes,Unfurnished,27,58,75,22769868
1633,Mumbai,Thane,15.727163,74.820691,Apartment,2349,1,1,22,No,Fully,19,65,7,12738627
1634,Chennai,OMR,12.246559,79.163015,Independent House,2438,5,4,19,Yes,Unfurnished,27,83,100,32866678
1635,Mumbai,Thane,16.943445,78.491351,Plot,2352,4,3,1,No,Unfurnished,15,79,84,20676432
1636,Chennai,OMR,17.342606,77.310576,Independent House,723,2,1,3,Yes,Semi,27,77,15,10805235
1637,Hyderabad,Gachibowli,15.978217,74.473763,Apartment,2949,1,1,4,Yes,Unfurnished,27,56,93,16207704
1638,Pune,Wakad,13.833082,73.542947,Villa,871,3,2,6,No,Unfurnished,18,84,13,6002932
1639,Bengaluru,Electronic City,18.126371,78.156285,Independent House,3146,4,3,8,Yes,Semi,28,98,97,18457582
1640,Mumbai,Thane,18.565118,78.461219,Villa,1366,3,2,1,Yes,Unfurnished,8,55,22,13020712
1641,Chennai,Anna Nagar,18.315091,78.221273,Independent House,2778,1,1,16,No,Semi,12,51,54,27838338
1642,Bengaluru,Whitefield,15.203644,78.654611,Apartment,4776,4,3,21,No,Unfurnished,4,60,75,70431672
1643,Pune,Wakad,14.202617,76.814849,Plot,2446,1,1,23,Yes,Semi,19,98,91,24633666
1644,Mumbai,Thane,13.330671,75.861546,Independent House,4909,4,3,10,Yes,Fully,28,100,31,40489432
1645,Mumbai,Thane,12.900268,74.729796,Independent House,3356,3,2,5,Yes,Unfurnished,13,84,92,17827072
1646,Chennai,Velachery,12.681622,79.297904,Independent House,2992,4,3,17,Yes,Unfurnished,18,54,36,14702688
1647,Mumbai,Powai,15.469748,77.706893,Plot,586,4,3,5,No,Semi,12,76,24,7681874
1648,Chennai,OMR,14.497452,75.405206,Villa,3362,3,2,21,No,Fully,4,59,59,37328286
1649,Mumbai,Bandra,18.317744,73.809869,Villa,4296,3,2,6,Yes,Semi,29,96,96,19813152
1650,Chennai,Adyar,18.400102,79.772795,Independent House,3938,1,1,10,Yes,Unfurnished,23,76,50,43822064
1651,Pune,Hinjewadi,13.466107,75.974472,Plot,3095,3,2,3,Yes,Fully,6,94,72,17112255
1652,Mumbai,Andheri,13.60234,74.318092,Villa,1585,3,2,9,No,Fully,30,64,59,6520690
1653,Chennai,Velachery,18.630625,78.619539,Apartment,1709,2,1,6,Yes,Fully,5,97,66,15261370
1654,Pune,Hinjewadi,18.519865,73.299042,Plot,4442,4,3,18,No,Semi,3,91,25,21614772
1655,Bengaluru,Whitefield,15.627265,79.769831,Plot,2685,2,1,1,No,Semi,29,58,71,18789630
1656,Hyderabad,Madhapur,14.481035,78.545512,Apartment,1080,1,1,21,Yes,Unfurnished,16,94,32,16016400
1657,Hyderabad,Miyapur,15.295138,73.31282,Apartment,1107,5,4,21,No,Semi,16,91,36,6985170
1658,Bengaluru,Indiranagar,17.697256,75.756369,Apartment,974,3,2,22,No,Fully,18,96,25,13208414
1659,Pune,Wakad,15.509304,76.972489,Villa,1970,1,1,24,No,Fully,30,54,27,14026400
1660,Bengaluru,Electronic City,12.312841,75.65341,Independent House,1833,2,1,2,No,Unfurnished,17,83,54,15501681
1661,Bengaluru,Indiranagar,18.972069,77.686568,Apartment,994,4,3,15,Yes,Semi,20,82,70,10432030
1662,Hyderabad,Gachibowli,17.099355,75.608627,Plot,2024,2,1,1,No,Semi,7,57,99,21229736
1663,Pune,Kharadi,15.241321,72.142223,Apartment,1574,2,1,2,No,Unfurnished,21,70,86,21333996
1664,Mumbai,Powai,16.142291,75.829864,Apartment,2222,4,3,10,Yes,Semi,27,84,78,18122632
1665,Chennai,Anna Nagar,15.724904,73.809277,Villa,694,2,1,18,Yes,Unfurnished,6,55,39,3450568
1666,Bengaluru,Electronic City,17.230846,73.396731,Apartment,870,2,1,23,No,Semi,8,77,12,6241380
1667,Pune,Hinjewadi,15.752209,76.210498,Villa,3825,4,3,3,Yes,Semi,1,51,57,28090800
1668,Hyderabad,Madhapur,12.208495,72.563511,Villa,4254,2,1,22,No,Unfurnished,11,100,60,25460190
1669,Pune,Hinjewadi,15.783439,74.555943,Villa,1208,1,1,18,No,Unfurnished,13,95,18,15118120
1670,Bengaluru,Whitefield,12.456272,77.005303,Apartment,4519,4,3,23,No,Unfurnished,28,93,18,50653471
1671,Hyderabad,Madhapur,13.555002,76.677975,Plot,1879,2,1,4,Yes,Unfurnished,9,92,61,18966626
1672,Pune,Baner,15.439556,75.381639,Independent House,2307,2,1,16,Yes,Fully,23,98,64,27347178
1673,Bengaluru,Whitefield,18.892134,76.104832,Plot,3259,1,1,16,Yes,Fully,26,97,96,15910438
1674,Mumbai,Andheri,14.90589,77.303955,Plot,4074,1,1,0,No,Semi,27,72,91,41086290
1675,Bengaluru,Indiranagar,18.376497,75.719719,Independent House,718,2,1,17,No,Fully,30,88,48,10143904
1676,Hyderabad,Gachibowli,13.890151,78.195502,Villa,1288,5,4,2,No,Semi,1,64,27,15851416
1677,Chennai,Velachery,15.987077,77.988608,Villa,3050,3,2,24,No,Fully,24,51,22,14911450
1678,Chennai,Adyar,18.612964,74.982021,Independent House,714,5,4,12,No,Unfurnished,27,64,21,7484148
1679,Chennai,Anna Nagar,12.352881,73.048277,Apartment,4564,4,3,3,No,Semi,22,84,88,60587100
1680,Mumbai,Powai,16.984272,78.685405,Apartment,3584,5,4,19,No,Fully,17,85,45,48434176
1681,Pune,Kharadi,18.93617,76.722231,Plot,591,3,2,18,Yes,Fully,4,87,11,5373372
1682,Pune,Hinjewadi,13.295841,79.219381,Plot,1698,5,4,25,Yes,Unfurnished,29,53,99,14675814
1683,Bengaluru,Whitefield,14.290511,79.478488,Independent House,737,3,2,17,No,Unfurnished,4,77,28,5460433
1684,Chennai,Velachery,15.459834,76.688478,Plot,3993,4,3,24,Yes,Unfurnished,11,73,51,50104164
1685,Chennai,Velachery,15.537066,76.135221,Apartment,3942,4,3,6,No,Semi,15,62,98,54620352
1686,Bengaluru,Indiranagar,18.886321,74.608793,Apartment,742,4,3,14,No,Fully,23,61,12,8443960
1687,Bengaluru,Whitefield,13.31969,76.182508,Independent House,3301,5,4,10,Yes,Fully,6,91,87,42497074
1688,Bengaluru,HSR Layout,12.583582,72.591614,Independent House,4905,5,4,3,No,Fully,25,81,58,47853180
1689,Mumbai,Thane,16.885117,78.46256,Independent House,1815,4,3,4,Yes,Semi,18,69,31,11957220
1690,Mumbai,Bandra,18.506483,74.71031,Independent House,931,3,2,1,No,Fully,11,53,77,8184421
1691,Pune,Kharadi,15.520227,77.953384,Apartment,2026,4,3,21,No,Fully,23,61,70,11185546
1692,Pune,Kharadi,17.269309,78.109732,Independent House,1606,1,1,24,Yes,Unfurnished,28,53,84,15859250
1693,Pune,Kharadi,18.656524,77.16462,Apartment,743,4,3,23,Yes,Unfurnished,21,100,62,6863834
1694,Pune,Wakad,18.910245,73.280616,Apartment,4033,5,4,10,Yes,Unfurnished,21,74,25,58672084
1695,Mumbai,Powai,12.179617,78.193467,Independent House,4137,2,1,4,Yes,Semi,15,100,85,55679883
1696,Pune,Kharadi,18.436337,73.691896,Independent House,2740,5,4,19,Yes,Fully,10,50,46,20300660
1697,Hyderabad,Banjara Hills,17.618573,74.789602,Apartment,2764,1,1,12,Yes,Fully,9,84,58,15226876
1698,Chennai,Anna Nagar,16.684495,77.592319,Villa,1227,3,2,24,Yes,Unfurnished,6,76,61,14147310
1699,Chennai,Anna Nagar,18.718119,76.627541,Villa,3515,4,3,14,No,Semi,27,67,41,44886550
1700,Bengaluru,HSR Layout,14.400595,75.020571,Apartment,3699,3,2,23,No,Fully,18,83,87,18868599
1701,Hyderabad,Madhapur,18.269271,77.605078,Villa,2391,1,1,0,No,Fully,13,87,7,25667385
1702,Mumbai,Powai,17.113973,74.323042,Villa,3201,3,2,21,Yes,Unfurnished,29,92,17,19378854
1703,Pune,Kharadi,13.583578,77.758396,Independent House,1658,2,1,23,Yes,Semi,27,74,38,16160526
1704,Hyderabad,Jubilee Hills,16.656045,76.968758,Villa,1536,1,1,11,No,Semi,28,72,3,9134592
1705,Chennai,OMR,16.589876,78.075405,Plot,4769,4,3,10,No,Fully,5,94,19,37608334
1706,Chennai,Anna Nagar,13.678253,74.94277,Plot,733,3,2,7,Yes,Fully,24,86,25,3621020
1707,Bengaluru,Whitefield,16.664539,75.538855,Plot,4615,4,3,7,Yes,Fully,21,80,30,64499240
1708,Bengaluru,HSR Layout,13.516583,76.462553,Plot,2578,3,2,9,Yes,Unfurnished,27,61,60,25261822
1709,Chennai,Anna Nagar,14.650372,72.476896,Independent House,3652,3,2,16,No,Unfurnished,21,62,16,52358724
1710,Pune,Kharadi,15.935162,73.405239,Plot,4400,5,4,16,No,Fully,15,58,26,49913600
1711,Bengaluru,Indiranagar,13.262311,73.546536,Apartment,4367,3,2,15,Yes,Semi,8,97,35,33857351
1712,Bengaluru,Whitefield,18.515283,72.072961,Apartment,2993,5,4,2,Yes,Semi,2,52,55,35772336
1713,Hyderabad,Banjara Hills,15.275796,75.824706,Independent House,2221,1,1,11,Yes,Unfurnished,12,88,5,20510935
1714,Pune,Wakad,13.506738,79.969613,Plot,4437,3,2,19,Yes,Semi,4,60,66,33645771
1715,Pune,Baner,16.628883,79.142579,Apartment,3867,2,1,9,No,Fully,6,86,79,32591076
1716,Mumbai,Bandra,13.659193,73.863401,Apartment,3252,1,1,11,Yes,Semi,20,80,43,32285856
1717,Pune,Wakad,12.168842,77.776123,Plot,3309,4,3,14,Yes,Fully,30,84,24,26845917
1718,Chennai,Velachery,12.722501,72.499245,Independent House,1000,3,2,10,Yes,Fully,16,96,98,12522000
1719,Chennai,Adyar,16.740547,75.298534,Villa,4686,4,3,7,No,Semi,22,57,67,30594894
1720,Hyderabad,Madhapur,15.941244,74.553578,Independent House,1703,5,4,14,Yes,Semi,0,75,1,24329058
1721,Hyderabad,Kondapur,13.685132,76.650677,Independent House,3821,2,1,4,Yes,Fully,18,75,55,33903733
1722,Pune,Kharadi,18.696414,78.195766,Villa,2077,1,1,24,No,Fully,20,96,92,8600857
1723,Pune,Kharadi,18.809121,79.278227,Independent House,2393,1,1,2,Yes,Unfurnished,19,79,83,13697532
1724,Chennai,Velachery,17.598141,77.163049,Villa,1001,1,1,0,Yes,Semi,17,96,93,9502493
1725,Pune,Baner,16.600801,77.880778,Villa,2217,2,1,19,No,Fully,23,55,82,9557487
1726,Hyderabad,Madhapur,13.764599,78.341176,Plot,3657,1,1,6,Yes,Unfurnished,0,99,6,22073652
1727,Mumbai,Bandra,12.948328,75.520546,Apartment,1165,1,1,7,No,Fully,15,96,8,13600210
1728,Hyderabad,Jubilee Hills,12.881041,75.195377,Plot,1746,2,1,2,No,Unfurnished,5,82,19,9416178
1729,Bengaluru,Whitefield,16.388062,77.57563,Plot,607,5,4,11,Yes,Unfurnished,3,62,60,2753352
1730,Bengaluru,HSR Layout,16.280074,78.85697,Independent House,4359,3,2,14,No,Semi,4,79,8,19571910
1731,Mumbai,Bandra,12.709009,72.975274,Villa,2851,5,4,21,No,Unfurnished,7,70,82,24116609
1732,Chennai,Adyar,13.16321,72.468412,Villa,3684,3,2,3,Yes,Fully,27,69,99,30507204
1733,Chennai,Velachery,18.125993,73.282165,Apartment,4052,2,1,4,Yes,Fully,4,68,34,25896332
1734,Mumbai,Andheri,13.596902,77.425174,Villa,1999,5,4,17,Yes,Fully,1,88,29,16347822
1735,Chennai,OMR,18.315667,77.63478,Villa,3832,4,3,5,Yes,Semi,28,86,57,48574432
1736,Mumbai,Powai,15.199572,74.376506,Plot,3530,5,4,25,No,Semi,27,56,9,45755860
1737,Bengaluru,Indiranagar,14.446754,76.50159,Villa,4536,4,3,2,No,Fully,26,52,36,50812272
1738,Mumbai,Thane,18.855261,77.443208,Plot,1867,5,4,19,No,Unfurnished,25,82,7,25936364
1739,Mumbai,Powai,14.895798,78.437072,Independent House,2990,5,4,22,No,Semi,22,58,9,31981040
1740,Mumbai,Andheri,12.281736,73.400348,Villa,588,3,2,23,No,Unfurnished,18,91,4,5077380
1741,Mumbai,Bandra,13.912519,79.213303,Independent House,3216,4,3,0,No,Fully,29,69,23,34645968
1742,Mumbai,Andheri,15.958031,76.359516,Villa,1192,5,4,16,Yes,Unfurnished,8,73,4,17665440
1743,Bengaluru,Electronic City,15.405777,72.606334,Independent House,3168,5,4,23,No,Unfurnished,17,87,18,15520032
1744,Pune,Baner,12.641064,75.524495,Plot,1704,5,4,20,No,Semi,23,62,8,18992784
1745,Bengaluru,Whitefield,15.809924,79.925278,Apartment,4833,2,1,22,Yes,Semi,10,80,84,67657167
1746,Pune,Hinjewadi,16.049772,79.799334,Villa,1073,1,1,13,Yes,Fully,12,81,94,6699812
1747,Pune,Hinjewadi,14.210761,73.807583,Independent House,912,3,2,9,No,Semi,26,89,4,3747408
1748,Hyderabad,Madhapur,15.705996,76.81716,Villa,4273,1,1,0,No,Semi,9,66,72,31227084
1749,Bengaluru,Electronic City,18.136971,74.249198,Independent House,1609,3,2,2,No,Fully,24,96,12,15446400
1750,Bengaluru,Electronic City,14.612049,74.693225,Apartment,1637,3,2,22,No,Semi,18,91,20,24121195
1751,Chennai,OMR,16.799828,72.586813,Apartment,2019,3,2,13,Yes,Semi,11,53,46,25239519
1752,Hyderabad,Kondapur,15.595204,78.349262,Villa,2541,2,1,11,Yes,Fully,16,92,11,19535208
1753,Bengaluru,Indiranagar,17.369866,75.904942,Villa,1236,3,2,3,No,Unfurnished,4,97,76,12646752
1754,Hyderabad,Madhapur,15.979921,74.56239,Plot,3770,4,3,8,No,Semi,21,82,21,29134560
1755,Pune,Hinjewadi,12.00658,75.717653,Plot,4781,2,1,22,Yes,Fully,16,73,52,30598400
1756,Bengaluru,Whitefield,16.00269,74.15664,Plot,1589,3,2,4,No,Semi,30,69,83,11525017
1757,Chennai,Velachery,12.993519,74.576002,Plot,1952,4,3,24,No,Fully,0,100,69,26055296
1758,Pune,Wakad,13.326365,78.422782,Plot,4374,5,4,5,No,Semi,12,74,44,29817558
1759,Mumbai,Bandra,15.345033,78.503692,Apartment,4742,5,4,23,No,Fully,17,78,7,28959394
1760,Mumbai,Thane,17.930205,76.355066,Apartment,796,3,2,17,No,Semi,11,91,4,9029028
1761,Bengaluru,Indiranagar,15.177391,75.978525,Villa,2548,4,3,18,Yes,Unfurnished,19,85,94,36094968
1762,Chennai,OMR,16.434304,77.826292,Plot,4326,2,1,14,Yes,Unfurnished,1,85,25,42079002
1763,Chennai,OMR,15.042043,75.196095,Villa,3722,2,1,12,Yes,Unfurnished,28,95,25,53905726
1764,Hyderabad,Gachibowli,13.269924,74.363318,Independent House,4629,5,4,0,Yes,Semi,22,92,50,55770192
1765,Chennai,Anna Nagar,18.148864,76.405639,Plot,2458,2,1,21,No,Semi,25,60,49,28311244
1766,Mumbai,Bandra,13.270326,78.002885,Plot,1375,4,3,9,Yes,Fully,14,86,34,6703125
1767,Pune,Hinjewadi,18.51871,79.885252,Apartment,3827,4,3,21,Yes,Fully,24,68,26,36949685
1768,Bengaluru,Electronic City,18.268977,77.25635,Plot,2184,3,2,8,Yes,Semi,29,78,91,25399920
1769,Bengaluru,Whitefield,18.333779,75.395628,Apartment,4064,3,2,15,Yes,Fully,25,72,1,31699200
1770,Bengaluru,Electronic City,16.542271,76.551886,Villa,3856,3,2,21,Yes,Fully,10,87,82,48134448
1771,Hyderabad,Madhapur,13.329916,77.211966,Villa,3467,5,4,3,Yes,Fully,22,66,13,36361896
1772,Hyderabad,Jubilee Hills,15.908999,78.040484,Independent House,650,2,1,18,Yes,Semi,9,70,78,7735000
1773,Hyderabad,Banjara Hills,15.77777,79.511057,Apartment,4058,2,1,13,No,Semi,16,69,49,43631616
1774,Chennai,Adyar,15.389991,79.038736,Villa,3496,3,2,23,No,Unfurnished,27,96,88,27370184
1775,Bengaluru,Electronic City,14.762347,79.808359,Plot,2421,1,1,20,Yes,Semi,27,99,73,27880236
1776,Chennai,Anna Nagar,13.541209,72.830046,Villa,4458,1,1,23,No,Unfurnished,26,98,46,18447204
1777,Hyderabad,Jubilee Hills,12.889684,78.756388,Independent House,2404,2,1,13,Yes,Semi,6,100,7,31312100
1778,Mumbai,Andheri,15.154389,73.055638,Independent House,2649,5,4,23,Yes,Fully,17,75,48,32203893
1779,Mumbai,Thane,13.070004,78.26392,Villa,3062,2,1,23,No,Unfurnished,14,79,94,14284230
1780,Chennai,OMR,12.901283,75.711105,Plot,3797,5,4,13,Yes,Unfurnished,20,82,99,40962036
1781,Mumbai,Andheri,12.081779,76.35656,Villa,1649,4,3,0,Yes,Semi,3,88,5,21775045
1782,Mumbai,Andheri,14.002717,72.748022,Apartment,4591,4,3,18,No,Fully,10,51,33,65857895
1783,Pune,Kharadi,14.024136,76.783957,Independent House,3428,2,1,18,Yes,Semi,10,75,81,41831884
1784,Mumbai,Andheri,12.163991,78.242279,Independent House,745,3,2,10,Yes,Unfurnished,16,88,79,8726185
1785,Hyderabad,Kukatpally,13.077951,79.771793,Independent House,2733,2,1,20,Yes,Fully,11,96,38,16592043
1786,Pune,Baner,12.133095,76.534134,Apartment,3118,2,1,16,Yes,Unfurnished,3,50,31,29539932
1787,Chennai,Anna Nagar,18.252856,75.563098,Villa,707,2,1,9,No,Unfurnished,28,76,100,8035055
1788,Mumbai,Bandra,15.210689,75.761922,Villa,3399,4,3,9,Yes,Semi,16,71,34,35458368
1789,Pune,Kharadi,18.55478,73.113787,Independent House,2669,4,3,21,Yes,Fully,20,83,59,21026382
1790,Bengaluru,Electronic City,15.558804,78.570134,Independent House,1495,4,3,10,No,Semi,8,75,28,21544445
1791,Chennai,Velachery,18.261994,76.684274,Plot,3358,5,4,2,No,Semi,27,80,66,21719544
1792,Hyderabad,Banjara Hills,16.911785,75.938327,Plot,2927,5,4,11,Yes,Fully,29,51,51,40096973
1793,Pune,Baner,13.364399,74.678142,Plot,4442,4,3,14,No,Fully,2,92,92,65168582
1794,Chennai,Adyar,13.692263,79.185499,Villa,3896,5,4,18,No,Semi,20,52,27,53114168
1795,Bengaluru,Electronic City,18.225198,73.802611,Villa,3866,2,1,2,Yes,Semi,27,97,23,52770900
1796,Hyderabad,Madhapur,12.421229,78.585234,Villa,4766,1,1,2,Yes,Semi,2,61,30,21732960
1797,Pune,Kharadi,13.916848,72.143748,Independent House,1246,4,3,11,No,Fully,27,67,7,12823832
1798,Pune,Wakad,16.596464,74.806292,Villa,3583,1,1,18,Yes,Semi,28,97,79,15363904
1799,Pune,Baner,16.187191,75.127807,Independent House,638,4,3,17,No,Fully,5,80,99,8810142
1800,Mumbai,Bandra,17.908659,74.680776,Villa,4862,1,1,24,Yes,Semi,11,60,39,59141368
1801,Mumbai,Andheri,18.900036,79.073,Villa,1511,2,1,20,Yes,Fully,29,79,33,17288862
1802,Mumbai,Andheri,16.767057,73.61296,Plot,987,1,1,3,No,Semi,11,79,58,14315448
1803,Pune,Kharadi,12.38814,75.298733,Plot,4302,3,2,10,No,Unfurnished,17,96,53,34256826
1804,Bengaluru,Electronic City,18.436831,79.575127,Villa,996,3,2,0,No,Semi,10,76,69,4619448
1805,Bengaluru,Whitefield,12.030976,74.618699,Villa,1682,4,3,9,Yes,Fully,4,64,30,15881444
1806,Chennai,OMR,16.109724,77.599925,Independent House,1768,3,2,6,Yes,Unfurnished,12,94,80,7558200
1807,Chennai,Adyar,13.067773,75.617082,Plot,568,1,1,19,No,Unfurnished,23,60,38,3689160
1808,Hyderabad,Kondapur,13.896377,73.005278,Villa,672,1,1,18,No,Unfurnished,1,59,12,4154976
1809,Mumbai,Andheri,18.642349,79.929348,Independent House,4544,1,1,21,No,Fully,29,84,30,33784640
1810,Hyderabad,Banjara Hills,13.204805,79.579803,Independent House,674,4,3,4,No,Semi,12,79,82,9449480
1811,Hyderabad,Kukatpally,15.980407,72.091277,Villa,3642,1,1,21,No,Fully,13,54,99,31769166
1812,Chennai,OMR,15.743556,76.37853,Plot,703,4,3,15,No,Unfurnished,13,73,90,7022970
1813,Mumbai,Bandra,18.32086,79.421222,Villa,735,1,1,19,No,Unfurnished,20,95,46,7539630
1814,Chennai,OMR,17.002241,79.64157,Apartment,3273,2,1,13,No,Fully,26,71,8,34445052
1815,Pune,Baner,12.524915,75.801528,Independent House,1705,5,4,2,Yes,Fully,25,79,30,19476215
1816,Chennai,Velachery,12.202307,78.192227,Independent House,4269,2,1,12,No,Fully,26,74,7,61349799
1817,Pune,Hinjewadi,16.817091,78.496869,Apartment,3315,1,1,3,No,Unfurnished,27,97,22,16439085
1818,Chennai,Anna Nagar,12.179926,72.027065,Apartment,830,3,2,0,Yes,Unfurnished,22,54,30,11746160
1819,Mumbai,Thane,12.509364,74.152298,Villa,3230,2,1,6,No,Fully,23,57,84,25084180
1820,Mumbai,Bandra,14.196295,72.487414,Apartment,4038,3,2,5,No,Fully,24,53,4,29711604
1821,Pune,Hinjewadi,17.86678,76.49423,Plot,2056,2,1,13,No,Unfurnished,10,80,77,19486768
1822,Mumbai,Andheri,15.380567,77.524122,Independent House,2293,5,4,20,Yes,Fully,25,64,84,28690016
1823,Chennai,Adyar,18.269969,76.040043,Independent House,2445,2,1,5,No,Fully,13,52,17,29506260
1824,Chennai,OMR,13.358821,75.300785,Villa,1131,2,1,2,No,Unfurnished,24,50,69,10793133
1825,Bengaluru,HSR Layout,12.997682,78.667506,Independent House,1155,2,1,15,Yes,Semi,29,69,10,7008540
1826,Mumbai,Thane,16.495207,77.36635,Plot,613,5,4,9,No,Semi,22,96,25,4895418
1827,Bengaluru,Indiranagar,12.737269,76.284754,Plot,2985,3,2,22,Yes,Fully,10,85,1,23315835
1828,Hyderabad,Jubilee Hills,14.669334,75.094002,Independent House,1191,4,3,21,No,Fully,8,85,52,7217460
1829,Pune,Kharadi,12.535087,76.700234,Villa,4487,2,1,6,Yes,Semi,9,95,2,66192224
1830,Mumbai,Powai,17.060147,77.737169,Independent House,3020,4,3,7,Yes,Fully,25,93,17,42829640
1831,Bengaluru,HSR Layout,16.500066,79.54263,Plot,3454,3,2,23,Yes,Semi,1,99,96,45043614
1832,Bengaluru,Indiranagar,16.90537,75.973789,Plot,3307,5,4,7,No,Unfurnished,8,72,27,15116297
1833,Mumbai,Thane,14.06035,76.007332,Plot,3096,1,1,21,No,Semi,6,74,61,33638040
1834,Mumbai,Bandra,14.554837,77.14406,Villa,3206,5,4,22,Yes,Unfurnished,30,61,2,15084230
1835,Mumbai,Bandra,15.050787,75.848562,Apartment,3823,4,3,10,Yes,Fully,19,74,29,33130118
1836,Mumbai,Powai,13.673607,79.736383,Apartment,4770,1,1,14,No,Semi,13,76,96,25195140
1837,Bengaluru,Indiranagar,18.924923,73.524976,Plot,2456,5,4,25,No,Unfurnished,17,87,92,22916936
1838,Hyderabad,Miyapur,13.678979,75.542212,Apartment,1278,4,3,6,Yes,Semi,26,94,7,9390744
1839,Mumbai,Thane,15.569455,73.084293,Plot,3519,1,1,21,Yes,Semi,8,62,88,48456630
1840,Mumbai,Thane,14.025384,77.769522,Villa,1054,3,2,7,No,Fully,14,99,9,13546008
1841,Bengaluru,Indiranagar,14.422839,78.917092,Apartment,1083,4,3,6,No,Fully,24,75,97,15477153
1842,Pune,Wakad,13.532241,79.937651,Independent House,3141,4,3,18,Yes,Semi,25,81,54,22379625
1843,Mumbai,Bandra,15.751937,72.59075,Plot,3172,2,1,9,No,Fully,15,54,84,23469628
1844,Bengaluru,HSR Layout,16.234433,75.020467,Apartment,4021,2,1,14,No,Semi,7,61,32,38871007
1845,Pune,Baner,14.249604,73.28185,Villa,4737,1,1,13,Yes,Semi,23,93,29,31060509
1846,Mumbai,Powai,18.910806,74.122542,Villa,1851,4,3,25,Yes,Fully,17,71,29,19892697
1847,Mumbai,Bandra,18.461514,78.869652,Villa,1261,1,1,9,Yes,Fully,10,79,96,5799339
1848,Mumbai,Thane,13.564529,76.947378,Villa,1257,4,3,18,Yes,Semi,21,76,22,15075201
1849,Pune,Wakad,18.687734,79.29909,Apartment,3862,2,1,6,Yes,Unfurnished,23,75,31,24612526
1850,Bengaluru,HSR Layout,17.282267,79.774452,Plot,1347,3,2,12,Yes,Fully,18,94,33,16263678
1851,Chennai,Anna Nagar,14.032745,74.620822,Plot,1059,2,1,5,No,Unfurnished,0,77,4,6200445
1852,Chennai,Velachery,16.104781,75.961006,Independent House,2696,4,3,24,Yes,Fully,26,55,30,25124024
1853,Pune,Wakad,14.10333,74.80188,Villa,1806,5,4,1,Yes,Semi,10,71,87,7370286
1854,Pune,Hinjewadi,14.122488,73.20577,Independent House,2047,5,4,18,No,Fully,6,70,99,13027108
1855,Mumbai,Bandra,12.093382,73.43394,Plot,2395,4,3,20,No,Fully,27,71,90,12485135
1856,Mumbai,Thane,13.939159,78.830228,Independent House,773,3,2,7,No,Unfurnished,7,86,100,3833307
1857,Chennai,Velachery,12.602849,76.37226,Apartment,4659,2,1,24,Yes,Unfurnished,20,86,96,45933081
1858,Pune,Wakad,13.836887,77.127504,Plot,4840,2,1,25,Yes,Semi,1,74,92,46459160
1859,Chennai,Adyar,18.279832,75.666797,Apartment,3811,3,2,8,Yes,Fully,26,69,71,22397247
1860,Mumbai,Thane,13.018274,76.882185,Independent House,2479,3,2,23,No,Semi,24,57,93,13993955
1861,Hyderabad,Jubilee Hills,18.079856,77.087898,Plot,1791,4,3,19,Yes,Semi,11,85,43,8881569
1862,Mumbai,Powai,17.84683,73.695855,Plot,2233,3,2,24,No,Unfurnished,4,50,85,20407387
1863,Mumbai,Powai,12.775627,74.746266,Villa,4951,3,2,23,Yes,Fully,27,69,7,65798790
1864,Chennai,Velachery,13.239659,77.899086,Villa,747,2,1,17,Yes,Semi,27,88,24,8158734
1865,Hyderabad,Madhapur,16.346026,75.624112,Apartment,1269,3,2,22,Yes,Fully,11,95,72,18014724
1866,Chennai,Velachery,17.583126,73.804327,Independent House,1858,2,1,10,Yes,Semi,17,85,53,24661234
1867,Pune,Wakad,13.902244,78.987222,Villa,2227,5,4,7,No,Semi,2,85,44,10250881
1868,Bengaluru,Whitefield,15.891968,74.221246,Apartment,3737,1,1,7,No,Semi,30,72,43,39664518
1869,Pune,Baner,13.75565,77.475948,Villa,4302,2,1,24,No,Unfurnished,3,70,99,46969236
1870,Mumbai,Thane,12.114991,74.422358,Apartment,2746,3,2,25,Yes,Unfurnished,22,96,100,36634386
1871,Hyderabad,Miyapur,13.400955,73.561146,Independent House,2016,5,4,17,Yes,Semi,9,91,37,13235040
1872,Hyderabad,Jubilee Hills,16.449886,73.756561,Plot,2247,4,3,6,Yes,Unfurnished,0,50,95,22126209
1873,Pune,Hinjewadi,12.778432,73.017766,Plot,607,4,3,24,No,Fully,19,78,1,5776819
1874,Chennai,OMR,12.69407,74.592179,Plot,2283,3,2,10,Yes,Unfurnished,30,96,91,20384907
1875,Mumbai,Thane,13.814188,73.750289,Apartment,4476,2,1,0,No,Fully,10,100,55,24250968
1876,Mumbai,Bandra,17.089969,73.46087,Plot,2493,5,4,4,Yes,Fully,16,51,43,33069645
1877,Mumbai,Powai,13.111041,75.247808,Independent House,1177,4,3,21,Yes,Unfurnished,13,57,41,13250666
1878,Mumbai,Powai,16.350361,75.803429,Plot,791,5,4,18,Yes,Fully,14,87,94,9102828
1879,Pune,Baner,14.318458,77.908987,Apartment,2927,2,1,19,No,Fully,18,67,77,39924280
1880,Pune,Hinjewadi,16.223649,77.132166,Plot,913,3,2,1,No,Fully,12,50,79,11974908
1881,Pune,Kharadi,14.857835,76.87021,Independent House,2399,3,2,0,No,Unfurnished,17,74,29,21890875
1882,Pune,Wakad,14.060649,77.128236,Villa,4749,2,1,5,No,Semi,6,74,72,68357106
1883,Pune,Hinjewadi,16.445596,74.633566,Independent House,4243,2,1,16,Yes,Unfurnished,26,70,2,42353626
1884,Mumbai,Powai,13.325668,72.964083,Independent House,565,5,4,6,Yes,Fully,26,85,22,5974310
1885,Bengaluru,HSR Layout,12.393273,72.7351,Plot,2274,2,1,21,No,Semi,23,100,63,26558046
1886,Mumbai,Thane,12.584558,75.620902,Independent House,1045,1,1,5,Yes,Fully,3,89,16,11051920
1887,Hyderabad,Kukatpally,17.847742,78.274785,Independent House,4764,3,2,23,Yes,Semi,15,61,94,30842136
1888,Mumbai,Powai,17.207228,79.716135,Plot,1444,3,2,2,No,Semi,3,74,65,9153516
1889,Hyderabad,Banjara Hills,14.586714,78.930907,Villa,3620,5,4,21,Yes,Semi,24,84,73,49159600
1890,Hyderabad,Kukatpally,16.408277,78.805294,Apartment,1066,1,1,13,No,Semi,24,91,74,12938042
1891,Chennai,OMR,14.460848,75.750249,Villa,2548,3,2,0,Yes,Unfurnished,29,97,16,24295180
1892,Pune,Wakad,17.526746,72.194894,Independent House,4943,4,3,18,No,Unfurnished,22,87,68,55055134
1893,Bengaluru,Electronic City,16.452388,74.291376,Apartment,4924,3,2,10,Yes,Unfurnished,24,81,51,58408488
1894,Hyderabad,Jubilee Hills,18.10793,73.111704,Villa,2153,2,1,14,No,Fully,29,83,19,23646399
1895,Chennai,Velachery,16.44086,73.724879,Plot,2308,3,2,6,Yes,Fully,26,69,44,22909208
1896,Bengaluru,Whitefield,17.402923,72.543446,Villa,678,1,1,11,No,Fully,29,96,56,3471360
1897,Pune,Wakad,15.785102,77.79703,Plot,3682,5,4,0,No,Semi,19,58,64,29253490
1898,Chennai,OMR,12.668781,78.31039,Independent House,3560,1,1,1,No,Fully,28,79,93,39768760
1899,Pune,Kharadi,13.288771,78.609334,Independent House,1136,5,4,3,No,Semi,13,58,48,8510912
1900,Bengaluru,HSR Layout,16.975541,72.211589,Plot,2818,5,4,20,No,Unfurnished,6,98,13,24260162
1901,Chennai,Anna Nagar,15.559556,73.670631,Apartment,3727,3,2,3,Yes,Fully,2,55,59,20259972
1902,Hyderabad,Kukatpally,13.345945,79.290035,Independent House,1529,5,4,20,Yes,Unfurnished,27,98,26,18019265
1903,Pune,Baner,17.881219,79.614721,Independent House,3714,5,4,0,Yes,Fully,14,99,68,32712912
1904,Mumbai,Andheri,16.468824,78.270591,Apartment,4464,3,2,3,No,Fully,7,52,29,33256800
1905,Bengaluru,Indiranagar,17.523365,78.556176,Apartment,4285,3,2,1,Yes,Fully,11,85,3,18858285
1906,Mumbai,Andheri,16.105652,74.208392,Plot,1539,5,4,13,No,Fully,0,64,50,7695000
1907,Hyderabad,Madhapur,12.189947,77.632345,Independent House,4728,5,4,6,Yes,Unfurnished,2,90,77,52769208
1908,Chennai,OMR,18.052177,78.485613,Apartment,1231,5,4,11,Yes,Fully,25,83,31,15671861
1909,Chennai,OMR,13.658749,73.375077,Villa,2517,1,1,2,No,Unfurnished,9,99,53,25222857
1910,Chennai,OMR,16.068612,72.768998,Independent House,2334,2,1,22,Yes,Semi,15,80,43,29739828
1911,Pune,Wakad,16.169873,74.482925,Independent House,835,4,3,10,No,Unfurnished,15,90,41,7507485
1912,Hyderabad,Jubilee Hills,13.678043,74.57388,Independent House,2358,3,2,15,No,Semi,20,65,80,23426730
1913,Pune,Wakad,12.335018,76.80451,Plot,3096,2,1,10,No,Fully,4,93,92,34867152
1914,Bengaluru,Electronic City,12.435487,77.132338,Plot,879,4,3,12,No,Fully,25,59,4,6766542
1915,Hyderabad,Kondapur,14.123537,74.888746,Villa,1532,4,3,0,Yes,Fully,24,62,28,22240044
1916,Hyderabad,Gachibowli,15.807597,73.671409,Plot,4189,4,3,3,No,Fully,11,89,99,34802212
1917,Hyderabad,Miyapur,13.475107,74.35126,Apartment,2195,5,4,21,Yes,Fully,5,64,25,25466390
1918,Bengaluru,Electronic City,16.444961,75.342596,Independent House,4861,1,1,5,No,Unfurnished,6,80,23,22496708
1919,Mumbai,Thane,17.896825,73.658764,Plot,1448,3,2,25,Yes,Fully,29,93,13,13850120
1920,Chennai,Adyar,13.993116,74.780316,Apartment,2291,4,3,16,No,Unfurnished,11,54,99,17473457
1921,Pune,Wakad,16.687518,77.297228,Plot,3370,1,1,6,Yes,Semi,17,72,95,29642520
1922,Chennai,Velachery,12.528137,79.625672,Independent House,512,4,3,2,No,Semi,28,83,100,6464000
1923,Hyderabad,Jubilee Hills,13.665673,77.06634,Villa,1512,5,4,25,No,Fully,9,55,7,21332808
1924,Bengaluru,Indiranagar,18.27753,74.042912,Plot,4575,5,4,2,Yes,Unfurnished,6,71,76,62398425
1925,Hyderabad,Gachibowli,17.648489,75.777232,Villa,683,4,3,16,Yes,Fully,4,53,69,2997687
1926,Pune,Hinjewadi,12.958931,78.257406,Plot,4651,1,1,1,No,Semi,7,73,12,69025491
1927,Bengaluru,Indiranagar,16.567762,72.11507,Plot,2781,3,2,6,Yes,Semi,2,54,9,28480221
1928,Mumbai,Thane,13.450825,72.279386,Villa,4439,5,4,24,Yes,Fully,16,81,95,35152441
1929,Chennai,Velachery,12.270502,78.462904,Apartment,977,2,1,6,No,Semi,17,63,38,13703402
1930,Hyderabad,Kukatpally,14.43009,75.661263,Independent House,4802,4,3,6,No,Unfurnished,10,61,46,41724578
1931,Bengaluru,Whitefield,16.243759,78.173071,Independent House,4159,4,3,13,No,Unfurnished,7,65,32,52407559
1932,Hyderabad,Kukatpally,12.15227,75.007172,Plot,2994,2,1,10,Yes,Semi,8,67,55,18784356
1933,Pune,Hinjewadi,12.486036,73.745331,Villa,2027,1,1,8,Yes,Semi,24,80,93,22986180
1934,Bengaluru,Electronic City,14.126822,77.493956,Independent House,1371,1,1,22,No,Unfurnished,24,57,18,7894218
1935,Pune,Baner,17.389567,77.279389,Independent House,854,2,1,19,Yes,Fully,10,83,99,11009768
1936,Chennai,Adyar,14.408216,76.452819,Independent House,3397,1,1,12,No,Semi,20,89,30,38776755
1937,Bengaluru,HSR Layout,15.489973,79.45196,Plot,802,1,1,10,Yes,Semi,7,71,90,6954142
1938,Mumbai,Thane,13.402941,74.408172,Villa,1100,2,1,25,Yes,Semi,20,75,38,11392700
1939,Hyderabad,Gachibowli,18.394544,78.394482,Apartment,3076,5,4,10,Yes,Semi,7,77,72,17151776
1940,Pune,Baner,13.08882,79.658937,Apartment,528,4,3,20,No,Semi,12,52,97,3566640
1941,Pune,Kharadi,17.874882,77.022502,Villa,4017,3,2,0,Yes,Semi,24,90,95,44841771
1942,Chennai,Anna Nagar,17.62689,79.088483,Independent House,526,1,1,5,No,Semi,9,53,62,7075752
1943,Pune,Baner,13.099111,79.571498,Plot,4509,1,1,6,Yes,Semi,23,52,81,21665745
1944,Bengaluru,Indiranagar,12.72328,79.424214,Plot,3780,5,4,24,Yes,Fully,8,81,67,52583580
1945,Bengaluru,Indiranagar,16.94537,73.448203,Independent House,3119,3,2,4,Yes,Semi,13,56,62,19556130
1946,Chennai,Adyar,15.107032,78.292993,Plot,2486,2,1,12,No,Fully,23,51,2,21506386
1947,Hyderabad,Banjara Hills,18.752834,77.300766,Independent House,3667,2,1,4,No,Semi,4,58,93,37689426
1948,Chennai,Anna Nagar,15.867593,72.278963,Independent House,4874,5,4,25,Yes,Semi,20,98,9,63157292
1949,Hyderabad,Gachibowli,16.676896,73.704171,Independent House,2042,1,1,15,No,Unfurnished,18,64,61,26913560
1950,Chennai,OMR,16.334194,76.849238,Apartment,642,1,1,25,Yes,Unfurnished,10,68,94,8995704
1951,Pune,Baner,14.137471,78.165164,Apartment,4967,3,2,19,Yes,Unfurnished,9,69,76,68743280
1952,Chennai,OMR,18.132119,73.762488,Plot,1766,2,1,3,Yes,Semi,22,86,100,13382748
1953,Bengaluru,HSR Layout,18.412717,73.625794,Plot,3112,5,4,1,Yes,Unfurnished,22,78,68,27762152
1954,Pune,Baner,15.83843,79.252713,Independent House,1340,1,1,6,No,Fully,5,90,82,17725520
1955,Mumbai,Bandra,16.639638,74.375523,Independent House,3786,1,1,17,Yes,Semi,26,72,20,37776708
1956,Pune,Baner,14.734943,75.471434,Independent House,567,4,3,6,No,Semi,26,92,51,3780756
1957,Mumbai,Bandra,16.407641,78.347213,Apartment,1617,1,1,18,No,Fully,14,90,35,20634537
1958,Chennai,Anna Nagar,17.697104,78.852693,Plot,2836,4,3,21,Yes,Unfurnished,18,64,44,19355700
1959,Chennai,Anna Nagar,16.25736,78.269806,Plot,3277,5,4,3,Yes,Fully,23,55,10,38773464
1960,Pune,Baner,14.511658,79.612871,Independent House,4177,3,2,0,No,Unfurnished,23,81,68,48870900
1961,Mumbai,Andheri,17.734787,79.366264,Apartment,4418,3,2,1,No,Unfurnished,2,51,56,54708094
1962,Hyderabad,Gachibowli,15.149412,72.681502,Apartment,3573,5,4,16,No,Fully,7,89,47,30838563
1963,Mumbai,Andheri,16.276665,73.667532,Plot,3953,1,1,4,No,Unfurnished,18,59,26,53013683
1964,Bengaluru,HSR Layout,16.805778,73.041616,Independent House,2766,4,3,1,Yes,Fully,18,66,97,23676960
1965,Bengaluru,Indiranagar,18.850975,77.17134,Villa,3209,5,4,10,No,Fully,18,91,56,19369524
1966,Pune,Hinjewadi,12.341721,77.190125,Plot,1601,1,1,20,Yes,Fully,21,55,21,6436020
1967,Bengaluru,Electronic City,12.527302,77.708219,Apartment,1152,3,2,3,No,Fully,22,76,52,16490880
1968,Pune,Baner,12.021913,74.520782,Apartment,513,3,2,18,Yes,Fully,2,52,2,6229359
1969,Mumbai,Andheri,13.945931,75.2779,Apartment,2473,2,1,11,Yes,Unfurnished,7,79,21,17634963
1970,Chennai,OMR,18.805316,75.165683,Independent House,2649,2,1,24,No,Semi,14,69,16,19173462
1971,Bengaluru,Indiranagar,16.949787,74.613031,Villa,1203,3,2,19,Yes,Fully,9,68,72,5634852
1972,Bengaluru,Electronic City,13.579641,76.107751,Plot,3734,3,2,19,No,Semi,29,95,56,27082702
1973,Bengaluru,Whitefield,18.196495,79.169863,Independent House,2187,3,2,3,Yes,Fully,5,77,36,18611370
1974,Chennai,Velachery,17.521888,73.138376,Apartment,4439,2,1,7,No,Semi,4,54,3,48287442
1975,Pune,Kharadi,12.623174,79.913943,Villa,2312,3,2,5,Yes,Semi,8,98,70,32578392
1976,Hyderabad,Gachibowli,14.433399,73.65451,Villa,554,4,3,8,No,Semi,2,55,18,8134936
1977,Bengaluru,HSR Layout,16.59657,79.776589,Independent House,4917,3,2,1,No,Unfurnished,2,69,86,56835603
1978,Mumbai,Thane,13.588059,75.170017,Apartment,794,1,1,13,Yes,Semi,21,87,52,7128532
1979,Bengaluru,HSR Layout,14.883838,75.513322,Villa,2282,5,4,10,Yes,Unfurnished,20,62,81,27710326
1980,Bengaluru,Indiranagar,18.531377,76.3133,Villa,2910,2,1,1,No,Fully,0,76,95,14346300
1981,Mumbai,Bandra,17.981168,79.666409,Plot,2015,1,1,21,Yes,Fully,13,62,46,15920515
1982,Pune,Baner,18.082234,74.93082,Plot,4045,4,3,14,Yes,Semi,17,71,14,38528625
1983,Mumbai,Powai,15.296068,75.973009,Plot,4265,5,4,11,No,Fully,20,95,45,53235730
1984,Chennai,Adyar,12.817907,75.573538,Independent House,4227,3,2,2,Yes,Fully,12,63,29,61401402
1985,Hyderabad,Banjara Hills,15.782014,73.121571,Independent House,877,2,1,6,Yes,Fully,25,66,1,6588901
1986,Pune,Hinjewadi,13.801248,73.539225,Independent House,1859,4,3,11,No,Semi,17,50,57,22897303
1987,Mumbai,Thane,17.39191,76.442507,Independent House,1588,4,3,21,Yes,Fully,24,94,12,7314328
1988,Bengaluru,Whitefield,16.27014,77.100366,Apartment,3281,2,1,10,No,Unfurnished,26,70,62,15328832
1989,Mumbai,Bandra,14.737847,77.951978,Independent House,1360,5,4,21,Yes,Unfurnished,22,57,80,13632640
1990,Mumbai,Powai,16.68799,74.328375,Villa,3665,1,1,7,Yes,Fully,1,50,39,39274140
1991,Bengaluru,HSR Layout,12.980237,79.024562,Apartment,972,3,2,10,No,Unfurnished,13,95,3,9767628
1992,Mumbai,Bandra,14.789016,75.73911,Plot,1230,5,4,10,Yes,Fully,8,86,60,6140160
1993,Pune,Hinjewadi,13.352628,75.094377,Villa,681,3,2,23,Yes,Semi,15,98,76,6163731
1994,Bengaluru,Indiranagar,14.187706,76.295302,Villa,4905,1,1,13,No,Unfurnished,1,54,69,39656925
1995,Mumbai,Bandra,13.649827,74.639376,Plot,2229,1,1,3,No,Unfurnished,20,58,22,11474892
1996,Hyderabad,Kondapur,18.947864,77.964979,Independent House,2816,5,4,21,No,Unfurnished,16,99,93,28855552
1997,Pune,Baner,15.359999,74.755796,Villa,592,1,1,24,Yes,Fully,23,94,87,6994480
1998,Pune,Kharadi,16.455915,75.750819,Plot,2236,4,3,8,No,Unfurnished,13,75,59,19211712
1999,Mumbai,Powai,13.523033,79.616155,Apartment,3095,1,1,3,Yes,Unfurnished,21,66,35,14029635
2000,Bengaluru,Electronic City,18.614137,73.207636,Plot,3397,2,1,25,Yes,Semi,20,94,54,37699906
2001,Bengaluru,HSR Layout,16.989482,72.849358,Villa,1698,1,1,8,No,Fully,13,88,49,24508932
2002,Pune,Hinjewadi,14.855595,79.91061,Villa,1957,5,4,13,No,Unfurnished,27,89,15,17294009
2003,Chennai,Velachery,16.959654,72.822265,Independent House,4055,2,1,25,Yes,Semi,9,63,10,37853425
2004,Pune,Kharadi,14.098599,75.639999,Plot,1571,3,2,19,Yes,Unfurnished,3,57,46,8858869
2005,Bengaluru,Electronic City,13.642074,74.309062,Plot,2227,5,4,15,Yes,Unfurnished,3,68,72,17911761
2006,Bengaluru,HSR Layout,13.899176,75.786363,Independent House,755,4,3,9,Yes,Semi,19,61,53,7669290
2007,Mumbai,Powai,12.684523,77.288791,Apartment,3777,1,1,12,Yes,Fully,29,80,57,16380849
2008,Hyderabad,Jubilee Hills,13.095556,78.206775,Independent House,4485,5,4,25,No,Fully,26,55,60,25658685
2009,Pune,Baner,13.430196,72.216527,Apartment,2187,3,2,14,No,Unfurnished,15,70,97,10932813
2010,Mumbai,Powai,14.690911,75.937994,Villa,878,2,1,14,No,Unfurnished,8,75,67,11464924
2011,Bengaluru,Electronic City,17.684931,77.150658,Independent House,2037,4,3,17,Yes,Fully,13,52,42,21887565
2012,Chennai,Velachery,12.198761,74.696163,Plot,3843,4,3,20,Yes,Semi,11,94,83,47733903
2013,Pune,Wakad,13.354381,74.490132,Independent House,731,3,2,3,No,Semi,7,59,30,3253681
2014,Hyderabad,Gachibowli,17.601678,73.749946,Apartment,1167,1,1,20,No,Unfurnished,3,94,42,9736281
2015,Chennai,OMR,15.239699,76.052905,Villa,2381,3,2,17,No,Unfurnished,21,73,37,14038376
2016,Chennai,Velachery,16.581918,72.580429,Independent House,4724,3,2,3,Yes,Fully,11,56,22,26029240
2017,Mumbai,Bandra,16.667977,73.872311,Independent House,3798,3,2,17,No,Unfurnished,27,62,65,48067488
2018,Bengaluru,Whitefield,17.881162,76.693647,Independent House,4957,3,2,19,Yes,Fully,9,82,81,62760577
2019,Hyderabad,Madhapur,18.514541,75.039672,Independent House,1888,4,3,7,No,Semi,4,82,57,12156832
2020,Mumbai,Bandra,18.028215,79.19436,Villa,2556,5,4,21,Yes,Semi,18,93,78,25209828
2021,Chennai,Velachery,15.656256,72.223592,Independent House,4187,5,4,14,Yes,Fully,12,94,19,20193901
2022,Bengaluru,Electronic City,18.003439,74.247514,Independent House,3317,5,4,24,No,Semi,29,64,1,20824126
2023,Hyderabad,Miyapur,18.564948,77.392714,Independent House,2078,2,1,21,No,Semi,15,63,78,24478840
2024,Bengaluru,Indiranagar,15.187178,73.131078,Independent House,2154,1,1,24,No,Unfurnished,29,62,51,18166836
2025,Bengaluru,Whitefield,18.608628,72.683031,Independent House,770,5,4,2,Yes,Fully,11,58,65,10164770
2026,Bengaluru,Whitefield,17.402817,76.431872,Villa,1343,1,1,24,No,Fully,29,99,15,18338665
2027,Bengaluru,HSR Layout,14.612101,79.527915,Villa,4266,5,4,16,Yes,Fully,16,67,59,59826384
2028,Bengaluru,Electronic City,16.811055,79.804562,Independent House,636,4,3,1,Yes,Fully,5,100,13,4321620
2029,Hyderabad,Gachibowli,18.271652,77.070237,Plot,1866,3,2,23,No,Semi,28,52,3,16920888
2030,Pune,Kharadi,13.005449,79.402245,Villa,3279,4,3,5,No,Semi,1,54,38,40826829
2031,Hyderabad,Banjara Hills,13.613254,77.157073,Villa,1707,3,2,15,No,Semi,4,68,25,24751500
2032,Chennai,Anna Nagar,16.708783,79.238426,Apartment,2533,4,3,8,No,Unfurnished,6,58,57,37138846
2033,Chennai,Adyar,16.406319,73.673915,Plot,874,3,2,9,Yes,Semi,1,97,56,11796378
2034,Bengaluru,Electronic City,15.011496,72.331668,Villa,4011,3,2,25,No,Fully,1,96,18,53907840
2035,Pune,Wakad,12.882128,78.206411,Independent House,3586,1,1,15,Yes,Fully,10,73,69,29294034
2036,Chennai,OMR,12.280566,72.815545,Apartment,2941,5,4,0,Yes,Semi,12,82,47,17075446
2037,Mumbai,Andheri,14.202441,75.684206,Villa,1656,3,2,19,No,Semi,8,76,41,23501952
2038,Mumbai,Andheri,13.402193,77.528805,Independent House,4308,1,1,17,No,Semi,26,70,19,50313132
2039,Hyderabad,Jubilee Hills,16.002556,74.847976,Plot,1265,5,4,7,No,Unfurnished,26,94,17,9568460
2040,Hyderabad,Jubilee Hills,15.366154,77.421855,Independent House,1286,1,1,7,Yes,Unfurnished,10,96,72,6874956
2041,Mumbai,Andheri,13.108679,79.857709,Plot,542,3,2,19,No,Unfurnished,8,89,26,2204856
2042,Hyderabad,Kondapur,13.597122,78.62965,Independent House,2974,2,1,24,Yes,Fully,12,66,66,42186190
2043,Bengaluru,Whitefield,18.563577,75.568142,Independent House,4879,2,1,18,No,Fully,12,81,48,47980086
2044,Pune,Kharadi,18.377889,75.202249,Independent House,2128,2,1,17,Yes,Semi,2,53,40,30051616
2045,Chennai,OMR,15.744966,72.798068,Plot,3872,3,2,24,Yes,Unfurnished,1,100,9,19638784
2046,Chennai,OMR,18.260123,74.211727,Apartment,4963,1,1,13,Yes,Fully,24,71,92,57531096
2047,Pune,Baner,13.888069,74.598701,Independent House,3175,2,1,9,Yes,Fully,5,63,8,14893925
2048,Pune,Kharadi,18.001015,79.150237,Plot,3785,4,3,18,Yes,Fully,2,97,64,37759160
2049,Hyderabad,Kukatpally,15.327504,73.634237,Independent House,2940,2,1,18,Yes,Unfurnished,30,98,28,20241900
2050,Chennai,OMR,16.946885,77.596258,Plot,1103,5,4,22,No,Semi,18,55,93,12763916
2051,Chennai,Adyar,12.45504,78.386737,Independent House,1891,2,1,7,Yes,Semi,16,63,9,15521328
2052,Bengaluru,Indiranagar,18.639233,72.439624,Plot,1055,4,3,4,No,Fully,14,78,3,11785405
2053,Bengaluru,Whitefield,12.837471,74.404568,Plot,630,1,1,13,No,Fully,16,87,38,7531020
2054,Pune,Baner,12.259207,76.770517,Apartment,4413,3,2,15,No,Fully,29,97,14,60153603
2055,Bengaluru,Electronic City,16.394073,79.770406,Villa,704,3,2,25,No,Fully,1,51,10,9264640
2056,Mumbai,Thane,17.437732,75.897614,Independent House,2940,2,1,24,No,Unfurnished,4,99,21,13550460
2057,Chennai,OMR,12.953511,76.957333,Independent House,3802,3,2,7,Yes,Fully,7,100,67,25842194
2058,Bengaluru,Electronic City,16.170267,79.699128,Independent House,1608,3,2,5,Yes,Fully,17,81,6,6576720
2059,Chennai,Anna Nagar,17.122027,72.552547,Independent House,1135,3,2,16,Yes,Unfurnished,11,80,14,11656450
2060,Bengaluru,Whitefield,17.624687,79.270101,Apartment,3141,5,4,7,Yes,Semi,23,56,69,15466284
2061,Hyderabad,Banjara Hills,18.755179,78.318673,Apartment,1653,2,1,7,Yes,Unfurnished,7,90,4,8149290
2062,Mumbai,Andheri,18.188888,72.380167,Villa,1609,2,1,24,Yes,Fully,17,69,67,17803585
2063,Hyderabad,Jubilee Hills,14.190261,77.586437,Villa,698,3,2,12,Yes,Semi,30,76,5,6134722
2064,Chennai,Velachery,17.819623,73.275403,Independent House,4160,4,3,23,No,Fully,0,59,55,52083200
2065,Hyderabad,Kondapur,14.979999,74.914171,Plot,1267,4,3,15,No,Semi,19,99,13,13341510
2066,Pune,Wakad,12.518667,74.324448,Independent House,3168,2,1,17,Yes,Semi,10,75,92,23237280
2067,Mumbai,Bandra,15.042594,73.065722,Villa,4168,5,4,19,Yes,Fully,29,93,88,29013448
2068,Hyderabad,Gachibowli,13.629723,78.696806,Plot,1551,1,1,15,Yes,Fully,8,98,88,14214915
2069,Chennai,OMR,12.918826,79.514458,Plot,3390,1,1,2,Yes,Semi,1,94,12,47778660
2070,Mumbai,Thane,12.679407,78.142191,Independent House,1557,2,1,8,No,Semi,1,87,87,20968119
2071,Pune,Wakad,18.112733,75.553954,Villa,3330,2,1,24,No,Fully,23,77,9,33699600
2072,Pune,Baner,13.724818,75.49488,Villa,557,4,3,23,Yes,Unfurnished,11,51,44,2620128
2073,Chennai,Velachery,13.513748,74.188096,Apartment,4926,4,3,3,Yes,Unfurnished,9,81,48,20014338
2074,Hyderabad,Kukatpally,18.802916,78.607304,Plot,3976,3,2,21,Yes,Semi,26,56,33,19160344
2075,Chennai,Anna Nagar,18.726734,75.065075,Apartment,3236,3,2,16,Yes,Unfurnished,16,65,58,43912520
2076,Pune,Baner,16.834629,76.617528,Villa,4798,1,1,23,Yes,Unfurnished,19,83,42,27339004
2077,Mumbai,Andheri,17.55761,73.827541,Independent House,4264,2,1,1,No,Fully,26,68,82,43121832
2078,Pune,Hinjewadi,14.704268,77.03539,Independent House,1086,2,1,1,Yes,Unfurnished,25,75,44,15745914
2079,Chennai,Anna Nagar,15.815425,73.107815,Villa,3532,3,2,17,Yes,Unfurnished,26,98,70,25193756
2080,Bengaluru,HSR Layout,13.621133,76.490283,Independent House,1906,5,4,25,No,Unfurnished,1,75,79,10913756
2081,Bengaluru,HSR Layout,12.793448,77.114758,Apartment,2012,1,1,6,Yes,Fully,18,52,26,12619264
2082,Pune,Kharadi,18.927404,73.382104,Plot,1612,2,1,15,Yes,Unfurnished,19,90,15,18023772
2083,Chennai,Anna Nagar,13.590281,77.292478,Villa,1289,2,1,6,Yes,Unfurnished,14,68,50,15897237
2084,Pune,Wakad,16.971315,77.292654,Independent House,3141,2,1,19,Yes,Unfurnished,9,50,89,44828352
2085,Mumbai,Powai,15.194239,79.68431,Plot,3969,3,2,23,No,Semi,4,89,4,45322011
2086,Bengaluru,Electronic City,14.80049,76.455482,Villa,622,5,4,5,Yes,Fully,15,52,83,6411576
2087,Bengaluru,Electronic City,18.571698,73.592684,Independent House,1151,1,1,9,Yes,Unfurnished,10,75,37,8067359
2088,Mumbai,Thane,15.747296,79.275666,Independent House,3672,5,4,22,Yes,Fully,11,87,68,52153416
2089,Hyderabad,Madhapur,16.299045,78.793848,Independent House,790,2,1,19,Yes,Semi,17,82,22,5969240
2090,Chennai,Velachery,17.91803,78.096549,Plot,2069,4,3,12,Yes,Semi,24,55,98,13752643
2091,Hyderabad,Banjara Hills,17.940657,73.635075,Plot,637,2,1,8,No,Semi,29,86,65,5232318
2092,Chennai,Velachery,16.075767,75.275834,Independent House,2075,3,2,7,No,Fully,15,71,87,15867525
2093,Chennai,OMR,12.100308,79.893874,Plot,1481,2,1,10,No,Semi,6,97,95,9993788
2094,Pune,Hinjewadi,16.4381,75.359378,Plot,1200,2,1,21,No,Fully,15,52,59,16634400
2095,Mumbai,Bandra,15.612835,78.378546,Villa,4227,1,1,6,Yes,Semi,22,89,94,18632616
2096,Bengaluru,Whitefield,17.637641,78.104556,Apartment,3061,4,3,24,No,Unfurnished,0,73,93,32768005
2097,Pune,Baner,17.357804,79.924368,Plot,709,5,4,7,Yes,Unfurnished,14,67,61,9914656
2098,Hyderabad,Kukatpally,16.244898,76.594227,Apartment,1321,4,3,18,Yes,Semi,13,94,13,11009214
2099,Pune,Kharadi,17.572772,78.652904,Apartment,4265,5,4,23,No,Semi,11,80,60,24306235
2100,Mumbai,Powai,12.688222,78.259089,Plot,4627,4,3,17,No,Fully,7,53,68,22963801
2101,Bengaluru,Indiranagar,15.545925,79.336878,Villa,3097,4,3,20,No,Semi,30,68,98,29548477
2102,Mumbai,Bandra,13.104788,79.339738,Plot,2615,3,2,8,Yes,Unfurnished,2,51,33,28634250
2103,Mumbai,Andheri,13.616246,76.624891,Plot,1630,4,3,8,No,Fully,26,98,60,11724590
2104,Chennai,Anna Nagar,14.526025,73.405022,Apartment,3118,2,1,2,No,Fully,21,82,48,37094846
2105,Bengaluru,Electronic City,12.593233,72.723703,Plot,1379,4,3,8,No,Semi,15,84,33,6422003
2106,Pune,Kharadi,15.406964,76.386533,Villa,2023,4,3,13,No,Unfurnished,26,93,30,23343397
2107,Mumbai,Bandra,16.199361,72.204464,Plot,4820,1,1,21,No,Semi,3,64,30,70805800
2108,Hyderabad,Kondapur,16.383044,75.512501,Apartment,2540,4,3,21,No,Unfurnished,25,88,67,31302960
2109,Pune,Hinjewadi,17.398112,79.937507,Independent House,4124,4,3,5,No,Fully,12,83,67,42893724
2110,Pune,Kharadi,12.977243,72.456894,Independent House,4319,1,1,9,Yes,Fully,22,85,37,25849215
2111,Chennai,OMR,18.558575,72.4026,Apartment,1422,1,1,10,Yes,Fully,8,70,21,18413478
2112,Hyderabad,Banjara Hills,15.100438,73.011215,Villa,3933,3,2,11,Yes,Unfurnished,3,57,88,57897693
2113,Chennai,Velachery,13.490517,77.787537,Apartment,880,4,3,7,No,Semi,5,92,81,11429440
2114,Hyderabad,Kondapur,12.062937,75.854198,Apartment,4631,4,3,8,Yes,Semi,0,77,34,59179549
2115,Bengaluru,Electronic City,18.86025,76.87467,Plot,1244,4,3,6,Yes,Fully,14,94,59,15603492
2116,Pune,Baner,12.986935,77.094412,Independent House,2160,5,4,4,Yes,Unfurnished,4,76,33,28375920
2117,Chennai,OMR,13.867624,78.83229,Villa,4809,4,3,12,No,Unfurnished,7,87,20,56318199
2118,Mumbai,Andheri,13.056258,72.049791,Plot,3398,5,4,4,Yes,Semi,5,57,18,22005448
2119,Chennai,Velachery,14.530724,74.379898,Villa,2837,2,1,13,Yes,Semi,8,55,3,28111833
2120,Pune,Wakad,18.704265,73.522283,Apartment,3102,1,1,22,Yes,Unfurnished,11,88,63,14315730
2121,Hyderabad,Banjara Hills,12.00696,72.994067,Plot,2606,3,2,12,Yes,Unfurnished,11,72,42,26099090
2122,Mumbai,Thane,13.638792,76.759954,Plot,3053,4,3,11,No,Semi,18,95,87,36339859
2123,Mumbai,Andheri,17.933697,76.091207,Independent House,2662,4,3,14,No,Unfurnished,17,100,37,18458308
2124,Hyderabad,Jubilee Hills,15.84208,72.069905,Plot,4110,4,3,10,Yes,Unfurnished,27,72,69,48650070
2125,Mumbai,Andheri,16.216899,76.368132,Villa,2419,1,1,13,No,Fully,17,91,56,36016491
2126,Mumbai,Bandra,13.856796,79.485192,Villa,3670,1,1,19,No,Fully,6,90,15,40524140
2127,Hyderabad,Gachibowli,13.280075,72.481373,Villa,3428,1,1,1,Yes,Unfurnished,23,81,88,31575308
2128,Mumbai,Andheri,14.880894,75.877839,Villa,921,4,3,16,No,Unfurnished,14,66,91,11397375
2129,Chennai,Velachery,15.517511,77.522596,Villa,4015,2,1,22,Yes,Semi,7,80,79,29739105
2130,Bengaluru,Electronic City,16.870594,75.545916,Apartment,3984,2,1,0,Yes,Fully,26,54,32,49716336
2131,Hyderabad,Jubilee Hills,14.949798,76.130268,Plot,2882,3,2,3,Yes,Unfurnished,9,63,52,31096780
2132,Chennai,Adyar,16.538961,77.534317,Plot,1043,1,1,5,Yes,Fully,16,74,10,6226710
2133,Mumbai,Bandra,13.959653,74.054707,Plot,946,2,1,2,No,Fully,9,99,10,10219638
2134,Mumbai,Bandra,17.270806,77.373687,Villa,601,5,4,13,Yes,Fully,15,86,8,6757043
2135,Hyderabad,Banjara Hills,18.477234,72.086632,Apartment,3349,5,4,3,No,Unfurnished,22,82,10,27002987
2136,Bengaluru,Electronic City,16.375829,76.725286,Independent House,4812,1,1,18,Yes,Fully,24,65,85,35459628
2137,Hyderabad,Madhapur,12.33297,73.580645,Plot,1484,2,1,14,No,Fully,10,89,2,15829828
2138,Hyderabad,Kondapur,14.829941,77.517544,Plot,554,2,1,25,No,Semi,2,62,41,6937188
2139,Pune,Wakad,12.345888,73.118775,Plot,1723,3,2,4,No,Semi,13,95,70,8468545
2140,Hyderabad,Gachibowli,14.504507,75.259468,Apartment,1702,2,1,9,No,Semi,7,85,77,14768254
2141,Pune,Wakad,15.765544,75.30347,Apartment,2810,4,3,19,Yes,Fully,16,89,52,38794860
2142,Chennai,OMR,13.055139,75.864129,Plot,3692,2,1,23,No,Fully,12,66,94,36639408
2143,Chennai,Adyar,12.61442,75.352473,Independent House,2719,1,1,9,No,Fully,25,97,84,29090581
2144,Chennai,Velachery,18.71539,78.573705,Apartment,2647,5,4,7,No,Unfurnished,15,70,23,22809199
2145,Bengaluru,Whitefield,17.339156,76.476366,Villa,2955,4,3,4,No,Unfurnished,1,67,28,39251265
2146,Pune,Hinjewadi,13.044362,75.245107,Apartment,4035,5,4,13,Yes,Fully,5,63,22,31509315
2147,Chennai,Adyar,15.927177,75.325597,Villa,4759,1,1,15,No,Unfurnished,19,87,62,26269680
2148,Bengaluru,Indiranagar,15.116557,77.773294,Apartment,3423,1,1,18,Yes,Fully,9,60,34,31659327
2149,Chennai,Velachery,13.314497,72.508731,Plot,2251,5,4,18,Yes,Semi,5,95,20,31225872
2150,Mumbai,Thane,15.863148,79.945828,Independent House,2744,3,2,7,Yes,Fully,7,81,16,40849928
2151,Hyderabad,Kondapur,12.838292,76.784362,Independent House,3427,2,1,12,No,Fully,23,60,18,49084921
2152,Hyderabad,Banjara Hills,18.977149,75.023892,Plot,3676,4,3,5,Yes,Unfurnished,23,55,34,24761536
2153,Pune,Hinjewadi,13.923471,76.200188,Plot,3161,1,1,11,No,Fully,23,62,49,36519033
2154,Mumbai,Bandra,16.182045,78.966398,Independent House,4395,4,3,16,No,Fully,23,61,4,32153820
2155,Bengaluru,Indiranagar,15.027398,72.780246,Plot,1142,4,3,23,Yes,Unfurnished,10,52,40,8254376
2156,Chennai,OMR,17.097436,74.788617,Plot,3752,2,1,4,Yes,Fully,8,57,1,37658824
2157,Bengaluru,Whitefield,15.209552,76.971689,Villa,4518,3,2,6,No,Fully,27,54,51,41674032
2158,Hyderabad,Kondapur,14.232483,77.369607,Plot,1674,2,1,11,Yes,Semi,12,57,32,10149462
2159,Bengaluru,Whitefield,15.578785,72.712332,Villa,621,5,4,11,No,Semi,13,52,38,7126596
2160,Bengaluru,Indiranagar,15.441617,78.891087,Plot,2530,2,1,6,No,Semi,21,73,69,24677620
2161,Pune,Baner,15.75157,74.23524,Plot,3330,2,1,25,No,Fully,3,70,13,39553740
2162,Bengaluru,HSR Layout,17.016195,74.853457,Independent House,4908,2,1,13,Yes,Fully,29,63,52,25060248
2163,Hyderabad,Kondapur,17.488884,75.061644,Apartment,1337,4,3,15,Yes,Semi,8,96,7,16113524
2164,Chennai,Velachery,13.327516,73.166323,Villa,1025,5,4,21,No,Fully,28,100,60,12058100
2165,Hyderabad,Kukatpally,16.796826,75.987827,Independent House,3365,4,3,19,No,Fully,26,98,59,18430105
2166,Bengaluru,HSR Layout,14.692858,75.683459,Independent House,1655,5,4,21,Yes,Unfurnished,16,80,72,16035295
2167,Mumbai,Bandra,18.695956,78.289607,Plot,4311,2,1,16,No,Semi,27,62,58,60310890
2168,Bengaluru,HSR Layout,16.319956,76.885151,Plot,3912,4,3,4,Yes,Fully,10,70,86,39436872
2169,Mumbai,Powai,14.383372,74.641455,Independent House,3580,5,4,2,Yes,Unfurnished,26,76,92,37303600
2170,Bengaluru,Electronic City,13.668693,79.007161,Independent House,3429,1,1,18,Yes,Fully,26,69,10,51112674
2171,Bengaluru,HSR Layout,18.383879,72.448481,Independent House,4760,3,2,3,Yes,Fully,10,100,18,39503240
2172,Mumbai,Andheri,18.730639,76.394344,Independent House,1183,2,1,12,No,Unfurnished,6,56,10,17500119
2173,Mumbai,Bandra,12.205084,76.987454,Apartment,4020,5,4,14,No,Fully,8,72,100,57208620
2174,Chennai,Velachery,18.921351,77.129035,Apartment,1643,2,1,18,No,Semi,26,53,83,18638192
2175,Pune,Hinjewadi,13.348422,73.162599,Independent House,2686,3,2,4,No,Fully,5,66,48,27663114
2176,Pune,Baner,14.697976,77.056161,Apartment,1960,5,4,4,No,Semi,16,85,50,18512200
2177,Hyderabad,Gachibowli,13.811558,72.58572,Apartment,844,3,2,20,Yes,Semi,9,65,20,5277532
2178,Mumbai,Andheri,16.031354,75.085471,Independent House,3562,3,2,7,Yes,Fully,13,80,32,37315512
2179,Chennai,Anna Nagar,12.512621,76.875374,Villa,2966,1,1,2,Yes,Fully,25,54,49,20931062
2180,Pune,Baner,17.663664,78.189108,Villa,2665,1,1,10,Yes,Semi,5,87,35,38506585
2181,Chennai,OMR,15.696129,77.990923,Independent House,3943,1,1,15,No,Fully,22,85,87,53403992
2182,Bengaluru,Electronic City,18.230713,73.863772,Plot,1126,3,2,4,Yes,Unfurnished,26,96,22,9614914
2183,Mumbai,Powai,13.724459,74.490953,Independent House,3378,3,2,25,Yes,Fully,8,60,35,27442872
2184,Pune,Wakad,18.844397,74.160014,Plot,764,5,4,18,No,Fully,21,56,96,3278324
2185,Bengaluru,HSR Layout,14.456282,73.208656,Plot,3909,4,3,24,No,Fully,29,87,81,56829042
2186,Pune,Hinjewadi,12.203734,72.221374,Plot,3710,5,4,14,No,Semi,10,88,65,49042490
2187,Chennai,Adyar,13.790967,73.953229,Plot,2910,5,4,14,Yes,Unfurnished,16,55,52,40350060
2188,Pune,Baner,15.905724,74.271642,Plot,3893,1,1,8,Yes,Fully,8,50,35,43757320
2189,Mumbai,Powai,15.877924,73.245237,Independent House,1156,3,2,18,Yes,Semi,21,51,85,6045880
2190,Mumbai,Bandra,18.761616,77.083059,Independent House,2142,1,1,18,Yes,Unfurnished,30,87,90,23964696
2191,Chennai,Adyar,13.710371,79.85615,Plot,4311,3,2,16,No,Unfurnished,27,95,16,62380170
2192,Pune,Wakad,15.684225,74.486487,Apartment,893,3,2,12,No,Fully,8,74,20,8266501
2193,Hyderabad,Banjara Hills,13.835146,78.979889,Villa,4233,5,4,13,Yes,Semi,15,51,6,57649227
2194,Bengaluru,Indiranagar,17.156811,79.422707,Independent House,3574,3,2,15,No,Unfurnished,26,71,31,35779314
2195,Hyderabad,Miyapur,12.968743,76.7726,Apartment,4814,3,2,3,Yes,Fully,30,66,1,64502786
2196,Chennai,Velachery,12.792691,73.736675,Villa,3761,3,2,16,No,Unfurnished,1,54,43,40065933
2197,Pune,Hinjewadi,12.100434,77.047326,Apartment,1023,1,1,3,No,Unfurnished,26,61,53,12853995
2198,Mumbai,Powai,15.498296,72.765651,Plot,1546,3,2,3,Yes,Unfurnished,30,83,63,9783088
2199,Hyderabad,Jubilee Hills,12.370259,77.615641,Independent House,2794,1,1,6,Yes,Fully,23,65,33,15900654
2200,Pune,Kharadi,15.201996,72.869698,Plot,3643,4,3,6,No,Fully,3,53,1,46207812
2201,Mumbai,Thane,14.482969,76.483562,Villa,2237,3,2,5,No,Semi,3,52,17,20627377
2202,Hyderabad,Gachibowli,15.272574,77.64457,Villa,4885,3,2,11,Yes,Semi,14,76,28,67071050
2203,Hyderabad,Jubilee Hills,17.835841,72.4608,Independent House,4136,4,3,25,Yes,Fully,13,58,57,55798776
2204,Bengaluru,Indiranagar,14.941265,77.142983,Independent House,3145,3,2,6,Yes,Unfurnished,7,77,51,18382525
2205,Bengaluru,Electronic City,15.597812,78.463513,Apartment,2905,3,2,5,No,Fully,19,94,97,37916060
2206,Bengaluru,Whitefield,18.09101,77.943847,Apartment,725,5,4,5,No,Unfurnished,11,68,3,8389700
2207,Mumbai,Andheri,16.549813,75.22795,Plot,3468,1,1,15,No,Fully,4,76,12,42000948
2208,Chennai,Velachery,16.955299,74.576012,Apartment,4464,4,3,3,Yes,Semi,19,96,58,63393264
2209,Hyderabad,Jubilee Hills,13.86952,75.42495,Apartment,2855,1,1,4,No,Unfurnished,9,97,2,35544750
2210,Mumbai,Bandra,18.525761,74.89196,Villa,1464,4,3,17,Yes,Unfurnished,18,62,48,18787512
2211,Chennai,Velachery,18.996343,73.329289,Apartment,2929,5,4,25,No,Fully,17,99,87,26785705
2212,Bengaluru,Indiranagar,13.301603,76.247196,Villa,3156,4,3,22,Yes,Fully,9,79,20,13652856
2213,Mumbai,Andheri,13.394782,76.000189,Plot,2687,3,2,16,No,Fully,14,62,96,36191203
2214,Chennai,Adyar,12.177388,73.317856,Independent House,4131,5,4,10,No,Unfurnished,30,90,58,22646142
2215,Mumbai,Powai,16.917304,73.932428,Plot,1610,1,1,9,No,Semi,20,64,50,22783110
2216,Bengaluru,Electronic City,12.984104,75.283915,Villa,3222,1,1,2,No,Unfurnished,26,58,65,25598790
2217,Pune,Kharadi,18.74125,72.680246,Independent House,3880,4,3,9,Yes,Semi,20,54,25,42101880
2218,Chennai,OMR,18.52406,79.675572,Independent House,2034,1,1,20,Yes,Fully,3,54,14,13648140
2219,Bengaluru,Indiranagar,17.219982,79.190907,Independent House,4746,3,2,2,Yes,Unfurnished,13,80,36,67369470
2220,Chennai,Anna Nagar,17.294372,75.43539,Villa,4064,5,4,25,No,Unfurnished,7,97,8,18153888
2221,Bengaluru,Electronic City,15.724329,78.557148,Apartment,2837,5,4,22,No,Semi,8,62,61,25158516
2222,Pune,Kharadi,16.697507,76.554888,Plot,1749,5,4,2,No,Semi,18,96,82,9622998
2223,Chennai,Anna Nagar,15.033268,74.917592,Independent House,1860,3,2,20,No,Fully,4,60,15,14610300
2224,Mumbai,Thane,15.000693,79.879256,Independent House,1957,5,4,6,Yes,Fully,2,67,98,10221411
2225,Bengaluru,HSR Layout,12.531064,73.214974,Plot,4747,3,2,20,No,Fully,24,59,36,47227903
2226,Bengaluru,Electronic City,12.855617,79.832365,Plot,678,1,1,10,Yes,Unfurnished,23,50,81,5682996
2227,Pune,Wakad,17.686791,74.05712,Plot,1216,1,1,6,Yes,Semi,14,57,87,10926976
2228,Pune,Hinjewadi,13.046878,79.985651,Independent House,1292,2,1,18,Yes,Unfurnished,22,93,58,18564748
2229,Pune,Kharadi,17.900571,77.180898,Villa,1680,1,1,24,No,Fully,27,85,16,19187280
2230,Pune,Wakad,13.070911,74.406286,Independent House,4299,3,2,0,No,Fully,25,71,19,43290930
2231,Bengaluru,Electronic City,14.091431,74.47844,Independent House,2226,2,1,16,Yes,Semi,23,79,57,25035822
2232,Mumbai,Bandra,14.850355,78.922965,Plot,3986,2,1,6,Yes,Fully,9,96,29,27216408
2233,Bengaluru,Indiranagar,18.387208,74.11169,Independent House,3572,1,1,2,No,Semi,8,76,76,15838248
2234,Hyderabad,Kukatpally,18.958588,73.55484,Villa,1261,3,2,7,No,Fully,25,94,71,15622529
2235,Mumbai,Thane,12.422523,78.425491,Villa,679,3,2,7,No,Semi,30,67,73,8444044
2236,Hyderabad,Madhapur,13.48475,77.872855,Plot,2627,1,1,13,Yes,Unfurnished,7,89,90,33830506
2237,Hyderabad,Kukatpally,14.511207,75.073202,Villa,2700,3,2,8,Yes,Fully,7,88,5,26727300
2238,Bengaluru,HSR Layout,12.757396,73.003822,Plot,1041,1,1,5,Yes,Fully,8,52,78,8435223
2239,Mumbai,Andheri,15.469456,79.349141,Apartment,1556,2,1,25,Yes,Semi,20,66,93,10507668
2240,Chennai,Anna Nagar,17.051331,76.255035,Villa,1059,2,1,20,Yes,Fully,17,76,44,9266250
2241,Hyderabad,Kukatpally,12.437025,78.081184,Independent House,4929,2,1,0,Yes,Fully,1,79,10,46209375
2242,Bengaluru,HSR Layout,16.661353,75.12261,Villa,2734,1,1,5,Yes,Unfurnished,10,67,13,16707474
2243,Chennai,OMR,12.895249,75.349138,Villa,1913,2,1,15,No,Fully,13,68,2,25561506
2244,Hyderabad,Kukatpally,15.648393,74.282534,Villa,3801,3,2,3,No,Unfurnished,5,53,28,26546184
2245,Bengaluru,Electronic City,13.208715,77.657789,Independent House,4069,5,4,1,Yes,Fully,24,87,56,46630740
2246,Mumbai,Andheri,18.948,79.724041,Plot,3813,2,1,20,Yes,Unfurnished,2,77,3,29459238
2247,Pune,Wakad,15.082267,73.784805,Independent House,2382,5,4,14,Yes,Fully,26,96,13,30613464
2248,Hyderabad,Jubilee Hills,12.270953,74.136049,Apartment,1736,1,1,23,No,Semi,28,91,31,17328752
2249,Hyderabad,Jubilee Hills,13.110044,77.770526,Villa,3223,1,1,14,Yes,Fully,15,56,61,17259165
2250,Bengaluru,Electronic City,14.59961,76.663638,Villa,4570,1,1,11,No,Semi,15,92,30,36112140
2251,Pune,Hinjewadi,18.080013,77.625193,Independent House,4342,2,1,9,No,Unfurnished,10,70,74,31996198
2252,Hyderabad,Kukatpally,15.145017,72.172872,Plot,3861,5,4,10,Yes,Fully,2,55,59,26274105
2253,Bengaluru,HSR Layout,15.093923,75.433872,Independent House,2035,4,3,9,No,Semi,3,50,37,14440360
2254,Bengaluru,Electronic City,16.233843,76.148315,Villa,3634,5,4,15,Yes,Semi,17,63,63,52547640
2255,Chennai,OMR,12.172278,74.51447,Plot,2365,5,4,12,Yes,Unfurnished,1,72,52,32308265
2256,Pune,Baner,17.737264,77.009326,Apartment,3204,1,1,14,No,Unfurnished,25,92,51,21848076
2257,Bengaluru,Whitefield,14.792167,78.248736,Apartment,2068,5,4,25,Yes,Unfurnished,28,57,18,27820804
2258,Chennai,Velachery,12.035462,72.011401,Apartment,4804,1,1,22,Yes,Fully,25,83,18,46315364
2259,Pune,Hinjewadi,12.607216,79.450149,Villa,2207,3,2,12,Yes,Semi,29,90,56,20474339
2260,Bengaluru,Whitefield,12.375632,76.637498,Independent House,4877,5,4,3,Yes,Unfurnished,16,58,14,60230950
2261,Mumbai,Bandra,17.372198,78.645086,Villa,2760,4,3,2,Yes,Unfurnished,25,68,37,18831480
2262,Pune,Kharadi,15.603246,72.420126,Plot,4205,4,3,16,Yes,Fully,16,71,57,60173550
2263,Mumbai,Bandra,12.827227,77.659765,Villa,2873,1,1,10,Yes,Unfurnished,1,53,87,23162126
2264,Bengaluru,Electronic City,13.498399,73.804832,Villa,4299,3,2,6,Yes,Unfurnished,27,63,65,35866557
2265,Mumbai,Andheri,13.093842,75.815273,Independent House,1104,5,4,20,Yes,Unfurnished,10,78,33,9898464
2266,Pune,Hinjewadi,17.400958,76.318399,Villa,1455,4,3,23,No,Fully,25,95,2,8278950
2267,Bengaluru,Whitefield,12.301733,74.720614,Apartment,2425,2,1,18,Yes,Unfurnished,3,74,69,11969800
2268,Bengaluru,Electronic City,12.235035,72.100882,Plot,767,4,3,6,No,Fully,13,96,62,10225644
2269,Pune,Kharadi,13.958862,75.325394,Villa,2885,3,2,12,No,Unfurnished,19,72,88,38529175
2270,Pune,Baner,16.264971,75.243219,Plot,1659,4,3,15,Yes,Unfurnished,30,73,16,16457280
2271,Bengaluru,HSR Layout,15.062337,76.34483,Apartment,900,1,1,7,Yes,Semi,27,71,59,11610000
2272,Mumbai,Powai,18.646633,78.883995,Villa,3904,2,1,20,No,Semi,6,50,54,48163648
2273,Bengaluru,HSR Layout,15.960784,77.469613,Independent House,3691,2,1,8,Yes,Semi,2,83,47,28147566
2274,Bengaluru,Electronic City,15.727363,74.405165,Apartment,4203,4,3,16,No,Semi,9,57,96,27752409
2275,Hyderabad,Miyapur,17.356224,74.964761,Plot,3586,1,1,5,No,Fully,18,99,14,40331742
2276,Bengaluru,Indiranagar,13.110941,75.34556,Plot,2173,5,4,17,No,Semi,15,70,4,12588189
2277,Mumbai,Powai,14.44572,78.046324,Plot,3402,5,4,19,Yes,Semi,4,65,100,44249814
2278,Bengaluru,HSR Layout,18.779187,72.550623,Plot,4296,3,2,8,Yes,Fully,14,63,7,37731768
2279,Chennai,OMR,14.196031,76.568619,Apartment,2987,2,1,9,No,Semi,11,54,24,27758191
2280,Chennai,Adyar,13.054211,75.48503,Villa,2440,2,1,5,No,Semi,3,72,40,12817320
2281,Mumbai,Powai,15.327695,72.322884,Plot,4878,4,3,15,Yes,Fully,1,62,2,31872852
2282,Pune,Baner,15.2143,79.885257,Independent House,962,4,3,16,No,Fully,3,78,51,10874448
2283,Mumbai,Thane,17.43284,75.953153,Plot,4030,5,4,18,Yes,Unfurnished,22,60,17,53655420
2284,Bengaluru,Electronic City,17.062271,72.208656,Independent House,2726,5,4,15,Yes,Semi,24,79,49,20867530
2285,Mumbai,Thane,16.741524,74.963633,Apartment,510,2,1,23,Yes,Unfurnished,30,98,63,6363270
2286,Pune,Hinjewadi,14.742083,79.831617,Apartment,3090,4,3,24,No,Fully,4,97,39,21583650
2287,Chennai,Anna Nagar,13.905534,77.982845,Apartment,3232,1,1,1,Yes,Unfurnished,14,71,91,48373344
2288,Mumbai,Thane,16.545338,74.066288,Independent House,1762,4,3,22,No,Unfurnished,0,62,19,12674066
2289,Bengaluru,Indiranagar,15.77092,78.504049,Villa,869,3,2,16,Yes,Unfurnished,15,68,49,12314599
2290,Chennai,Anna Nagar,12.469645,79.692925,Plot,876,4,3,1,Yes,Semi,10,80,12,8180088
2291,Hyderabad,Jubilee Hills,12.472376,74.624173,Apartment,1647,1,1,0,Yes,Semi,3,89,70,16753284
2292,Chennai,Adyar,13.611684,74.766607,Independent House,3965,5,4,15,No,Unfurnished,19,53,74,56235595
2293,Chennai,Anna Nagar,13.51244,73.250801,Plot,719,2,1,15,Yes,Fully,19,80,92,10721009
2294,Hyderabad,Kukatpally,14.352805,72.077922,Independent House,2732,1,1,7,Yes,Fully,23,52,49,27773512
2295,Chennai,Adyar,17.568879,75.308289,Apartment,2953,3,2,25,No,Unfurnished,17,77,76,19737852
2296,Hyderabad,Kukatpally,16.850945,78.217398,Apartment,515,5,4,13,Yes,Fully,22,69,71,6310810
2297,Chennai,Adyar,18.650895,75.637315,Plot,4719,5,4,11,No,Fully,27,64,74,51054861
2298,Chennai,OMR,15.91614,77.133232,Plot,1722,3,2,14,No,Semi,1,59,64,25661244
2299,Pune,Kharadi,14.770653,73.250328,Apartment,4537,1,1,22,No,Unfurnished,26,50,14,59679698
2300,Chennai,OMR,17.00604,72.927433,Plot,4345,4,3,22,No,Fully,23,64,96,17384345
2301,Hyderabad,Jubilee Hills,18.700627,75.687148,Apartment,1979,4,3,5,Yes,Unfurnished,14,82,21,18808416
2302,Mumbai,Powai,12.20427,76.275791,Apartment,991,5,4,15,Yes,Unfurnished,28,57,12,9541348
2303,Bengaluru,Indiranagar,16.586926,76.996134,Villa,1330,1,1,18,Yes,Semi,21,63,3,12914300
2304,Pune,Baner,14.254138,77.757505,Plot,1762,2,1,22,Yes,Fully,1,65,96,21117570
2305,Pune,Hinjewadi,17.242994,76.126822,Plot,4295,3,2,3,No,Fully,2,64,56,21148580
2306,Hyderabad,Miyapur,12.0902,72.895469,Independent House,3251,4,3,0,Yes,Unfurnished,20,83,90,40367667
2307,Mumbai,Thane,17.141931,75.335795,Apartment,2957,3,2,6,No,Fully,7,69,56,25817567
2308,Chennai,Anna Nagar,15.949742,72.165682,Apartment,2158,4,3,20,No,Semi,14,100,33,14367964
2309,Hyderabad,Miyapur,13.870335,74.776813,Apartment,1209,1,1,5,No,Semi,4,75,40,11040588
2310,Mumbai,Bandra,13.114413,75.416729,Apartment,2507,4,3,24,No,Fully,13,90,8,13936413
2311,Mumbai,Powai,13.339702,75.47757,Independent House,1117,4,3,11,Yes,Semi,2,92,75,13072251
2312,Mumbai,Bandra,18.402334,75.631754,Apartment,1458,2,1,19,No,Semi,15,64,59,20476152
2313,Mumbai,Andheri,15.803887,78.732725,Plot,975,2,1,18,No,Unfurnished,8,79,94,9633975
2314,Bengaluru,Electronic City,14.986724,77.249152,Independent House,2290,5,4,20,No,Fully,0,66,78,30640200
2315,Chennai,Anna Nagar,12.25394,79.017399,Apartment,2179,2,1,21,Yes,Semi,5,80,63,15078680
2316,Pune,Kharadi,12.570051,79.816596,Plot,1327,1,1,9,No,Unfurnished,20,56,78,17611944
2317,Chennai,Velachery,12.904053,77.636239,Apartment,2793,3,2,15,Yes,Semi,28,86,15,31901646
2318,Pune,Hinjewadi,14.513886,79.730063,Villa,4177,1,1,16,No,Unfurnished,1,58,19,18441455
2319,Pune,Hinjewadi,18.049004,76.598002,Plot,4424,5,4,23,Yes,Fully,1,73,4,18235728
2320,Pune,Wakad,15.853409,75.791905,Plot,1133,2,1,0,No,Semi,17,95,80,9248679
2321,Chennai,Anna Nagar,12.485494,79.822449,Apartment,4902,2,1,20,No,Fully,17,66,76,67554462
2322,Bengaluru,Indiranagar,12.49423,74.936349,Plot,1356,2,1,24,No,Fully,11,67,5,19941336
2323,Hyderabad,Kondapur,17.12889,79.868068,Villa,4527,4,3,6,Yes,Fully,27,84,77,42132789
2324,Chennai,OMR,18.343181,74.285612,Independent House,3565,4,3,11,No,Semi,13,75,28,53278925
2325,Hyderabad,Kukatpally,14.113337,72.770027,Villa,1919,3,2,2,No,Semi,8,63,83,9499050
2326,Mumbai,Bandra,15.648954,79.543572,Apartment,3175,4,3,10,No,Semi,0,50,26,24745950
2327,Chennai,Anna Nagar,14.351482,76.480922,Plot,1788,4,3,21,Yes,Semi,13,90,80,16081272
2328,Bengaluru,Indiranagar,16.295259,79.18497,Apartment,4249,5,4,7,No,Semi,29,67,20,38232502
2329,Pune,Hinjewadi,18.415839,77.177944,Villa,3564,1,1,16,No,Semi,3,65,85,18069480
2330,Mumbai,Andheri,13.652502,77.415608,Villa,2277,2,1,14,Yes,Unfurnished,24,92,82,14859702
2331,Bengaluru,Indiranagar,12.501586,75.503302,Apartment,2127,2,1,25,Yes,Unfurnished,28,64,100,22563216
2332,Bengaluru,Indiranagar,15.339324,77.056509,Independent House,836,4,3,12,Yes,Semi,25,57,31,9469372
2333,Chennai,Adyar,14.028621,72.628381,Independent House,2242,2,1,13,Yes,Unfurnished,30,52,3,33401316
2334,Bengaluru,Electronic City,16.859965,73.966251,Plot,2960,3,2,4,No,Unfurnished,23,65,91,27602000
2335,Mumbai,Andheri,18.477698,76.417867,Apartment,4122,5,4,17,Yes,Semi,4,61,73,56125152
2336,Pune,Baner,18.896066,77.223175,Independent House,1857,4,3,9,Yes,Unfurnished,8,60,24,18920973
2337,Pune,Kharadi,17.185685,72.337825,Villa,2716,3,2,25,Yes,Unfurnished,4,80,98,33515440
2338,Chennai,OMR,12.772413,79.470301,Plot,3924,3,2,18,Yes,Semi,16,65,66,29563416
2339,Bengaluru,Indiranagar,14.440698,76.8978,Plot,2758,4,3,25,Yes,Unfurnished,25,51,51,41301050
2340,Pune,Kharadi,18.715959,75.813571,Apartment,1355,3,2,23,Yes,Semi,10,50,23,12669250
2341,Mumbai,Powai,16.563757,74.79456,Independent House,2191,4,3,16,No,Semi,11,84,72,32672192
2342,Pune,Baner,16.34174,78.028909,Apartment,4699,4,3,24,No,Fully,22,59,78,40674544
2343,Pune,Kharadi,14.087774,74.935485,Plot,1167,2,1,16,Yes,Unfurnished,17,94,82,11405091
2344,Pune,Kharadi,18.431554,79.78819,Plot,3722,1,1,8,Yes,Semi,23,79,86,28428636
2345,Pune,Baner,15.502296,73.976793,Villa,572,2,1,25,No,Fully,9,53,21,6836544
2346,Chennai,OMR,17.857481,75.702659,Independent House,822,4,3,5,Yes,Semi,16,79,62,11092068
2347,Bengaluru,Indiranagar,15.429165,72.872906,Apartment,2198,4,3,0,No,Fully,0,91,96,9537122
2348,Pune,Hinjewadi,14.000252,75.424727,Independent House,730,2,1,18,No,Semi,9,94,48,5339950
2349,Pune,Wakad,14.910236,78.828849,Villa,3556,1,1,19,No,Unfurnished,6,93,10,31218124
2350,Hyderabad,Miyapur,13.930915,73.301884,Apartment,4949,2,1,16,No,Fully,10,53,67,25427962
2351,Mumbai,Powai,14.487889,76.59753,Villa,550,2,1,15,Yes,Unfurnished,22,51,54,7773150
2352,Bengaluru,HSR Layout,16.407672,72.501575,Apartment,3225,3,2,19,Yes,Fully,5,53,80,13538550
2353,Hyderabad,Banjara Hills,15.854251,77.817271,Villa,4455,1,1,15,Yes,Unfurnished,1,68,45,38032335
2354,Pune,Baner,17.920183,76.208893,Villa,2001,1,1,11,Yes,Unfurnished,30,90,60,12662328
2355,Pune,Hinjewadi,14.738276,78.798808,Plot,4945,5,4,22,No,Semi,19,59,68,20773945
2356,Pune,Hinjewadi,15.449898,79.716934,Plot,4767,5,4,1,Yes,Fully,29,67,2,33121116
2357,Pune,Baner,12.948955,75.526252,Plot,2863,2,1,15,Yes,Fully,6,60,66,17933832
2358,Pune,Kharadi,13.485401,74.636649,Villa,3609,5,4,6,Yes,Unfurnished,2,69,92,47696544
2359,Chennai,Adyar,15.032764,77.413206,Villa,576,5,4,18,No,Semi,7,83,22,7754112
2360,Chennai,Velachery,16.115656,78.844812,Villa,766,4,3,11,No,Unfurnished,30,94,31,4171636
2361,Hyderabad,Kondapur,14.920829,73.78411,Villa,4195,2,1,5,Yes,Fully,29,58,7,37624955
2362,Mumbai,Thane,12.425506,78.310696,Independent House,3787,4,3,19,Yes,Semi,27,54,31,52404506
2363,Hyderabad,Miyapur,16.675096,72.396825,Apartment,3070,5,4,14,No,Fully,27,99,88,13333010
2364,Mumbai,Powai,12.948894,79.986173,Plot,2105,4,3,7,No,Fully,3,62,98,8870470
2365,Chennai,OMR,13.934722,79.370276,Plot,848,4,3,6,Yes,Unfurnished,21,90,55,11457328
2366,Pune,Baner,14.502835,72.160067,Apartment,3223,2,1,2,Yes,Unfurnished,24,97,21,28720153
2367,Pune,Hinjewadi,15.887786,77.41926,Plot,1175,3,2,24,Yes,Semi,14,85,54,10610250
2368,Hyderabad,Kukatpally,16.020224,77.3833,Plot,3748,5,4,25,No,Unfurnished,5,64,73,39451448
2369,Bengaluru,Indiranagar,14.413758,79.447337,Villa,4064,1,1,5,No,Fully,14,82,92,25968960
2370,Chennai,OMR,16.18374,74.114435,Independent House,1190,1,1,20,No,Semi,26,87,12,6937700
2371,Bengaluru,HSR Layout,15.331766,78.361817,Villa,2008,5,4,13,No,Fully,2,75,87,25226504
2372,Mumbai,Thane,17.170103,78.985389,Apartment,4930,5,4,16,No,Fully,7,58,17,73506300
2373,Pune,Baner,16.482141,77.026809,Independent House,4479,5,4,0,Yes,Unfurnished,5,82,5,58325538
2374,Hyderabad,Kukatpally,16.655252,79.718617,Apartment,3260,3,2,4,No,Semi,2,85,62,26138680
2375,Bengaluru,HSR Layout,18.767007,73.449395,Plot,4960,4,3,15,No,Semi,14,73,1,38271360
2376,Chennai,Adyar,12.499072,76.376945,Villa,2169,2,1,10,Yes,Semi,29,75,47,25945578
2377,Mumbai,Powai,18.050624,77.968896,Plot,4939,2,1,17,Yes,Unfurnished,22,79,15,32468986
2378,Mumbai,Andheri,18.726809,79.281316,Independent House,3360,1,1,21,Yes,Semi,10,70,2,28842240
2379,Mumbai,Thane,13.808685,75.53107,Independent House,625,4,3,8,No,Semi,30,77,89,8808750
2380,Hyderabad,Banjara Hills,15.331004,76.749304,Independent House,517,5,4,20,Yes,Fully,10,95,49,6115076
2381,Mumbai,Andheri,12.931712,77.665785,Villa,2577,5,4,5,No,Semi,6,98,77,32812941
2382,Chennai,Anna Nagar,18.171493,72.750052,Villa,990,4,3,15,No,Unfurnished,27,82,56,12714570
2383,Hyderabad,Jubilee Hills,12.223774,74.021754,Apartment,883,5,4,17,No,Fully,25,83,100,6338174
2384,Bengaluru,Whitefield,15.788574,75.574454,Apartment,3006,5,4,10,Yes,Unfurnished,0,65,39,30369618
2385,Chennai,Anna Nagar,16.145768,77.303808,Villa,3229,2,1,10,Yes,Semi,15,84,58,24230416
2386,Hyderabad,Jubilee Hills,15.247747,77.789486,Independent House,3669,3,2,14,No,Semi,25,54,95,35526927
2387,Mumbai,Andheri,12.991876,72.459797,Independent House,3756,2,1,2,No,Fully,18,85,98,15850320
2388,Hyderabad,Kukatpally,14.388542,78.654511,Independent House,1949,5,4,4,No,Unfurnished,20,80,58,18655828
2389,Mumbai,Andheri,17.488197,72.735227,Plot,1733,2,1,20,Yes,Fully,30,61,66,25466435
2390,Mumbai,Powai,17.921367,73.656032,Independent House,1183,2,1,2,No,Fully,6,97,89,10797241
2391,Bengaluru,HSR Layout,16.242068,73.346523,Plot,3870,5,4,0,Yes,Unfurnished,9,83,43,37275840
2392,Chennai,Velachery,12.741637,79.056583,Apartment,4659,1,1,18,Yes,Semi,3,78,54,51104571
2393,Mumbai,Bandra,14.378497,78.35265,Villa,4422,4,3,6,Yes,Semi,18,87,4,62310402
2394,Chennai,OMR,12.554174,77.412296,Apartment,2659,4,3,25,Yes,Fully,22,67,51,33165707
2395,Hyderabad,Gachibowli,13.312386,79.88409,Independent House,3744,4,3,12,No,Semi,2,52,41,16087968
2396,Chennai,Velachery,14.547405,78.832156,Independent House,681,1,1,6,Yes,Fully,0,88,33,8108667
2397,Hyderabad,Banjara Hills,18.429323,73.829711,Plot,2591,4,3,5,No,Semi,14,50,84,28013892
2398,Chennai,OMR,13.743832,76.663715,Plot,2583,3,2,20,Yes,Unfurnished,8,56,61,19922679
2399,Bengaluru,Whitefield,17.518219,77.746439,Villa,2911,5,4,2,No,Fully,21,62,66,23398618
2400,Hyderabad,Kukatpally,13.996625,76.953003,Independent House,1128,3,2,15,No,Unfurnished,19,71,65,16856832
2401,Mumbai,Bandra,17.194803,76.325499,Apartment,1016,1,1,16,Yes,Unfurnished,0,87,66,6729984
2402,Hyderabad,Jubilee Hills,15.841054,72.952952,Apartment,1768,3,2,10,Yes,Fully,18,69,85,16813680
2403,Hyderabad,Madhapur,16.614702,78.070258,Independent House,1739,5,4,23,No,Semi,16,96,7,24758143
2404,Mumbai,Andheri,13.698629,79.202121,Villa,1458,3,2,25,Yes,Fully,25,60,63,16035084
2405,Chennai,Velachery,15.36562,76.660393,Plot,1463,4,3,4,Yes,Semi,18,93,81,8220597
2406,Bengaluru,Whitefield,13.052956,79.714554,Plot,2212,3,2,13,Yes,Unfurnished,24,89,69,21901012
2407,Chennai,Adyar,14.00847,74.107021,Independent House,4666,1,1,24,No,Semi,23,75,6,40738846
2408,Chennai,Velachery,13.461908,76.045835,Apartment,880,1,1,0,No,Fully,5,70,95,6204000
2409,Mumbai,Andheri,16.535629,77.406204,Villa,630,4,3,9,Yes,Unfurnished,29,75,55,5177970
2410,Mumbai,Andheri,13.595863,74.542023,Villa,2569,2,1,15,Yes,Unfurnished,15,90,21,29638553
2411,Mumbai,Thane,18.862264,76.821514,Villa,2846,5,4,9,No,Semi,2,58,90,19304418
2412,Pune,Hinjewadi,18.946644,79.735476,Apartment,1010,5,4,13,Yes,Fully,22,81,92,5753970
2413,Pune,Kharadi,17.491775,79.971412,Independent House,1992,3,2,17,Yes,Unfurnished,2,54,44,15814488
2414,Chennai,Velachery,14.848335,78.108037,Villa,4834,2,1,14,No,Fully,17,75,19,22985670
2415,Chennai,Adyar,18.202265,74.35892,Villa,2677,5,4,1,Yes,Semi,26,50,19,30493707
2416,Chennai,Velachery,17.356213,74.020506,Plot,2222,3,2,14,No,Unfurnished,20,97,38,25661878
2417,Mumbai,Andheri,12.297545,79.182532,Independent House,3423,4,3,21,Yes,Unfurnished,2,71,99,35311668
2418,Bengaluru,HSR Layout,13.896021,76.204774,Independent House,1701,5,4,16,No,Fully,19,89,44,23079168
2419,Mumbai,Powai,17.231467,77.715077,Independent House,2610,3,2,14,Yes,Semi,24,51,78,32836410
2420,Hyderabad,Miyapur,13.635855,72.637404,Villa,3166,2,1,7,Yes,Semi,18,72,68,18666736
2421,Hyderabad,Madhapur,14.693954,77.462213,Villa,4403,1,1,14,Yes,Fully,28,88,16,52981299
2422,Pune,Hinjewadi,16.355825,77.696046,Apartment,2956,5,4,10,Yes,Unfurnished,28,66,83,36255340
2423,Pune,Kharadi,17.841539,75.665542,Independent House,4177,1,1,22,Yes,Unfurnished,4,94,44,57350210
2424,Hyderabad,Gachibowli,16.936894,73.361514,Villa,3667,3,2,4,Yes,Semi,11,99,4,30520441
2425,Bengaluru,Indiranagar,18.9338,76.507016,Villa,644,1,1,3,Yes,Unfurnished,0,97,54,4399808
2426,Hyderabad,Kondapur,12.116413,79.123611,Independent House,4614,1,1,4,Yes,Fully,23,81,44,33123906
2427,Chennai,Velachery,15.174713,72.874989,Apartment,1694,2,1,13,No,Unfurnished,27,67,15,13778996
2428,Mumbai,Thane,12.087088,79.239637,Plot,2198,4,3,24,Yes,Fully,14,51,85,13392414
2429,Hyderabad,Gachibowli,16.788818,75.422761,Plot,4775,5,4,20,No,Semi,3,88,41,32985700
2430,Bengaluru,Indiranagar,15.738048,76.900674,Independent House,700,3,2,18,No,Fully,29,86,43,9093700
2431,Chennai,OMR,18.150419,77.811729,Independent House,3208,2,1,22,No,Fully,30,67,38,43811656
2432,Mumbai,Bandra,17.350389,75.658454,Apartment,767,2,1,20,Yes,Semi,4,60,52,9487023
2433,Mumbai,Andheri,16.689478,75.053197,Independent House,3526,5,4,12,Yes,Unfurnished,20,93,88,16254860
2434,Chennai,Anna Nagar,13.559904,76.602048,Independent House,3949,5,4,9,Yes,Fully,12,59,16,56711589
2435,Chennai,Adyar,15.632391,79.741312,Plot,2250,1,1,21,Yes,Fully,0,77,81,16377750
2436,Mumbai,Thane,13.81064,78.358688,Villa,2713,1,1,17,Yes,Fully,30,100,57,18114701
2437,Hyderabad,Miyapur,16.666023,76.136321,Plot,1416,2,1,12,Yes,Unfurnished,10,63,52,14505504
2438,Mumbai,Thane,16.983756,76.123681,Villa,2663,3,2,8,No,Semi,20,52,3,35037091
2439,Bengaluru,HSR Layout,14.3778,75.099043,Plot,1199,1,1,0,No,Unfurnished,14,61,23,10663906
2440,Chennai,Anna Nagar,12.726216,77.801916,Villa,1625,1,1,17,No,Semi,28,52,61,21459750
2441,Chennai,Velachery,12.969907,72.014836,Villa,894,5,4,4,Yes,Unfurnished,15,84,47,10934514
2442,Chennai,Anna Nagar,18.536252,79.001001,Villa,1541,4,3,10,No,Semi,1,58,48,17494973
2443,Mumbai,Thane,18.51684,75.442686,Independent House,4363,3,2,25,No,Fully,7,57,56,58058441
2444,Chennai,Anna Nagar,15.501732,72.555793,Villa,2002,5,4,18,No,Fully,17,93,54,25025000
2445,Pune,Wakad,12.032125,72.245321,Plot,3035,2,1,5,No,Unfurnished,25,85,65,22389195
2446,Mumbai,Powai,14.615413,79.417161,Villa,1971,3,2,23,Yes,Unfurnished,12,75,17,17878941
2447,Bengaluru,Indiranagar,17.400983,77.291457,Plot,3443,3,2,3,No,Semi,18,55,94,22985468
2448,Bengaluru,Whitefield,13.043371,75.388294,Apartment,511,4,3,9,Yes,Semi,12,51,30,5748239
2449,Mumbai,Andheri,13.078913,73.953627,Independent House,838,4,3,0,Yes,Fully,29,88,5,7090318
2450,Bengaluru,HSR Layout,15.146798,76.00519,Plot,2873,2,1,22,No,Unfurnished,4,57,6,33562386
2451,Mumbai,Powai,13.762904,78.910721,Independent House,1732,5,4,1,Yes,Semi,29,65,71,20181264
2452,Mumbai,Bandra,18.050232,79.889969,Plot,4303,2,1,15,No,Unfurnished,29,84,3,24492676
2453,Hyderabad,Jubilee Hills,14.68519,75.484835,Apartment,931,3,2,11,Yes,Semi,22,57,14,8675989
2454,Chennai,Adyar,13.660162,74.388189,Apartment,3969,5,4,0,No,Semi,23,90,80,29382507
2455,Chennai,Velachery,16.202516,77.635073,Plot,938,5,4,16,Yes,Fully,20,79,41,12199628
2456,Chennai,OMR,12.407066,78.865552,Apartment,1978,5,4,9,Yes,Fully,13,89,55,23648968
2457,Mumbai,Andheri,13.063976,77.670843,Apartment,992,5,4,10,Yes,Unfurnished,19,83,12,10565792
2458,Pune,Kharadi,16.816551,77.693348,Plot,4171,2,1,15,No,Unfurnished,19,90,61,33622431
2459,Bengaluru,Indiranagar,15.213247,77.233874,Villa,4931,3,2,19,No,Unfurnished,22,66,39,33373008
2460,Bengaluru,Indiranagar,16.080086,76.591832,Apartment,3664,1,1,4,Yes,Fully,29,59,22,28780720
2461,Bengaluru,Indiranagar,17.751071,74.047449,Plot,583,3,2,24,Yes,Fully,28,95,54,4508339
2462,Pune,Kharadi,13.286944,78.511854,Independent House,508,5,4,7,Yes,Fully,21,54,7,7409180
2463,Mumbai,Bandra,15.416667,76.396936,Plot,1690,2,1,19,Yes,Fully,1,58,37,23634650
2464,Pune,Wakad,14.813087,78.565904,Independent House,2566,1,1,7,Yes,Fully,23,59,91,21626248
2465,Bengaluru,HSR Layout,16.716083,76.791035,Villa,3595,5,4,7,No,Semi,28,90,58,17651450
2466,Pune,Hinjewadi,13.139503,74.135147,Apartment,1558,5,4,6,Yes,Semi,26,82,67,10039752
2467,Hyderabad,Miyapur,16.511601,76.614743,Villa,1066,2,1,5,No,Fully,9,74,86,15929238
2468,Mumbai,Andheri,17.189236,72.705995,Apartment,4084,4,3,25,Yes,Semi,11,53,26,26060004
2469,Hyderabad,Jubilee Hills,14.774047,75.71302,Plot,4532,4,3,2,No,Unfurnished,18,51,91,47554276
2470,Chennai,Adyar,16.347457,74.559826,Villa,2254,2,1,20,No,Semi,14,69,5,16650298
2471,Chennai,Velachery,13.152105,72.269661,Independent House,1359,4,3,23,No,Unfurnished,17,86,8,14360553
2472,Bengaluru,HSR Layout,14.47768,79.169563,Independent House,2818,5,4,9,No,Unfurnished,11,68,50,33238310
2473,Pune,Wakad,18.5547,77.842986,Independent House,4227,2,1,14,Yes,Semi,3,78,53,46839387
2474,Hyderabad,Gachibowli,18.243849,76.539656,Villa,4913,2,1,14,No,Fully,2,96,100,68934303
2475,Mumbai,Andheri,18.151213,78.364859,Plot,2553,3,2,4,Yes,Unfurnished,15,51,62,10648563
2476,Chennai,Anna Nagar,18.233601,76.380471,Plot,3119,5,4,25,No,Semi,2,63,40,28311163
2477,Bengaluru,Indiranagar,12.574086,73.357323,Plot,4627,5,4,21,No,Unfurnished,17,82,32,25536413
2478,Pune,Wakad,18.397627,78.629634,Plot,3159,5,4,13,No,Fully,23,59,65,29378700
2479,Pune,Wakad,12.716859,74.61233,Plot,2410,3,2,6,No,Unfurnished,7,78,58,13929800
2480,Pune,Kharadi,13.95811,79.974219,Plot,4286,4,3,2,Yes,Unfurnished,4,93,31,48243216
2481,Pune,Hinjewadi,16.993351,72.279767,Independent House,4122,1,1,13,No,Unfurnished,25,82,75,42357672
2482,Chennai,Velachery,17.387646,79.496512,Independent House,1713,1,1,3,No,Fully,5,82,80,20439516
2483,Pune,Wakad,12.128542,79.099144,Plot,3415,2,1,18,Yes,Semi,26,61,21,41417120
2484,Pune,Baner,14.477827,74.228367,Villa,3548,3,2,24,Yes,Semi,22,77,68,28831048
2485,Pune,Baner,17.440421,77.498674,Apartment,4891,3,2,21,No,Semi,24,69,10,73032412
2486,Hyderabad,Madhapur,16.990516,78.275476,Independent House,4956,1,1,14,No,Fully,12,77,42,36991584
2487,Mumbai,Bandra,16.453312,77.099649,Independent House,981,1,1,19,Yes,Unfurnished,3,54,12,11903454
2488,Hyderabad,Miyapur,12.839336,72.521341,Plot,3403,4,3,25,Yes,Semi,5,65,92,25665426
2489,Bengaluru,Indiranagar,14.274413,74.425464,Villa,642,3,2,6,No,Fully,22,53,39,3636288
2490,Chennai,Velachery,14.998884,79.335205,Plot,2938,3,2,24,Yes,Semi,18,68,26,40379872
2491,Chennai,Anna Nagar,17.663152,75.544048,Villa,2884,2,1,14,No,Fully,6,98,97,11628288
2492,Bengaluru,HSR Layout,16.230689,77.926288,Plot,3006,3,2,8,No,Unfurnished,15,95,89,40740318
2493,Hyderabad,Banjara Hills,15.424606,78.491284,Plot,1111,1,1,1,No,Unfurnished,0,84,61,13754180
2494,Mumbai,Andheri,16.89572,76.20673,Villa,1737,5,4,14,No,Fully,19,88,76,7074801
2495,Mumbai,Thane,13.515726,74.954341,Independent House,4915,5,4,23,Yes,Unfurnished,3,81,90,73115540
2496,Bengaluru,HSR Layout,17.045682,77.308712,Apartment,2194,2,1,20,Yes,Fully,14,57,35,32411962
2497,Hyderabad,Kondapur,14.265092,76.67139,Apartment,953,2,1,2,No,Unfurnished,28,76,58,12693007
2498,Hyderabad,Banjara Hills,15.997763,79.634558,Plot,1564,3,2,3,Yes,Fully,18,62,89,18292544
2499,Bengaluru,Whitefield,16.671026,77.452733,Villa,3038,2,1,22,No,Fully,5,98,55,14931770
2500,Chennai,Velachery,15.001104,75.034643,Independent House,2137,1,1,4,No,Semi,20,69,93,19177438
2501,Pune,Baner,14.967279,79.564356,Villa,3908,3,2,13,No,Unfurnished,26,68,30,20239532
2502,Pune,Kharadi,14.419276,79.502385,Villa,1682,1,1,22,Yes,Fully,3,97,54,7442850
2503,Bengaluru,Electronic City,13.191023,74.859641,Apartment,4484,1,1,12,No,Unfurnished,14,96,45,40212512
2504,Bengaluru,Electronic City,14.19073,78.343648,Apartment,1234,3,2,19,Yes,Unfurnished,1,69,18,16677510
2505,Pune,Baner,16.80593,75.002284,Plot,1525,1,1,22,No,Semi,20,80,83,8085550
2506,Bengaluru,HSR Layout,18.332019,78.211888,Apartment,4880,2,1,13,No,Semi,25,61,41,34452800
2507,Pune,Kharadi,18.44427,77.2232,Villa,1947,1,1,25,Yes,Unfurnished,6,57,66,28305486
2508,Bengaluru,Indiranagar,12.47573,75.803179,Apartment,570,1,1,11,Yes,Semi,0,91,53,3907920
2509,Mumbai,Powai,15.834757,73.638808,Plot,3939,4,3,11,No,Fully,28,75,3,42545139
2510,Chennai,Anna Nagar,17.150043,73.992616,Independent House,2024,2,1,6,No,Fully,21,86,31,10820304
2511,Pune,Kharadi,15.295404,77.496519,Villa,2472,1,1,20,No,Unfurnished,0,75,84,20868624
2512,Pune,Baner,14.431044,77.08533,Apartment,950,5,4,2,No,Unfurnished,17,96,90,13236350
2513,Chennai,Anna Nagar,13.35464,73.029648,Plot,1118,4,3,14,No,Semi,8,71,84,14099098
2514,Bengaluru,Electronic City,17.871714,73.96618,Apartment,3387,5,4,21,No,Fully,30,75,92,21158589
2515,Pune,Kharadi,12.777366,76.613365,Villa,783,2,1,16,Yes,Fully,2,66,75,6263217
2516,Pune,Wakad,12.370294,78.050404,Plot,3642,4,3,10,Yes,Unfurnished,2,63,32,53216904
2517,Pune,Kharadi,15.357159,73.041875,Apartment,1326,5,4,6,No,Semi,21,87,67,5436600
2518,Mumbai,Andheri,17.202229,78.053761,Villa,1697,2,1,16,Yes,Unfurnished,12,55,36,8479909
2519,Hyderabad,Banjara Hills,15.30677,72.756581,Apartment,3068,4,3,2,No,Semi,18,60,6,42700424
2520,Pune,Wakad,14.961672,76.970497,Apartment,4946,3,2,10,No,Semi,14,53,11,45364712
2521,Hyderabad,Banjara Hills,16.071059,78.759653,Apartment,3593,1,1,13,No,Fully,30,50,33,47075486
2522,Chennai,OMR,13.566509,78.151654,Independent House,4650,5,4,6,No,Unfurnished,1,50,16,28016250
2523,Pune,Hinjewadi,17.527555,79.995404,Plot,2327,2,1,7,No,Unfurnished,9,85,55,10585523
2524,Chennai,Anna Nagar,18.531843,76.719865,Plot,3100,5,4,4,No,Unfurnished,30,95,1,40324800
2525,Mumbai,Andheri,13.84715,76.548001,Independent House,4830,1,1,6,No,Unfurnished,8,73,48,35297640
2526,Mumbai,Bandra,12.959303,72.238479,Apartment,3964,4,3,0,No,Fully,18,72,44,29848920
2527,Chennai,Velachery,13.499203,72.603283,Independent House,4346,3,2,4,Yes,Unfurnished,13,81,99,24398444
2528,Pune,Hinjewadi,17.342472,79.397803,Independent House,2048,1,1,25,No,Semi,30,85,32,29560832
2529,Mumbai,Thane,14.071046,77.929574,Plot,570,3,2,17,No,Unfurnished,8,52,91,5289030
2530,Hyderabad,Jubilee Hills,14.486439,72.976751,Apartment,4530,2,1,8,No,Unfurnished,19,80,7,49929660
2531,Mumbai,Powai,14.324018,75.909554,Independent House,2494,1,1,6,Yes,Unfurnished,18,50,70,25079664
2532,Hyderabad,Gachibowli,14.866653,76.43905,Villa,4630,1,1,11,Yes,Fully,15,63,15,32354440
2533,Hyderabad,Miyapur,18.875349,74.022723,Independent House,4799,5,4,6,Yes,Unfurnished,28,57,96,40273208
2534,Hyderabad,Madhapur,14.621282,79.260874,Apartment,3153,1,1,2,No,Unfurnished,26,99,72,38539119
2535,Chennai,Velachery,16.967701,73.525608,Independent House,2527,2,1,5,No,Semi,16,71,88,34955991
2536,Mumbai,Bandra,14.502776,79.886607,Villa,1007,3,2,19,Yes,Semi,1,92,15,13659955
2537,Mumbai,Powai,17.56431,76.268987,Apartment,4184,5,4,0,Yes,Semi,28,59,100,46756200
2538,Pune,Wakad,12.062406,79.51436,Independent House,2980,5,4,25,Yes,Unfurnished,30,83,51,18607120
2539,Mumbai,Andheri,14.848041,77.827563,Plot,2219,1,1,22,Yes,Unfurnished,17,85,98,32776849
2540,Hyderabad,Miyapur,13.875305,74.242885,Plot,4175,3,2,7,Yes,Fully,21,81,62,32594225
2541,Chennai,Adyar,14.968666,74.214709,Plot,1510,4,3,23,No,Semi,24,58,91,7716100
2542,Chennai,Anna Nagar,17.655569,73.444579,Apartment,4574,2,1,2,No,Semi,19,83,88,44093360
2543,Hyderabad,Banjara Hills,13.479404,78.061202,Apartment,3516,3,2,5,Yes,Unfurnished,25,90,81,45816996
2544,Bengaluru,Electronic City,14.477157,77.517759,Plot,1040,5,4,14,Yes,Semi,26,57,33,9397440
2545,Hyderabad,Banjara Hills,16.386134,77.229192,Apartment,4665,5,4,19,No,Fully,17,99,39,45539730
2546,Hyderabad,Kondapur,13.610792,78.326415,Independent House,4609,4,3,15,Yes,Semi,11,57,42,22731588
2547,Pune,Wakad,15.387545,73.326823,Villa,1713,5,4,3,Yes,Semi,9,59,86,23130639
2548,Chennai,Anna Nagar,15.072761,72.885756,Independent House,4962,4,3,24,No,Fully,27,81,85,70162680
2549,Mumbai,Bandra,18.792304,73.46753,Villa,4496,2,1,6,No,Fully,20,54,7,27920160
2550,Hyderabad,Kukatpally,14.527862,74.479983,Independent House,2800,1,1,5,No,Fully,30,75,18,12454400
2551,Pune,Kharadi,13.978892,77.335791,Villa,3437,2,1,25,Yes,Unfurnished,28,59,93,20804161
2552,Chennai,Adyar,15.792669,72.13392,Plot,1347,1,1,12,No,Unfurnished,24,67,5,7016523
2553,Mumbai,Powai,17.307297,79.659418,Villa,3631,4,3,7,No,Unfurnished,0,95,16,24462047
2554,Hyderabad,Banjara Hills,12.744096,72.015882,Apartment,1272,2,1,22,No,Fully,11,92,78,9152040
2555,Chennai,Anna Nagar,18.23138,76.739792,Apartment,3175,5,4,22,No,Fully,12,51,61,13315950
2556,Hyderabad,Gachibowli,12.552242,75.036856,Independent House,1860,5,4,17,Yes,Semi,14,79,61,21691320
2557,Pune,Kharadi,16.260753,72.428606,Independent House,2641,3,2,7,No,Semi,11,77,59,33427137
2558,Hyderabad,Gachibowli,16.183135,73.86975,Independent House,4825,1,1,10,Yes,Fully,29,65,63,28361350
2559,Mumbai,Andheri,13.880516,76.910433,Villa,1241,5,4,11,No,Unfurnished,29,54,70,8525670
2560,Bengaluru,Whitefield,17.915642,73.42749,Plot,930,4,3,7,Yes,Fully,0,59,82,13714710
2561,Mumbai,Thane,13.92678,77.080132,Plot,4775,3,2,2,No,Semi,19,50,50,34876600
2562,Pune,Kharadi,16.870922,74.565003,Plot,4215,3,2,0,No,Unfurnished,4,64,1,40683180
2563,Chennai,Velachery,14.925171,78.703061,Villa,2427,1,1,17,Yes,Fully,15,61,14,27116871
2564,Chennai,OMR,12.763112,75.546503,Apartment,1319,3,2,24,Yes,Fully,7,86,70,10073203
2565,Hyderabad,Miyapur,16.633122,76.063851,Plot,2328,4,3,13,No,Semi,15,74,89,28182768
2566,Mumbai,Powai,18.568081,72.037205,Independent House,2179,3,2,15,No,Fully,11,91,66,24929939
2567,Hyderabad,Banjara Hills,17.350119,75.732291,Independent House,4582,2,1,15,Yes,Semi,9,60,8,47625308
2568,Pune,Kharadi,12.826131,72.196702,Villa,1399,2,1,13,Yes,Semi,18,83,83,11484391
2569,Hyderabad,Kukatpally,15.722353,76.626044,Apartment,2749,1,1,25,Yes,Unfurnished,10,99,28,22558294
2570,Chennai,Adyar,13.576097,78.558899,Independent House,892,4,3,13,Yes,Fully,12,55,73,4563472
2571,Hyderabad,Kukatpally,14.869024,75.872604,Villa,1792,5,4,1,No,Unfurnished,9,88,97,18097408
2572,Bengaluru,Indiranagar,13.693682,75.779017,Villa,3246,3,2,8,Yes,Semi,2,87,31,33320190
2573,Bengaluru,HSR Layout,14.873907,79.905329,Independent House,2356,1,1,2,No,Fully,4,90,10,15714520
2574,Hyderabad,Banjara Hills,12.980398,76.639645,Plot,829,1,1,14,No,Fully,26,69,19,3529053
2575,Chennai,Anna Nagar,18.521585,78.721668,Plot,1384,4,3,9,No,Fully,30,52,97,13600568
2576,Pune,Hinjewadi,12.026563,73.741505,Independent House,4103,3,2,22,No,Semi,30,84,71,24933931
2577,Hyderabad,Kukatpally,13.865954,79.469724,Plot,759,5,4,1,Yes,Unfurnished,27,83,96,7224921
2578,Bengaluru,Indiranagar,18.158522,77.029404,Villa,2134,3,2,19,Yes,Unfurnished,15,84,71,31559726
2579,Pune,Kharadi,14.026033,77.660031,Apartment,4073,4,3,14,Yes,Fully,30,84,26,54260506
2580,Mumbai,Powai,12.947225,79.822502,Plot,1838,5,4,13,Yes,Fully,14,67,35,23522724
2581,Pune,Baner,13.210843,72.992959,Villa,2494,4,3,16,No,Semi,3,75,27,27039948
2582,Chennai,Anna Nagar,15.548103,77.249269,Plot,2176,3,2,15,No,Unfurnished,19,75,99,16520192
2583,Hyderabad,Kondapur,13.324226,72.079614,Apartment,4081,2,1,16,Yes,Semi,9,60,33,60235560
2584,Pune,Hinjewadi,14.982323,79.604744,Apartment,4307,1,1,19,No,Semi,24,88,20,57347705
2585,Chennai,Velachery,14.195226,76.063219,Apartment,552,2,1,14,No,Unfurnished,21,90,68,4545720
2586,Pune,Hinjewadi,18.133511,74.977338,Independent House,4423,2,1,7,No,Semi,2,93,31,19576198
2587,Mumbai,Thane,16.394061,78.327639,Apartment,3860,5,4,13,Yes,Fully,26,85,39,31748500
2588,Pune,Hinjewadi,13.818397,73.287275,Villa,4985,3,2,9,No,Fully,27,65,92,53783165
2589,Hyderabad,Gachibowli,18.460197,78.509209,Apartment,4120,2,1,24,No,Semi,24,82,92,40565520
2590,Chennai,Anna Nagar,15.32208,75.470535,Plot,652,3,2,21,No,Unfurnished,18,57,21,3602300
2591,Chennai,Velachery,18.631468,77.938839,Villa,3058,5,4,25,Yes,Fully,1,90,41,31934694
2592,Bengaluru,Whitefield,13.255744,74.673979,Villa,3385,1,1,6,Yes,Unfurnished,0,71,84,40586150
2593,Bengaluru,HSR Layout,14.926089,74.293758,Independent House,3547,4,3,8,No,Unfurnished,5,54,69,18171281
2594,Chennai,OMR,14.285808,72.455872,Independent House,3826,4,3,5,Yes,Unfurnished,29,86,43,49412790
2595,Mumbai,Powai,14.804565,75.045805,Independent House,2252,2,1,14,No,Unfurnished,30,88,2,25323740
2596,Chennai,OMR,18.440037,75.902325,Villa,4219,4,3,17,Yes,Semi,28,86,12,22137093
2597,Pune,Wakad,15.482966,77.334159,Independent House,3535,1,1,18,No,Unfurnished,14,50,23,47923995
2598,Pune,Baner,16.964307,79.260012,Villa,1384,4,3,15,No,Semi,17,58,54,17499296
2599,Hyderabad,Miyapur,13.423471,76.782318,Apartment,4694,1,1,11,No,Unfurnished,29,88,17,64547194
2600,Bengaluru,Indiranagar,13.84678,77.223967,Villa,2471,2,1,4,No,Fully,19,64,59,36333584
2601,Pune,Hinjewadi,14.270268,73.790958,Plot,2063,4,3,24,Yes,Fully,25,74,12,10230417
2602,Chennai,Adyar,13.423983,73.094994,Independent House,526,1,1,19,No,Semi,22,90,53,3195976
2603,Mumbai,Powai,13.257396,77.767274,Plot,1792,2,1,8,No,Fully,16,82,14,8762880
2604,Hyderabad,Madhapur,13.011489,77.858583,Independent House,2204,5,4,2,Yes,Fully,16,77,24,24182288
2605,Hyderabad,Banjara Hills,15.105887,75.422662,Plot,3309,5,4,18,Yes,Fully,5,100,48,23937306
2606,Chennai,Adyar,14.931642,76.780748,Independent House,4817,1,1,13,Yes,Fully,21,74,82,32774868
2607,Bengaluru,HSR Layout,13.454629,75.866264,Apartment,1489,4,3,19,Yes,Fully,20,68,52,9700835
2608,Mumbai,Powai,14.558415,73.938363,Apartment,2408,3,2,3,Yes,Semi,1,62,27,27525848
2609,Bengaluru,Whitefield,13.889148,73.765557,Villa,557,3,2,18,Yes,Unfurnished,13,84,15,7886563
2610,Chennai,Velachery,17.570154,75.60043,Villa,1369,4,3,21,Yes,Fully,11,98,1,8504228
2611,Bengaluru,Indiranagar,13.643269,75.071106,Plot,1200,5,4,16,Yes,Unfurnished,1,92,68,12561600
2612,Bengaluru,Whitefield,18.178958,76.968477,Plot,3048,5,4,12,Yes,Semi,5,55,47,15026640
2613,Bengaluru,Electronic City,15.209227,72.364216,Apartment,1105,5,4,3,Yes,Semi,29,79,51,15860065
2614,Hyderabad,Jubilee Hills,14.35107,76.826078,Independent House,650,2,1,18,No,Fully,15,87,76,9193600
2615,Bengaluru,HSR Layout,17.103236,78.370553,Independent House,3772,5,4,1,No,Fully,8,57,2,21560752
2616,Pune,Baner,14.154659,73.523555,Independent House,1597,5,4,3,Yes,Semi,0,84,61,21744752
2617,Pune,Hinjewadi,18.488093,72.278763,Apartment,4787,4,3,8,No,Semi,22,71,81,49444923
2618,Hyderabad,Banjara Hills,15.028708,76.05163,Plot,3395,1,1,16,Yes,Fully,5,79,66,28528185
2619,Pune,Baner,13.890254,73.363839,Independent House,2598,4,3,18,Yes,Semi,14,97,58,31243548
2620,Mumbai,Bandra,12.267818,73.218968,Apartment,4207,5,4,23,Yes,Unfurnished,8,85,60,25473385
2621,Pune,Hinjewadi,14.468432,76.233703,Plot,4987,3,2,12,Yes,Unfurnished,11,91,49,23932613
2622,Chennai,Velachery,15.021472,75.349113,Apartment,2996,5,4,18,No,Semi,29,92,36,37935352
2623,Hyderabad,Kondapur,14.151332,73.315377,Independent House,1602,4,3,15,No,Semi,24,64,15,10691748
2624,Hyderabad,Gachibowli,17.348132,72.023688,Independent House,2422,5,4,22,No,Semi,8,88,51,30631034
2625,Chennai,OMR,18.115494,77.555939,Plot,4617,4,3,21,Yes,Fully,27,87,59,47001060
2626,Mumbai,Bandra,14.022562,77.085733,Villa,4740,3,2,15,Yes,Fully,30,64,97,40195200
2627,Bengaluru,Indiranagar,13.773644,73.068148,Apartment,2930,2,1,12,No,Semi,5,84,88,36109320
2628,Hyderabad,Jubilee Hills,13.480618,72.801096,Plot,2410,4,3,5,Yes,Semi,23,92,14,24753110
2629,Mumbai,Thane,14.671927,73.79526,Villa,4499,5,4,1,Yes,Fully,16,78,19,38326981
2630,Hyderabad,Kondapur,14.127999,76.524362,Apartment,1507,4,3,3,No,Semi,27,57,61,13945778
2631,Bengaluru,Whitefield,18.963559,75.195611,Plot,4640,2,1,19,Yes,Unfurnished,10,55,96,37862400
2632,Bengaluru,Electronic City,16.064538,75.000138,Plot,2863,5,4,20,Yes,Unfurnished,30,69,44,28209139
2633,Bengaluru,Whitefield,13.55688,72.33663,Villa,532,1,1,1,Yes,Semi,4,55,53,4106508
2634,Bengaluru,HSR Layout,12.670775,73.451883,Villa,1111,3,2,10,Yes,Unfurnished,3,64,45,8415825
2635,Pune,Baner,18.895565,79.394178,Apartment,3754,2,1,1,Yes,Semi,5,93,85,21104988
2636,Bengaluru,Whitefield,15.994072,72.855148,Independent House,4646,3,2,16,No,Semi,23,52,47,59659286
2637,Chennai,Anna Nagar,17.272135,75.860707,Villa,641,2,1,1,Yes,Unfurnished,30,78,99,8161212
2638,Hyderabad,Kondapur,17.79362,77.895177,Independent House,1887,4,3,24,Yes,Unfurnished,24,97,53,26334972
2639,Hyderabad,Banjara Hills,18.655868,72.585144,Independent House,3987,5,4,24,No,Semi,9,91,24,41205645
2640,Bengaluru,Electronic City,16.791077,76.013068,Apartment,3987,5,4,20,Yes,Fully,17,51,25,39391560
2641,Hyderabad,Kukatpally,12.510533,74.391112,Villa,3302,5,4,11,No,Unfurnished,16,78,3,41225470
2642,Bengaluru,Indiranagar,14.990359,78.519207,Apartment,2509,2,1,22,Yes,Semi,20,93,37,31811611
2643,Hyderabad,Gachibowli,12.328813,79.618199,Independent House,3528,2,1,9,No,Unfurnished,13,87,6,20737584
2644,Mumbai,Thane,18.414843,74.368354,Villa,2316,1,1,12,Yes,Fully,27,53,49,13291524
2645,Chennai,Adyar,14.985215,72.003629,Apartment,3273,2,1,18,No,Fully,7,52,34,36317208
2646,Chennai,Velachery,17.039165,79.896956,Plot,2538,4,3,23,No,Unfurnished,3,86,95,32884866
2647,Bengaluru,Indiranagar,14.478126,79.611464,Independent House,2132,2,1,25,Yes,Fully,15,70,88,29835208
2648,Chennai,Anna Nagar,17.047605,73.953288,Apartment,4983,3,2,10,No,Semi,17,96,32,42051537
2649,Mumbai,Powai,14.694277,74.846206,Apartment,4690,2,1,21,Yes,Semi,15,72,58,37815470
2650,Hyderabad,Kondapur,17.313151,76.092885,Independent House,4109,5,4,4,Yes,Semi,19,52,69,45153801
2651,Mumbai,Andheri,17.592512,76.115663,Apartment,1908,1,1,21,No,Fully,19,98,42,27135576
2652,Mumbai,Bandra,13.926973,72.526237,Plot,3964,3,2,12,Yes,Unfurnished,1,55,39,22884172
2653,Pune,Kharadi,17.018376,75.437246,Plot,3327,5,4,13,No,Fully,17,50,30,15064656
2654,Chennai,Anna Nagar,18.439501,79.093089,Villa,1869,1,1,24,No,Unfurnished,14,78,90,19331067
2655,Bengaluru,HSR Layout,16.680513,72.522999,Plot,2037,1,1,16,No,Fully,3,91,51,24378816
2656,Mumbai,Andheri,16.334084,76.170795,Independent House,560,1,1,3,Yes,Fully,7,52,98,5551840
2657,Mumbai,Thane,12.64946,79.339099,Villa,2508,3,2,9,No,Unfurnished,3,94,26,31791408
2658,Chennai,Velachery,12.37331,77.918726,Apartment,1219,1,1,0,No,Fully,0,58,13,13132287
2659,Hyderabad,Kondapur,18.731735,74.181429,Apartment,1734,2,1,8,Yes,Semi,26,60,85,12448386
2660,Chennai,Adyar,14.848754,72.923862,Apartment,4493,5,4,3,No,Fully,22,61,30,47028231
2661,Hyderabad,Jubilee Hills,16.912246,78.314807,Independent House,1754,4,3,8,Yes,Unfurnished,4,69,50,22267030
2662,Chennai,Anna Nagar,17.866413,73.578898,Independent House,2926,3,2,13,No,Fully,3,90,25,41897394
2663,Mumbai,Thane,16.58741,77.72807,Villa,518,4,3,5,Yes,Unfurnished,18,54,52,3155138
2664,Pune,Kharadi,12.049379,77.790211,Independent House,894,2,1,5,Yes,Unfurnished,8,73,14,6740760
2665,Chennai,Anna Nagar,15.671878,72.450435,Apartment,1428,2,1,15,No,Fully,6,78,99,7164276
2666,Bengaluru,Whitefield,12.328206,77.570514,Villa,1653,1,1,5,No,Fully,9,90,70,18472275
2667,Bengaluru,Whitefield,18.577445,77.032419,Villa,588,3,2,22,No,Fully,23,62,81,4771032
2668,Hyderabad,Madhapur,15.053807,73.583656,Independent House,1641,2,1,20,No,Unfurnished,8,68,78,15738831
2669,Chennai,Velachery,14.433356,75.117504,Apartment,4039,3,2,17,No,Unfurnished,22,55,7,21123970
2670,Mumbai,Andheri,18.35563,77.129981,Villa,2299,4,3,11,No,Unfurnished,22,67,42,9775348
2671,Hyderabad,Jubilee Hills,14.587998,74.74036,Plot,913,1,1,5,Yes,Fully,7,72,56,10542411
2672,Mumbai,Thane,15.221358,79.304331,Villa,3047,3,2,3,No,Unfurnished,26,60,34,41247239
2673,Hyderabad,Kukatpally,17.786966,78.929185,Apartment,4761,2,1,1,No,Semi,6,88,32,34179219
2674,Mumbai,Andheri,13.518568,76.405004,Plot,3565,1,1,24,No,Semi,6,72,70,43913670
2675,Hyderabad,Madhapur,16.208288,79.968671,Apartment,4632,3,2,20,Yes,Fully,20,64,14,65857776
2676,Pune,Wakad,14.060016,74.698036,Villa,4677,1,1,10,Yes,Semi,24,81,27,45128373
2677,Chennai,Velachery,14.059198,79.003681,Independent House,4293,5,4,4,No,Fully,16,51,77,37752642
2678,Hyderabad,Madhapur,15.944584,74.896072,Independent House,4058,1,1,3,Yes,Semi,2,79,79,32285448
2679,Bengaluru,HSR Layout,15.744212,74.33679,Plot,2484,3,2,20,Yes,Unfurnished,8,85,93,12333060
2680,Chennai,Velachery,12.424728,77.646944,Independent House,4614,3,2,13,No,Semi,2,62,90,45858546
2681,Pune,Kharadi,17.322873,73.108651,Independent House,3253,2,1,18,Yes,Unfurnished,10,63,90,20985103
2682,Mumbai,Bandra,13.950978,74.245049,Plot,951,5,4,5,Yes,Fully,17,91,54,11771478
2683,Hyderabad,Madhapur,13.187909,73.72341,Apartment,4760,4,3,16,No,Fully,5,98,98,60718560
2684,Pune,Wakad,14.791117,79.351168,Apartment,3459,2,1,17,No,Semi,13,50,95,42203259
2685,Chennai,OMR,16.50778,75.763024,Apartment,4940,5,4,12,No,Unfurnished,22,61,10,63271520
2686,Chennai,OMR,14.498709,79.930682,Villa,3193,2,1,4,Yes,Fully,1,78,91,16597214
2687,Pune,Baner,12.68907,75.927231,Villa,3251,4,3,10,No,Semi,17,72,45,15107397
2688,Mumbai,Andheri,17.632621,75.307042,Independent House,4014,1,1,12,No,Unfurnished,4,75,36,18685170
2689,Pune,Wakad,18.112065,73.510469,Villa,1442,5,4,9,Yes,Unfurnished,19,72,64,20065430
2690,Pune,Wakad,13.221466,73.162574,Villa,1563,3,2,18,No,Semi,13,90,63,14631243
2691,Pune,Kharadi,15.403397,72.847508,Villa,3647,3,2,2,Yes,Fully,6,82,64,36510117
2692,Pune,Baner,12.912233,79.818352,Villa,4862,5,4,18,Yes,Fully,28,59,42,62583664
2693,Chennai,Velachery,18.371787,79.932768,Independent House,2361,5,4,19,No,Semi,14,58,88,24018453
2694,Chennai,Velachery,14.810097,72.099777,Independent House,2239,1,1,17,No,Semi,6,86,88,16490235
2695,Bengaluru,Whitefield,17.138266,78.937643,Apartment,4851,1,1,22,Yes,Fully,7,67,60,27752571
2696,Mumbai,Powai,13.208586,77.725825,Villa,4667,3,2,4,Yes,Semi,0,84,12,59966283
2697,Hyderabad,Banjara Hills,16.101337,78.067126,Plot,3604,2,1,21,Yes,Unfurnished,6,96,24,16614440
2698,Mumbai,Powai,17.278554,75.511932,Apartment,1065,5,4,16,No,Fully,15,77,17,6199365
2699,Hyderabad,Kondapur,14.605535,78.035036,Plot,2981,4,3,20,No,Unfurnished,20,67,3,18854825
2700,Bengaluru,HSR Layout,17.960271,75.753959,Villa,2689,2,1,21,No,Semi,17,55,29,17204222
2701,Chennai,OMR,17.371272,72.272084,Villa,3575,2,1,23,No,Unfurnished,17,99,80,19930625
2702,Hyderabad,Jubilee Hills,12.945709,73.91905,Apartment,1256,2,1,10,Yes,Semi,22,84,27,14151352
2703,Mumbai,Bandra,14.11363,76.229946,Plot,4538,4,3,4,Yes,Unfurnished,29,95,5,55944464
2704,Mumbai,Thane,17.109331,72.083921,Independent House,4703,4,3,11,Yes,Unfurnished,2,75,78,29182115
2705,Hyderabad,Miyapur,18.431316,72.815088,Villa,1969,3,2,19,No,Semi,23,91,27,14367793
2706,Hyderabad,Kondapur,16.206254,73.259519,Plot,803,3,2,1,Yes,Semi,21,63,11,4751351
2707,Pune,Hinjewadi,18.983384,74.616862,Villa,4216,5,4,3,Yes,Fully,16,60,91,38315008
2708,Bengaluru,Electronic City,18.536936,75.290486,Plot,1617,2,1,24,Yes,Fully,30,51,98,23321991
2709,Hyderabad,Miyapur,12.463666,77.84635,Apartment,3479,1,1,17,Yes,Unfurnished,10,89,79,17843791
2710,Hyderabad,Gachibowli,13.636877,76.158784,Independent House,1355,5,4,0,Yes,Unfurnished,28,78,34,8443005
2711,Mumbai,Bandra,14.147219,77.170569,Plot,3979,4,3,4,Yes,Unfurnished,8,79,71,49184419
2712,Pune,Hinjewadi,13.919004,77.936857,Apartment,3566,5,4,17,No,Fully,27,100,85,15861568
2713,Mumbai,Thane,16.690365,77.336581,Independent House,3598,1,1,13,No,Fully,5,93,90,39257778
2714,Chennai,Adyar,14.555108,73.04045,Villa,4816,4,3,16,Yes,Fully,0,72,94,34102096
2715,Chennai,OMR,13.318501,72.783753,Independent House,4335,5,4,1,No,Semi,17,77,12,20183760
2716,Pune,Hinjewadi,13.791388,78.297876,Apartment,2083,3,2,12,No,Unfurnished,27,96,54,11848104
2717,Hyderabad,Gachibowli,14.125829,74.522014,Independent House,1099,1,1,15,Yes,Semi,13,89,77,7731465
2718,Bengaluru,Whitefield,15.054684,73.156694,Villa,4971,1,1,9,No,Fully,28,54,66,51758052
2719,Bengaluru,HSR Layout,18.453545,79.497671,Independent House,1849,3,2,24,Yes,Fully,7,79,83,12044386
2720,Mumbai,Thane,12.258345,75.505181,Apartment,2225,1,1,6,Yes,Fully,24,79,69,31710700
2721,Pune,Wakad,12.590237,75.184401,Apartment,1003,3,2,0,No,Unfurnished,10,86,15,11255666
2722,Bengaluru,Whitefield,14.875927,72.499584,Plot,4326,5,4,18,No,Unfurnished,4,86,71,64764546
2723,Bengaluru,Whitefield,15.293302,75.269038,Plot,1183,3,2,12,No,Unfurnished,24,100,54,15318667
2724,Chennai,OMR,12.417849,79.863756,Apartment,775,5,4,11,No,Fully,21,82,29,5519550
2725,Mumbai,Thane,15.481607,79.873434,Plot,3396,5,4,10,No,Fully,21,73,73,38021616
2726,Hyderabad,Gachibowli,17.991195,72.450182,Plot,2371,4,3,21,Yes,Semi,6,60,12,22244722
2727,Pune,Hinjewadi,18.62264,77.927332,Plot,1243,2,1,20,Yes,Fully,10,56,52,14638811
2728,Pune,Hinjewadi,16.568896,73.109682,Villa,1727,5,4,22,No,Unfurnished,19,91,19,7286213
2729,Hyderabad,Kukatpally,15.603372,73.095856,Independent House,3041,2,1,14,Yes,Fully,2,99,100,13818304
2730,Mumbai,Bandra,16.823695,77.783972,Villa,750,5,4,5,No,Unfurnished,27,58,96,3401250
2731,Pune,Kharadi,18.622234,74.322357,Apartment,2613,3,2,13,No,Semi,9,67,8,24238188
2732,Pune,Hinjewadi,14.42745,79.277458,Villa,1417,4,3,22,Yes,Unfurnished,26,65,69,18829096
2733,Chennai,Anna Nagar,15.9859,73.314185,Apartment,685,1,1,3,No,Fully,6,64,78,4709375
2734,Bengaluru,HSR Layout,16.248731,74.631131,Independent House,3389,2,1,11,No,Semi,25,72,69,36418194
2735,Mumbai,Thane,13.216102,77.537517,Plot,2351,4,3,9,No,Fully,15,95,53,34728972
2736,Bengaluru,Electronic City,15.84045,79.796469,Independent House,2362,1,1,22,No,Unfurnished,16,98,17,21253276
2737,Chennai,OMR,15.555738,72.131782,Independent House,3636,3,2,7,Yes,Unfurnished,24,95,2,29146176
2738,Bengaluru,HSR Layout,13.200652,77.259828,Plot,1026,5,4,2,No,Semi,10,81,19,15046290
2739,Hyderabad,Jubilee Hills,17.072085,78.979313,Plot,3055,3,2,16,Yes,Semi,8,71,75,20312695
2740,Hyderabad,Madhapur,18.853459,79.143373,Plot,797,1,1,2,No,Fully,17,64,55,4334883
2741,Mumbai,Powai,17.818503,73.640118,Villa,4250,4,3,10,No,Fully,25,91,18,61433750
2742,Mumbai,Bandra,17.199372,77.104377,Apartment,2472,5,4,19,Yes,Unfurnished,21,52,95,14582328
2743,Bengaluru,HSR Layout,18.353495,78.082998,Villa,4277,5,4,1,No,Unfurnished,13,64,35,36020894
2744,Chennai,Velachery,14.234825,73.093162,Plot,1006,1,1,6,No,Unfurnished,16,73,27,7460496
2745,Pune,Kharadi,13.902841,75.736487,Apartment,892,1,1,5,Yes,Semi,1,85,71,9456092
2746,Bengaluru,HSR Layout,16.414954,77.354034,Villa,3666,5,4,8,No,Semi,17,71,51,37191570
2747,Hyderabad,Jubilee Hills,16.324115,74.251427,Apartment,3346,5,4,16,No,Semi,25,81,98,27330128
2748,Mumbai,Andheri,13.904068,77.016921,Plot,4289,5,4,19,Yes,Unfurnished,4,73,72,42036489
2749,Pune,Wakad,15.583259,72.871465,Plot,3676,4,3,21,Yes,Unfurnished,25,97,4,40469084
2750,Mumbai,Powai,18.450454,74.533089,Villa,2965,5,4,7,No,Semi,28,73,28,21597060
2751,Bengaluru,Electronic City,15.210727,72.873657,Villa,3470,2,1,25,Yes,Unfurnished,5,66,75,31816430
2752,Mumbai,Bandra,15.753874,76.875122,Villa,3584,5,4,17,No,Fully,27,75,62,34886656
2753,Mumbai,Andheri,12.75608,74.407264,Villa,4970,5,4,15,Yes,Fully,25,89,4,45888010
2754,Mumbai,Powai,12.857944,75.224942,Apartment,3154,1,1,12,Yes,Unfurnished,2,90,62,37652452
2755,Mumbai,Andheri,14.686915,76.891146,Apartment,1763,4,3,13,No,Fully,6,94,34,10234215
2756,Hyderabad,Miyapur,15.177768,78.166918,Independent House,3838,3,2,9,Yes,Fully,3,59,51,43104578
2757,Bengaluru,Electronic City,15.12705,79.004372,Plot,2065,1,1,11,Yes,Unfurnished,10,95,85,20972140
2758,Pune,Kharadi,17.274602,72.229968,Independent House,2509,5,4,24,Yes,Fully,11,69,66,27972841
2759,Mumbai,Thane,13.350862,77.358232,Plot,1215,3,2,2,Yes,Semi,11,87,94,6072570
2760,Bengaluru,Electronic City,16.605032,79.783046,Apartment,2767,2,1,8,Yes,Fully,19,86,47,21571532
2761,Hyderabad,Gachibowli,17.887471,78.622357,Independent House,2442,1,1,19,No,Semi,10,88,55,12673980
2762,Pune,Wakad,13.212575,77.869855,Villa,2787,5,4,2,No,Unfurnished,1,93,81,14021397
2763,Pune,Baner,14.243214,78.617165,Independent House,599,4,3,8,No,Unfurnished,13,71,25,8154786
2764,Bengaluru,Whitefield,13.119799,72.061601,Independent House,4663,4,3,18,No,Fully,21,75,7,58595258
2765,Mumbai,Bandra,16.055545,79.351378,Apartment,4068,4,3,3,No,Semi,19,66,24,56480112
2766,Bengaluru,Whitefield,14.896249,79.003474,Apartment,2872,5,4,0,Yes,Fully,15,58,41,17283696
2767,Pune,Wakad,17.430413,73.687851,Villa,2785,5,4,4,Yes,Fully,14,52,38,12323625
2768,Pune,Hinjewadi,18.946576,74.638716,Independent House,4907,3,2,17,No,Semi,10,78,37,26434009
2769,Chennai,OMR,15.137978,76.652665,Villa,1860,4,3,6,No,Unfurnished,20,95,96,18356340
2770,Pune,Baner,16.183556,73.102204,Villa,3977,2,1,16,No,Semi,4,85,46,18139097
2771,Bengaluru,Electronic City,16.345555,75.730103,Independent House,601,3,2,2,Yes,Unfurnished,8,69,14,2640794
2772,Chennai,OMR,16.630605,75.387258,Apartment,3099,3,2,19,Yes,Semi,24,81,60,24407724
2773,Chennai,Adyar,12.614162,78.496199,Apartment,4319,5,4,7,Yes,Unfurnished,17,76,69,56583219
2774,Pune,Wakad,13.706476,79.664525,Plot,3192,5,4,11,Yes,Unfurnished,4,75,38,22136520
2775,Chennai,Velachery,12.065212,79.426676,Villa,3302,4,3,19,Yes,Fully,10,81,20,15357602
2776,Pune,Baner,16.97629,74.857557,Apartment,4638,1,1,22,Yes,Fully,11,57,56,19196682
2777,Pune,Baner,17.152696,74.952503,Villa,2648,3,2,20,Yes,Unfurnished,18,87,95,37122312
2778,Pune,Kharadi,18.314174,79.136052,Apartment,4333,1,1,24,Yes,Semi,15,97,34,49283542
2779,Bengaluru,HSR Layout,16.015904,76.428356,Apartment,3267,4,3,14,Yes,Semi,22,78,25,36113418
2780,Mumbai,Bandra,15.916524,77.095635,Independent House,4638,5,4,22,Yes,Unfurnished,3,76,57,50976258
2781,Pune,Hinjewadi,18.833803,72.074291,Apartment,3520,3,2,24,Yes,Semi,22,96,54,37868160
2782,Pune,Baner,16.539107,76.42541,Apartment,2608,2,1,21,No,Unfurnished,10,55,33,34506448
2783,Mumbai,Bandra,15.70403,76.953372,Independent House,4512,1,1,21,Yes,Unfurnished,26,55,11,59332800
2784,Chennai,Velachery,14.806887,76.099579,Plot,4007,3,2,16,Yes,Semi,23,100,70,26862928
2785,Chennai,OMR,18.032737,76.368152,Independent House,3265,3,2,3,No,Semi,27,97,36,37965420
2786,Chennai,Velachery,18.573646,72.062085,Plot,1034,3,2,15,No,Semi,27,90,3,15276316
2787,Mumbai,Andheri,16.580026,77.425841,Villa,4251,5,4,2,No,Semi,28,77,95,17743674
2788,Hyderabad,Kukatpally,17.383514,75.92342,Villa,4438,4,3,11,Yes,Unfurnished,14,86,74,32787944
2789,Bengaluru,Whitefield,12.854431,74.238174,Plot,3454,4,3,2,No,Semi,30,84,29,19363124
2790,Chennai,Adyar,16.232857,76.376339,Plot,1913,5,4,5,Yes,Semi,6,68,65,26726523
2791,Chennai,Velachery,15.291992,73.54459,Apartment,4170,5,4,4,Yes,Fully,18,62,47,46674810
2792,Hyderabad,Gachibowli,18.939471,72.279247,Apartment,4447,4,3,6,No,Unfurnished,26,87,50,61261872
2793,Chennai,Velachery,12.240905,79.834434,Apartment,1913,5,4,21,Yes,Fully,5,65,56,8874407
2794,Hyderabad,Jubilee Hills,17.504381,76.454451,Independent House,4574,2,1,9,Yes,Unfurnished,25,86,47,51887456
2795,Chennai,Adyar,16.557833,72.191305,Plot,2924,4,3,16,Yes,Fully,4,66,60,38266388
2796,Hyderabad,Jubilee Hills,13.500947,74.85077,Apartment,4261,5,4,6,Yes,Fully,21,69,90,37944205
2797,Hyderabad,Kondapur,15.150685,76.747588,Plot,4272,1,1,1,Yes,Fully,22,54,39,61294656
2798,Chennai,Anna Nagar,15.749829,78.422933,Apartment,3565,4,3,14,No,Semi,21,57,19,15318805
2799,Mumbai,Thane,16.704464,73.687389,Apartment,4594,2,1,6,No,Fully,28,84,2,52118930
2800,Chennai,Velachery,18.819086,75.753145,Independent House,2990,1,1,22,Yes,Fully,11,61,27,30689360
2801,Mumbai,Thane,14.048841,78.86441,Plot,2904,2,1,13,No,Unfurnished,12,91,98,23417856
2802,Bengaluru,HSR Layout,16.388462,74.246792,Independent House,4367,5,4,14,No,Fully,3,89,2,52386532
2803,Chennai,Adyar,18.772956,76.798342,Plot,4557,2,1,25,Yes,Unfurnished,27,68,14,63624834
2804,Hyderabad,Madhapur,15.503621,79.385452,Villa,1888,1,1,19,Yes,Semi,16,84,4,19931616
2805,Pune,Wakad,18.941705,75.860953,Villa,2657,4,3,3,Yes,Semi,20,82,42,22342713
2806,Bengaluru,HSR Layout,17.99685,78.530387,Apartment,1217,4,3,6,Yes,Unfurnished,5,68,6,17945882
2807,Pune,Hinjewadi,16.622338,74.856215,Apartment,1008,3,2,3,No,Fully,1,91,13,8091216
2808,Pune,Wakad,14.992028,72.611433,Independent House,4125,5,4,19,No,Semi,14,66,89,25327500
2809,Hyderabad,Kondapur,16.537895,76.001513,Villa,2072,5,4,7,No,Unfurnished,16,51,14,27688136
2810,Chennai,OMR,17.623286,78.985636,Apartment,3701,5,4,2,No,Fully,18,71,8,46525271
2811,Pune,Wakad,14.101625,78.04832,Villa,1353,1,1,1,Yes,Fully,9,91,90,11417967
2812,Pune,Hinjewadi,17.970796,72.743487,Apartment,966,3,2,17,No,Semi,5,58,46,12277860
2813,Mumbai,Thane,18.636428,72.66992,Independent House,685,2,1,18,No,Unfurnished,28,93,36,4674440
2814,Bengaluru,Whitefield,15.802964,77.373501,Plot,1808,5,4,24,Yes,Unfurnished,3,60,51,7908192
2815,Mumbai,Bandra,12.732573,77.538806,Plot,983,4,3,9,No,Semi,14,93,11,9991212
2816,Hyderabad,Jubilee Hills,14.880322,72.026127,Independent House,1355,1,1,9,No,Semi,10,96,21,13440245
2817,Pune,Hinjewadi,14.457507,73.339525,Independent House,4741,2,1,22,No,Unfurnished,26,61,55,58456530
2818,Pune,Wakad,16.508657,78.073108,Apartment,4420,1,1,12,Yes,Semi,27,97,52,57707520
2819,Chennai,Velachery,12.426215,72.930483,Independent House,1395,4,3,12,No,Semi,7,52,81,11199060
2820,Chennai,Velachery,12.825409,76.38724,Independent House,3673,2,1,3,No,Fully,7,66,62,33571220
2821,Chennai,Adyar,14.956242,79.697195,Villa,3387,4,3,3,No,Fully,25,52,80,14953605
2822,Bengaluru,HSR Layout,18.100787,74.840269,Apartment,3088,5,4,9,No,Fully,16,89,40,21897008
2823,Pune,Hinjewadi,15.050462,73.969119,Apartment,556,2,1,8,Yes,Fully,14,62,59,4050460
2824,Hyderabad,Banjara Hills,12.700522,74.466438,Independent House,4179,4,3,25,No,Unfurnished,20,59,31,59805669
2825,Mumbai,Andheri,12.857739,77.551748,Plot,2456,2,1,17,Yes,Fully,4,78,62,27679120
2826,Mumbai,Powai,12.76126,79.081104,Independent House,3281,2,1,9,No,Semi,27,98,72,36648770
2827,Hyderabad,Miyapur,12.658416,72.555162,Independent House,4227,2,1,17,Yes,Fully,19,94,3,52034370
2828,Mumbai,Powai,17.819535,76.020842,Villa,4052,3,2,8,Yes,Semi,12,64,55,16284988
2829,Bengaluru,Electronic City,13.530969,76.314287,Plot,1994,3,2,7,Yes,Semi,13,82,19,13321914
2830,Bengaluru,HSR Layout,16.758708,78.08124,Apartment,935,2,1,19,Yes,Unfurnished,10,66,2,6487965
2831,Chennai,Adyar,15.677861,75.410072,Independent House,1757,5,4,14,No,Unfurnished,25,91,77,23280250
2832,Chennai,Velachery,12.620501,76.691345,Plot,3233,5,4,9,Yes,Semi,29,55,84,47172703
2833,Hyderabad,Miyapur,16.372651,76.842556,Apartment,2982,5,4,12,Yes,Semi,13,61,85,15876168
2834,Chennai,Velachery,15.338575,74.194747,Apartment,3509,5,4,3,No,Semi,7,100,42,33763598
2835,Hyderabad,Jubilee Hills,13.075459,76.204123,Independent House,2210,1,1,8,No,Semi,0,94,84,13408070
2836,Mumbai,Thane,15.5924,78.743146,Villa,1466,5,4,24,No,Unfurnished,6,55,14,7872420
2837,Mumbai,Bandra,12.36959,75.839495,Independent House,2538,3,2,6,No,Fully,8,92,22,21293820
2838,Hyderabad,Banjara Hills,17.595908,76.000176,Plot,2551,4,3,16,Yes,Semi,5,50,43,32015050
2839,Hyderabad,Madhapur,15.539265,76.951654,Apartment,4961,2,1,0,No,Unfurnished,3,51,65,46449843
2840,Mumbai,Bandra,17.924054,76.675586,Independent House,524,1,1,25,No,Unfurnished,3,73,88,6390704
2841,Chennai,Adyar,14.514699,72.776699,Villa,2851,3,2,18,Yes,Unfurnished,20,73,72,35124320
2842,Mumbai,Thane,18.965215,76.328617,Villa,1075,2,1,6,No,Semi,27,83,69,11429400
2843,Pune,Kharadi,12.328552,72.418376,Villa,3811,4,3,10,Yes,Fully,4,52,3,53045309
2844,Mumbai,Powai,14.618243,79.683607,Villa,802,3,2,11,Yes,Unfurnished,27,96,22,5919562
2845,Chennai,OMR,18.670852,78.174133,Plot,4694,4,3,24,Yes,Fully,4,100,30,37692820
2846,Bengaluru,Electronic City,12.977563,75.638968,Apartment,849,4,3,3,No,Unfurnished,2,79,95,4805340
2847,Hyderabad,Kukatpally,17.56705,72.351203,Apartment,1591,1,1,19,Yes,Fully,5,97,59,7746579
2848,Bengaluru,Indiranagar,15.430053,73.362175,Independent House,4755,3,2,9,Yes,Unfurnished,18,81,39,58567335
2849,Bengaluru,Whitefield,16.293469,73.769963,Plot,2544,3,2,3,No,Unfurnished,29,95,53,30197280
2850,Hyderabad,Madhapur,13.686699,78.600783,Independent House,4121,3,2,2,No,Fully,3,97,34,35729070
2851,Pune,Kharadi,16.207168,75.634672,Plot,2527,2,1,11,Yes,Fully,30,83,21,27695920
2852,Chennai,Adyar,13.527317,76.248848,Plot,1464,2,1,2,No,Semi,18,90,4,15998592
2853,Mumbai,Andheri,17.818946,75.641636,Apartment,2010,2,1,8,Yes,Unfurnished,18,87,44,24596370
2854,Chennai,OMR,14.091053,76.777074,Independent House,2248,4,3,23,Yes,Semi,1,73,10,29484768
2855,Pune,Baner,13.570467,78.349242,Plot,4461,3,2,11,Yes,Unfurnished,19,100,40,30125133
2856,Pune,Baner,14.746871,74.874906,Villa,3764,2,1,12,No,Fully,19,58,96,17476252
2857,Mumbai,Powai,16.748151,79.684191,Independent House,3547,1,1,15,Yes,Fully,6,56,68,23853575
2858,Pune,Kharadi,16.654245,78.285194,Apartment,557,1,1,1,No,Semi,1,83,65,5997776
2859,Pune,Hinjewadi,13.864246,79.875879,Plot,3799,2,1,25,No,Fully,28,78,65,15271980
2860,Chennai,Anna Nagar,13.985122,72.822382,Villa,1274,4,3,14,Yes,Unfurnished,29,85,6,10529610
2861,Hyderabad,Jubilee Hills,12.319688,77.760488,Plot,1904,4,3,5,Yes,Semi,3,84,39,10095008
2862,Pune,Hinjewadi,17.993745,78.040546,Independent House,3459,4,3,12,No,Fully,24,53,17,26146581
2863,Pune,Baner,16.865466,73.057488,Plot,2760,2,1,14,Yes,Semi,18,98,17,19982400
2864,Pune,Wakad,12.306476,77.489439,Plot,1551,3,2,24,Yes,Semi,22,68,9,22919127
2865,Pune,Hinjewadi,18.283318,74.397728,Villa,3861,1,1,11,Yes,Fully,1,99,94,45254781
2866,Hyderabad,Kondapur,12.632571,76.888397,Independent House,2702,2,1,0,No,Fully,16,71,74,34682872
2867,Bengaluru,Indiranagar,17.758856,74.560177,Independent House,2169,5,4,21,Yes,Unfurnished,20,57,92,29045079
2868,Mumbai,Andheri,12.223472,78.105963,Apartment,4689,5,4,2,Yes,Semi,2,51,72,42866838
2869,Mumbai,Thane,14.403064,73.766869,Villa,4753,1,1,4,No,Unfurnished,22,85,79,59650150
2870,Chennai,OMR,13.071528,77.122735,Villa,3325,1,1,16,Yes,Unfurnished,18,89,50,36957375
2871,Pune,Baner,15.100766,72.659258,Villa,3045,3,2,0,Yes,Unfurnished,25,88,23,35860965
2872,Hyderabad,Jubilee Hills,15.89812,76.266657,Independent House,3336,1,1,24,Yes,Fully,4,77,82,29703744
2873,Pune,Hinjewadi,18.470863,74.272246,Independent House,1391,3,2,8,Yes,Fully,9,74,79,8408595
2874,Pune,Baner,13.791032,79.467417,Villa,2865,1,1,18,Yes,Fully,12,74,44,21195270
2875,Mumbai,Thane,16.567005,75.046206,Villa,3002,1,1,20,No,Fully,17,93,79,15853562
2876,Bengaluru,HSR Layout,18.036032,79.724919,Apartment,722,1,1,5,Yes,Unfurnished,13,92,72,9684186
2877,Bengaluru,HSR Layout,12.731894,74.166692,Villa,2380,4,3,9,No,Unfurnished,26,82,100,29778560
2878,Pune,Hinjewadi,17.071112,74.61905,Plot,620,4,3,2,No,Semi,0,89,37,3816100
2879,Mumbai,Thane,12.731563,78.876073,Villa,1170,3,2,10,No,Fully,21,53,81,7538310
2880,Mumbai,Powai,17.192721,77.468394,Plot,3754,1,1,25,Yes,Fully,0,100,45,26882394
2881,Chennai,OMR,18.498341,75.419025,Independent House,777,5,4,25,No,Semi,30,99,38,7278159
2882,Chennai,Adyar,17.233322,78.057352,Plot,1152,5,4,5,Yes,Fully,9,79,99,10301184
2883,Mumbai,Powai,16.649575,76.135256,Apartment,2519,5,4,19,Yes,Fully,10,61,34,30646154
2884,Chennai,OMR,17.381519,75.521951,Independent House,2645,2,1,4,No,Unfurnished,30,76,41,39024330
2885,Mumbai,Thane,13.96337,79.793963,Apartment,3585,5,4,11,Yes,Semi,9,82,95,51810420
2886,Chennai,Anna Nagar,14.984288,79.469003,Independent House,3496,3,2,14,Yes,Semi,20,70,47,43700000
2887,Chennai,OMR,17.16971,72.807596,Plot,4418,4,3,22,No,Unfurnished,17,91,64,42951796
2888,Bengaluru,Indiranagar,12.295453,73.368723,Plot,3219,5,4,5,Yes,Fully,17,59,38,18589725
2889,Hyderabad,Miyapur,13.62653,76.777397,Villa,4973,1,1,19,Yes,Semi,12,78,54,44717216
2890,Mumbai,Powai,17.732149,78.519246,Plot,1033,5,4,4,No,Unfurnished,6,82,24,4612345
2891,Pune,Kharadi,17.567019,79.381021,Villa,2072,2,1,17,Yes,Semi,10,63,12,18604488
2892,Bengaluru,Whitefield,14.148685,72.058746,Independent House,3000,5,4,22,Yes,Semi,2,52,81,39960000
2893,Hyderabad,Jubilee Hills,15.709647,73.043273,Villa,1612,5,4,2,No,Unfurnished,24,80,62,9149712
2894,Bengaluru,Whitefield,14.203842,72.656387,Apartment,1345,1,1,24,No,Semi,28,98,61,11326245
2895,Hyderabad,Kondapur,12.566299,77.397413,Independent House,4062,2,1,21,Yes,Semi,28,78,11,17767188
2896,Bengaluru,Indiranagar,14.54833,73.23686,Independent House,1867,1,1,3,Yes,Unfurnished,15,100,20,18195782
2897,Mumbai,Bandra,12.716574,72.289766,Independent House,1379,4,3,12,Yes,Semi,14,53,70,12006953
2898,Mumbai,Powai,15.415566,74.13641,Plot,1549,1,1,24,Yes,Unfurnished,7,92,45,14216722
2899,Chennai,Anna Nagar,14.60695,78.857421,Plot,1383,2,1,5,Yes,Semi,30,59,63,14265645
2900,Pune,Baner,15.20041,74.356878,Plot,1496,4,3,15,Yes,Semi,7,78,90,20765976
2901,Bengaluru,Whitefield,17.857973,74.332148,Plot,811,5,4,16,Yes,Unfurnished,0,65,47,7477420
2902,Hyderabad,Kukatpally,17.487816,74.655941,Apartment,3864,1,1,7,Yes,Unfurnished,26,79,70,46112976
2903,Pune,Wakad,16.220777,77.752325,Independent House,2513,5,4,21,Yes,Unfurnished,1,71,27,20053740
2904,Chennai,Velachery,18.697116,74.15292,Villa,1805,4,3,19,Yes,Unfurnished,20,87,74,25876480
2905,Pune,Hinjewadi,15.276614,78.060256,Apartment,3505,2,1,1,No,Semi,15,93,62,40412650
2906,Mumbai,Thane,16.869481,73.869156,Villa,2593,4,3,19,No,Semi,10,87,49,11349561
2907,Pune,Baner,14.759017,78.664497,Independent House,1666,2,1,4,Yes,Unfurnished,4,94,47,22504328
2908,Mumbai,Andheri,14.009433,75.913045,Plot,1333,1,1,3,No,Fully,9,64,12,9236357
2909,Pune,Baner,17.369582,76.149247,Apartment,2600,2,1,11,No,Semi,11,53,94,34000200
2910,Mumbai,Andheri,12.415114,78.723665,Independent House,4856,3,2,0,Yes,Unfurnished,3,70,46,70625664
2911,Bengaluru,Electronic City,16.194082,79.049934,Independent House,1484,4,3,9,No,Semi,11,50,49,8847608
2912,Bengaluru,Electronic City,12.018448,79.494933,Villa,1397,5,4,4,Yes,Unfurnished,12,100,88,14598650
2913,Bengaluru,Whitefield,14.115409,72.017117,Independent House,3400,5,4,0,Yes,Unfurnished,27,100,73,33483200
2914,Mumbai,Andheri,18.635392,76.636545,Apartment,1765,3,2,24,Yes,Semi,11,84,39,20541070
2915,Hyderabad,Gachibowli,17.200424,78.248135,Plot,4786,2,1,15,No,Semi,24,98,54,68042562
2916,Chennai,Anna Nagar,13.85609,78.324922,Plot,604,1,1,18,No,Fully,10,65,27,6238716
2917,Hyderabad,Miyapur,15.336638,77.253158,Villa,1910,5,4,0,Yes,Unfurnished,21,99,78,16678120
2918,Mumbai,Bandra,14.069223,73.923596,Independent House,3063,4,3,13,Yes,Unfurnished,8,66,70,20065713
2919,Mumbai,Andheri,15.56326,79.245249,Apartment,2521,4,3,23,Yes,Fully,0,78,64,28580577
2920,Bengaluru,Indiranagar,13.41494,74.130731,Plot,2769,2,1,1,No,Fully,18,81,93,21282534
2921,Pune,Hinjewadi,16.721045,79.249856,Independent House,652,1,1,15,Yes,Unfurnished,22,57,89,8856768
2922,Mumbai,Thane,17.694314,77.774447,Apartment,680,4,3,7,No,Fully,26,90,44,7325640
2923,Chennai,Velachery,16.425022,79.718034,Villa,4096,5,4,11,No,Fully,15,61,32,31408128
2924,Mumbai,Bandra,12.21743,74.97229,Plot,3800,3,2,15,Yes,Unfurnished,12,85,48,56673200
2925,Hyderabad,Banjara Hills,13.468623,79.242007,Plot,4045,5,4,12,Yes,Unfurnished,29,82,82,17660470
2926,Mumbai,Thane,15.376999,75.382385,Independent House,4117,4,3,15,Yes,Fully,16,50,84,16472117
2927,Pune,Wakad,12.749665,77.815847,Apartment,1189,2,1,8,No,Fully,27,62,83,16644811
2928,Hyderabad,Banjara Hills,18.699455,74.429271,Villa,693,5,4,1,Yes,Fully,4,86,22,9067905
2929,Bengaluru,Whitefield,13.55577,73.435318,Apartment,1749,4,3,0,No,Fully,2,60,93,24940740
2930,Chennai,Velachery,17.528105,74.969268,Independent House,3735,1,1,3,Yes,Fully,9,84,99,26634285
2931,Mumbai,Andheri,12.446929,78.157796,Apartment,4614,2,1,23,No,Semi,26,93,18,56406150
2932,Pune,Baner,14.497622,77.654919,Apartment,4113,2,1,1,Yes,Semi,15,91,64,16818057
2933,Mumbai,Powai,13.373819,76.462593,Independent House,3115,4,3,5,Yes,Unfurnished,11,70,61,32800950
2934,Bengaluru,Electronic City,15.45801,77.828476,Plot,2918,2,1,0,Yes,Semi,24,98,62,27613034
2935,Chennai,OMR,15.70355,78.055057,Independent House,2273,2,1,4,No,Fully,3,85,73,29587641
2936,Bengaluru,Electronic City,14.663012,75.526423,Apartment,2317,2,1,7,Yes,Semi,24,75,64,34743415
2937,Hyderabad,Kukatpally,15.818099,78.858952,Plot,672,3,2,14,No,Semi,1,71,67,7192416
2938,Chennai,OMR,17.713146,75.138217,Apartment,3841,4,3,24,Yes,Unfurnished,5,69,67,29898344
2939,Hyderabad,Jubilee Hills,12.702945,77.790469,Apartment,3339,5,4,17,No,Unfurnished,5,66,40,29386539
2940,Chennai,OMR,17.053829,77.316884,Villa,4595,5,4,24,No,Fully,10,61,94,48045320
2941,Pune,Kharadi,17.722157,76.299571,Villa,2969,5,4,10,Yes,Semi,28,89,100,16201833
2942,Bengaluru,Whitefield,12.443528,77.882337,Plot,2948,1,1,20,No,Semi,10,50,86,15123240
2943,Pune,Hinjewadi,17.283698,73.240828,Independent House,4485,5,4,21,No,Semi,5,73,36,19496295
2944,Bengaluru,HSR Layout,15.986673,74.382172,Apartment,3411,5,4,2,No,Fully,11,71,63,33403923
2945,Chennai,Anna Nagar,14.924187,74.454214,Villa,1104,4,3,19,Yes,Unfurnished,30,99,3,9657792
2946,Bengaluru,Indiranagar,18.06727,75.896841,Apartment,1751,2,1,2,Yes,Unfurnished,30,84,14,14454505
2947,Mumbai,Andheri,16.096946,76.216037,Plot,1251,2,1,20,No,Fully,10,68,53,7647363
2948,Mumbai,Andheri,17.310609,75.761354,Apartment,1716,1,1,17,Yes,Unfurnished,15,60,71,9336756
2949,Hyderabad,Miyapur,14.68394,77.918712,Independent House,3948,2,1,3,Yes,Fully,1,76,98,23218188
2950,Chennai,OMR,13.8315,79.18785,Villa,3772,2,1,17,No,Semi,0,73,54,33589660
2951,Chennai,OMR,14.952269,74.166327,Apartment,4953,5,4,12,No,Semi,10,67,72,73319259
2952,Chennai,OMR,18.268008,77.022589,Apartment,601,5,4,5,Yes,Unfurnished,0,57,92,4316382
2953,Pune,Hinjewadi,18.183433,72.641577,Independent House,1027,2,1,19,Yes,Semi,4,92,78,11375052
2954,Mumbai,Thane,13.782508,76.35531,Apartment,3520,4,3,22,Yes,Fully,23,61,86,49111040
2955,Bengaluru,Whitefield,12.853525,79.454245,Plot,1844,5,4,3,No,Unfurnished,15,52,83,17624952
2956,Hyderabad,Banjara Hills,16.41358,79.470203,Independent House,1566,3,2,0,Yes,Semi,21,77,21,6597558
2957,Mumbai,Andheri,18.799141,79.573472,Apartment,4772,4,3,16,Yes,Semi,13,64,27,36854156
2958,Pune,Kharadi,12.147491,73.36679,Independent House,2234,2,1,10,No,Semi,13,76,83,24862186
2959,Chennai,Adyar,13.821596,78.554639,Villa,1995,4,3,20,Yes,Semi,2,52,75,16849770
2960,Mumbai,Bandra,12.795406,74.964866,Plot,3648,4,3,14,No,Fully,27,78,11,19254144
2961,Chennai,Adyar,18.537332,74.225072,Villa,2187,5,4,14,No,Semi,8,93,71,13471920
2962,Mumbai,Powai,12.965625,74.867131,Villa,2974,4,3,16,Yes,Fully,6,79,33,11925740
2963,Mumbai,Powai,14.195049,76.465752,Villa,2642,5,4,11,No,Semi,12,66,36,36565280
2964,Pune,Hinjewadi,18.346991,78.903993,Villa,4436,3,2,24,No,Fully,4,58,52,49257344
2965,Hyderabad,Miyapur,12.323848,78.435198,Plot,1957,5,4,5,No,Unfurnished,14,76,28,16734307
2966,Chennai,Velachery,13.938468,73.458132,Independent House,2714,3,2,20,No,Semi,26,85,50,23888628
2967,Mumbai,Thane,16.769054,74.369938,Independent House,4136,4,3,18,No,Unfurnished,5,77,73,26205696
2968,Hyderabad,Jubilee Hills,14.300563,73.707096,Apartment,2629,3,2,18,No,Fully,15,73,50,16854519
2969,Bengaluru,HSR Layout,16.611554,73.72432,Independent House,3056,4,3,20,No,Fully,18,97,82,37219024
2970,Mumbai,Thane,17.050459,77.506925,Villa,1356,1,1,25,No,Semi,0,88,59,19294524
2971,Pune,Hinjewadi,18.146438,72.421083,Plot,622,3,2,2,Yes,Fully,16,89,76,2728714
2972,Bengaluru,Indiranagar,13.831489,78.698419,Apartment,2655,1,1,2,Yes,Unfurnished,15,84,74,11721825
2973,Bengaluru,HSR Layout,12.495346,75.36264,Villa,682,3,2,12,Yes,Fully,20,68,58,3837614
2974,Pune,Kharadi,14.101533,77.014491,Apartment,4234,4,3,12,No,Unfurnished,2,67,80,18964086
2975,Hyderabad,Jubilee Hills,14.056813,78.837242,Villa,2505,5,4,1,Yes,Unfurnished,17,51,61,35698755
2976,Pune,Wakad,16.477889,73.624594,Apartment,2386,3,2,3,No,Fully,23,83,75,14411440
2977,Pune,Hinjewadi,13.257939,79.395567,Independent House,1592,1,1,6,No,Fully,7,73,42,10225416
2978,Mumbai,Andheri,18.033528,75.102392,Villa,3670,3,2,20,Yes,Fully,13,59,52,31220690
2979,Hyderabad,Banjara Hills,16.989168,79.90838,Villa,1697,2,1,2,Yes,Fully,22,55,99,20749219
2980,Mumbai,Andheri,17.745556,79.050554,Villa,3926,5,4,15,Yes,Semi,22,82,79,56832776
2981,Chennai,Velachery,16.703728,78.243991,Independent House,3159,4,3,23,Yes,Unfurnished,22,88,36,41108067
2982,Pune,Kharadi,16.548075,78.912818,Apartment,1753,2,1,24,No,Semi,15,56,75,17081232
2983,Bengaluru,Electronic City,16.933866,76.8543,Apartment,2265,1,1,22,No,Unfurnished,15,63,37,23347620
2984,Hyderabad,Banjara Hills,17.275493,79.967669,Plot,1180,2,1,6,Yes,Unfurnished,8,82,4,12405340
2985,Bengaluru,HSR Layout,12.169526,78.81429,Independent House,3034,3,2,21,Yes,Fully,17,81,77,32918900
2986,Mumbai,Powai,15.291089,73.601543,Plot,4473,5,4,23,Yes,Fully,20,77,69,46769688
2987,Mumbai,Andheri,17.175584,79.72772,Apartment,4990,5,4,22,Yes,Unfurnished,18,74,10,23712480
2988,Chennai,Adyar,15.946731,76.769635,Plot,2729,2,1,19,Yes,Fully,9,96,100,13268398
2989,Pune,Baner,12.90305,77.00622,Apartment,1497,2,1,10,Yes,Unfurnished,24,72,29,20975964
2990,Hyderabad,Gachibowli,15.274082,78.946112,Villa,4994,3,2,8,Yes,Semi,25,81,78,29844144
2991,Hyderabad,Jubilee Hills,13.500225,77.914971,Plot,625,2,1,11,No,Semi,22,81,11,7803750
2992,Hyderabad,Banjara Hills,18.911078,72.90562,Plot,4881,2,1,3,Yes,Unfurnished,16,81,41,29398263
2993,Chennai,Velachery,13.33452,77.612554,Villa,4173,3,2,24,Yes,Fully,15,52,85,52980408
2994,Chennai,Velachery,18.131862,75.887247,Independent House,3387,4,3,18,Yes,Fully,19,54,9,18469311
2995,Hyderabad,Gachibowli,16.385485,72.340666,Apartment,4562,1,1,7,Yes,Fully,16,54,17,65811412
2996,Hyderabad,Miyapur,16.908479,77.061514,Plot,1307,4,3,22,No,Semi,30,86,85,10765759
2997,Pune,Hinjewadi,16.595247,79.412698,Independent House,2088,2,1,20,Yes,Fully,18,91,14,15618240
2998,Bengaluru,HSR Layout,18.205956,78.583208,Villa,2277,5,4,19,Yes,Semi,23,61,57,20611404
2999,Bengaluru,HSR Layout,15.755703,79.039717,Independent House,2481,1,1,21,No,Semi,25,55,31,12739935
3000,Mumbai,Powai,12.671685,79.517395,Plot,1856,4,3,9,Yes,Unfurnished,7,64,3,19816512
3001,Hyderabad,Miyapur,14.028122,76.595585,Apartment,1853,2,1,15,Yes,Fully,28,51,84,27555963
3002,Hyderabad,Jubilee Hills,13.939879,78.686864,Villa,4962,1,1,0,No,Semi,3,55,31,59107344
3003,Chennai,Anna Nagar,15.975301,73.535174,Villa,4133,4,3,24,Yes,Unfurnished,7,98,68,49719990
3004,Pune,Wakad,12.719614,77.319637,Apartment,2898,1,1,13,No,Unfurnished,4,87,49,37734858
3005,Hyderabad,Kukatpally,15.707128,76.345666,Apartment,4475,3,2,18,No,Semi,28,75,26,29042750
3006,Mumbai,Thane,17.52601,74.582918,Apartment,565,5,4,5,No,Semi,9,62,90,5969225
3007,Chennai,Velachery,15.739376,75.503528,Apartment,4799,1,1,25,Yes,Fully,7,96,8,45652887
3008,Chennai,Anna Nagar,18.267394,79.29254,Plot,1393,1,1,20,No,Semi,25,52,57,13460559
3009,Hyderabad,Kondapur,16.546079,77.935729,Plot,2774,2,1,21,No,Fully,22,85,90,27479244
3010,Pune,Hinjewadi,12.336412,78.408817,Independent House,2433,4,3,12,No,Unfurnished,4,65,75,22561209
3011,Pune,Hinjewadi,12.640191,76.596347,Plot,4706,4,3,14,Yes,Fully,9,75,94,64603968
3012,Chennai,Adyar,16.052185,75.283295,Independent House,3213,1,1,19,No,Unfurnished,3,99,63,14860125
3013,Pune,Hinjewadi,12.051932,78.0354,Apartment,1578,4,3,25,No,Fully,7,65,75,18317424
3014,Pune,Hinjewadi,14.911133,77.75274,Apartment,4023,3,2,10,Yes,Fully,13,72,12,58848444
3015,Bengaluru,HSR Layout,18.463738,78.091695,Apartment,3886,3,2,12,Yes,Unfurnished,8,95,64,47836660
3016,Mumbai,Bandra,16.480303,79.393132,Apartment,2113,1,1,24,Yes,Semi,19,74,25,9219019
3017,Bengaluru,Indiranagar,18.413444,72.71924,Independent House,2280,4,3,21,Yes,Semi,26,94,76,12891120
3018,Hyderabad,Kukatpally,14.131078,78.879074,Villa,4630,2,1,7,Yes,Semi,15,92,30,42906210
3019,Pune,Hinjewadi,13.702639,79.534035,Plot,4182,5,4,25,Yes,Unfurnished,3,76,44,35216622
3020,Bengaluru,Electronic City,12.824706,75.234566,Independent House,3594,4,3,1,Yes,Fully,17,85,89,41916822
3021,Hyderabad,Banjara Hills,18.728209,75.335884,Independent House,4391,5,4,15,Yes,Fully,23,61,58,49319712
3022,Hyderabad,Kondapur,17.616463,73.191726,Plot,3101,2,1,13,No,Unfurnished,21,63,33,23195480
3023,Chennai,Adyar,15.924723,73.319225,Apartment,3037,1,1,6,Yes,Fully,25,65,68,44422199
3024,Bengaluru,Whitefield,12.378643,77.823866,Plot,4606,5,4,25,No,Unfurnished,16,95,82,46750900
3025,Mumbai,Bandra,15.381775,72.198774,Plot,3100,3,2,8,No,Semi,5,79,7,19328500
3026,Mumbai,Powai,18.240574,79.236435,Apartment,845,5,4,20,No,Unfurnished,21,100,56,7316855
3027,Pune,Wakad,18.101815,72.408567,Apartment,828,1,1,19,No,Semi,9,54,52,3766572
3028,Hyderabad,Miyapur,14.289535,78.092243,Plot,1741,4,3,22,Yes,Semi,22,83,51,12787645
3029,Mumbai,Powai,17.100364,73.001577,Apartment,710,4,3,22,No,Semi,26,89,47,6074050
3030,Pune,Kharadi,17.175814,76.914049,Plot,635,5,4,24,No,Semi,6,69,13,5819140
3031,Mumbai,Andheri,12.340882,77.753699,Villa,1547,3,2,20,Yes,Semi,24,68,19,16110458
3032,Mumbai,Thane,16.762364,78.149811,Villa,1340,1,1,1,Yes,Semi,25,83,93,6892960
3033,Bengaluru,Indiranagar,16.420021,73.010657,Apartment,3266,1,1,24,Yes,Unfurnished,26,60,65,40563720
3034,Bengaluru,HSR Layout,15.45774,72.485267,Independent House,4630,2,1,8,No,Fully,17,84,45,29090290
3035,Mumbai,Powai,16.130241,73.009659,Independent House,4898,1,1,20,No,Unfurnished,12,66,73,68655266
3036,Mumbai,Powai,12.041429,74.557094,Apartment,3949,1,1,3,No,Semi,17,96,67,46795650
3037,Bengaluru,Indiranagar,17.441637,74.213366,Independent House,2202,5,4,24,Yes,Semi,6,63,57,21934122
3038,Mumbai,Bandra,12.324163,76.496352,Independent House,2027,4,3,4,No,Unfurnished,24,58,5,23537524
3039,Bengaluru,HSR Layout,17.078097,78.960279,Apartment,868,5,4,6,No,Unfurnished,6,82,61,10595676
3040,Chennai,Adyar,17.7025,73.045845,Independent House,3181,5,4,24,No,Unfurnished,25,71,33,18373456
3041,Chennai,Adyar,12.23605,76.637086,Apartment,2580,2,1,17,Yes,Fully,24,59,55,21713280
3042,Pune,Wakad,18.545347,73.865337,Villa,3878,3,2,17,No,Fully,7,92,79,36949584
3043,Hyderabad,Madhapur,18.29006,76.891155,Apartment,2032,2,1,11,No,Unfurnished,24,92,52,13923264
3044,Mumbai,Thane,17.889641,77.829196,Plot,2915,5,4,10,No,Semi,10,61,73,22978945
3045,Chennai,OMR,12.839348,74.84539,Villa,1982,5,4,25,No,Fully,29,89,11,12867144
3046,Bengaluru,Electronic City,15.203882,72.767315,Independent House,1605,5,4,1,Yes,Unfurnished,5,61,51,23002860
3047,Bengaluru,Electronic City,18.881294,76.21741,Plot,3413,5,4,7,Yes,Fully,9,55,88,24645273
3048,Chennai,Adyar,17.461347,74.858921,Villa,945,5,4,11,Yes,Unfurnished,4,66,40,5459265
3049,Mumbai,Thane,17.812927,73.027502,Apartment,3093,3,2,21,No,Semi,18,76,49,20008617
3050,Pune,Kharadi,16.448552,79.566365,Apartment,849,4,3,23,No,Unfurnished,11,97,17,10544580
3051,Chennai,Anna Nagar,16.258864,79.712242,Apartment,2569,2,1,9,No,Fully,6,60,9,25787622
3052,Mumbai,Thane,15.019105,73.140939,Villa,670,5,4,5,Yes,Unfurnished,26,65,51,3551670
3053,Bengaluru,HSR Layout,12.933479,76.773438,Independent House,4804,5,4,0,Yes,Unfurnished,14,60,14,56024248
3054,Mumbai,Bandra,18.617152,75.81981,Plot,3847,3,2,25,No,Unfurnished,0,68,5,25024735
3055,Pune,Wakad,15.415348,73.204517,Villa,841,5,4,17,Yes,Unfurnished,8,98,76,9563011
3056,Mumbai,Thane,12.195838,78.448924,Independent House,2234,4,3,10,No,Fully,18,91,57,22811374
3057,Chennai,OMR,16.993692,75.695152,Apartment,1747,2,1,11,No,Unfurnished,8,53,76,24403843
3058,Mumbai,Powai,17.64771,78.465298,Villa,2264,3,2,25,Yes,Fully,24,64,35,29499920
3059,Pune,Wakad,17.035827,77.612998,Apartment,3265,2,1,2,Yes,Semi,20,100,62,22313010
3060,Hyderabad,Gachibowli,15.186808,73.479758,Apartment,2329,4,3,24,Yes,Fully,8,67,25,30032455
3061,Bengaluru,HSR Layout,18.432551,75.921231,Independent House,2729,3,2,18,Yes,Fully,8,93,52,36620451
3062,Pune,Hinjewadi,16.389153,75.178141,Apartment,966,4,3,14,No,Fully,17,90,44,10232838
3063,Pune,Baner,17.967265,72.125731,Independent House,1920,4,3,22,No,Fully,11,68,65,15221760
3064,Pune,Wakad,16.665867,73.243521,Independent House,4882,2,1,13,No,Semi,22,64,82,66282914
3065,Chennai,Velachery,12.893879,78.160088,Apartment,4139,3,2,14,No,Semi,12,56,90,35011801
3066,Mumbai,Bandra,14.017314,77.307956,Villa,2503,4,3,16,Yes,Fully,7,72,85,32366293
3067,Pune,Baner,15.408555,72.643475,Villa,3731,3,2,13,No,Semi,9,68,37,50540126
3068,Chennai,OMR,13.317884,74.578861,Villa,1944,4,3,0,No,Unfurnished,20,61,55,12258864
3069,Chennai,Anna Nagar,17.335914,75.345774,Plot,3969,1,1,8,No,Fully,13,58,73,40293288
3070,Chennai,Anna Nagar,14.223695,74.650674,Apartment,4080,4,3,24,Yes,Unfurnished,24,83,81,24916560
3071,Bengaluru,Electronic City,13.919952,75.181998,Villa,1234,1,1,14,Yes,Semi,29,99,75,12718838
3072,Chennai,Adyar,13.394562,74.56092,Apartment,3554,4,3,15,Yes,Fully,0,59,52,31452900
3073,Pune,Baner,18.328291,77.598189,Plot,3737,5,4,4,Yes,Semi,30,61,78,44373138
3074,Mumbai,Thane,13.532043,73.985619,Villa,4918,3,2,14,Yes,Semi,1,72,44,27693258
3075,Mumbai,Powai,14.210824,76.925931,Apartment,4708,5,4,12,No,Unfurnished,14,96,22,25517360
3076,Hyderabad,Gachibowli,16.503551,75.678172,Villa,2565,5,4,24,No,Semi,27,57,90,34971210
3077,Hyderabad,Kondapur,17.571943,73.295164,Independent House,4821,3,2,6,Yes,Fully,17,83,24,71982351
3078,Pune,Kharadi,12.839694,78.927336,Villa,1321,1,1,1,No,Semi,9,86,15,14536284
3079,Chennai,Velachery,14.572569,77.62345,Apartment,1843,2,1,24,Yes,Fully,3,70,89,17982151
3080,Mumbai,Powai,17.40455,74.056682,Independent House,585,4,3,7,Yes,Unfurnished,8,82,63,3542175
3081,Chennai,OMR,14.970146,74.836562,Independent House,910,2,1,21,No,Unfurnished,13,90,81,9452170
3082,Chennai,Anna Nagar,17.482882,75.214359,Villa,1755,2,1,22,Yes,Unfurnished,10,67,51,21396960
3083,Mumbai,Bandra,12.705703,78.744281,Plot,2572,2,1,17,No,Fully,26,74,82,13608452
3084,Pune,Kharadi,17.705283,72.912078,Apartment,766,3,2,13,Yes,Fully,26,65,88,11172876
3085,Pune,Hinjewadi,14.876424,73.424055,Apartment,3280,3,2,19,No,Unfurnished,16,50,82,45532960
3086,Chennai,Anna Nagar,14.006581,76.754157,Plot,4988,1,1,17,No,Fully,17,89,89,44657564
3087,Bengaluru,Indiranagar,16.597699,77.626775,Independent House,4072,1,1,22,Yes,Fully,3,75,52,55399560
3088,Chennai,Velachery,17.629956,73.730966,Plot,541,1,1,6,Yes,Unfurnished,27,68,41,3293608
3089,Bengaluru,Indiranagar,17.912028,76.200618,Apartment,2413,3,2,25,Yes,Unfurnished,26,88,26,23591901
3090,Pune,Kharadi,14.73528,76.163271,Apartment,3128,3,2,17,Yes,Fully,1,100,2,44198640
3091,Bengaluru,Indiranagar,17.917809,77.794134,Plot,3941,1,1,17,No,Unfurnished,8,85,4,41147981
3092,Hyderabad,Banjara Hills,18.062633,76.507742,Villa,3428,2,1,1,No,Semi,18,90,72,30615468
3093,Pune,Kharadi,14.08199,74.706941,Villa,4171,2,1,17,Yes,Unfurnished,2,88,16,37597394
3094,Mumbai,Andheri,18.128704,74.171293,Villa,4514,3,2,16,No,Fully,29,86,89,60939000
3095,Hyderabad,Miyapur,17.145955,72.909686,Apartment,1338,3,2,18,Yes,Unfurnished,22,93,84,10314642
3096,Chennai,Anna Nagar,13.127577,72.86388,Independent House,4843,2,1,4,No,Fully,22,80,86,45466084
3097,Mumbai,Powai,14.837911,73.135363,Villa,538,2,1,10,Yes,Semi,10,53,78,7619156
3098,Mumbai,Powai,14.78244,78.905761,Plot,1985,3,2,10,No,Semi,24,93,62,29546725
3099,Mumbai,Andheri,12.701843,74.959451,Apartment,3983,2,1,3,No,Unfurnished,0,89,74,45131373
3100,Pune,Hinjewadi,12.699207,72.529303,Apartment,3954,3,2,25,No,Unfurnished,27,52,5,49911342
3101,Chennai,Adyar,15.387237,78.365437,Plot,994,3,2,7,Yes,Unfurnished,6,61,94,12016466
3102,Chennai,Adyar,12.068851,75.535124,Plot,2520,2,1,8,Yes,Fully,19,67,43,12970440
3103,Bengaluru,Electronic City,14.860479,75.500566,Villa,3097,3,2,5,Yes,Semi,19,70,72,15237240
3104,Bengaluru,HSR Layout,14.701731,77.189667,Plot,764,3,2,16,Yes,Unfurnished,24,81,47,4516004
3105,Mumbai,Bandra,18.095326,78.09034,Villa,2309,4,3,20,Yes,Unfurnished,20,55,66,12036817
3106,Mumbai,Andheri,15.693786,74.631188,Villa,2266,1,1,8,No,Semi,2,52,45,20160602
3107,Hyderabad,Kukatpally,17.679592,73.364666,Plot,1846,3,2,14,No,Fully,24,79,18,14736618
3108,Bengaluru,Whitefield,12.645886,73.577927,Villa,3891,3,2,17,Yes,Semi,9,95,41,46882659
3109,Mumbai,Bandra,18.714385,78.692192,Plot,1755,4,3,2,Yes,Fully,30,98,57,23780250
3110,Bengaluru,Electronic City,15.325313,73.349214,Apartment,2830,5,4,17,No,Unfurnished,11,64,80,24986070
3111,Bengaluru,HSR Layout,17.292807,79.957599,Apartment,3707,1,1,23,Yes,Fully,24,60,74,22393987
3112,Hyderabad,Gachibowli,17.253731,75.040041,Plot,3040,4,3,21,Yes,Semi,7,92,27,22800000
3113,Bengaluru,Electronic City,16.137203,74.378389,Independent House,2580,4,3,23,No,Fully,30,71,46,16168860
3114,Mumbai,Thane,14.529169,73.36777,Apartment,2219,2,1,18,No,Semi,8,60,84,24610929
3115,Chennai,Adyar,13.111382,77.876288,Plot,4960,3,2,8,No,Unfurnished,4,66,88,49743840
3116,Mumbai,Andheri,18.882545,76.234582,Plot,3149,1,1,10,No,Fully,23,67,94,33391996
3117,Pune,Hinjewadi,12.602693,77.103873,Villa,4001,3,2,24,No,Semi,16,53,57,27142784
3118,Hyderabad,Kukatpally,14.758303,73.052441,Villa,1284,2,1,4,No,Unfurnished,7,70,9,15184584
3119,Bengaluru,HSR Layout,17.024222,72.355566,Plot,1792,4,3,3,Yes,Semi,3,80,19,10092544
3120,Mumbai,Powai,14.820572,79.587656,Independent House,3222,4,3,10,No,Unfurnished,5,73,45,25299144
3121,Chennai,Anna Nagar,17.871468,73.953288,Plot,1337,4,3,25,Yes,Unfurnished,21,79,22,6186299
3122,Hyderabad,Miyapur,18.287713,75.881027,Villa,901,5,4,21,No,Unfurnished,11,70,57,8033316
3123,Chennai,Adyar,17.945071,75.396138,Villa,1322,4,3,24,Yes,Fully,17,54,43,17691004
3124,Pune,Hinjewadi,17.526264,74.881633,Plot,4800,5,4,12,No,Fully,15,82,85,56198400
3125,Pune,Kharadi,17.09128,74.632611,Villa,3764,5,4,24,Yes,Semi,25,82,79,30744352
3126,Bengaluru,Whitefield,15.383472,73.702881,Independent House,3119,3,2,3,No,Unfurnished,3,76,44,43285482
3127,Hyderabad,Jubilee Hills,12.975677,77.277866,Apartment,1758,4,3,18,Yes,Unfurnished,1,50,7,16674630
3128,Bengaluru,Electronic City,16.069391,72.544439,Villa,4009,2,1,24,No,Semi,29,84,83,42768012
3129,Pune,Wakad,18.870052,75.377457,Villa,2740,2,1,3,Yes,Semi,7,77,97,16053660
3130,Hyderabad,Jubilee Hills,15.879458,72.244577,Plot,2680,3,2,21,No,Fully,29,73,87,28528600
3131,Chennai,Adyar,16.487132,79.770459,Villa,1283,2,1,13,Yes,Fully,21,63,36,7200196
3132,Chennai,Adyar,17.760143,79.431752,Independent House,2545,1,1,13,No,Semi,12,76,5,13358705
3133,Chennai,OMR,17.267603,73.124137,Plot,1837,1,1,7,No,Fully,8,83,71,12153592
3134,Pune,Wakad,15.118543,79.505543,Independent House,1360,4,3,17,No,Unfurnished,25,97,51,16654560
3135,Bengaluru,Electronic City,18.707386,72.241793,Apartment,4059,4,3,18,Yes,Semi,25,95,10,58616019
3136,Hyderabad,Banjara Hills,18.845702,72.095594,Apartment,4987,2,1,11,Yes,Unfurnished,27,67,34,26575723
3137,Hyderabad,Kukatpally,16.430489,72.295834,Independent House,3793,4,3,11,No,Fully,8,65,31,47659045
3138,Hyderabad,Kukatpally,18.214315,74.773296,Independent House,4604,4,3,13,Yes,Fully,23,64,31,27297116
3139,Hyderabad,Jubilee Hills,17.828493,73.711584,Villa,4397,5,4,9,Yes,Semi,23,62,5,60779731
3140,Chennai,Adyar,14.322368,77.814608,Independent House,3850,5,4,0,Yes,Fully,24,64,48,29394750
3141,Mumbai,Powai,18.034673,75.156389,Apartment,4479,5,4,20,No,Semi,29,53,76,49215252
3142,Hyderabad,Kondapur,15.874612,76.705065,Independent House,4969,1,1,2,Yes,Unfurnished,12,96,72,34132061
3143,Pune,Wakad,18.084999,76.250914,Apartment,3414,1,1,6,Yes,Semi,3,68,94,23447352
3144,Bengaluru,Whitefield,16.573488,76.03035,Apartment,3301,1,1,23,No,Semi,6,50,47,26906451
3145,Bengaluru,HSR Layout,16.077872,74.188836,Apartment,2733,2,1,24,No,Semi,9,86,40,18890496
3146,Mumbai,Thane,13.733639,72.21445,Villa,910,4,3,0,No,Fully,30,98,54,5872230
3147,Pune,Wakad,14.872999,79.647367,Independent House,3644,5,4,16,No,Fully,6,54,82,44715524
3148,Pune,Hinjewadi,12.096164,72.188489,Villa,4159,2,1,6,No,Fully,26,100,46,59299022
3149,Bengaluru,Whitefield,12.610049,73.664715,Plot,1720,1,1,2,No,Semi,22,85,21,8280080
3150,Pune,Kharadi,16.457493,73.417559,Apartment,2226,5,4,14,Yes,Fully,18,66,29,13745550
3151,Hyderabad,Gachibowli,12.749416,72.887675,Plot,3290,5,4,22,No,Unfurnished,17,71,88,40055750
3152,Bengaluru,Electronic City,16.846899,78.879277,Independent House,2561,3,2,10,Yes,Fully,8,79,55,25579268
3153,Mumbai,Powai,18.223865,72.084771,Independent House,4517,3,2,10,No,Fully,0,73,59,24631201
3154,Pune,Kharadi,14.78067,72.16121,Independent House,4656,5,4,13,No,Unfurnished,2,82,28,46061808
3155,Chennai,OMR,12.835472,73.786067,Apartment,2826,3,2,15,Yes,Unfurnished,12,68,59,22415832
3156,Mumbai,Andheri,18.719964,74.126113,Independent House,729,5,4,20,Yes,Fully,10,91,37,6983091
3157,Mumbai,Thane,17.893176,74.703915,Independent House,4552,1,1,19,Yes,Fully,24,56,26,18308144
3158,Pune,Hinjewadi,17.764783,78.887883,Apartment,1104,2,1,3,No,Semi,10,55,44,10099392
3159,Chennai,OMR,15.93967,74.119502,Plot,4793,2,1,18,Yes,Fully,26,87,57,42595391
3160,Bengaluru,HSR Layout,18.602925,78.303552,Villa,3359,1,1,20,Yes,Fully,16,87,85,15427887
3161,Hyderabad,Jubilee Hills,17.495289,73.109593,Villa,1728,1,1,25,Yes,Semi,15,91,20,11771136
3162,Bengaluru,Indiranagar,14.116417,73.960582,Apartment,4546,5,4,13,Yes,Unfurnished,11,96,51,65107812
3163,Pune,Kharadi,18.427613,78.656539,Apartment,3043,2,1,20,No,Fully,12,83,3,30530419
3164,Pune,Kharadi,18.272955,72.349067,Independent House,3629,5,4,7,Yes,Semi,8,67,33,28625552
3165,Chennai,Velachery,13.855279,76.212341,Independent House,2045,1,1,20,Yes,Semi,19,56,93,22096225
3166,Chennai,Velachery,17.52375,76.857498,Independent House,1176,2,1,0,No,Unfurnished,11,99,46,17296608
3167,Bengaluru,Indiranagar,18.704866,73.922199,Independent House,2811,5,4,21,Yes,Semi,17,59,41,32036967
3168,Bengaluru,Whitefield,12.315885,72.278209,Apartment,2891,4,3,1,No,Fully,21,70,93,42512155
3169,Pune,Kharadi,12.750013,73.153987,Villa,721,1,1,21,No,Semi,6,75,50,6605802
3170,Chennai,OMR,15.690952,75.923161,Villa,3838,4,3,2,No,Unfurnished,25,93,10,26620368
3171,Bengaluru,Indiranagar,14.338197,77.143797,Plot,2059,4,3,13,No,Semi,13,96,55,29911093
3172,Pune,Hinjewadi,13.529271,79.722653,Independent House,3225,3,2,25,No,Semi,3,82,85,39448200
3173,Bengaluru,HSR Layout,12.591369,72.909674,Villa,3845,3,2,13,Yes,Unfurnished,11,89,29,21543535
3174,Bengaluru,Indiranagar,13.661549,73.808565,Villa,1313,1,1,2,Yes,Unfurnished,13,88,84,11912849
3175,Pune,Kharadi,18.062209,78.503072,Plot,3418,1,1,21,No,Unfurnished,6,59,36,47007754
3176,Hyderabad,Kukatpally,12.862092,75.616159,Plot,4386,3,2,14,No,Fully,0,70,33,23627382
3177,Hyderabad,Miyapur,18.664411,79.106308,Apartment,2675,5,4,9,No,Semi,26,74,18,34213250
3178,Chennai,Anna Nagar,12.844775,76.971582,Villa,2166,3,2,18,No,Semi,5,99,63,21798624
3179,Chennai,Anna Nagar,12.931901,77.764907,Plot,4385,4,3,7,No,Semi,30,99,21,54974745
3180,Bengaluru,Whitefield,14.783261,77.060851,Plot,2659,4,3,19,No,Semi,18,78,93,13821482
3181,Hyderabad,Miyapur,14.623915,72.130503,Apartment,4573,1,1,4,Yes,Unfurnished,29,50,73,25005164
3182,Pune,Wakad,18.438655,72.814039,Plot,3561,5,4,20,No,Semi,18,95,60,14628588
3183,Bengaluru,Whitefield,13.857068,73.077168,Plot,922,4,3,2,Yes,Fully,12,77,19,8666800
3184,Bengaluru,HSR Layout,14.53006,73.219119,Plot,3783,1,1,0,No,Unfurnished,19,61,41,28213614
3185,Pune,Wakad,13.530655,78.082462,Independent House,876,4,3,7,Yes,Fully,26,50,40,10053852
3186,Hyderabad,Gachibowli,12.207302,73.874725,Villa,4150,2,1,9,Yes,Fully,24,63,99,46625250
3187,Pune,Wakad,13.247062,72.738103,Apartment,635,4,3,14,No,Semi,2,52,72,6248400
3188,Mumbai,Bandra,16.403358,73.843597,Independent House,3478,3,2,16,No,Semi,21,72,7,29023910
3189,Bengaluru,HSR Layout,18.794514,79.638107,Plot,2860,5,4,24,No,Semi,9,94,38,23958220
3190,Bengaluru,Electronic City,13.193553,75.839424,Independent House,2915,5,4,19,Yes,Fully,0,58,35,27415575
3191,Hyderabad,Madhapur,15.735274,76.172309,Plot,1084,1,1,25,Yes,Unfurnished,0,54,10,5378808
3192,Pune,Hinjewadi,18.484253,76.625487,Independent House,3609,2,1,12,Yes,Semi,26,95,91,51179229
3193,Pune,Hinjewadi,17.631484,77.325336,Apartment,3618,4,3,21,No,Semi,26,61,5,31690062
3194,Pune,Baner,17.35142,77.871093,Independent House,1157,3,2,17,Yes,Fully,15,58,35,5170633
3195,Bengaluru,Electronic City,12.32562,76.859428,Apartment,2651,3,2,23,Yes,Unfurnished,8,93,19,14948989
3196,Chennai,OMR,14.770854,79.803827,Independent House,509,4,3,15,Yes,Unfurnished,21,83,67,5800564
3197,Hyderabad,Madhapur,13.222958,73.762158,Plot,2830,4,3,20,Yes,Fully,29,60,70,15952710
3198,Hyderabad,Madhapur,18.198269,73.463336,Apartment,3379,1,1,15,No,Fully,15,86,28,33833927
3199,Mumbai,Andheri,12.528828,79.732469,Independent House,2807,1,1,18,Yes,Unfurnished,27,71,88,20822326
3200,Pune,Baner,14.269734,74.796262,Apartment,1060,4,3,20,No,Semi,29,51,5,6825340
3201,Hyderabad,Jubilee Hills,17.760943,75.873141,Plot,2483,3,2,8,No,Semi,23,74,37,23528908
3202,Hyderabad,Kondapur,18.01299,79.418349,Apartment,4171,2,1,13,Yes,Semi,25,54,96,19966577
3203,Hyderabad,Gachibowli,16.729824,74.325653,Apartment,1269,2,1,19,No,Fully,3,92,35,16887852
3204,Pune,Wakad,12.434351,74.395773,Independent House,2141,1,1,12,Yes,Unfurnished,22,63,45,14220522
3205,Chennai,Anna Nagar,17.084665,72.185745,Apartment,2947,5,4,8,Yes,Fully,28,79,80,19618179
3206,Hyderabad,Miyapur,12.308796,79.556807,Plot,3597,5,4,6,No,Fully,10,53,93,25402014
3207,Hyderabad,Madhapur,17.982219,74.252104,Villa,533,4,3,9,Yes,Unfurnished,19,88,16,6075134
3208,Chennai,Adyar,12.58444,72.776606,Apartment,4110,5,4,5,Yes,Fully,24,59,4,22674870
3209,Bengaluru,Indiranagar,16.140127,74.083166,Plot,1634,2,1,25,No,Fully,1,60,31,14772994
3210,Mumbai,Andheri,12.348889,74.113716,Plot,1457,5,4,17,No,Semi,30,76,52,6250530
3211,Pune,Baner,18.695233,79.219817,Apartment,3078,3,2,23,No,Unfurnished,10,75,26,33771816
3212,Hyderabad,Banjara Hills,15.74849,78.125754,Independent House,2096,5,4,17,Yes,Unfurnished,5,84,53,30702208
3213,Chennai,Adyar,16.73899,73.550601,Plot,4536,5,4,9,No,Unfurnished,2,79,45,54168912
3214,Mumbai,Powai,13.56313,77.168501,Plot,4100,3,2,25,Yes,Semi,12,63,11,22849300
3215,Mumbai,Bandra,16.886627,78.299601,Plot,4761,1,1,10,No,Semi,6,71,80,41106474
3216,Pune,Hinjewadi,13.78011,77.817531,Independent House,983,5,4,7,No,Semi,11,93,13,8278826
3217,Mumbai,Andheri,12.663197,79.390981,Independent House,1908,4,3,22,Yes,Semi,27,65,26,23538996
3218,Pune,Wakad,18.345585,73.819546,Villa,1509,1,1,20,No,Semi,10,57,20,7490676
3219,Mumbai,Bandra,16.245954,74.039352,Plot,4652,3,2,4,Yes,Semi,28,83,84,60480652
3220,Bengaluru,Electronic City,14.472224,76.864252,Villa,2681,1,1,10,Yes,Semi,22,99,34,25051264
3221,Pune,Kharadi,17.820199,79.345646,Villa,1891,4,3,22,Yes,Semi,11,50,57,16084846
3222,Bengaluru,Whitefield,17.64118,73.399374,Villa,4885,1,1,22,Yes,Semi,7,71,97,46808070
3223,Hyderabad,Gachibowli,15.21642,72.776097,Villa,1080,5,4,3,Yes,Semi,11,50,85,11026800
3224,Mumbai,Andheri,16.621483,79.570996,Apartment,2563,5,4,14,No,Unfurnished,0,86,17,23297670
3225,Hyderabad,Banjara Hills,18.830776,76.670184,Apartment,4234,2,1,19,No,Semi,21,81,47,61740188
3226,Mumbai,Powai,16.035467,77.34778,Villa,1918,1,1,18,Yes,Unfurnished,7,81,59,8487150
3227,Hyderabad,Gachibowli,14.287548,73.380012,Apartment,3694,5,4,8,Yes,Unfurnished,14,91,51,49676912
3228,Mumbai,Bandra,17.359583,72.517114,Independent House,3603,2,1,5,Yes,Unfurnished,18,92,3,41081406
3229,Pune,Kharadi,12.950711,77.221701,Villa,4604,1,1,21,No,Fully,9,72,61,55689984
3230,Chennai,OMR,13.59421,73.45648,Villa,2003,5,4,1,No,Semi,25,77,60,12731068
3231,Mumbai,Thane,13.508465,78.900514,Apartment,3908,4,3,12,Yes,Unfurnished,24,56,25,28340816
3232,Hyderabad,Kondapur,17.985377,76.393232,Villa,1730,3,2,19,No,Fully,26,58,64,14016460
3233,Mumbai,Andheri,15.145365,72.969946,Plot,3750,1,1,7,No,Unfurnished,25,54,40,39367500
3234,Pune,Baner,15.150674,73.877955,Independent House,1552,4,3,19,Yes,Fully,9,87,7,17618304
3235,Bengaluru,Electronic City,15.99938,76.556877,Villa,4188,3,2,4,Yes,Semi,13,68,92,22895796
3236,Pune,Hinjewadi,17.326777,73.445094,Independent House,2905,2,1,11,No,Unfurnished,10,78,66,14402990
3237,Pune,Hinjewadi,15.056316,73.843787,Plot,2792,4,3,11,No,Semi,10,99,26,14898112
3238,Pune,Hinjewadi,16.540807,79.765253,Plot,2495,5,4,13,No,Fully,3,83,17,34702955
3239,Bengaluru,HSR Layout,14.518678,74.035273,Independent House,4390,3,2,15,No,Semi,16,58,39,19171130
3240,Bengaluru,HSR Layout,15.592483,75.71365,Apartment,3623,1,1,25,Yes,Semi,25,65,58,49338014
3241,Mumbai,Bandra,15.505021,73.986947,Apartment,3946,2,1,21,No,Fully,27,81,63,47174430
3242,Hyderabad,Miyapur,12.472474,76.932845,Independent House,1559,1,1,10,No,Fully,5,84,41,20616216
3243,Pune,Wakad,13.776918,79.345794,Independent House,2406,2,1,12,No,Unfurnished,29,73,76,20681976
3244,Bengaluru,Whitefield,12.137997,76.585475,Apartment,1209,5,4,24,Yes,Unfurnished,5,92,97,9941607
3245,Bengaluru,HSR Layout,16.732649,76.330261,Apartment,1155,2,1,15,No,Semi,3,85,64,10097010
3246,Mumbai,Andheri,12.351637,77.825394,Villa,4938,5,4,10,No,Unfurnished,28,65,47,31099524
3247,Hyderabad,Jubilee Hills,18.937786,72.980632,Plot,1626,1,1,8,Yes,Fully,8,59,67,17471370
3248,Mumbai,Bandra,17.365698,75.763243,Apartment,4219,2,1,16,No,Semi,30,68,57,60192473
3249,Chennai,Velachery,17.994691,76.936049,Independent House,4694,2,1,22,Yes,Fully,26,55,44,65223130
3250,Hyderabad,Banjara Hills,12.106587,72.390822,Villa,4082,1,1,17,Yes,Fully,13,53,88,31864092
3251,Chennai,Velachery,13.811899,79.17137,Plot,1058,5,4,14,No,Semi,5,69,42,10665698
3252,Pune,Wakad,13.682753,78.763193,Independent House,4501,3,2,6,No,Unfurnished,26,85,52,65543562
3253,Chennai,Adyar,16.19419,73.758821,Villa,4874,5,4,20,No,Fully,8,54,30,25768838
3254,Mumbai,Bandra,15.58594,78.492658,Independent House,2294,2,1,10,No,Unfurnished,18,64,68,15190868
3255,Bengaluru,Electronic City,14.662848,79.316845,Independent House,1787,3,2,9,No,Fully,14,84,31,18230974
3256,Chennai,Velachery,12.941744,76.594943,Independent House,3805,5,4,19,No,Fully,3,93,47,48871420
3257,Chennai,OMR,18.46329,72.045242,Villa,1315,4,3,13,Yes,Semi,20,68,2,5337585
3258,Bengaluru,HSR Layout,15.309052,78.258688,Plot,2775,4,3,9,No,Semi,30,56,87,20590500
3259,Pune,Wakad,15.407748,75.454249,Independent House,1774,5,4,9,No,Semi,30,50,24,20908364
3260,Bengaluru,Whitefield,13.205485,73.359082,Independent House,3853,2,1,21,No,Semi,20,88,84,22162456
3261,Chennai,Anna Nagar,18.375889,78.067536,Apartment,3509,2,1,5,No,Fully,27,89,31,51126130
3262,Pune,Hinjewadi,12.449084,78.548059,Independent House,537,2,1,1,Yes,Unfurnished,1,98,22,5760936
3263,Chennai,Adyar,14.025382,79.325585,Apartment,640,2,1,4,No,Fully,7,85,86,5342720
3264,Bengaluru,Electronic City,15.546318,76.817257,Plot,1615,2,1,3,No,Semi,0,98,20,14935520
3265,Chennai,Anna Nagar,13.780456,77.51431,Villa,4774,2,1,7,Yes,Unfurnished,19,85,69,32382042
3266,Chennai,Anna Nagar,12.442291,79.860888,Independent House,605,3,2,17,No,Semi,15,68,9,3832675
3267,Bengaluru,Electronic City,13.078729,79.478639,Apartment,2847,2,1,21,No,Fully,27,85,71,16896945
3268,Pune,Wakad,17.014773,78.686591,Villa,3832,3,2,11,No,Semi,6,58,55,44068000
3269,Chennai,OMR,13.070148,77.557014,Apartment,914,4,3,20,No,Semi,8,66,40,5405396
3270,Mumbai,Powai,17.607382,74.912839,Villa,1505,4,3,5,No,Unfurnished,14,73,19,9928485
3271,Bengaluru,Indiranagar,14.322529,74.401918,Independent House,603,2,1,2,No,Fully,15,63,99,3421422
3272,Hyderabad,Kukatpally,12.555269,78.515371,Villa,4982,3,2,4,Yes,Unfurnished,9,75,5,67336712
3273,Pune,Kharadi,17.40435,78.757695,Villa,1463,2,1,22,No,Fully,26,80,3,8179633
3274,Hyderabad,Miyapur,12.422079,78.253335,Independent House,1159,4,3,22,Yes,Semi,7,67,41,11694310
3275,Pune,Wakad,17.341879,79.114669,Plot,586,4,3,16,No,Unfurnished,1,87,73,3352506
3276,Chennai,Velachery,17.328523,76.654728,Plot,907,5,4,7,No,Fully,28,90,41,10724368
3277,Pune,Baner,14.162344,73.18724,Villa,1805,5,4,25,Yes,Fully,24,71,23,13705365
3278,Mumbai,Thane,18.650393,75.098674,Apartment,1286,5,4,20,Yes,Semi,12,78,43,10511764
3279,Hyderabad,Miyapur,12.54674,79.181036,Villa,991,2,1,20,No,Fully,20,95,54,11264697
3280,Mumbai,Thane,18.556144,78.58439,Villa,840,5,4,12,Yes,Unfurnished,4,96,99,4861080
3281,Pune,Hinjewadi,18.667603,79.067084,Plot,2733,1,1,2,No,Semi,28,100,83,35151846
3282,Hyderabad,Miyapur,14.020668,78.071597,Villa,3721,1,1,5,No,Semi,20,69,94,48607423
3283,Mumbai,Thane,16.243341,78.778225,Independent House,4581,5,4,15,No,Unfurnished,1,65,83,63442269
3284,Hyderabad,Miyapur,18.100582,77.457027,Villa,1477,2,1,24,No,Fully,12,78,75,14427336
3285,Mumbai,Powai,16.07033,72.478353,Villa,4834,1,1,21,No,Unfurnished,19,71,65,53613894
3286,Pune,Hinjewadi,18.312084,74.728286,Villa,2534,3,2,9,No,Semi,1,83,29,12061840
3287,Pune,Hinjewadi,12.188007,74.245041,Independent House,2133,3,2,15,Yes,Unfurnished,21,62,29,15959106
3288,Chennai,Anna Nagar,17.368577,73.038739,Independent House,568,4,3,7,Yes,Fully,6,51,52,5587416
3289,Bengaluru,HSR Layout,12.849751,79.921452,Plot,516,5,4,4,No,Unfurnished,20,52,54,4583628
3290,Mumbai,Bandra,14.662689,72.315073,Independent House,4907,4,3,0,Yes,Fully,14,76,68,22626177
3291,Mumbai,Thane,13.190038,76.624447,Plot,1973,5,4,19,Yes,Fully,4,72,56,21866759
3292,Chennai,Velachery,17.99389,79.126879,Independent House,3016,1,1,18,No,Unfurnished,28,77,51,39886600
3293,Mumbai,Thane,12.49233,77.40285,Independent House,996,1,1,21,Yes,Fully,10,80,49,7118412
3294,Pune,Baner,18.371956,77.695967,Apartment,2853,3,2,22,Yes,Semi,7,59,18,31662594
3295,Mumbai,Thane,18.648543,75.071784,Independent House,2152,1,1,17,Yes,Unfurnished,16,83,68,24599512
3296,Pune,Wakad,14.935273,74.178807,Independent House,4694,2,1,21,No,Unfurnished,11,64,27,44151764
3297,Bengaluru,Whitefield,13.51715,78.640739,Villa,900,1,1,25,Yes,Fully,26,63,82,6558300
3298,Chennai,Adyar,14.713664,78.67903,Villa,3130,5,4,14,No,Semi,14,76,36,44402180
3299,Hyderabad,Madhapur,16.380686,79.572637,Plot,1453,4,3,22,Yes,Unfurnished,16,63,61,14421025
3300,Pune,Baner,13.917216,74.865466,Independent House,4399,3,2,5,Yes,Unfurnished,8,94,12,37435490
3301,Hyderabad,Banjara Hills,14.926446,77.648986,Plot,4071,5,4,22,Yes,Fully,22,87,61,45696975
3302,Pune,Kharadi,18.114866,74.644353,Apartment,4620,3,2,5,No,Fully,16,55,94,57209460
3303,Hyderabad,Kondapur,17.472926,76.464844,Apartment,4677,5,4,0,Yes,Semi,30,55,5,46059096
3304,Chennai,Adyar,17.482457,73.209996,Independent House,3794,5,4,11,No,Semi,19,79,92,37795828
3305,Mumbai,Bandra,18.323019,77.315203,Apartment,3007,3,2,20,No,Semi,20,85,48,12091147
3306,Pune,Kharadi,16.981844,76.129633,Apartment,1461,3,2,0,Yes,Unfurnished,29,99,44,14899278
3307,Mumbai,Thane,12.234985,74.076755,Villa,1303,4,3,10,No,Unfurnished,27,89,25,15725907
3308,Pune,Wakad,17.826157,79.612541,Apartment,4137,3,2,19,No,Fully,21,51,37,45775905
3309,Pune,Wakad,17.400492,76.122105,Villa,2794,4,3,20,No,Semi,15,92,25,35626294
3310,Mumbai,Thane,15.030932,75.750083,Independent House,2940,2,1,15,Yes,Semi,22,81,64,41004180
3311,Mumbai,Thane,16.177423,73.071319,Plot,621,4,3,9,Yes,Unfurnished,21,85,83,4363146
3312,Hyderabad,Gachibowli,16.308926,74.969208,Villa,3650,1,1,14,No,Fully,2,56,98,42726900
3313,Chennai,Adyar,16.674027,74.102588,Villa,3497,3,2,14,Yes,Semi,8,57,83,47629140
3314,Pune,Kharadi,17.615807,77.811216,Independent House,4068,3,2,11,Yes,Unfurnished,1,77,71,29427912
3315,Pune,Kharadi,17.098313,79.680497,Apartment,1377,4,3,14,No,Semi,8,54,99,10151244
3316,Mumbai,Thane,12.905694,79.87036,Apartment,2490,2,1,24,No,Semi,16,83,63,19693410
3317,Hyderabad,Kondapur,12.352597,77.815698,Apartment,1264,4,3,0,Yes,Semi,14,100,70,16348576
3318,Mumbai,Andheri,12.111841,77.310332,Apartment,4515,2,1,10,Yes,Semi,7,70,19,31934595
3319,Pune,Hinjewadi,12.183336,77.575497,Independent House,1683,1,1,24,Yes,Unfurnished,2,79,84,15067899
3320,Mumbai,Andheri,14.666197,76.792327,Apartment,1794,4,3,9,Yes,Unfurnished,2,67,4,9427470
3321,Mumbai,Bandra,14.092172,75.908608,Independent House,1332,5,4,8,No,Fully,21,98,87,7555104
3322,Hyderabad,Gachibowli,18.019715,79.384822,Apartment,4770,4,3,24,Yes,Semi,8,73,21,36643140
3323,Chennai,Adyar,15.292829,73.178665,Independent House,869,5,4,3,No,Fully,26,51,80,6000445
3324,Mumbai,Bandra,16.667839,77.957944,Villa,4776,4,3,0,Yes,Unfurnished,25,96,72,66157152
3325,Pune,Kharadi,13.607069,78.48303,Independent House,1929,5,4,23,No,Fully,29,81,27,17133378
3326,Hyderabad,Jubilee Hills,18.47654,78.26261,Plot,2441,2,1,25,No,Unfurnished,12,93,29,11545930
3327,Mumbai,Powai,16.624881,72.26113,Independent House,3049,5,4,0,Yes,Semi,0,71,91,29425899
3328,Bengaluru,Whitefield,18.666847,73.131481,Apartment,2263,3,2,1,No,Semi,10,93,8,25461013
3329,Mumbai,Powai,15.843818,75.912055,Plot,2491,5,4,17,Yes,Fully,15,92,5,28619099
3330,Mumbai,Andheri,17.887167,79.099643,Independent House,521,3,2,7,Yes,Semi,25,56,91,5952946
3331,Bengaluru,HSR Layout,17.366009,73.838881,Villa,2423,2,1,12,No,Fully,15,86,88,30885981
3332,Mumbai,Thane,16.236246,73.602378,Apartment,3115,4,3,5,Yes,Semi,11,86,44,45559990
3333,Bengaluru,Electronic City,16.472601,77.657735,Independent House,4632,4,3,7,No,Unfurnished,13,68,85,64055928
3334,Chennai,Adyar,13.935107,75.476163,Independent House,3446,4,3,8,Yes,Fully,8,75,91,50938772
3335,Chennai,OMR,15.577841,75.934328,Independent House,2183,5,4,13,Yes,Unfurnished,12,99,62,11205339
3336,Chennai,OMR,14.70367,79.055104,Villa,2556,5,4,1,No,Unfurnished,16,91,17,33092532
3337,Hyderabad,Banjara Hills,18.969289,74.514617,Independent House,1773,5,4,2,No,Fully,2,53,69,13184028
3338,Mumbai,Thane,15.573449,75.812653,Independent House,1801,5,4,15,Yes,Fully,10,80,83,15205843
3339,Pune,Kharadi,14.38491,75.901318,Independent House,3835,2,1,19,Yes,Fully,23,68,49,20739680
3340,Bengaluru,Whitefield,15.96603,78.813764,Independent House,1252,1,1,18,No,Fully,15,73,5,10169996
3341,Pune,Baner,16.258334,79.523078,Villa,1762,4,3,11,Yes,Semi,12,82,92,16240354
3342,Pune,Baner,16.637347,75.571761,Apartment,2816,1,1,1,No,Unfurnished,4,70,84,41245952
3343,Mumbai,Powai,13.839703,78.172371,Independent House,2040,3,2,25,Yes,Semi,5,92,63,20477520
3344,Pune,Kharadi,12.502136,77.539434,Plot,2630,5,4,18,Yes,Fully,10,62,18,12800210
3345,Hyderabad,Banjara Hills,13.886657,75.723265,Villa,2297,2,1,21,No,Fully,5,89,92,27247014
3346,Hyderabad,Jubilee Hills,14.954958,78.965559,Plot,3197,5,4,3,Yes,Semi,17,91,83,18063050
3347,Pune,Hinjewadi,14.783034,76.527492,Independent House,4859,4,3,9,No,Unfurnished,18,84,58,51024359
3348,Chennai,Velachery,16.356905,75.661883,Independent House,3428,2,1,14,No,Semi,8,100,88,22847620
3349,Hyderabad,Miyapur,14.490441,78.961855,Plot,3365,5,4,12,No,Unfurnished,15,52,5,21384575
3350,Bengaluru,Indiranagar,18.789748,72.456526,Apartment,2345,1,1,7,Yes,Unfurnished,2,65,1,31852135
3351,Chennai,OMR,18.82897,76.931235,Plot,1408,5,4,19,No,Semi,13,92,13,15440128
3352,Hyderabad,Kukatpally,13.733238,77.591535,Villa,2826,2,1,0,No,Unfurnished,27,68,33,17419464
3353,Mumbai,Andheri,17.158131,78.506103,Apartment,3260,5,4,25,Yes,Fully,21,94,84,25186760
3354,Hyderabad,Madhapur,16.916217,78.952124,Villa,3341,3,2,3,No,Semi,1,97,100,23647598
3355,Pune,Wakad,13.298705,78.978608,Plot,2199,4,3,24,No,Unfurnished,19,66,58,19791000
3356,Hyderabad,Kukatpally,15.100173,76.214081,Villa,794,5,4,3,No,Semi,18,76,42,4305862
3357,Bengaluru,Whitefield,13.806588,76.362617,Apartment,4981,1,1,6,No,Fully,16,62,77,39324995
3358,Bengaluru,HSR Layout,15.582635,75.27049,Villa,2709,1,1,15,Yes,Semi,29,58,66,29622915
3359,Bengaluru,Indiranagar,14.112584,78.354287,Villa,4291,4,3,3,Yes,Unfurnished,28,56,16,47848941
3360,Pune,Baner,15.037482,72.96106,Apartment,4982,5,4,6,Yes,Unfurnished,11,77,43,24073024
3361,Hyderabad,Kukatpally,16.134789,77.987727,Plot,4450,4,3,12,No,Semi,13,61,7,66451850
3362,Pune,Hinjewadi,13.840043,79.930703,Plot,2001,1,1,21,Yes,Unfurnished,30,87,27,28970478
3363,Bengaluru,Electronic City,15.885657,72.004435,Independent House,775,1,1,10,Yes,Unfurnished,5,71,83,6060500
3364,Chennai,Velachery,14.835936,73.209319,Independent House,3359,4,3,15,Yes,Semi,3,73,90,39075247
3365,Bengaluru,HSR Layout,17.101854,74.900822,Villa,2416,3,2,22,No,Semi,16,88,48,22362496
3366,Chennai,Velachery,14.143908,73.164136,Villa,1969,3,2,13,No,Fully,25,65,70,9232641
3367,Pune,Baner,15.440335,77.037887,Apartment,4083,4,3,12,Yes,Unfurnished,0,94,99,41805837
3368,Chennai,OMR,13.037157,79.021617,Plot,4178,4,3,22,Yes,Fully,6,70,40,35408550
3369,Chennai,OMR,16.875444,73.13693,Villa,2379,2,1,12,No,Unfurnished,3,71,78,21991476
3370,Chennai,Velachery,13.321261,77.667476,Independent House,745,4,3,3,No,Unfurnished,22,75,91,4323980
3371,Pune,Hinjewadi,18.91064,73.842451,Apartment,742,3,2,0,Yes,Unfurnished,26,82,59,6767782
3372,Pune,Baner,15.964886,79.241039,Independent House,4486,5,4,25,No,Fully,8,79,93,29172458
3373,Mumbai,Andheri,18.715996,77.976806,Apartment,4690,2,1,18,Yes,Fully,12,70,62,36835260
3374,Hyderabad,Madhapur,18.765699,79.888764,Apartment,1768,1,1,22,No,Fully,11,75,59,24555752
3375,Pune,Hinjewadi,17.314108,75.506159,Plot,512,1,1,1,No,Unfurnished,0,53,19,4179968
3376,Mumbai,Bandra,17.650629,73.24024,Independent House,3334,4,3,0,No,Semi,13,78,75,16499966
3377,Mumbai,Thane,15.037834,77.079696,Plot,4322,4,3,3,Yes,Unfurnished,19,61,18,26986568
3378,Mumbai,Andheri,13.338165,72.247726,Plot,2750,3,2,18,Yes,Semi,27,89,83,25850000
3379,Pune,Baner,17.925947,75.985545,Villa,2083,4,3,17,No,Semi,9,73,79,22467238
3380,Mumbai,Powai,16.408997,73.540038,Villa,4683,5,4,8,Yes,Fully,11,50,45,46296138
3381,Pune,Hinjewadi,14.523232,73.71829,Villa,2883,2,1,14,No,Semi,20,97,8,31251720
3382,Chennai,Velachery,18.389166,77.938993,Apartment,3410,2,1,17,No,Semi,15,57,81,48582270
3383,Pune,Kharadi,16.303852,78.123554,Villa,2670,2,1,6,No,Fully,19,93,12,32894400
3384,Mumbai,Thane,14.12757,78.655354,Plot,3205,3,2,19,Yes,Fully,26,50,97,28588600
3385,Hyderabad,Banjara Hills,18.241202,74.510988,Villa,2214,1,1,6,No,Unfurnished,8,50,76,13314996
3386,Pune,Wakad,18.59777,78.046153,Villa,1278,3,2,12,Yes,Unfurnished,15,74,96,13490568
3387,Hyderabad,Kukatpally,16.657184,76.606265,Apartment,1231,4,3,10,No,Unfurnished,5,69,37,10584138
3388,Chennai,Velachery,15.454493,75.333711,Apartment,3708,3,2,15,No,Fully,27,82,74,19129572
3389,Bengaluru,Whitefield,12.215353,77.192786,Plot,503,2,1,3,No,Unfurnished,2,76,52,5780979
3390,Chennai,Velachery,14.614399,79.682596,Apartment,4708,1,1,21,Yes,Unfurnished,0,52,86,41496312
3391,Mumbai,Andheri,15.734017,74.689551,Independent House,3239,5,4,24,No,Unfurnished,10,65,80,47325029
3392,Bengaluru,Electronic City,18.402602,79.183206,Plot,4869,2,1,21,Yes,Unfurnished,19,81,73,34477389
3393,Chennai,Adyar,13.779575,77.990875,Independent House,1621,2,1,25,Yes,Semi,17,74,72,18168168
3394,Mumbai,Thane,17.86966,77.088109,Plot,4400,2,1,16,No,Unfurnished,18,91,4,62928800
3395,Hyderabad,Kondapur,17.825108,73.021392,Villa,3715,5,4,24,No,Semi,4,56,1,37785265
3396,Bengaluru,HSR Layout,18.632036,77.629402,Independent House,3046,3,2,17,No,Fully,20,88,51,32470360
3397,Hyderabad,Kukatpally,16.46583,77.857295,Villa,4935,4,3,18,No,Fully,17,56,1,42949305
3398,Chennai,Anna Nagar,15.481666,77.017248,Plot,1236,2,1,17,Yes,Semi,29,54,70,15886308
3399,Pune,Wakad,13.562425,77.159031,Plot,4060,2,1,7,No,Unfurnished,4,90,8,49048860
3400,Hyderabad,Gachibowli,16.815031,75.634183,Apartment,2022,1,1,14,Yes,Fully,1,70,22,12134022
3401,Hyderabad,Kukatpally,16.4206,76.357365,Villa,1189,5,4,8,Yes,Semi,22,66,13,8347969
3402,Bengaluru,HSR Layout,18.068777,77.566507,Plot,2832,5,4,22,Yes,Semi,2,80,13,20322432
3403,Chennai,Adyar,15.671161,78.04616,Plot,2323,3,2,8,Yes,Fully,12,55,22,13540767
3404,Hyderabad,Kondapur,18.386282,77.37249,Villa,2139,1,1,16,No,Unfurnished,21,91,29,10431903
3405,Mumbai,Thane,13.152322,76.060837,Villa,4511,3,2,13,No,Unfurnished,30,74,52,18923645
3406,Chennai,Velachery,18.567994,75.133107,Independent House,4933,2,1,17,Yes,Semi,3,79,72,61761160
3407,Hyderabad,Jubilee Hills,12.623195,79.625939,Plot,4456,2,1,16,Yes,Unfurnished,17,50,92,32822896
3408,Mumbai,Powai,16.672634,73.676899,Plot,2048,4,3,25,Yes,Fully,8,91,62,19226624
3409,Bengaluru,HSR Layout,12.76,78.901184,Plot,3314,3,2,19,Yes,Semi,20,83,79,23930394
3410,Pune,Kharadi,14.390283,72.870417,Plot,2563,1,1,11,Yes,Fully,3,86,92,16287865
3411,Bengaluru,Indiranagar,16.100544,76.577445,Plot,2010,2,1,19,Yes,Unfurnished,23,100,60,18280950
3412,Hyderabad,Jubilee Hills,16.495397,76.480669,Apartment,2295,3,2,17,Yes,Fully,11,94,1,28914705
3413,Mumbai,Andheri,14.504874,75.89038,Plot,2931,5,4,20,Yes,Fully,27,88,76,42827772
3414,Bengaluru,Electronic City,14.857905,72.658612,Plot,4459,5,4,18,Yes,Fully,23,59,53,30133922
3415,Chennai,Velachery,13.058146,78.908016,Apartment,2410,3,2,6,No,Unfurnished,15,60,16,26093070
3416,Hyderabad,Miyapur,12.332747,78.92342,Plot,3232,3,2,22,Yes,Fully,26,71,15,42403840
3417,Chennai,OMR,16.908939,72.933952,Villa,2360,5,4,2,No,Fully,5,78,90,10070120
3418,Chennai,Anna Nagar,17.61839,76.642876,Independent House,3742,2,1,20,No,Unfurnished,0,98,59,39407002
3419,Pune,Kharadi,17.435889,77.592801,Independent House,1795,1,1,17,Yes,Fully,3,82,53,9466830
3420,Mumbai,Thane,14.445162,78.209672,Plot,3293,5,4,15,Yes,Semi,9,83,2,14443098
3421,Bengaluru,Indiranagar,13.256613,72.091981,Apartment,992,5,4,0,Yes,Semi,6,97,24,14624064
3422,Mumbai,Bandra,14.163956,79.072563,Independent House,4166,5,4,13,Yes,Fully,30,60,83,41751652
3423,Chennai,OMR,13.888106,73.463879,Independent House,806,1,1,21,Yes,Semi,19,100,75,11628968
3424,Chennai,Velachery,17.464796,76.240199,Independent House,2510,3,2,10,Yes,Fully,24,94,64,13714640
3425,Hyderabad,Madhapur,13.083655,77.02551,Independent House,792,4,3,24,No,Semi,3,54,82,5871096
3426,Bengaluru,HSR Layout,14.457103,78.380547,Independent House,1475,3,2,11,Yes,Unfurnished,15,74,90,12046325
3427,Pune,Hinjewadi,18.71714,79.918775,Plot,4620,1,1,21,Yes,Semi,21,52,58,42564060
3428,Hyderabad,Kukatpally,17.688771,75.176097,Apartment,3029,1,1,13,No,Fully,10,90,42,34924370
3429,Chennai,Anna Nagar,12.021372,72.546713,Apartment,2526,1,1,1,Yes,Fully,20,89,52,30660588
3430,Chennai,Anna Nagar,17.599591,76.769126,Independent House,1507,3,2,6,Yes,Fully,4,98,22,8683334
3431,Pune,Hinjewadi,14.54282,79.358431,Apartment,1134,2,1,4,Yes,Unfurnished,17,60,17,11448864
3432,Mumbai,Andheri,14.252737,72.11121,Independent House,2692,2,1,22,Yes,Unfurnished,24,80,79,15974328
3433,Chennai,OMR,16.686684,75.744094,Independent House,4861,1,1,7,Yes,Fully,12,52,38,30006953
3434,Hyderabad,Banjara Hills,13.602815,76.101377,Apartment,3908,3,2,16,No,Fully,9,63,45,33214092
3435,Hyderabad,Jubilee Hills,13.561472,75.810483,Plot,2285,5,4,15,No,Semi,19,72,53,21351040
3436,Bengaluru,HSR Layout,17.091977,72.425758,Independent House,1590,2,1,18,Yes,Fully,11,74,40,9188610
3437,Bengaluru,Indiranagar,17.481298,75.080645,Apartment,3779,3,2,18,No,Semi,16,64,10,30602342
3438,Bengaluru,Electronic City,18.373723,76.36154,Independent House,4295,2,1,11,No,Unfurnished,19,95,71,62183010
3439,Hyderabad,Kukatpally,18.834817,74.99452,Villa,1491,2,1,24,Yes,Fully,15,95,28,12918024
3440,Mumbai,Bandra,14.616753,79.503096,Apartment,1186,4,3,7,No,Fully,24,59,88,13736252
3441,Mumbai,Powai,16.787748,78.468827,Apartment,3454,4,3,20,No,Unfurnished,20,89,45,38028540
3442,Chennai,Adyar,15.119419,72.880584,Independent House,2767,5,4,11,No,Semi,10,61,11,20929588
3443,Chennai,Adyar,16.603301,77.594574,Apartment,3291,4,3,5,No,Fully,8,56,53,44619378
3444,Pune,Kharadi,12.460958,76.143244,Villa,2781,3,2,16,Yes,Semi,24,54,85,26272107
3445,Hyderabad,Kukatpally,14.70695,76.363137,Apartment,1734,4,3,3,No,Unfurnished,3,51,90,11520696
3446,Pune,Kharadi,14.383099,73.649854,Apartment,4491,1,1,7,No,Unfurnished,17,88,3,54538704
3447,Mumbai,Bandra,12.838661,79.866783,Villa,2740,2,1,16,No,Semi,25,84,94,20210240
3448,Pune,Kharadi,16.098794,79.930601,Villa,4245,2,1,18,Yes,Semi,20,62,15,49810830
3449,Hyderabad,Gachibowli,12.292038,79.304086,Independent House,2840,3,2,11,No,Fully,29,51,29,35494320
3450,Mumbai,Thane,12.417577,73.116139,Independent House,1400,2,1,11,No,Unfurnished,9,61,99,8257200
3451,Bengaluru,Indiranagar,13.195921,79.030956,Plot,4504,3,2,3,No,Unfurnished,6,89,32,30127256
3452,Hyderabad,Banjara Hills,16.608494,74.486565,Independent House,1224,3,2,12,No,Unfurnished,22,96,85,7046568
3453,Hyderabad,Madhapur,13.768801,74.552045,Plot,3604,3,2,24,No,Semi,1,92,22,35120980
3454,Mumbai,Bandra,14.035484,73.399076,Villa,1406,5,4,0,No,Unfurnished,24,98,6,8031072
3455,Bengaluru,HSR Layout,12.857236,73.198974,Apartment,811,5,4,17,Yes,Semi,28,70,1,10317542
3456,Pune,Baner,17.643485,78.504756,Independent House,1968,5,4,2,Yes,Semi,18,54,11,17332176
3457,Bengaluru,Electronic City,12.73811,74.242505,Independent House,1534,4,3,22,Yes,Semi,28,68,13,16912350
3458,Mumbai,Bandra,17.16426,75.820577,Independent House,543,3,2,18,No,Unfurnished,20,88,86,2935458
3459,Hyderabad,Kondapur,17.934673,75.115536,Villa,2767,3,2,11,No,Unfurnished,19,84,5,35204541
3460,Chennai,Adyar,14.693127,74.724926,Villa,620,2,1,24,Yes,Semi,5,82,16,5478940
3461,Bengaluru,HSR Layout,15.882412,73.661861,Plot,4539,3,2,21,Yes,Unfurnished,21,79,34,26426058
3462,Hyderabad,Kukatpally,12.747298,78.626407,Apartment,2127,1,1,23,Yes,Semi,22,93,59,15076176
3463,Mumbai,Andheri,18.546828,76.976214,Plot,3305,2,1,15,Yes,Unfurnished,26,53,63,46402200
3464,Chennai,Anna Nagar,14.881817,74.36048,Independent House,2120,5,4,9,Yes,Unfurnished,6,93,67,24882440
3465,Pune,Wakad,17.534426,79.742292,Plot,2197,4,3,25,Yes,Fully,17,100,42,30755803
3466,Hyderabad,Jubilee Hills,12.918528,73.923375,Apartment,2677,4,3,12,No,Semi,5,58,67,34137104
3467,Mumbai,Thane,14.629843,74.305428,Independent House,1228,3,2,20,Yes,Unfurnished,12,68,30,9497352
3468,Chennai,OMR,18.559625,78.006523,Apartment,987,4,3,4,No,Fully,1,58,85,6297060
3469,Pune,Hinjewadi,17.516456,72.053163,Plot,3079,3,2,22,No,Fully,11,100,79,31941546
3470,Pune,Wakad,17.32683,76.461208,Plot,3735,3,2,25,Yes,Unfurnished,1,59,37,21816135
3471,Bengaluru,HSR Layout,12.561592,73.019366,Villa,1340,2,1,0,No,Unfurnished,14,85,67,17622340
3472,Hyderabad,Kukatpally,15.923394,77.063431,Apartment,4731,2,1,15,Yes,Unfurnished,27,75,8,31182021
3473,Mumbai,Bandra,15.4382,78.677784,Apartment,514,5,4,22,Yes,Unfurnished,2,53,43,3631924
3474,Chennai,OMR,18.998791,75.374191,Apartment,989,1,1,17,Yes,Unfurnished,22,78,34,9176931
3475,Pune,Kharadi,12.359117,72.225206,Plot,4410,5,4,21,Yes,Fully,23,70,26,28404810
3476,Chennai,Velachery,17.839421,77.584748,Apartment,1243,4,3,21,Yes,Fully,25,94,54,6111831
3477,Chennai,OMR,17.396722,74.579325,Villa,2874,2,1,2,Yes,Unfurnished,5,82,88,14924682
3478,Bengaluru,Electronic City,14.947643,79.847158,Plot,2751,3,2,9,Yes,Unfurnished,14,55,97,18503226
3479,Pune,Hinjewadi,16.499729,79.109081,Villa,2228,5,4,18,No,Semi,3,64,66,27241756
3480,Chennai,Anna Nagar,17.620479,79.028149,Plot,2470,4,3,17,Yes,Fully,14,60,90,28819960
3481,Hyderabad,Kukatpally,12.11301,72.590019,Independent House,3162,1,1,1,No,Unfurnished,3,66,13,46642662
3482,Mumbai,Andheri,15.796451,76.107065,Apartment,2293,4,3,12,No,Fully,1,85,20,21510633
3483,Pune,Wakad,15.739215,78.101314,Plot,4303,4,3,7,No,Unfurnished,25,99,43,42548064
3484,Mumbai,Thane,13.182954,78.98596,Villa,1777,2,1,21,Yes,Unfurnished,23,73,62,19911285
3485,Bengaluru,Whitefield,14.107697,74.891053,Villa,4313,5,4,1,Yes,Semi,14,57,9,52467645
3486,Pune,Kharadi,16.335629,75.43802,Apartment,4113,3,2,4,Yes,Fully,26,67,33,50116905
3487,Bengaluru,Electronic City,15.585527,73.998527,Plot,1631,4,3,23,No,Fully,16,97,29,10296503
3488,Pune,Wakad,18.454504,75.44287,Independent House,4255,5,4,11,No,Fully,14,79,34,57616955
3489,Hyderabad,Banjara Hills,16.481066,78.990497,Plot,4054,1,1,14,No,Fully,21,55,5,41452150
3490,Chennai,Velachery,12.845044,77.30544,Plot,3806,1,1,16,Yes,Unfurnished,27,92,77,27395588
3491,Bengaluru,Whitefield,14.85932,74.813182,Villa,3509,3,2,7,Yes,Unfurnished,18,92,68,15148353
3492,Hyderabad,Miyapur,18.841477,76.207256,Plot,1071,1,1,10,Yes,Fully,13,68,33,14039739
3493,Bengaluru,Whitefield,13.361915,76.604096,Apartment,2761,5,4,8,No,Unfurnished,4,98,23,41097485
3494,Bengaluru,HSR Layout,15.060211,75.868485,Independent House,3588,1,1,0,No,Unfurnished,0,50,62,27358500
3495,Chennai,Velachery,17.643751,78.761232,Villa,3238,5,4,5,No,Semi,18,56,80,17750716
3496,Hyderabad,Kukatpally,16.456588,77.952644,Plot,1618,5,4,2,Yes,Fully,27,64,31,8486410
3497,Chennai,Adyar,15.463413,74.794574,Independent House,906,2,1,13,No,Semi,0,86,25,13358064
3498,Hyderabad,Gachibowli,12.086525,79.643846,Apartment,749,2,1,15,Yes,Semi,5,82,32,3695566
3499,Pune,Kharadi,14.993949,74.745239,Plot,4906,5,4,22,Yes,Fully,19,62,64,43550562
3500,Chennai,OMR,13.063165,78.47238,Villa,748,1,1,8,Yes,Semi,0,77,66,7986396
3501,Bengaluru,HSR Layout,17.203701,75.678174,Independent House,1381,4,3,4,No,Semi,3,64,87,10919567
3502,Mumbai,Bandra,18.361874,72.561434,Villa,3039,4,3,16,No,Unfurnished,19,88,51,30228933
3503,Bengaluru,Whitefield,17.730034,77.060506,Apartment,4415,2,1,1,No,Fully,0,74,66,44383995
3504,Mumbai,Powai,18.122589,73.965382,Plot,4129,2,1,14,Yes,Unfurnished,27,53,10,28630486
3505,Hyderabad,Jubilee Hills,12.160169,74.751244,Plot,4738,3,2,15,No,Unfurnished,14,83,74,35795590
3506,Chennai,Anna Nagar,14.668161,72.776269,Apartment,1463,2,1,6,No,Unfurnished,24,99,40,13095313
3507,Pune,Kharadi,14.790323,77.659517,Apartment,1042,3,2,15,No,Fully,3,91,82,6775084
3508,Chennai,Adyar,15.992393,75.79536,Villa,3800,2,1,7,Yes,Unfurnished,30,97,97,26337800
3509,Hyderabad,Banjara Hills,17.153017,72.81515,Plot,1967,1,1,25,No,Fully,19,68,44,27240983
3510,Hyderabad,Madhapur,16.611861,74.858804,Apartment,4287,4,3,12,No,Unfurnished,28,52,66,31140768
3511,Bengaluru,Electronic City,13.398643,78.825697,Apartment,2834,1,1,14,No,Semi,21,71,75,38420538
3512,Hyderabad,Banjara Hills,17.368833,78.105304,Apartment,2994,2,1,15,No,Unfurnished,11,56,11,44245332
3513,Bengaluru,HSR Layout,14.950907,72.549738,Villa,2170,3,2,16,Yes,Semi,1,52,78,11796120
3514,Pune,Hinjewadi,13.776909,78.302494,Apartment,2060,4,3,7,No,Fully,27,73,85,24928060
3515,Chennai,Adyar,17.977631,73.23491,Plot,4780,5,4,23,Yes,Semi,15,52,12,43976000
3516,Chennai,Anna Nagar,17.824388,72.787058,Plot,4511,5,4,9,Yes,Unfurnished,6,65,48,28482454
3517,Hyderabad,Kukatpally,15.831488,75.889794,Independent House,2482,1,1,4,Yes,Unfurnished,15,81,72,14894482
3518,Chennai,OMR,14.938056,72.304175,Plot,3679,3,2,22,No,Unfurnished,16,51,45,41550626
3519,Chennai,OMR,18.236817,74.843038,Plot,3939,4,3,21,Yes,Fully,10,69,45,26663091
3520,Hyderabad,Banjara Hills,14.464717,74.965232,Plot,1324,2,1,22,No,Fully,14,87,11,5352932
3521,Chennai,Velachery,18.082028,73.938433,Apartment,599,5,4,2,Yes,Unfurnished,10,67,20,2705683
3522,Hyderabad,Kondapur,13.002255,77.061655,Villa,4530,1,1,13,No,Unfurnished,2,62,10,45617100
3523,Chennai,Anna Nagar,18.488189,73.648937,Independent House,1140,3,2,0,Yes,Fully,26,55,15,9882660
3524,Chennai,Anna Nagar,16.269893,72.37108,Independent House,993,3,2,25,Yes,Unfurnished,26,65,100,12117579
3525,Bengaluru,Indiranagar,16.436803,77.038509,Plot,3687,3,2,17,Yes,Fully,25,72,42,32445600
3526,Hyderabad,Banjara Hills,18.35171,76.863705,Plot,3547,2,1,18,Yes,Semi,10,78,13,20976958
3527,Hyderabad,Kukatpally,13.797391,76.560049,Independent House,2360,5,4,18,No,Unfurnished,29,83,28,25462040
3528,Bengaluru,HSR Layout,17.838782,77.729204,Apartment,3383,1,1,24,No,Semi,20,88,35,38106112
3529,Bengaluru,HSR Layout,14.204918,77.726447,Plot,1976,5,4,7,Yes,Semi,7,73,61,17473768
3530,Mumbai,Bandra,14.471895,79.440987,Apartment,2946,4,3,7,No,Semi,13,90,71,23791896
3531,Chennai,OMR,18.856844,78.005807,Plot,3696,5,4,10,Yes,Semi,3,60,34,51755088
3532,Chennai,Anna Nagar,17.145235,79.264874,Plot,2173,2,1,3,Yes,Fully,3,93,53,28388072
3533,Hyderabad,Kondapur,13.879724,72.86236,Independent House,2490,2,1,18,No,Unfurnished,12,72,98,25094220
3534,Pune,Kharadi,13.453171,79.938767,Villa,4378,2,1,24,Yes,Unfurnished,25,79,12,63752436
3535,Chennai,OMR,16.648913,76.338603,Villa,4315,3,2,20,Yes,Semi,27,95,89,64159735
3536,Mumbai,Bandra,13.755674,78.970265,Plot,2643,3,2,9,Yes,Semi,7,91,49,36840777
3537,Bengaluru,Whitefield,12.818782,73.766746,Plot,1180,2,1,16,Yes,Fully,21,76,3,6812140
3538,Bengaluru,Indiranagar,15.873306,74.450458,Villa,4600,2,1,9,No,Unfurnished,4,56,3,27655200
3539,Hyderabad,Jubilee Hills,13.930829,79.007001,Independent House,3204,1,1,12,Yes,Semi,10,96,10,36000144
3540,Pune,Kharadi,17.363909,78.202723,Apartment,2370,3,2,20,Yes,Unfurnished,21,65,17,24370710
3541,Hyderabad,Madhapur,14.731129,74.318181,Independent House,2293,5,4,7,Yes,Semi,6,56,95,23195988
3542,Mumbai,Powai,13.236118,76.203151,Plot,1157,2,1,10,Yes,Fully,5,92,92,15245789
3543,Pune,Wakad,17.478579,77.606356,Plot,1717,3,2,13,Yes,Unfurnished,10,96,98,10332906
3544,Hyderabad,Gachibowli,18.953742,79.733155,Plot,1849,3,2,4,Yes,Semi,25,65,63,12939302
3545,Bengaluru,Whitefield,16.186025,72.853121,Villa,851,4,3,25,Yes,Fully,0,87,34,7042025
3546,Chennai,Velachery,13.52581,76.861315,Plot,3332,1,1,19,No,Fully,21,66,95,39960676
3547,Pune,Wakad,17.561617,72.663486,Independent House,2593,5,4,4,Yes,Semi,13,90,73,12526783
3548,Hyderabad,Kondapur,16.542318,72.792166,Independent House,604,2,1,17,Yes,Unfurnished,18,85,80,6322068
3549,Mumbai,Thane,15.933801,77.831498,Apartment,2520,2,1,21,Yes,Unfurnished,26,66,75,17292240
3550,Chennai,Anna Nagar,12.701566,79.719202,Plot,815,1,1,6,Yes,Semi,3,66,12,4104340
3551,Hyderabad,Gachibowli,13.669165,76.660835,Villa,2657,5,4,21,No,Semi,17,57,59,19733539
3552,Chennai,Anna Nagar,14.694344,75.463525,Apartment,4837,4,3,3,No,Semi,18,61,7,64554602
3553,Hyderabad,Kukatpally,12.051361,78.675042,Plot,3971,1,1,24,Yes,Fully,30,67,26,27304596
3554,Pune,Baner,15.251144,76.514059,Apartment,563,4,3,2,Yes,Semi,2,93,52,3787864
3555,Pune,Hinjewadi,13.1438,74.445842,Plot,3002,5,4,17,No,Semi,20,54,53,22845220
3556,Mumbai,Bandra,14.585357,78.615332,Villa,4446,3,2,8,No,Fully,15,74,25,40076244
3557,Chennai,Velachery,18.348517,79.036271,Apartment,1860,2,1,5,Yes,Fully,5,97,43,19859220
3558,Pune,Wakad,17.376097,76.56967,Apartment,4275,5,4,15,No,Unfurnished,1,55,8,38864025
3559,Chennai,Anna Nagar,14.840005,72.535856,Plot,2761,2,1,9,No,Semi,4,61,23,39175829
3560,Mumbai,Bandra,14.702763,74.204156,Plot,2554,5,4,24,Yes,Unfurnished,13,90,70,18662078
3561,Bengaluru,HSR Layout,18.702941,75.24804,Apartment,1191,4,3,16,Yes,Fully,23,80,43,12054111
3562,Mumbai,Bandra,16.688757,78.616939,Independent House,2273,5,4,6,Yes,Fully,21,54,4,33992715
3563,Chennai,Velachery,15.399117,77.889968,Plot,3470,4,3,6,No,Semi,29,67,88,16558840
3564,Bengaluru,Indiranagar,16.492232,74.127862,Plot,882,3,2,25,Yes,Fully,22,92,49,4414410
3565,Mumbai,Powai,13.416671,76.642361,Villa,2582,5,4,0,No,Unfurnished,28,75,66,34077236
3566,Mumbai,Thane,14.661344,78.429828,Plot,1341,4,3,22,Yes,Fully,7,70,96,8319564
3567,Hyderabad,Jubilee Hills,15.052598,73.746197,Plot,1550,3,2,12,Yes,Fully,18,70,56,10623700
3568,Pune,Hinjewadi,15.477094,75.259435,Villa,1836,3,2,21,No,Unfurnished,17,61,48,21892464
3569,Chennai,OMR,15.486889,79.589735,Villa,2211,2,1,16,Yes,Fully,29,52,11,20683905
3570,Bengaluru,Electronic City,16.189204,78.486516,Villa,686,2,1,18,Yes,Fully,20,55,9,8141448
3571,Bengaluru,HSR Layout,16.202436,73.898989,Villa,1669,3,2,11,Yes,Fully,25,67,70,11971737
3572,Chennai,OMR,15.915704,76.348252,Plot,1122,3,2,13,Yes,Semi,12,87,31,7985274
3573,Mumbai,Thane,12.6342,72.494868,Independent House,4604,4,3,6,No,Semi,4,82,25,62241476
3574,Pune,Hinjewadi,15.716942,73.332607,Plot,4562,2,1,4,Yes,Semi,8,78,67,49296972
3575,Chennai,OMR,13.658688,79.753102,Apartment,2474,4,3,10,No,Unfurnished,21,60,23,32817610
3576,Pune,Kharadi,14.949979,76.149465,Apartment,1254,3,2,24,No,Fully,9,75,32,10187496
3577,Mumbai,Powai,15.579246,75.65042,Apartment,2732,2,1,10,Yes,Fully,17,82,100,16506744
3578,Hyderabad,Kukatpally,18.136714,73.113173,Plot,4075,3,2,24,Yes,Unfurnished,16,50,6,44910575
3579,Hyderabad,Jubilee Hills,14.806357,79.984309,Plot,813,3,2,10,No,Fully,10,59,49,4812960
3580,Bengaluru,Whitefield,18.104723,72.181797,Independent House,2218,1,1,22,Yes,Unfurnished,27,55,5,28492428
3581,Pune,Baner,17.721122,76.600464,Apartment,552,5,4,6,Yes,Semi,26,93,23,5227440
3582,Mumbai,Andheri,12.092454,77.301323,Independent House,4346,1,1,1,Yes,Semi,28,95,68,35815386
3583,Bengaluru,Indiranagar,12.395121,75.935194,Apartment,1658,3,2,23,No,Semi,19,75,77,6655212
3584,Hyderabad,Kukatpally,17.758399,76.261737,Plot,969,2,1,2,Yes,Fully,27,65,28,12627039
3585,Bengaluru,Indiranagar,14.352087,75.709186,Apartment,1312,2,1,11,No,Unfurnished,5,92,98,8936032
3586,Mumbai,Andheri,14.727636,74.707806,Plot,1646,1,1,13,No,Unfurnished,0,83,22,9464500
3587,Hyderabad,Jubilee Hills,17.682311,75.290623,Villa,3830,1,1,7,No,Fully,1,58,67,38740450
3588,Chennai,Anna Nagar,17.809538,75.078742,Plot,2860,3,2,25,No,Semi,7,51,34,13321880
3589,Bengaluru,Electronic City,13.990872,74.741936,Villa,1841,4,3,18,Yes,Semi,10,76,34,12215035
3590,Chennai,Velachery,16.256321,72.86147,Villa,1600,5,4,8,Yes,Semi,25,79,71,10315200
3591,Chennai,Adyar,17.299617,79.302165,Independent House,3018,1,1,0,Yes,Fully,18,64,25,35171772
3592,Pune,Baner,14.439843,77.987384,Villa,1090,4,3,6,Yes,Unfurnished,22,66,100,13569410
3593,Pune,Hinjewadi,17.867446,77.143565,Plot,2729,3,2,10,No,Unfurnished,12,63,63,37218102
3594,Chennai,Velachery,18.775124,79.196595,Independent House,1207,1,1,23,Yes,Semi,20,69,94,8282434
3595,Mumbai,Andheri,18.032088,78.723367,Plot,2525,2,1,20,Yes,Semi,27,83,98,15344425
3596,Pune,Hinjewadi,13.274417,78.671166,Apartment,4549,5,4,9,No,Fully,21,98,2,22617628
3597,Chennai,Adyar,15.294016,73.880808,Apartment,1634,3,2,19,No,Semi,20,97,51,19150480
3598,Mumbai,Andheri,16.278397,79.671868,Apartment,2853,4,3,19,No,Unfurnished,6,70,22,16567371
3599,Chennai,Velachery,14.669847,73.82415,Independent House,848,3,2,22,Yes,Semi,13,96,62,12496976
3600,Mumbai,Andheri,13.681523,72.51867,Independent House,4306,1,1,2,Yes,Unfurnished,0,52,96,29844886
3601,Pune,Baner,15.574012,75.08501,Apartment,4359,2,1,13,No,Unfurnished,25,80,75,41201268
3602,Hyderabad,Kukatpally,17.989724,79.32958,Apartment,2691,5,4,25,Yes,Unfurnished,29,50,2,33659028
3603,Chennai,Anna Nagar,18.426486,74.16276,Plot,2622,2,1,2,No,Unfurnished,12,87,50,12320778
3604,Pune,Hinjewadi,14.533441,72.045919,Independent House,2662,1,1,20,Yes,Unfurnished,15,81,87,35508418
3605,Mumbai,Powai,12.917127,73.260212,Plot,1517,5,4,17,Yes,Unfurnished,5,88,54,14314412
3606,Hyderabad,Kukatpally,14.772989,77.305158,Villa,3532,4,3,13,No,Semi,14,85,31,40021092
3607,Chennai,Anna Nagar,14.460248,74.880299,Independent House,1154,4,3,6,No,Unfurnished,21,69,13,8802712
3608,Bengaluru,Electronic City,18.087393,74.939766,Plot,4125,2,1,2,Yes,Semi,1,79,8,17675625
3609,Bengaluru,HSR Layout,13.137956,77.705171,Villa,1548,3,2,12,No,Unfurnished,15,99,38,14034168
3610,Chennai,OMR,15.27767,76.591542,Villa,1769,2,1,0,No,Unfurnished,16,54,63,9069663
3611,Mumbai,Powai,14.231737,73.543958,Villa,3044,1,1,10,Yes,Fully,10,55,63,19247212
3612,Hyderabad,Banjara Hills,12.95111,75.093003,Villa,680,1,1,25,No,Fully,29,79,4,6086000
3613,Pune,Baner,17.93482,76.005217,Villa,3357,5,4,24,No,Semi,4,98,50,31434948
3614,Mumbai,Bandra,17.359517,77.706759,Apartment,3460,1,1,11,Yes,Semi,25,64,27,46585440
3615,Chennai,Adyar,14.314598,75.49095,Independent House,2194,4,3,11,Yes,Unfurnished,24,69,68,16569088
3616,Hyderabad,Madhapur,13.118643,74.286857,Apartment,3974,5,4,17,No,Unfurnished,15,50,74,46193776
3617,Hyderabad,Jubilee Hills,12.368439,76.540865,Villa,3798,1,1,2,Yes,Unfurnished,30,59,66,17869590
3618,Mumbai,Powai,12.707903,77.920182,Independent House,4570,3,2,13,Yes,Semi,4,100,32,59780170
3619,Bengaluru,Whitefield,14.102971,74.789238,Villa,2723,1,1,1,Yes,Fully,21,60,11,35200221
3620,Pune,Baner,17.874195,76.393104,Apartment,1842,3,2,3,No,Fully,2,95,64,17742144
3621,Hyderabad,Kondapur,14.875326,78.330609,Plot,2603,5,4,25,No,Unfurnished,26,64,53,28919330
3622,Chennai,Adyar,13.259727,74.626141,Villa,700,1,1,22,Yes,Semi,19,59,54,5300400
3623,Mumbai,Thane,12.998664,75.921693,Independent House,3256,2,1,21,No,Unfurnished,9,72,57,23283656
3624,Bengaluru,Electronic City,15.198587,75.071151,Villa,2164,2,1,11,Yes,Semi,25,91,48,11616352
3625,Pune,Kharadi,14.255975,73.24133,Plot,1929,5,4,5,No,Semi,5,81,18,10065522
3626,Bengaluru,HSR Layout,15.931418,74.217767,Apartment,4569,4,3,1,Yes,Semi,4,92,70,39594954
3627,Bengaluru,Indiranagar,13.255265,75.993807,Apartment,1077,4,3,0,No,Fully,7,82,88,9187887
3628,Hyderabad,Kondapur,14.407704,79.265727,Plot,1311,3,2,21,Yes,Fully,3,68,48,12289314
3629,Hyderabad,Kondapur,15.051967,72.739181,Apartment,4739,3,2,7,Yes,Unfurnished,12,52,28,35727321
3630,Mumbai,Powai,12.674497,76.480984,Villa,2134,4,3,18,No,Unfurnished,11,56,45,14839836
3631,Mumbai,Thane,18.772025,77.236459,Plot,2887,5,4,13,No,Semi,26,71,94,21565890
3632,Mumbai,Powai,14.904022,79.198623,Apartment,4384,1,1,11,Yes,Semi,2,84,72,34865952
3633,Chennai,Anna Nagar,15.777619,77.981631,Plot,3918,1,1,2,Yes,Fully,3,67,27,20365764
3634,Chennai,Adyar,12.043729,76.697221,Apartment,4056,4,3,23,Yes,Unfurnished,18,89,90,22393176
3635,Bengaluru,Indiranagar,12.83587,72.460169,Independent House,1644,4,3,23,No,Fully,17,85,95,8611272
3636,Hyderabad,Madhapur,16.92839,75.183369,Villa,4923,1,1,9,No,Unfurnished,0,83,23,26210052
3637,Mumbai,Thane,15.534839,79.737412,Plot,1928,4,3,6,No,Semi,2,88,33,17085936
3638,Pune,Kharadi,13.76485,76.956949,Apartment,2402,3,2,17,Yes,Semi,9,53,81,26438814
3639,Pune,Wakad,13.601884,78.879052,Independent House,3601,3,2,3,No,Unfurnished,20,66,30,39722631
3640,Pune,Baner,18.062246,74.864853,Villa,764,3,2,20,Yes,Semi,8,78,22,3088852
3641,Bengaluru,Electronic City,18.789107,77.676796,Plot,1286,3,2,11,Yes,Semi,19,62,26,11957228
3642,Pune,Baner,17.796727,78.201041,Apartment,2779,2,1,17,Yes,Fully,11,92,40,28523656
3643,Mumbai,Powai,18.956494,79.469265,Independent House,1943,1,1,18,Yes,Semi,11,98,61,19216270
3644,Mumbai,Powai,16.882428,78.683028,Apartment,2441,4,3,15,No,Semi,20,59,21,22110578
3645,Hyderabad,Miyapur,15.5891,76.802467,Plot,1207,3,2,21,Yes,Fully,3,89,59,5963787
3646,Pune,Hinjewadi,12.362135,73.399685,Plot,1028,2,1,2,No,Fully,7,56,94,11206228
3647,Hyderabad,Kukatpally,18.047248,77.361255,Independent House,1045,4,3,18,No,Semi,13,76,72,7344260
3648,Bengaluru,HSR Layout,18.431919,74.343444,Plot,4912,4,3,7,Yes,Semi,2,58,4,67250192
3649,Hyderabad,Jubilee Hills,14.654341,75.403224,Independent House,4263,5,4,7,No,Semi,27,56,53,61536405
3650,Bengaluru,Whitefield,17.216075,76.977402,Plot,3596,3,2,9,No,Semi,1,67,63,25815684
3651,Hyderabad,Gachibowli,18.809057,79.313337,Plot,2376,4,3,7,No,Fully,28,94,87,13224816
3652,Bengaluru,Indiranagar,14.169639,78.838866,Villa,1959,2,1,5,No,Semi,7,78,89,22908546
3653,Hyderabad,Madhapur,17.669979,76.710246,Villa,4943,2,1,10,No,Unfurnished,3,89,13,38253877
3654,Hyderabad,Banjara Hills,16.302664,74.834875,Apartment,3031,2,1,13,No,Fully,4,58,74,31780035
3655,Hyderabad,Miyapur,14.876295,74.299765,Independent House,1559,1,1,21,No,Fully,26,60,100,21224226
3656,Mumbai,Powai,12.170034,73.840416,Plot,1573,5,4,16,Yes,Fully,20,80,26,17035590
3657,Chennai,Adyar,16.719667,72.236792,Plot,4620,2,1,12,No,Semi,23,81,71,66084480
3658,Bengaluru,HSR Layout,14.237936,79.60059,Plot,4586,1,1,15,No,Semi,9,59,89,20215088
3659,Chennai,Anna Nagar,16.759398,75.291412,Plot,2978,4,3,7,Yes,Semi,23,93,76,31361318
3660,Mumbai,Powai,15.972982,77.094875,Plot,754,5,4,12,No,Fully,10,94,58,10869664
3661,Mumbai,Thane,13.550448,75.620963,Apartment,4330,3,2,21,No,Unfurnished,26,82,75,48024030
3662,Mumbai,Andheri,15.769976,78.805318,Independent House,2483,4,3,7,No,Fully,17,66,29,17224571
3663,Bengaluru,Electronic City,13.959753,75.314989,Plot,4292,4,3,19,Yes,Fully,22,56,19,40722496
3664,Hyderabad,Miyapur,15.145437,75.461006,Independent House,4963,4,3,10,No,Semi,29,100,69,70400155
3665,Chennai,Velachery,17.538026,77.100304,Plot,4993,1,1,3,Yes,Semi,13,58,57,46529767
3666,Bengaluru,Indiranagar,17.92417,74.818397,Villa,3063,4,3,19,Yes,Semi,16,67,62,26262162
3667,Hyderabad,Miyapur,12.948149,74.460709,Plot,3052,2,1,25,No,Fully,15,94,73,31334884
3668,Hyderabad,Kondapur,18.559813,77.331867,Independent House,2256,1,1,18,No,Semi,15,57,28,18282624
3669,Hyderabad,Kukatpally,15.158353,79.349153,Plot,4978,2,1,22,No,Semi,22,80,89,64679154
3670,Hyderabad,Banjara Hills,13.171454,78.517179,Apartment,1799,5,4,19,No,Semi,2,56,33,9822540
3671,Hyderabad,Kondapur,18.356644,77.529125,Plot,531,3,2,19,Yes,Fully,1,95,84,7500906
3672,Bengaluru,Electronic City,14.401678,77.133156,Villa,3574,5,4,5,Yes,Fully,12,95,71,18431118
3673,Pune,Baner,18.037157,78.924449,Plot,4990,2,1,8,No,Semi,12,94,2,36711430
3674,Mumbai,Bandra,17.517609,75.795996,Independent House,4771,4,3,11,No,Fully,27,57,53,23206144
3675,Mumbai,Powai,18.313921,79.177493,Villa,962,4,3,23,No,Unfurnished,28,53,62,12371320
3676,Bengaluru,Electronic City,18.478102,75.249496,Independent House,4308,3,2,11,No,Fully,24,88,28,44467176
3677,Bengaluru,Electronic City,12.662942,72.702673,Plot,4322,2,1,4,Yes,Unfurnished,0,85,33,43989316
3678,Chennai,Anna Nagar,12.447107,72.968561,Apartment,4270,1,1,15,Yes,Unfurnished,29,91,38,49258720
3679,Mumbai,Bandra,17.543911,76.996836,Plot,4571,1,1,18,No,Semi,19,74,43,34552189
3680,Bengaluru,HSR Layout,13.423883,72.208046,Plot,1127,5,4,20,Yes,Semi,21,75,4,9611056
3681,Bengaluru,Whitefield,16.287758,78.549471,Independent House,1975,1,1,20,Yes,Unfurnished,12,78,74,11089625
3682,Bengaluru,HSR Layout,16.55231,73.95999,Plot,3415,5,4,1,No,Unfurnished,14,94,2,20046050
3683,Chennai,Adyar,14.155729,75.004117,Independent House,3681,2,1,19,No,Fully,6,61,40,34700787
3684,Mumbai,Bandra,16.225074,76.548157,Independent House,4049,4,3,6,No,Unfurnished,15,52,20,33047938
3685,Bengaluru,Whitefield,14.266578,72.597827,Villa,4846,4,3,19,No,Fully,24,79,55,62590936
3686,Mumbai,Thane,16.956488,76.962086,Apartment,3028,5,4,14,No,Fully,1,94,54,32923444
3687,Hyderabad,Madhapur,16.651875,79.723514,Plot,1576,1,1,1,Yes,Unfurnished,3,89,39,9777504
3688,Bengaluru,HSR Layout,18.730405,76.581913,Villa,4572,3,2,18,No,Fully,27,64,64,32255460
3689,Bengaluru,HSR Layout,12.762379,72.905384,Plot,1812,4,3,6,Yes,Semi,14,84,59,9560112
3690,Chennai,Anna Nagar,18.938191,72.037614,Apartment,1867,4,3,1,No,Unfurnished,24,57,5,27700679
3691,Hyderabad,Madhapur,13.314477,73.722116,Villa,4547,2,1,4,No,Fully,30,79,25,25103987
3692,Pune,Kharadi,13.921759,79.7975,Villa,4687,5,4,16,Yes,Unfurnished,14,56,84,42173626
3693,Bengaluru,Whitefield,18.000477,78.980639,Villa,3149,1,1,17,No,Fully,16,51,16,34478401
3694,Bengaluru,Electronic City,16.876382,75.140997,Independent House,2921,4,3,2,Yes,Semi,6,67,29,25336754
3695,Chennai,Anna Nagar,17.978734,74.308695,Apartment,1450,4,3,8,Yes,Unfurnished,30,62,83,20039000
3696,Hyderabad,Jubilee Hills,12.540468,73.924197,Plot,3381,2,1,16,Yes,Fully,3,100,46,41680968
3697,Mumbai,Andheri,12.39734,74.288181,Independent House,714,1,1,1,No,Unfurnished,23,71,87,2870994
3698,Pune,Kharadi,16.429667,73.908147,Apartment,1712,2,1,6,No,Fully,3,91,3,9140368
3699,Chennai,Adyar,15.408733,78.481491,Plot,3569,5,4,20,Yes,Fully,13,70,6,45112160
3700,Hyderabad,Miyapur,13.359882,78.523795,Villa,4848,4,3,4,Yes,Fully,20,84,88,60711504
3701,Hyderabad,Jubilee Hills,14.818578,77.593903,Villa,3913,1,1,1,No,Unfurnished,8,60,58,35823515
3702,Mumbai,Andheri,15.139872,79.828248,Villa,923,2,1,17,No,Semi,4,71,67,11000314
3703,Mumbai,Powai,16.272166,74.286755,Villa,1435,2,1,9,No,Unfurnished,19,96,10,17588795
3704,Chennai,Anna Nagar,17.380172,73.869395,Apartment,2276,2,1,13,No,Semi,25,94,7,30792004
3705,Mumbai,Powai,15.811478,79.856752,Plot,3729,5,4,7,No,Fully,25,73,74,18011070
3706,Mumbai,Andheri,12.161157,78.954793,Villa,589,5,4,4,Yes,Fully,23,98,31,6713422
3707,Mumbai,Powai,12.925767,72.226692,Apartment,643,1,1,1,Yes,Unfurnished,19,57,96,3684390
3708,Pune,Wakad,18.264893,79.476001,Apartment,1446,1,1,0,Yes,Semi,17,84,46,13109436
3709,Mumbai,Powai,17.255289,72.574664,Apartment,2396,4,3,23,No,Unfurnished,2,50,67,25692308
3710,Hyderabad,Kondapur,14.049773,77.438658,Apartment,2262,4,3,25,No,Unfurnished,20,61,89,23411700
3711,Pune,Wakad,15.782148,73.180453,Plot,1208,5,4,15,No,Unfurnished,8,50,67,11430096
3712,Pune,Baner,16.473512,74.649646,Independent House,1808,3,2,14,Yes,Fully,6,61,90,20112192
3713,Hyderabad,Madhapur,14.469153,75.477687,Villa,1773,1,1,15,No,Unfurnished,1,79,17,13547493
3714,Chennai,Velachery,16.697367,75.940477,Villa,1984,3,2,5,Yes,Semi,20,74,5,17760768
3715,Bengaluru,Whitefield,17.263521,79.135525,Apartment,4203,1,1,2,No,Unfurnished,3,56,19,42925239
3716,Pune,Wakad,15.886436,78.00743,Villa,1216,2,1,4,Yes,Unfurnished,30,75,51,17909248
3717,Hyderabad,Miyapur,15.95023,78.802583,Independent House,1320,3,2,7,Yes,Fully,25,82,18,15282960
3718,Hyderabad,Kukatpally,15.315177,77.040164,Apartment,2212,2,1,16,No,Semi,20,96,62,22796872
3719,Mumbai,Andheri,12.560737,76.11633,Plot,3781,2,1,22,No,Fully,17,68,13,43262202
3720,Hyderabad,Madhapur,18.726811,74.066839,Apartment,2334,3,2,21,No,Unfurnished,25,93,70,16629750
3721,Bengaluru,HSR Layout,14.149121,75.864923,Villa,653,2,1,11,Yes,Unfurnished,4,86,23,5122785
3722,Hyderabad,Madhapur,14.900457,75.128202,Apartment,1845,3,2,21,No,Unfurnished,5,92,2,22523760
3723,Mumbai,Powai,16.177618,79.959772,Plot,3478,3,2,23,Yes,Fully,12,53,72,18256022
3724,Mumbai,Bandra,18.775201,74.958969,Apartment,1678,2,1,17,No,Semi,0,95,82,24862926
3725,Mumbai,Andheri,17.542702,76.592774,Apartment,913,1,1,23,Yes,Fully,3,67,88,9770013
3726,Mumbai,Thane,13.339064,79.630777,Apartment,3024,3,2,15,No,Unfurnished,21,71,79,37246608
3727,Bengaluru,Indiranagar,12.27705,76.438376,Villa,3967,2,1,0,No,Unfurnished,11,85,77,55986271
3728,Chennai,OMR,14.989747,74.74712,Apartment,3453,1,1,13,Yes,Fully,4,92,70,35020326
3729,Hyderabad,Gachibowli,12.724312,77.682381,Villa,2878,1,1,2,Yes,Unfurnished,29,80,20,38291790
3730,Mumbai,Bandra,18.002096,76.743075,Villa,2606,5,4,16,No,Semi,19,58,12,25319896
3731,Pune,Baner,12.035541,76.854304,Apartment,3340,4,3,18,No,Fully,21,91,39,40126760
3732,Bengaluru,HSR Layout,16.879201,72.377154,Independent House,3327,1,1,12,Yes,Fully,2,92,84,35312778
3733,Chennai,OMR,18.585342,78.986563,Independent House,506,3,2,7,No,Fully,27,84,65,5758786
3734,Mumbai,Andheri,13.40497,74.256227,Independent House,3268,5,4,11,No,Fully,21,98,48,17277916
3735,Pune,Wakad,16.929457,77.683659,Villa,4411,4,3,13,Yes,Fully,24,64,59,62477404
3736,Chennai,OMR,12.185101,78.410671,Villa,2988,2,1,6,No,Fully,26,100,94,33304248
3737,Pune,Kharadi,17.611217,77.460628,Villa,1641,3,2,4,Yes,Semi,2,97,30,12757134
3738,Hyderabad,Miyapur,12.757637,79.406836,Plot,1384,1,1,2,No,Unfurnished,25,59,77,13304392
3739,Bengaluru,HSR Layout,16.338493,77.102572,Independent House,2064,3,2,4,Yes,Semi,13,82,71,14658528
3740,Hyderabad,Miyapur,14.859715,79.01148,Plot,2917,2,1,21,Yes,Unfurnished,0,60,91,29835076
3741,Chennai,Anna Nagar,12.156156,77.238973,Villa,1598,2,1,4,No,Unfurnished,17,95,31,15499002
3742,Pune,Hinjewadi,14.517382,76.03024,Apartment,2809,2,1,8,No,Unfurnished,6,76,97,17064675
3743,Hyderabad,Kondapur,13.231007,74.572189,Villa,1546,2,1,19,No,Unfurnished,2,90,66,13549144
3744,Bengaluru,Whitefield,15.404749,75.332243,Apartment,2628,4,3,6,Yes,Fully,19,91,6,11904840
3745,Mumbai,Bandra,18.775611,78.867302,Plot,3031,4,3,12,Yes,Unfurnished,21,55,65,34080564
3746,Mumbai,Andheri,14.757716,73.686387,Plot,3907,4,3,20,No,Semi,16,71,91,52498359
3747,Pune,Hinjewadi,16.031662,72.707852,Villa,4083,4,3,25,Yes,Semi,1,60,36,49171569
3748,Chennai,Adyar,17.978214,74.168382,Plot,2858,3,2,3,No,Fully,4,69,44,17133710
3749,Mumbai,Powai,14.640609,75.867014,Independent House,2158,5,4,23,Yes,Fully,25,96,19,32316050
3750,Pune,Kharadi,14.825936,72.402623,Independent House,4019,5,4,22,Yes,Semi,3,96,63,41367567
3751,Chennai,Adyar,15.170513,73.148545,Independent House,1692,4,3,18,No,Unfurnished,10,75,74,14739012
3752,Pune,Baner,17.889736,77.027873,Villa,1436,2,1,14,No,Fully,9,97,89,8709340
3753,Bengaluru,HSR Layout,13.998362,78.163219,Plot,2318,3,2,11,No,Unfurnished,21,97,55,9696194
3754,Hyderabad,Banjara Hills,13.700437,78.03166,Apartment,1705,5,4,3,No,Unfurnished,12,100,58,7563380
3755,Chennai,Velachery,12.029849,73.933426,Apartment,3680,1,1,1,Yes,Unfurnished,27,88,81,51063680
3756,Pune,Hinjewadi,12.672347,73.587207,Independent House,2013,1,1,9,No,Fully,11,61,20,23634633
3757,Chennai,Anna Nagar,13.774695,72.779377,Villa,2967,3,2,0,No,Fully,21,76,39,32085138
3758,Hyderabad,Kukatpally,16.221762,74.34447,Villa,1634,1,1,8,No,Semi,7,59,74,11931468
3759,Mumbai,Bandra,13.358754,78.868313,Independent House,3535,4,3,5,Yes,Fully,11,58,78,42741685
3760,Bengaluru,Indiranagar,18.293299,74.182473,Villa,1391,5,4,8,No,Semi,13,60,1,6251154
3761,Hyderabad,Kondapur,16.052579,75.24683,Apartment,2113,3,2,10,Yes,Unfurnished,26,76,92,17157560
3762,Bengaluru,HSR Layout,14.859413,74.249418,Villa,1701,3,2,25,Yes,Fully,1,98,15,10073322
3763,Chennai,Anna Nagar,18.352037,72.201785,Apartment,3575,1,1,12,Yes,Semi,6,73,85,37512475
3764,Pune,Wakad,12.847067,74.1456,Apartment,3598,5,4,17,No,Unfurnished,23,88,84,21944202
3765,Pune,Hinjewadi,16.98921,77.877064,Villa,2216,2,1,10,Yes,Fully,0,93,48,27717728
3766,Bengaluru,Indiranagar,15.828704,73.820859,Independent House,3887,3,2,0,Yes,Fully,26,69,38,51568829
3767,Hyderabad,Miyapur,13.218145,79.956677,Villa,1310,4,3,23,Yes,Semi,17,70,38,6139970
3768,Chennai,Adyar,18.470879,75.861597,Villa,2290,5,4,18,Yes,Unfurnished,1,96,76,10247750
3769,Mumbai,Bandra,12.642045,76.557046,Apartment,1791,5,4,20,No,Unfurnished,12,75,88,16878384
3770,Hyderabad,Gachibowli,18.91004,73.850828,Villa,4100,4,3,14,No,Unfurnished,13,58,50,22882100
3771,Bengaluru,Electronic City,13.932136,72.161257,Independent House,1660,3,2,8,No,Semi,11,99,31,6777780
3772,Pune,Kharadi,17.173376,74.309818,Apartment,4331,1,1,6,No,Fully,28,66,83,22789722
3773,Mumbai,Thane,13.460728,79.051096,Villa,3110,4,3,18,Yes,Unfurnished,6,88,91,22917590
3774,Bengaluru,Electronic City,12.628364,75.937818,Apartment,3827,5,4,3,No,Fully,1,60,24,34684101
3775,Mumbai,Bandra,12.600844,75.012706,Plot,941,5,4,0,No,Semi,22,93,39,9244384
3776,Mumbai,Andheri,14.171583,74.259882,Apartment,781,1,1,15,No,Semi,21,68,93,6333910
3777,Pune,Hinjewadi,12.238461,79.033761,Plot,2903,1,1,3,No,Unfurnished,24,66,51,31413363
3778,Hyderabad,Jubilee Hills,12.591344,77.256319,Plot,2831,5,4,7,No,Unfurnished,24,68,35,23619033
3779,Pune,Kharadi,18.779735,78.236496,Villa,2924,5,4,5,Yes,Fully,1,53,53,33166932
3780,Bengaluru,Electronic City,17.659103,78.675621,Apartment,2496,2,1,17,Yes,Fully,11,69,100,29200704
3781,Pune,Kharadi,15.940744,73.250231,Apartment,3555,1,1,15,No,Unfurnished,30,95,49,23182155
3782,Mumbai,Andheri,15.553159,78.804503,Plot,620,5,4,0,No,Semi,7,70,30,5308440
3783,Chennai,OMR,15.584704,72.252265,Independent House,2353,4,3,23,No,Fully,13,69,9,34214973
3784,Bengaluru,Indiranagar,13.112291,74.805758,Villa,4833,3,2,25,No,Fully,16,71,21,48982455
3785,Chennai,Anna Nagar,18.732343,74.022235,Apartment,4470,2,1,0,No,Semi,7,88,63,52866690
3786,Pune,Baner,14.979869,73.778671,Apartment,3861,2,1,3,No,Fully,21,61,12,56598399
3787,Pune,Hinjewadi,12.357557,76.212886,Apartment,1883,3,2,11,No,Semi,12,69,32,22639309
3788,Hyderabad,Miyapur,13.743201,79.383911,Apartment,4239,1,1,19,Yes,Semi,6,92,12,17973360
3789,Hyderabad,Madhapur,17.326339,74.98545,Apartment,4992,2,1,24,No,Semi,17,92,95,74525568
3790,Hyderabad,Gachibowli,13.906019,77.962287,Villa,2524,4,3,4,No,Fully,2,91,49,29659524
3791,Pune,Baner,13.3268,73.417544,Plot,2716,2,1,1,Yes,Unfurnished,9,69,13,27322960
3792,Bengaluru,HSR Layout,13.661542,79.242232,Independent House,652,4,3,20,Yes,Unfurnished,23,100,22,6838176
3793,Pune,Kharadi,14.333766,74.718039,Villa,554,2,1,22,Yes,Fully,0,98,20,5547202
3794,Hyderabad,Banjara Hills,12.360707,74.461375,Villa,3971,1,1,18,No,Fully,13,80,24,17325473
3795,Pune,Wakad,15.327149,72.834704,Plot,1845,5,4,4,Yes,Fully,3,92,80,8669655
3796,Bengaluru,Indiranagar,15.629507,73.47301,Apartment,1129,1,1,18,No,Fully,23,98,79,6054827
3797,Bengaluru,Electronic City,17.634556,78.478071,Villa,4537,5,4,19,Yes,Semi,7,58,61,63554296
3798,Hyderabad,Miyapur,12.018128,78.172931,Villa,4350,2,1,17,Yes,Semi,25,70,73,36479100
3799,Chennai,Anna Nagar,13.332312,72.983633,Villa,2792,1,1,0,Yes,Semi,17,93,20,33872544
3800,Chennai,Anna Nagar,18.454268,74.904954,Plot,2964,5,4,12,No,Semi,8,52,22,41119572
3801,Pune,Hinjewadi,18.509157,72.429115,Apartment,4694,2,1,16,No,Semi,19,75,68,34890502
3802,Bengaluru,Electronic City,12.737983,78.668079,Villa,2048,2,1,22,Yes,Semi,18,58,42,18333696
3803,Mumbai,Thane,13.255868,78.158952,Villa,3963,5,4,20,Yes,Semi,24,68,99,51574482
3804,Chennai,Anna Nagar,16.816299,78.648023,Villa,2514,1,1,19,No,Semi,2,58,26,28237248
3805,Mumbai,Powai,14.856323,77.267809,Independent House,2257,5,4,12,Yes,Fully,3,75,63,16758225
3806,Chennai,OMR,17.794923,74.345264,Independent House,3033,5,4,2,No,Fully,6,84,84,29932677
3807,Mumbai,Bandra,18.218115,74.66663,Villa,773,5,4,12,Yes,Semi,3,72,97,9295325
3808,Chennai,Adyar,13.067782,76.792593,Independent House,1944,3,2,18,Yes,Fully,15,88,3,24506064
3809,Mumbai,Thane,15.957983,76.831225,Apartment,1152,4,3,9,Yes,Semi,21,84,75,12003840
3810,Mumbai,Thane,12.59935,73.276949,Plot,4978,1,1,22,Yes,Unfurnished,15,84,87,60208910
3811,Hyderabad,Miyapur,14.223185,76.581648,Apartment,2785,1,1,14,No,Fully,30,79,100,29022485
3812,Pune,Hinjewadi,12.517913,73.483368,Independent House,4932,1,1,18,Yes,Fully,12,92,51,42055164
3813,Mumbai,Powai,17.125139,78.789693,Villa,514,5,4,24,No,Semi,29,100,73,3106616
3814,Bengaluru,Electronic City,17.537308,75.850402,Independent House,2060,1,1,2,No,Unfurnished,20,89,13,10091940
3815,Bengaluru,Whitefield,15.042339,79.658837,Independent House,2096,3,2,22,No,Fully,2,89,35,26049088
3816,Chennai,Anna Nagar,17.783863,75.74798,Villa,3949,5,4,18,No,Fully,19,54,57,35781889
3817,Mumbai,Thane,16.64999,75.552145,Apartment,2842,4,3,24,No,Semi,3,51,5,41766032
3818,Hyderabad,Miyapur,17.186916,76.156037,Independent House,3285,5,4,23,No,Semi,5,66,35,26069760
3819,Hyderabad,Kondapur,18.866507,76.395283,Plot,2471,4,3,24,No,Unfurnished,10,70,69,19125540
3820,Chennai,OMR,15.180031,77.717644,Apartment,1543,1,1,9,Yes,Fully,30,83,73,10767054
3821,Mumbai,Thane,14.406265,72.42456,Villa,1749,1,1,0,No,Semi,13,60,98,7090446
3822,Mumbai,Andheri,12.939923,73.687343,Independent House,3632,5,4,12,No,Fully,7,89,94,23455456
3823,Hyderabad,Madhapur,14.571545,72.914758,Apartment,1138,1,1,16,No,Unfurnished,27,96,84,6436528
3824,Chennai,Adyar,12.363366,78.539591,Villa,4018,3,2,13,Yes,Unfurnished,5,81,43,18864510
3825,Mumbai,Thane,12.015084,73.341579,Apartment,3590,2,1,15,Yes,Unfurnished,22,55,79,26404450
3826,Pune,Hinjewadi,12.974619,73.371969,Independent House,4534,2,1,20,No,Unfurnished,13,77,30,63743506
3827,Pune,Hinjewadi,13.611431,78.953124,Independent House,3904,1,1,5,No,Semi,27,57,89,54652096
3828,Mumbai,Thane,17.448629,77.064123,Apartment,1742,3,2,12,No,Unfurnished,27,69,32,12305488
3829,Chennai,OMR,16.600316,74.623276,Plot,4551,5,4,10,No,Semi,8,86,4,35384025
3830,Bengaluru,Whitefield,12.727915,79.924645,Plot,3871,5,4,0,Yes,Unfurnished,4,71,8,46270063
3831,Hyderabad,Kukatpally,16.951649,72.602742,Villa,1421,1,1,17,No,Unfurnished,7,91,55,7865235
3832,Pune,Kharadi,16.001008,75.053226,Villa,758,1,1,24,No,Unfurnished,8,82,73,4393368
3833,Bengaluru,HSR Layout,16.546151,75.553541,Apartment,1771,5,4,7,Yes,Semi,2,77,3,24232593
3834,Chennai,OMR,17.819806,72.949213,Independent House,2936,3,2,5,No,Fully,24,64,84,22043488
3835,Bengaluru,HSR Layout,18.237075,74.890606,Plot,3127,3,2,0,No,Fully,30,91,86,19459321
3836,Chennai,Anna Nagar,15.59877,77.155064,Plot,1549,4,3,4,No,Unfurnished,27,54,28,23166844
3837,Pune,Kharadi,17.010042,74.642307,Plot,3588,3,2,10,No,Unfurnished,13,50,90,17136288
3838,Pune,Baner,18.42137,73.226346,Independent House,4111,4,3,19,No,Semi,6,58,68,59301175
3839,Pune,Wakad,18.464465,77.516417,Independent House,3536,5,4,3,Yes,Fully,10,55,42,40660464
3840,Hyderabad,Banjara Hills,14.314048,79.181482,Villa,1041,3,2,23,Yes,Semi,6,93,14,6039882
3841,Pune,Hinjewadi,15.425125,76.356048,Independent House,2711,4,3,1,Yes,Fully,3,81,53,30441819
3842,Pune,Baner,17.800274,75.881196,Plot,2052,2,1,16,No,Unfurnished,23,95,20,25502256
3843,Pune,Hinjewadi,15.728299,79.539353,Villa,1910,4,3,18,Yes,Semi,17,56,20,23082350
3844,Hyderabad,Madhapur,15.176128,73.696502,Villa,4989,5,4,1,Yes,Unfurnished,8,67,64,30652416
3845,Chennai,Velachery,14.863095,73.33541,Villa,920,2,1,3,Yes,Fully,30,75,16,6145600
3846,Mumbai,Andheri,18.845703,73.584249,Plot,4744,1,1,19,No,Fully,18,78,34,44289984
3847,Pune,Wakad,15.159077,75.040527,Plot,618,3,2,9,Yes,Unfurnished,26,72,77,3714798
3848,Chennai,OMR,13.541617,73.234947,Villa,3366,3,2,25,Yes,Unfurnished,17,97,7,25366176
3849,Chennai,Velachery,16.622095,77.074969,Independent House,2707,3,2,14,No,Fully,10,99,49,19252184
3850,Hyderabad,Gachibowli,17.058676,79.963953,Villa,4973,4,3,22,No,Unfurnished,21,50,32,34224186
3851,Mumbai,Thane,14.679923,74.279604,Plot,4792,5,4,20,No,Unfurnished,17,85,62,71616440
3852,Pune,Kharadi,16.706598,76.291681,Apartment,2555,1,1,2,No,Semi,16,63,96,14001400
3853,Mumbai,Thane,12.573755,77.52966,Apartment,4965,2,1,16,No,Semi,4,100,8,44883600
3854,Bengaluru,HSR Layout,12.42739,73.931201,Plot,1106,3,2,23,Yes,Unfurnished,21,58,58,12714576
3855,Pune,Hinjewadi,16.392588,76.427123,Plot,932,5,4,25,Yes,Unfurnished,9,87,80,8384272
3856,Hyderabad,Gachibowli,15.658002,75.504731,Independent House,4067,3,2,22,Yes,Semi,30,74,37,50760227
3857,Mumbai,Powai,17.016556,75.904041,Apartment,2132,5,4,11,No,Fully,11,99,82,9156940
3858,Hyderabad,Kukatpally,18.815706,77.023071,Apartment,3823,2,1,14,Yes,Fully,3,96,6,57161496
3859,Pune,Wakad,15.403479,74.143799,Plot,2236,5,4,0,No,Fully,14,53,72,26015860
3860,Hyderabad,Gachibowli,15.52646,79.820308,Independent House,1801,5,4,6,No,Unfurnished,15,84,38,19070789
3861,Bengaluru,HSR Layout,18.867294,78.981314,Independent House,3587,3,2,11,Yes,Unfurnished,16,80,26,26665758
3862,Hyderabad,Kukatpally,17.084866,74.864781,Plot,3659,4,3,22,Yes,Semi,10,70,83,22748003
3863,Pune,Kharadi,14.974164,76.909826,Plot,4219,2,1,10,No,Unfurnished,4,85,50,48531157
3864,Hyderabad,Kukatpally,17.452348,72.552948,Independent House,3770,5,4,0,Yes,Fully,6,82,53,30985630
3865,Hyderabad,Kondapur,13.686082,72.597081,Independent House,2587,5,4,11,Yes,Semi,1,55,29,21311706
3866,Hyderabad,Madhapur,16.183114,77.871168,Independent House,1644,1,1,16,No,Unfurnished,5,55,78,12954720
3867,Mumbai,Andheri,12.636751,74.80096,Villa,3233,4,3,7,Yes,Semi,12,71,29,41253080
3868,Chennai,OMR,17.073131,77.973866,Plot,2790,4,3,15,No,Semi,17,85,65,37003770
3869,Hyderabad,Miyapur,16.137615,77.22079,Plot,1595,1,1,6,Yes,Fully,19,97,7,11578105
3870,Bengaluru,Electronic City,17.42881,77.844172,Villa,3121,3,2,23,No,Semi,5,89,69,30969683
3871,Hyderabad,Miyapur,12.083196,79.998999,Villa,2768,2,1,9,Yes,Unfurnished,20,87,10,25335504
3872,Mumbai,Thane,18.616814,77.623661,Plot,2590,2,1,11,No,Unfurnished,22,85,47,19598530
3873,Hyderabad,Madhapur,12.439317,72.019094,Apartment,2184,3,2,11,Yes,Unfurnished,30,91,94,27738984
3874,Bengaluru,Whitefield,14.588721,77.879202,Apartment,528,4,3,11,No,Semi,2,90,29,3550272
3875,Chennai,Adyar,14.241328,78.548565,Plot,4764,5,4,20,Yes,Unfurnished,2,94,66,46544280
3876,Mumbai,Bandra,17.656219,77.131595,Plot,1781,2,1,19,No,Fully,21,93,4,22876945
3877,Pune,Kharadi,16.520792,73.415272,Villa,3047,2,1,21,Yes,Semi,24,64,49,27776452
3878,Pune,Kharadi,13.114435,79.391663,Villa,1608,1,1,11,Yes,Unfurnished,5,66,10,20974752
3879,Chennai,Adyar,18.799681,73.646377,Villa,1588,3,2,1,No,Fully,6,77,77,11168404
3880,Bengaluru,HSR Layout,12.765172,72.02397,Plot,1380,2,1,21,No,Semi,16,51,81,20382600
3881,Pune,Wakad,14.828028,75.007568,Apartment,4955,5,4,21,No,Semi,12,53,92,39763875
3882,Bengaluru,HSR Layout,18.83914,79.759559,Villa,4403,5,4,0,Yes,Unfurnished,21,68,82,23758588
3883,Chennai,Anna Nagar,17.41905,78.741373,Independent House,3439,5,4,7,Yes,Unfurnished,19,89,98,43699373
3884,Mumbai,Powai,17.418848,74.62937,Villa,2493,2,1,22,No,Unfurnished,30,52,69,31164993
3885,Chennai,OMR,14.530757,75.031918,Apartment,2635,3,2,22,Yes,Unfurnished,7,100,36,25435655
3886,Chennai,Velachery,18.856363,72.994177,Plot,2444,5,4,8,No,Fully,17,99,99,32207032
3887,Bengaluru,Electronic City,18.311309,78.708744,Villa,526,5,4,13,No,Semi,8,73,57,5923286
3888,Bengaluru,Electronic City,14.482799,77.743485,Plot,1528,5,4,2,Yes,Semi,23,90,43,17391696
3889,Bengaluru,Whitefield,14.027066,77.741263,Apartment,4571,4,3,8,Yes,Fully,24,75,23,68149039
3890,Pune,Baner,17.293865,78.492731,Villa,655,1,1,0,Yes,Semi,21,58,74,3945065
3891,Pune,Hinjewadi,13.615829,76.444038,Independent House,2007,4,3,10,Yes,Semi,7,63,84,29422620
3892,Hyderabad,Kukatpally,16.159548,73.258184,Villa,2537,2,1,0,Yes,Fully,7,86,68,29193259
3893,Chennai,Adyar,17.466252,77.124659,Apartment,1920,3,2,8,Yes,Semi,29,56,50,28583040
3894,Bengaluru,Electronic City,17.962845,73.357546,Plot,1290,2,1,14,Yes,Semi,17,89,60,5741790
3895,Chennai,Adyar,17.763243,77.480534,Independent House,2857,5,4,3,No,Semi,20,71,90,15670645
3896,Bengaluru,HSR Layout,16.297854,73.275442,Independent House,3520,3,2,13,Yes,Fully,2,57,40,16125120
3897,Bengaluru,Electronic City,18.074972,76.717999,Plot,3641,1,1,19,No,Fully,2,64,51,40546176
3898,Hyderabad,Kondapur,18.39663,76.167207,Villa,4499,5,4,13,No,Semi,19,77,43,39865639
3899,Hyderabad,Madhapur,18.772242,73.91442,Plot,2051,5,4,1,Yes,Fully,16,70,5,26371758
3900,Chennai,Velachery,18.892971,79.695502,Independent House,2797,2,1,1,Yes,Fully,17,70,33,37809846
3901,Chennai,Anna Nagar,13.726207,77.511119,Villa,682,1,1,16,Yes,Unfurnished,5,58,53,6080712
3902,Hyderabad,Miyapur,12.037047,72.47245,Apartment,3604,2,1,20,No,Semi,22,54,5,40321552
3903,Pune,Baner,18.224972,77.871231,Apartment,672,2,1,16,Yes,Semi,27,73,4,7617120
3904,Mumbai,Andheri,15.297641,74.395078,Plot,3895,2,1,1,Yes,Fully,12,68,48,46334920
3905,Chennai,Adyar,14.641608,75.313445,Villa,4552,3,2,9,No,Unfurnished,15,79,75,57969720
3906,Chennai,Velachery,15.256496,76.932301,Independent House,526,1,1,16,Yes,Semi,14,62,38,6539232
3907,Hyderabad,Gachibowli,12.574653,77.417081,Plot,3167,1,1,1,No,Semi,13,60,8,36205144
3908,Bengaluru,Indiranagar,17.571428,77.483044,Villa,1057,4,3,14,Yes,Fully,24,50,58,9837499
3909,Mumbai,Andheri,14.686663,73.861044,Villa,3881,2,1,6,Yes,Semi,0,95,56,21438644
3910,Pune,Hinjewadi,18.330193,79.314636,Villa,4085,2,1,20,No,Semi,10,74,79,50343540
3911,Hyderabad,Gachibowli,17.454389,79.773037,Independent House,2351,4,3,21,No,Semi,28,64,72,32008865
3912,Hyderabad,Miyapur,13.298416,74.739926,Villa,1038,1,1,7,Yes,Semi,9,72,10,7526538
3913,Hyderabad,Kukatpally,13.15017,74.260943,Villa,1312,3,2,13,No,Semi,5,63,74,15598368
3914,Chennai,Velachery,12.353611,76.702958,Villa,1214,1,1,19,No,Semi,6,99,77,7468528
3915,Mumbai,Andheri,17.413164,77.137465,Villa,957,2,1,10,No,Unfurnished,28,77,48,7509579
3916,Bengaluru,Indiranagar,14.357034,75.561784,Apartment,2509,2,1,23,Yes,Unfurnished,23,71,13,12058254
3917,Hyderabad,Banjara Hills,15.107294,73.047021,Apartment,4043,5,4,14,No,Unfurnished,15,54,61,47125208
3918,Hyderabad,Jubilee Hills,13.041988,77.015738,Villa,3839,4,3,16,No,Semi,3,57,10,56080112
3919,Mumbai,Powai,18.825757,74.988889,Villa,4895,4,3,7,No,Unfurnished,10,78,55,36614600
3920,Bengaluru,Electronic City,16.930855,79.980915,Apartment,1071,4,3,4,No,Semi,13,91,36,7533414
3921,Pune,Hinjewadi,14.753524,78.006915,Plot,1441,5,4,22,No,Fully,17,79,21,11038060
3922,Bengaluru,HSR Layout,14.874218,73.220749,Independent House,4109,2,1,4,Yes,Semi,19,90,28,43123955
3923,Pune,Hinjewadi,17.208947,79.424196,Independent House,1924,2,1,0,Yes,Semi,1,50,54,22145240
3924,Bengaluru,Whitefield,12.243527,78.730437,Plot,3465,2,1,17,No,Semi,12,83,24,21683970
3925,Mumbai,Thane,18.325328,77.339974,Villa,944,4,3,24,No,Fully,23,64,58,6938400
3926,Hyderabad,Gachibowli,17.881579,78.583154,Plot,1618,3,2,9,Yes,Unfurnished,29,95,20,23723116
3927,Hyderabad,Kukatpally,12.856363,73.738748,Apartment,3703,3,2,12,No,Semi,13,87,41,32793768
3928,Bengaluru,Indiranagar,16.800856,76.298893,Villa,1607,4,3,4,No,Unfurnished,27,59,12,18568885
3929,Chennai,Velachery,17.805115,78.646182,Plot,3076,3,2,19,No,Semi,1,71,83,23980496
3930,Pune,Baner,12.075592,77.429045,Plot,4721,3,2,11,No,Fully,10,69,63,53149018
3931,Pune,Hinjewadi,12.28341,75.341823,Villa,4722,5,4,4,Yes,Fully,5,50,17,46072554
3932,Mumbai,Bandra,16.776405,73.635099,Apartment,1687,2,1,12,No,Unfurnished,20,94,56,21556486
3933,Chennai,Anna Nagar,15.884961,75.278982,Plot,4827,2,1,21,Yes,Fully,4,71,89,52223313
3934,Chennai,Velachery,12.319422,72.971786,Apartment,4235,5,4,1,Yes,Fully,9,62,99,51395960
3935,Hyderabad,Kondapur,15.717057,77.742578,Apartment,1309,3,2,6,No,Fully,24,68,25,5289669
3936,Hyderabad,Madhapur,15.108407,75.32921,Independent House,2156,5,4,13,No,Semi,8,79,61,17776220
3937,Bengaluru,HSR Layout,12.721657,78.5163,Independent House,4236,3,2,13,Yes,Fully,9,50,85,23098908
3938,Bengaluru,HSR Layout,14.325477,78.236319,Independent House,2287,2,1,23,Yes,Unfurnished,24,50,9,29891090
3939,Pune,Baner,17.55874,78.431276,Independent House,1588,4,3,16,No,Unfurnished,5,100,28,12529320
3940,Chennai,Anna Nagar,15.256826,77.883326,Independent House,3779,2,1,24,Yes,Fully,9,51,51,24230948
3941,Chennai,Anna Nagar,18.11105,77.803678,Apartment,4240,5,4,16,Yes,Unfurnished,4,62,22,45172960
3942,Mumbai,Bandra,18.062327,73.440218,Plot,4995,1,1,0,Yes,Semi,9,71,8,36428535
3943,Hyderabad,Madhapur,18.441511,72.968521,Apartment,1236,1,1,2,No,Unfurnished,22,72,37,14007588
3944,Bengaluru,Electronic City,13.43998,78.598765,Villa,4441,3,2,21,Yes,Semi,29,50,7,40035615
3945,Bengaluru,Electronic City,14.423431,76.346682,Villa,4494,1,1,11,Yes,Semi,20,84,74,33161226
3946,Pune,Hinjewadi,18.401507,72.963882,Plot,3262,1,1,5,Yes,Unfurnished,27,79,82,37346638
3947,Pune,Wakad,14.950738,75.833755,Plot,2796,3,2,12,Yes,Unfurnished,16,69,93,34566948
3948,Pune,Baner,13.624518,74.516694,Plot,4591,3,2,18,Yes,Semi,20,91,75,41337364
3949,Mumbai,Thane,16.571111,79.935109,Independent House,2010,5,4,15,Yes,Semi,17,81,69,15358410
3950,Hyderabad,Banjara Hills,14.325542,77.79702,Villa,628,3,2,12,Yes,Unfurnished,23,87,73,2681560
3951,Pune,Baner,13.990782,78.592801,Plot,3105,4,3,22,No,Fully,27,51,15,17714025
3952,Chennai,Velachery,13.307977,74.116281,Independent House,2572,4,3,22,Yes,Fully,24,90,11,36854188
3953,Bengaluru,Whitefield,17.388291,78.91038,Apartment,3691,5,4,18,Yes,Fully,7,63,57,51980353
3954,Pune,Kharadi,17.613446,78.374649,Villa,2462,4,3,2,Yes,Semi,28,75,100,14314068
3955,Pune,Baner,14.084818,72.029486,Apartment,1116,1,1,24,Yes,Semi,22,86,93,13608504
3956,Bengaluru,Whitefield,12.943702,72.649736,Villa,4153,1,1,19,Yes,Unfurnished,14,73,99,19012434
3957,Hyderabad,Kukatpally,13.633493,79.081504,Apartment,1141,4,3,24,Yes,Fully,11,88,91,16698535
3958,Mumbai,Thane,17.188289,76.643801,Villa,4924,1,1,20,Yes,Fully,14,72,49,68325424
3959,Pune,Kharadi,14.653522,76.556447,Independent House,4790,4,3,14,Yes,Fully,14,95,100,50261470
3960,Mumbai,Andheri,15.653839,77.685372,Apartment,2752,3,2,2,No,Fully,25,62,3,30838912
3961,Hyderabad,Banjara Hills,16.431786,79.932478,Apartment,1897,2,1,8,No,Fully,7,84,74,13848100
3962,Bengaluru,HSR Layout,12.772897,72.953766,Independent House,1545,1,1,8,No,Fully,14,78,44,16446525
3963,Bengaluru,HSR Layout,16.5418,74.295138,Plot,4660,3,2,23,Yes,Semi,11,88,19,57835260
3964,Chennai,Adyar,18.52258,75.429834,Plot,2926,5,4,10,Yes,Semi,23,51,69,31264310
3965,Pune,Hinjewadi,12.462354,78.924145,Plot,4591,2,1,0,Yes,Semi,4,83,69,30025140
3966,Bengaluru,Electronic City,16.050486,76.471974,Plot,1213,1,1,0,Yes,Fully,9,82,90,18101599
3967,Hyderabad,Banjara Hills,15.254663,76.391421,Plot,4309,2,1,13,No,Unfurnished,27,91,36,50191232
3968,Bengaluru,Indiranagar,18.964472,73.390927,Independent House,544,2,1,12,No,Semi,22,54,52,3486496
3969,Mumbai,Powai,18.527855,78.02087,Villa,827,2,1,9,Yes,Semi,3,66,89,7505025
3970,Hyderabad,Kukatpally,14.151535,77.480097,Villa,3858,4,3,19,No,Fully,4,87,3,32970468
3971,Bengaluru,Whitefield,15.283159,79.588203,Independent House,4776,2,1,9,No,Fully,2,90,68,65330904
3972,Pune,Wakad,15.230924,77.633616,Independent House,3425,5,4,1,Yes,Semi,23,71,97,23865400
3973,Pune,Hinjewadi,18.867274,72.282358,Independent House,2169,1,1,18,Yes,Semi,17,52,56,10510974
3974,Bengaluru,HSR Layout,15.366778,79.788222,Independent House,2852,4,3,13,No,Semi,5,74,79,15671740
3975,Hyderabad,Kukatpally,16.922878,76.362305,Independent House,2625,2,1,23,Yes,Semi,22,52,66,35269500
3976,Hyderabad,Madhapur,14.75686,78.757407,Plot,3090,2,1,16,No,Unfurnished,22,88,85,21509490
3977,Mumbai,Thane,17.877488,77.960108,Apartment,3074,2,1,0,Yes,Fully,5,94,22,28831046
3978,Chennai,OMR,12.21028,74.140128,Apartment,826,1,1,6,Yes,Unfurnished,19,67,63,9546082
3979,Hyderabad,Miyapur,13.511212,76.115631,Villa,2603,3,2,22,No,Unfurnished,10,78,87,13257079
3980,Bengaluru,HSR Layout,15.766177,78.421086,Independent House,3120,2,1,24,Yes,Unfurnished,7,71,39,23621520
3981,Bengaluru,HSR Layout,18.809066,78.470865,Plot,4447,4,3,24,Yes,Fully,14,50,37,31320221
3982,Pune,Kharadi,17.61003,73.120346,Apartment,3607,3,2,1,No,Semi,19,64,56,32091479
3983,Pune,Baner,15.818571,74.910435,Apartment,744,4,3,16,Yes,Semi,4,99,70,8285928
3984,Bengaluru,Whitefield,12.02888,77.475452,Villa,3168,5,4,9,Yes,Unfurnished,3,84,53,35659008
3985,Hyderabad,Banjara Hills,17.376306,74.898983,Apartment,2780,3,2,15,No,Fully,2,59,17,21581140
3986,Pune,Wakad,12.659122,76.265449,Villa,1961,4,3,2,No,Semi,30,90,49,28491369
3987,Pune,Hinjewadi,14.622831,74.020012,Apartment,3146,1,1,16,No,Unfurnished,14,66,64,38519624
3988,Bengaluru,Electronic City,12.546348,75.92176,Apartment,3361,5,4,25,No,Semi,1,71,35,47191801
3989,Bengaluru,HSR Layout,17.677858,75.546641,Apartment,3178,5,4,0,Yes,Semi,1,97,95,44733528
3990,Hyderabad,Banjara Hills,17.670498,75.278485,Villa,1019,1,1,11,No,Fully,13,90,94,12256532
3991,Chennai,Velachery,16.805852,73.126342,Villa,2512,1,1,9,No,Unfurnished,17,64,63,10573008
3992,Pune,Wakad,16.351692,77.828249,Apartment,3680,1,1,9,Yes,Unfurnished,5,59,98,16618880
3993,Pune,Kharadi,13.454225,78.857103,Apartment,3421,5,4,13,Yes,Fully,17,67,92,43299597
3994,Mumbai,Andheri,17.287389,73.069006,Plot,2545,3,2,23,Yes,Fully,25,73,72,19621950
3995,Mumbai,Thane,14.991868,72.758194,Villa,825,2,1,3,No,Unfurnished,28,87,13,11692725
3996,Mumbai,Bandra,16.999756,73.226715,Apartment,2457,1,1,9,Yes,Unfurnished,2,71,68,30218643
3997,Pune,Hinjewadi,12.717209,72.868237,Villa,4834,2,1,4,Yes,Unfurnished,1,74,7,19848404
3998,Hyderabad,Jubilee Hills,16.889822,79.812941,Apartment,1675,4,3,13,No,Unfurnished,8,84,8,14148725
3999,Hyderabad,Kukatpally,18.429403,78.844274,Apartment,3515,5,4,25,Yes,Fully,18,78,89,36021720
4000,Bengaluru,Electronic City,12.78903,77.772443,Plot,1685,5,4,19,Yes,Semi,20,91,51,10895210
4001,Chennai,Anna Nagar,13.714491,79.359171,Independent House,1124,4,3,6,No,Semi,12,92,29,4759016
4002,Mumbai,Thane,14.316491,75.680006,Plot,4514,1,1,16,Yes,Fully,23,55,17,50380754
4003,Bengaluru,Indiranagar,13.042264,72.435909,Apartment,887,5,4,24,Yes,Unfurnished,0,98,88,7307106
4004,Hyderabad,Banjara Hills,15.067311,79.877016,Apartment,2459,2,1,6,No,Unfurnished,5,94,8,15290062
4005,Pune,Hinjewadi,15.870358,79.053383,Plot,2339,3,2,19,Yes,Unfurnished,3,73,79,26982704
4006,Hyderabad,Madhapur,16.978401,72.378228,Apartment,836,4,3,6,No,Semi,6,88,54,6641184
4007,Hyderabad,Banjara Hills,12.557032,73.893133,Independent House,1319,5,4,18,No,Unfurnished,3,71,93,12365625
4008,Mumbai,Bandra,13.775565,72.457359,Villa,1917,3,2,4,Yes,Unfurnished,13,88,58,21115755
4009,Pune,Wakad,13.041332,78.246239,Independent House,2352,1,1,16,Yes,Unfurnished,15,50,64,20758752
4010,Bengaluru,Indiranagar,12.301114,77.209228,Apartment,1497,4,3,7,No,Semi,28,73,81,15372693
4011,Bengaluru,Electronic City,17.562266,74.801982,Villa,1882,3,2,16,Yes,Unfurnished,26,87,9,9827804
4012,Pune,Wakad,13.339605,76.198657,Plot,570,1,1,15,Yes,Fully,10,56,28,4035030
4013,Mumbai,Bandra,18.882025,77.917073,Independent House,2182,1,1,17,No,Fully,21,93,74,19692550
4014,Bengaluru,HSR Layout,18.38197,74.538996,Apartment,4067,4,3,10,No,Fully,1,62,95,24491474
4015,Chennai,Velachery,15.164145,76.704026,Plot,4339,4,3,12,No,Unfurnished,26,54,74,55881981
4016,Bengaluru,HSR Layout,18.878743,73.607466,Apartment,1062,3,2,20,Yes,Unfurnished,24,82,75,7319304
4017,Hyderabad,Madhapur,13.794514,79.419056,Plot,1613,4,3,2,No,Fully,0,68,25,9142484
4018,Hyderabad,Kondapur,18.776269,75.323273,Independent House,2785,4,3,19,Yes,Fully,13,66,59,33701285
4019,Bengaluru,Indiranagar,16.46642,72.872371,Independent House,2111,3,2,10,No,Semi,8,83,44,27016578
4020,Chennai,Velachery,13.162082,72.432766,Villa,3053,1,1,4,Yes,Semi,14,92,53,16339656
4021,Hyderabad,Kukatpally,13.906226,77.783431,Independent House,2712,1,1,3,No,Fully,22,73,29,38206656
4022,Hyderabad,Banjara Hills,14.860301,79.314655,Apartment,878,3,2,25,Yes,Fully,8,55,30,10925832
4023,Pune,Hinjewadi,13.895345,77.084572,Plot,2474,4,3,14,No,Fully,11,84,19,34222842
4024,Bengaluru,Indiranagar,12.274609,73.879768,Independent House,1995,4,3,3,No,Fully,16,76,24,25701585
4025,Pune,Wakad,14.214472,77.166233,Plot,4872,2,1,10,No,Semi,16,97,93,68899824
4026,Pune,Kharadi,15.747529,77.512383,Independent House,617,1,1,11,No,Unfurnished,13,73,2,8031489
4027,Chennai,Anna Nagar,17.706417,79.767456,Apartment,2573,5,4,6,Yes,Unfurnished,20,61,98,11205415
4028,Hyderabad,Kondapur,12.880971,74.28552,Independent House,4561,2,1,23,Yes,Unfurnished,5,81,72,66271330
4029,Chennai,Adyar,12.184306,79.368601,Independent House,1825,4,3,24,Yes,Semi,19,76,6,8017225
4030,Pune,Baner,12.011194,75.19223,Independent House,4338,1,1,16,No,Semi,21,50,80,51166710
4031,Bengaluru,Electronic City,18.051091,74.720893,Independent House,847,2,1,6,No,Unfurnished,21,81,91,4519592
4032,Hyderabad,Madhapur,16.55999,79.746303,Villa,4108,1,1,5,No,Fully,28,76,27,58929260
4033,Bengaluru,HSR Layout,12.061626,75.71502,Apartment,2266,4,3,3,No,Unfurnished,19,70,97,9664490
4034,Bengaluru,Electronic City,18.848061,72.23673,Villa,2894,5,4,24,No,Fully,24,88,4,39665164
4035,Bengaluru,HSR Layout,14.190818,78.266868,Apartment,1569,1,1,13,Yes,Unfurnished,15,99,67,9158253
4036,Mumbai,Andheri,12.158677,77.800996,Independent House,810,2,1,19,Yes,Unfurnished,21,94,70,10875060
4037,Mumbai,Andheri,12.34426,74.141206,Independent House,765,5,4,3,Yes,Semi,26,96,90,4809555
4038,Chennai,Anna Nagar,16.481394,78.513109,Apartment,1269,5,4,5,No,Fully,5,51,9,14849838
4039,Bengaluru,Whitefield,16.358104,72.682767,Plot,1307,1,1,24,No,Fully,21,94,7,19365819
4040,Chennai,Velachery,14.252444,73.126498,Plot,1907,5,4,3,Yes,Fully,17,79,2,11954983
4041,Mumbai,Powai,13.788058,75.576801,Independent House,4454,5,4,17,No,Fully,0,96,69,58953144
4042,Bengaluru,Electronic City,14.140291,76.272559,Villa,3363,1,1,18,Yes,Semi,25,62,73,14659317
4043,Hyderabad,Jubilee Hills,13.011358,74.150116,Apartment,1702,3,2,8,Yes,Fully,11,52,3,17675270
4044,Mumbai,Thane,12.861183,73.626211,Apartment,4825,5,4,18,Yes,Unfurnished,22,68,13,21244475
4045,Hyderabad,Kondapur,18.591004,78.045998,Plot,1178,4,3,17,Yes,Unfurnished,6,52,6,6197458
4046,Pune,Hinjewadi,17.562979,74.904063,Villa,2483,5,4,17,No,Fully,18,84,48,25046021
4047,Hyderabad,Banjara Hills,16.567425,72.704701,Villa,2921,4,3,14,Yes,Fully,3,83,90,41609645
4048,Chennai,Adyar,14.17748,79.870429,Plot,2112,2,1,0,No,Unfurnished,23,98,90,25225728
4049,Chennai,Anna Nagar,18.665794,77.243851,Villa,1437,1,1,9,No,Unfurnished,20,88,3,11435646
4050,Hyderabad,Miyapur,17.743257,74.559691,Apartment,3661,5,4,0,No,Unfurnished,20,86,17,30027522
4051,Chennai,Anna Nagar,17.123534,73.237525,Plot,3643,1,1,15,No,Fully,1,65,21,24739613
4052,Chennai,Adyar,18.779596,79.940606,Apartment,998,4,3,20,No,Unfurnished,12,76,46,8080806
4053,Pune,Wakad,16.194492,77.124328,Plot,1637,5,4,21,No,Fully,13,83,87,12238212
4054,Hyderabad,Gachibowli,14.764184,75.520033,Independent House,4650,3,2,11,No,Unfurnished,19,60,9,63793350
4055,Mumbai,Bandra,18.559249,79.539878,Plot,692,2,1,10,No,Semi,28,88,37,4996240
4056,Bengaluru,Whitefield,15.002613,76.69579,Villa,4308,5,4,15,Yes,Semi,5,100,25,46806420
4057,Chennai,OMR,13.118455,74.593905,Plot,3484,4,3,4,No,Fully,18,74,79,18928572
4058,Pune,Kharadi,18.592838,78.106848,Independent House,4212,5,4,13,Yes,Unfurnished,10,51,76,54461160
4059,Chennai,Velachery,18.558559,73.864923,Plot,2903,5,4,14,No,Unfurnished,14,89,26,38746341
4060,Hyderabad,Gachibowli,13.608961,74.32818,Plot,1160,2,1,3,Yes,Semi,13,78,32,11937560
4061,Bengaluru,HSR Layout,17.754115,72.136782,Independent House,2060,2,1,20,Yes,Unfurnished,17,85,39,23805360
4062,Chennai,Anna Nagar,16.385319,79.951048,Plot,3526,4,3,19,No,Fully,17,98,11,50598100
4063,Hyderabad,Kukatpally,17.811362,74.756807,Apartment,1430,5,4,14,No,Semi,4,100,35,18120960
4064,Mumbai,Andheri,13.884631,72.711201,Plot,1981,5,4,0,No,Unfurnished,9,55,79,21408667
4065,Pune,Hinjewadi,18.959023,72.977258,Apartment,4080,3,2,0,Yes,Unfurnished,26,55,29,25308240
4066,Hyderabad,Miyapur,17.815236,72.410832,Independent House,2884,1,1,15,No,Unfurnished,8,86,73,31729768
4067,Pune,Wakad,14.21835,75.729886,Villa,4806,1,1,8,Yes,Unfurnished,21,52,80,38323044
4068,Mumbai,Thane,12.008929,78.043416,Plot,2851,3,2,1,Yes,Fully,24,50,57,14765329
4069,Bengaluru,Electronic City,13.096758,72.277365,Independent House,2921,2,1,25,Yes,Semi,15,84,9,20692364
4070,Pune,Baner,17.250224,75.110909,Independent House,939,5,4,8,No,Semi,26,64,94,10704600
4071,Mumbai,Andheri,14.572682,77.091868,Plot,799,1,1,10,Yes,Unfurnished,9,68,30,9070248
4072,Chennai,OMR,16.14344,74.079501,Villa,2550,4,3,8,Yes,Fully,7,72,31,29011350
4073,Mumbai,Thane,14.379689,77.075556,Villa,1608,1,1,2,Yes,Semi,27,59,30,23026560
4074,Chennai,Velachery,15.448916,74.827472,Villa,3235,2,1,9,Yes,Fully,21,53,6,14981285
4075,Hyderabad,Kondapur,18.846764,76.638493,Independent House,2792,5,4,2,Yes,Semi,8,97,41,13960000
4076,Bengaluru,Whitefield,16.943467,77.052627,Villa,2264,5,4,1,No,Fully,4,80,24,19418328
4077,Pune,Kharadi,15.259209,74.096847,Apartment,2719,3,2,25,Yes,Unfurnished,2,87,40,30104768
4078,Bengaluru,Indiranagar,13.523084,76.280379,Apartment,2966,4,3,20,No,Fully,27,54,40,18288356
4079,Pune,Hinjewadi,18.67612,77.300857,Independent House,2579,4,3,13,No,Semi,12,88,74,31770701
4080,Mumbai,Andheri,14.237145,72.288374,Independent House,3125,3,2,20,Yes,Fully,8,71,55,34878125
4081,Bengaluru,Indiranagar,12.895104,75.333348,Villa,3511,4,3,25,No,Fully,22,100,60,28207374
4082,Mumbai,Powai,15.219747,76.553874,Plot,2747,5,4,19,No,Unfurnished,11,96,44,22665497
4083,Pune,Hinjewadi,12.541154,79.421538,Plot,1136,3,2,18,Yes,Unfurnished,26,50,63,11127120
4084,Hyderabad,Madhapur,16.589432,74.617889,Villa,2515,3,2,20,No,Unfurnished,27,85,88,30718210
4085,Pune,Baner,16.202257,78.398916,Villa,1560,5,4,14,Yes,Semi,19,56,35,22052160
4086,Pune,Hinjewadi,13.615144,75.537945,Villa,4302,4,3,2,Yes,Fully,26,56,95,43037208
4087,Bengaluru,Electronic City,17.613818,79.305421,Independent House,4221,2,1,20,No,Unfurnished,19,53,41,51998499
4088,Chennai,Adyar,15.071043,72.434282,Plot,3692,4,3,9,No,Semi,8,76,37,19486376
4089,Hyderabad,Kukatpally,16.019846,72.644864,Apartment,3832,5,4,23,Yes,Semi,14,83,92,39362304
4090,Chennai,Velachery,12.958925,75.996357,Villa,3743,3,2,24,No,Fully,25,95,21,16585233
4091,Pune,Hinjewadi,18.135651,73.085654,Plot,2399,1,1,21,Yes,Fully,17,53,36,21734940
4092,Bengaluru,Electronic City,14.814475,73.707563,Independent House,4675,2,1,8,No,Unfurnished,25,84,49,22884125
4093,Bengaluru,Electronic City,13.913572,74.232929,Independent House,2079,5,4,6,No,Semi,2,95,4,13544685
4094,Hyderabad,Madhapur,12.440377,79.918757,Independent House,1244,3,2,11,No,Fully,23,87,94,10525484
4095,Chennai,Anna Nagar,17.70491,74.94958,Independent House,3996,2,1,14,Yes,Unfurnished,17,53,96,52791156
4096,Bengaluru,Whitefield,18.461338,76.43543,Villa,2739,5,4,6,Yes,Unfurnished,4,88,3,18082878
4097,Chennai,OMR,14.027947,75.133475,Plot,4536,3,2,18,No,Unfurnished,30,71,4,60038496
4098,Chennai,Anna Nagar,15.705315,76.115704,Plot,896,2,1,12,Yes,Unfurnished,4,89,37,3881472
4099,Pune,Kharadi,12.585091,73.794931,Villa,4970,4,3,24,No,Unfurnished,23,68,3,39342520
4100,Bengaluru,Whitefield,13.970951,77.005589,Apartment,862,1,1,11,No,Semi,30,89,35,3859174
4101,Mumbai,Bandra,18.522174,76.709624,Plot,1709,4,3,22,Yes,Fully,1,94,17,14820448
4102,Bengaluru,Indiranagar,12.942786,79.947692,Apartment,2332,4,3,8,Yes,Unfurnished,11,69,18,11118976
4103,Mumbai,Powai,17.421833,75.935619,Plot,4719,3,2,8,No,Fully,2,72,24,27615588
4104,Pune,Hinjewadi,15.043349,78.186889,Plot,3070,2,1,17,Yes,Unfurnished,14,56,26,41257730
4105,Mumbai,Bandra,17.899122,73.713963,Plot,4118,4,3,8,No,Semi,24,85,33,46187488
4106,Mumbai,Andheri,18.249656,73.818452,Independent House,3481,3,2,19,No,Fully,27,96,51,35530567
4107,Chennai,OMR,15.351586,76.816033,Independent House,2117,2,1,18,Yes,Semi,26,100,62,20630165
4108,Chennai,Velachery,18.839495,76.926859,Plot,2313,1,1,3,No,Unfurnished,3,60,83,24589503
4109,Chennai,Velachery,15.185886,72.499856,Apartment,3111,5,4,7,Yes,Unfurnished,26,63,77,43302009
4110,Bengaluru,HSR Layout,18.956567,75.017353,Independent House,964,3,2,1,No,Unfurnished,5,80,68,11942996
4111,Mumbai,Powai,12.09752,79.485178,Villa,1645,4,3,18,Yes,Semi,3,63,34,16417100
4112,Chennai,Anna Nagar,15.394895,76.6416,Villa,4764,3,2,2,Yes,Unfurnished,12,77,93,70454796
4113,Bengaluru,Electronic City,16.123137,76.219209,Plot,2956,4,3,7,No,Unfurnished,4,55,86,21472384
4114,Pune,Wakad,16.3191,77.126773,Villa,2303,2,1,20,No,Unfurnished,30,74,87,22371342
4115,Hyderabad,Madhapur,14.520053,77.700724,Plot,1826,4,3,21,Yes,Fully,4,66,31,9350946
4116,Pune,Hinjewadi,16.859818,77.809607,Plot,1575,4,3,13,Yes,Semi,7,66,78,18961425
4117,Pune,Wakad,13.634073,72.652173,Independent House,3485,4,3,8,Yes,Unfurnished,24,66,86,24286965
4118,Mumbai,Thane,17.023752,77.264311,Plot,4702,4,3,24,Yes,Fully,2,51,84,30106906
4119,Mumbai,Powai,12.544365,77.977419,Independent House,4041,4,3,17,No,Unfurnished,15,90,64,16479198
4120,Hyderabad,Banjara Hills,17.672268,79.802242,Independent House,4461,3,2,25,No,Fully,25,51,7,53237574
4121,Chennai,Anna Nagar,17.615218,74.176039,Independent House,1295,3,2,17,No,Unfurnished,21,67,47,11332545
4122,Pune,Hinjewadi,17.453934,78.512669,Villa,2304,1,1,1,Yes,Unfurnished,9,83,65,18418176
4123,Pune,Hinjewadi,12.646136,78.92792,Plot,1697,1,1,8,Yes,Unfurnished,4,59,73,23970125
4124,Chennai,Velachery,14.743606,79.562074,Independent House,1777,2,1,24,Yes,Semi,2,78,37,20940168
4125,Chennai,Anna Nagar,12.839786,77.290304,Villa,4380,2,1,19,Yes,Semi,8,76,85,33344940
4126,Mumbai,Bandra,15.151281,72.64327,Apartment,2025,2,1,14,Yes,Fully,30,67,43,28809675
4127,Pune,Hinjewadi,17.546098,79.529402,Independent House,1134,3,2,7,Yes,Semi,26,82,56,10906812
4128,Chennai,OMR,18.512507,79.653076,Apartment,4231,4,3,25,Yes,Unfurnished,6,82,36,54804143
4129,Chennai,Velachery,14.378856,77.411537,Villa,1809,2,1,20,No,Fully,10,50,25,9920556
4130,Bengaluru,Electronic City,14.072289,77.946523,Independent House,2755,4,3,17,No,Unfurnished,16,55,18,40148615
4131,Chennai,Velachery,14.620067,76.522757,Villa,3148,4,3,7,No,Fully,26,61,93,16936240
4132,Bengaluru,HSR Layout,15.239903,76.037576,Independent House,1808,3,2,22,No,Fully,0,53,4,13079072
4133,Pune,Baner,13.484526,79.331564,Independent House,2052,4,3,17,No,Unfurnished,18,71,17,25186248
4134,Chennai,Velachery,13.192826,76.223982,Plot,2528,5,4,10,Yes,Semi,7,57,76,11992832
4135,Chennai,OMR,15.15579,79.117963,Plot,4689,4,3,12,No,Unfurnished,21,83,45,35734869
4136,Mumbai,Andheri,16.565861,78.823302,Villa,1245,4,3,20,Yes,Semi,3,62,49,13787130
4137,Bengaluru,Whitefield,18.353867,73.902574,Apartment,4524,2,1,7,Yes,Fully,9,57,35,51614316
4138,Pune,Kharadi,12.508204,73.530079,Independent House,2438,1,1,11,Yes,Fully,2,93,7,26769240
4139,Pune,Baner,15.008234,74.379826,Independent House,959,3,2,1,Yes,Semi,14,62,79,5335876
4140,Hyderabad,Banjara Hills,14.800541,72.385834,Apartment,2224,1,1,9,No,Fully,13,92,44,11146688
4141,Bengaluru,Whitefield,15.661832,72.779132,Independent House,2648,4,3,7,Yes,Fully,28,93,73,20323400
4142,Chennai,Velachery,18.279866,72.165625,Villa,1711,5,4,22,No,Unfurnished,8,76,24,21218111
4143,Hyderabad,Banjara Hills,18.657633,79.719462,Plot,1708,5,4,17,Yes,Unfurnished,21,61,5,25374048
4144,Mumbai,Powai,16.518159,72.691859,Apartment,4043,3,2,20,Yes,Semi,15,74,85,40927289
4145,Bengaluru,Whitefield,13.429678,79.46924,Villa,3694,3,2,4,No,Semi,21,83,44,23009926
4146,Chennai,Adyar,17.137647,74.959703,Apartment,603,4,3,17,No,Semi,26,84,19,3655989
4147,Bengaluru,Indiranagar,13.024359,76.322886,Apartment,4987,1,1,24,No,Unfurnished,1,89,68,20621245
4148,Chennai,Velachery,17.212453,74.079896,Villa,1617,1,1,14,Yes,Semi,8,81,20,13641012
4149,Pune,Wakad,12.302048,72.862618,Villa,4494,4,3,12,Yes,Fully,9,83,86,40126926
4150,Bengaluru,Electronic City,15.961388,79.609357,Apartment,1012,3,2,9,Yes,Semi,20,90,41,14601136
4151,Hyderabad,Kondapur,17.081609,77.351393,Plot,3574,4,3,8,Yes,Semi,14,86,24,17734188
4152,Chennai,Velachery,16.837512,78.1948,Villa,1029,4,3,14,No,Semi,8,93,31,9870168
4153,Pune,Wakad,16.726243,76.56152,Independent House,1682,3,2,0,Yes,Fully,25,74,57,9341828
4154,Bengaluru,Electronic City,14.369659,74.11897,Apartment,2533,2,1,12,No,Semi,4,72,62,19461039
4155,Bengaluru,Electronic City,16.780368,76.179772,Plot,2310,5,4,24,Yes,Semi,1,66,37,26350170
4156,Chennai,OMR,17.248628,78.383806,Independent House,1445,1,1,24,Yes,Unfurnished,0,64,86,7537120
4157,Mumbai,Powai,16.321715,73.283751,Independent House,2540,4,3,18,Yes,Unfurnished,30,73,74,26266140
4158,Pune,Baner,17.869764,77.748633,Independent House,4284,3,2,22,No,Semi,0,74,1,17311644
4159,Hyderabad,Kukatpally,15.003061,74.968271,Apartment,2831,4,3,23,Yes,Semi,16,81,35,12691373
4160,Hyderabad,Jubilee Hills,17.266373,73.831514,Independent House,2644,5,4,19,Yes,Semi,20,94,30,13087800
4161,Bengaluru,Whitefield,12.932236,78.055945,Villa,2711,3,2,0,Yes,Semi,19,99,68,19405338
4162,Pune,Baner,12.78303,75.265292,Independent House,4383,3,2,14,No,Fully,8,93,47,38386314
4163,Bengaluru,Whitefield,15.237008,76.104169,Plot,3088,5,4,17,Yes,Fully,7,66,9,27597456
4164,Chennai,Adyar,12.930135,76.950892,Apartment,958,3,2,5,No,Fully,24,100,61,6595830
4165,Bengaluru,HSR Layout,14.826109,72.602065,Villa,4236,4,3,20,No,Fully,20,83,25,39466812
4166,Chennai,Anna Nagar,16.965236,72.691382,Plot,2948,2,1,11,Yes,Fully,17,79,47,12735360
4167,Chennai,OMR,12.208625,76.142702,Independent House,2577,4,3,9,No,Semi,6,53,29,33263916
4168,Hyderabad,Miyapur,16.155167,77.654184,Apartment,4367,1,1,22,No,Fully,6,63,98,38896869
4169,Chennai,Anna Nagar,13.770731,75.955213,Plot,3423,4,3,5,No,Unfurnished,7,52,10,16563897
4170,Chennai,Anna Nagar,14.233993,72.881579,Apartment,2503,1,1,23,No,Fully,23,96,26,16574866
4171,Pune,Kharadi,14.780091,76.572956,Plot,3083,1,1,9,No,Semi,29,53,55,15529071
4172,Hyderabad,Madhapur,13.513702,73.271116,Villa,4962,1,1,3,No,Unfurnished,13,87,29,21733560
4173,Mumbai,Bandra,13.168924,74.437556,Villa,789,1,1,21,Yes,Unfurnished,25,72,46,5035398
4174,Mumbai,Powai,17.160759,74.641805,Villa,3055,2,1,21,Yes,Unfurnished,3,65,89,23214945
4175,Mumbai,Andheri,16.651069,78.311204,Independent House,3980,5,4,18,Yes,Fully,5,63,92,49284340
4176,Pune,Hinjewadi,18.191243,77.678434,Apartment,2110,2,1,9,Yes,Fully,11,63,69,10488810
4177,Pune,Baner,12.121387,72.303973,Independent House,1166,5,4,0,No,Unfurnished,20,67,45,15689696
4178,Hyderabad,Jubilee Hills,15.851156,76.544937,Apartment,3598,1,1,23,No,Fully,30,71,53,21199416
4179,Hyderabad,Gachibowli,13.970307,72.36015,Plot,4046,5,4,4,Yes,Semi,19,90,25,46650380
4180,Pune,Hinjewadi,12.134057,75.305042,Villa,1411,4,3,3,No,Unfurnished,8,80,32,19378674
4181,Bengaluru,Indiranagar,13.154721,75.649943,Plot,4130,2,1,7,No,Semi,0,62,19,58208220
4182,Chennai,Anna Nagar,12.552796,75.834497,Villa,2054,4,3,22,No,Unfurnished,3,66,43,12821068
4183,Chennai,OMR,16.322733,75.447297,Villa,4840,3,2,8,Yes,Fully,3,70,41,70422000
4184,Mumbai,Thane,12.332106,76.76067,Plot,4614,2,1,22,Yes,Fully,2,97,61,40280220
4185,Hyderabad,Jubilee Hills,18.343305,74.77981,Independent House,2742,4,3,14,Yes,Fully,25,69,49,32001882
4186,Mumbai,Thane,12.87014,79.785152,Apartment,1349,1,1,10,No,Fully,19,73,84,16939393
4187,Chennai,Velachery,15.29673,78.496252,Independent House,1761,5,4,13,No,Unfurnished,20,75,22,18349620
4188,Pune,Hinjewadi,14.538765,73.432067,Independent House,4845,4,3,20,Yes,Fully,29,64,66,45785250
4189,Bengaluru,Electronic City,15.184844,78.500153,Plot,2359,4,3,2,Yes,Fully,8,66,35,25949000
4190,Pune,Kharadi,12.033476,74.32038,Independent House,4538,4,3,2,No,Semi,30,89,46,59774536
4191,Hyderabad,Kukatpally,12.743459,77.552162,Villa,3410,4,3,0,No,Semi,1,88,7,48503840
4192,Bengaluru,Indiranagar,17.645413,78.454228,Apartment,4681,1,1,7,No,Fully,26,96,72,22056872
4193,Mumbai,Andheri,12.147751,72.220209,Villa,3461,1,1,10,Yes,Fully,25,58,36,35035703
4194,Chennai,Anna Nagar,12.972637,74.072658,Independent House,978,5,4,8,Yes,Fully,14,54,96,12108618
4195,Hyderabad,Gachibowli,18.859862,78.552556,Apartment,2528,4,3,24,Yes,Semi,16,52,61,16212064
4196,Chennai,Velachery,13.082319,75.312042,Plot,2350,4,3,14,Yes,Semi,13,83,5,17596800
4197,Hyderabad,Kukatpally,12.016083,75.886856,Villa,521,3,2,4,No,Semi,27,51,36,5579389
4198,Bengaluru,Whitefield,16.530293,73.314744,Apartment,2718,3,2,14,No,Unfurnished,11,87,85,11823300
4199,Pune,Wakad,17.027293,79.793857,Plot,1575,1,1,22,Yes,Semi,10,100,10,18101475
4200,Pune,Hinjewadi,16.47799,74.988843,Villa,3548,3,2,18,No,Fully,25,60,25,44353548
4201,Pune,Baner,13.041667,78.249688,Independent House,1504,3,2,6,Yes,Unfurnished,16,88,29,16593632
4202,Mumbai,Thane,13.492032,74.95317,Plot,3344,2,1,0,Yes,Fully,10,53,87,19375136
4203,Chennai,Adyar,14.284857,75.924417,Independent House,3017,1,1,18,Yes,Semi,12,100,30,25222120
4204,Hyderabad,Kondapur,16.012941,72.94753,Plot,4601,1,1,6,Yes,Fully,13,97,32,26119877
4205,Mumbai,Bandra,13.384394,77.040289,Plot,1572,1,1,11,No,Fully,27,55,63,23106828
4206,Mumbai,Bandra,17.239201,74.52786,Plot,4052,1,1,13,Yes,Fully,8,62,24,32492988
4207,Mumbai,Thane,16.223803,76.51815,Independent House,2438,2,1,23,Yes,Semi,3,96,47,19084664
4208,Pune,Baner,15.506629,75.745398,Apartment,1843,1,1,16,No,Unfurnished,0,88,36,19244606
4209,Chennai,Velachery,15.031476,72.906648,Villa,1133,4,3,1,No,Semi,30,78,57,11271084
4210,Bengaluru,Indiranagar,18.982,74.145598,Plot,2727,5,4,5,No,Unfurnished,23,65,15,36310005
4211,Bengaluru,HSR Layout,13.027547,78.152165,Villa,4035,5,4,4,Yes,Fully,8,86,17,46814070
4212,Pune,Baner,12.431751,78.813314,Independent House,1260,1,1,10,No,Semi,1,80,93,8847720
4213,Mumbai,Bandra,13.166641,75.857004,Apartment,2334,2,1,8,No,Unfurnished,0,90,33,14995950
4214,Hyderabad,Gachibowli,18.875219,78.009125,Apartment,3879,3,2,1,Yes,Semi,18,63,48,34577406
4215,Chennai,Velachery,14.522133,77.948573,Plot,2928,3,2,7,No,Fully,22,65,86,33200592
4216,Pune,Kharadi,18.329305,74.358364,Apartment,4099,3,2,8,Yes,Semi,17,94,72,41248237
4217,Bengaluru,Indiranagar,12.166433,72.224552,Villa,3651,2,1,4,Yes,Semi,24,98,25,28444941
4218,Bengaluru,Electronic City,16.731886,77.668337,Independent House,3550,2,1,6,Yes,Semi,26,74,22,35003000
4219,Bengaluru,Electronic City,13.573214,79.977982,Independent House,4402,2,1,0,No,Fully,27,90,42,19302770
4220,Mumbai,Bandra,13.557994,72.70618,Apartment,2266,2,1,25,Yes,Fully,7,62,89,14323386
4221,Bengaluru,Electronic City,16.375953,79.367949,Apartment,1610,1,1,2,No,Fully,27,58,42,9684150
4222,Bengaluru,Whitefield,17.735932,78.467731,Villa,1334,5,4,11,No,Fully,10,97,14,15763878
4223,Chennai,Adyar,17.560369,76.25314,Independent House,1979,5,4,15,No,Unfurnished,14,61,96,25624092
4224,Bengaluru,Whitefield,13.044058,77.658447,Apartment,4581,3,2,22,Yes,Fully,8,67,51,42191010
4225,Hyderabad,Kondapur,16.365494,75.438603,Villa,2985,4,3,13,No,Unfurnished,20,76,13,29205240
4226,Hyderabad,Madhapur,14.888646,78.153563,Villa,3259,1,1,1,Yes,Fully,24,87,42,36403030
4227,Hyderabad,Jubilee Hills,14.373586,78.049017,Villa,3411,1,1,16,No,Unfurnished,12,58,78,18528552
4228,Pune,Baner,16.582887,78.436684,Apartment,1902,2,1,15,No,Semi,28,60,15,12404844
4229,Chennai,Adyar,17.028652,73.324735,Plot,1645,2,1,22,Yes,Semi,14,57,17,19424160
4230,Hyderabad,Madhapur,18.697503,76.758318,Plot,1484,1,1,1,Yes,Fully,25,61,21,9598512
4231,Bengaluru,Indiranagar,13.195578,79.46653,Plot,1161,4,3,25,Yes,Fully,10,100,8,11060847
4232,Hyderabad,Miyapur,16.674065,76.430656,Apartment,4710,3,2,11,Yes,Semi,28,59,66,69156930
4233,Hyderabad,Kukatpally,14.363961,78.265313,Plot,2012,2,1,18,Yes,Semi,25,69,95,22435812
4234,Chennai,Velachery,18.184984,76.30261,Independent House,2403,1,1,14,Yes,Semi,8,60,65,12303360
4235,Bengaluru,Indiranagar,12.832671,78.61687,Apartment,1956,3,2,10,Yes,Fully,12,51,28,9948216
4236,Bengaluru,Electronic City,18.209879,74.271811,Villa,1094,4,3,11,Yes,Unfurnished,28,90,93,5003956
4237,Mumbai,Thane,15.457761,77.293245,Villa,933,2,1,7,No,Unfurnished,16,95,37,11463771
4238,Hyderabad,Kondapur,12.482502,78.616703,Apartment,1648,3,2,7,No,Fully,14,80,35,14138192
4239,Pune,Hinjewadi,15.108037,79.639048,Apartment,4689,1,1,24,Yes,Fully,20,77,6,28148067
4240,Pune,Kharadi,13.571859,77.373982,Apartment,2297,5,4,2,No,Semi,14,54,26,26364966
4241,Pune,Hinjewadi,13.669041,78.750717,Plot,4860,1,1,16,Yes,Unfurnished,17,62,29,50417640
4242,Mumbai,Bandra,13.01231,73.522369,Independent House,3787,4,3,17,No,Unfurnished,13,54,99,51275980
4243,Hyderabad,Kukatpally,18.680393,79.866875,Villa,3067,3,2,8,Yes,Unfurnished,1,95,90,41974962
4244,Chennai,Adyar,15.298766,72.085745,Villa,3608,2,1,12,No,Semi,10,73,5,14533024
4245,Hyderabad,Kondapur,14.444383,73.61666,Plot,910,2,1,13,Yes,Fully,14,73,69,7440160
4246,Pune,Wakad,15.10521,72.250837,Independent House,3411,1,1,1,Yes,Fully,15,73,12,45966636
4247,Mumbai,Powai,16.683043,79.774069,Independent House,3475,5,4,1,Yes,Fully,18,62,71,48736875
4248,Pune,Wakad,14.266359,73.634031,Independent House,2323,1,1,10,Yes,Semi,1,66,78,27434630
4249,Pune,Hinjewadi,13.871962,74.835735,Apartment,863,3,2,11,No,Semi,0,70,82,8138953
4250,Hyderabad,Kondapur,14.930257,73.718238,Villa,1491,2,1,21,No,Unfurnished,0,94,62,14051184
4251,Chennai,Velachery,18.236117,77.769895,Apartment,4892,2,1,1,Yes,Fully,16,67,42,27610448
4252,Chennai,OMR,18.694504,78.576623,Apartment,2480,3,2,12,Yes,Fully,3,55,98,33152640
4253,Chennai,Adyar,13.192087,78.50153,Plot,4605,3,2,25,Yes,Fully,5,98,19,47666355
4254,Mumbai,Thane,12.124067,74.152813,Independent House,1404,3,2,7,Yes,Semi,25,87,98,14831856
4255,Mumbai,Bandra,12.160565,76.430629,Independent House,822,5,4,25,No,Semi,14,90,98,7628160
4256,Hyderabad,Banjara Hills,13.410178,73.484638,Apartment,637,3,2,7,No,Fully,29,82,13,6817174
4257,Chennai,Velachery,16.981634,79.34672,Independent House,2379,2,1,24,Yes,Unfurnished,7,64,26,23963667
4258,Pune,Baner,17.847451,74.609211,Villa,1941,3,2,22,No,Semi,17,50,68,21430581
4259,Pune,Hinjewadi,18.085918,72.95788,Plot,4836,1,1,10,No,Unfurnished,17,51,35,39374712
4260,Chennai,OMR,13.37338,78.775555,Apartment,3437,2,1,18,No,Semi,19,82,59,13844236
4261,Bengaluru,Indiranagar,17.434578,73.3423,Independent House,4525,1,1,18,Yes,Semi,21,66,23,27516525
4262,Pune,Kharadi,16.840587,73.027943,Villa,4112,1,1,15,Yes,Fully,0,71,50,47308560
4263,Pune,Wakad,14.048689,73.01016,Independent House,4460,5,4,21,No,Semi,19,96,36,50897520
4264,Mumbai,Bandra,14.677759,74.728977,Villa,973,1,1,11,Yes,Unfurnished,4,85,59,13204583
4265,Pune,Baner,17.794656,72.929944,Apartment,2484,5,4,4,No,Unfurnished,6,92,79,23280048
4266,Chennai,Anna Nagar,13.81136,74.567116,Plot,560,2,1,19,Yes,Unfurnished,10,82,2,3315760
4267,Bengaluru,Whitefield,16.79215,74.034461,Villa,4201,1,1,25,Yes,Unfurnished,14,89,80,27730801
4268,Hyderabad,Banjara Hills,12.054845,74.79137,Apartment,3469,1,1,12,No,Unfurnished,11,69,76,21545959
4269,Bengaluru,Electronic City,17.920891,79.110815,Apartment,4313,4,3,23,Yes,Fully,0,57,60,63068999
4270,Hyderabad,Gachibowli,18.54518,74.185705,Villa,2716,3,2,17,Yes,Unfurnished,0,54,58,34946772
4271,Chennai,Adyar,12.763789,79.121275,Villa,4368,3,2,17,No,Unfurnished,12,81,28,28479360
4272,Chennai,OMR,13.690224,74.261812,Apartment,3448,2,1,21,No,Unfurnished,22,85,47,28397728
4273,Chennai,Adyar,16.676445,79.957515,Apartment,4203,4,3,12,No,Fully,18,53,37,44703108
4274,Mumbai,Bandra,17.292273,73.074948,Plot,2449,1,1,1,No,Semi,8,91,68,18761789
4275,Mumbai,Andheri,17.643352,78.764193,Villa,1292,3,2,5,Yes,Unfurnished,17,90,63,9399300
4276,Bengaluru,Whitefield,17.695346,77.796333,Apartment,873,3,2,23,No,Fully,12,51,2,5173398
4277,Chennai,Adyar,18.394786,77.985901,Plot,3404,4,3,24,Yes,Fully,12,51,61,14038096
4278,Chennai,Adyar,18.714384,73.838171,Apartment,4309,3,2,7,Yes,Fully,16,93,56,53707376
4279,Hyderabad,Miyapur,15.226438,77.769576,Villa,1565,4,3,7,Yes,Fully,23,90,57,12534085
4280,Hyderabad,Banjara Hills,17.25214,76.984592,Independent House,735,2,1,18,Yes,Semi,12,77,15,9992325
4281,Pune,Hinjewadi,17.653171,75.792732,Independent House,4377,3,2,7,No,Unfurnished,25,100,41,60603942
4282,Bengaluru,HSR Layout,12.596302,77.895972,Villa,3693,1,1,25,No,Fully,25,74,81,28100037
4283,Pune,Hinjewadi,13.958829,72.481796,Independent House,2182,5,4,20,Yes,Fully,26,93,76,19934752
4284,Bengaluru,Whitefield,16.955107,76.915914,Independent House,3621,2,1,15,Yes,Unfurnished,21,54,13,20882307
4285,Bengaluru,HSR Layout,18.181084,72.5489,Apartment,1558,5,4,23,Yes,Semi,10,56,3,7540720
4286,Bengaluru,Electronic City,16.623569,72.04391,Apartment,3886,1,1,10,No,Fully,5,71,57,53265402
4287,Hyderabad,Madhapur,12.756239,78.216518,Independent House,1088,2,1,0,Yes,Semi,29,75,77,10044416
4288,Bengaluru,HSR Layout,15.769379,77.71505,Apartment,2417,1,1,2,No,Semi,25,59,80,17431404
4289,Hyderabad,Jubilee Hills,18.880906,77.120026,Plot,1878,3,2,21,Yes,Semi,18,56,67,22147254
4290,Mumbai,Thane,12.464133,74.683268,Independent House,570,4,3,11,Yes,Unfurnished,9,65,30,5679480
4291,Hyderabad,Gachibowli,16.767264,77.365002,Independent House,2895,1,1,17,Yes,Semi,14,98,74,18038745
4292,Mumbai,Bandra,18.706592,78.296396,Villa,3326,1,1,21,Yes,Fully,1,79,64,40214666
4293,Chennai,Adyar,12.134986,75.646244,Villa,1646,3,2,21,Yes,Unfurnished,26,52,100,12112914
4294,Chennai,OMR,14.579268,79.683405,Villa,3138,3,2,13,No,Unfurnished,7,88,97,35377812
4295,Pune,Hinjewadi,17.727123,72.227937,Independent House,4933,4,3,13,No,Unfurnished,10,67,61,69338248
4296,Mumbai,Andheri,12.08284,72.52425,Plot,730,2,1,10,Yes,Unfurnished,1,88,78,4893190
4297,Hyderabad,Madhapur,16.441172,73.16941,Plot,1950,5,4,4,No,Semi,11,79,69,24815700
4298,Pune,Wakad,15.126231,77.106903,Independent House,1680,1,1,12,No,Fully,17,76,45,24306240
4299,Pune,Baner,14.742744,73.659006,Apartment,1056,5,4,21,Yes,Semi,16,88,26,8366688
4300,Pune,Hinjewadi,13.613818,73.661189,Villa,2777,1,1,10,No,Unfurnished,22,69,66,12446514
4301,Pune,Baner,12.595348,72.094211,Apartment,4186,3,2,25,Yes,Semi,8,92,97,17828174
4302,Mumbai,Bandra,16.610557,77.851197,Plot,1009,2,1,9,Yes,Semi,14,100,71,8328286
4303,Chennai,OMR,16.161872,79.125193,Apartment,1105,1,1,2,No,Semi,1,80,40,12120745
4304,Pune,Hinjewadi,14.378555,75.129949,Apartment,2682,3,2,19,Yes,Semi,20,78,57,13517280
4305,Mumbai,Powai,12.998191,78.610131,Apartment,4935,3,2,6,Yes,Fully,8,95,32,70067130
4306,Pune,Baner,16.832501,76.630495,Plot,2900,3,2,22,Yes,Fully,15,55,24,26448000
4307,Hyderabad,Kondapur,16.947165,72.37261,Villa,2897,5,4,13,Yes,Unfurnished,22,83,52,37426343
4308,Mumbai,Powai,15.633426,76.398515,Apartment,3213,1,1,4,No,Fully,23,96,25,36955926
4309,Bengaluru,Whitefield,18.64949,77.198667,Apartment,4355,5,4,5,No,Semi,2,59,82,25542075
4310,Bengaluru,Electronic City,12.070711,74.087241,Villa,1215,5,4,1,Yes,Semi,23,78,3,10050480
4311,Hyderabad,Kukatpally,16.395306,77.1203,Villa,1946,3,2,7,Yes,Semi,25,95,83,20343484
4312,Mumbai,Thane,14.03419,73.974668,Apartment,4819,4,3,25,No,Semi,28,57,8,37062929
4313,Pune,Wakad,16.51507,78.53349,Independent House,4016,2,1,17,Yes,Unfurnished,12,88,98,42252336
4314,Chennai,OMR,14.046574,72.642192,Apartment,597,1,1,22,Yes,Unfurnished,0,67,19,6597447
4315,Mumbai,Andheri,15.790325,73.173451,Apartment,1654,2,1,13,Yes,Semi,3,55,34,10039780
4316,Bengaluru,Indiranagar,18.519297,74.725435,Apartment,3666,4,3,8,No,Fully,21,57,14,35600526
4317,Pune,Kharadi,15.621573,74.256642,Independent House,2263,3,2,21,Yes,Fully,15,62,19,11373838
4318,Bengaluru,Whitefield,12.962722,73.520813,Independent House,1768,1,1,8,No,Fully,11,87,51,7243496
4319,Bengaluru,Whitefield,18.726811,78.536884,Villa,524,4,3,11,No,Fully,29,56,63,5047692
4320,Pune,Baner,15.062011,75.1977,Villa,4766,5,4,1,Yes,Semi,4,51,24,61862680
4321,Hyderabad,Gachibowli,12.64955,77.048568,Villa,4078,1,1,21,Yes,Unfurnished,3,57,80,49857628
4322,Bengaluru,Electronic City,16.425924,75.547229,Plot,3962,2,1,11,No,Semi,21,66,1,44441754
4323,Chennai,Anna Nagar,14.531125,73.789203,Villa,4666,3,2,15,No,Fully,15,71,54,24855782
4324,Hyderabad,Kukatpally,16.217847,72.172082,Plot,4612,2,1,23,Yes,Semi,13,94,59,65684104
4325,Hyderabad,Kukatpally,13.286092,76.923592,Villa,2513,1,1,9,Yes,Semi,27,53,13,30103227
4326,Pune,Hinjewadi,13.866495,74.146583,Villa,1805,5,4,23,No,Fully,14,52,42,26093080
4327,Mumbai,Bandra,13.068353,72.722318,Apartment,1621,2,1,24,No,Unfurnished,23,53,2,17121002
4328,Chennai,OMR,16.749769,77.584307,Plot,3869,3,2,2,Yes,Fully,9,88,11,22246750
4329,Mumbai,Bandra,14.04175,75.743678,Independent House,3839,4,3,12,No,Unfurnished,21,67,38,20093326
4330,Bengaluru,Indiranagar,14.09282,73.723612,Villa,4732,5,4,16,No,Unfurnished,10,94,62,30062396
4331,Hyderabad,Miyapur,16.947955,73.581123,Apartment,3443,3,2,10,No,Semi,15,58,48,41181723
4332,Pune,Wakad,14.693273,79.983807,Plot,2730,2,1,20,No,Unfurnished,18,97,38,20281170
4333,Mumbai,Powai,15.687277,72.661666,Villa,2728,5,4,2,Yes,Semi,25,80,21,37875552
4334,Chennai,OMR,12.166368,74.356232,Apartment,4486,4,3,15,No,Fully,1,90,69,32873408
4335,Chennai,Adyar,15.007956,76.117943,Independent House,3395,2,1,2,No,Unfurnished,2,85,60,41239065
4336,Chennai,Velachery,18.50629,76.26083,Plot,2262,2,1,4,Yes,Unfurnished,1,92,55,10111140
4337,Mumbai,Andheri,12.089066,79.673454,Apartment,3315,3,2,9,No,Fully,10,100,24,20957430
4338,Chennai,OMR,16.928802,76.862007,Independent House,2252,1,1,0,No,Unfurnished,9,78,26,19943712
4339,Chennai,Anna Nagar,18.666279,74.403219,Plot,2077,1,1,10,No,Fully,7,83,88,13369649
4340,Hyderabad,Kukatpally,13.195079,77.262727,Plot,2349,1,1,11,Yes,Fully,12,59,48,24922890
4341,Chennai,Adyar,18.120347,79.57619,Apartment,3972,5,4,0,Yes,Semi,16,78,70,34715280
4342,Mumbai,Thane,15.010469,76.479903,Villa,2952,1,1,23,Yes,Fully,11,61,80,40935384
4343,Hyderabad,Jubilee Hills,12.757496,77.607638,Apartment,1811,3,2,18,Yes,Fully,7,68,70,11460008
4344,Hyderabad,Kondapur,12.445365,76.33492,Apartment,3509,1,1,25,Yes,Unfurnished,23,92,37,39149913
4345,Hyderabad,Jubilee Hills,13.575971,79.810147,Independent House,3677,2,1,17,Yes,Fully,23,88,86,43723207
4346,Mumbai,Bandra,13.803366,73.039612,Independent House,4166,2,1,14,No,Unfurnished,28,94,58,60240360
4347,Pune,Hinjewadi,14.761843,78.368255,Plot,3837,3,2,14,Yes,Semi,7,83,18,28278690
4348,Mumbai,Bandra,13.107364,76.023591,Apartment,1257,3,2,18,No,Fully,18,56,31,17532636
4349,Chennai,Adyar,13.04719,75.395718,Villa,3634,2,1,24,Yes,Fully,12,78,96,29039294
4350,Chennai,Velachery,17.299465,74.723273,Villa,568,1,1,14,No,Unfurnished,19,90,64,5620360
4351,Hyderabad,Banjara Hills,17.717798,72.418714,Apartment,3051,3,2,11,Yes,Semi,30,52,24,19312830
4352,Bengaluru,Indiranagar,12.167461,73.083374,Apartment,2397,2,1,23,Yes,Fully,10,93,25,35648184
4353,Mumbai,Thane,13.040472,74.080245,Apartment,592,4,3,17,No,Unfurnished,24,97,88,4779808
4354,Mumbai,Thane,12.728355,73.644072,Villa,4008,3,2,7,No,Fully,4,66,42,48316440
4355,Hyderabad,Madhapur,12.764978,75.702969,Independent House,698,2,1,6,No,Unfurnished,3,92,4,9721744
4356,Bengaluru,Indiranagar,16.475308,79.035999,Plot,2526,2,1,8,Yes,Fully,7,96,12,19435044
4357,Bengaluru,HSR Layout,14.211715,73.364121,Apartment,4569,4,3,6,Yes,Fully,21,66,100,32919645
4358,Mumbai,Andheri,14.244433,73.382297,Apartment,1009,5,4,15,No,Unfurnished,19,53,74,7537230
4359,Pune,Hinjewadi,12.825544,79.854844,Apartment,2630,2,1,20,Yes,Semi,21,92,49,24903470
4360,Hyderabad,Jubilee Hills,14.846004,76.375576,Plot,3468,1,1,2,No,Unfurnished,18,56,36,35859120
4361,Pune,Kharadi,16.624751,79.324108,Plot,3623,4,3,19,Yes,Fully,5,94,68,46138905
4362,Chennai,Anna Nagar,12.276373,72.186279,Apartment,1863,4,3,10,No,Unfurnished,6,67,61,16111224
4363,Bengaluru,Indiranagar,12.300235,74.729209,Villa,4055,3,2,3,No,Semi,9,89,92,29990780
4364,Hyderabad,Miyapur,14.704112,75.397603,Apartment,653,5,4,23,Yes,Unfurnished,12,96,44,3719488
4365,Mumbai,Thane,14.048454,78.768305,Apartment,3219,3,2,8,No,Semi,0,73,16,44196870
4366,Hyderabad,Gachibowli,13.810775,79.124461,Independent House,4442,5,4,9,No,Semi,22,84,38,64879852
4367,Mumbai,Bandra,16.79847,76.59727,Apartment,556,4,3,18,Yes,Semi,17,86,68,4019324
4368,Bengaluru,Electronic City,16.953197,72.281298,Plot,4643,4,3,21,Yes,Semi,21,89,9,46160706
4369,Pune,Hinjewadi,18.775975,75.847892,Independent House,2350,1,1,2,No,Fully,17,64,30,21408500
4370,Bengaluru,Electronic City,15.29928,79.036703,Villa,2383,4,3,9,No,Semi,18,79,57,30948021
4371,Hyderabad,Jubilee Hills,17.19398,74.86424,Apartment,2232,4,3,20,Yes,Semi,26,71,15,28326312
4372,Bengaluru,Whitefield,16.756932,72.185775,Independent House,2346,1,1,16,Yes,Semi,7,99,82,21799032
4373,Mumbai,Thane,14.078052,78.322755,Plot,2315,3,2,21,No,Fully,15,97,43,17698175
4374,Mumbai,Powai,13.479252,74.318445,Independent House,3467,4,3,8,Yes,Unfurnished,19,99,79,14176563
4375,Chennai,Anna Nagar,15.322417,72.109576,Villa,4183,2,1,11,Yes,Unfurnished,1,54,65,24884667
4376,Mumbai,Andheri,18.803609,78.438695,Plot,2532,5,4,13,Yes,Semi,1,84,72,30487812
4377,Pune,Wakad,17.661795,72.649484,Villa,3964,3,2,21,Yes,Fully,19,94,69,30558476
4378,Pune,Kharadi,14.000148,76.389437,Villa,4639,5,4,13,Yes,Semi,25,88,58,59676096
4379,Mumbai,Bandra,12.648715,77.746846,Plot,4344,4,3,0,No,Fully,20,56,27,57805608
4380,Bengaluru,Whitefield,13.307514,78.309794,Plot,1139,1,1,20,No,Unfurnished,24,88,31,7151781
4381,Bengaluru,Indiranagar,12.025372,72.765029,Villa,3678,5,4,9,Yes,Unfurnished,16,56,69,24300546
4382,Bengaluru,Indiranagar,18.970204,76.956344,Apartment,2373,4,3,3,Yes,Semi,10,91,36,23881872
4383,Bengaluru,Indiranagar,15.22807,76.392465,Villa,3250,3,2,1,No,Semi,10,97,84,24157250
4384,Chennai,Adyar,12.097445,75.11692,Independent House,2352,3,2,8,No,Fully,19,51,85,25573296
4385,Pune,Hinjewadi,18.155244,75.559984,Plot,4429,1,1,7,Yes,Fully,17,64,75,17769148
4386,Bengaluru,HSR Layout,18.99445,73.21779,Apartment,2606,2,1,20,Yes,Fully,27,62,33,35308694
4387,Pune,Wakad,12.636081,78.289031,Independent House,532,2,1,6,No,Fully,17,87,75,2816408
4388,Hyderabad,Kondapur,17.92523,77.212574,Apartment,4770,3,2,1,Yes,Fully,26,56,31,28228860
4389,Pune,Hinjewadi,14.453562,78.76291,Independent House,4205,5,4,21,Yes,Semi,8,67,61,36562475
4390,Pune,Kharadi,13.569666,74.48146,Independent House,4973,3,2,8,Yes,Unfurnished,26,98,66,52315960
4391,Mumbai,Bandra,15.508966,72.301871,Plot,1857,5,4,0,No,Fully,30,61,98,14623875
4392,Hyderabad,Jubilee Hills,12.236884,73.499121,Plot,3549,4,3,21,No,Unfurnished,8,72,22,41601378
4393,Bengaluru,Indiranagar,16.652028,78.024032,Villa,3079,4,3,4,No,Unfurnished,26,80,49,15003967
4394,Hyderabad,Miyapur,17.22507,79.112479,Plot,4151,1,1,5,Yes,Unfurnished,10,65,56,40136019
4395,Chennai,Anna Nagar,16.124473,75.141183,Plot,677,2,1,15,No,Semi,23,61,61,4276609
4396,Bengaluru,Whitefield,13.060783,78.572088,Apartment,3625,4,3,17,No,Unfurnished,6,57,83,21057625
4397,Hyderabad,Miyapur,16.026278,76.373414,Apartment,3042,4,3,8,No,Fully,7,66,31,30307446
4398,Mumbai,Powai,15.056618,76.104363,Apartment,2111,2,1,21,Yes,Unfurnished,20,100,65,16925998
4399,Chennai,Adyar,12.007003,79.336958,Apartment,4706,5,4,4,No,Fully,30,95,53,46241156
4400,Mumbai,Bandra,14.414085,73.647441,Independent House,2905,3,2,5,Yes,Unfurnished,11,53,80,18859260
4401,Hyderabad,Madhapur,18.371639,74.996894,Apartment,2329,4,3,5,No,Fully,22,61,69,13279958
4402,Bengaluru,Indiranagar,14.67652,74.468666,Independent House,3941,4,3,3,Yes,Unfurnished,19,52,63,49672364
4403,Pune,Kharadi,17.853608,73.966257,Plot,2200,3,2,22,No,Unfurnished,3,95,9,28954200
4404,Chennai,Velachery,18.308627,75.316239,Apartment,887,4,3,16,No,Unfurnished,25,92,33,8406099
4405,Chennai,Anna Nagar,12.91165,77.247856,Plot,4445,3,2,0,Yes,Fully,25,66,46,51686460
4406,Bengaluru,Electronic City,18.968029,72.395101,Apartment,3317,3,2,19,No,Unfurnished,6,78,56,23401435
4407,Pune,Baner,16.733141,75.720801,Plot,4507,2,1,4,Yes,Fully,26,70,86,66343040
4408,Hyderabad,Banjara Hills,15.179769,75.684001,Apartment,1420,3,2,0,Yes,Fully,20,96,28,9509740
4409,Pune,Kharadi,18.928679,75.883681,Apartment,1741,4,3,9,No,Unfurnished,9,72,14,16941671
4410,Mumbai,Andheri,17.87461,78.240215,Villa,1235,1,1,20,No,Semi,30,91,5,17243070
4411,Pune,Baner,14.131542,76.554594,Apartment,2327,5,4,6,No,Semi,6,59,72,34332558
4412,Pune,Wakad,16.556744,74.603228,Plot,2588,3,2,22,No,Fully,9,72,59,37171444
4413,Mumbai,Thane,12.498792,76.177604,Independent House,3711,2,1,21,Yes,Fully,0,62,1,53293671
4414,Bengaluru,HSR Layout,15.632839,79.055909,Apartment,1152,5,4,12,No,Fully,30,86,98,8363520
4415,Pune,Hinjewadi,17.795699,77.264329,Independent House,3037,5,4,3,Yes,Fully,20,60,75,31927981
4416,Mumbai,Powai,16.947735,77.4743,Plot,4848,1,1,25,No,Unfurnished,13,59,59,41280720
4417,Pune,Wakad,17.059062,73.4424,Independent House,4027,1,1,10,No,Unfurnished,2,100,29,40354567
4418,Chennai,Anna Nagar,16.828411,75.969624,Villa,2933,5,4,7,No,Unfurnished,27,100,63,34063862
4419,Chennai,Anna Nagar,14.088613,74.430217,Villa,849,5,4,14,No,Fully,6,97,69,11664411
4420,Bengaluru,Indiranagar,18.795372,73.996719,Independent House,3178,2,1,24,No,Unfurnished,8,56,61,24807468
4421,Hyderabad,Jubilee Hills,14.381719,77.109851,Plot,1427,4,3,3,Yes,Fully,18,75,93,8643339
4422,Mumbai,Bandra,14.047542,75.916884,Villa,1720,3,2,3,Yes,Semi,19,91,43,9420440
4423,Bengaluru,HSR Layout,17.535738,76.235191,Plot,533,5,4,18,No,Semi,12,52,100,7212556
4424,Bengaluru,Indiranagar,15.595959,73.732865,Independent House,1335,5,4,25,Yes,Semi,14,53,43,16413825
4425,Hyderabad,Jubilee Hills,12.340817,72.334852,Plot,3594,2,1,3,No,Fully,4,80,4,53414028
4426,Bengaluru,Whitefield,12.420407,78.928707,Independent House,3744,4,3,5,No,Fully,19,99,29,48810528
4427,Bengaluru,Whitefield,17.858399,79.688584,Plot,4943,1,1,8,Yes,Fully,27,92,90,69038881
4428,Pune,Kharadi,15.149507,72.859158,Villa,3282,2,1,9,Yes,Semi,7,58,93,47490540
4429,Chennai,Velachery,17.425908,77.744127,Apartment,1102,4,3,21,Yes,Unfurnished,13,100,99,9746088
4430,Mumbai,Powai,16.463575,75.912909,Independent House,3319,2,1,13,No,Fully,7,94,52,35549809
4431,Bengaluru,HSR Layout,14.024433,79.199679,Apartment,989,2,1,23,No,Semi,30,100,78,6158503
4432,Chennai,Velachery,14.600599,78.359989,Independent House,2568,5,4,17,Yes,Fully,24,82,7,24747816
4433,Bengaluru,Whitefield,18.944014,73.765978,Apartment,857,1,1,6,No,Fully,15,50,17,10383412
4434,Mumbai,Bandra,15.161815,72.161351,Villa,648,3,2,24,No,Semi,16,71,41,8677368
4435,Hyderabad,Gachibowli,15.412137,72.11226,Independent House,4379,1,1,16,No,Fully,23,71,21,60657908
4436,Mumbai,Powai,17.16283,79.995734,Plot,4212,5,4,18,Yes,Semi,15,92,4,52384644
4437,Mumbai,Andheri,16.37083,76.192338,Independent House,2731,5,4,6,Yes,Unfurnished,4,59,97,13133379
4438,Hyderabad,Banjara Hills,14.673854,73.084701,Apartment,2031,3,2,16,Yes,Semi,22,96,98,15002997
4439,Mumbai,Andheri,15.390008,79.458667,Plot,3006,3,2,15,Yes,Unfurnished,27,68,47,19707336
4440,Mumbai,Powai,15.334916,75.795384,Plot,1117,5,4,23,Yes,Semi,28,53,64,5916749
4441,Hyderabad,Kondapur,18.843806,77.672871,Apartment,1737,1,1,5,No,Semi,9,87,69,8983764
4442,Hyderabad,Miyapur,15.800903,79.317822,Apartment,4263,3,2,18,No,Semi,5,88,54,42041706
4443,Hyderabad,Kondapur,16.616324,74.601992,Apartment,2685,1,1,15,No,Unfurnished,14,87,78,30740565
4444,Bengaluru,Whitefield,17.45368,75.78505,Villa,2140,2,1,22,No,Semi,19,98,47,25224180
4445,Bengaluru,Indiranagar,13.435349,73.578876,Plot,1405,3,2,1,Yes,Fully,4,54,48,20942930
4446,Hyderabad,Madhapur,18.657776,77.78483,Villa,1298,5,4,3,No,Fully,24,94,49,7145490
4447,Chennai,Velachery,13.332713,73.461379,Apartment,4640,1,1,18,No,Semi,15,64,99,64389280
4448,Pune,Baner,16.931102,79.577659,Independent House,1543,3,2,7,Yes,Unfurnished,16,53,25,7710371
4449,Chennai,Anna Nagar,15.672798,79.524958,Independent House,810,2,1,22,Yes,Unfurnished,19,72,80,11979900
4450,Pune,Wakad,12.72391,73.429441,Apartment,1282,5,4,25,No,Unfurnished,12,53,33,12466168
4451,Bengaluru,Indiranagar,16.434419,72.911809,Villa,1749,3,2,8,No,Unfurnished,21,50,31,11679822
4452,Mumbai,Bandra,16.869107,73.504489,Plot,1960,1,1,12,Yes,Unfurnished,28,85,17,27745760
4453,Hyderabad,Kondapur,13.826092,76.445504,Villa,1252,5,4,2,Yes,Semi,4,69,91,18023792
4454,Chennai,Anna Nagar,14.618798,77.647799,Plot,4225,4,3,7,Yes,Unfurnished,0,52,53,24576825
4455,Mumbai,Powai,18.441103,73.627097,Plot,1791,2,1,13,Yes,Fully,3,76,40,20718288
4456,Chennai,Adyar,18.686143,75.317641,Apartment,1840,4,3,24,Yes,Unfurnished,17,58,36,22902480
4457,Pune,Kharadi,17.431962,72.205646,Villa,1690,3,2,20,Yes,Semi,27,85,81,14937910
4458,Pune,Baner,12.789252,76.656292,Apartment,2442,5,4,21,No,Semi,13,52,51,27694722
4459,Hyderabad,Gachibowli,12.213804,75.073543,Independent House,2014,4,3,15,No,Semi,4,64,27,21930446
4460,Chennai,Anna Nagar,18.217592,74.655389,Apartment,4521,2,1,25,Yes,Fully,24,71,22,50680410
4461,Mumbai,Thane,14.571026,78.322404,Apartment,3872,2,1,16,Yes,Unfurnished,29,67,92,45352736
4462,Mumbai,Bandra,14.867515,74.257144,Villa,2746,4,3,22,No,Semi,12,59,51,20479668
4463,Hyderabad,Jubilee Hills,17.216057,74.478954,Plot,4222,5,4,25,Yes,Fully,8,58,76,61041676
4464,Pune,Wakad,13.092447,75.479357,Apartment,2737,1,1,23,Yes,Fully,12,77,52,24786272
4465,Bengaluru,Electronic City,17.282,79.325109,Independent House,4098,4,3,16,Yes,Fully,21,74,78,17580420
4466,Chennai,OMR,14.967196,79.206721,Apartment,3572,4,3,22,Yes,Fully,10,61,63,34369784
4467,Mumbai,Bandra,12.498883,73.221942,Apartment,2089,4,3,19,Yes,Semi,0,79,62,22839037
4468,Bengaluru,Electronic City,13.225135,79.943694,Plot,4539,5,4,19,Yes,Unfurnished,23,84,31,43129578
4469,Bengaluru,Indiranagar,18.354119,77.980237,Villa,4369,1,1,7,Yes,Fully,21,71,61,44393409
4470,Mumbai,Thane,16.986873,75.394197,Apartment,3670,3,2,25,No,Fully,25,67,89,52745240
4471,Pune,Baner,16.780722,76.484359,Plot,4134,5,4,14,No,Semi,1,98,26,32555250
4472,Hyderabad,Kukatpally,17.773384,75.045832,Plot,3609,5,4,2,Yes,Fully,15,70,30,16536438
4473,Mumbai,Powai,13.015838,72.721841,Independent House,3643,1,1,19,No,Unfurnished,2,58,42,22852539
4474,Hyderabad,Miyapur,14.797494,73.001838,Villa,4871,5,4,10,Yes,Unfurnished,27,62,8,24403710
4475,Pune,Hinjewadi,13.211114,74.46744,Villa,4044,3,2,17,Yes,Semi,2,59,8,37091568
4476,Bengaluru,Electronic City,12.70142,75.092612,Independent House,3604,5,4,16,No,Fully,20,82,50,20960864
4477,Chennai,Velachery,12.162784,74.557406,Villa,4739,4,3,22,No,Semi,9,72,4,68284251
4478,Mumbai,Powai,13.60018,72.457438,Plot,1038,2,1,3,Yes,Unfurnished,15,61,8,6925536
4479,Pune,Hinjewadi,14.753795,74.10004,Apartment,2884,3,2,12,Yes,Unfurnished,25,69,48,14255612
4480,Mumbai,Powai,14.467205,76.280952,Villa,4353,5,4,3,Yes,Semi,12,86,2,20036859
4481,Bengaluru,Electronic City,17.555756,73.475148,Plot,2297,2,1,5,No,Unfurnished,6,85,48,22198208
4482,Pune,Kharadi,14.109327,79.326481,Villa,1425,1,1,19,No,Semi,24,73,62,6071925
4483,Chennai,OMR,15.127347,76.511446,Plot,768,4,3,22,No,Semi,28,74,81,4880640
4484,Pune,Baner,13.226913,73.287223,Independent House,1490,4,3,10,No,Unfurnished,3,95,49,12106250
4485,Chennai,Velachery,12.372454,79.620488,Plot,977,1,1,6,Yes,Semi,16,83,5,14295464
4486,Hyderabad,Kondapur,12.949089,72.332091,Plot,4541,1,1,3,Yes,Fully,24,64,74,54719050
4487,Hyderabad,Jubilee Hills,14.121833,73.573288,Independent House,4571,1,1,20,No,Semi,8,60,3,38643234
4488,Hyderabad,Miyapur,16.629081,76.050617,Villa,616,1,1,20,Yes,Semi,20,86,18,7772072
4489,Pune,Baner,18.285592,73.477569,Apartment,566,5,4,11,Yes,Semi,19,85,11,4192362
4490,Bengaluru,HSR Layout,17.434193,72.134474,Villa,2449,1,1,16,No,Semi,23,61,50,17010754
4491,Pune,Kharadi,16.313188,74.398562,Apartment,2371,2,1,1,No,Fully,18,75,45,15043995
4492,Hyderabad,Kondapur,16.311072,78.478514,Villa,3274,5,4,20,No,Fully,22,87,56,15600610
4493,Hyderabad,Miyapur,12.971078,78.291333,Villa,2940,4,3,12,No,Unfurnished,18,100,91,23902200
4494,Bengaluru,Whitefield,17.176997,77.17956,Independent House,1515,3,2,20,No,Semi,18,85,54,7432590
4495,Mumbai,Powai,12.357766,77.354272,Villa,3220,2,1,22,Yes,Unfurnished,20,87,27,47308240
4496,Pune,Baner,12.217409,75.702595,Villa,2544,4,3,3,No,Semi,2,98,97,16342656
4497,Chennai,Adyar,15.631747,72.526652,Plot,2954,2,1,24,No,Unfurnished,15,98,43,26042464
4498,Mumbai,Powai,15.62872,77.598205,Apartment,3044,4,3,13,No,Semi,29,58,94,24385484
4499,Mumbai,Powai,16.297636,75.009677,Plot,4266,4,3,20,No,Unfurnished,22,53,59,24538032
4500,Pune,Kharadi,16.694971,73.79185,Apartment,2010,4,3,8,No,Fully,0,55,66,25987290
4501,Hyderabad,Banjara Hills,15.355692,79.372313,Plot,2704,1,1,5,No,Semi,13,68,27,31155488
4502,Mumbai,Thane,17.395588,73.251779,Independent House,804,2,1,15,Yes,Semi,29,55,75,11692572
4503,Bengaluru,Whitefield,16.677363,75.532241,Plot,2748,2,1,23,No,Fully,30,86,19,13712520
4504,Pune,Wakad,13.278305,73.458873,Plot,759,2,1,6,Yes,Fully,2,84,37,6313362
4505,Mumbai,Andheri,17.035437,78.806002,Independent House,3497,5,4,1,No,Unfurnished,25,96,93,24202737
4506,Chennai,Velachery,12.881887,76.847017,Independent House,2900,4,3,10,No,Unfurnished,17,59,80,15799200
4507,Pune,Hinjewadi,16.785807,74.922796,Apartment,4527,4,3,9,No,Semi,26,99,25,53024751
4508,Bengaluru,HSR Layout,16.338252,73.487876,Plot,2712,2,1,19,No,Semi,30,54,97,34643088
4509,Pune,Wakad,12.743169,77.477288,Villa,4405,1,1,9,Yes,Unfurnished,8,57,68,46530015
4510,Bengaluru,HSR Layout,18.432692,74.799408,Independent House,732,3,2,4,Yes,Semi,24,54,59,5380200
4511,Chennai,OMR,13.099468,72.367887,Independent House,871,4,3,14,No,Fully,20,78,7,12538916
4512,Pune,Hinjewadi,15.395558,73.108548,Independent House,1618,1,1,19,Yes,Fully,9,86,82,17660470
4513,Hyderabad,Madhapur,13.773641,79.296466,Independent House,4406,5,4,15,No,Semi,30,69,99,33181586
4514,Mumbai,Andheri,18.105453,79.67315,Independent House,4488,3,2,7,No,Unfurnished,2,54,94,46998336
4515,Mumbai,Thane,17.839848,72.173981,Plot,3578,5,4,12,No,Fully,7,70,40,50696682
4516,Chennai,OMR,17.770035,74.254746,Plot,3850,1,1,6,Yes,Semi,25,81,79,45661000
4517,Hyderabad,Madhapur,17.84438,76.06152,Plot,1457,3,2,1,No,Unfurnished,10,71,75,17956068
4518,Bengaluru,Whitefield,14.243363,79.096835,Apartment,1750,3,2,12,Yes,Semi,3,64,56,21479500
4519,Hyderabad,Banjara Hills,17.178868,73.335617,Independent House,3737,3,2,16,Yes,Unfurnished,9,92,2,20848723
4520,Hyderabad,Miyapur,18.774121,74.451102,Plot,2110,2,1,22,Yes,Fully,20,56,1,21273020
4521,Bengaluru,Electronic City,12.173354,76.353556,Plot,3380,3,2,2,Yes,Unfurnished,1,86,74,16514680
4522,Pune,Baner,13.587954,75.141549,Villa,1196,5,4,25,Yes,Fully,9,89,16,15393716
4523,Mumbai,Thane,13.724028,76.658829,Villa,1502,1,1,25,Yes,Semi,9,61,42,15126642
4524,Hyderabad,Madhapur,13.89822,76.139858,Independent House,1122,4,3,5,Yes,Unfurnished,3,75,48,6638874
4525,Mumbai,Thane,14.976159,74.396894,Villa,1396,5,4,25,No,Fully,30,91,24,6159152
4526,Mumbai,Thane,14.45085,75.758129,Independent House,2646,2,1,16,No,Unfurnished,28,82,84,22689450
4527,Mumbai,Bandra,16.275923,79.474228,Apartment,2373,3,2,10,No,Semi,2,95,10,12792843
4528,Mumbai,Thane,17.648205,74.735633,Apartment,2448,5,4,19,Yes,Unfurnished,10,89,19,23762736
4529,Pune,Hinjewadi,18.221625,75.001212,Plot,4744,1,1,24,Yes,Unfurnished,28,57,89,64513656
4530,Bengaluru,Indiranagar,12.926709,79.229431,Plot,2903,3,2,0,No,Semi,26,53,6,14303081
4531,Mumbai,Thane,12.73451,72.490717,Independent House,1521,1,1,17,No,Unfurnished,12,67,80,10265229
4532,Bengaluru,HSR Layout,15.857247,77.122887,Villa,3741,4,3,19,Yes,Unfurnished,27,74,23,29864403
4533,Chennai,Adyar,15.300384,77.30752,Apartment,3069,5,4,2,Yes,Unfurnished,20,89,42,27952452
4534,Mumbai,Powai,13.526643,78.9172,Villa,1694,2,1,22,Yes,Unfurnished,27,91,1,18374818
4535,Pune,Hinjewadi,17.208886,76.173714,Apartment,1545,5,4,17,No,Semi,16,81,33,17708790
4536,Chennai,OMR,18.89137,78.707449,Plot,4084,3,2,17,No,Fully,15,75,76,27509824
4537,Chennai,OMR,18.540861,76.308348,Villa,3884,3,2,6,Yes,Fully,25,92,9,38486556
4538,Hyderabad,Kukatpally,18.997096,78.108377,Plot,4065,4,3,3,No,Fully,30,98,100,47861310
4539,Bengaluru,Indiranagar,12.141519,77.048074,Plot,1981,2,1,14,No,Fully,16,81,84,23290617
4540,Hyderabad,Kondapur,12.547242,79.785682,Independent House,3219,5,4,7,Yes,Unfurnished,6,50,85,32666412
4541,Pune,Baner,18.705469,73.425122,Plot,1622,1,1,25,Yes,Unfurnished,15,76,93,12165000
4542,Hyderabad,Kondapur,12.13137,76.394061,Villa,4160,4,3,24,No,Fully,27,78,53,61780160
4543,Hyderabad,Madhapur,13.659503,72.748067,Plot,1246,2,1,3,Yes,Unfurnished,21,80,95,16793588
4544,Chennai,Velachery,12.109201,72.504477,Plot,3706,3,2,8,No,Unfurnished,30,96,57,51391102
4545,Chennai,OMR,15.018602,77.726777,Villa,2427,3,2,18,Yes,Unfurnished,8,62,63,20957145
4546,Chennai,Adyar,18.170904,77.673047,Apartment,2540,5,4,11,No,Fully,26,95,89,14831060
4547,Bengaluru,Whitefield,13.260082,74.105465,Independent House,1226,5,4,9,No,Semi,2,66,39,14712000
4548,Pune,Hinjewadi,12.073927,74.670707,Apartment,1461,1,1,8,Yes,Unfurnished,19,51,4,12098541
4549,Chennai,Velachery,12.828532,77.413904,Villa,3731,2,1,13,No,Unfurnished,9,63,56,15379182
4550,Mumbai,Powai,13.222692,79.438982,Apartment,2089,1,1,10,No,Fully,19,54,10,10413665
4551,Chennai,Adyar,16.816893,74.611709,Apartment,4453,5,4,13,Yes,Semi,17,69,24,21806341
4552,Pune,Kharadi,13.460243,72.595906,Plot,1943,5,4,0,Yes,Unfurnished,28,78,50,24378821
4553,Chennai,OMR,18.131029,78.14391,Apartment,1976,3,2,3,Yes,Unfurnished,5,69,43,24976640
4554,Mumbai,Powai,15.470828,75.534479,Apartment,2215,1,1,5,No,Fully,6,69,67,11828100
4555,Chennai,OMR,18.432889,75.685361,Villa,4180,4,3,13,No,Unfurnished,5,53,56,43643380
4556,Bengaluru,HSR Layout,12.487054,75.916868,Villa,929,1,1,19,No,Fully,10,69,25,5501538
4557,Mumbai,Powai,12.393906,73.492515,Plot,3959,3,2,11,Yes,Unfurnished,25,67,100,31050437
4558,Chennai,OMR,18.52022,79.166539,Apartment,1712,3,2,15,Yes,Unfurnished,13,85,29,14738608
4559,Hyderabad,Jubilee Hills,12.472135,79.746168,Plot,958,4,3,6,Yes,Unfurnished,10,64,36,4753596
4560,Hyderabad,Miyapur,16.524041,77.417837,Apartment,3946,4,3,17,No,Semi,18,83,79,21063748
4561,Bengaluru,HSR Layout,13.46369,78.683841,Apartment,2762,5,4,0,No,Fully,29,54,28,24653612
4562,Pune,Hinjewadi,14.080778,79.117355,Independent House,3040,5,4,19,No,Fully,27,85,83,19936320
4563,Pune,Wakad,14.962606,74.63571,Plot,3452,3,2,3,No,Semi,15,61,29,15123212
4564,Chennai,Anna Nagar,14.934394,78.642237,Plot,1189,4,3,10,No,Semi,2,58,19,12302583
4565,Bengaluru,Electronic City,12.674458,74.99346,Villa,1044,5,4,10,Yes,Semi,21,66,81,15261192
4566,Bengaluru,Whitefield,13.177865,72.937288,Independent House,783,5,4,5,Yes,Unfurnished,16,67,16,4512429
4567,Bengaluru,Electronic City,14.503711,77.519377,Plot,3344,3,2,25,No,Unfurnished,25,99,90,40800144
4568,Mumbai,Bandra,15.096492,75.208451,Villa,4011,4,3,23,No,Semi,16,85,94,45721389
4569,Pune,Hinjewadi,17.88627,77.578832,Villa,1069,5,4,18,No,Semi,15,80,62,10494373
4570,Hyderabad,Banjara Hills,15.373922,72.322746,Apartment,4467,5,4,23,Yes,Fully,10,53,22,34574580
4571,Bengaluru,HSR Layout,12.408619,76.471022,Apartment,3695,3,2,16,No,Semi,4,54,87,17296295
4572,Chennai,Velachery,13.226915,72.773761,Independent House,1344,3,2,19,Yes,Unfurnished,17,57,11,18662784
4573,Pune,Kharadi,12.270651,75.002302,Villa,1004,3,2,1,No,Semi,11,72,8,14304992
4574,Pune,Wakad,12.630807,77.914722,Plot,4442,4,3,3,No,Semi,4,64,64,42998560
4575,Bengaluru,HSR Layout,13.498744,75.327921,Villa,2050,1,1,12,No,Semi,1,92,48,14780500
4576,Chennai,Velachery,12.207649,79.392004,Independent House,4499,3,2,5,No,Semi,12,73,2,38934346
4577,Bengaluru,Whitefield,17.959028,79.276533,Independent House,1887,1,1,17,Yes,Fully,22,87,75,23779974
4578,Bengaluru,Whitefield,15.286719,72.498701,Plot,1617,2,1,18,Yes,Unfurnished,5,78,67,10892112
4579,Mumbai,Powai,15.052717,72.556775,Apartment,4215,5,4,25,Yes,Fully,11,67,59,38786430
4580,Mumbai,Bandra,12.119674,72.320632,Apartment,3150,5,4,22,Yes,Unfurnished,19,51,28,21139650
4581,Chennai,Adyar,17.769978,78.108278,Apartment,938,5,4,13,No,Semi,23,71,66,10909878
4582,Hyderabad,Kukatpally,18.161929,79.408498,Villa,2893,1,1,20,Yes,Semi,24,79,57,40953308
4583,Pune,Baner,18.903454,74.528968,Apartment,2458,5,4,3,No,Fully,5,95,95,20190012
4584,Hyderabad,Kukatpally,14.685086,75.328858,Villa,1710,5,4,22,No,Semi,5,66,20,11094480
4585,Hyderabad,Gachibowli,16.336256,78.199809,Villa,2647,5,4,23,No,Unfurnished,28,90,52,31925467
4586,Mumbai,Andheri,18.546401,78.401383,Independent House,3807,2,1,22,Yes,Semi,18,83,77,26534790
4587,Mumbai,Thane,18.305342,72.327009,Plot,2249,3,2,20,Yes,Semi,12,50,1,9322105
4588,Mumbai,Bandra,13.297539,73.116024,Apartment,4886,4,3,25,Yes,Semi,18,88,49,60899104
4589,Hyderabad,Miyapur,15.836916,74.800184,Plot,1729,3,2,5,Yes,Semi,22,81,42,23472904
4590,Bengaluru,Electronic City,12.349712,79.420254,Independent House,2482,3,2,20,Yes,Fully,4,100,24,36758420
4591,Mumbai,Andheri,14.420314,73.955789,Plot,4594,5,4,17,Yes,Fully,21,79,75,34046134
4592,Pune,Hinjewadi,16.295938,73.267613,Plot,872,5,4,25,Yes,Fully,16,98,45,12719864
4593,Hyderabad,Miyapur,16.688441,75.097977,Apartment,1494,2,1,21,No,Fully,13,94,65,19405566
4594,Pune,Wakad,18.442225,79.548427,Plot,2370,2,1,0,Yes,Semi,29,79,55,19483770
4595,Bengaluru,Indiranagar,14.623182,74.789776,Apartment,3633,3,2,11,No,Semi,26,60,84,16835322
4596,Hyderabad,Miyapur,17.928169,75.317125,Villa,2145,3,2,8,Yes,Semi,19,93,37,17942925
4597,Hyderabad,Kukatpally,18.968525,76.155975,Villa,4447,1,1,3,No,Semi,2,87,8,57793212
4598,Mumbai,Bandra,12.12926,79.534914,Villa,3653,3,2,25,No,Semi,19,93,91,36241413
4599,Hyderabad,Miyapur,14.665093,76.420611,Plot,982,2,1,8,Yes,Semi,15,99,40,5285124
4600,Chennai,Velachery,13.871063,79.885312,Apartment,4674,3,2,7,Yes,Fully,27,81,18,68656386
4601,Chennai,Adyar,18.38487,72.479668,Independent House,3181,4,3,24,No,Unfurnished,17,57,92,40875850
4602,Hyderabad,Jubilee Hills,15.250761,78.233986,Villa,2885,1,1,21,No,Fully,4,61,98,35797080
4603,Chennai,OMR,13.429936,78.240574,Independent House,2618,2,1,11,No,Semi,16,83,57,27601574
4604,Hyderabad,Kukatpally,13.905855,75.13987,Apartment,1145,1,1,20,No,Unfurnished,25,96,32,10079435
4605,Chennai,OMR,17.361644,73.457581,Independent House,2660,4,3,11,Yes,Semi,17,72,7,18364640
4606,Bengaluru,Electronic City,12.138563,72.832513,Villa,4739,5,4,15,No,Semi,16,61,44,63948066
4607,Pune,Kharadi,17.198647,78.59197,Apartment,1186,3,2,1,No,Unfurnished,4,78,82,8073102
4608,Mumbai,Thane,17.859179,74.13815,Villa,1053,5,4,11,Yes,Fully,25,79,74,12027366
4609,Chennai,Anna Nagar,12.193351,72.752075,Apartment,3668,4,3,0,Yes,Unfurnished,29,64,45,16439976
4610,Mumbai,Powai,16.468967,77.307694,Plot,3883,3,2,4,Yes,Semi,21,67,44,34550934
4611,Hyderabad,Kukatpally,16.722813,72.124197,Plot,1168,4,3,7,Yes,Fully,6,83,71,5440544
4612,Chennai,Anna Nagar,12.485124,72.77644,Apartment,1871,1,1,0,Yes,Fully,26,87,25,8834862
4613,Mumbai,Thane,16.536742,76.570378,Villa,516,5,4,15,Yes,Fully,5,90,99,3311172
4614,Hyderabad,Kondapur,17.439266,76.372241,Villa,2342,3,2,3,No,Semi,19,63,15,17623550
4615,Mumbai,Thane,15.92559,75.840401,Plot,4269,5,4,4,Yes,Fully,17,65,31,18130443
4616,Chennai,Anna Nagar,12.287446,79.421259,Plot,2981,4,3,9,No,Unfurnished,6,64,65,43355664
4617,Bengaluru,Whitefield,16.55916,72.123087,Apartment,1908,2,1,4,No,Fully,3,73,82,27078336
4618,Mumbai,Bandra,13.702277,77.644861,Independent House,2663,3,2,10,No,Semi,5,95,73,12377624
4619,Pune,Wakad,17.545398,78.617545,Plot,4398,2,1,17,Yes,Semi,26,73,91,65411454
4620,Pune,Hinjewadi,17.995257,79.384196,Apartment,3786,2,1,4,No,Fully,18,72,17,23972952
4621,Hyderabad,Madhapur,13.878362,77.858767,Villa,2050,3,2,18,Yes,Fully,12,64,5,11976100
4622,Chennai,Velachery,18.477618,79.353517,Independent House,4442,1,1,24,No,Unfurnished,16,70,2,22778576
4623,Pune,Hinjewadi,16.716016,75.926288,Apartment,3080,2,1,4,Yes,Fully,17,82,18,32167520
4624,Mumbai,Powai,18.083123,78.435779,Plot,1218,1,1,13,No,Semi,14,60,9,8177652
4625,Hyderabad,Gachibowli,12.161138,74.586436,Independent House,1775,2,1,1,Yes,Unfurnished,25,65,75,14512400
4626,Chennai,Anna Nagar,15.26892,75.935425,Apartment,3984,1,1,2,Yes,Semi,17,81,76,44991312
4627,Pune,Baner,13.324447,73.37696,Plot,4322,2,1,21,No,Fully,11,94,19,23917948
4628,Hyderabad,Madhapur,13.093447,75.699319,Independent House,2070,3,2,10,No,Unfurnished,14,85,54,27456480
4629,Bengaluru,HSR Layout,18.375539,72.19467,Villa,2961,5,4,5,Yes,Fully,19,53,78,30202200
4630,Chennai,Adyar,13.386489,73.491038,Villa,4743,3,2,19,Yes,Unfurnished,23,71,35,59942034
4631,Chennai,OMR,16.629729,74.409402,Independent House,4936,2,1,21,Yes,Fully,22,100,95,35943952
4632,Bengaluru,Whitefield,14.432538,73.270593,Independent House,2777,4,3,5,No,Semi,22,52,20,36895222
4633,Bengaluru,Electronic City,15.241256,77.347822,Villa,1654,1,1,4,No,Unfurnished,17,83,27,15140716
4634,Mumbai,Thane,13.584538,77.500298,Villa,2701,1,1,8,Yes,Fully,5,90,56,38459539
4635,Hyderabad,Kukatpally,14.591662,78.283293,Plot,2549,5,4,24,Yes,Fully,4,66,93,11776380
4636,Mumbai,Powai,12.803095,76.97301,Villa,2367,1,1,10,Yes,Unfurnished,15,71,34,22540941
4637,Hyderabad,Kukatpally,18.081599,73.14124,Apartment,1073,5,4,18,Yes,Fully,22,81,32,10392005
4638,Hyderabad,Banjara Hills,13.348949,78.837456,Apartment,2361,2,1,1,Yes,Semi,15,97,48,12199287
4639,Pune,Kharadi,12.508778,79.743011,Independent House,2026,4,3,1,No,Unfurnished,30,78,16,30019242
4640,Mumbai,Thane,17.164265,75.23766,Plot,3068,2,1,8,Yes,Fully,26,80,52,15634528
4641,Pune,Baner,14.271127,73.564272,Plot,1692,5,4,18,No,Fully,18,54,91,11317788
4642,Pune,Hinjewadi,16.993456,76.691542,Villa,2926,3,2,10,Yes,Semi,23,79,5,28227122
4643,Pune,Wakad,17.364491,77.620506,Apartment,3310,3,2,22,Yes,Semi,10,98,48,35244880
4644,Chennai,Anna Nagar,14.567212,75.670678,Apartment,1548,1,1,7,No,Unfurnished,0,86,13,10041876
4645,Pune,Baner,12.389042,72.412393,Independent House,810,2,1,4,No,Fully,3,88,54,4080780
4646,Chennai,Adyar,18.510782,76.148504,Apartment,3885,5,4,7,No,Unfurnished,16,64,56,23663535
4647,Chennai,Adyar,12.885328,79.920836,Plot,2795,1,1,12,Yes,Unfurnished,21,60,83,37193065
4648,Bengaluru,HSR Layout,17.914678,72.033476,Apartment,3950,2,1,10,No,Unfurnished,23,86,17,50591600
4649,Chennai,Anna Nagar,17.20366,77.628247,Villa,4487,2,1,8,No,Fully,29,63,99,49599298
4650,Chennai,OMR,13.262067,75.204652,Plot,1484,5,4,21,No,Semi,28,83,6,11360020
4651,Pune,Kharadi,16.55086,78.344304,Independent House,4614,1,1,25,No,Unfurnished,25,92,38,34457352
4652,Chennai,Anna Nagar,15.713836,72.753664,Apartment,2782,4,3,11,No,Fully,11,62,7,24036480
4653,Mumbai,Bandra,17.317057,72.17884,Villa,1950,4,3,2,No,Semi,20,61,48,10067850
4654,Hyderabad,Kukatpally,16.664286,72.243978,Apartment,1427,2,1,24,No,Unfurnished,29,53,22,6384398
4655,Hyderabad,Kondapur,17.98328,75.267459,Apartment,3734,2,1,4,Yes,Fully,20,65,14,46043954
4656,Mumbai,Thane,12.198382,79.589988,Independent House,4609,1,1,4,No,Unfurnished,6,97,23,22330605
4657,Hyderabad,Banjara Hills,15.557011,76.488541,Plot,1822,3,2,6,No,Fully,30,86,15,20838214
4658,Chennai,Velachery,17.744333,72.278048,Apartment,1008,1,1,7,Yes,Fully,16,56,45,5445216
4659,Hyderabad,Miyapur,17.599072,72.673105,Apartment,4871,4,3,7,No,Unfurnished,30,64,19,66216374
4660,Mumbai,Powai,15.062585,76.151562,Independent House,4267,3,2,9,Yes,Semi,25,50,75,58176278
4661,Mumbai,Bandra,18.668556,74.006115,Plot,4030,4,3,3,Yes,Fully,24,58,77,16619720
4662,Bengaluru,Whitefield,16.64709,74.56208,Apartment,1716,5,4,9,No,Semi,7,96,92,23874708
4663,Bengaluru,Indiranagar,14.656549,72.255108,Apartment,816,3,2,13,No,Fully,5,67,8,11457456
4664,Mumbai,Thane,17.361378,76.563762,Independent House,3631,1,1,22,No,Fully,26,57,68,48887784
4665,Bengaluru,Indiranagar,18.706851,77.354577,Plot,883,5,4,21,Yes,Unfurnished,1,84,93,12604825
4666,Mumbai,Andheri,14.457467,79.073339,Apartment,3138,1,1,13,No,Semi,26,79,29,35999136
4667,Mumbai,Thane,12.730749,76.726524,Apartment,1316,1,1,10,No,Semi,5,55,19,14040404
4668,Mumbai,Andheri,13.64362,72.050388,Independent House,4082,1,1,3,Yes,Fully,20,81,64,41962960
4669,Hyderabad,Banjara Hills,12.843518,74.640625,Independent House,2879,3,2,25,No,Semi,22,81,92,37997042
4670,Bengaluru,HSR Layout,17.483479,79.161837,Independent House,2231,3,2,3,No,Unfurnished,20,68,57,29335419
4671,Chennai,Anna Nagar,13.475691,78.557286,Independent House,2827,3,2,6,Yes,Semi,1,90,12,21779208
4672,Hyderabad,Miyapur,12.520934,79.676971,Independent House,3716,4,3,11,Yes,Semi,10,71,14,40768236
4673,Bengaluru,Whitefield,12.079148,79.905599,Independent House,2416,3,2,5,No,Semi,9,69,60,13860592
4674,Bengaluru,Indiranagar,15.510437,78.425569,Plot,3636,2,1,2,Yes,Fully,2,62,77,18525420
4675,Pune,Kharadi,12.736871,79.417067,Villa,612,3,2,2,No,Unfurnished,23,68,12,6359904
4676,Hyderabad,Kukatpally,18.417967,74.925706,Independent House,3488,5,4,10,No,Unfurnished,24,58,3,41856000
4677,Pune,Wakad,17.094681,72.301671,Apartment,2710,5,4,4,No,Semi,2,59,42,33113490
4678,Hyderabad,Kondapur,13.830685,75.523787,Independent House,2344,2,1,1,No,Unfurnished,24,53,45,17090104
4679,Bengaluru,Whitefield,13.135024,72.251049,Plot,1515,5,4,2,Yes,Fully,30,63,37,22459875
4680,Hyderabad,Jubilee Hills,14.243745,74.531129,Villa,4290,4,3,18,No,Semi,18,92,67,41347020
4681,Mumbai,Powai,18.935229,79.698552,Plot,1528,1,1,10,No,Unfurnished,19,87,34,9331496
4682,Hyderabad,Jubilee Hills,16.529099,76.535336,Apartment,2933,4,3,16,No,Fully,8,75,73,32277665
4683,Bengaluru,HSR Layout,16.476427,78.493399,Independent House,2281,4,3,25,No,Semi,13,100,86,15084253
4684,Bengaluru,Whitefield,17.652271,74.867129,Plot,4153,1,1,15,No,Fully,4,85,8,20324782
4685,Bengaluru,Whitefield,14.325012,75.44563,Independent House,1757,4,3,16,Yes,Unfurnished,28,99,73,24297553
4686,Mumbai,Bandra,17.564679,74.957053,Apartment,1197,1,1,3,No,Semi,11,51,51,9708867
4687,Chennai,OMR,12.626304,72.198479,Independent House,4840,1,1,9,No,Fully,15,54,76,24509760
4688,Bengaluru,HSR Layout,14.712972,74.582174,Apartment,1568,1,1,10,No,Semi,30,60,52,18144896
4689,Chennai,OMR,12.925583,73.381415,Villa,4012,4,3,4,No,Unfurnished,4,76,11,57845016
4690,Bengaluru,Electronic City,15.482133,78.368883,Villa,3429,5,4,23,Yes,Semi,22,54,93,30799278
4691,Bengaluru,Electronic City,18.767668,75.137944,Plot,1703,2,1,3,No,Fully,22,91,25,16335176
4692,Mumbai,Powai,12.496952,77.61576,Apartment,2279,3,2,21,No,Fully,24,74,3,14446581
4693,Chennai,Adyar,12.976748,72.088463,Apartment,691,2,1,6,No,Unfurnished,24,60,50,7377116
4694,Hyderabad,Gachibowli,12.62937,79.489394,Villa,862,4,3,22,No,Fully,17,89,33,7856268
4695,Bengaluru,Indiranagar,16.567677,72.332263,Plot,4041,2,1,8,No,Fully,24,57,60,43856973
4696,Mumbai,Bandra,17.658884,78.368259,Apartment,3473,4,3,15,No,Semi,21,62,79,49163788
4697,Chennai,OMR,12.989089,75.771153,Apartment,2614,5,4,0,No,Fully,16,70,43,19150164
4698,Pune,Wakad,12.546237,74.265847,Plot,4246,5,4,2,Yes,Unfurnished,17,87,60,41330564
4699,Bengaluru,HSR Layout,13.933252,75.17382,Plot,2227,3,2,0,Yes,Semi,16,61,6,21615262
4700,Bengaluru,HSR Layout,12.963973,76.851394,Apartment,3461,5,4,17,Yes,Fully,24,58,37,43459777
4701,Pune,Kharadi,12.233,78.769025,Apartment,2609,3,2,7,No,Fully,9,59,2,19186586
4702,Chennai,OMR,14.059311,76.636758,Plot,2115,3,2,4,Yes,Unfurnished,17,77,72,10171035
4703,Hyderabad,Kondapur,12.091622,72.937101,Independent House,4265,4,3,5,No,Unfurnished,13,97,71,35753495
4704,Mumbai,Thane,18.263927,79.698214,Plot,1847,1,1,19,No,Fully,5,59,75,10553758
4705,Pune,Kharadi,17.65903,79.335435,Independent House,3605,2,1,24,Yes,Fully,0,96,8,46518920
4706,Hyderabad,Gachibowli,17.541491,79.377372,Apartment,742,2,1,22,No,Semi,30,84,45,6975542
4707,Mumbai,Bandra,15.996549,72.585463,Independent House,2823,1,1,2,Yes,Fully,7,63,52,28740963
4708,Bengaluru,Electronic City,13.191331,72.538894,Independent House,4629,3,2,6,No,Fully,12,96,1,34643436
4709,Bengaluru,HSR Layout,13.464986,76.397884,Independent House,3462,3,2,22,No,Semi,19,63,42,25130658
4710,Pune,Hinjewadi,15.502589,78.898516,Villa,3729,4,3,3,No,Fully,5,74,82,39001611
4711,Chennai,Anna Nagar,14.039105,72.447039,Independent House,1710,3,2,13,Yes,Fully,28,83,76,22371930
4712,Bengaluru,Whitefield,12.795407,73.792303,Plot,2952,1,1,9,Yes,Unfurnished,19,87,75,26293464
4713,Pune,Baner,13.120777,78.464667,Plot,1470,1,1,18,Yes,Semi,20,56,92,17860500
4714,Chennai,Anna Nagar,17.291171,77.057916,Villa,2630,4,3,7,No,Fully,19,52,34,11687720
4715,Chennai,OMR,15.454171,75.091053,Plot,808,3,2,1,Yes,Semi,22,79,16,5411984
4716,Pune,Wakad,14.159341,74.7603,Villa,1290,2,1,24,No,Unfurnished,5,75,62,18136110
4717,Hyderabad,Gachibowli,12.892931,75.213954,Independent House,2824,1,1,14,Yes,Fully,26,88,65,15707088
4718,Chennai,Velachery,17.054958,78.085723,Plot,1528,3,2,24,Yes,Semi,30,67,50,14121776
4719,Pune,Baner,14.785208,75.438834,Independent House,578,5,4,3,Yes,Fully,8,85,52,3464532
4720,Mumbai,Bandra,12.704709,77.852978,Apartment,3106,5,4,12,No,Unfurnished,29,65,19,22766980
4721,Pune,Wakad,16.895304,73.11754,Villa,1261,4,3,1,Yes,Fully,18,84,38,7398287
4722,Chennai,Adyar,16.252328,77.701828,Independent House,3864,2,1,21,No,Semi,2,95,27,56901264
4723,Bengaluru,Electronic City,17.013786,75.695769,Villa,1896,1,1,1,Yes,Unfurnished,4,64,47,24712464
4724,Bengaluru,HSR Layout,17.054593,76.525459,Apartment,1418,4,3,18,No,Unfurnished,5,89,59,21065808
4725,Chennai,Anna Nagar,12.024916,76.518732,Villa,4780,3,2,12,No,Fully,25,52,15,51442360
4726,Mumbai,Bandra,16.063592,76.225985,Apartment,1424,2,1,8,No,Fully,14,83,19,6013552
4727,Hyderabad,Gachibowli,15.680929,73.113461,Villa,2857,3,2,18,No,Fully,16,90,39,18530502
4728,Hyderabad,Gachibowli,13.882088,75.462179,Apartment,1847,4,3,10,No,Semi,17,83,92,25351922
4729,Pune,Hinjewadi,16.137165,74.457376,Plot,1191,4,3,0,No,Fully,18,57,21,11814720
4730,Pune,Kharadi,17.943918,75.486117,Independent House,2626,2,1,5,Yes,Unfurnished,7,57,70,10546016
4731,Hyderabad,Kondapur,14.909587,76.92487,Plot,1617,5,4,19,Yes,Unfurnished,0,78,55,20941767
4732,Bengaluru,Whitefield,16.171743,79.318161,Villa,4449,5,4,6,No,Fully,21,75,48,25559505
4733,Bengaluru,Whitefield,13.994949,76.757105,Villa,2228,2,1,9,No,Fully,11,51,7,12831052
4734,Mumbai,Andheri,13.311582,74.51645,Plot,3608,5,4,7,Yes,Fully,21,83,74,47997224
4735,Hyderabad,Madhapur,18.832898,77.542387,Apartment,3922,5,4,14,Yes,Unfurnished,0,83,96,39310206
4736,Pune,Baner,13.332984,78.051977,Plot,2534,2,1,2,No,Semi,8,65,56,14415926
4737,Chennai,Adyar,15.680987,78.221296,Plot,3252,5,4,25,Yes,Fully,1,75,28,16201464
4738,Chennai,OMR,14.77022,73.780055,Apartment,2122,5,4,1,Yes,Fully,15,66,32,11581876
4739,Bengaluru,Electronic City,18.214851,79.430245,Plot,2511,3,2,14,Yes,Fully,2,58,55,31508028
4740,Hyderabad,Kondapur,15.685521,74.130789,Villa,4441,5,4,24,Yes,Semi,15,70,49,32712406
4741,Mumbai,Bandra,18.987937,77.687619,Apartment,3685,2,1,9,Yes,Semi,9,92,70,41389920
4742,Bengaluru,Electronic City,12.844633,75.748587,Plot,3904,4,3,9,No,Semi,14,73,51,31919104
4743,Bengaluru,Whitefield,13.62155,73.900023,Independent House,1460,1,1,23,No,Unfurnished,10,60,2,20891140
4744,Mumbai,Thane,18.773335,77.894064,Apartment,4568,5,4,20,No,Fully,24,61,75,40874464
4745,Hyderabad,Kukatpally,12.378885,74.925484,Apartment,2881,4,3,24,No,Semi,1,58,41,25542946
4746,Hyderabad,Banjara Hills,12.891413,74.062255,Apartment,1117,2,1,4,Yes,Semi,24,82,47,5221975
4747,Pune,Hinjewadi,13.874738,76.470693,Plot,3477,1,1,6,Yes,Semi,19,79,44,45433959
4748,Mumbai,Bandra,14.177557,72.471041,Independent House,4365,5,4,10,No,Semi,16,68,17,62904015
4749,Bengaluru,Electronic City,16.79204,76.466326,Apartment,4475,3,2,9,No,Unfurnished,19,85,62,36408600
4750,Bengaluru,HSR Layout,18.305457,72.660734,Plot,3025,1,1,9,Yes,Semi,17,79,100,39963275
4751,Bengaluru,Indiranagar,18.036031,76.339037,Villa,959,5,4,3,No,Fully,17,51,36,5758795
4752,Mumbai,Andheri,14.528837,78.059447,Independent House,4970,1,1,12,No,Unfurnished,9,87,52,63809830
4753,Chennai,OMR,15.634588,74.378059,Independent House,1626,1,1,22,No,Semi,27,84,72,17637222
4754,Pune,Kharadi,17.474108,78.46429,Apartment,4200,1,1,18,Yes,Semi,8,96,74,36951600
4755,Mumbai,Powai,12.180523,79.107803,Villa,1171,3,2,21,No,Fully,23,98,57,15176160
4756,Pune,Kharadi,17.049706,77.670764,Apartment,1160,1,1,24,No,Semi,25,55,44,5075000
4757,Mumbai,Andheri,18.872999,74.321293,Apartment,3119,3,2,0,No,Fully,30,77,66,44037161
4758,Bengaluru,Indiranagar,13.887717,78.202734,Plot,765,2,1,19,Yes,Fully,2,55,70,7657650
4759,Pune,Baner,12.663344,73.888913,Villa,2676,4,3,16,Yes,Unfurnished,16,69,8,21753204
4760,Mumbai,Bandra,15.866729,76.621728,Plot,3265,4,3,6,No,Unfurnished,15,72,97,48903170
4761,Bengaluru,Electronic City,14.101407,72.564809,Villa,4284,3,2,13,No,Fully,29,57,27,35265888
4762,Hyderabad,Kukatpally,17.689253,76.786967,Plot,3893,3,2,8,Yes,Unfurnished,15,53,23,24930772
4763,Bengaluru,Whitefield,15.787693,72.656463,Independent House,2419,3,2,5,No,Semi,28,60,5,31028513
4764,Pune,Kharadi,12.895501,76.747988,Apartment,4968,1,1,3,Yes,Unfurnished,24,97,36,72666936
4765,Chennai,Velachery,12.602086,78.614775,Plot,4027,2,1,23,Yes,Unfurnished,8,85,89,27166142
4766,Chennai,Anna Nagar,17.300379,75.946362,Plot,936,5,4,22,No,Semi,10,61,89,12007944
4767,Mumbai,Powai,12.10835,76.860428,Plot,773,2,1,1,No,Semi,17,52,45,7562259
4768,Pune,Baner,15.019405,76.536303,Plot,4512,4,3,6,Yes,Unfurnished,10,54,49,21919296
4769,Pune,Kharadi,16.73727,79.004907,Apartment,1529,5,4,6,No,Unfurnished,1,54,48,19883116
4770,Mumbai,Powai,13.824018,79.675312,Villa,2089,5,4,8,No,Unfurnished,28,91,66,17096376
4771,Chennai,Adyar,17.766819,73.910585,Villa,1531,5,4,15,Yes,Unfurnished,0,52,35,6272507
4772,Mumbai,Thane,16.145812,78.43777,Villa,2767,1,1,10,No,Semi,11,87,19,23082314
4773,Bengaluru,Indiranagar,15.673742,75.413262,Independent House,2531,4,3,18,Yes,Unfurnished,5,90,98,34196341
4774,Hyderabad,Banjara Hills,12.360932,72.544198,Plot,4348,4,3,14,Yes,Semi,20,55,23,57871880
4775,Hyderabad,Jubilee Hills,14.977228,74.836303,Plot,1358,5,4,17,Yes,Semi,25,59,93,20212472
4776,Bengaluru,Indiranagar,15.739945,73.625533,Villa,2260,3,2,12,No,Fully,8,59,7,24685980
4777,Hyderabad,Miyapur,13.755835,77.183343,Villa,3163,5,4,9,Yes,Unfurnished,17,63,3,44867155
4778,Hyderabad,Kondapur,17.799329,79.53072,Villa,1524,2,1,18,No,Semi,11,90,15,22692360
4779,Bengaluru,Electronic City,18.417458,74.304632,Plot,1167,1,1,11,No,Fully,6,66,47,6585381
4780,Chennai,Adyar,15.222168,77.940879,Independent House,3653,2,1,9,Yes,Unfurnished,27,64,43,43836000
4781,Pune,Hinjewadi,16.566166,72.972045,Villa,3151,2,1,24,No,Unfurnished,17,55,77,26484155
4782,Bengaluru,Indiranagar,13.836521,79.811828,Villa,1408,3,2,11,Yes,Semi,24,96,8,11142912
4783,Hyderabad,Kukatpally,12.255211,79.856759,Apartment,2513,3,2,22,Yes,Semi,5,96,78,14032592
4784,Mumbai,Powai,17.739934,72.931791,Apartment,1868,2,1,6,Yes,Fully,19,91,61,20701176
4785,Bengaluru,Indiranagar,14.132739,76.089553,Villa,534,1,1,2,No,Fully,23,50,68,4127820
4786,Pune,Kharadi,18.953747,74.471418,Plot,3296,1,1,5,No,Fully,7,80,76,34047680
4787,Mumbai,Thane,12.673752,79.275017,Apartment,1815,1,1,14,No,Fully,25,68,19,11352825
4788,Bengaluru,Whitefield,13.074732,77.773972,Apartment,3005,1,1,3,No,Fully,6,60,48,12308480
4789,Chennai,Adyar,16.113344,79.088305,Villa,1273,3,2,14,Yes,Unfurnished,3,100,87,16639383
4790,Hyderabad,Miyapur,15.285158,78.840089,Independent House,1869,4,3,15,No,Fully,26,79,88,17077053
4791,Pune,Wakad,14.491488,73.848255,Independent House,4907,3,2,21,Yes,Semi,30,64,15,36640569
4792,Pune,Kharadi,16.782399,73.263237,Plot,1396,1,1,0,No,Semi,6,56,3,19175456
4793,Mumbai,Thane,15.474505,77.985752,Apartment,3933,5,4,15,Yes,Unfurnished,15,94,48,42846102
4794,Hyderabad,Kondapur,16.306132,74.318462,Apartment,1248,3,2,21,No,Semi,25,100,56,18512832
4795,Mumbai,Thane,15.705945,76.349568,Apartment,2686,3,2,12,No,Unfurnished,21,78,70,35901076
4796,Pune,Baner,12.338578,76.950296,Independent House,1074,4,3,7,Yes,Fully,1,77,62,14701986
4797,Chennai,Adyar,17.348394,75.110474,Plot,2894,4,3,25,Yes,Unfurnished,3,81,15,29970264
4798,Mumbai,Bandra,17.095516,72.726348,Independent House,979,3,2,24,Yes,Semi,4,73,5,5406038
4799,Pune,Baner,16.838281,77.420097,Independent House,709,1,1,19,Yes,Fully,0,57,45,9595606
4800,Mumbai,Bandra,15.365632,79.204603,Independent House,2554,4,3,20,No,Unfurnished,25,66,10,21364210
4801,Mumbai,Andheri,15.371995,75.894265,Independent House,3666,2,1,1,Yes,Semi,7,61,73,21218808
4802,Hyderabad,Miyapur,17.777727,78.732962,Villa,1039,2,1,6,Yes,Fully,7,54,91,6250624
4803,Hyderabad,Madhapur,16.64922,74.326316,Apartment,1848,4,3,5,Yes,Fully,12,90,59,9334248
4804,Mumbai,Bandra,13.296862,77.886429,Villa,4547,5,4,5,No,Semi,27,97,18,24199134
4805,Hyderabad,Banjara Hills,18.157597,76.469903,Plot,2331,4,3,8,No,Fully,0,91,33,11890431
4806,Mumbai,Powai,13.014772,77.498597,Plot,4398,4,3,22,No,Fully,27,65,26,51025596
4807,Mumbai,Powai,17.19766,73.890218,Independent House,1547,1,1,2,No,Unfurnished,16,59,55,14433510
4808,Pune,Wakad,17.587909,72.017313,Apartment,1755,1,1,21,No,Fully,4,78,11,24596325
4809,Bengaluru,Indiranagar,17.077761,78.21132,Plot,3304,1,1,9,Yes,Unfurnished,21,98,38,16123520
4810,Hyderabad,Miyapur,13.968525,72.928143,Plot,731,1,1,14,No,Fully,12,91,20,7686465
4811,Mumbai,Powai,12.162091,78.79999,Villa,2257,1,1,15,No,Fully,16,63,38,31631855
4812,Hyderabad,Miyapur,17.99418,79.892621,Independent House,2398,1,1,24,Yes,Fully,30,75,47,26401980
4813,Chennai,Adyar,18.505873,72.535917,Independent House,1557,1,1,20,No,Fully,20,83,81,12041838
4814,Pune,Baner,16.719415,76.769603,Villa,4707,5,4,5,No,Unfurnished,0,57,68,23412618
4815,Mumbai,Andheri,15.632874,75.273453,Plot,2953,2,1,23,Yes,Unfurnished,16,69,37,30755495
4816,Pune,Hinjewadi,17.816781,76.039135,Independent House,2831,5,4,1,No,Fully,25,98,62,39093279
4817,Mumbai,Bandra,12.94949,72.336885,Apartment,2662,5,4,12,No,Unfurnished,20,53,77,28589880
4818,Bengaluru,Whitefield,16.996926,75.033148,Villa,963,2,1,14,Yes,Fully,11,96,64,12180024
4819,Pune,Hinjewadi,18.892746,76.716122,Apartment,3052,4,3,20,No,Fully,17,80,44,30617664
4820,Pune,Kharadi,17.836047,72.345367,Plot,3440,1,1,8,No,Semi,27,69,63,46894080
4821,Chennai,OMR,15.106291,77.851446,Villa,3856,2,1,8,No,Fully,17,85,36,27443152
4822,Hyderabad,Madhapur,15.083809,74.177791,Independent House,3778,1,1,20,No,Semi,12,55,93,18123066
4823,Bengaluru,Whitefield,13.013658,79.268478,Plot,563,5,4,25,No,Fully,7,87,18,8114519
4824,Chennai,Adyar,17.118506,76.890486,Plot,2539,5,4,0,Yes,Fully,27,50,56,22835766
4825,Hyderabad,Miyapur,15.876285,77.182146,Plot,2124,4,3,1,No,Fully,23,68,21,9368964
4826,Chennai,Adyar,15.889051,79.875745,Apartment,1139,5,4,2,No,Fully,5,86,54,6782745
4827,Chennai,Anna Nagar,12.149024,76.250954,Plot,690,2,1,18,No,Unfurnished,6,75,55,6716460
4828,Bengaluru,Electronic City,18.964337,79.885505,Independent House,2928,3,2,1,No,Unfurnished,21,84,58,14250576
4829,Pune,Baner,17.046878,72.89062,Plot,3696,4,3,6,Yes,Fully,10,90,61,43424304
4830,Pune,Hinjewadi,15.455762,74.373833,Independent House,824,4,3,22,Yes,Semi,24,93,57,6693352
4831,Chennai,OMR,12.382944,76.029758,Independent House,4988,2,1,20,Yes,Unfurnished,10,85,34,49650552
4832,Pune,Hinjewadi,17.301987,77.466449,Villa,3331,1,1,1,Yes,Fully,11,76,18,37733568
4833,Pune,Wakad,16.131575,73.416012,Apartment,3628,1,1,13,Yes,Unfurnished,26,65,19,46093740
4834,Bengaluru,Indiranagar,12.80324,76.839198,Independent House,2345,5,4,6,Yes,Unfurnished,16,91,54,26102195
4835,Chennai,Velachery,14.599749,76.473966,Plot,4808,4,3,21,Yes,Fully,9,91,86,68187056
4836,Mumbai,Thane,15.649075,74.339072,Villa,3908,5,4,9,No,Semi,7,75,48,33999600
4837,Mumbai,Thane,17.31526,75.515114,Villa,3047,3,2,0,No,Fully,8,86,95,19339309
4838,Hyderabad,Kukatpally,13.423212,79.524657,Plot,4509,2,1,24,Yes,Unfurnished,0,78,25,32090553
4839,Mumbai,Bandra,17.830959,73.240255,Apartment,1871,2,1,2,No,Unfurnished,20,74,38,7822651
4840,Pune,Baner,13.534933,79.286695,Villa,2708,3,2,5,No,Fully,22,74,74,30822456
4841,Chennai,Anna Nagar,13.539383,75.848955,Villa,1945,1,1,7,Yes,Semi,11,82,64,12121240
4842,Bengaluru,Electronic City,14.092636,76.518133,Villa,4571,2,1,2,Yes,Fully,13,82,95,60478901
4843,Hyderabad,Kondapur,12.191607,78.768914,Apartment,930,3,2,9,No,Semi,24,92,33,6091500
4844,Bengaluru,Electronic City,15.434683,75.633133,Plot,1357,4,3,5,Yes,Semi,6,60,58,19749778
4845,Pune,Kharadi,15.03367,72.342407,Independent House,4007,4,3,3,No,Semi,0,87,7,29988388
4846,Mumbai,Andheri,18.453135,74.464719,Apartment,4833,2,1,8,No,Fully,9,94,8,29312145
4847,Chennai,Velachery,16.535297,78.303283,Independent House,4226,5,4,19,No,Semi,9,94,10,25727888
4848,Bengaluru,Whitefield,17.09339,74.899654,Independent House,2010,1,1,13,No,Unfurnished,19,97,52,12433860
4849,Mumbai,Andheri,17.54912,75.791879,Apartment,1432,1,1,21,Yes,Fully,15,67,68,17582096
4850,Pune,Wakad,18.111348,79.2929,Plot,2609,3,2,20,No,Fully,14,65,56,26110872
4851,Bengaluru,Whitefield,14.195989,77.707924,Villa,2284,5,4,17,No,Unfurnished,12,61,62,12415824
4852,Bengaluru,HSR Layout,12.39017,77.06649,Independent House,2371,2,1,17,Yes,Semi,1,53,58,22237609
4853,Hyderabad,Madhapur,14.500951,77.241441,Independent House,3411,2,1,22,Yes,Unfurnished,4,53,45,27284589
4854,Bengaluru,Electronic City,18.260205,73.172697,Independent House,3931,2,1,1,Yes,Semi,8,50,53,30347320
4855,Pune,Hinjewadi,15.749982,77.567759,Villa,700,5,4,16,Yes,Fully,30,86,81,6791400
4856,Hyderabad,Gachibowli,17.29759,72.540211,Independent House,912,1,1,13,Yes,Unfurnished,28,84,94,7589664
4857,Chennai,Anna Nagar,12.254214,76.585121,Villa,1337,2,1,9,Yes,Fully,6,96,11,7985901
4858,Hyderabad,Banjara Hills,14.75824,74.934932,Villa,4905,5,4,14,No,Semi,24,93,100,38680830
4859,Bengaluru,Indiranagar,15.883677,73.052093,Apartment,1270,1,1,20,Yes,Unfurnished,12,75,20,14776450
4860,Chennai,Velachery,16.072472,75.731787,Apartment,2321,2,1,5,Yes,Unfurnished,8,100,31,15399835
4861,Hyderabad,Gachibowli,14.425832,79.052704,Independent House,4439,5,4,22,No,Semi,12,91,20,42760887
4862,Bengaluru,Electronic City,17.406962,72.130319,Independent House,4148,3,2,24,Yes,Fully,20,57,12,30545872
4863,Chennai,Velachery,16.768634,79.293497,Independent House,4861,2,1,25,Yes,Unfurnished,19,57,23,70241450
4864,Bengaluru,Indiranagar,13.52288,76.131706,Independent House,4649,1,1,0,Yes,Semi,17,95,32,31957226
4865,Hyderabad,Miyapur,14.940268,78.005375,Villa,3570,4,3,20,No,Unfurnished,6,72,68,46074420
4866,Pune,Baner,12.916613,79.938758,Plot,1350,3,2,13,No,Unfurnished,14,92,46,10779750
4867,Chennai,Anna Nagar,17.959857,77.776824,Independent House,1060,2,1,18,No,Semi,15,78,8,13707920
4868,Bengaluru,Electronic City,12.570975,76.789898,Plot,4617,3,2,11,No,Semi,0,84,50,47555100
4869,Bengaluru,Electronic City,13.84423,76.867426,Plot,3811,1,1,0,No,Fully,6,54,33,45610048
4870,Hyderabad,Kukatpally,13.622168,77.38929,Apartment,3441,5,4,12,No,Semi,4,97,21,20091999
4871,Pune,Kharadi,17.841621,76.811263,Villa,1378,2,1,23,No,Semi,28,81,97,11121838
4872,Pune,Baner,12.811007,76.411002,Plot,1027,4,3,16,No,Fully,14,89,19,10685935
4873,Chennai,Velachery,14.208225,76.255271,Plot,1717,3,2,25,Yes,Unfurnished,2,52,66,20591981
4874,Chennai,Anna Nagar,18.642157,75.172338,Apartment,1938,1,1,17,Yes,Unfurnished,22,75,23,14901282
4875,Mumbai,Thane,14.936724,74.684612,Villa,2289,1,1,10,No,Unfurnished,21,94,65,33071472
4876,Bengaluru,Indiranagar,12.113393,76.24181,Apartment,1122,2,1,21,No,Unfurnished,18,81,58,8170404
4877,Bengaluru,HSR Layout,14.393196,72.696204,Independent House,4794,4,3,21,Yes,Unfurnished,22,52,78,44028096
4878,Chennai,OMR,13.873027,73.966637,Apartment,3415,5,4,16,No,Fully,14,62,80,46843555
4879,Hyderabad,Miyapur,13.610893,72.28094,Apartment,4204,4,3,2,No,Unfurnished,0,54,35,52743384
4880,Chennai,Velachery,13.687908,77.734835,Independent House,2262,3,2,20,Yes,Fully,29,66,83,32853288
4881,Mumbai,Thane,15.400624,78.495156,Villa,2937,2,1,23,No,Fully,6,64,42,21246258
4882,Mumbai,Powai,12.127616,76.337823,Independent House,1693,2,1,15,No,Semi,8,79,47,10481363
4883,Hyderabad,Gachibowli,18.257479,75.716231,Villa,4877,2,1,3,Yes,Semi,21,100,57,19649433
4884,Hyderabad,Kondapur,14.23238,77.065204,Villa,510,5,4,0,Yes,Semi,14,82,61,5772180
4885,Mumbai,Thane,16.279807,73.529562,Plot,1354,1,1,10,Yes,Unfurnished,0,94,20,10295816
4886,Chennai,Anna Nagar,17.986795,73.458344,Villa,1041,2,1,25,Yes,Unfurnished,8,60,3,12785562
4887,Chennai,Velachery,12.342288,79.967046,Villa,3787,3,2,13,Yes,Semi,20,99,68,21086016
4888,Mumbai,Andheri,16.16038,76.123043,Plot,4682,3,2,20,Yes,Fully,19,95,30,56474284
4889,Hyderabad,Miyapur,16.144715,79.305519,Plot,3950,5,4,9,No,Semi,27,100,23,43627750
4890,Pune,Baner,18.589123,78.555891,Villa,3699,1,1,11,No,Fully,17,53,55,16231212
4891,Hyderabad,Jubilee Hills,16.935326,76.924284,Villa,1847,4,3,3,Yes,Unfurnished,20,71,24,25966973
4892,Bengaluru,Electronic City,12.62346,79.314328,Apartment,4616,2,1,4,No,Semi,28,76,73,41617856
4893,Pune,Wakad,15.806105,74.672573,Villa,770,1,1,15,No,Unfurnished,16,79,18,8218210
4894,Bengaluru,Electronic City,13.94127,75.490774,Independent House,4408,3,2,0,No,Fully,28,94,57,20329696
4895,Pune,Baner,14.762933,76.528332,Plot,1355,3,2,25,No,Semi,24,77,94,15800655
4896,Chennai,Adyar,16.231568,73.638448,Plot,596,5,4,8,No,Semi,10,54,47,5136328
4897,Pune,Kharadi,17.622284,77.72135,Independent House,3895,5,4,20,No,Unfurnished,26,57,3,39117485
4898,Bengaluru,Whitefield,12.985571,78.828518,Apartment,725,4,3,15,No,Semi,5,72,18,3387200
4899,Mumbai,Powai,15.738366,76.924285,Independent House,690,3,2,22,Yes,Fully,13,75,86,10225110
4900,Pune,Kharadi,14.375869,76.990489,Independent House,1079,3,2,7,No,Fully,13,71,65,10768420
4901,Hyderabad,Banjara Hills,17.871392,73.002378,Plot,4536,2,1,8,Yes,Fully,3,65,42,26744256
4902,Hyderabad,Miyapur,18.43513,79.715498,Villa,3836,3,2,4,No,Semi,10,83,99,32042108
4903,Chennai,Anna Nagar,14.783423,76.019455,Villa,2855,4,3,1,Yes,Fully,18,92,98,20775835
4904,Pune,Wakad,12.14017,76.438024,Plot,1429,2,1,10,Yes,Fully,18,60,1,7625144
4905,Hyderabad,Jubilee Hills,13.67955,78.86211,Villa,4752,1,1,3,No,Unfurnished,8,61,48,31591296
4906,Chennai,Adyar,18.377523,76.075614,Plot,2433,4,3,16,Yes,Unfurnished,30,80,18,21867804
4907,Pune,Baner,12.389729,77.745147,Plot,959,1,1,16,No,Fully,5,70,53,8633877
4908,Mumbai,Bandra,15.766152,79.779456,Apartment,3504,1,1,21,No,Unfurnished,8,88,9,39318384
4909,Bengaluru,HSR Layout,13.310661,79.013684,Villa,3804,1,1,10,No,Unfurnished,19,70,98,23607624
4910,Pune,Kharadi,17.731053,78.587901,Plot,1407,5,4,11,No,Fully,0,66,25,20552049
4911,Chennai,Adyar,15.206573,78.715145,Apartment,4563,1,1,19,Yes,Fully,3,57,4,38488905
4912,Mumbai,Bandra,13.42592,76.726689,Independent House,4712,5,4,16,No,Semi,10,75,20,35990256
4913,Chennai,Adyar,16.803974,77.855033,Apartment,3982,3,2,10,Yes,Semi,23,83,63,20511282
4914,Hyderabad,Kondapur,18.373065,78.695868,Plot,4505,5,4,9,Yes,Unfurnished,1,90,57,25642460
4915,Pune,Kharadi,12.003976,73.627144,Apartment,547,1,1,21,No,Unfurnished,16,52,98,4748507
4916,Bengaluru,Whitefield,14.180602,79.47171,Apartment,4083,5,4,19,Yes,Semi,19,61,57,28499340
4917,Chennai,Anna Nagar,17.409784,74.220561,Plot,3914,2,1,4,Yes,Fully,27,55,17,40263318
4918,Hyderabad,Jubilee Hills,13.781121,79.739963,Plot,2835,3,2,21,Yes,Semi,29,56,28,27794340
4919,Pune,Kharadi,12.807677,76.402776,Villa,3464,4,3,18,No,Fully,14,71,51,43833456
4920,Hyderabad,Jubilee Hills,14.799335,77.584821,Plot,2482,5,4,11,No,Fully,21,92,51,35100444
4921,Mumbai,Andheri,15.533197,75.50275,Villa,950,2,1,18,Yes,Semi,0,50,3,13470050
4922,Chennai,Adyar,13.099663,78.192514,Plot,4477,1,1,24,No,Fully,12,94,33,19703277
4923,Mumbai,Thane,13.828468,79.472772,Villa,1933,1,1,24,No,Semi,15,66,69,17615429
4924,Chennai,Velachery,14.592349,75.099165,Apartment,1967,5,4,7,Yes,Unfurnished,1,97,38,22941121
4925,Bengaluru,Electronic City,15.911449,76.746955,Independent House,3043,2,1,0,Yes,Unfurnished,17,62,4,21291871
4926,Bengaluru,HSR Layout,15.400689,79.581594,Villa,4093,4,3,23,Yes,Semi,26,63,36,16650324
4927,Bengaluru,HSR Layout,16.872053,73.745407,Plot,2599,3,2,15,No,Unfurnished,2,96,64,15555015
4928,Mumbai,Thane,16.624899,74.210559,Plot,2971,5,4,25,Yes,Unfurnished,15,50,84,24626619
4929,Pune,Hinjewadi,15.856705,77.207671,Apartment,4700,2,1,23,Yes,Semi,4,63,3,47018800
4930,Pune,Baner,13.309396,72.393779,Plot,4939,1,1,24,Yes,Semi,19,75,82,49972802
4931,Mumbai,Andheri,17.463833,79.823998,Independent House,3207,5,4,15,No,Unfurnished,14,73,81,28959210
4932,Hyderabad,Kukatpally,12.695494,73.239432,Independent House,3310,3,2,10,Yes,Semi,1,96,38,47968520
4933,Mumbai,Andheri,15.715838,77.184595,Villa,4601,3,2,22,Yes,Semi,10,52,77,34005991
4934,Chennai,OMR,18.941344,77.852512,Apartment,864,1,1,11,Yes,Fully,25,84,13,6886080
4935,Mumbai,Bandra,17.008538,79.476333,Plot,2569,2,1,11,Yes,Fully,16,84,42,31113159
4936,Chennai,OMR,18.744617,78.243588,Plot,3963,4,3,2,Yes,Unfurnished,18,82,34,30637953
4937,Pune,Wakad,14.397344,74.48425,Villa,4595,2,1,1,Yes,Unfurnished,9,53,99,35101205
4938,Chennai,OMR,13.955848,74.387618,Villa,627,2,1,23,Yes,Semi,0,62,25,3288615
4939,Bengaluru,HSR Layout,13.122325,75.288445,Apartment,2154,4,3,9,Yes,Unfurnished,30,60,36,31263156
4940,Hyderabad,Kondapur,17.111219,76.896536,Plot,4048,5,4,15,Yes,Fully,16,59,89,50794304
4941,Mumbai,Andheri,18.739056,75.914578,Independent House,1848,5,4,25,No,Fully,5,67,61,18766440
4942,Hyderabad,Miyapur,15.174878,78.492721,Independent House,2879,5,4,12,Yes,Unfurnished,25,90,15,30632560
4943,Chennai,Velachery,17.480434,77.998074,Plot,2434,4,3,0,Yes,Fully,6,52,4,13946820
4944,Bengaluru,HSR Layout,17.909217,74.967481,Villa,1050,1,1,16,Yes,Semi,27,82,10,11316900
4945,Mumbai,Powai,17.577537,73.603823,Independent House,544,5,4,20,Yes,Semi,25,52,14,7901600
4946,Chennai,Anna Nagar,12.232202,78.284668,Independent House,4817,2,1,1,No,Semi,7,58,54,38762399
4947,Hyderabad,Miyapur,18.73258,79.793558,Plot,2167,3,2,19,No,Unfurnished,14,96,63,15455044
4948,Pune,Baner,13.073398,72.994597,Apartment,4009,4,3,2,Yes,Fully,21,62,12,43874496
4949,Mumbai,Powai,17.963037,76.064694,Apartment,2378,5,4,19,No,Unfurnished,6,86,44,16902824
4950,Pune,Wakad,18.105471,76.621816,Plot,3471,2,1,0,No,Semi,11,91,56,26462904
4951,Hyderabad,Madhapur,14.190131,72.621775,Villa,973,4,3,22,Yes,Fully,16,56,50,4559478
4952,Hyderabad,Banjara Hills,15.541877,74.124154,Independent House,1997,1,1,15,No,Fully,7,94,36,18977491
4953,Chennai,Adyar,17.923767,72.904769,Independent House,2163,5,4,20,Yes,Semi,4,92,69,19564335
4954,Pune,Hinjewadi,14.623249,73.900117,Independent House,3522,1,1,23,Yes,Semi,2,94,73,51097176
4955,Hyderabad,Kukatpally,12.85612,72.391615,Villa,3008,4,3,23,No,Semi,25,60,87,19666304
4956,Hyderabad,Gachibowli,14.029645,78.56073,Plot,2168,2,1,18,Yes,Unfurnished,1,96,97,11759232
4957,Mumbai,Powai,14.949677,76.421609,Villa,886,3,2,16,No,Fully,14,90,42,9859408
4958,Hyderabad,Miyapur,14.33999,78.007895,Plot,1748,2,1,10,Yes,Semi,14,66,79,14298640
4959,Mumbai,Thane,17.933976,73.877781,Plot,3714,4,3,0,No,Semi,23,63,54,19275660
4960,Chennai,OMR,13.623271,72.975061,Villa,4848,2,1,2,Yes,Semi,30,61,50,45881472
4961,Bengaluru,HSR Layout,16.244512,77.19684,Plot,3837,1,1,0,Yes,Fully,23,91,63,21245469
4962,Hyderabad,Jubilee Hills,15.304399,74.789177,Plot,4488,4,3,0,Yes,Semi,13,88,47,28332744
4963,Chennai,Adyar,17.728408,72.092386,Villa,4051,3,2,12,Yes,Fully,9,78,26,27198414
4964,Mumbai,Powai,13.947566,74.446334,Villa,4160,5,4,16,No,Unfurnished,20,100,42,22064640
4965,Mumbai,Powai,14.444408,72.113175,Plot,588,3,2,15,Yes,Fully,20,93,89,6082272
4966,Mumbai,Andheri,12.644687,78.510412,Villa,4991,4,3,15,No,Unfurnished,13,71,76,52235806
4967,Chennai,Adyar,12.857486,75.178806,Independent House,4566,5,4,22,Yes,Unfurnished,29,59,40,54166458
4968,Mumbai,Thane,12.42251,78.354747,Plot,4913,1,1,2,Yes,Fully,15,52,92,33845657
4969,Mumbai,Andheri,16.050345,79.063666,Plot,4760,1,1,11,No,Unfurnished,16,55,41,38832080
4970,Hyderabad,Miyapur,12.343341,79.822125,Independent House,2411,2,1,15,Yes,Semi,6,88,93,27203313
4971,Bengaluru,Indiranagar,12.872275,72.864214,Apartment,1091,5,4,10,Yes,Unfurnished,5,86,71,11872262
4972,Chennai,Anna Nagar,17.001365,72.863441,Apartment,2352,4,3,3,No,Semi,20,71,46,9478560
4973,Mumbai,Powai,14.593654,78.684964,Independent House,3141,2,1,19,No,Fully,16,97,51,34224336
4974,Pune,Baner,12.228638,75.752189,Villa,3746,2,1,13,Yes,Semi,10,88,40,17460106
4975,Hyderabad,Madhapur,12.084722,77.253432,Villa,3081,4,3,19,No,Fully,27,83,3,25618515
4976,Mumbai,Powai,17.684279,74.324638,Apartment,4895,4,3,15,Yes,Semi,17,87,84,70943235
4977,Bengaluru,Electronic City,16.442613,74.081744,Plot,4012,3,2,18,Yes,Fully,14,94,95,42350672
4978,Pune,Kharadi,16.890458,77.802301,Villa,1332,1,1,2,No,Unfurnished,22,54,65,6678648
4979,Bengaluru,Indiranagar,17.977121,73.083084,Independent House,2823,1,1,17,No,Unfurnished,14,96,74,14386008
4980,Hyderabad,Kondapur,16.894704,79.988155,Villa,721,5,4,8,No,Semi,8,63,19,5051326
4981,Hyderabad,Banjara Hills,15.779461,74.380554,Plot,3990,3,2,17,Yes,Fully,11,61,69,38906490
4982,Bengaluru,HSR Layout,13.397416,74.64729,Independent House,2118,1,1,16,No,Fully,0,51,50,13722522
4983,Pune,Baner,17.264664,77.507464,Villa,4553,3,2,20,Yes,Fully,14,63,5,54062322
4984,Bengaluru,HSR Layout,18.105372,79.434309,Independent House,2439,1,1,17,No,Unfurnished,9,69,26,10895013
4985,Pune,Wakad,18.82719,76.413947,Plot,3277,1,1,22,No,Fully,2,66,12,44036326
4986,Mumbai,Andheri,13.785036,79.057263,Independent House,2647,1,1,22,No,Semi,17,52,25,14333505
4987,Mumbai,Bandra,12.510695,75.688211,Independent House,4714,1,1,14,No,Unfurnished,25,55,20,55521492
4988,Pune,Kharadi,18.717716,78.067012,Apartment,2618,4,3,5,No,Semi,6,70,72,37717526
4989,Pune,Hinjewadi,16.09709,75.821933,Villa,3704,4,3,7,No,Fully,23,56,7,43314576
4990,Hyderabad,Kukatpally,15.117528,75.200345,Plot,4740,3,2,2,No,Unfurnished,26,58,71,33094680
4991,Bengaluru,Indiranagar,14.057613,73.098995,Villa,3849,4,3,20,Yes,Semi,3,82,75,40118127
4992,Bengaluru,Indiranagar,13.110313,72.852667,Apartment,4446,2,1,17,Yes,Unfurnished,7,97,1,23835006
4993,Hyderabad,Kukatpally,12.342745,72.06966,Plot,4312,4,3,19,No,Semi,15,80,11,29222424
4994,Chennai,Adyar,13.862638,73.093362,Apartment,3636,3,2,9,Yes,Semi,11,98,2,26502804
4995,Bengaluru,Indiranagar,15.146858,77.852269,Apartment,4213,4,3,15,No,Semi,4,68,68,36716295
4996,Chennai,Velachery,18.530802,75.363467,Villa,1593,2,1,5,Yes,Unfurnished,2,66,68,11338974
4997,Hyderabad,Miyapur,16.344349,76.524341,Independent House,500,1,1,7,Yes,Fully,19,91,38,5876500
4998,Mumbai,Thane,12.312321,76.438333,Independent House,2354,4,3,20,No,Unfurnished,28,85,31,33532730
4999,Mumbai,Thane,15.497103,76.273286,Plot,2750,2,1,5,Yes,Semi,14,51,26,37185500
5000,Mumbai,Thane,12.135155,74.956336,Villa,1314,4,3,2,No,Semi,23,90,10,10948248
5001,Chennai,Adyar,17.981403,78.049473,Apartment,2354,1,1,9,Yes,Unfurnished,11,61,50,15444594
5002,Chennai,Anna Nagar,13.817436,77.080944,Apartment,2793,1,1,24,Yes,Semi,17,87,10,23045043
5003,Mumbai,Andheri,15.260485,79.758188,Plot,1444,4,3,6,No,Fully,18,91,41,6149996
5004,Pune,Hinjewadi,18.755401,74.93981,Independent House,2239,3,2,18,No,Unfurnished,5,100,58,26832176
5005,Hyderabad,Banjara Hills,12.176326,75.555226,Apartment,4712,5,4,15,Yes,Unfurnished,19,78,98,36645224
5006,Hyderabad,Jubilee Hills,13.868413,75.81693,Apartment,3563,1,1,5,Yes,Semi,7,70,38,23857848
5007,Bengaluru,Indiranagar,16.283828,73.771963,Apartment,3780,4,3,16,Yes,Fully,30,67,67,19429200
5008,Chennai,OMR,12.02225,73.596174,Apartment,2648,4,3,18,No,Fully,7,99,3,16499688
5009,Mumbai,Powai,13.046282,75.010045,Independent House,2019,5,4,13,Yes,Fully,20,98,8,19275393
5010,Chennai,OMR,16.475919,74.840037,Independent House,2498,5,4,7,Yes,Fully,14,97,83,23408758
5011,Hyderabad,Kondapur,15.083657,79.201752,Independent House,3982,3,2,15,No,Unfurnished,19,86,93,17401340
5012,Mumbai,Powai,13.363545,79.063986,Apartment,1033,3,2,15,No,Semi,11,98,91,10951866
5013,Chennai,Adyar,15.345626,74.807223,Plot,811,5,4,0,No,Semi,5,91,78,5848932
5014,Mumbai,Bandra,14.174262,74.91485,Apartment,3556,1,1,19,Yes,Fully,25,58,60,37153088
5015,Hyderabad,Gachibowli,12.874427,74.656153,Apartment,1151,3,2,24,Yes,Fully,29,58,45,9797312
5016,Hyderabad,Banjara Hills,17.750087,76.427257,Apartment,2849,3,2,18,Yes,Semi,21,75,35,22082599
5017,Pune,Kharadi,18.265915,77.205359,Independent House,2975,3,2,18,No,Semi,12,100,66,31793825
5018,Mumbai,Thane,14.395784,75.055118,Villa,2490,1,1,10,No,Fully,28,90,74,13812030
5019,Chennai,Velachery,17.510878,73.587744,Plot,3871,4,3,0,Yes,Semi,5,59,37,19281451
5020,Hyderabad,Gachibowli,13.664211,74.059287,Apartment,4959,5,4,22,Yes,Semi,11,66,50,71603001
5021,Bengaluru,Electronic City,18.173746,74.718468,Villa,4350,5,4,24,No,Fully,15,60,34,24964650
5022,Hyderabad,Jubilee Hills,15.084395,78.507622,Plot,4835,2,1,8,No,Semi,3,66,37,31611230
5023,Hyderabad,Gachibowli,16.47117,74.358846,Villa,4503,2,1,0,No,Semi,4,90,93,22082712
5024,Chennai,Anna Nagar,13.214616,76.465729,Independent House,1520,3,2,12,Yes,Unfurnished,3,71,37,20252480
5025,Chennai,Anna Nagar,18.037333,76.382318,Villa,1642,4,3,20,No,Unfurnished,22,67,86,15996364
5026,Mumbai,Andheri,12.178344,79.820945,Apartment,1654,3,2,23,No,Fully,30,78,11,8046710
5027,Chennai,Velachery,18.657071,74.210846,Independent House,3471,3,2,16,No,Fully,22,94,55,39801957
5028,Chennai,Adyar,18.798166,76.539452,Plot,4511,3,2,10,No,Fully,20,84,36,35862450
5029,Hyderabad,Jubilee Hills,17.933714,78.587277,Apartment,1580,3,2,20,Yes,Unfurnished,11,76,89,10808780
5030,Hyderabad,Gachibowli,13.968392,76.176419,Villa,4138,5,4,22,Yes,Unfurnished,8,72,92,48398048
5031,Chennai,Velachery,17.71063,73.295777,Apartment,3068,3,2,11,Yes,Fully,15,95,38,17058080
5032,Pune,Baner,15.257619,77.299396,Independent House,3414,2,1,17,Yes,Fully,4,60,61,50073138
5033,Bengaluru,HSR Layout,15.185259,74.14075,Independent House,3007,4,3,25,Yes,Unfurnished,24,100,36,37530367
5034,Bengaluru,Indiranagar,12.153815,75.930812,Villa,4337,4,3,5,Yes,Semi,27,56,6,22062319
5035,Bengaluru,HSR Layout,17.240565,72.006459,Villa,3354,4,3,24,Yes,Semi,4,83,77,15297594
5036,Mumbai,Powai,12.96044,77.381896,Villa,4777,2,1,3,No,Fully,22,72,28,33458108
5037,Pune,Kharadi,13.284752,79.281978,Villa,2659,5,4,15,No,Fully,24,83,71,32713677
5038,Mumbai,Powai,14.376965,72.127124,Villa,3642,1,1,3,No,Unfurnished,23,63,21,26936232
5039,Chennai,Anna Nagar,14.176714,72.281417,Plot,2311,3,2,15,No,Fully,16,91,10,33146673
5040,Chennai,Adyar,12.107383,77.849508,Plot,2277,1,1,21,Yes,Unfurnished,13,75,97,33856713
5041,Bengaluru,HSR Layout,14.038881,74.2722,Villa,1051,5,4,11,Yes,Fully,19,90,39,11170028
5042,Hyderabad,Jubilee Hills,12.508591,73.786975,Villa,2615,5,4,20,No,Unfurnished,18,96,90,26265060
5043,Bengaluru,HSR Layout,17.835419,73.466047,Apartment,1322,4,3,11,No,Fully,18,90,87,9398098
5044,Chennai,OMR,18.035384,72.654548,Villa,1859,2,1,6,No,Fully,8,65,61,18154994
5045,Bengaluru,Whitefield,17.198821,76.847774,Plot,2501,2,1,6,No,Unfurnished,29,77,31,19042614
5046,Pune,Baner,12.35282,78.633597,Plot,4443,5,4,0,No,Semi,30,83,46,29154966
5047,Pune,Baner,14.158669,77.617448,Plot,510,1,1,0,Yes,Semi,15,51,51,2156790
5048,Chennai,Adyar,15.208604,72.022088,Villa,3066,5,4,11,Yes,Semi,23,64,55,41161050
5049,Bengaluru,Whitefield,12.03032,75.838303,Apartment,2454,1,1,1,No,Semi,27,91,84,34616124
5050,Hyderabad,Banjara Hills,17.47231,78.854612,Villa,1217,2,1,3,No,Unfurnished,29,62,80,10859291
5051,Hyderabad,Jubilee Hills,15.788368,77.47119,Villa,1182,4,3,17,No,Fully,12,82,88,15597672
5052,Mumbai,Powai,15.449181,75.542632,Plot,4562,3,2,6,No,Semi,27,81,84,26039896
5053,Bengaluru,Indiranagar,13.064693,76.111469,Plot,3270,5,4,15,No,Unfurnished,12,54,66,27644580
5054,Chennai,Anna Nagar,14.735226,73.432479,Apartment,2073,5,4,0,No,Semi,27,97,44,16020144
5055,Pune,Baner,16.209677,75.206402,Villa,2236,5,4,4,Yes,Unfurnished,21,80,40,19374940
5056,Pune,Wakad,13.055464,73.343654,Independent House,852,1,1,23,Yes,Semi,25,98,93,10658520
5057,Mumbai,Powai,12.914641,74.990133,Independent House,2559,3,2,23,Yes,Fully,8,76,92,37489350
5058,Pune,Wakad,15.677478,78.478494,Independent House,1601,2,1,12,No,Semi,15,57,18,10376081
5059,Hyderabad,Banjara Hills,12.044126,77.484906,Plot,4977,1,1,19,Yes,Semi,23,73,80,57359925
5060,Chennai,Anna Nagar,13.347407,73.938725,Apartment,3087,5,4,24,No,Semi,3,76,32,32126409
5061,Mumbai,Andheri,14.864665,75.177102,Apartment,4181,4,3,4,No,Fully,12,68,16,23819157
5062,Bengaluru,Electronic City,12.921309,79.421728,Independent House,1486,4,3,18,Yes,Semi,14,60,82,15313230
5063,Chennai,Velachery,13.236548,77.194737,Apartment,1726,4,3,8,Yes,Unfurnished,15,80,9,23157742
5064,Pune,Wakad,14.082134,78.390734,Villa,743,4,3,10,No,Semi,15,95,47,9718440
5065,Bengaluru,Indiranagar,15.502261,74.74265,Apartment,626,1,1,0,No,Unfurnished,7,89,2,6705712
5066,Chennai,Velachery,12.702292,74.185659,Apartment,649,4,3,1,Yes,Fully,18,96,71,8382484
5067,Mumbai,Thane,18.236573,72.652184,Plot,1618,5,4,1,No,Semi,19,69,90,14883982
5068,Hyderabad,Kukatpally,15.154201,78.167545,Apartment,2492,1,1,2,No,Semi,27,68,88,30611728
5069,Bengaluru,Indiranagar,14.468085,76.717873,Apartment,878,1,1,7,Yes,Fully,14,65,57,4645498
5070,Pune,Baner,18.542165,77.466948,Apartment,1703,1,1,1,No,Fully,22,53,6,19918288
5071,Bengaluru,Electronic City,14.735956,72.129618,Independent House,2019,1,1,20,Yes,Fully,7,72,81,13260792
5072,Mumbai,Powai,13.645739,74.030461,Independent House,4376,3,2,16,No,Fully,28,98,61,17832200
5073,Bengaluru,Indiranagar,15.157952,72.481573,Villa,557,2,1,11,Yes,Fully,9,93,70,7896032
5074,Chennai,Velachery,12.344865,74.633958,Villa,1829,5,4,15,Yes,Fully,0,54,15,12219549
5075,Chennai,Anna Nagar,16.459817,72.330953,Plot,2996,3,2,20,No,Semi,26,86,29,12418420
5076,Bengaluru,Electronic City,15.393117,76.049929,Plot,4871,5,4,5,Yes,Unfurnished,27,74,17,57604446
5077,Mumbai,Andheri,15.720313,79.615418,Independent House,2606,2,1,12,No,Semi,29,78,43,34769252
5078,Mumbai,Powai,12.525162,79.853029,Plot,3762,5,4,16,Yes,Unfurnished,11,52,16,26939682
5079,Hyderabad,Miyapur,14.677091,79.41554,Apartment,3771,3,2,6,No,Semi,1,85,24,35277705
5080,Pune,Kharadi,12.189812,78.533646,Apartment,3740,3,2,9,Yes,Semi,5,72,25,36996080
5081,Pune,Wakad,16.688744,75.311436,Apartment,1344,3,2,16,No,Fully,6,84,70,10688832
5082,Pune,Kharadi,16.251178,79.329366,Villa,2332,5,4,1,Yes,Unfurnished,9,73,97,17357076
5083,Mumbai,Andheri,17.336968,79.552477,Villa,1498,2,1,6,No,Semi,13,67,72,18305560
5084,Pune,Baner,18.37801,75.587227,Plot,726,2,1,20,No,Fully,21,86,13,5138628
5085,Bengaluru,HSR Layout,13.347741,75.392894,Plot,2675,4,3,0,No,Semi,27,78,99,30256925
5086,Pune,Hinjewadi,12.379473,74.909483,Independent House,4043,2,1,23,No,Semi,13,65,8,53056289
5087,Mumbai,Andheri,18.355277,78.16237,Apartment,3154,5,4,17,No,Semi,20,71,97,35842056
5088,Bengaluru,Electronic City,18.215391,78.95785,Independent House,3190,3,2,14,Yes,Semi,30,63,77,21825980
5089,Bengaluru,HSR Layout,17.569152,77.878086,Villa,4699,3,2,0,No,Unfurnished,4,82,49,45796454
5090,Chennai,OMR,13.33013,77.436816,Plot,2760,5,4,16,Yes,Unfurnished,15,82,80,22670640
5091,Chennai,Adyar,18.917616,77.356146,Independent House,2423,2,1,19,No,Semi,1,54,60,26999489
5092,Hyderabad,Banjara Hills,13.125469,75.378541,Villa,2717,1,1,13,No,Semi,22,94,28,25219194
5093,Chennai,Velachery,12.653338,73.182081,Villa,3614,3,2,18,Yes,Fully,25,58,3,48019218
5094,Pune,Wakad,12.682947,73.238647,Apartment,4848,1,1,18,No,Fully,3,75,35,64362048
5095,Mumbai,Bandra,13.993742,74.987276,Plot,1008,2,1,9,No,Fully,8,69,16,11683728
5096,Hyderabad,Gachibowli,17.310244,78.969972,Plot,1792,5,4,21,Yes,Fully,1,83,38,20082944
5097,Chennai,Anna Nagar,17.739885,76.174531,Plot,2882,4,3,6,Yes,Fully,20,77,66,15891348
5098,Hyderabad,Jubilee Hills,16.183453,76.742541,Villa,857,1,1,23,Yes,Semi,4,81,45,4619230
5099,Mumbai,Andheri,18.334947,79.428231,Independent House,4649,3,2,25,Yes,Unfurnished,9,77,61,36708504
5100,Hyderabad,Banjara Hills,14.505536,77.326677,Villa,4531,2,1,23,Yes,Semi,14,74,63,47090683
5101,Hyderabad,Jubilee Hills,17.45494,75.906918,Apartment,3586,5,4,5,Yes,Fully,2,100,22,26572260
5102,Hyderabad,Kukatpally,12.430018,76.151982,Plot,4961,1,1,9,No,Unfurnished,18,50,75,34736922
5103,Pune,Baner,16.976728,73.387249,Plot,4897,1,1,10,Yes,Fully,30,62,68,73122004
5104,Pune,Kharadi,16.979577,75.638094,Plot,1835,5,4,9,No,Semi,27,68,94,24154105
5105,Pune,Kharadi,16.857829,73.323887,Plot,597,5,4,18,No,Semi,24,100,55,7266087
5106,Pune,Kharadi,15.772822,73.98515,Independent House,2170,3,2,17,No,Fully,0,96,46,26914510
5107,Mumbai,Bandra,12.474456,78.941667,Plot,2101,2,1,10,Yes,Fully,27,81,48,14045185
5108,Bengaluru,Electronic City,12.761907,75.720981,Independent House,1823,1,1,12,Yes,Unfurnished,9,96,90,14873857
5109,Chennai,Adyar,14.732068,79.732287,Plot,3827,3,2,10,No,Fully,18,53,60,39043054
5110,Mumbai,Thane,17.551662,72.883618,Independent House,4997,4,3,0,No,Unfurnished,22,99,44,27783320
5111,Mumbai,Powai,14.505083,75.620396,Apartment,2500,5,4,24,No,Semi,5,70,54,20025000
5112,Mumbai,Andheri,13.654924,78.154079,Villa,4883,4,3,20,No,Unfurnished,4,93,60,23228431
5113,Chennai,Velachery,14.599248,76.702296,Apartment,3798,4,3,14,No,Unfurnished,5,66,56,43221240
5114,Bengaluru,HSR Layout,18.24226,72.47906,Independent House,3140,3,2,9,Yes,Unfurnished,1,53,68,20121120
5115,Mumbai,Thane,13.298089,77.153506,Plot,1208,5,4,4,No,Unfurnished,20,60,37,9027384
5116,Hyderabad,Banjara Hills,15.245052,79.559078,Plot,4643,3,2,19,Yes,Fully,19,73,48,54759542
5117,Chennai,Anna Nagar,15.8676,78.11402,Apartment,601,2,1,11,No,Semi,27,55,87,6343555
5118,Hyderabad,Gachibowli,13.587329,77.708523,Independent House,4070,5,4,7,No,Semi,27,54,28,27191670
5119,Bengaluru,Electronic City,17.87544,79.083317,Plot,3516,3,2,9,No,Unfurnished,28,87,78,21820296
5120,Hyderabad,Miyapur,18.090192,76.125296,Independent House,4143,4,3,24,No,Unfurnished,17,77,7,38687334
5121,Pune,Baner,14.005727,76.686913,Villa,889,5,4,14,No,Semi,28,100,95,10868025
5122,Pune,Wakad,13.597757,79.022691,Plot,3400,1,1,12,Yes,Fully,7,50,16,26254800
5123,Bengaluru,Electronic City,17.787236,76.298292,Villa,3001,2,1,8,Yes,Unfurnished,2,75,18,36504164
5124,Mumbai,Thane,18.733718,79.926926,Apartment,4113,1,1,11,No,Semi,27,89,22,33887007
5125,Hyderabad,Banjara Hills,14.7231,74.406364,Villa,936,4,3,4,No,Fully,17,82,28,9476064
5126,Pune,Wakad,14.662056,75.846841,Independent House,4490,5,4,20,Yes,Fully,10,82,56,25031750
5127,Hyderabad,Gachibowli,15.604047,77.701609,Villa,1073,4,3,9,Yes,Fully,29,85,21,13059483
5128,Mumbai,Powai,17.897303,78.129974,Plot,1842,1,1,2,Yes,Unfurnished,19,55,90,8007174
5129,Pune,Hinjewadi,15.439684,76.788835,Independent House,3345,2,1,7,No,Fully,4,53,93,35768085
5130,Pune,Baner,14.357796,74.751914,Plot,972,4,3,18,No,Semi,11,85,82,7874172
5131,Chennai,Adyar,12.566104,73.370549,Plot,1343,5,4,3,Yes,Unfurnished,10,62,64,13421942
5132,Pune,Baner,13.109104,75.502105,Independent House,4708,2,1,15,Yes,Fully,0,99,80,39900300
5133,Hyderabad,Gachibowli,15.14191,75.213643,Independent House,1019,2,1,11,Yes,Unfurnished,20,98,70,6219976
5134,Hyderabad,Banjara Hills,15.467495,76.548765,Villa,1555,5,4,3,No,Semi,25,93,20,22555275
5135,Chennai,Velachery,14.393934,74.016841,Independent House,780,4,3,15,No,Unfurnished,12,74,36,4819620
5136,Bengaluru,Electronic City,18.244818,73.958214,Villa,4822,2,1,13,No,Unfurnished,30,63,36,24703106
5137,Pune,Wakad,16.621281,78.974436,Plot,2362,1,1,9,No,Unfurnished,30,81,86,35163094
5138,Hyderabad,Kondapur,12.408997,73.85218,Villa,4958,2,1,21,Yes,Unfurnished,27,87,92,40888626
5139,Mumbai,Andheri,13.091143,75.886858,Villa,3295,1,1,12,No,Unfurnished,12,55,65,32198740
5140,Pune,Kharadi,13.890919,74.703682,Villa,4391,3,2,8,Yes,Unfurnished,29,51,64,65671796
5141,Bengaluru,HSR Layout,15.539083,76.749491,Independent House,796,2,1,1,Yes,Unfurnished,29,73,67,4826944
5142,Mumbai,Andheri,12.626503,77.873147,Plot,1364,5,4,17,Yes,Fully,12,83,94,8917832
5143,Chennai,Anna Nagar,14.050416,75.341942,Villa,1385,1,1,13,No,Fully,17,95,59,8247675
5144,Hyderabad,Kondapur,15.282399,74.685323,Plot,1600,2,1,6,Yes,Unfurnished,28,74,25,13488000
5145,Bengaluru,HSR Layout,16.107634,79.685961,Apartment,1578,4,3,5,Yes,Unfurnished,27,75,92,19171122
5146,Pune,Hinjewadi,14.483585,73.652308,Plot,735,2,1,0,Yes,Unfurnished,24,56,32,8708280
5147,Bengaluru,Electronic City,18.992093,77.976736,Apartment,4462,5,4,1,Yes,Unfurnished,26,84,32,29007462
5148,Mumbai,Bandra,12.603779,76.646245,Independent House,3127,4,3,6,No,Unfurnished,17,95,41,18821413
5149,Chennai,Adyar,18.823968,77.759457,Plot,2542,5,4,7,No,Unfurnished,1,64,39,11344946
5150,Chennai,Adyar,12.33226,74.700162,Independent House,2764,1,1,5,No,Fully,25,73,10,16213624
5151,Chennai,Velachery,14.333119,72.209953,Plot,3915,2,1,11,No,Unfurnished,29,78,28,57339090
5152,Hyderabad,Banjara Hills,18.944713,76.303958,Independent House,1633,3,2,2,Yes,Unfurnished,20,51,25,10625931
5153,Hyderabad,Kukatpally,16.581982,76.125545,Plot,3303,1,1,10,No,Fully,15,100,19,20310147
5154,Pune,Kharadi,18.719219,77.771512,Apartment,4277,3,2,20,No,Semi,29,66,14,29532685
5155,Pune,Wakad,14.299313,74.870653,Independent House,1181,2,1,14,No,Semi,13,91,34,7243073
5156,Chennai,OMR,12.760348,79.836762,Plot,1182,2,1,25,No,Unfurnished,10,53,11,16777308
5157,Pune,Hinjewadi,14.153908,76.82834,Villa,1849,5,4,9,Yes,Fully,7,99,48,17049629
5158,Chennai,OMR,14.658481,73.941296,Plot,3664,1,1,16,No,Semi,14,88,30,22445664
5159,Pune,Kharadi,15.092791,73.121717,Independent House,2570,3,2,16,Yes,Semi,0,74,98,33571910
5160,Chennai,OMR,13.082028,72.499901,Villa,2977,4,3,2,No,Semi,18,58,41,19600568
5161,Mumbai,Bandra,15.337331,76.001617,Villa,4466,5,4,10,No,Unfurnished,2,84,24,45932810
5162,Chennai,OMR,17.266861,79.019491,Independent House,3114,3,2,15,No,Fully,1,99,55,26817768
5163,Bengaluru,Indiranagar,14.774084,77.839183,Apartment,3793,3,2,0,No,Unfurnished,23,78,98,53591297
5164,Hyderabad,Kukatpally,16.094682,79.088965,Villa,625,4,3,5,No,Unfurnished,4,60,49,9283125
5165,Hyderabad,Madhapur,13.095508,78.138324,Independent House,4324,2,1,8,Yes,Unfurnished,28,68,1,28871348
5166,Chennai,Anna Nagar,16.667687,77.99839,Villa,1598,1,1,4,Yes,Semi,21,63,3,11259508
5167,Hyderabad,Jubilee Hills,13.955959,73.580332,Villa,2895,2,1,24,No,Unfurnished,18,51,23,40315770
5168,Chennai,Adyar,12.528069,78.141606,Apartment,3158,2,1,1,No,Semi,23,70,11,24843986
5169,Bengaluru,Whitefield,18.847783,74.113845,Independent House,4912,5,4,3,Yes,Fully,9,89,48,26961968
5170,Mumbai,Andheri,13.866271,78.540874,Plot,3366,4,3,2,Yes,Unfurnished,28,81,87,35528130
5171,Chennai,Adyar,14.998662,72.743653,Plot,2998,3,2,3,Yes,Fully,6,85,89,38653214
5172,Chennai,Velachery,14.405958,73.275484,Independent House,1128,1,1,19,Yes,Semi,15,71,23,7488792
5173,Mumbai,Bandra,15.366448,76.973842,Plot,2293,1,1,24,No,Semi,26,74,93,13719019
5174,Mumbai,Bandra,17.109311,77.295162,Independent House,1162,1,1,22,Yes,Fully,4,94,17,10484726
5175,Pune,Baner,18.088958,76.202702,Apartment,4728,1,1,0,Yes,Unfurnished,14,61,54,69501600
5176,Bengaluru,Whitefield,12.978546,75.638256,Independent House,780,4,3,13,Yes,Semi,2,58,42,7106580
5177,Chennai,Adyar,18.027602,73.236672,Apartment,1238,5,4,0,No,Unfurnished,8,61,42,10419008
5178,Chennai,OMR,15.418071,74.419704,Independent House,4200,5,4,3,No,Semi,27,100,3,41374200
5179,Chennai,Velachery,12.137214,73.251831,Independent House,4496,2,1,6,No,Fully,24,55,34,38323904
5180,Mumbai,Powai,17.246348,75.308204,Plot,4873,4,3,10,Yes,Fully,2,71,46,50396566
5181,Pune,Wakad,15.169631,73.084983,Apartment,1849,5,4,14,No,Unfurnished,30,84,89,22537461
5182,Pune,Hinjewadi,16.65589,72.340923,Villa,506,4,3,8,Yes,Fully,21,75,64,3132646
5183,Chennai,OMR,18.463426,78.595926,Independent House,3214,4,3,12,No,Semi,11,66,51,21090268
5184,Bengaluru,Electronic City,17.937796,79.714782,Apartment,4801,3,2,0,Yes,Fully,5,90,80,19391239
5185,Chennai,Velachery,17.908168,75.184525,Apartment,3952,3,2,19,Yes,Unfurnished,26,98,24,18210816
5186,Hyderabad,Kukatpally,16.472436,72.505891,Villa,3869,4,3,21,Yes,Semi,2,77,96,18466737
5187,Mumbai,Powai,17.042446,75.674612,Plot,3739,2,1,15,Yes,Unfurnished,3,54,45,51613156
5188,Hyderabad,Jubilee Hills,17.109158,77.905634,Villa,2855,2,1,24,Yes,Unfurnished,28,57,23,28064650
5189,Hyderabad,Banjara Hills,16.842411,74.084684,Villa,4950,3,2,20,Yes,Unfurnished,19,58,76,61370100
5190,Mumbai,Powai,15.062799,79.718155,Villa,4402,4,3,16,Yes,Fully,5,79,90,47620836
5191,Hyderabad,Banjara Hills,17.902225,74.739206,Apartment,2606,4,3,22,Yes,Unfurnished,3,87,66,29528586
5192,Bengaluru,Indiranagar,17.728247,73.928813,Apartment,3667,5,4,6,Yes,Fully,20,87,32,37212716
5193,Bengaluru,Indiranagar,14.992329,72.436087,Independent House,1627,4,3,14,Yes,Unfurnished,8,90,58,11901505
5194,Pune,Wakad,14.095423,76.275041,Independent House,919,4,3,22,Yes,Semi,28,95,15,5690448
5195,Chennai,Anna Nagar,15.003129,73.550964,Independent House,4365,2,1,16,Yes,Semi,27,54,96,64549620
5196,Bengaluru,Electronic City,14.353926,79.516863,Apartment,2881,2,1,8,Yes,Semi,12,61,38,22898188
5197,Pune,Hinjewadi,16.742467,78.251731,Villa,4494,5,4,10,No,Fully,21,64,48,61437474
5198,Mumbai,Andheri,18.708809,78.469231,Plot,3451,4,3,23,No,Unfurnished,13,86,2,33139953
5199,Pune,Baner,12.064378,72.678401,Independent House,1585,2,1,9,No,Semi,24,72,29,11754360
5200,Hyderabad,Madhapur,17.867334,75.091149,Plot,2466,4,3,6,Yes,Unfurnished,15,61,38,11614860
5201,Mumbai,Powai,18.802704,76.276425,Independent House,4590,1,1,21,No,Unfurnished,15,89,97,53546940
5202,Hyderabad,Kukatpally,18.429715,73.676773,Apartment,2121,4,3,7,No,Fully,3,65,26,10199889
5203,Bengaluru,HSR Layout,15.36672,77.240011,Villa,4149,2,1,11,No,Fully,18,58,98,34320528
5204,Hyderabad,Gachibowli,14.551942,73.815804,Villa,1633,4,3,6,Yes,Semi,3,56,28,8790439
5205,Bengaluru,Electronic City,12.45401,75.957252,Villa,1023,1,1,15,No,Unfurnished,28,95,75,4516545
5206,Pune,Hinjewadi,12.553904,79.510193,Villa,2189,5,4,7,No,Semi,22,52,93,32353420
5207,Bengaluru,Electronic City,13.184534,77.541877,Independent House,1145,5,4,14,Yes,Unfurnished,24,74,100,11864490
5208,Chennai,Velachery,13.220424,74.879769,Villa,3463,1,1,22,Yes,Semi,8,98,72,29930709
5209,Chennai,Velachery,18.982421,78.986779,Villa,3015,1,1,3,Yes,Semi,4,58,87,43807950
5210,Bengaluru,Indiranagar,16.715198,78.370777,Apartment,2211,2,1,2,Yes,Unfurnished,9,81,58,25172235
5211,Chennai,Anna Nagar,18.677662,79.830607,Apartment,1527,5,4,0,No,Fully,30,53,62,6643977
5212,Mumbai,Bandra,12.97375,74.196925,Plot,2342,1,1,10,Yes,Unfurnished,12,59,54,19274660
5213,Mumbai,Powai,12.145724,72.293885,Villa,2930,3,2,15,Yes,Unfurnished,10,89,7,38758040
5214,Mumbai,Powai,18.313722,74.120919,Apartment,3517,2,1,19,Yes,Unfurnished,19,91,45,18520522
5215,Chennai,Velachery,15.062252,75.877039,Independent House,963,1,1,14,Yes,Semi,30,72,21,6084234
5216,Mumbai,Bandra,15.165227,78.38054,Plot,2656,5,4,22,Yes,Unfurnished,26,61,27,24089920
5217,Mumbai,Andheri,12.371166,75.336915,Apartment,596,3,2,18,Yes,Semi,30,77,90,3802480
5218,Pune,Baner,16.002429,72.034293,Plot,533,2,1,12,No,Unfurnished,4,51,66,7118748
5219,Pune,Hinjewadi,13.231256,77.267427,Independent House,4865,3,2,6,No,Fully,24,73,58,19761630
5220,Mumbai,Andheri,15.400801,79.767024,Apartment,2498,5,4,24,No,Fully,17,88,50,26793548
5221,Mumbai,Bandra,16.594786,72.834548,Plot,1207,1,1,5,No,Unfurnished,25,85,76,14208804
5222,Mumbai,Powai,15.651822,74.859285,Villa,615,1,1,12,Yes,Semi,8,85,100,7493160
5223,Bengaluru,Whitefield,14.728321,72.66836,Independent House,1115,4,3,14,No,Unfurnished,4,70,17,8860905
5224,Pune,Wakad,15.955133,77.888734,Independent House,2221,3,2,11,No,Unfurnished,0,82,66,31389393
5225,Pune,Kharadi,13.099197,73.853977,Plot,3809,5,4,1,Yes,Unfurnished,5,56,100,46930689
5226,Mumbai,Thane,15.639946,78.712412,Plot,2831,2,1,15,No,Semi,27,57,72,22806536
5227,Mumbai,Thane,18.750015,72.022954,Independent House,1325,1,1,20,Yes,Unfurnished,29,98,17,5773025
5228,Mumbai,Powai,16.794146,72.342116,Villa,2697,2,1,14,Yes,Unfurnished,23,51,3,33197373
5229,Hyderabad,Jubilee Hills,18.561676,76.96139,Apartment,1510,2,1,19,No,Fully,2,94,17,14112460
5230,Hyderabad,Kondapur,13.265094,74.164517,Villa,1144,4,3,11,No,Fully,17,67,74,6491056
5231,Hyderabad,Kukatpally,15.275899,74.803488,Apartment,3926,4,3,5,Yes,Unfurnished,1,58,74,30866212
5232,Mumbai,Andheri,16.16605,74.198499,Villa,3206,1,1,20,Yes,Fully,11,50,96,47105758
5233,Pune,Kharadi,15.666534,75.311513,Apartment,2779,3,2,12,No,Semi,2,74,47,23240777
5234,Mumbai,Bandra,16.632462,78.846218,Villa,1039,5,4,21,No,Unfurnished,7,66,88,12635279
5235,Bengaluru,HSR Layout,16.61226,75.666148,Villa,4754,2,1,21,Yes,Unfurnished,30,53,66,34956162
5236,Mumbai,Powai,16.41476,74.678885,Villa,4623,2,1,2,No,Semi,1,77,59,65212038
5237,Pune,Kharadi,15.926694,75.02271,Apartment,4565,5,4,17,No,Fully,30,62,71,26440480
5238,Hyderabad,Kukatpally,18.206205,76.69508,Plot,3746,5,4,10,No,Semi,0,99,73,39164430
5239,Bengaluru,Whitefield,16.909198,78.730157,Plot,1956,5,4,2,Yes,Semi,26,76,77,20199612
5240,Hyderabad,Gachibowli,16.449286,74.066964,Plot,2393,2,1,25,Yes,Fully,14,86,100,32379683
5241,Chennai,Anna Nagar,12.144363,78.923763,Villa,3017,4,3,10,Yes,Semi,18,70,1,25569075
5242,Chennai,Anna Nagar,14.82274,73.064654,Plot,4828,1,1,11,No,Unfurnished,25,57,6,33298716
5243,Mumbai,Thane,16.853135,72.390076,Independent House,2696,1,1,6,Yes,Unfurnished,5,63,58,21012624
5244,Hyderabad,Madhapur,15.478589,73.248249,Apartment,1117,1,1,0,No,Unfurnished,2,92,4,14112178
5245,Bengaluru,HSR Layout,15.953864,72.68327,Apartment,3255,3,2,11,No,Semi,11,61,35,39948615
5246,Pune,Hinjewadi,18.718617,73.577635,Independent House,1655,1,1,8,Yes,Semi,5,55,66,21740080
5247,Bengaluru,HSR Layout,18.992046,78.997264,Villa,1204,5,4,16,No,Unfurnished,24,77,90,7555100
5248,Chennai,Velachery,18.70227,73.053871,Plot,576,4,3,1,Yes,Semi,9,58,71,7913088
5249,Mumbai,Bandra,18.107096,73.638157,Apartment,3871,2,1,3,No,Fully,3,62,5,20179523
5250,Bengaluru,Whitefield,18.862751,75.967183,Independent House,2907,4,3,20,Yes,Fully,30,53,36,33006078
5251,Pune,Baner,14.005931,78.86109,Plot,2751,4,3,1,Yes,Fully,18,84,19,37113741
5252,Mumbai,Thane,13.45838,75.066277,Plot,4988,4,3,20,Yes,Semi,3,96,74,74785084
5253,Hyderabad,Gachibowli,18.729374,79.155694,Independent House,4174,4,3,21,No,Semi,4,96,45,20281466
5254,Bengaluru,Whitefield,12.020241,79.51228,Independent House,571,2,1,25,Yes,Unfurnished,19,88,97,5747686
5255,Bengaluru,Electronic City,18.488255,77.928606,Plot,3019,5,4,8,No,Fully,7,76,81,24145962
5256,Mumbai,Andheri,18.338422,76.366305,Apartment,4639,2,1,20,Yes,Unfurnished,16,50,42,22893465
5257,Bengaluru,HSR Layout,13.208424,79.812748,Apartment,3968,1,1,16,Yes,Fully,17,60,54,53341824
5258,Mumbai,Thane,13.392348,79.171703,Plot,4808,4,3,19,No,Unfurnished,11,71,42,35098400
5259,Pune,Wakad,16.729316,75.777127,Villa,2765,3,2,16,No,Unfurnished,6,83,30,40886055
5260,Mumbai,Powai,15.501079,79.375904,Plot,3636,5,4,3,No,Unfurnished,21,67,28,20659752
5261,Bengaluru,Indiranagar,16.921575,78.275232,Independent House,1256,4,3,6,No,Fully,9,82,72,18517208
5262,Hyderabad,Madhapur,16.790069,75.452912,Independent House,3714,1,1,15,Yes,Fully,4,54,94,37362840
5263,Pune,Hinjewadi,12.543262,77.103416,Villa,2666,1,1,0,Yes,Unfurnished,3,69,40,34306088
5264,Chennai,OMR,13.770508,72.318307,Plot,2010,3,2,15,No,Fully,26,100,71,29442480
5265,Chennai,Velachery,17.748842,72.230194,Villa,2644,1,1,7,No,Fully,3,55,2,34990696
5266,Chennai,Velachery,13.394388,74.563404,Apartment,1718,2,1,20,Yes,Fully,25,99,72,8787570
5267,Hyderabad,Banjara Hills,16.509838,72.452867,Independent House,2972,5,4,1,Yes,Fully,9,68,44,39313616
5268,Chennai,OMR,13.890954,74.406784,Plot,2440,2,1,10,Yes,Semi,25,51,72,15213400
5269,Mumbai,Bandra,14.025042,78.078981,Villa,2033,2,1,10,Yes,Semi,5,53,86,28024905
5270,Mumbai,Andheri,16.49389,76.559922,Villa,937,2,1,16,Yes,Fully,21,77,100,4013171
5271,Bengaluru,Indiranagar,14.784557,76.10513,Villa,661,4,3,18,Yes,Fully,24,93,27,7768733
5272,Pune,Baner,18.976797,73.673664,Villa,3961,1,1,16,Yes,Unfurnished,2,78,70,59169418
5273,Mumbai,Thane,16.961304,75.767191,Villa,2123,2,1,11,Yes,Fully,14,71,19,9455842
5274,Hyderabad,Kondapur,18.192785,72.941337,Plot,4130,3,2,25,No,Fully,0,78,42,19444040
5275,Hyderabad,Kukatpally,16.880106,72.034283,Independent House,3434,3,2,20,No,Semi,19,100,41,44360412
5276,Bengaluru,Whitefield,13.118507,79.499643,Independent House,3904,5,4,16,Yes,Semi,24,86,96,43849728
5277,Bengaluru,HSR Layout,18.618128,73.790653,Plot,4248,3,2,23,Yes,Unfurnished,3,76,53,17340336
5278,Mumbai,Powai,12.833827,77.511597,Independent House,533,2,1,1,No,Semi,23,87,44,4493723
5279,Hyderabad,Kukatpally,14.642739,79.01619,Villa,3579,4,3,16,Yes,Fully,5,85,26,46036677
5280,Hyderabad,Madhapur,15.478249,76.902404,Apartment,3935,2,1,6,No,Unfurnished,13,80,47,52370915
5281,Chennai,OMR,13.356942,76.72416,Apartment,2568,3,2,9,No,Unfurnished,23,99,4,21265608
5282,Bengaluru,HSR Layout,12.761922,74.154496,Independent House,4010,4,3,2,No,Unfurnished,21,74,7,28787790
5283,Chennai,Adyar,15.922601,75.200848,Villa,1146,1,1,15,No,Fully,2,74,81,13358922
5284,Hyderabad,Madhapur,16.758996,76.011188,Independent House,2559,3,2,24,Yes,Unfurnished,9,98,65,16177998
5285,Bengaluru,Indiranagar,15.124914,79.933492,Villa,4210,5,4,8,Yes,Unfurnished,7,52,33,36003920
5286,Chennai,Anna Nagar,13.33547,74.013416,Apartment,1338,4,3,4,Yes,Fully,2,53,53,15156864
5287,Hyderabad,Gachibowli,17.813754,74.499886,Plot,2272,1,1,10,Yes,Semi,22,60,59,16940032
5288,Bengaluru,Electronic City,15.135783,75.669064,Independent House,3139,2,1,6,Yes,Fully,10,84,2,25155946
5289,Mumbai,Powai,17.783153,76.63968,Villa,1754,2,1,22,Yes,Fully,30,95,2,25076938
5290,Chennai,Anna Nagar,12.013741,73.755266,Plot,3253,4,3,10,Yes,Unfurnished,24,59,44,24478825
5291,Pune,Kharadi,16.673914,75.580765,Independent House,518,1,1,8,Yes,Fully,4,74,88,2744364
5292,Bengaluru,Electronic City,15.285776,77.95196,Villa,3562,4,3,12,Yes,Unfurnished,23,82,1,32952062
5293,Bengaluru,Electronic City,17.833719,73.979401,Villa,1996,3,2,8,No,Fully,8,80,17,19097728
5294,Mumbai,Bandra,13.367697,78.211462,Independent House,2507,4,3,8,No,Fully,9,74,32,10745002
5295,Mumbai,Bandra,16.851297,73.443604,Apartment,3842,1,1,23,Yes,Unfurnished,5,91,42,53384590
5296,Hyderabad,Banjara Hills,18.596956,79.265637,Apartment,3293,3,2,6,No,Fully,14,87,90,36674141
5297,Pune,Baner,16.443039,76.747313,Apartment,4721,1,1,3,Yes,Semi,9,63,78,34765444
5298,Bengaluru,Whitefield,17.99519,78.779681,Plot,3670,5,4,1,Yes,Semi,22,61,47,43995960
5299,Chennai,OMR,15.83582,74.024702,Apartment,2196,3,2,24,No,Unfurnished,29,67,29,28126368
5300,Hyderabad,Banjara Hills,16.960983,77.142654,Independent House,1461,2,1,10,Yes,Fully,14,50,73,13167993
5301,Hyderabad,Kondapur,13.183941,72.967214,Apartment,3778,4,3,9,Yes,Unfurnished,26,88,2,38577158
5302,Mumbai,Powai,14.727819,72.170658,Apartment,819,2,1,0,Yes,Fully,4,56,62,8847657
5303,Pune,Wakad,15.887952,73.16321,Plot,925,2,1,21,Yes,Fully,3,57,95,5875600
5304,Mumbai,Thane,17.450465,73.067415,Apartment,4203,2,1,11,Yes,Semi,22,75,56,28370250
5305,Pune,Baner,14.622198,79.424211,Independent House,2246,4,3,11,No,Fully,2,93,53,28573612
5306,Pune,Hinjewadi,16.460738,72.307485,Villa,805,4,3,20,No,Fully,3,100,66,10064110
5307,Chennai,Adyar,12.907462,79.581794,Independent House,2459,3,2,3,No,Semi,17,67,69,11515497
5308,Mumbai,Thane,14.408676,72.542301,Plot,2253,2,1,24,No,Unfurnished,24,64,62,17638737
5309,Hyderabad,Banjara Hills,16.848036,75.279873,Apartment,3366,5,4,11,Yes,Fully,24,62,38,33831666
5310,Bengaluru,Indiranagar,15.207929,76.93778,Independent House,4306,5,4,9,Yes,Unfurnished,22,78,61,48946302
5311,Bengaluru,Electronic City,16.732779,75.642789,Plot,4859,1,1,12,Yes,Fully,27,56,83,61748172
5312,Mumbai,Bandra,18.242698,73.448798,Apartment,1715,4,3,4,Yes,Unfurnished,8,69,7,11653425
5313,Hyderabad,Kondapur,17.854156,76.193089,Independent House,2586,4,3,5,Yes,Fully,0,61,83,13716144
5314,Chennai,Adyar,15.674995,72.883127,Independent House,3657,2,1,2,No,Semi,2,88,28,28418547
5315,Chennai,Velachery,15.317374,72.838375,Independent House,2568,3,2,11,Yes,Fully,30,54,8,20127984
5316,Mumbai,Andheri,16.905063,75.391301,Apartment,614,4,3,15,Yes,Fully,19,69,47,4924894
5317,Bengaluru,Whitefield,13.779549,79.070263,Apartment,3682,2,1,12,No,Semi,15,76,62,37887780
5318,Bengaluru,Whitefield,15.018856,77.881957,Villa,3327,1,1,17,Yes,Semi,27,70,20,48926862
5319,Bengaluru,Whitefield,14.220955,73.691759,Apartment,3431,1,1,19,No,Fully,12,57,100,34210501
5320,Pune,Kharadi,16.06876,76.204255,Plot,3261,4,3,19,No,Unfurnished,3,67,74,47242107
5321,Bengaluru,Electronic City,15.481348,72.4147,Villa,2541,3,2,7,No,Unfurnished,22,90,48,11721633
5322,Mumbai,Andheri,16.017844,77.939661,Independent House,4288,3,2,22,Yes,Unfurnished,25,75,83,58415424
5323,Pune,Baner,14.027106,75.110184,Independent House,2349,2,1,4,Yes,Unfurnished,20,55,23,24375573
5324,Hyderabad,Banjara Hills,17.022906,75.940161,Apartment,1268,1,1,10,No,Semi,10,55,48,7039936
5325,Chennai,Velachery,17.881487,76.717551,Plot,3215,5,4,8,Yes,Semi,29,57,67,37728025
5326,Mumbai,Bandra,15.134395,78.632848,Independent House,1799,3,2,8,Yes,Fully,26,67,22,12454477
5327,Chennai,Velachery,12.495899,76.392293,Apartment,4776,1,1,17,No,Fully,12,74,5,36436104
5328,Bengaluru,HSR Layout,16.514335,77.126949,Villa,2358,3,2,14,Yes,Unfurnished,3,59,35,25074972
5329,Bengaluru,Indiranagar,15.286653,79.990471,Villa,4746,5,4,0,Yes,Unfurnished,28,65,31,39690798
5330,Chennai,Anna Nagar,14.567568,77.52489,Plot,3184,5,4,15,Yes,Semi,23,53,12,37408816
5331,Mumbai,Powai,17.509053,73.259045,Plot,1371,5,4,1,No,Semi,23,80,67,16306674
5332,Chennai,Velachery,15.755975,77.184483,Apartment,992,3,2,21,Yes,Semi,20,66,10,11742304
5333,Hyderabad,Madhapur,12.355891,78.173195,Plot,3548,1,1,20,No,Semi,30,73,9,39428924
5334,Chennai,OMR,15.939774,79.439335,Villa,4795,1,1,25,Yes,Fully,5,83,41,29124830
5335,Pune,Baner,13.538162,76.790407,Apartment,3214,3,2,21,No,Unfurnished,15,80,63,13775204
5336,Mumbai,Bandra,15.161623,77.998645,Apartment,1265,3,2,17,Yes,Fully,27,51,99,8375565
5337,Hyderabad,Gachibowli,17.048003,76.702641,Villa,3851,3,2,3,Yes,Unfurnished,4,57,25,27819624
5338,Mumbai,Thane,17.785596,76.469923,Plot,4149,4,3,1,No,Fully,18,67,56,38398995
5339,Hyderabad,Jubilee Hills,13.541809,78.834806,Villa,3769,2,1,17,Yes,Unfurnished,1,56,24,24490962
5340,Hyderabad,Gachibowli,17.984154,73.010971,Apartment,3549,2,1,4,Yes,Unfurnished,5,99,11,15675933
5341,Mumbai,Bandra,17.435773,77.368505,Independent House,1171,1,1,14,No,Semi,2,61,89,13284995
5342,Hyderabad,Kondapur,13.645317,79.571062,Plot,4880,4,3,7,Yes,Semi,13,74,41,72560720
5343,Pune,Hinjewadi,14.289126,72.944487,Plot,2380,1,1,1,No,Unfurnished,29,92,29,32713100
5344,Pune,Baner,17.323353,79.086899,Apartment,699,2,1,8,Yes,Fully,13,81,40,8141952
5345,Chennai,Adyar,16.875735,78.853271,Independent House,3999,5,4,14,No,Unfurnished,30,60,49,48491874
5346,Bengaluru,Electronic City,15.629301,73.733577,Villa,4739,4,3,17,Yes,Unfurnished,14,67,59,59261195
5347,Pune,Wakad,18.873933,75.146091,Villa,4716,3,2,8,No,Semi,28,89,89,38784384
5348,Pune,Kharadi,18.682895,76.130817,Villa,4284,2,1,12,Yes,Semi,13,88,43,45179064
5349,Hyderabad,Banjara Hills,16.9884,75.348492,Apartment,1966,5,4,14,Yes,Unfurnished,3,64,31,25481326
5350,Bengaluru,Indiranagar,15.33239,74.829134,Villa,4637,4,3,7,No,Semi,18,56,8,33613613
5351,Mumbai,Andheri,15.815463,76.483139,Villa,4732,1,1,16,Yes,Semi,27,85,95,70705544
5352,Bengaluru,Whitefield,15.583775,73.498666,Apartment,2885,1,1,3,No,Semi,19,87,37,34617115
5353,Hyderabad,Kondapur,18.110799,75.713571,Independent House,3944,5,4,20,Yes,Semi,14,96,93,57566624
5354,Bengaluru,HSR Layout,14.695766,75.273055,Plot,4072,4,3,13,Yes,Fully,10,100,30,26476144
5355,Bengaluru,Indiranagar,14.300583,73.425697,Plot,1670,5,4,22,No,Unfurnished,20,71,16,19968190
5356,Mumbai,Bandra,16.544124,72.400609,Apartment,1732,1,1,21,Yes,Semi,15,89,80,11701392
5357,Mumbai,Thane,18.24249,74.737032,Independent House,3737,4,3,5,Yes,Unfurnished,30,100,26,18315037
5358,Mumbai,Thane,18.202358,75.863115,Plot,3778,5,4,9,Yes,Fully,29,60,12,27311162
5359,Bengaluru,Whitefield,13.660288,74.646196,Apartment,2411,3,2,23,No,Semi,26,56,52,32912561
5360,Pune,Baner,18.896255,77.114543,Villa,4003,2,1,16,No,Unfurnished,2,69,32,32356249
5361,Pune,Hinjewadi,14.686611,74.958332,Independent House,3571,5,4,6,No,Fully,0,61,53,50668919
5362,Mumbai,Bandra,14.48578,78.622464,Villa,2299,1,1,19,Yes,Unfurnished,16,64,83,21622095
5363,Hyderabad,Kukatpally,18.280836,74.571285,Villa,4304,5,4,20,No,Fully,29,90,6,38834992
5364,Mumbai,Andheri,15.346597,72.70814,Plot,1433,2,1,23,Yes,Fully,17,96,24,20420250
5365,Bengaluru,Whitefield,15.120695,76.928097,Plot,4250,2,1,15,No,Semi,26,94,63,50728000
5366,Bengaluru,Whitefield,15.895157,73.684767,Apartment,3351,3,2,8,No,Fully,11,68,50,40081311
5367,Bengaluru,Whitefield,14.174615,74.488676,Independent House,3547,4,3,14,Yes,Unfurnished,22,63,66,17110728
5368,Bengaluru,Indiranagar,16.654025,75.779633,Plot,3054,5,4,16,Yes,Semi,4,95,55,20980980
5369,Bengaluru,Whitefield,13.923022,77.249024,Independent House,1612,1,1,4,No,Unfurnished,19,53,56,18724992
5370,Chennai,Velachery,16.159279,75.604145,Apartment,4670,4,3,1,No,Unfurnished,15,50,37,64833610
5371,Pune,Wakad,17.906396,75.77304,Apartment,3589,4,3,11,Yes,Semi,23,75,71,39217003
5372,Pune,Kharadi,16.688344,76.461405,Villa,2045,5,4,23,No,Unfurnished,12,63,20,19145290
5373,Chennai,Anna Nagar,12.368048,78.652143,Plot,1841,4,3,17,No,Semi,28,79,65,27530314
5374,Bengaluru,Electronic City,18.273271,78.679267,Independent House,3734,4,3,9,No,Fully,17,81,8,55098904
5375,Chennai,Velachery,13.78085,75.310267,Apartment,4483,4,3,19,Yes,Unfurnished,5,79,54,24073710
5376,Hyderabad,Banjara Hills,13.251282,73.180776,Independent House,1154,1,1,3,Yes,Fully,7,95,89,14341912
5377,Mumbai,Thane,12.550456,75.032143,Plot,3018,4,3,13,No,Fully,6,63,39,23093736
5378,Bengaluru,Indiranagar,12.735344,75.53907,Independent House,3365,2,1,14,No,Fully,4,79,36,36580915
5379,Bengaluru,Electronic City,15.464994,76.498316,Independent House,2794,4,3,25,Yes,Fully,6,57,69,23125938
5380,Bengaluru,Electronic City,14.447861,76.289326,Apartment,1545,2,1,2,No,Unfurnished,26,56,78,17107785
5381,Hyderabad,Banjara Hills,18.856841,79.403049,Apartment,2410,4,3,15,No,Semi,29,75,36,11358330
5382,Hyderabad,Madhapur,16.333614,77.755679,Apartment,2586,2,1,10,No,Unfurnished,26,65,69,27419358
5383,Pune,Kharadi,18.988402,72.945409,Apartment,837,4,3,13,Yes,Semi,9,76,64,8961759
5384,Mumbai,Bandra,14.878447,72.995934,Independent House,1826,3,2,16,No,Fully,12,100,93,8328386
5385,Chennai,Velachery,12.571783,76.284516,Independent House,4294,3,2,2,No,Unfurnished,26,82,16,49295120
5386,Chennai,Adyar,13.549613,79.388901,Villa,1510,5,4,1,No,Semi,14,98,64,22190960
5387,Bengaluru,Electronic City,13.50384,76.513801,Villa,2260,4,3,11,No,Fully,26,61,23,32853620
5388,Pune,Kharadi,17.566646,79.058537,Apartment,1733,3,2,11,No,Unfurnished,12,65,85,18225961
5389,Chennai,Velachery,16.845898,78.52032,Independent House,2851,2,1,14,No,Unfurnished,27,72,42,29929798
5390,Mumbai,Andheri,12.184708,76.342196,Villa,2520,1,1,0,Yes,Semi,6,82,95,11317320
5391,Hyderabad,Gachibowli,18.811798,72.547599,Plot,4946,3,2,9,Yes,Semi,16,59,8,62413574
5392,Chennai,Anna Nagar,12.914859,77.290962,Apartment,4680,1,1,9,No,Semi,21,54,49,34491600
5393,Hyderabad,Madhapur,16.041942,76.064862,Apartment,1243,4,3,5,Yes,Fully,10,69,80,11773696
5394,Pune,Kharadi,14.035794,78.160967,Plot,2364,5,4,22,No,Unfurnished,29,72,37,26862132
5395,Hyderabad,Jubilee Hills,12.785059,79.295874,Independent House,4793,1,1,2,No,Fully,0,64,96,40011964
5396,Chennai,Velachery,16.290234,73.633453,Villa,3338,2,1,2,Yes,Unfurnished,9,69,14,15498334
5397,Pune,Baner,13.876502,79.896867,Plot,2814,1,1,6,No,Unfurnished,17,86,59,30309594
5398,Hyderabad,Jubilee Hills,13.342544,75.889591,Plot,3758,3,2,22,Yes,Semi,20,97,89,37080186
5399,Bengaluru,Indiranagar,15.727075,74.82994,Independent House,2453,3,2,17,Yes,Semi,25,88,35,20261780
5400,Hyderabad,Jubilee Hills,18.384223,75.555265,Independent House,2988,5,4,3,No,Unfurnished,22,62,22,17285580
5401,Bengaluru,Indiranagar,13.32583,73.497334,Independent House,4394,4,3,2,No,Fully,0,88,91,44058638
5402,Chennai,OMR,14.401248,75.7866,Villa,934,4,3,21,No,Fully,20,62,87,9131718
5403,Hyderabad,Madhapur,17.912611,78.575368,Apartment,669,2,1,5,Yes,Unfurnished,20,75,29,8488272
5404,Pune,Baner,17.169121,78.778513,Villa,2245,2,1,23,No,Fully,9,63,50,16121345
5405,Mumbai,Powai,13.743278,72.188146,Villa,2985,4,3,24,No,Unfurnished,23,67,14,38279640
5406,Chennai,Velachery,17.840475,79.268408,Independent House,1868,4,3,16,Yes,Fully,14,76,78,23230448
5407,Hyderabad,Madhapur,15.368636,73.353932,Apartment,4035,3,2,12,Yes,Semi,9,68,62,23011605
5408,Mumbai,Powai,14.997782,79.77946,Apartment,4115,1,1,13,Yes,Unfurnished,26,80,79,57889820
5409,Mumbai,Bandra,12.313098,78.527434,Plot,1722,5,4,17,No,Unfurnished,29,59,100,11525346
5410,Chennai,Anna Nagar,13.714771,74.836325,Villa,834,3,2,21,No,Fully,17,58,12,5715402
5411,Bengaluru,HSR Layout,15.524409,73.823334,Independent House,892,3,2,6,No,Semi,19,61,48,13129348
5412,Hyderabad,Kukatpally,16.423186,72.753463,Independent House,4938,5,4,19,No,Unfurnished,11,96,54,32279706
5413,Hyderabad,Gachibowli,13.101132,76.649606,Plot,2534,4,3,22,No,Semi,6,87,49,17281880
5414,Bengaluru,Whitefield,12.933261,72.360938,Villa,4598,1,1,4,No,Unfurnished,4,72,49,61148802
5415,Mumbai,Bandra,14.15708,77.256798,Independent House,2446,3,2,8,No,Fully,5,100,5,15089374
5416,Chennai,Adyar,15.855037,79.725603,Plot,1592,4,3,14,Yes,Semi,14,87,59,16956392
5417,Mumbai,Thane,15.304307,73.25735,Independent House,4181,5,4,19,Yes,Semi,7,85,20,18617993
5418,Bengaluru,Indiranagar,12.839742,74.223574,Independent House,712,3,2,1,No,Unfurnished,22,60,26,5352816
5419,Mumbai,Powai,16.276374,72.37409,Apartment,2757,2,1,5,Yes,Unfurnished,25,88,4,40304583
5420,Bengaluru,Indiranagar,18.850635,78.050686,Villa,4464,4,3,7,Yes,Fully,20,55,50,56277648
5421,Pune,Baner,16.352732,75.721729,Independent House,636,5,4,18,Yes,Semi,23,92,44,9492936
5422,Mumbai,Thane,13.778496,75.617251,Plot,1245,4,3,1,No,Unfurnished,30,82,76,6689385
5423,Chennai,Adyar,14.234446,72.653023,Villa,2888,4,3,2,Yes,Unfurnished,5,96,78,13634248
5424,Bengaluru,Indiranagar,14.695141,74.62524,Apartment,4089,3,2,20,Yes,Semi,19,89,78,31227693
5425,Chennai,Velachery,16.768062,74.284861,Villa,4310,4,3,3,No,Semi,27,81,42,60240870
5426,Bengaluru,HSR Layout,12.90332,79.303336,Plot,4508,5,4,24,No,Semi,2,68,15,53658724
5427,Chennai,OMR,18.318231,78.705146,Plot,3305,4,3,14,Yes,Fully,15,63,9,13933880
5428,Pune,Wakad,17.585129,77.613354,Apartment,1708,5,4,22,No,Unfurnished,23,61,69,7194096
5429,Hyderabad,Madhapur,16.290207,72.410899,Independent House,3566,5,4,1,Yes,Semi,23,84,63,19819828
5430,Chennai,Velachery,18.521519,74.42645,Apartment,2058,3,2,22,No,Semi,1,74,64,25144644
5431,Hyderabad,Banjara Hills,12.980444,75.137973,Independent House,4998,4,3,23,Yes,Fully,6,95,86,21171528
5432,Chennai,Anna Nagar,17.098036,74.37701,Apartment,1402,4,3,7,No,Semi,13,96,39,9957004
5433,Mumbai,Powai,12.7826,73.432865,Plot,1057,2,1,10,Yes,Fully,4,79,19,12202008
5434,Mumbai,Bandra,12.942632,72.377355,Plot,3079,4,3,10,No,Unfurnished,15,96,58,44556209
5435,Mumbai,Bandra,18.769144,73.968531,Independent House,2290,5,4,12,No,Unfurnished,0,67,23,25327400
5436,Hyderabad,Miyapur,17.346962,79.524148,Villa,3069,1,1,8,Yes,Semi,16,59,31,36582480
5437,Hyderabad,Banjara Hills,12.898411,78.325386,Plot,2108,3,2,10,No,Fully,22,95,49,25338160
5438,Chennai,OMR,18.83513,73.913398,Plot,4366,5,4,19,No,Fully,21,64,79,47724746
5439,Hyderabad,Miyapur,14.756791,76.032557,Independent House,1390,4,3,0,No,Semi,26,75,82,20195310
5440,Chennai,Anna Nagar,13.966218,78.936383,Villa,2357,3,2,14,No,Fully,15,52,90,23666637
5441,Bengaluru,Whitefield,14.331272,77.799434,Independent House,864,3,2,12,Yes,Semi,25,66,97,11213856
5442,Hyderabad,Kondapur,13.213998,78.093563,Apartment,4560,2,1,0,Yes,Semi,26,55,6,42426240
5443,Hyderabad,Miyapur,12.078997,75.747172,Villa,4805,2,1,24,No,Unfurnished,19,88,64,62786935
5444,Bengaluru,HSR Layout,14.758082,72.610082,Villa,2453,3,2,11,Yes,Unfurnished,15,84,7,15179164
5445,Pune,Wakad,18.679183,79.906693,Independent House,4572,2,1,21,No,Semi,15,83,83,56043576
5446,Hyderabad,Jubilee Hills,17.989527,72.502692,Independent House,1711,1,1,10,Yes,Unfurnished,19,95,81,7078407
5447,Chennai,Velachery,16.48921,76.988882,Plot,1993,3,2,9,Yes,Unfurnished,30,84,71,22518907
5448,Mumbai,Thane,15.235881,72.900332,Plot,3825,4,3,6,No,Semi,1,93,69,46890675
5449,Bengaluru,Whitefield,17.673059,72.534837,Plot,4253,5,4,12,Yes,Semi,17,75,56,58070462
5450,Hyderabad,Jubilee Hills,13.766789,72.101076,Independent House,2009,1,1,11,No,Unfurnished,20,78,41,25618768
5451,Pune,Kharadi,13.65876,79.404442,Plot,4932,5,4,8,Yes,Fully,3,54,42,43949052
5452,Pune,Wakad,18.995157,74.211181,Apartment,3318,2,1,6,No,Fully,29,96,85,29815548
5453,Pune,Hinjewadi,15.27344,76.877828,Independent House,2910,5,4,25,No,Semi,21,76,52,19945140
5454,Bengaluru,Indiranagar,14.390351,78.808309,Plot,4737,5,4,25,Yes,Fully,10,88,47,63248424
5455,Chennai,Velachery,12.124734,75.043685,Independent House,802,4,3,23,Yes,Fully,30,74,53,11417272
5456,Pune,Wakad,15.611319,74.165509,Apartment,1704,4,3,13,No,Semi,18,85,56,22656384
5457,Bengaluru,Electronic City,14.067696,76.312851,Villa,2929,2,1,23,Yes,Fully,5,55,70,21990932
5458,Chennai,Velachery,16.246167,77.857539,Villa,1142,4,3,21,No,Fully,15,56,65,12275358
5459,Chennai,Velachery,12.40016,79.199332,Independent House,727,5,4,8,No,Unfurnished,18,94,29,3284586
5460,Chennai,Velachery,15.659916,77.38639,Apartment,860,5,4,10,No,Unfurnished,29,50,37,12769280
5461,Mumbai,Thane,12.380963,76.46927,Independent House,3245,2,1,17,No,Unfurnished,2,54,41,23084930
5462,Chennai,Adyar,16.318289,78.843742,Villa,4308,1,1,5,Yes,Semi,13,71,4,33761796
5463,Pune,Baner,15.571649,79.686339,Apartment,2095,4,3,1,No,Unfurnished,29,85,91,24920025
5464,Mumbai,Andheri,15.265341,74.203246,Plot,1941,2,1,8,No,Fully,6,91,70,9893277
5465,Pune,Baner,17.699743,72.349491,Villa,1843,2,1,19,Yes,Fully,12,79,3,25857290
5466,Chennai,Adyar,18.615088,79.744083,Apartment,3000,1,1,22,Yes,Unfurnished,19,89,21,30924000
5467,Mumbai,Powai,12.61928,77.868274,Apartment,4567,5,4,2,Yes,Unfurnished,28,72,6,24853614
5468,Mumbai,Andheri,14.178477,72.829864,Villa,1730,2,1,24,Yes,Unfurnished,17,54,1,10245060
5469,Mumbai,Bandra,15.152448,77.533047,Apartment,4633,4,3,6,Yes,Semi,29,98,90,47335361
5470,Chennai,Velachery,14.40396,76.702887,Apartment,4083,4,3,12,No,Fully,22,75,58,56712870
5471,Chennai,Anna Nagar,15.039078,75.378081,Plot,4678,2,1,7,No,Fully,9,98,68,50199618
5472,Hyderabad,Kukatpally,18.827105,78.544422,Plot,2865,4,3,12,Yes,Fully,3,90,68,12820875
5473,Pune,Baner,15.246327,76.169683,Independent House,1227,4,3,2,No,Unfurnished,7,78,81,6128865
5474,Chennai,Velachery,16.974212,75.474997,Plot,1727,3,2,3,Yes,Unfurnished,21,61,38,23927585
5475,Mumbai,Bandra,13.65626,77.1572,Villa,1976,5,4,5,Yes,Fully,29,99,26,19961552
5476,Pune,Baner,14.714911,72.733965,Apartment,2024,2,1,18,No,Unfurnished,24,54,100,13332088
5477,Hyderabad,Kukatpally,17.452107,73.488965,Apartment,968,1,1,9,Yes,Fully,13,82,95,4231128
5478,Bengaluru,HSR Layout,16.958165,79.74188,Independent House,993,2,1,16,Yes,Fully,10,86,8,5233110
5479,Mumbai,Powai,16.258969,73.787102,Apartment,1505,1,1,14,Yes,Semi,6,75,28,21595245
5480,Chennai,Adyar,12.87133,75.768325,Plot,3805,4,3,5,No,Semi,0,56,21,32300645
5481,Chennai,Velachery,13.688609,75.278434,Apartment,4943,3,2,19,Yes,Semi,21,93,31,54461974
5482,Mumbai,Bandra,15.361926,76.065264,Independent House,3296,3,2,5,Yes,Semi,23,79,88,28958656
5483,Pune,Hinjewadi,14.056559,76.263284,Independent House,4626,3,2,4,No,Unfurnished,13,67,12,43965504
5484,Hyderabad,Jubilee Hills,18.990608,77.394558,Plot,1659,2,1,9,No,Fully,17,51,63,18562551
5485,Chennai,Adyar,13.445022,77.95493,Apartment,4778,4,3,6,Yes,Semi,0,56,29,34726504
5486,Hyderabad,Gachibowli,16.921707,78.905475,Independent House,4351,3,2,2,Yes,Semi,20,83,5,37161891
5487,Bengaluru,HSR Layout,16.889821,76.64296,Villa,2446,1,1,10,Yes,Unfurnished,1,91,70,13922632
5488,Bengaluru,HSR Layout,15.190424,77.417421,Plot,4826,1,1,23,Yes,Fully,6,64,22,71704708
5489,Chennai,Adyar,17.808495,74.579481,Independent House,1114,3,2,6,No,Semi,19,61,6,13664324
5490,Hyderabad,Kondapur,18.29856,72.400616,Apartment,1936,1,1,9,Yes,Unfurnished,18,82,33,19259328
5491,Hyderabad,Madhapur,16.729042,73.555532,Apartment,980,5,4,3,Yes,Fully,26,94,29,4863740
5492,Bengaluru,Indiranagar,12.688359,75.734372,Plot,3965,2,1,24,No,Semi,19,73,80,26030225
5493,Chennai,Adyar,14.017715,79.200908,Apartment,2717,4,3,20,Yes,Semi,24,83,15,32701812
5494,Mumbai,Bandra,16.924119,75.396655,Apartment,2884,3,2,9,Yes,Semi,30,71,49,39213748
5495,Pune,Baner,15.980076,78.520022,Apartment,2029,4,3,11,No,Fully,17,71,22,28002229
5496,Chennai,Anna Nagar,16.029744,74.844062,Villa,2387,1,1,4,No,Fully,18,96,96,35313278
5497,Pune,Kharadi,16.931181,79.986559,Apartment,526,1,1,23,Yes,Semi,4,62,58,7235656
5498,Hyderabad,Banjara Hills,14.314036,72.687611,Apartment,4872,4,3,8,No,Semi,14,73,36,37251312
5499,Hyderabad,Madhapur,12.825592,77.166469,Apartment,3721,2,1,16,No,Unfurnished,20,96,43,36893715
5500,Hyderabad,Miyapur,14.977355,74.271894,Apartment,4382,3,2,11,No,Unfurnished,27,74,33,25617172
5501,Pune,Hinjewadi,13.795003,75.220511,Villa,1066,2,1,11,No,Semi,23,100,67,7457736
5502,Hyderabad,Kukatpally,14.872132,76.557732,Apartment,2724,1,1,10,No,Fully,14,95,32,35779740
5503,Chennai,Velachery,16.947898,74.032167,Apartment,2722,4,3,23,Yes,Unfurnished,11,61,63,20828744
5504,Mumbai,Thane,15.519406,75.195795,Villa,1789,2,1,17,Yes,Semi,16,60,4,8011142
5505,Pune,Hinjewadi,12.352579,78.459567,Villa,1113,3,2,10,No,Fully,28,99,47,5379129
5506,Chennai,Adyar,12.551974,75.511178,Villa,933,5,4,22,Yes,Unfurnished,15,83,56,13308312
5507,Chennai,OMR,12.0723,77.60426,Villa,2714,3,2,15,Yes,Unfurnished,10,59,69,16037026
5508,Mumbai,Powai,18.359171,77.554069,Plot,2686,2,1,23,No,Unfurnished,15,60,20,18506540
5509,Pune,Hinjewadi,15.832964,72.699874,Villa,1638,3,2,4,No,Fully,8,77,74,18132660
5510,Pune,Wakad,17.949173,72.25485,Independent House,2983,2,1,13,No,Unfurnished,25,61,5,34071826
5511,Chennai,Anna Nagar,17.02049,75.966752,Apartment,3949,5,4,7,Yes,Unfurnished,5,96,22,21210079
5512,Hyderabad,Kukatpally,14.039669,77.253684,Villa,1805,1,1,21,Yes,Semi,26,91,53,11306520
5513,Bengaluru,Indiranagar,15.044498,76.528185,Independent House,1131,3,2,4,No,Unfurnished,23,66,75,4861038
5514,Pune,Kharadi,15.20825,72.256858,Villa,1986,2,1,2,Yes,Semi,29,79,85,23460618
5515,Mumbai,Powai,16.782449,72.104194,Apartment,3391,4,3,1,Yes,Fully,16,91,43,41956843
5516,Hyderabad,Banjara Hills,16.034032,74.617307,Plot,1056,1,1,23,No,Unfurnished,27,74,58,9726816
5517,Bengaluru,Indiranagar,13.001001,73.237083,Independent House,1187,5,4,9,Yes,Semi,16,59,46,9683546
5518,Bengaluru,Indiranagar,18.625841,73.531628,Apartment,3845,3,2,15,Yes,Unfurnished,3,91,21,16183605
5519,Pune,Baner,15.200599,74.828091,Villa,3180,2,1,6,No,Unfurnished,15,73,62,34448940
5520,Hyderabad,Kukatpally,17.376904,74.42327,Independent House,2932,2,1,17,Yes,Fully,5,99,16,29369844
5521,Hyderabad,Madhapur,14.263561,73.126264,Plot,4813,2,1,24,Yes,Semi,18,87,98,30745444
5522,Pune,Wakad,12.119673,72.417024,Plot,3988,4,3,9,No,Unfurnished,9,67,9,37184112
5523,Hyderabad,Kukatpally,14.814633,79.500761,Apartment,4139,2,1,24,Yes,Fully,21,97,61,34506843
5524,Chennai,Velachery,14.276576,78.13779,Plot,3011,5,4,15,No,Semi,11,100,70,35153425
5525,Hyderabad,Kondapur,15.860731,76.976874,Independent House,4216,4,3,6,Yes,Unfurnished,11,55,57,45254544
5526,Chennai,Anna Nagar,15.873456,76.720362,Independent House,1286,2,1,2,Yes,Semi,14,68,47,6862096
5527,Chennai,Adyar,18.764227,74.319393,Villa,3802,3,2,7,Yes,Semi,12,63,90,40856292
5528,Mumbai,Thane,14.618792,78.23711,Villa,1577,3,2,19,Yes,Fully,22,70,1,17977800
5529,Bengaluru,HSR Layout,18.143189,77.863661,Plot,1412,2,1,24,No,Semi,16,93,52,16102448
5530,Pune,Wakad,12.925754,72.059036,Villa,524,3,2,18,No,Fully,8,97,24,3743456
5531,Hyderabad,Gachibowli,16.295279,74.619561,Villa,4015,5,4,7,Yes,Unfurnished,3,50,88,42996635
5532,Mumbai,Bandra,15.140791,79.977456,Villa,777,3,2,10,No,Semi,7,61,63,7198128
5533,Bengaluru,Indiranagar,17.500682,76.019903,Plot,2765,4,3,21,No,Unfurnished,21,79,7,33860190
5534,Hyderabad,Gachibowli,12.503159,72.063937,Apartment,2594,3,2,8,No,Unfurnished,28,88,1,22386220
5535,Mumbai,Bandra,14.903453,72.298974,Apartment,1880,2,1,6,Yes,Fully,29,59,85,11501840
5536,Bengaluru,HSR Layout,15.465196,79.118217,Plot,1927,1,1,22,No,Fully,26,96,97,17065512
5537,Hyderabad,Kondapur,13.593156,76.227728,Independent House,1946,1,1,3,Yes,Semi,24,71,42,8453424
5538,Hyderabad,Madhapur,16.08793,73.84447,Apartment,3286,4,3,7,Yes,Unfurnished,16,99,90,19857298
5539,Chennai,OMR,13.854336,72.369254,Independent House,1644,2,1,11,Yes,Semi,16,57,67,7480200
5540,Mumbai,Thane,14.145526,76.430978,Villa,1669,5,4,13,No,Semi,22,50,81,10352807
5541,Pune,Kharadi,16.214522,79.792022,Villa,3792,2,1,20,Yes,Semi,17,95,32,21003888
5542,Chennai,Adyar,17.764249,74.395749,Apartment,4208,1,1,2,Yes,Fully,1,91,59,31926096
5543,Hyderabad,Kondapur,13.876087,77.048338,Independent House,4676,1,1,3,Yes,Semi,6,94,61,20957832
5544,Bengaluru,Indiranagar,13.288405,75.793968,Independent House,3981,3,2,14,No,Unfurnished,19,92,4,20776839
5545,Bengaluru,Electronic City,17.231911,75.530928,Independent House,4483,2,1,19,No,Fully,21,55,84,51433459
5546,Pune,Hinjewadi,16.844317,75.071198,Villa,3166,1,1,4,Yes,Semi,16,76,88,30741860
5547,Mumbai,Powai,16.09935,72.220138,Villa,3054,3,2,23,No,Unfurnished,27,79,52,19799082
5548,Bengaluru,HSR Layout,13.365167,75.390111,Apartment,1780,5,4,8,Yes,Fully,23,74,77,26609220
5549,Bengaluru,Whitefield,13.307628,77.47762,Plot,3981,1,1,10,No,Fully,11,65,53,51764943
5550,Chennai,OMR,13.175182,72.213292,Plot,4867,4,3,10,No,Semi,25,84,59,36346756
5551,Chennai,Adyar,17.004091,76.996351,Independent House,2351,3,2,13,Yes,Fully,8,65,12,22358010
5552,Mumbai,Powai,15.817305,73.150415,Independent House,878,2,1,2,No,Semi,22,63,73,11389416
5553,Mumbai,Powai,17.719238,76.87232,Villa,1276,2,1,16,Yes,Semi,4,57,24,11748132
5554,Hyderabad,Kukatpally,12.31482,73.99338,Apartment,1856,3,2,11,Yes,Fully,1,85,20,23133184
5555,Pune,Baner,16.058312,77.610724,Plot,3575,4,3,5,No,Semi,17,84,89,39042575
5556,Pune,Baner,12.834457,77.3384,Villa,4920,3,2,19,No,Fully,23,99,12,44924520
5557,Mumbai,Bandra,15.635363,76.744192,Plot,2832,1,1,6,Yes,Fully,9,78,3,19583280
5558,Hyderabad,Gachibowli,18.231824,74.734728,Villa,1431,1,1,19,No,Fully,11,53,73,6684201
5559,Mumbai,Andheri,17.793106,78.337619,Apartment,4024,3,2,14,Yes,Semi,11,89,74,19033520
5560,Hyderabad,Kondapur,16.164122,75.70768,Apartment,1742,4,3,6,Yes,Unfurnished,3,83,45,18902442
5561,Mumbai,Powai,13.708076,73.750165,Independent House,2622,5,4,10,Yes,Semi,20,62,75,25606452
5562,Bengaluru,Whitefield,12.277381,74.374236,Independent House,1286,3,2,19,No,Semi,17,67,52,10583780
5563,Chennai,Anna Nagar,14.199098,77.97267,Plot,1043,3,2,9,Yes,Fully,5,60,35,5347461
5564,Mumbai,Andheri,13.531968,73.583565,Apartment,4204,3,2,19,No,Semi,22,71,4,30672384
5565,Bengaluru,Indiranagar,14.549721,76.43908,Apartment,3811,2,1,10,No,Unfurnished,14,97,12,43304393
5566,Hyderabad,Jubilee Hills,18.939981,73.539474,Villa,1812,3,2,20,Yes,Semi,6,62,69,12910500
5567,Hyderabad,Jubilee Hills,18.383696,79.588039,Plot,4213,3,2,4,Yes,Unfurnished,30,93,25,45323454
5568,Bengaluru,Indiranagar,16.377099,74.351409,Independent House,516,4,3,4,Yes,Semi,25,97,49,5528424
5569,Bengaluru,Electronic City,18.939497,73.944451,Independent House,1013,3,2,6,Yes,Semi,13,76,10,15182844
5570,Chennai,Velachery,17.017359,72.049384,Apartment,728,3,2,8,No,Semi,27,52,63,7440888
5571,Hyderabad,Miyapur,18.069767,78.344712,Apartment,4111,2,1,1,Yes,Semi,6,55,71,45225111
5572,Pune,Hinjewadi,13.367908,75.130436,Plot,1773,5,4,1,No,Semi,3,78,94,15746013
5573,Hyderabad,Banjara Hills,18.502736,79.655747,Independent House,863,5,4,1,Yes,Unfurnished,12,69,79,6420720
5574,Chennai,OMR,16.771527,76.021785,Independent House,1863,4,3,8,No,Fully,28,95,85,7537698
5575,Mumbai,Thane,17.831393,72.540944,Apartment,4382,1,1,1,No,Unfurnished,0,88,78,25126388
5576,Chennai,Velachery,18.611226,78.220493,Apartment,4956,3,2,22,Yes,Fully,30,91,49,30588432
5577,Mumbai,Bandra,13.941996,79.870522,Plot,2385,5,4,11,No,Unfurnished,25,51,67,26328015
5578,Pune,Hinjewadi,18.246637,79.530861,Apartment,4104,4,3,5,No,Unfurnished,19,72,20,54652968
5579,Hyderabad,Banjara Hills,18.810144,75.141681,Plot,1605,2,1,24,Yes,Unfurnished,29,99,30,14586240
5580,Mumbai,Andheri,16.868276,73.691249,Independent House,3929,5,4,23,No,Semi,19,89,9,26320371
5581,Mumbai,Bandra,12.334716,72.528534,Villa,2039,4,3,12,Yes,Unfurnished,26,100,96,12541889
5582,Chennai,Adyar,16.882616,74.647213,Apartment,2853,5,4,16,Yes,Semi,17,53,43,31494267
5583,Hyderabad,Kondapur,12.071342,75.387875,Villa,630,4,3,13,No,Unfurnished,7,86,91,9032310
5584,Mumbai,Thane,17.316825,75.163019,Apartment,1598,5,4,3,No,Fully,19,82,68,15088316
5585,Bengaluru,Indiranagar,14.048881,74.235228,Independent House,4952,3,2,19,No,Semi,18,53,49,68005816
5586,Mumbai,Thane,16.790101,76.799425,Independent House,2413,4,3,22,Yes,Unfurnished,25,58,45,28034234
5587,Pune,Baner,14.706153,79.592415,Villa,3844,5,4,24,Yes,Semi,8,84,4,38447688
5588,Mumbai,Andheri,18.598313,73.18101,Plot,4395,4,3,14,No,Unfurnished,24,78,46,34588650
5589,Pune,Kharadi,12.669289,78.765834,Independent House,4214,5,4,18,Yes,Fully,4,71,58,21310198
5590,Chennai,OMR,14.69654,77.680768,Independent House,4380,3,2,12,No,Fully,18,62,94,62099640
5591,Chennai,OMR,12.27393,75.990292,Independent House,3963,1,1,14,Yes,Fully,8,62,58,32718528
5592,Pune,Baner,12.686967,72.965577,Independent House,1768,3,2,2,No,Fully,10,94,48,20065032
5593,Mumbai,Powai,15.777797,74.518208,Apartment,4342,3,2,2,Yes,Fully,11,72,13,19586762
5594,Pune,Wakad,12.696795,75.42462,Independent House,3130,4,3,7,No,Semi,1,65,94,17258820
5595,Chennai,Adyar,15.675615,78.665055,Villa,1309,2,1,10,No,Unfurnished,4,66,93,16074520
5596,Bengaluru,Indiranagar,12.179849,74.528772,Villa,588,3,2,5,No,Semi,5,51,52,6353340
5597,Bengaluru,HSR Layout,14.005688,75.031959,Plot,2148,3,2,23,No,Unfurnished,3,77,26,27855264
5598,Chennai,Adyar,14.045992,75.998403,Apartment,4374,1,1,21,Yes,Unfurnished,30,56,80,31982688
5599,Mumbai,Thane,15.908306,72.931628,Independent House,4604,2,1,4,Yes,Semi,23,68,50,30934276
5600,Chennai,OMR,14.656122,79.2342,Plot,502,5,4,19,No,Semi,19,74,79,3125954
5601,Pune,Kharadi,15.4087,76.887326,Villa,2772,3,2,23,Yes,Fully,1,73,25,11345796
5602,Bengaluru,Electronic City,18.484488,77.157021,Plot,4465,4,3,14,Yes,Fully,15,52,89,62023315
5603,Bengaluru,Electronic City,14.748445,74.852183,Plot,602,4,3,18,Yes,Semi,26,64,81,6531098
5604,Mumbai,Thane,17.170666,77.762522,Villa,1335,5,4,12,No,Semi,3,86,9,18720705
5605,Hyderabad,Jubilee Hills,14.915047,77.279449,Apartment,3663,3,2,24,No,Semi,30,97,31,49494456
5606,Pune,Baner,12.259846,76.935687,Plot,2495,1,1,11,Yes,Unfurnished,30,77,53,30898080
5607,Hyderabad,Gachibowli,15.21724,72.666171,Plot,1583,3,2,18,Yes,Unfurnished,0,75,40,11703119
5608,Pune,Wakad,12.239728,77.051133,Apartment,4043,2,1,18,Yes,Semi,27,90,22,30989595
5609,Hyderabad,Gachibowli,12.564993,76.916584,Plot,1821,4,3,15,No,Semi,30,97,46,18599694
5610,Pune,Baner,15.101765,75.72597,Plot,4487,5,4,10,Yes,Fully,17,76,60,28833462
5611,Chennai,Adyar,14.989143,75.697533,Villa,1660,1,1,2,No,Fully,27,85,12,13447660
5612,Hyderabad,Gachibowli,13.094265,72.341255,Villa,4508,1,1,11,Yes,Fully,24,89,48,26908252
5613,Hyderabad,Kondapur,16.249602,78.588744,Independent House,4404,1,1,11,Yes,Fully,22,93,77,40441932
5614,Mumbai,Thane,17.411362,74.554718,Apartment,4884,3,2,2,No,Unfurnished,26,74,25,62285652
5615,Mumbai,Thane,18.42265,74.753887,Apartment,4414,1,1,13,Yes,Unfurnished,22,64,78,49635430
5616,Bengaluru,Electronic City,18.792552,73.831098,Apartment,3808,1,1,6,No,Fully,29,65,54,45254272
5617,Mumbai,Bandra,13.967158,75.179198,Plot,2333,5,4,11,Yes,Semi,15,51,32,9898919
5618,Mumbai,Andheri,17.855379,79.212012,Apartment,510,4,3,3,Yes,Unfurnished,15,51,8,2250630
5619,Bengaluru,Electronic City,18.249325,76.199569,Villa,1020,3,2,5,Yes,Semi,20,99,96,13491540
5620,Chennai,Anna Nagar,15.4083,73.202233,Plot,4099,5,4,16,No,Semi,22,84,45,41178554
5621,Chennai,Adyar,13.113513,79.55145,Independent House,607,1,1,20,Yes,Fully,5,59,60,3403449
5622,Chennai,Velachery,17.19503,76.458036,Independent House,1565,4,3,22,Yes,Fully,29,97,57,19784730
5623,Bengaluru,Whitefield,17.889556,77.056631,Plot,664,5,4,5,Yes,Fully,16,82,80,4817320
5624,Mumbai,Andheri,17.668826,73.076293,Villa,2131,1,1,8,Yes,Semi,27,92,2,22047326
5625,Pune,Kharadi,16.584497,75.07347,Plot,2046,3,2,6,Yes,Fully,4,50,27,14761890
5626,Bengaluru,Indiranagar,16.705068,76.589571,Plot,1254,4,3,25,No,Unfurnished,8,51,45,15919530
5627,Mumbai,Bandra,12.297597,72.513916,Plot,1441,4,3,24,No,Semi,2,55,11,16006628
5628,Bengaluru,Electronic City,18.205339,73.236053,Plot,3787,5,4,2,Yes,Unfurnished,7,61,37,41698657
5629,Mumbai,Powai,17.017315,76.511017,Independent House,2717,5,4,8,Yes,Unfurnished,15,96,13,16223207
5630,Pune,Wakad,15.295227,75.799654,Independent House,3558,3,2,4,No,Unfurnished,3,61,66,37921164
5631,Chennai,OMR,14.629783,72.658592,Independent House,1633,1,1,17,No,Fully,27,66,97,21362906
5632,Mumbai,Thane,17.341566,76.931941,Villa,4367,4,3,16,No,Semi,11,100,51,28568914
5633,Chennai,Velachery,17.563519,78.701994,Independent House,3961,4,3,25,Yes,Fully,24,87,32,28903417
5634,Chennai,Anna Nagar,13.547228,78.683405,Independent House,2319,1,1,25,Yes,Fully,2,94,97,19442496
5635,Hyderabad,Madhapur,13.840241,74.198113,Independent House,2233,5,4,20,Yes,Unfurnished,23,91,14,23180773
5636,Chennai,Anna Nagar,18.81632,74.11665,Independent House,3295,3,2,9,No,Unfurnished,22,78,4,20030305
5637,Pune,Hinjewadi,12.234764,77.157337,Independent House,3039,2,1,6,Yes,Semi,17,97,3,19185207
5638,Chennai,Velachery,12.480349,73.891233,Plot,1144,2,1,16,Yes,Semi,10,77,41,12781912
5639,Bengaluru,HSR Layout,14.391363,78.468834,Independent House,3584,2,1,1,No,Semi,12,99,4,42502656
5640,Bengaluru,Electronic City,18.021013,77.088903,Villa,510,4,3,9,No,Semi,18,59,48,5694150
5641,Bengaluru,Whitefield,17.289132,75.162871,Independent House,4593,4,3,13,No,Semi,3,69,76,30717984
5642,Pune,Hinjewadi,18.972314,74.209209,Apartment,897,3,2,4,No,Semi,17,93,56,7528521
5643,Bengaluru,Electronic City,18.083328,78.150857,Plot,1739,4,3,16,No,Unfurnished,21,57,59,19238557
5644,Pune,Kharadi,18.095757,77.267484,Independent House,3479,4,3,19,Yes,Semi,23,70,36,17965556
5645,Mumbai,Thane,15.669669,77.819869,Plot,4101,2,1,15,Yes,Unfurnished,1,75,16,20193324
5646,Hyderabad,Jubilee Hills,16.376868,77.791043,Apartment,760,3,2,12,Yes,Unfurnished,2,76,34,7131080
5647,Bengaluru,Whitefield,14.715475,76.273979,Apartment,3454,5,4,15,Yes,Semi,24,78,72,42556734
5648,Mumbai,Bandra,15.278144,78.52296,Apartment,2572,3,2,7,No,Semi,22,52,95,27929348
5649,Bengaluru,Electronic City,15.504673,76.863969,Plot,4916,5,4,25,No,Semi,15,75,81,52094852
5650,Chennai,OMR,14.711694,79.012254,Independent House,4355,2,1,5,No,Fully,3,50,48,18669885
5651,Mumbai,Andheri,15.102768,72.855594,Villa,2290,2,1,6,No,Fully,19,99,69,29930300
5652,Chennai,Velachery,12.162774,73.650329,Independent House,4007,5,4,19,No,Unfurnished,15,53,81,37737926
5653,Mumbai,Bandra,13.518653,79.55442,Independent House,4725,4,3,12,No,Semi,27,90,37,41031900
5654,Hyderabad,Banjara Hills,13.800903,77.473599,Plot,533,1,1,0,No,Unfurnished,17,54,28,6073002
5655,Chennai,Adyar,12.796348,78.199095,Apartment,1993,3,2,24,Yes,Semi,8,99,20,18807941
5656,Chennai,OMR,14.820078,75.706253,Plot,4150,2,1,10,No,Semi,22,70,17,34660800
5657,Mumbai,Powai,16.946947,74.668746,Plot,2581,5,4,23,Yes,Fully,8,69,89,35447454
5658,Mumbai,Bandra,18.462448,74.856452,Villa,3805,5,4,8,No,Fully,20,98,100,40078065
5659,Hyderabad,Madhapur,18.077855,75.135068,Independent House,3768,5,4,16,Yes,Unfurnished,18,76,9,42374928
5660,Chennai,Anna Nagar,15.154065,77.292344,Villa,2601,4,3,7,Yes,Semi,11,76,21,29427714
5661,Mumbai,Powai,16.405253,76.585057,Independent House,824,1,1,1,No,Fully,8,80,8,11663720
5662,Hyderabad,Kukatpally,17.778643,76.877043,Apartment,1404,1,1,14,No,Semi,30,55,59,17145648
5663,Bengaluru,HSR Layout,16.778268,75.59171,Plot,3756,5,4,22,No,Unfurnished,3,52,63,54394392
5664,Chennai,OMR,13.219828,77.080777,Villa,2912,4,3,3,No,Fully,23,77,21,12026560
5665,Pune,Baner,12.464722,75.80353,Independent House,2108,1,1,14,Yes,Semi,12,96,64,14756000
5666,Bengaluru,HSR Layout,18.240679,78.796636,Independent House,2481,1,1,17,Yes,Unfurnished,21,60,20,22604391
5667,Mumbai,Powai,18.784855,74.94818,Independent House,4044,1,1,5,No,Unfurnished,27,93,57,39081216
5668,Mumbai,Thane,15.306185,79.918684,Independent House,819,1,1,10,No,Semi,6,96,82,11743641
5669,Hyderabad,Miyapur,16.438683,72.294187,Apartment,4615,4,3,17,Yes,Semi,14,77,62,28433015
5670,Mumbai,Bandra,15.249819,78.33133,Villa,676,5,4,14,Yes,Fully,11,60,53,8465548
5671,Mumbai,Powai,13.307336,74.403453,Villa,3630,2,1,24,Yes,Fully,7,61,34,17188050
5672,Mumbai,Andheri,16.320771,78.182012,Independent House,1824,1,1,16,No,Fully,21,87,48,16306560
5673,Hyderabad,Kondapur,14.37686,79.554667,Apartment,3712,5,4,3,Yes,Fully,27,83,94,38111104
5674,Mumbai,Powai,14.509049,79.66133,Independent House,2631,3,2,15,No,Semi,0,82,27,18419631
5675,Mumbai,Andheri,13.007989,76.879471,Plot,3494,4,3,3,Yes,Unfurnished,25,63,3,35715668
5676,Pune,Kharadi,17.949355,74.181586,Independent House,4080,3,2,8,Yes,Fully,26,66,94,46948560
5677,Pune,Hinjewadi,13.346502,73.191832,Apartment,4297,1,1,11,Yes,Unfurnished,22,90,5,18777890
5678,Hyderabad,Banjara Hills,12.562155,74.580574,Independent House,1850,3,2,12,Yes,Fully,26,60,42,9749500
5679,Mumbai,Bandra,12.469121,74.231549,Villa,4143,2,1,8,Yes,Fully,17,78,94,49036548
5680,Hyderabad,Jubilee Hills,14.260841,72.859087,Independent House,4430,2,1,15,Yes,Semi,16,65,35,56633120
5681,Bengaluru,Indiranagar,15.715949,75.925457,Apartment,928,1,1,1,No,Fully,10,78,80,4663200
5682,Bengaluru,HSR Layout,13.098303,79.958716,Villa,2319,1,1,23,Yes,Semi,15,54,93,13981251
5683,Chennai,Anna Nagar,13.149185,72.201239,Independent House,2899,4,3,4,No,Semi,17,64,47,31877404
5684,Chennai,OMR,17.501924,77.273819,Plot,579,2,1,4,Yes,Unfurnished,8,96,11,7796235
5685,Hyderabad,Kukatpally,14.176582,79.794958,Villa,2516,4,3,7,Yes,Semi,22,70,65,18960576
5686,Bengaluru,Electronic City,14.245653,73.739375,Independent House,4306,5,4,22,No,Unfurnished,2,60,38,44369024
5687,Hyderabad,Kondapur,12.583082,77.18501,Independent House,4463,2,1,6,No,Semi,13,73,74,31388279
5688,Hyderabad,Miyapur,16.994742,78.823886,Independent House,1673,5,4,3,Yes,Fully,24,96,31,19219424
5689,Hyderabad,Kondapur,18.863023,79.589741,Villa,3774,2,1,1,Yes,Unfurnished,21,83,50,16801848
5690,Chennai,Anna Nagar,13.549123,76.862423,Villa,4373,4,3,24,No,Fully,0,84,72,26902696
5691,Hyderabad,Kukatpally,15.574749,73.684747,Plot,603,4,3,6,Yes,Semi,26,67,54,4467024
5692,Hyderabad,Jubilee Hills,14.199912,79.08225,Plot,4872,2,1,13,Yes,Semi,21,50,22,22562232
5693,Mumbai,Powai,17.042325,79.45316,Plot,1601,4,3,9,Yes,Unfurnished,17,69,11,23598740
5694,Hyderabad,Miyapur,14.335298,72.28263,Plot,4635,5,4,21,Yes,Unfurnished,23,83,16,26085780
5695,Chennai,Adyar,18.502469,78.199571,Plot,4866,1,1,7,No,Fully,19,59,83,40626234
5696,Mumbai,Thane,12.495534,77.768233,Apartment,4012,2,1,24,No,Fully,2,67,99,44304516
5697,Hyderabad,Kukatpally,12.029383,78.471112,Plot,2397,2,1,10,Yes,Unfurnished,23,68,95,20762814
5698,Mumbai,Thane,15.060996,72.055565,Plot,1987,3,2,15,Yes,Unfurnished,10,82,4,24726228
5699,Chennai,OMR,13.982423,77.571518,Villa,898,5,4,21,No,Unfurnished,14,80,29,8217598
5700,Chennai,OMR,17.45622,79.289022,Apartment,4488,4,3,18,No,Semi,9,96,49,64672080
5701,Bengaluru,HSR Layout,15.292624,73.661329,Apartment,1771,1,1,23,No,Unfurnished,23,65,50,20602043
5702,Chennai,Adyar,15.506959,76.358358,Apartment,1844,3,2,1,Yes,Unfurnished,25,96,89,14881080
5703,Hyderabad,Kondapur,17.84464,72.631154,Plot,4011,2,1,20,No,Fully,19,62,61,34173720
5704,Mumbai,Bandra,16.200514,77.975106,Independent House,4273,1,1,8,No,Unfurnished,9,82,8,32615809
5705,Chennai,Velachery,15.811554,74.577041,Villa,1167,3,2,9,No,Fully,18,98,61,5782485
5706,Bengaluru,Whitefield,12.959384,79.439059,Independent House,1544,5,4,0,Yes,Semi,16,66,42,11810056
5707,Pune,Hinjewadi,13.191328,72.99703,Villa,4975,1,1,7,No,Fully,0,98,48,41053700
5708,Pune,Wakad,17.637131,79.868694,Apartment,893,5,4,17,No,Semi,22,92,51,4447140
5709,Bengaluru,HSR Layout,14.539594,79.393253,Plot,518,3,2,8,No,Semi,21,95,57,6119652
5710,Mumbai,Thane,15.719073,72.520461,Apartment,3949,1,1,13,Yes,Fully,4,78,13,40623363
5711,Hyderabad,Jubilee Hills,15.899071,73.060931,Independent House,3040,1,1,3,No,Unfurnished,11,91,3,25496480
5712,Mumbai,Andheri,15.793649,76.455049,Villa,564,2,1,8,Yes,Unfurnished,10,59,77,6235584
5713,Bengaluru,Whitefield,15.266299,76.31277,Villa,3437,2,1,23,Yes,Unfurnished,3,56,40,20092702
5714,Chennai,Velachery,12.723872,74.208107,Apartment,2926,5,4,8,No,Unfurnished,5,88,16,17128804
5715,Bengaluru,Whitefield,18.220725,78.609509,Plot,2671,4,3,8,Yes,Semi,22,52,12,16696421
5716,Mumbai,Andheri,17.608502,73.071137,Independent House,2165,3,2,7,Yes,Unfurnished,19,70,94,10870465
5717,Chennai,Adyar,15.473299,72.311598,Villa,3512,4,3,5,Yes,Semi,15,68,2,41374872
5718,Mumbai,Andheri,12.928043,79.748524,Villa,1460,1,1,17,Yes,Fully,10,88,98,15868740
5719,Mumbai,Thane,17.135638,78.718129,Apartment,2042,3,2,21,Yes,Fully,27,87,44,15315000
5720,Pune,Baner,17.827275,77.402893,Independent House,1578,5,4,6,Yes,Fully,20,85,94,7291938
5721,Pune,Baner,12.759922,73.107034,Apartment,2194,2,1,9,No,Unfurnished,16,80,3,10063878
5722,Pune,Hinjewadi,15.476234,79.888505,Villa,2763,5,4,18,Yes,Fully,28,78,55,26671239
5723,Chennai,Velachery,13.195117,74.46286,Plot,1138,4,3,20,No,Fully,2,69,15,5828836
5724,Pune,Kharadi,15.975265,79.496219,Apartment,2545,4,3,9,Yes,Fully,23,98,9,22994075
5725,Chennai,OMR,12.338401,76.810521,Independent House,580,1,1,5,No,Fully,29,79,97,7400800
5726,Bengaluru,Indiranagar,18.912423,76.163832,Villa,3964,5,4,15,Yes,Semi,28,94,70,45054824
5727,Hyderabad,Madhapur,17.880981,73.859374,Plot,1251,3,2,4,No,Semi,0,85,26,5892210
5728,Bengaluru,Electronic City,18.253787,72.738209,Villa,879,4,3,21,No,Unfurnished,18,90,95,11655540
5729,Chennai,OMR,13.882806,72.333387,Apartment,2304,3,2,6,Yes,Fully,30,98,90,12427776
5730,Mumbai,Andheri,13.1123,73.168228,Plot,2038,1,1,16,Yes,Unfurnished,28,85,95,26954588
5731,Bengaluru,Whitefield,13.567396,74.268615,Villa,2746,1,1,14,Yes,Fully,18,68,89,17220166
5732,Hyderabad,Jubilee Hills,16.985591,74.503942,Plot,978,3,2,16,No,Fully,4,73,63,5580468
5733,Hyderabad,Kukatpally,15.568559,74.107519,Villa,536,2,1,20,No,Fully,29,69,44,2698760
5734,Pune,Kharadi,16.687609,77.893773,Villa,1909,2,1,6,Yes,Unfurnished,15,82,23,21392254
5735,Mumbai,Thane,14.044064,73.412087,Villa,3149,5,4,22,Yes,Unfurnished,0,87,49,19882786
5736,Chennai,OMR,17.97695,74.652944,Villa,3120,5,4,1,No,Unfurnished,18,57,88,23771280
5737,Hyderabad,Gachibowli,13.854928,74.126698,Plot,3265,2,1,13,Yes,Fully,30,82,78,34772250
5738,Pune,Wakad,13.657805,75.781275,Villa,4271,5,4,1,No,Semi,22,53,56,30127634
5739,Pune,Hinjewadi,14.781461,77.847769,Plot,4521,1,1,16,No,Fully,4,78,24,57864279
5740,Chennai,Velachery,18.022586,77.079779,Independent House,3458,4,3,6,Yes,Fully,12,81,28,30589468
5741,Mumbai,Powai,16.899855,72.052986,Villa,872,3,2,3,Yes,Fully,9,64,64,6869616
5742,Pune,Kharadi,16.044886,75.664629,Apartment,3965,3,2,15,No,Fully,5,65,45,23678980
5743,Mumbai,Powai,13.443706,73.313765,Villa,3812,4,3,9,Yes,Semi,10,79,21,47329792
5744,Mumbai,Andheri,14.299614,73.482834,Apartment,619,5,4,16,No,Fully,7,50,52,5931877
5745,Pune,Hinjewadi,16.887962,79.112476,Villa,944,2,1,15,No,Fully,28,89,59,10684192
5746,Mumbai,Thane,12.13002,72.884081,Plot,949,5,4,6,Yes,Fully,14,76,3,5510843
5747,Hyderabad,Jubilee Hills,16.755767,74.783773,Plot,4974,2,1,21,Yes,Unfurnished,8,80,97,44397924
5748,Mumbai,Bandra,18.148177,76.810676,Villa,1963,5,4,19,No,Fully,9,89,1,24470758
5749,Hyderabad,Gachibowli,13.884544,77.896471,Villa,1164,1,1,20,Yes,Unfurnished,9,55,60,6761676
5750,Mumbai,Thane,15.834565,72.374704,Villa,2499,4,3,12,Yes,Fully,23,92,79,24697617
5751,Pune,Kharadi,16.699105,75.140457,Villa,4441,3,2,25,Yes,Unfurnished,18,63,11,58390268
5752,Bengaluru,Electronic City,12.55556,73.106542,Villa,2597,4,3,2,Yes,Unfurnished,22,94,17,35674989
5753,Mumbai,Powai,18.148915,75.522499,Apartment,3215,5,4,23,Yes,Semi,29,78,87,44974635
5754,Hyderabad,Jubilee Hills,15.660851,78.712936,Villa,4651,4,3,9,Yes,Unfurnished,25,63,6,54067875
5755,Chennai,Velachery,14.97857,72.183279,Apartment,3785,4,3,10,Yes,Fully,16,96,99,22460190
5756,Hyderabad,Gachibowli,13.785487,77.348657,Independent House,4148,2,1,20,No,Fully,30,84,90,59349584
5757,Pune,Kharadi,15.622281,74.456643,Villa,1215,3,2,23,No,Semi,4,91,25,4977855
5758,Bengaluru,Indiranagar,17.988984,74.541584,Villa,1509,2,1,2,Yes,Fully,1,98,37,16927962
5759,Bengaluru,Electronic City,14.656479,72.469454,Apartment,4165,4,3,3,No,Unfurnished,7,72,50,29746430
5760,Hyderabad,Kondapur,15.608457,74.795726,Apartment,4905,5,4,23,Yes,Unfurnished,0,97,8,63225450
5761,Pune,Baner,18.102965,74.927227,Villa,3387,3,2,24,Yes,Semi,2,78,72,42682974
5762,Mumbai,Andheri,12.261028,74.185537,Villa,540,3,2,16,Yes,Semi,28,64,60,4286520
5763,Mumbai,Powai,17.195787,75.45693,Plot,4016,1,1,10,Yes,Semi,20,70,19,39971248
5764,Mumbai,Powai,17.405444,75.907546,Apartment,3608,4,3,22,No,Fully,28,72,61,52720096
5765,Pune,Kharadi,17.455372,78.266219,Apartment,3226,1,1,12,Yes,Unfurnished,8,77,47,47318968
5766,Bengaluru,Electronic City,18.685525,73.698055,Apartment,3644,2,1,10,No,Unfurnished,23,61,48,15501576
5767,Chennai,Anna Nagar,16.70833,79.252709,Apartment,4513,5,4,2,No,Semi,18,91,21,18954600
5768,Hyderabad,Gachibowli,12.084789,74.77611,Apartment,1851,3,2,5,Yes,Unfurnished,10,58,8,12436869
5769,Chennai,Velachery,17.760763,77.365959,Plot,926,5,4,17,No,Unfurnished,3,82,99,6677386
5770,Bengaluru,Whitefield,18.099424,78.323063,Independent House,2191,2,1,19,No,Fully,7,62,14,11011966
5771,Hyderabad,Kondapur,12.551098,76.386195,Apartment,2754,2,1,7,No,Unfurnished,3,84,4,29407212
5772,Chennai,Adyar,12.622617,76.480392,Plot,2595,1,1,14,Yes,Semi,9,59,53,16083810
5773,Bengaluru,HSR Layout,14.781517,78.723603,Plot,1809,5,4,9,No,Fully,21,50,2,23802822
5774,Bengaluru,Indiranagar,15.723696,76.426215,Villa,1935,3,2,12,No,Unfurnished,19,69,17,22442130
5775,Hyderabad,Madhapur,17.294114,72.231426,Plot,4137,3,2,14,No,Unfurnished,17,58,68,56767914
5776,Bengaluru,Whitefield,18.575643,77.919594,Plot,3921,4,3,24,No,Semi,19,97,63,30344619
5777,Chennai,Adyar,13.533883,75.623238,Apartment,3232,5,4,7,No,Semi,16,70,47,33105376
5778,Hyderabad,Kondapur,15.057342,79.535262,Apartment,2573,3,2,15,Yes,Fully,0,66,8,14732998
5779,Mumbai,Thane,17.830772,74.520626,Apartment,4877,1,1,1,Yes,Unfurnished,20,68,92,68970534
5780,Mumbai,Thane,12.682465,74.64706,Villa,2286,3,2,9,Yes,Semi,13,55,74,23468076
5781,Chennai,Adyar,16.03931,79.356941,Plot,1222,3,2,3,No,Fully,9,62,54,14766648
5782,Bengaluru,HSR Layout,15.283196,78.57556,Apartment,4489,5,4,6,Yes,Fully,16,96,8,40975592
5783,Chennai,Velachery,16.243158,77.986914,Plot,2007,5,4,15,No,Semi,5,94,72,13820202
5784,Mumbai,Bandra,14.977432,76.335816,Independent House,1530,4,3,6,Yes,Fully,2,61,93,10130130
5785,Chennai,OMR,15.323486,76.076358,Independent House,2292,3,2,3,Yes,Semi,12,97,37,18709596
5786,Hyderabad,Banjara Hills,17.639074,74.082212,Apartment,4974,2,1,13,Yes,Fully,6,62,66,71396796
5787,Hyderabad,Banjara Hills,17.333331,77.250629,Plot,3995,3,2,8,Yes,Unfurnished,21,64,65,26634665
5788,Hyderabad,Jubilee Hills,17.700964,78.349594,Independent House,1020,5,4,14,No,Unfurnished,28,61,59,7299120
5789,Pune,Wakad,14.642989,74.780963,Independent House,1932,5,4,21,Yes,Fully,20,82,62,13597416
5790,Hyderabad,Gachibowli,17.756188,74.795552,Independent House,1521,3,2,12,Yes,Semi,2,99,81,12193857
5791,Chennai,Velachery,14.83607,75.259254,Apartment,3054,4,3,22,No,Fully,18,89,31,12851232
5792,Bengaluru,HSR Layout,13.053311,79.615894,Villa,2718,3,2,15,Yes,Fully,19,61,96,17753976
5793,Chennai,OMR,18.464859,76.429768,Independent House,2934,1,1,21,Yes,Unfurnished,3,79,96,40225140
5794,Pune,Hinjewadi,15.368291,74.705049,Independent House,3953,1,1,6,Yes,Semi,9,83,81,37308414
5795,Pune,Baner,17.754325,72.252702,Apartment,3589,4,3,1,Yes,Semi,2,94,98,35663893
5796,Chennai,Anna Nagar,14.278614,75.337464,Independent House,3666,3,2,19,No,Fully,28,55,14,14858298
5797,Bengaluru,HSR Layout,14.911188,76.194054,Plot,1346,4,3,18,No,Semi,24,82,29,9485262
5798,Pune,Baner,14.09058,76.993102,Villa,3390,3,2,12,Yes,Fully,14,72,15,34747500
5799,Hyderabad,Kondapur,14.439268,73.11585,Plot,1565,5,4,23,Yes,Fully,18,91,67,21967905
5800,Bengaluru,Indiranagar,18.431994,77.996229,Apartment,3462,5,4,22,Yes,Unfurnished,20,61,76,33879132
5801,Chennai,OMR,15.18371,73.905888,Plot,3293,1,1,16,No,Fully,11,85,95,17192753
5802,Bengaluru,Whitefield,16.154381,72.69411,Apartment,4364,1,1,21,Yes,Fully,9,98,77,17726568
5803,Mumbai,Bandra,16.044865,76.277224,Independent House,4987,2,1,23,No,Fully,16,99,22,44528923
5804,Bengaluru,HSR Layout,18.951137,79.206633,Plot,924,5,4,20,No,Unfurnished,24,83,7,7984284
5805,Mumbai,Bandra,18.543216,75.623691,Villa,2213,3,2,22,Yes,Fully,2,78,44,14324749
5806,Bengaluru,Electronic City,16.086927,75.754135,Independent House,566,1,1,15,No,Unfurnished,11,69,33,7769482
5807,Hyderabad,Kondapur,18.373219,78.674204,Villa,2361,5,4,18,Yes,Fully,24,85,55,33658416
5808,Chennai,Velachery,17.856057,74.016062,Villa,2723,5,4,9,Yes,Semi,28,52,96,22489257
5809,Pune,Hinjewadi,16.276501,79.807596,Villa,1848,1,1,9,No,Unfurnished,19,64,31,15748656
5810,Chennai,Anna Nagar,15.270046,78.447691,Villa,2638,3,2,6,No,Unfurnished,20,75,64,25245660
5811,Mumbai,Powai,17.560285,78.134197,Plot,1478,4,3,19,No,Fully,10,69,49,22044370
5812,Chennai,Anna Nagar,13.493299,75.853926,Independent House,4386,4,3,1,Yes,Unfurnished,15,85,71,57741690
5813,Bengaluru,HSR Layout,15.611681,79.194498,Independent House,4994,4,3,6,No,Fully,7,86,73,38463788
5814,Chennai,Adyar,15.886064,73.333584,Villa,1532,2,1,12,No,Fully,7,68,26,19361416
5815,Mumbai,Bandra,13.43915,73.250453,Plot,1675,5,4,21,Yes,Unfurnished,3,65,98,14654575
5816,Pune,Hinjewadi,17.784588,76.301115,Apartment,4554,5,4,21,Yes,Semi,12,98,48,30466260
5817,Chennai,Adyar,13.432907,72.591391,Apartment,3185,2,1,18,Yes,Fully,15,62,94,20403110
5818,Hyderabad,Kukatpally,18.034665,77.304527,Apartment,988,1,1,0,No,Unfurnished,21,93,30,8150012
5819,Hyderabad,Miyapur,14.507176,73.46294,Apartment,3229,2,1,9,Yes,Semi,26,59,84,19438580
5820,Hyderabad,Jubilee Hills,14.480238,73.641169,Independent House,4222,5,4,23,No,Unfurnished,7,69,34,48151910
5821,Chennai,Adyar,15.970581,76.832924,Apartment,2500,4,3,3,No,Fully,10,55,27,37282500
5822,Mumbai,Thane,14.096897,79.18851,Apartment,2627,4,3,3,No,Semi,19,90,5,23322506
5823,Pune,Hinjewadi,14.714327,76.377385,Independent House,3226,3,2,16,Yes,Unfurnished,8,62,53,17959142
5824,Hyderabad,Madhapur,14.628372,79.115226,Villa,2850,4,3,0,Yes,Unfurnished,0,80,36,16182300
5825,Chennai,Adyar,17.53272,74.664777,Plot,3176,1,1,22,Yes,Unfurnished,2,99,60,43997128
5826,Hyderabad,Gachibowli,16.513339,77.3934,Independent House,3110,5,4,12,No,Fully,9,100,65,16613620
5827,Mumbai,Thane,16.663266,72.167707,Plot,1092,5,4,3,Yes,Unfurnished,15,80,15,9636900
5828,Mumbai,Powai,18.472609,76.697975,Apartment,4221,3,2,6,Yes,Fully,19,75,68,54594414
5829,Bengaluru,Whitefield,18.709579,75.777535,Independent House,2998,3,2,10,No,Unfurnished,3,74,7,27998322
5830,Hyderabad,Jubilee Hills,17.348707,72.285376,Independent House,4501,3,2,1,No,Fully,1,75,45,40797064
5831,Chennai,OMR,15.211482,73.041338,Villa,2941,4,3,25,Yes,Unfurnished,0,53,98,32315708
5832,Hyderabad,Kukatpally,12.829586,78.457431,Villa,2697,4,3,20,Yes,Unfurnished,8,83,64,22727619
5833,Hyderabad,Gachibowli,15.108854,73.827349,Villa,2314,1,1,16,No,Fully,22,96,20,18685550
5834,Pune,Hinjewadi,15.369565,78.5074,Plot,2547,3,2,19,No,Semi,3,55,17,13850586
5835,Bengaluru,HSR Layout,17.923414,73.020187,Plot,1360,5,4,24,No,Fully,14,75,19,7304560
5836,Pune,Kharadi,17.600926,78.699462,Plot,783,1,1,9,Yes,Semi,15,62,39,5213214
5837,Mumbai,Bandra,13.482567,79.609799,Independent House,1174,4,3,16,Yes,Unfurnished,1,53,30,5190254
5838,Mumbai,Thane,16.225341,73.500683,Plot,1658,4,3,9,Yes,Semi,30,90,68,11725376
5839,Chennai,OMR,17.861387,74.543346,Plot,742,4,3,13,No,Fully,28,97,34,3535630
5840,Pune,Hinjewadi,12.383091,72.212436,Apartment,3301,1,1,7,Yes,Fully,17,55,4,44296119
5841,Pune,Hinjewadi,15.402525,72.228662,Villa,935,4,3,16,Yes,Unfurnished,14,98,43,3797970
5842,Chennai,Anna Nagar,17.971855,78.683958,Villa,1037,5,4,6,No,Fully,13,63,19,11625807
5843,Mumbai,Powai,15.445613,75.284713,Independent House,2980,3,2,24,Yes,Fully,9,76,12,19870640
5844,Pune,Wakad,15.227954,73.014079,Plot,1519,4,3,16,No,Fully,30,88,24,17031028
5845,Pune,Wakad,18.683975,72.412677,Villa,2861,5,4,19,No,Semi,28,55,79,31007518
5846,Hyderabad,Gachibowli,18.983524,73.323212,Apartment,4095,5,4,14,No,Semi,11,90,18,48714120
5847,Bengaluru,Electronic City,12.17879,79.083652,Independent House,653,1,1,5,No,Semi,27,61,1,3995054
5848,Bengaluru,Indiranagar,14.586987,75.056505,Apartment,3941,2,1,1,Yes,Semi,19,83,52,38282874
5849,Chennai,OMR,15.612333,75.400146,Apartment,2461,3,2,12,Yes,Fully,17,77,32,27592732
5850,Mumbai,Powai,15.800347,79.46772,Independent House,1732,4,3,21,Yes,Fully,8,57,25,7101200
5851,Mumbai,Powai,17.669512,75.340423,Villa,2342,4,3,21,Yes,Semi,1,78,51,24373194
5852,Hyderabad,Gachibowli,16.140638,77.103838,Apartment,3657,5,4,12,Yes,Unfurnished,21,70,40,17034306
5853,Bengaluru,Electronic City,16.529809,74.21832,Plot,3045,2,1,0,No,Fully,9,63,33,41652555
5854,Pune,Kharadi,12.371008,76.399536,Independent House,3019,1,1,15,Yes,Semi,0,100,37,17332079
5855,Bengaluru,HSR Layout,18.636287,72.683115,Independent House,2124,4,3,14,No,Fully,21,60,10,21528864
5856,Chennai,Anna Nagar,17.995105,74.215626,Apartment,805,2,1,6,Yes,Unfurnished,3,90,9,9076375
5857,Mumbai,Andheri,16.764545,75.198503,Plot,990,2,1,3,No,Fully,11,85,64,9514890
5858,Pune,Hinjewadi,18.927943,77.20259,Apartment,1627,4,3,8,Yes,Unfurnished,0,94,91,20469287
5859,Pune,Baner,14.247635,77.07363,Independent House,1268,1,1,25,No,Unfurnished,7,80,100,16737600
5860,Mumbai,Bandra,18.653769,77.774454,Independent House,666,2,1,3,Yes,Semi,0,94,72,7405254
5861,Chennai,Adyar,18.895376,78.238325,Villa,3721,2,1,21,Yes,Unfurnished,28,72,66,41775667
5862,Chennai,OMR,12.829122,77.857262,Plot,2433,3,2,8,No,Unfurnished,23,60,74,36171411
5863,Hyderabad,Miyapur,12.265327,76.851681,Independent House,690,2,1,20,Yes,Fully,13,79,78,4072380
5864,Pune,Baner,12.375118,79.283099,Plot,671,2,1,16,Yes,Fully,25,78,47,9648980
5865,Pune,Hinjewadi,14.545989,74.854007,Villa,2334,3,2,5,Yes,Semi,15,60,27,22861530
5866,Pune,Wakad,16.39163,76.382835,Apartment,1761,5,4,18,Yes,Semi,30,81,46,16567488
5867,Hyderabad,Banjara Hills,14.573142,77.724945,Apartment,4263,1,1,11,No,Unfurnished,15,54,81,20453874
5868,Pune,Wakad,12.074773,77.902258,Plot,2279,1,1,16,Yes,Semi,5,61,15,30420092
5869,Hyderabad,Banjara Hills,16.612933,72.760489,Plot,2086,1,1,8,Yes,Fully,1,91,66,16875740
5870,Bengaluru,Whitefield,16.378423,78.04773,Villa,2971,5,4,25,Yes,Semi,17,58,24,37553440
5871,Hyderabad,Kondapur,18.957016,75.05813,Apartment,2650,3,2,10,No,Fully,30,98,18,12364900
5872,Mumbai,Bandra,16.110664,79.814749,Plot,2056,5,4,0,Yes,Fully,3,68,59,11961808
5873,Hyderabad,Kukatpally,12.363556,72.687907,Apartment,3371,4,3,2,No,Unfurnished,17,74,40,39899156
5874,Chennai,Adyar,12.846891,76.554417,Apartment,1970,2,1,21,Yes,Semi,16,55,25,8321280
5875,Pune,Baner,15.680368,79.069602,Plot,2846,3,2,8,No,Unfurnished,28,73,36,17266682
5876,Pune,Wakad,14.934269,74.099748,Villa,1563,5,4,0,Yes,Unfurnished,22,52,73,22693197
5877,Chennai,Velachery,16.471329,72.429461,Independent House,4982,2,1,21,No,Semi,26,57,83,74087322
5878,Mumbai,Bandra,13.919576,78.417261,Independent House,4915,2,1,18,No,Unfurnished,22,60,26,23596915
5879,Pune,Baner,14.156475,79.390063,Plot,2337,3,2,10,No,Fully,14,98,96,20231409
5880,Mumbai,Thane,16.883545,75.073473,Independent House,2576,5,4,3,No,Fully,21,75,91,31504480
5881,Mumbai,Bandra,15.011978,74.873476,Plot,3552,3,2,18,Yes,Semi,7,100,34,35427648
5882,Mumbai,Powai,16.019345,78.8883,Plot,2646,1,1,10,Yes,Fully,14,51,91,20019636
5883,Mumbai,Andheri,13.986651,75.511559,Plot,4060,4,3,21,No,Fully,15,50,87,23929640
5884,Bengaluru,Indiranagar,17.919426,74.185634,Villa,3834,2,1,24,Yes,Fully,5,69,41,17114976
5885,Bengaluru,HSR Layout,14.956909,79.55752,Apartment,3877,2,1,9,Yes,Unfurnished,17,86,13,30190199
5886,Chennai,Velachery,16.71416,77.884555,Plot,2479,3,2,24,No,Semi,9,97,5,31808049
5887,Mumbai,Powai,18.426505,77.042307,Apartment,1271,3,2,15,Yes,Unfurnished,20,79,24,5165344
5888,Mumbai,Thane,18.284222,73.813412,Independent House,3500,4,3,20,Yes,Fully,22,54,98,40064500
5889,Hyderabad,Jubilee Hills,12.88017,75.134154,Independent House,2370,1,1,2,No,Semi,8,82,20,9842610
5890,Mumbai,Bandra,16.123525,74.514909,Plot,4163,2,1,25,Yes,Fully,19,96,30,29861199
5891,Chennai,Velachery,12.63261,73.723225,Villa,2524,5,4,11,Yes,Semi,9,91,41,32983632
5892,Pune,Hinjewadi,16.635055,74.872937,Plot,3185,2,1,4,Yes,Fully,13,58,80,19262880
5893,Bengaluru,Electronic City,17.275387,73.198767,Villa,2545,2,1,23,No,Semi,21,51,35,21316920
5894,Pune,Baner,16.748085,75.778374,Independent House,2063,2,1,22,No,Semi,16,71,24,14911364
5895,Hyderabad,Madhapur,16.531084,75.981166,Villa,2456,2,1,7,No,Unfurnished,22,96,9,29155176
5896,Hyderabad,Miyapur,18.944753,77.778462,Villa,1777,5,4,8,Yes,Semi,27,75,75,9236846
5897,Mumbai,Bandra,16.758894,79.81966,Apartment,565,2,1,21,Yes,Unfurnished,4,52,83,3420510
5898,Bengaluru,Electronic City,18.291121,77.27727,Independent House,4772,1,1,4,Yes,Unfurnished,5,64,78,35341432
5899,Mumbai,Thane,12.098742,75.881748,Independent House,2762,5,4,14,Yes,Semi,29,51,41,26509676
5900,Pune,Hinjewadi,18.990767,74.239763,Villa,3341,1,1,1,No,Unfurnished,20,97,45,15291757
5901,Mumbai,Bandra,18.07435,77.850148,Plot,2460,4,3,23,Yes,Semi,22,73,23,27807840
5902,Mumbai,Bandra,13.084135,72.950541,Apartment,1584,4,3,5,No,Unfurnished,19,77,27,13180464
5903,Chennai,Adyar,17.516065,76.211749,Apartment,1694,4,3,10,Yes,Semi,4,60,61,8752898
5904,Mumbai,Andheri,15.02607,73.980031,Villa,2567,3,2,16,No,Semi,9,52,61,20797834
5905,Hyderabad,Miyapur,14.372565,78.139264,Plot,1577,5,4,20,Yes,Semi,2,74,41,22440710
5906,Hyderabad,Madhapur,12.943807,72.20334,Independent House,2650,5,4,12,No,Unfurnished,17,60,71,33000450
5907,Hyderabad,Banjara Hills,16.540743,72.801215,Plot,2996,4,3,20,Yes,Unfurnished,20,89,83,25421060
5908,Bengaluru,Electronic City,18.249746,76.747433,Apartment,4221,2,1,0,No,Fully,18,72,87,61757451
5909,Pune,Kharadi,12.956106,76.53358,Plot,3831,4,3,10,Yes,Unfurnished,6,72,13,16124679
5910,Mumbai,Powai,12.754172,73.463566,Apartment,1638,4,3,20,No,Unfurnished,21,67,87,17559360
5911,Pune,Kharadi,14.381103,77.29302,Plot,3792,1,1,5,No,Fully,9,52,81,55799280
5912,Hyderabad,Gachibowli,18.245041,75.147858,Independent House,4806,1,1,11,Yes,Fully,28,77,3,66202650
5913,Chennai,Anna Nagar,12.619625,79.109151,Apartment,2486,2,1,13,Yes,Unfurnished,25,59,99,35962476
5914,Mumbai,Thane,14.379426,79.706708,Independent House,1147,1,1,16,No,Unfurnished,9,94,24,8253812
5915,Bengaluru,Indiranagar,13.687506,75.508813,Independent House,1112,4,3,13,No,Fully,9,78,34,7836264
5916,Chennai,Anna Nagar,17.511969,77.94021,Independent House,2408,1,1,7,No,Unfurnished,19,83,18,25416440
5917,Mumbai,Andheri,18.238839,73.704216,Plot,1676,1,1,8,No,Semi,16,66,3,10719696
5918,Hyderabad,Kondapur,17.565101,73.292873,Villa,3370,3,2,2,Yes,Fully,23,68,63,20344690
5919,Pune,Hinjewadi,16.347742,76.874898,Villa,4180,3,2,14,Yes,Fully,1,83,28,48090900
5920,Chennai,Adyar,15.710044,78.873207,Plot,3368,2,1,6,Yes,Fully,0,96,58,25630480
5921,Mumbai,Thane,14.761648,76.715851,Independent House,3640,4,3,19,No,Semi,30,98,88,52052000
5922,Hyderabad,Gachibowli,18.971393,77.563677,Plot,899,1,1,14,No,Unfurnished,11,62,50,11588110
5923,Bengaluru,HSR Layout,12.572337,76.002445,Apartment,3662,5,4,5,No,Semi,2,56,68,24894276
5924,Bengaluru,Indiranagar,16.51662,77.308211,Independent House,842,3,2,0,Yes,Semi,13,85,49,7676514
5925,Bengaluru,Whitefield,14.055826,76.271564,Independent House,2412,5,4,24,No,Fully,0,96,5,14886864
5926,Pune,Wakad,13.645439,72.744211,Plot,1904,2,1,17,No,Fully,2,75,38,28283920
5927,Pune,Baner,16.744142,75.599641,Villa,2106,1,1,18,Yes,Fully,24,71,18,20101770
5928,Chennai,Anna Nagar,17.593639,73.091492,Apartment,782,3,2,5,Yes,Fully,21,81,69,6322470
5929,Chennai,Velachery,12.397007,72.112433,Independent House,893,3,2,4,No,Semi,29,69,87,6669817
5930,Mumbai,Powai,12.606259,77.515271,Independent House,4884,5,4,19,Yes,Unfurnished,18,59,16,68849748
5931,Chennai,Velachery,18.203116,75.343485,Independent House,587,2,1,15,Yes,Fully,25,92,98,5193189
5932,Mumbai,Powai,17.70713,78.362728,Apartment,3617,3,2,10,No,Fully,9,98,10,36470211
5933,Hyderabad,Gachibowli,18.645511,75.551388,Plot,3897,3,2,9,No,Unfurnished,6,60,75,40563873
5934,Bengaluru,Indiranagar,15.928123,78.983828,Villa,2090,3,2,12,No,Fully,26,73,91,21499830
5935,Bengaluru,Whitefield,17.244191,78.814504,Apartment,1038,2,1,5,Yes,Fully,17,94,77,8584260
5936,Mumbai,Thane,15.412093,76.553467,Villa,4579,2,1,18,No,Semi,25,51,98,28266167
5937,Pune,Baner,15.751157,76.345489,Apartment,4261,3,2,20,Yes,Fully,28,78,3,27338576
5938,Mumbai,Thane,17.297529,77.087872,Independent House,3263,3,2,16,No,Fully,24,71,72,38598027
5939,Chennai,Adyar,16.806541,78.069355,Apartment,2805,3,2,24,Yes,Unfurnished,17,80,7,32117250
5940,Hyderabad,Jubilee Hills,18.202164,76.224804,Plot,4379,2,1,7,No,Semi,26,72,80,55087820
5941,Hyderabad,Madhapur,18.007363,77.60267,Apartment,2134,4,3,15,Yes,Fully,11,52,71,21472308
5942,Hyderabad,Madhapur,17.746385,79.819518,Plot,3380,3,2,10,Yes,Fully,11,55,56,17096040
5943,Hyderabad,Kukatpally,18.642131,79.928195,Apartment,1026,2,1,22,Yes,Semi,4,90,35,13469328
5944,Mumbai,Powai,14.726477,77.061641,Plot,2705,3,2,15,No,Fully,20,84,31,15886465
5945,Pune,Hinjewadi,17.175141,79.785738,Villa,600,1,1,24,No,Fully,8,56,85,8877600
5946,Chennai,Adyar,15.406051,73.091786,Plot,1751,4,3,22,Yes,Unfurnished,24,92,86,14148080
5947,Pune,Baner,13.243447,75.811894,Plot,899,5,4,15,Yes,Fully,28,77,1,5801247
5948,Pune,Wakad,12.528717,76.656182,Apartment,2079,3,2,15,No,Fully,2,75,81,22451121
5949,Hyderabad,Kukatpally,14.542367,74.483381,Plot,1069,4,3,2,Yes,Fully,2,67,66,9423235
5950,Chennai,Velachery,15.083871,78.413528,Plot,3898,2,1,9,No,Semi,19,93,57,25407164
5951,Hyderabad,Jubilee Hills,16.340028,78.126905,Independent House,909,4,3,21,Yes,Fully,18,77,5,5592168
5952,Hyderabad,Gachibowli,15.764574,75.785246,Apartment,4696,5,4,6,Yes,Unfurnished,10,72,55,54168360
5953,Hyderabad,Banjara Hills,16.342108,73.431658,Apartment,2931,1,1,0,Yes,Semi,28,75,45,37170942
5954,Hyderabad,Miyapur,16.663673,79.481723,Apartment,878,3,2,4,Yes,Fully,27,91,91,5775484
5955,Pune,Wakad,12.827662,79.195887,Independent House,3773,5,4,5,Yes,Unfurnished,17,96,79,40216407
5956,Mumbai,Thane,15.491952,73.121142,Plot,3858,1,1,4,No,Fully,6,93,70,37252848
5957,Mumbai,Andheri,16.626217,77.890176,Plot,3213,5,4,23,Yes,Fully,28,52,87,46864818
5958,Hyderabad,Kukatpally,13.62619,77.400116,Plot,1886,2,1,5,Yes,Fully,3,81,63,8477570
5959,Mumbai,Bandra,13.447151,72.218284,Villa,1063,4,3,19,No,Semi,10,67,67,4855784
5960,Pune,Hinjewadi,16.415515,74.627203,Villa,4115,1,1,5,No,Semi,6,79,29,24998625
5961,Mumbai,Thane,15.417289,77.684587,Apartment,1418,2,1,5,Yes,Fully,2,72,92,17067048
5962,Pune,Baner,12.678037,79.881658,Villa,1106,3,2,23,No,Fully,0,83,74,14288414
5963,Hyderabad,Banjara Hills,13.67614,72.374544,Plot,2037,5,4,20,Yes,Unfurnished,6,59,55,28911141
5964,Hyderabad,Miyapur,18.522772,73.000297,Apartment,1046,5,4,21,Yes,Unfurnished,15,94,3,12584426
5965,Chennai,Velachery,16.78592,76.235532,Apartment,2174,5,4,18,No,Unfurnished,9,75,81,22529162
5966,Bengaluru,HSR Layout,17.512565,73.761805,Apartment,2644,4,3,18,Yes,Unfurnished,24,74,8,27423568
5967,Chennai,Adyar,14.153686,74.116726,Apartment,2682,5,4,22,Yes,Unfurnished,21,60,91,23488956
5968,Mumbai,Powai,15.595082,74.513193,Plot,4934,4,3,4,Yes,Semi,20,95,80,37577344
5969,Bengaluru,Indiranagar,12.181116,73.106134,Independent House,3105,4,3,17,No,Unfurnished,20,68,70,45786330
5970,Mumbai,Bandra,16.863111,76.391428,Apartment,576,2,1,3,No,Semi,14,60,44,4180608
5971,Pune,Baner,16.867224,76.527087,Plot,2473,3,2,14,No,Fully,13,76,50,20689118
5972,Bengaluru,Indiranagar,17.382755,74.82864,Independent House,2209,3,2,5,No,Unfurnished,8,74,83,15007946
5973,Bengaluru,Indiranagar,13.657914,73.373741,Villa,1104,3,2,1,Yes,Unfurnished,6,52,12,12489552
5974,Bengaluru,Electronic City,16.235109,76.612175,Villa,1094,4,3,2,No,Unfurnished,11,76,13,6122024
5975,Pune,Wakad,12.812473,75.526893,Villa,4059,3,2,25,No,Fully,9,95,42,50968863
5976,Hyderabad,Kondapur,13.694783,76.375498,Villa,3317,4,3,3,Yes,Unfurnished,4,64,4,24821111
5977,Bengaluru,HSR Layout,13.895163,72.715616,Plot,1278,1,1,0,No,Unfurnished,21,75,37,10353078
5978,Pune,Hinjewadi,12.571614,72.128887,Plot,4485,1,1,9,No,Semi,21,97,87,64691640
5979,Mumbai,Powai,18.621661,76.539034,Plot,3120,3,2,19,Yes,Unfurnished,1,51,43,38828400
5980,Mumbai,Thane,12.24704,72.744684,Apartment,1156,1,1,10,No,Unfurnished,7,63,92,14308968
5981,Hyderabad,Miyapur,14.326666,73.518119,Independent House,4615,5,4,2,Yes,Fully,17,72,57,68661970
5982,Chennai,Velachery,18.941973,78.28763,Apartment,4847,1,1,14,Yes,Unfurnished,1,75,58,58939520
5983,Bengaluru,Whitefield,17.812546,74.845056,Plot,2167,5,4,25,No,Unfurnished,16,68,38,11060368
5984,Hyderabad,Kukatpally,15.347963,74.315197,Villa,3529,3,2,16,No,Fully,7,88,11,33253767
5985,Pune,Baner,14.950287,74.966415,Plot,2662,1,1,3,No,Fully,6,72,3,24282764
5986,Bengaluru,HSR Layout,13.745617,75.967724,Apartment,3634,5,4,4,No,Unfurnished,24,68,38,36081986
5987,Chennai,Velachery,13.174874,77.54733,Villa,1163,3,2,10,No,Semi,10,71,53,10924059
5988,Hyderabad,Gachibowli,18.855878,73.330143,Apartment,2159,1,1,11,Yes,Fully,18,75,76,23135844
5989,Chennai,OMR,12.779401,72.948766,Independent House,2521,1,1,17,No,Fully,12,50,54,27753689
5990,Chennai,Adyar,17.459568,75.220709,Apartment,2569,5,4,4,Yes,Semi,25,87,32,11539948
5991,Hyderabad,Gachibowli,17.130151,75.764953,Villa,4155,3,2,13,No,Unfurnished,19,76,17,58481625
5992,Bengaluru,Whitefield,18.239464,72.114695,Independent House,1326,4,3,8,Yes,Fully,28,71,46,5681910
5993,Chennai,Velachery,17.020804,78.827818,Apartment,2556,1,1,17,No,Fully,29,98,1,24156756
5994,Mumbai,Thane,15.495325,77.179631,Plot,2998,3,2,25,Yes,Unfurnished,26,84,63,37235160
5995,Hyderabad,Gachibowli,15.891763,73.425645,Plot,4555,3,2,8,No,Semi,22,84,46,32140080
5996,Mumbai,Bandra,16.485549,72.914607,Villa,2677,5,4,2,Yes,Unfurnished,0,88,49,35140979
5997,Hyderabad,Miyapur,16.733096,72.132737,Independent House,1159,2,1,20,No,Semi,6,67,32,17223899
5998,Mumbai,Bandra,13.855854,79.724455,Apartment,1989,3,2,21,No,Fully,25,94,15,18489744
5999,Pune,Kharadi,15.355848,74.461994,Plot,3741,3,2,13,Yes,Semi,26,100,20,39048558
6000,Pune,Kharadi,14.639452,77.969796,Independent House,4443,4,3,22,Yes,Semi,25,54,75,48184335
6001,Pune,Hinjewadi,16.354703,79.798475,Plot,3983,4,3,21,No,Unfurnished,2,78,97,18640440
6002,Chennai,OMR,15.878313,78.007098,Independent House,2447,4,3,17,Yes,Fully,17,53,62,28003468
6003,Chennai,OMR,14.186912,79.61352,Plot,4146,4,3,13,Yes,Fully,27,64,57,26667072
6004,Hyderabad,Kukatpally,15.252205,72.299982,Independent House,523,1,1,25,Yes,Fully,28,50,88,4435563
6005,Chennai,OMR,12.610574,72.488568,Villa,2280,1,1,24,No,Unfurnished,21,93,81,29653680
6006,Chennai,Adyar,14.148052,78.950922,Apartment,3296,5,4,14,Yes,Fully,12,99,94,25270432
6007,Mumbai,Thane,16.00055,76.077184,Independent House,3918,2,1,4,No,Semi,8,94,44,30419352
6008,Pune,Hinjewadi,12.663783,72.397187,Plot,1703,5,4,21,No,Unfurnished,30,87,51,10122632
6009,Hyderabad,Gachibowli,17.896772,73.609509,Apartment,3729,4,3,9,Yes,Semi,28,91,84,53309784
6010,Bengaluru,Whitefield,15.131983,77.338706,Apartment,2426,3,2,2,Yes,Unfurnished,13,59,5,12804428
6011,Chennai,OMR,16.404111,78.906605,Apartment,2108,2,1,22,No,Fully,24,72,70,26356324
6012,Chennai,Adyar,15.727699,78.276937,Plot,589,2,1,8,No,Fully,14,68,82,3574641
6013,Mumbai,Bandra,14.042196,75.145864,Independent House,603,1,1,25,Yes,Semi,18,79,18,5753223
6014,Bengaluru,Whitefield,13.030046,75.992251,Apartment,3473,3,2,20,No,Unfurnished,27,69,5,37758456
6015,Hyderabad,Gachibowli,18.437018,72.530838,Independent House,3552,3,2,1,No,Fully,27,79,51,40968768
6016,Pune,Kharadi,17.949551,76.823719,Apartment,774,2,1,19,Yes,Fully,11,85,52,8257032
6017,Chennai,OMR,13.071,78.97556,Villa,1901,5,4,8,No,Fully,21,69,61,26762278
6018,Pune,Wakad,13.352846,79.123006,Apartment,1875,5,4,14,No,Fully,9,93,78,15393750
6019,Mumbai,Bandra,17.69497,76.363056,Apartment,1014,4,3,4,No,Fully,11,75,72,10661196
6020,Bengaluru,Electronic City,18.185422,79.383935,Independent House,4180,2,1,14,Yes,Fully,17,70,11,25510540
6021,Chennai,Adyar,13.043735,77.578121,Apartment,645,2,1,0,No,Unfurnished,1,50,2,4120260
6022,Bengaluru,Electronic City,13.004864,75.821983,Villa,4433,3,2,8,Yes,Semi,10,51,18,59380035
6023,Bengaluru,Indiranagar,16.347853,75.140694,Apartment,2816,3,2,18,Yes,Fully,16,66,30,39452160
6024,Bengaluru,Whitefield,16.339175,75.241044,Plot,3490,3,2,16,No,Fully,25,55,59,43855340
6025,Bengaluru,Indiranagar,13.194849,75.534365,Plot,2874,4,3,4,Yes,Semi,3,82,86,39066282
6026,Hyderabad,Kondapur,18.737315,79.867992,Plot,4761,4,3,19,Yes,Fully,23,94,73,42649038
6027,Pune,Wakad,13.367664,75.700641,Independent House,4600,2,1,19,Yes,Fully,14,92,31,22075400
6028,Pune,Kharadi,14.731834,77.918859,Plot,3896,1,1,3,Yes,Semi,30,92,45,55899808
6029,Mumbai,Powai,13.065863,73.905491,Plot,4986,1,1,4,No,Unfurnished,16,54,10,21679128
6030,Mumbai,Powai,15.644775,78.603635,Plot,2674,1,1,21,No,Fully,23,59,51,24913658
6031,Mumbai,Powai,12.922389,76.497539,Plot,2280,5,4,25,No,Unfurnished,26,81,15,19452960
6032,Pune,Kharadi,17.438557,74.144619,Apartment,629,4,3,0,Yes,Unfurnished,2,68,97,5003695
6033,Pune,Wakad,17.873926,77.288484,Independent House,2688,1,1,0,No,Semi,29,60,83,21079296
6034,Chennai,Velachery,18.26858,75.739799,Apartment,4217,4,3,0,Yes,Fully,19,62,19,43544742
6035,Mumbai,Andheri,18.612904,72.630542,Apartment,4595,5,4,20,No,Semi,1,82,96,66282875
6036,Hyderabad,Madhapur,17.659927,75.92701,Independent House,2187,4,3,24,Yes,Unfurnished,20,56,95,24962418
6037,Mumbai,Bandra,14.109453,75.98871,Plot,2007,3,2,14,Yes,Unfurnished,0,58,15,10604988
6038,Pune,Hinjewadi,14.362096,76.819272,Apartment,4154,3,2,5,Yes,Fully,22,53,67,16645078
6039,Mumbai,Bandra,14.028421,75.804183,Independent House,3636,2,1,19,No,Unfurnished,27,70,52,33000336
6040,Pune,Hinjewadi,16.68766,79.632551,Plot,3206,4,3,11,No,Semi,4,55,35,29892744
6041,Pune,Wakad,15.931765,72.89603,Apartment,3960,3,2,12,Yes,Semi,29,75,32,37473480
6042,Pune,Hinjewadi,16.706076,72.718632,Apartment,1366,4,3,5,Yes,Semi,17,80,99,16473960
6043,Mumbai,Andheri,18.021506,77.608133,Apartment,2794,2,1,4,Yes,Fully,13,57,57,37269166
6044,Mumbai,Andheri,18.260946,78.135611,Independent House,3953,3,2,5,Yes,Unfurnished,3,51,16,31837462
6045,Pune,Wakad,16.670314,76.351506,Apartment,2260,2,1,15,Yes,Semi,28,56,70,23544680
6046,Pune,Hinjewadi,17.233203,75.768421,Plot,4065,3,2,10,No,Semi,7,52,55,41910150
6047,Pune,Hinjewadi,16.875607,73.254254,Plot,2313,1,1,14,No,Semi,16,84,53,24679710
6048,Hyderabad,Kondapur,15.439715,72.583698,Apartment,2721,5,4,3,No,Fully,5,66,47,12337014
6049,Hyderabad,Gachibowli,15.463896,76.965222,Plot,1199,3,2,22,No,Fully,10,56,77,6325924
6050,Pune,Wakad,13.341854,72.212779,Villa,2407,3,2,13,Yes,Semi,23,51,94,26212230
6051,Mumbai,Thane,12.595857,76.84312,Villa,1854,5,4,10,No,Unfurnished,25,58,47,18119142
6052,Bengaluru,HSR Layout,16.154859,77.754123,Villa,4693,1,1,19,Yes,Unfurnished,15,66,51,56287842
6053,Chennai,Adyar,12.397001,79.012904,Apartment,977,5,4,17,Yes,Unfurnished,18,65,2,11075272
6054,Pune,Hinjewadi,17.750468,75.638035,Villa,3620,5,4,10,No,Unfurnished,4,84,76,52366920
6055,Hyderabad,Banjara Hills,15.950497,76.161885,Independent House,1020,3,2,25,No,Semi,24,87,50,15168420
6056,Mumbai,Powai,17.172206,72.22047,Villa,1316,3,2,9,No,Semi,3,83,100,6028596
6057,Bengaluru,Indiranagar,15.247016,77.383497,Apartment,939,3,2,1,No,Fully,7,68,42,5418969
6058,Bengaluru,Indiranagar,18.48957,79.999227,Independent House,4656,1,1,13,No,Unfurnished,20,83,38,21315168
6059,Mumbai,Andheri,13.88835,74.27516,Villa,1009,5,4,9,No,Unfurnished,24,73,20,10940587
6060,Mumbai,Powai,17.416826,73.887316,Plot,3401,4,3,19,Yes,Unfurnished,28,66,49,43815083
6061,Chennai,Adyar,14.2994,74.80041,Apartment,4108,5,4,9,No,Semi,17,56,68,55848260
6062,Chennai,Velachery,18.937217,72.982863,Independent House,2526,1,1,21,No,Fully,24,94,44,25676790
6063,Pune,Kharadi,17.233893,73.421745,Independent House,3700,2,1,20,Yes,Semi,16,99,2,29707300
6064,Hyderabad,Jubilee Hills,12.173586,73.973993,Apartment,1148,5,4,20,Yes,Unfurnished,6,53,72,16780316
6065,Chennai,Adyar,12.121467,73.223339,Plot,4013,3,2,5,Yes,Semi,11,99,93,51707505
6066,Mumbai,Thane,16.003381,76.842205,Independent House,3055,2,1,11,No,Unfurnished,27,59,46,30702750
6067,Chennai,Anna Nagar,14.832348,79.051428,Independent House,2664,3,2,16,Yes,Fully,14,82,4,12131856
6068,Mumbai,Powai,14.74798,73.731561,Plot,3353,1,1,1,No,Unfurnished,25,55,6,38046491
6069,Mumbai,Bandra,12.305036,72.861165,Plot,2232,2,1,20,No,Fully,5,82,49,9550728
6070,Pune,Kharadi,18.12161,76.937874,Independent House,2202,1,1,16,No,Semi,3,100,77,26591352
6071,Pune,Kharadi,12.227366,73.826187,Villa,3069,4,3,20,Yes,Semi,29,64,89,29818404
6072,Mumbai,Powai,14.063813,75.075994,Independent House,555,3,2,22,No,Fully,5,50,30,3816735
6073,Bengaluru,HSR Layout,18.387992,72.92257,Apartment,4319,1,1,24,Yes,Unfurnished,25,69,9,50121995
6074,Mumbai,Andheri,14.321499,78.702608,Independent House,2234,1,1,5,No,Unfurnished,29,98,26,18528796
6075,Bengaluru,Indiranagar,18.806443,72.131487,Plot,4973,3,2,21,No,Fully,22,81,18,60029083
6076,Pune,Kharadi,15.728807,74.626547,Independent House,1194,2,1,23,Yes,Fully,8,74,3,17563740
6077,Mumbai,Bandra,17.56357,78.485559,Independent House,4289,2,1,24,No,Semi,25,67,29,17996644
6078,Pune,Baner,17.755225,72.100237,Villa,1327,2,1,18,No,Fully,16,92,52,5998040
6079,Bengaluru,HSR Layout,12.110402,75.305546,Apartment,3595,2,1,5,No,Unfurnished,8,73,3,35187860
6080,Chennai,Anna Nagar,12.92046,75.506709,Villa,1534,3,2,18,No,Fully,27,68,90,6537908
6081,Hyderabad,Kukatpally,16.096343,74.28235,Independent House,2544,3,2,24,No,Unfurnished,3,50,39,24236688
6082,Chennai,OMR,14.846008,76.229583,Independent House,675,5,4,20,No,Fully,29,67,30,5974425
6083,Pune,Kharadi,15.163811,74.715727,Plot,2831,4,3,7,No,Fully,14,82,89,14372987
6084,Pune,Wakad,15.202409,72.988262,Independent House,1595,2,1,25,No,Fully,26,58,77,22687280
6085,Pune,Hinjewadi,12.667166,73.498801,Villa,3999,1,1,3,No,Semi,25,100,86,30764307
6086,Mumbai,Powai,13.251484,76.30358,Independent House,839,2,1,13,No,Unfurnished,24,61,15,11115072
6087,Hyderabad,Madhapur,18.546204,79.691719,Villa,718,2,1,20,No,Unfurnished,2,100,27,8259154
6088,Chennai,Anna Nagar,15.08065,77.092283,Villa,4059,4,3,3,No,Unfurnished,10,61,62,58916385
6089,Mumbai,Andheri,12.209652,76.269073,Villa,4977,2,1,8,No,Fully,2,83,89,51676191
6090,Hyderabad,Banjara Hills,18.950241,76.205772,Apartment,4334,5,4,22,No,Fully,5,64,29,48844180
6091,Hyderabad,Madhapur,17.148509,73.654261,Villa,4513,1,1,1,No,Semi,24,55,36,42065673
6092,Mumbai,Powai,18.351563,78.023263,Villa,3236,3,2,18,No,Semi,23,72,46,15552216
6093,Hyderabad,Madhapur,14.925542,78.097075,Plot,4335,4,3,13,Yes,Unfurnished,26,92,56,20079720
6094,Pune,Baner,18.206613,75.647537,Apartment,1652,3,2,16,No,Fully,0,69,39,23182516
6095,Hyderabad,Jubilee Hills,15.628205,74.743676,Villa,3487,4,3,20,Yes,Fully,30,51,59,22191268
6096,Pune,Kharadi,17.326873,78.317113,Plot,2138,2,1,21,No,Semi,13,82,23,30199250
6097,Chennai,Velachery,16.8427,79.695735,Plot,2236,1,1,11,Yes,Unfurnished,3,75,76,25161708
6098,Chennai,Velachery,16.688349,72.086857,Independent House,1416,5,4,2,No,Fully,24,55,71,6687768
6099,Pune,Hinjewadi,15.947902,78.6707,Independent House,4349,5,4,1,No,Semi,11,73,10,58189620
6100,Chennai,Velachery,13.462253,78.768433,Villa,2896,3,2,7,No,Unfurnished,13,56,7,36173936
6101,Pune,Baner,12.418806,75.164593,Independent House,2338,1,1,13,No,Semi,9,86,41,26381992
6102,Bengaluru,Whitefield,16.118137,76.1557,Plot,3730,2,1,16,No,Fully,18,52,31,49530670
6103,Bengaluru,HSR Layout,18.818995,73.45689,Plot,839,4,3,24,Yes,Unfurnished,11,61,100,10914551
6104,Chennai,OMR,14.291819,76.100492,Plot,750,3,2,20,Yes,Fully,16,59,45,3663750
6105,Pune,Wakad,16.358981,75.906355,Independent House,2290,1,1,12,No,Fully,25,81,86,31258500
6106,Bengaluru,Whitefield,17.659151,76.709034,Plot,730,1,1,2,Yes,Semi,12,91,64,6508680
6107,Chennai,Anna Nagar,13.778129,73.428441,Apartment,2118,4,3,23,No,Unfurnished,2,76,28,14110116
6108,Hyderabad,Kondapur,16.334934,73.397505,Independent House,2011,1,1,25,Yes,Fully,19,93,55,16480145
6109,Pune,Hinjewadi,16.604927,77.183544,Apartment,4165,1,1,5,No,Semi,12,91,13,30004660
6110,Chennai,Adyar,18.976069,75.41896,Apartment,1940,5,4,15,No,Unfurnished,2,65,43,17073940
6111,Pune,Hinjewadi,13.091653,78.045276,Villa,4010,3,2,25,No,Unfurnished,29,89,36,29698060
6112,Pune,Hinjewadi,14.440657,77.068594,Villa,3144,3,2,11,No,Unfurnished,6,71,34,13629240
6113,Chennai,OMR,15.218922,73.428927,Plot,4226,2,1,10,No,Unfurnished,13,93,89,50251366
6114,Hyderabad,Gachibowli,14.534002,73.679861,Apartment,1036,4,3,5,No,Unfurnished,29,83,9,8526280
6115,Pune,Kharadi,15.096291,75.153365,Independent House,1102,1,1,2,No,Semi,30,60,17,8806082
6116,Mumbai,Powai,12.526355,73.555706,Apartment,3154,3,2,10,Yes,Fully,5,84,88,13461272
6117,Hyderabad,Jubilee Hills,15.348604,76.884366,Plot,2366,3,2,19,No,Unfurnished,6,61,90,28148302
6118,Mumbai,Andheri,17.325566,77.681254,Villa,2313,4,3,20,Yes,Fully,0,70,37,13258116
6119,Pune,Kharadi,17.758285,75.531169,Plot,1931,1,1,20,Yes,Unfurnished,4,62,83,8899979
6120,Bengaluru,HSR Layout,17.245204,75.95734,Independent House,3609,4,3,16,No,Semi,20,72,4,23324967
6121,Mumbai,Andheri,13.742232,74.955282,Independent House,2944,2,1,18,No,Fully,19,57,80,41790080
6122,Chennai,Adyar,13.98783,74.833561,Apartment,2945,5,4,6,No,Fully,7,79,89,38953515
6123,Pune,Kharadi,13.051374,77.356591,Plot,2376,3,2,13,Yes,Fully,21,67,47,26851176
6124,Bengaluru,HSR Layout,18.575318,74.696857,Villa,1127,4,3,23,No,Semi,26,96,33,5649651
6125,Mumbai,Powai,15.869886,72.600043,Apartment,2973,5,4,5,Yes,Fully,24,59,17,38842245
6126,Bengaluru,Whitefield,15.737174,74.68707,Independent House,2592,3,2,14,Yes,Semi,24,66,84,19924704
6127,Bengaluru,HSR Layout,14.675325,77.747559,Independent House,4170,2,1,17,No,Semi,4,63,76,54493560
6128,Mumbai,Powai,16.020585,77.5133,Independent House,4627,3,2,0,No,Fully,18,91,100,49425614
6129,Hyderabad,Madhapur,15.309068,75.395251,Plot,979,4,3,6,No,Semi,27,63,39,13732433
6130,Mumbai,Bandra,18.890621,74.251903,Villa,1415,5,4,24,Yes,Fully,25,51,88,18669510
6131,Chennai,Adyar,12.387483,79.71184,Independent House,1855,3,2,24,Yes,Unfurnished,26,75,88,16247945
6132,Pune,Kharadi,17.31022,78.257971,Independent House,4506,4,3,2,Yes,Semi,23,59,94,66477018
6133,Bengaluru,Indiranagar,14.144386,78.615704,Villa,3461,4,3,22,No,Semi,21,70,49,27258836
6134,Mumbai,Thane,12.654744,76.698143,Villa,1604,3,2,1,No,Unfurnished,2,65,6,9604752
6135,Pune,Wakad,12.825207,79.145332,Apartment,1513,2,1,21,Yes,Fully,5,72,97,21274293
6136,Chennai,Velachery,13.013167,73.538036,Independent House,3093,4,3,16,Yes,Fully,6,100,16,25473948
6137,Bengaluru,Indiranagar,12.957027,79.442741,Independent House,4906,5,4,22,Yes,Semi,15,73,91,30397576
6138,Bengaluru,Whitefield,13.617568,73.101581,Apartment,4143,4,3,4,No,Semi,30,72,36,18552354
6139,Hyderabad,Kondapur,15.179738,77.748775,Plot,1010,1,1,6,Yes,Semi,15,56,90,10106060
6140,Chennai,Adyar,12.99209,75.593125,Independent House,3330,1,1,18,No,Semi,26,96,20,44725230
6141,Hyderabad,Madhapur,12.870685,72.227919,Plot,4642,1,1,10,No,Fully,19,75,10,57435466
6142,Chennai,Anna Nagar,14.256435,76.103756,Apartment,2575,1,1,20,No,Semi,3,52,37,34378825
6143,Hyderabad,Kukatpally,15.999923,76.636559,Plot,4424,3,2,18,No,Unfurnished,15,52,70,42514640
6144,Mumbai,Thane,14.845117,75.537245,Villa,3450,5,4,2,Yes,Unfurnished,25,72,16,29218050
6145,Chennai,Anna Nagar,15.161023,72.562654,Villa,4646,2,1,12,Yes,Unfurnished,14,76,29,21984872
6146,Bengaluru,Electronic City,15.954292,72.178645,Independent House,3064,1,1,6,No,Fully,30,78,10,34087000
6147,Hyderabad,Kondapur,13.199019,75.672981,Apartment,4776,2,1,3,No,Semi,13,79,89,59914920
6148,Pune,Wakad,15.29362,77.30986,Villa,1299,4,3,17,Yes,Unfurnished,14,50,41,15443811
6149,Chennai,Anna Nagar,12.571193,73.592299,Villa,3925,1,1,13,No,Fully,30,78,69,25744075
6150,Hyderabad,Madhapur,17.617865,75.463113,Independent House,631,4,3,25,Yes,Semi,27,62,99,6084733
6151,Chennai,Anna Nagar,12.147163,74.554815,Plot,1678,5,4,4,No,Fully,7,85,63,20768606
6152,Pune,Kharadi,18.184302,72.487232,Villa,759,3,2,7,Yes,Fully,28,79,56,9052593
6153,Pune,Baner,12.318015,77.706491,Apartment,2686,5,4,22,No,Fully,16,81,60,35621732
6154,Chennai,Anna Nagar,15.645911,74.473761,Independent House,4196,1,1,18,No,Fully,16,67,86,49735188
6155,Chennai,OMR,16.256228,77.406116,Villa,3216,2,1,25,No,Semi,22,76,4,28587024
6156,Pune,Baner,17.11686,78.942653,Plot,1323,4,3,3,No,Unfurnished,24,70,78,17269119
6157,Chennai,Adyar,12.214076,75.223068,Apartment,2550,5,4,2,Yes,Semi,21,78,88,28611000
6158,Pune,Wakad,18.3736,74.769131,Independent House,3317,4,3,18,No,Unfurnished,23,94,43,25477877
6159,Bengaluru,Indiranagar,18.948215,79.674355,Apartment,2220,2,1,5,Yes,Semi,12,88,57,32307660
6160,Hyderabad,Madhapur,18.643032,73.966013,Villa,2826,5,4,5,Yes,Semi,22,57,83,12779172
6161,Hyderabad,Miyapur,17.486411,75.094495,Independent House,2439,3,2,11,No,Semi,5,70,17,17219340
6162,Bengaluru,Indiranagar,16.859797,76.199579,Plot,2151,5,4,4,No,Fully,15,52,70,18158742
6163,Chennai,Anna Nagar,15.732319,77.138724,Villa,2314,5,4,25,No,Semi,26,55,81,20360886
6164,Pune,Kharadi,16.854474,79.784792,Villa,2441,3,2,15,No,Semi,28,95,69,26257837
6165,Chennai,Velachery,16.511827,73.236171,Independent House,4679,1,1,13,No,Unfurnished,6,64,29,43266713
6166,Bengaluru,HSR Layout,18.342699,76.993366,Apartment,3678,5,4,15,No,Unfurnished,19,66,63,42885480
6167,Mumbai,Andheri,13.91691,78.433385,Independent House,1258,5,4,15,Yes,Semi,13,72,31,12090638
6168,Hyderabad,Banjara Hills,17.646335,74.504869,Villa,3529,5,4,21,Yes,Fully,26,99,25,52804427
6169,Hyderabad,Kukatpally,12.233491,78.503996,Apartment,2497,5,4,10,Yes,Fully,4,95,77,37107917
6170,Mumbai,Powai,17.156926,76.378622,Apartment,4469,1,1,4,Yes,Semi,26,87,45,43532529
6171,Hyderabad,Miyapur,14.351647,77.653918,Independent House,1540,2,1,1,Yes,Fully,24,51,95,17748500
6172,Hyderabad,Miyapur,15.886504,79.179052,Independent House,2418,1,1,19,No,Unfurnished,1,87,9,20122596
6173,Chennai,OMR,12.374871,74.212211,Apartment,2675,2,1,10,No,Fully,18,56,20,27672875
6174,Bengaluru,Whitefield,17.439931,73.631397,Villa,591,4,3,16,Yes,Fully,17,100,69,7028763
6175,Pune,Kharadi,17.109943,76.763291,Villa,3717,1,1,25,No,Unfurnished,14,90,7,50331897
6176,Pune,Wakad,13.9087,79.982205,Villa,1532,4,3,13,No,Fully,29,89,58,21863172
6177,Bengaluru,Whitefield,17.444879,79.971234,Apartment,4366,2,1,16,Yes,Semi,7,71,97,46751128
6178,Chennai,OMR,14.607288,78.695089,Apartment,3412,4,3,14,Yes,Unfurnished,2,87,93,28282068
6179,Chennai,Velachery,13.297275,77.343221,Apartment,1100,4,3,7,No,Fully,4,99,45,16365800
6180,Bengaluru,Indiranagar,12.815844,76.04375,Plot,4335,3,2,3,Yes,Fully,21,95,65,49731120
6181,Bengaluru,HSR Layout,14.696244,73.246123,Villa,974,4,3,6,Yes,Unfurnished,24,56,83,4902142
6182,Chennai,OMR,15.673136,77.248893,Villa,1832,2,1,14,Yes,Fully,0,81,70,8276976
6183,Bengaluru,Indiranagar,17.137773,78.368065,Independent House,646,1,1,19,Yes,Semi,4,87,23,6904448
6184,Mumbai,Bandra,16.033509,73.636963,Independent House,4106,4,3,9,Yes,Unfurnished,11,88,41,30129828
6185,Pune,Wakad,12.169414,77.729363,Villa,3038,3,2,2,No,Semi,6,95,73,14023408
6186,Hyderabad,Banjara Hills,18.989565,75.583503,Plot,4848,1,1,4,No,Unfurnished,18,62,90,42124272
6187,Mumbai,Bandra,15.66025,79.05856,Villa,3023,1,1,10,Yes,Semi,19,74,2,25810374
6188,Bengaluru,Whitefield,18.882851,73.638347,Plot,2896,2,1,13,No,Fully,30,69,21,13376624
6189,Mumbai,Powai,16.859195,74.255852,Villa,1212,4,3,7,No,Semi,18,83,72,12955068
6190,Hyderabad,Gachibowli,14.544442,79.837193,Apartment,3463,5,4,17,No,Fully,18,50,83,24705042
6191,Bengaluru,Electronic City,14.717993,72.624895,Plot,3804,5,4,8,No,Unfurnished,1,57,33,53016348
6192,Pune,Kharadi,15.674318,79.824599,Villa,1364,5,4,25,Yes,Unfurnished,16,77,2,16130664
6193,Hyderabad,Miyapur,17.999888,75.443924,Plot,3813,5,4,7,No,Fully,7,66,75,15549414
6194,Pune,Wakad,13.076296,74.842647,Villa,1567,5,4,20,Yes,Unfurnished,8,62,64,6463875
6195,Pune,Kharadi,16.609306,72.005679,Apartment,1054,5,4,9,Yes,Semi,12,99,65,8750308
6196,Mumbai,Bandra,12.93761,75.867221,Plot,2430,4,3,5,Yes,Fully,30,59,31,34270290
6197,Mumbai,Bandra,16.695094,79.417965,Villa,2481,1,1,25,No,Semi,3,82,41,28146945
6198,Pune,Wakad,18.434743,77.545538,Plot,3148,5,4,24,No,Fully,12,95,50,44421428
6199,Mumbai,Andheri,13.409372,75.92315,Independent House,3348,1,1,3,No,Unfurnished,0,53,20,25351056
6200,Bengaluru,HSR Layout,14.538183,72.030289,Independent House,3334,5,4,7,Yes,Fully,1,73,35,23151296
6201,Chennai,Velachery,14.128237,72.391906,Independent House,983,1,1,8,No,Unfurnished,2,51,44,9352262
6202,Hyderabad,Miyapur,15.319114,72.854823,Villa,4124,2,1,16,Yes,Semi,26,73,99,38744980
6203,Bengaluru,Indiranagar,13.34823,76.284652,Villa,3817,4,3,14,No,Fully,20,99,99,31398642
6204,Chennai,Adyar,12.048919,78.992565,Villa,3670,5,4,9,No,Unfurnished,12,87,95,24317420
6205,Pune,Wakad,17.676509,73.751133,Independent House,3130,3,2,6,No,Unfurnished,0,58,20,24376440
6206,Pune,Baner,18.951224,73.323648,Apartment,3841,3,2,19,Yes,Unfurnished,11,67,63,19097452
6207,Bengaluru,Electronic City,17.722334,77.957959,Villa,1737,2,1,5,No,Fully,20,94,50,14660280
6208,Pune,Wakad,14.595784,75.608043,Villa,3167,5,4,14,Yes,Unfurnished,15,68,50,35749096
6209,Pune,Kharadi,18.871859,79.84571,Apartment,946,2,1,2,Yes,Fully,11,94,5,7341906
6210,Hyderabad,Kukatpally,14.348951,77.1252,Independent House,4131,4,3,10,Yes,Semi,11,86,70,25946811
6211,Chennai,Velachery,13.64038,77.304296,Independent House,3830,4,3,5,Yes,Fully,29,51,38,41858070
6212,Hyderabad,Kondapur,14.863174,76.662272,Apartment,812,1,1,7,No,Semi,9,55,12,7191884
6213,Chennai,Velachery,14.20021,75.090369,Independent House,3513,5,4,25,No,Semi,14,86,39,26192928
6214,Mumbai,Bandra,12.478017,78.058268,Villa,3192,3,2,22,Yes,Fully,2,83,94,20639472
6215,Pune,Hinjewadi,14.273474,76.180895,Plot,2006,5,4,23,No,Fully,28,89,62,26443092
6216,Bengaluru,Electronic City,15.596316,76.776544,Independent House,4838,2,1,12,No,Semi,25,59,21,54621020
6217,Bengaluru,Indiranagar,14.003632,73.324291,Villa,2787,2,1,21,Yes,Semi,13,62,12,23249154
6218,Hyderabad,Gachibowli,18.935478,73.176649,Plot,4111,3,2,12,Yes,Semi,10,88,63,22409061
6219,Hyderabad,Miyapur,18.465957,72.277204,Apartment,3920,4,3,0,No,Unfurnished,17,77,63,26773600
6220,Bengaluru,Indiranagar,12.44094,79.660572,Independent House,2653,3,2,3,No,Fully,10,93,44,18435697
6221,Pune,Wakad,15.825691,79.43569,Villa,1961,1,1,10,No,Unfurnished,30,61,53,17372499
6222,Bengaluru,Electronic City,17.519776,75.312103,Independent House,3529,4,3,7,Yes,Semi,13,51,32,17567362
6223,Hyderabad,Kukatpally,14.128653,73.827301,Plot,2972,1,1,17,Yes,Semi,19,81,3,20815888
6224,Hyderabad,Banjara Hills,12.414822,72.343394,Villa,1702,4,3,16,No,Semi,18,85,4,13830452
6225,Bengaluru,Indiranagar,13.785728,77.287852,Villa,4561,2,1,11,No,Semi,9,67,25,35261091
6226,Bengaluru,Whitefield,15.581684,76.245986,Plot,2039,4,3,11,No,Unfurnished,11,94,82,14148621
6227,Pune,Baner,13.014625,78.6297,Apartment,2657,3,2,1,No,Semi,12,59,88,27651399
6228,Chennai,Adyar,16.158217,78.848546,Apartment,4747,4,3,25,No,Semi,26,65,78,41522009
6229,Mumbai,Bandra,15.13614,74.321755,Plot,1843,4,3,3,Yes,Unfurnished,26,62,35,27375922
6230,Mumbai,Andheri,17.221821,77.980479,Independent House,4574,2,1,11,No,Fully,8,77,77,61556892
6231,Chennai,Velachery,16.929606,78.107443,Independent House,4271,3,2,11,Yes,Semi,29,87,98,55779260
6232,Chennai,Anna Nagar,15.240411,72.098237,Independent House,1369,2,1,6,Yes,Fully,9,64,35,15357442
6233,Mumbai,Andheri,17.672406,75.207274,Plot,1069,3,2,12,Yes,Fully,21,57,33,8702729
6234,Pune,Wakad,15.633876,74.775672,Independent House,878,4,3,18,Yes,Unfurnished,7,55,22,7545532
6235,Mumbai,Bandra,16.969887,76.784338,Plot,3160,4,3,9,No,Fully,16,94,66,43845000
6236,Chennai,Velachery,16.736776,77.982096,Villa,2184,2,1,3,No,Unfurnished,29,81,51,16428048
6237,Mumbai,Thane,12.587697,75.142501,Plot,669,4,3,10,Yes,Semi,14,87,35,4996761
6238,Pune,Wakad,15.108029,72.086947,Apartment,4675,4,3,0,Yes,Semi,24,85,64,28335175
6239,Chennai,Anna Nagar,14.011669,74.575697,Plot,4388,4,3,16,No,Fully,4,58,27,30259648
6240,Pune,Baner,17.119621,77.15413,Independent House,3435,4,3,0,Yes,Semi,0,80,62,38928855
6241,Hyderabad,Kondapur,16.974104,77.268225,Apartment,3150,1,1,23,No,Unfurnished,13,65,22,26397000
6242,Hyderabad,Miyapur,13.478977,73.179729,Independent House,1613,4,3,0,Yes,Semi,26,65,9,7974672
6243,Mumbai,Powai,17.469621,78.157277,Villa,1310,2,1,8,No,Semi,30,74,7,13667230
6244,Hyderabad,Kukatpally,15.251665,76.003127,Apartment,3075,1,1,21,Yes,Unfurnished,16,50,63,13397775
6245,Pune,Wakad,12.147256,77.099042,Plot,2858,3,2,13,No,Unfurnished,27,53,75,41423852
6246,Pune,Wakad,17.163411,74.290538,Independent House,905,2,1,25,Yes,Unfurnished,17,67,38,9078055
6247,Chennai,Adyar,17.223312,79.733971,Independent House,2612,1,1,25,Yes,Unfurnished,19,72,66,26355080
6248,Pune,Hinjewadi,15.012375,73.2521,Plot,2688,4,3,17,Yes,Unfurnished,22,68,61,32930688
6249,Bengaluru,Whitefield,17.133037,78.00222,Independent House,835,3,2,18,No,Unfurnished,4,52,42,4916480
6250,Chennai,Adyar,16.632838,75.12594,Independent House,1683,2,1,3,Yes,Unfurnished,3,90,90,15296787
6251,Pune,Baner,15.753575,75.430764,Plot,3271,1,1,6,Yes,Unfurnished,24,82,100,13941002
6252,Bengaluru,Indiranagar,12.740973,79.674763,Apartment,3825,3,2,2,Yes,Unfurnished,15,54,79,40376700
6253,Chennai,OMR,18.520194,75.436309,Apartment,3686,4,3,8,Yes,Unfurnished,15,54,90,41979854
6254,Pune,Kharadi,18.075721,79.279016,Apartment,3599,4,3,17,Yes,Semi,26,92,28,19132284
6255,Mumbai,Powai,14.600903,77.653271,Apartment,975,5,4,0,No,Unfurnished,22,53,5,9477000
6256,Pune,Kharadi,15.207957,77.253723,Villa,1123,3,2,17,No,Unfurnished,16,87,81,4881681
6257,Pune,Wakad,14.005421,79.998567,Plot,904,3,2,18,Yes,Fully,27,56,75,7191320
6258,Mumbai,Andheri,14.185703,79.312535,Apartment,3914,1,1,22,Yes,Semi,10,66,31,16012174
6259,Hyderabad,Jubilee Hills,15.066777,75.719438,Apartment,1794,1,1,5,Yes,Fully,14,69,82,12030564
6260,Hyderabad,Miyapur,13.695281,73.74731,Villa,1181,3,2,18,No,Semi,14,89,83,10272338
6261,Chennai,Adyar,14.751857,75.299592,Independent House,1259,4,3,6,Yes,Unfurnished,25,50,84,18302083
6262,Hyderabad,Kondapur,12.397388,72.018704,Plot,4087,1,1,21,Yes,Fully,24,94,50,18301586
6263,Mumbai,Bandra,14.465582,76.820719,Villa,1120,2,1,24,Yes,Semi,24,86,43,5791520
6264,Pune,Kharadi,16.638266,79.398581,Plot,2733,2,1,12,Yes,Semi,25,64,30,27319068
6265,Mumbai,Andheri,15.687694,72.272719,Independent House,1643,3,2,6,Yes,Fully,18,95,37,11152684
6266,Hyderabad,Kondapur,17.124692,75.012326,Independent House,2400,3,2,1,Yes,Semi,4,50,37,34312800
6267,Pune,Baner,12.137864,73.408513,Independent House,3793,1,1,25,Yes,Fully,15,95,45,25488960
6268,Mumbai,Andheri,14.53572,75.196204,Plot,1820,4,3,13,No,Semi,21,100,68,26180700
6269,Bengaluru,Whitefield,14.543086,75.795455,Plot,4374,5,4,11,Yes,Unfurnished,13,65,56,40739436
6270,Bengaluru,Electronic City,18.287209,73.612008,Plot,2721,4,3,16,No,Semi,11,78,22,11727510
6271,Pune,Baner,18.16372,77.891211,Apartment,2203,5,4,25,Yes,Unfurnished,0,99,21,27158584
6272,Bengaluru,HSR Layout,17.428029,76.425786,Villa,4988,2,1,4,Yes,Fully,12,52,29,62260216
6273,Pune,Wakad,18.849079,76.769371,Villa,2662,1,1,5,No,Unfurnished,5,100,79,37464988
6274,Pune,Hinjewadi,14.961656,78.68578,Independent House,3199,2,1,25,No,Unfurnished,16,57,93,15527946
6275,Pune,Hinjewadi,16.281092,77.625403,Villa,873,5,4,14,No,Fully,25,75,88,10460286
6276,Pune,Wakad,16.890139,78.376923,Apartment,513,3,2,18,Yes,Unfurnished,11,62,63,3575097
6277,Chennai,Adyar,18.190358,77.168991,Independent House,3104,2,1,16,Yes,Fully,9,81,45,40907616
6278,Chennai,OMR,13.674528,72.476306,Independent House,2078,3,2,0,No,Unfurnished,19,93,63,20437130
6279,Hyderabad,Banjara Hills,12.130735,76.731634,Plot,1776,4,3,0,Yes,Unfurnished,8,91,5,14106768
6280,Pune,Hinjewadi,17.391016,74.078821,Apartment,1131,5,4,13,No,Semi,18,89,27,8437260
6281,Hyderabad,Kondapur,18.57373,74.684421,Apartment,2644,3,2,23,No,Unfurnished,15,59,19,12987328
6282,Chennai,OMR,17.959587,76.775662,Plot,742,4,3,8,No,Unfurnished,17,83,60,10067456
6283,Pune,Wakad,17.458457,72.979405,Apartment,3064,3,2,25,No,Unfurnished,4,80,60,29080424
6284,Hyderabad,Kukatpally,16.252211,79.647002,Apartment,4522,4,3,24,No,Semi,20,74,43,34380766
6285,Mumbai,Thane,12.184858,78.356966,Plot,2247,4,3,22,No,Semi,30,75,25,11414760
6286,Bengaluru,HSR Layout,18.413323,74.430734,Villa,1275,3,2,5,Yes,Unfurnished,5,100,95,15387975
6287,Hyderabad,Jubilee Hills,17.849251,75.332777,Independent House,1703,3,2,19,No,Fully,14,80,17,24899563
6288,Mumbai,Powai,17.338636,73.35524,Independent House,3147,5,4,2,No,Unfurnished,23,88,100,24725979
6289,Bengaluru,HSR Layout,18.360093,78.39208,Independent House,3199,2,1,8,Yes,Semi,1,94,49,25019379
6290,Chennai,OMR,12.135595,77.049817,Apartment,3241,2,1,2,No,Unfurnished,25,87,58,25221462
6291,Mumbai,Powai,12.077452,79.361141,Villa,4198,1,1,15,Yes,Fully,28,65,37,61790362
6292,Mumbai,Powai,12.17739,73.226358,Villa,1240,4,3,9,Yes,Semi,18,76,69,16299800
6293,Mumbai,Powai,18.742346,78.016932,Villa,2905,5,4,24,Yes,Unfurnished,20,53,47,22693860
6294,Pune,Baner,15.963573,75.621021,Villa,563,2,1,7,No,Semi,15,77,52,5951473
6295,Hyderabad,Banjara Hills,14.106639,73.294315,Apartment,1484,4,3,18,Yes,Fully,26,74,43,17704120
6296,Bengaluru,Whitefield,18.983425,79.748398,Apartment,2240,2,1,10,No,Unfurnished,28,77,42,26819520
6297,Pune,Baner,12.993248,74.261505,Villa,3623,3,2,15,No,Semi,7,59,20,50997348
6298,Chennai,Anna Nagar,16.728659,72.501127,Independent House,1402,1,1,2,Yes,Unfurnished,26,57,88,10136460
6299,Chennai,Velachery,15.386299,77.86765,Apartment,3522,2,1,18,Yes,Semi,28,52,56,30447690
6300,Chennai,Anna Nagar,15.923574,77.842924,Plot,2609,5,4,19,No,Fully,3,93,47,27762369
6301,Chennai,OMR,18.608569,79.555082,Villa,3670,2,1,13,Yes,Fully,20,60,26,29888480
6302,Bengaluru,HSR Layout,12.05972,79.814423,Plot,4864,5,4,13,No,Fully,28,72,48,53241344
6303,Hyderabad,Madhapur,14.446331,75.616848,Villa,3875,2,1,20,Yes,Fully,1,62,47,21793000
6304,Pune,Baner,13.805691,72.253472,Plot,2175,2,1,8,Yes,Fully,22,54,50,13824300
6305,Bengaluru,Whitefield,17.999255,75.494944,Independent House,602,4,3,5,Yes,Unfurnished,0,71,76,4279618
6306,Hyderabad,Kondapur,17.227332,78.572133,Apartment,3118,3,2,25,Yes,Semi,10,56,19,18994856
6307,Bengaluru,Indiranagar,18.150918,77.518738,Apartment,3811,1,1,8,No,Unfurnished,10,57,70,38178598
6308,Bengaluru,HSR Layout,12.558221,78.94551,Apartment,2384,2,1,10,Yes,Semi,9,85,91,18630960
6309,Chennai,OMR,12.755722,75.024163,Plot,3451,4,3,13,Yes,Fully,8,52,35,40462975
6310,Hyderabad,Banjara Hills,14.998816,74.867904,Plot,2028,1,1,2,Yes,Fully,1,98,74,15721056
6311,Hyderabad,Gachibowli,15.562655,76.346509,Plot,926,5,4,13,Yes,Fully,16,57,87,9823008
6312,Hyderabad,Gachibowli,12.690978,79.955637,Villa,1396,1,1,21,No,Unfurnished,19,95,41,17933016
6313,Mumbai,Powai,12.118781,78.557135,Plot,3970,5,4,0,Yes,Semi,17,85,83,35055100
6314,Bengaluru,Whitefield,17.629865,78.048855,Independent House,3098,1,1,6,No,Semi,2,51,96,37956696
6315,Mumbai,Bandra,12.413929,72.062508,Independent House,2581,1,1,24,Yes,Unfurnished,16,75,64,30644213
6316,Mumbai,Thane,17.822622,77.496466,Plot,2537,1,1,12,Yes,Fully,8,85,33,22452450
6317,Mumbai,Thane,17.488436,72.930289,Independent House,2051,1,1,14,No,Unfurnished,1,96,31,15759884
6318,Pune,Baner,16.438582,78.276786,Plot,2947,4,3,13,Yes,Semi,18,72,86,38110604
6319,Mumbai,Powai,18.724479,79.269832,Independent House,2615,2,1,23,Yes,Fully,8,96,36,30987750
6320,Pune,Kharadi,13.547864,73.676162,Villa,1508,4,3,4,No,Fully,28,100,52,17958772
6321,Chennai,Anna Nagar,17.953766,73.388673,Apartment,729,3,2,8,Yes,Semi,26,62,26,8129808
6322,Mumbai,Andheri,16.339672,74.656934,Plot,1770,2,1,4,Yes,Fully,20,84,74,18321270
6323,Bengaluru,HSR Layout,16.28779,78.880064,Apartment,1142,1,1,12,No,Semi,22,72,18,10176362
6324,Mumbai,Thane,13.411552,76.767271,Apartment,573,4,3,17,Yes,Unfurnished,16,74,7,2379669
6325,Bengaluru,HSR Layout,12.831713,72.341835,Villa,3698,5,4,8,No,Unfurnished,6,98,36,47474924
6326,Bengaluru,Whitefield,14.949092,79.595469,Plot,760,3,2,18,No,Unfurnished,4,51,68,9645160
6327,Chennai,Adyar,16.497891,72.735496,Apartment,3945,3,2,24,Yes,Semi,12,58,96,32530470
6328,Chennai,Adyar,15.616324,76.814548,Independent House,3125,5,4,20,No,Fully,8,71,46,21006250
6329,Mumbai,Andheri,17.234035,74.190856,Apartment,1783,4,3,11,Yes,Semi,20,64,96,11821290
6330,Bengaluru,Whitefield,14.574579,79.532294,Plot,1616,5,4,7,Yes,Unfurnished,2,80,64,17822864
6331,Chennai,Anna Nagar,15.640558,76.415842,Apartment,1262,2,1,18,Yes,Fully,21,90,13,13577858
6332,Pune,Kharadi,15.987357,73.003754,Plot,2838,3,2,1,Yes,Unfurnished,28,79,14,19199070
6333,Hyderabad,Jubilee Hills,17.854084,74.519954,Apartment,2365,1,1,24,No,Unfurnished,13,58,71,27476570
6334,Mumbai,Andheri,13.911013,77.256187,Villa,4885,4,3,24,No,Unfurnished,6,82,29,68438850
6335,Hyderabad,Madhapur,16.110874,76.853087,Independent House,1385,1,1,8,No,Semi,7,88,96,14715625
6336,Bengaluru,HSR Layout,16.864848,73.567989,Apartment,2830,1,1,0,No,Semi,0,73,73,28404710
6337,Pune,Hinjewadi,12.979543,77.531691,Plot,2435,5,4,17,No,Unfurnished,6,92,7,23975010
6338,Pune,Wakad,14.350415,73.344638,Plot,3899,5,4,4,Yes,Fully,23,91,87,42054614
6339,Pune,Kharadi,14.729714,77.620489,Apartment,1303,3,2,10,Yes,Semi,27,84,95,19267461
6340,Hyderabad,Kondapur,15.574412,77.815789,Apartment,3507,2,1,0,Yes,Semi,10,85,27,46415145
6341,Hyderabad,Gachibowli,14.252155,77.75091,Independent House,1129,3,2,12,No,Semi,4,83,8,4777928
6342,Hyderabad,Jubilee Hills,18.779798,79.984677,Apartment,1519,1,1,23,Yes,Fully,9,100,25,21820435
6343,Hyderabad,Miyapur,13.630937,75.445025,Apartment,3607,4,3,25,No,Semi,6,89,74,37801360
6344,Pune,Hinjewadi,12.74314,79.149938,Independent House,1237,2,1,15,Yes,Fully,22,85,94,17126265
6345,Hyderabad,Kondapur,15.656807,79.968908,Independent House,3147,2,1,5,No,Fully,1,69,24,44885661
6346,Bengaluru,Whitefield,17.07791,73.353348,Independent House,906,2,1,17,Yes,Semi,20,81,32,9300090
6347,Bengaluru,Electronic City,16.198011,75.978964,Villa,617,2,1,24,No,Fully,15,75,57,3490369
6348,Bengaluru,HSR Layout,12.014838,72.118009,Plot,858,1,1,10,Yes,Unfurnished,17,63,81,3881592
6349,Bengaluru,Electronic City,14.373716,73.565145,Villa,3245,5,4,20,Yes,Semi,30,100,40,43307770
6350,Mumbai,Andheri,14.25324,79.884684,Plot,1317,2,1,14,Yes,Fully,26,52,23,8538111
6351,Pune,Hinjewadi,17.013474,75.464494,Plot,4749,3,2,9,Yes,Unfurnished,18,81,59,48211848
6352,Hyderabad,Kukatpally,14.905067,75.682474,Independent House,2397,1,1,22,Yes,Semi,12,99,20,23713521
6353,Mumbai,Andheri,12.291167,72.007323,Plot,1282,5,4,16,No,Unfurnished,5,77,29,11518770
6354,Hyderabad,Miyapur,13.401745,72.703372,Plot,1834,2,1,13,No,Unfurnished,9,76,93,20555472
6355,Mumbai,Andheri,15.497812,76.062293,Apartment,4648,2,1,20,Yes,Semi,19,58,23,65429896
6356,Mumbai,Powai,16.406508,78.537473,Plot,1792,4,3,16,No,Semi,9,63,82,9300480
6357,Hyderabad,Gachibowli,15.078222,74.186432,Villa,823,4,3,0,Yes,Semi,19,52,16,9262865
6358,Pune,Baner,18.336694,72.992346,Villa,4678,2,1,2,Yes,Semi,5,91,99,38429770
6359,Chennai,Velachery,17.909904,78.40455,Villa,4216,4,3,12,Yes,Semi,30,84,29,32458984
6360,Pune,Baner,14.042672,72.64644,Plot,4082,5,4,13,No,Unfurnished,13,98,44,29386318
6361,Bengaluru,HSR Layout,16.236209,77.849923,Plot,2106,2,1,14,No,Fully,27,96,42,13705848
6362,Mumbai,Powai,15.647934,77.629378,Apartment,2678,4,3,19,Yes,Semi,1,97,34,21030334
6363,Mumbai,Andheri,16.100941,72.200787,Apartment,774,5,4,1,Yes,Semi,11,80,58,3578976
6364,Chennai,Anna Nagar,15.228381,78.582648,Villa,524,1,1,20,Yes,Semi,15,71,3,6384416
6365,Hyderabad,Jubilee Hills,16.906709,77.088662,Plot,2680,5,4,7,Yes,Fully,19,73,67,11682120
6366,Mumbai,Bandra,14.488018,79.044707,Villa,2974,4,3,14,Yes,Unfurnished,26,81,82,24734758
6367,Bengaluru,Indiranagar,16.652728,73.219818,Plot,4023,1,1,8,No,Unfurnished,21,62,9,53558199
6368,Chennai,Anna Nagar,14.254921,74.963072,Villa,4823,3,2,2,Yes,Semi,20,77,78,44101512
6369,Pune,Kharadi,13.643936,77.534844,Villa,3824,2,1,2,No,Fully,21,77,51,36362416
6370,Mumbai,Thane,13.336007,75.508123,Villa,538,1,1,21,Yes,Fully,11,81,7,2775542
6371,Chennai,Adyar,16.342635,76.332924,Independent House,4997,3,2,18,No,Unfurnished,24,77,25,50454709
6372,Chennai,Anna Nagar,17.568466,74.605019,Plot,1309,1,1,4,Yes,Fully,7,62,67,11804562
6373,Mumbai,Andheri,17.515762,77.255468,Plot,3820,1,1,17,Yes,Fully,23,70,27,17862320
6374,Hyderabad,Kondapur,16.006453,72.488337,Villa,1378,3,2,3,Yes,Semi,5,65,45,11182470
6375,Hyderabad,Kondapur,12.200731,77.410002,Villa,1252,1,1,17,Yes,Unfurnished,3,74,66,17377760
6376,Mumbai,Thane,15.147419,73.710942,Apartment,4694,1,1,9,Yes,Fully,30,63,96,44255032
6377,Chennai,Velachery,13.993609,78.28434,Apartment,4050,3,2,15,No,Fully,14,81,76,58583250
6378,Chennai,Anna Nagar,13.912929,76.261145,Independent House,2844,2,1,12,No,Semi,7,91,83,21071196
6379,Bengaluru,HSR Layout,13.31386,74.509635,Plot,3978,3,2,16,No,Semi,27,82,2,46021482
6380,Mumbai,Powai,18.284326,72.381608,Villa,2834,1,1,16,No,Semi,11,58,10,15890238
6381,Pune,Kharadi,14.562373,77.125683,Plot,4925,4,3,1,Yes,Semi,12,69,53,48072925
6382,Hyderabad,Banjara Hills,17.362261,72.142164,Independent House,4298,4,3,11,Yes,Fully,12,59,35,51666258
6383,Mumbai,Andheri,18.540537,72.372407,Independent House,1779,3,2,0,Yes,Unfurnished,20,67,83,10305747
6384,Mumbai,Andheri,15.560432,73.064775,Plot,4397,4,3,4,No,Fully,1,64,40,60041035
6385,Hyderabad,Kukatpally,18.801858,77.646273,Plot,4756,3,2,5,No,Fully,27,67,85,33225416
6386,Hyderabad,Gachibowli,13.769334,74.462771,Plot,3341,3,2,15,Yes,Semi,18,59,31,16320785
6387,Mumbai,Andheri,12.025236,74.056803,Plot,536,1,1,4,No,Unfurnished,24,67,100,3899936
6388,Hyderabad,Jubilee Hills,12.178931,74.881969,Apartment,1368,2,1,22,Yes,Fully,12,72,76,12327048
6389,Chennai,Anna Nagar,16.172872,78.81174,Apartment,3527,5,4,23,No,Unfurnished,21,79,68,39075633
6390,Chennai,Anna Nagar,13.762279,73.276623,Independent House,2116,2,1,6,No,Unfurnished,15,89,77,10044652
6391,Chennai,Anna Nagar,17.865491,75.062467,Independent House,1129,1,1,12,No,Fully,30,85,56,6814644
6392,Mumbai,Powai,14.226594,72.568643,Plot,4434,4,3,15,No,Unfurnished,21,61,32,37338714
6393,Bengaluru,Electronic City,16.145516,72.576468,Villa,2737,1,1,18,No,Unfurnished,12,73,97,19843250
6394,Chennai,Adyar,16.784157,75.476349,Plot,1200,3,2,5,No,Semi,15,60,73,11570400
6395,Pune,Wakad,14.276881,76.74052,Plot,3044,5,4,23,No,Unfurnished,24,66,57,21877228
6396,Hyderabad,Gachibowli,18.457534,76.277328,Villa,3061,3,2,23,No,Semi,18,59,80,13648999
6397,Pune,Baner,18.303482,73.098988,Independent House,3147,5,4,15,No,Semi,9,57,60,13151313
6398,Bengaluru,Indiranagar,15.185087,76.745374,Apartment,4232,2,1,9,No,Fully,26,66,6,30538112
6399,Mumbai,Thane,12.828482,73.412032,Independent House,651,2,1,4,Yes,Unfurnished,24,80,97,8636817
6400,Hyderabad,Kondapur,16.168583,77.000327,Independent House,1790,4,3,10,Yes,Fully,13,70,7,19788450
6401,Chennai,OMR,15.862161,79.589885,Villa,556,5,4,25,Yes,Fully,16,85,37,2762764
6402,Hyderabad,Madhapur,15.508819,76.475206,Independent House,3491,2,1,4,No,Semi,19,87,40,45253833
6403,Hyderabad,Madhapur,13.833182,72.931045,Apartment,928,1,1,11,No,Semi,19,55,31,12634720
6404,Hyderabad,Miyapur,15.329212,72.485074,Plot,1946,3,2,6,Yes,Semi,0,85,68,21561680
6405,Hyderabad,Jubilee Hills,16.809283,79.191423,Villa,4123,5,4,7,No,Semi,18,96,75,28201320
6406,Pune,Hinjewadi,15.846448,73.370305,Villa,4023,5,4,7,Yes,Unfurnished,4,73,52,17174187
6407,Pune,Hinjewadi,18.691034,73.836207,Villa,2316,4,3,22,Yes,Unfurnished,24,67,38,34420392
6408,Bengaluru,Whitefield,17.304802,73.881694,Independent House,3667,4,3,12,Yes,Fully,1,87,13,50927296
6409,Chennai,Anna Nagar,15.893391,77.139554,Villa,1647,2,1,12,No,Unfurnished,7,68,21,12380499
6410,Chennai,OMR,13.305975,76.711179,Plot,595,2,1,25,No,Fully,17,79,10,7206045
6411,Pune,Kharadi,18.37182,79.775426,Apartment,1857,1,1,19,No,Fully,20,57,10,25062072
6412,Bengaluru,Electronic City,17.457644,73.435862,Plot,3768,4,3,22,No,Unfurnished,29,77,9,44910792
6413,Chennai,Anna Nagar,14.278952,74.619121,Apartment,1455,1,1,22,No,Semi,8,95,82,14416140
6414,Pune,Kharadi,18.210282,73.8847,Independent House,3121,4,3,14,No,Semi,21,76,19,45710166
6415,Bengaluru,Indiranagar,15.010324,74.011052,Plot,2676,1,1,19,Yes,Semi,11,62,20,21683628
6416,Mumbai,Thane,13.045856,73.745343,Plot,2851,2,1,4,Yes,Fully,9,80,4,38043744
6417,Chennai,Anna Nagar,14.872608,75.868387,Independent House,4883,5,4,20,No,Semi,5,57,2,62097111
6418,Bengaluru,HSR Layout,12.217254,79.429692,Apartment,1869,3,2,24,No,Fully,16,84,86,14630532
6419,Mumbai,Thane,12.106738,75.562112,Apartment,1548,4,3,0,No,Unfurnished,29,62,79,9760140
6420,Mumbai,Andheri,15.124293,73.420091,Apartment,1212,5,4,0,Yes,Semi,12,55,55,13016880
6421,Pune,Baner,18.903937,75.812824,Apartment,2022,3,2,8,No,Semi,0,73,39,15322716
6422,Chennai,Anna Nagar,16.081203,73.20643,Villa,3322,4,3,5,Yes,Semi,17,95,15,14477276
6423,Bengaluru,Whitefield,14.935168,75.529966,Villa,1460,4,3,16,Yes,Semi,8,71,12,17962380
6424,Hyderabad,Jubilee Hills,18.415181,77.620008,Plot,1525,3,2,24,Yes,Unfurnished,0,77,27,15124950
6425,Mumbai,Bandra,14.566544,79.79186,Plot,1008,3,2,15,Yes,Unfurnished,29,67,65,7315056
6426,Chennai,Anna Nagar,18.470164,73.90235,Apartment,3361,1,1,4,Yes,Semi,14,63,40,19208115
6427,Bengaluru,HSR Layout,15.623318,76.148803,Independent House,4755,3,2,24,No,Fully,18,50,3,35762355
6428,Mumbai,Bandra,14.904232,76.188359,Villa,555,1,1,16,No,Semi,19,76,48,3397710
6429,Mumbai,Bandra,14.666612,74.351163,Apartment,4251,3,2,7,Yes,Unfurnished,20,84,43,52363818
6430,Bengaluru,Electronic City,17.806702,77.082268,Plot,4127,3,2,10,Yes,Semi,12,100,7,48351932
6431,Hyderabad,Madhapur,13.799234,78.082705,Plot,726,3,2,25,Yes,Unfurnished,22,54,16,4223868
6432,Mumbai,Andheri,13.957997,74.560022,Apartment,4834,2,1,18,No,Fully,4,83,76,66293476
6433,Pune,Hinjewadi,12.721129,79.092194,Apartment,4555,5,4,3,No,Unfurnished,4,87,60,57106035
6434,Chennai,OMR,17.2237,77.066636,Independent House,3595,5,4,15,Yes,Fully,2,96,20,29820525
6435,Pune,Kharadi,18.865138,75.542279,Plot,3797,5,4,2,No,Fully,25,62,88,32745328
6436,Mumbai,Andheri,17.043912,78.481796,Plot,3839,5,4,3,Yes,Fully,5,58,42,16185224
6437,Bengaluru,HSR Layout,15.316098,73.548218,Apartment,4284,3,2,10,No,Fully,5,98,31,25828236
6438,Chennai,OMR,15.361326,72.87308,Villa,3876,1,1,5,Yes,Unfurnished,26,69,58,46353084
6439,Hyderabad,Jubilee Hills,18.202841,77.484301,Apartment,1054,3,2,16,No,Fully,13,85,96,13536522
6440,Pune,Hinjewadi,17.855361,75.126443,Villa,507,2,1,22,No,Semi,18,80,87,3322878
6441,Chennai,Anna Nagar,14.792111,76.107948,Independent House,1957,1,1,12,Yes,Fully,12,55,43,21556355
6442,Bengaluru,HSR Layout,14.574972,75.096749,Plot,3085,3,2,17,Yes,Semi,16,60,11,29143995
6443,Mumbai,Thane,12.129613,72.425988,Apartment,4111,2,1,15,Yes,Semi,0,98,93,33882862
6444,Chennai,OMR,17.793296,78.088646,Villa,628,5,4,8,Yes,Unfurnished,20,83,79,7539768
6445,Chennai,Adyar,15.531011,72.110024,Villa,736,2,1,17,Yes,Semi,16,63,41,8645056
6446,Hyderabad,Gachibowli,13.584333,78.71264,Villa,3435,5,4,3,Yes,Fully,18,60,78,17171565
6447,Hyderabad,Banjara Hills,12.765299,72.944611,Plot,3654,4,3,9,No,Unfurnished,20,70,62,50860026
6448,Pune,Hinjewadi,13.076008,72.028512,Plot,3970,4,3,3,No,Fully,28,98,57,25884400
6449,Hyderabad,Jubilee Hills,16.186188,79.904733,Independent House,1889,3,2,25,Yes,Fully,11,73,66,19513370
6450,Pune,Wakad,15.612378,77.229002,Plot,1904,1,1,20,Yes,Semi,5,84,76,14923552
6451,Pune,Kharadi,12.312853,72.39061,Plot,4208,2,1,16,No,Fully,7,57,39,52393808
6452,Hyderabad,Banjara Hills,13.629385,75.432056,Independent House,2699,2,1,25,Yes,Fully,1,63,47,21424662
6453,Bengaluru,HSR Layout,14.827372,76.837645,Apartment,4681,2,1,25,No,Fully,0,67,67,69227309
6454,Chennai,OMR,16.98665,72.772013,Apartment,4088,5,4,4,No,Unfurnished,20,76,88,23362920
6455,Chennai,Adyar,15.52956,73.985152,Villa,980,1,1,10,Yes,Unfurnished,17,58,94,3960180
6456,Pune,Hinjewadi,14.541065,75.65155,Plot,666,1,1,11,Yes,Unfurnished,22,85,92,8061930
6457,Mumbai,Andheri,17.391748,74.400515,Plot,4655,5,4,4,Yes,Fully,4,52,44,31914680
6458,Bengaluru,Electronic City,13.418971,79.966213,Plot,3060,2,1,19,Yes,Fully,1,100,32,15052140
6459,Mumbai,Bandra,17.910108,72.731764,Independent House,3885,1,1,16,Yes,Unfurnished,9,61,30,50578815
6460,Hyderabad,Kondapur,15.982073,77.986208,Villa,1342,3,2,25,No,Fully,20,87,19,9820756
6461,Bengaluru,Whitefield,13.328143,75.144569,Independent House,3544,2,1,21,No,Semi,23,61,27,27097424
6462,Pune,Wakad,14.132512,76.988792,Apartment,4543,4,3,20,No,Semi,22,83,9,24809323
6463,Pune,Baner,16.57389,73.451402,Apartment,739,3,2,4,No,Fully,22,96,25,8444553
6464,Mumbai,Andheri,14.052952,75.721611,Independent House,2004,2,1,16,No,Unfurnished,14,84,15,18845616
6465,Chennai,Velachery,16.678323,79.569228,Apartment,3782,4,3,15,Yes,Fully,30,55,92,41337260
6466,Pune,Wakad,17.207383,75.313733,Independent House,2114,3,2,13,No,Fully,22,79,17,20368390
6467,Chennai,Adyar,17.421672,72.900838,Apartment,4625,5,4,11,Yes,Semi,26,60,1,62201625
6468,Bengaluru,Whitefield,13.171868,72.793567,Plot,1299,4,3,18,Yes,Unfurnished,2,99,9,12439224
6469,Hyderabad,Miyapur,17.426437,79.069553,Plot,2587,3,2,6,Yes,Unfurnished,11,59,86,20858981
6470,Mumbai,Bandra,15.381763,76.548595,Independent House,1743,4,3,14,Yes,Unfurnished,20,91,3,22141329
6471,Hyderabad,Kukatpally,14.887589,77.702991,Apartment,1731,4,3,11,Yes,Unfurnished,15,92,78,21222060
6472,Bengaluru,Electronic City,14.570359,79.5185,Apartment,3041,2,1,7,No,Unfurnished,20,81,72,19845566
6473,Bengaluru,Electronic City,14.574593,72.730984,Independent House,3008,1,1,8,Yes,Semi,19,92,23,14664000
6474,Chennai,Adyar,18.352057,76.933877,Independent House,4382,1,1,16,Yes,Unfurnished,10,62,93,52084452
6475,Chennai,Adyar,15.170754,74.443813,Plot,1613,3,2,22,No,Semi,26,66,62,14721851
6476,Mumbai,Thane,13.277294,76.263503,Independent House,2312,1,1,13,No,Fully,25,52,66,24437840
6477,Mumbai,Andheri,12.336787,73.609879,Villa,3860,1,1,23,No,Semi,10,90,21,43455880
6478,Hyderabad,Kondapur,15.229911,78.492084,Villa,905,4,3,0,Yes,Semi,4,88,29,7426430
6479,Bengaluru,HSR Layout,15.728599,74.046531,Plot,679,2,1,13,No,Fully,13,52,58,3052105
6480,Bengaluru,Whitefield,12.592665,77.856097,Independent House,1443,1,1,7,No,Semi,15,94,72,21507915
6481,Pune,Hinjewadi,18.654963,78.256352,Independent House,555,4,3,11,No,Semi,0,100,8,2325450
6482,Chennai,Velachery,13.695196,75.497276,Villa,741,3,2,7,No,Fully,3,55,10,4247412
6483,Mumbai,Bandra,17.001416,79.038946,Villa,4251,5,4,18,No,Semi,4,51,74,53991951
6484,Hyderabad,Kukatpally,15.203134,78.465874,Plot,1693,5,4,14,No,Unfurnished,19,56,87,24812608
6485,Bengaluru,Electronic City,14.941986,74.700138,Villa,2461,3,2,11,No,Fully,20,92,38,20770840
6486,Hyderabad,Kondapur,14.950477,76.64727,Plot,2223,1,1,11,Yes,Semi,11,84,58,19531278
6487,Pune,Wakad,15.058819,73.510207,Independent House,931,5,4,11,Yes,Semi,1,95,45,5626033
6488,Chennai,Adyar,13.203484,72.316907,Villa,4189,2,1,10,No,Semi,17,78,97,42815769
6489,Pune,Hinjewadi,14.58964,79.740506,Independent House,2691,1,1,18,Yes,Unfurnished,5,90,13,29783988
6490,Bengaluru,Indiranagar,17.567592,77.363209,Apartment,2436,4,3,0,Yes,Semi,9,71,14,35490084
6491,Hyderabad,Kondapur,17.189042,77.711846,Apartment,2897,5,4,4,Yes,Fully,20,99,69,40389974
6492,Mumbai,Bandra,15.272049,72.117678,Independent House,2965,2,1,2,No,Fully,1,52,63,25184710
6493,Pune,Baner,14.736042,78.467422,Villa,4504,4,3,21,No,Semi,7,84,42,28726512
6494,Pune,Wakad,15.566808,79.75724,Apartment,1994,3,2,24,Yes,Semi,30,68,86,15686798
6495,Hyderabad,Miyapur,17.837483,72.634959,Independent House,4398,4,3,16,Yes,Semi,0,50,45,57002478
6496,Bengaluru,HSR Layout,17.853963,76.704939,Apartment,4841,5,4,15,No,Semi,16,87,93,41952106
6497,Pune,Baner,17.533415,77.834494,Villa,661,3,2,22,No,Semi,20,69,16,3667889
6498,Pune,Wakad,12.195013,79.654187,Independent House,4127,1,1,9,No,Unfurnished,19,91,60,42503973
6499,Bengaluru,HSR Layout,13.076149,79.186108,Apartment,1370,2,1,25,No,Fully,28,99,76,19078620
6500,Pune,Hinjewadi,13.197311,72.466048,Independent House,3059,4,3,24,Yes,Semi,7,89,40,21679133
6501,Pune,Hinjewadi,15.71397,77.245332,Apartment,553,2,1,13,No,Fully,29,90,60,4105472
6502,Mumbai,Powai,15.570746,72.837545,Apartment,3159,4,3,21,Yes,Fully,7,60,22,32926257
6503,Mumbai,Thane,15.336565,77.268631,Apartment,2201,3,2,5,No,Semi,30,54,45,17500151
6504,Mumbai,Bandra,12.524835,73.981104,Villa,4282,1,1,18,No,Unfurnished,12,98,58,55558950
6505,Bengaluru,HSR Layout,13.275521,74.996252,Apartment,715,1,1,13,No,Fully,2,92,62,7921485
6506,Pune,Baner,14.502343,74.414691,Villa,3194,4,3,12,Yes,Semi,6,52,69,45702946
6507,Mumbai,Thane,13.086723,74.037618,Villa,1175,5,4,8,No,Unfurnished,30,88,80,6467200
6508,Bengaluru,Indiranagar,15.797839,78.440565,Apartment,2389,5,4,9,Yes,Fully,20,79,10,22786282
6509,Mumbai,Thane,15.238759,72.545703,Apartment,4381,1,1,22,No,Unfurnished,2,52,7,37992032
6510,Mumbai,Powai,18.013787,74.301179,Apartment,4614,3,2,20,No,Unfurnished,11,78,98,38859108
6511,Chennai,Anna Nagar,18.53154,77.102181,Independent House,2451,2,1,11,No,Semi,11,94,85,22845771
6512,Bengaluru,Electronic City,14.902735,73.34341,Villa,4039,5,4,17,Yes,Unfurnished,8,72,44,39816462
6513,Chennai,Anna Nagar,18.13757,79.429183,Villa,4146,3,2,17,Yes,Unfurnished,22,60,20,42554544
6514,Hyderabad,Miyapur,16.093961,73.95337,Apartment,749,2,1,4,Yes,Semi,23,56,61,6415185
6515,Pune,Kharadi,14.180036,77.30122,Villa,4436,5,4,2,Yes,Fully,18,54,68,30603964
6516,Pune,Kharadi,18.387219,75.324559,Independent House,1749,1,1,13,Yes,Fully,6,60,40,22402941
6517,Bengaluru,Indiranagar,13.425544,73.739893,Independent House,1842,2,1,12,Yes,Semi,20,69,59,18440262
6518,Mumbai,Thane,16.208819,73.988365,Plot,3683,3,2,13,No,Unfurnished,26,94,23,48670845
6519,Chennai,Velachery,18.510609,79.090224,Apartment,2242,4,3,22,Yes,Fully,25,99,38,9066648
6520,Chennai,Adyar,17.134505,78.570531,Plot,3173,3,2,8,Yes,Unfurnished,21,93,99,30866944
6521,Mumbai,Bandra,16.117562,72.359138,Plot,1367,3,2,14,No,Fully,30,65,48,18115484
6522,Hyderabad,Jubilee Hills,17.237884,77.475015,Villa,4154,3,2,25,Yes,Fully,15,71,59,27366552
6523,Pune,Hinjewadi,12.128075,72.91122,Plot,1777,1,1,13,Yes,Semi,10,86,63,12154680
6524,Pune,Hinjewadi,13.467102,74.773851,Independent House,3139,5,4,15,No,Fully,15,71,42,43070219
6525,Chennai,Velachery,15.524015,74.122192,Villa,3183,1,1,5,No,Fully,28,63,57,21978615
6526,Mumbai,Andheri,12.42345,78.743027,Apartment,837,1,1,1,No,Fully,4,63,67,9391977
6527,Bengaluru,Electronic City,17.362719,79.217996,Villa,970,3,2,22,Yes,Semi,20,96,98,6607640
6528,Pune,Hinjewadi,18.300422,78.237832,Apartment,4613,2,1,7,No,Fully,17,70,51,53644577
6529,Chennai,OMR,17.521126,73.626759,Plot,2773,4,3,25,No,Unfurnished,27,67,12,11172417
6530,Chennai,Velachery,14.661258,74.034176,Plot,4005,1,1,21,No,Fully,25,50,78,52329330
6531,Hyderabad,Kondapur,17.468082,79.98062,Independent House,2579,5,4,19,No,Fully,13,64,87,27868674
6532,Hyderabad,Kondapur,15.509103,72.779049,Plot,1949,5,4,25,Yes,Fully,28,93,70,9331812
6533,Bengaluru,Electronic City,15.915812,78.673642,Plot,2566,5,4,20,Yes,Fully,5,72,73,11169798
6534,Pune,Wakad,16.600396,73.811767,Villa,1972,1,1,14,No,Unfurnished,5,54,22,21277880
6535,Mumbai,Powai,18.470239,77.061613,Independent House,1929,1,1,13,Yes,Fully,8,58,72,25578540
6536,Hyderabad,Jubilee Hills,18.854253,73.4841,Apartment,1875,1,1,11,No,Unfurnished,8,51,44,23424375
6537,Bengaluru,Indiranagar,15.766371,77.311522,Villa,1063,1,1,20,No,Unfurnished,10,97,73,10099563
6538,Hyderabad,Kukatpally,13.496136,75.133518,Apartment,4029,3,2,15,Yes,Fully,5,84,76,44137695
6539,Chennai,Velachery,14.058714,76.193877,Independent House,1945,2,1,24,No,Semi,12,88,94,19866230
6540,Chennai,OMR,17.332817,75.741798,Independent House,4544,2,1,22,Yes,Unfurnished,23,73,90,54323520
6541,Mumbai,Andheri,16.005942,74.686878,Apartment,2242,5,4,20,No,Semi,17,54,34,9927576
6542,Pune,Kharadi,14.991047,72.780361,Plot,1898,1,1,1,Yes,Fully,5,55,32,19382376
6543,Chennai,Velachery,18.723775,76.992869,Villa,1008,1,1,7,No,Semi,24,53,4,6439104
6544,Hyderabad,Kukatpally,12.400936,72.500095,Villa,4580,4,3,9,Yes,Unfurnished,11,74,94,35714840
6545,Chennai,Anna Nagar,18.519286,75.936084,Independent House,1777,1,1,22,Yes,Semi,22,70,62,24686084
6546,Hyderabad,Banjara Hills,14.786183,79.851447,Plot,4935,4,3,25,Yes,Semi,0,52,55,58272480
6547,Chennai,Adyar,18.646602,78.515635,Apartment,1649,2,1,18,Yes,Fully,14,65,81,14852543
6548,Hyderabad,Miyapur,18.521418,75.193501,Apartment,2850,1,1,8,Yes,Semi,30,94,20,31900050
6549,Chennai,Adyar,18.248047,72.110161,Plot,539,1,1,7,No,Semi,27,69,62,3281432
6550,Bengaluru,HSR Layout,17.637178,76.237136,Independent House,754,5,4,13,No,Semi,2,98,26,10107370
6551,Hyderabad,Madhapur,16.302431,72.344322,Apartment,3619,1,1,2,Yes,Fully,15,91,76,25010909
6552,Bengaluru,Electronic City,18.682315,74.085739,Apartment,1120,3,2,9,Yes,Unfurnished,20,94,83,9689120
6553,Chennai,Anna Nagar,16.048584,78.560997,Villa,3425,5,4,20,Yes,Unfurnished,29,53,73,25074425
6554,Bengaluru,Whitefield,17.417981,75.893938,Independent House,583,2,1,25,Yes,Unfurnished,28,56,21,4630186
6555,Hyderabad,Madhapur,13.677144,72.10465,Independent House,2846,5,4,4,Yes,Fully,6,80,91,20109836
6556,Hyderabad,Jubilee Hills,13.964819,78.766386,Villa,4812,2,1,4,No,Semi,1,76,31,20937012
6557,Pune,Baner,16.891298,72.470377,Villa,3313,2,1,12,Yes,Semi,17,55,60,43204833
6558,Mumbai,Bandra,15.810723,78.494781,Apartment,3680,5,4,6,Yes,Fully,21,83,75,42872000
6559,Pune,Wakad,16.479566,77.222729,Independent House,625,5,4,20,No,Fully,9,66,10,2757500
6560,Bengaluru,Whitefield,18.287961,77.902422,Villa,4657,3,2,12,No,Unfurnished,12,65,74,66418134
6561,Bengaluru,HSR Layout,14.510439,74.59004,Apartment,1638,3,2,6,Yes,Unfurnished,10,93,37,8815716
6562,Hyderabad,Kukatpally,15.144644,74.667593,Apartment,4500,4,3,2,No,Unfurnished,12,95,10,65025000
6563,Mumbai,Thane,14.16698,72.831246,Apartment,3581,5,4,4,No,Fully,28,75,70,36647954
6564,Chennai,Adyar,17.177586,77.521747,Independent House,921,2,1,25,No,Unfurnished,22,50,51,13160169
6565,Mumbai,Andheri,13.187862,75.739516,Apartment,3217,5,4,18,Yes,Semi,1,79,61,29326172
6566,Mumbai,Bandra,14.326062,78.378447,Independent House,1352,2,1,11,No,Fully,14,55,26,12906192
6567,Mumbai,Andheri,12.731291,72.39357,Plot,1923,2,1,6,Yes,Unfurnished,8,70,89,12145668
6568,Bengaluru,HSR Layout,12.790355,72.794189,Villa,4070,4,3,16,No,Unfurnished,4,50,3,39710990
6569,Mumbai,Powai,12.028606,78.114372,Apartment,4814,2,1,7,No,Semi,12,77,55,69461206
6570,Chennai,Adyar,12.38806,75.272923,Plot,4686,3,2,25,No,Unfurnished,13,60,96,56677170
6571,Bengaluru,Indiranagar,16.983852,78.411193,Apartment,567,2,1,9,No,Fully,26,81,57,4827438
6572,Mumbai,Andheri,17.832727,74.649971,Plot,577,4,3,8,Yes,Unfurnished,26,83,40,6659157
6573,Mumbai,Thane,14.442338,74.799511,Villa,2091,3,2,9,No,Unfurnished,11,54,77,29048172
6574,Hyderabad,Banjara Hills,12.763004,77.674695,Apartment,1807,4,3,19,No,Semi,13,75,7,16541278
6575,Chennai,OMR,16.751331,76.324465,Villa,4994,3,2,17,Yes,Unfurnished,4,81,76,53425812
6576,Mumbai,Thane,17.261849,78.085904,Apartment,4556,1,1,14,Yes,Fully,14,51,12,18716048
6577,Chennai,Velachery,15.078789,79.43755,Plot,3981,5,4,22,Yes,Unfurnished,29,96,13,47453520
6578,Pune,Wakad,16.276896,72.086817,Apartment,2838,2,1,6,No,Fully,26,73,6,20927412
6579,Hyderabad,Madhapur,13.252082,75.438048,Apartment,2952,4,3,15,No,Semi,2,75,97,25387200
6580,Hyderabad,Madhapur,15.315608,74.818501,Apartment,2384,2,1,18,No,Semi,11,78,58,26638816
6581,Hyderabad,Miyapur,15.971373,78.510141,Villa,911,1,1,18,Yes,Unfurnished,20,52,61,5673708
6582,Bengaluru,Indiranagar,18.663339,73.726305,Plot,4740,2,1,2,Yes,Unfurnished,9,65,89,60363900
6583,Pune,Wakad,16.780991,75.835034,Plot,3498,1,1,22,Yes,Fully,11,91,5,38271618
6584,Bengaluru,Whitefield,13.800147,76.738884,Apartment,1632,1,1,23,Yes,Unfurnished,10,72,89,14025408
6585,Hyderabad,Madhapur,18.483903,74.629096,Independent House,1936,2,1,16,No,Fully,27,51,49,23638560
6586,Chennai,Adyar,18.222145,78.236896,Independent House,3512,4,3,22,No,Unfurnished,1,83,54,31685264
6587,Mumbai,Bandra,14.250229,76.303816,Villa,1395,4,3,4,No,Unfurnished,3,85,27,7016850
6588,Bengaluru,Indiranagar,14.925716,73.380985,Apartment,1721,4,3,16,Yes,Fully,20,99,38,17660902
6589,Mumbai,Powai,18.074716,78.371643,Independent House,3026,3,2,5,No,Semi,2,60,36,20779542
6590,Hyderabad,Gachibowli,18.778163,76.621425,Independent House,2397,5,4,17,Yes,Fully,30,71,5,30942873
6591,Mumbai,Andheri,14.647895,79.412753,Apartment,4147,4,3,23,No,Fully,25,66,65,49079745
6592,Chennai,Adyar,16.521404,78.687879,Independent House,3906,4,3,11,No,Semi,3,57,28,29341872
6593,Chennai,OMR,14.206414,78.349484,Villa,4502,4,3,2,Yes,Unfurnished,7,64,93,64450632
6594,Bengaluru,Whitefield,12.320523,75.443515,Independent House,1496,4,3,22,No,Fully,27,65,38,8494288
6595,Chennai,Adyar,13.89851,78.749932,Apartment,1310,5,4,0,No,Semi,24,98,30,11664240
6596,Bengaluru,Indiranagar,12.165217,77.596104,Independent House,2149,2,1,1,No,Unfurnished,5,83,84,13018642
6597,Hyderabad,Kondapur,15.10966,76.797345,Villa,3705,1,1,14,No,Fully,30,75,98,32563245
6598,Hyderabad,Jubilee Hills,14.365527,77.584593,Villa,4755,1,1,1,Yes,Semi,16,73,38,59095140
6599,Hyderabad,Banjara Hills,16.409109,78.38633,Villa,629,5,4,20,Yes,Semi,16,80,88,4752095
6600,Hyderabad,Kondapur,12.265759,77.580779,Villa,4756,5,4,9,Yes,Fully,7,98,88,35693780
6601,Hyderabad,Kukatpally,18.220837,77.583444,Independent House,2101,1,1,5,No,Semi,24,70,19,26319227
6602,Chennai,Adyar,18.915693,74.551291,Villa,4320,1,1,16,Yes,Unfurnished,11,88,71,43264800
6603,Hyderabad,Jubilee Hills,14.357241,72.614811,Villa,2731,5,4,23,Yes,Fully,2,69,50,39102458
6604,Chennai,Adyar,16.802441,73.45359,Independent House,2803,3,2,11,No,Unfurnished,16,75,16,36279229
6605,Chennai,Adyar,13.449306,77.771859,Plot,1236,5,4,17,No,Unfurnished,19,55,77,17007360
6606,Hyderabad,Madhapur,12.411944,75.384324,Apartment,560,4,3,20,No,Unfurnished,2,90,70,7238000
6607,Bengaluru,Indiranagar,12.070124,72.562683,Plot,4782,2,1,22,Yes,Semi,7,96,90,60941808
6608,Bengaluru,Whitefield,13.82268,75.496854,Independent House,4390,2,1,17,Yes,Unfurnished,27,81,94,61271230
6609,Mumbai,Andheri,15.365542,72.497539,Plot,4494,2,1,13,Yes,Semi,23,88,36,31786062
6610,Hyderabad,Gachibowli,14.963322,76.690873,Apartment,4361,5,4,20,Yes,Fully,25,72,49,21560784
6611,Pune,Wakad,17.742561,76.724578,Villa,4359,4,3,18,Yes,Semi,25,59,25,24240399
6612,Pune,Wakad,14.570082,75.066128,Villa,1562,2,1,3,Yes,Unfurnished,17,58,41,8819052
6613,Bengaluru,Electronic City,12.852601,75.301427,Plot,2989,2,1,18,No,Fully,7,50,3,12233977
6614,Pune,Kharadi,14.643451,78.888427,Independent House,2389,4,3,1,Yes,Fully,11,77,11,35266418
6615,Pune,Hinjewadi,16.527413,74.375003,Villa,4983,5,4,2,Yes,Unfurnished,11,52,17,26056107
6616,Bengaluru,Electronic City,13.430459,75.683842,Villa,768,4,3,19,No,Fully,14,52,51,7498752
6617,Chennai,Adyar,15.003522,75.368306,Plot,733,4,3,7,No,Fully,5,62,62,9704187
6618,Mumbai,Bandra,14.887403,73.464966,Villa,2259,4,3,22,Yes,Unfurnished,25,57,20,18044892
6619,Pune,Wakad,15.919805,72.185726,Villa,1487,5,4,10,No,Semi,21,68,19,17122805
6620,Chennai,Velachery,15.59211,75.739095,Plot,857,4,3,4,No,Unfurnished,16,57,5,9211893
6621,Hyderabad,Miyapur,13.098633,73.409452,Villa,3197,3,2,15,Yes,Semi,4,78,68,46305348
6622,Pune,Hinjewadi,15.826524,74.069474,Villa,1047,5,4,4,No,Fully,5,61,97,13864374
6623,Bengaluru,HSR Layout,18.846511,72.203659,Independent House,3458,5,4,6,Yes,Fully,1,53,69,40244204
6624,Pune,Hinjewadi,12.447691,72.261926,Villa,4003,3,2,5,Yes,Semi,7,74,42,55125313
6625,Pune,Kharadi,15.144477,79.136639,Independent House,3851,3,2,25,Yes,Fully,28,76,49,19251149
6626,Chennai,Anna Nagar,15.361969,77.710886,Independent House,769,3,2,18,No,Semi,3,55,40,5131537
6627,Mumbai,Bandra,14.77476,77.31931,Apartment,4672,3,2,17,Yes,Unfurnished,6,54,91,51022912
6628,Chennai,Velachery,18.623481,72.275157,Villa,3546,1,1,4,Yes,Fully,11,52,89,23548986
6629,Mumbai,Andheri,17.424659,73.078564,Independent House,649,2,1,20,No,Fully,25,91,88,4297029
6630,Hyderabad,Madhapur,17.545202,77.053973,Independent House,3681,1,1,19,No,Semi,30,89,17,49089816
6631,Bengaluru,Electronic City,12.995706,73.650856,Villa,3509,1,1,19,No,Unfurnished,11,77,72,27124570
6632,Hyderabad,Miyapur,18.737788,76.328728,Villa,3264,1,1,6,Yes,Fully,7,63,10,14518272
6633,Hyderabad,Kukatpally,14.904432,72.148398,Plot,4120,3,2,7,Yes,Semi,28,60,11,36103560
6634,Pune,Wakad,14.020683,74.085778,Independent House,913,5,4,19,Yes,Fully,15,55,54,10596278
6635,Bengaluru,HSR Layout,18.650816,72.217587,Plot,642,3,2,21,No,Fully,18,92,96,6276834
6636,Chennai,OMR,13.374062,74.446804,Plot,4438,5,4,23,Yes,Unfurnished,20,78,97,63277004
6637,Chennai,Adyar,15.769083,74.496661,Villa,2124,1,1,9,Yes,Fully,10,80,6,31295016
6638,Hyderabad,Madhapur,12.469732,74.101314,Apartment,2971,1,1,20,Yes,Unfurnished,24,57,67,26251756
6639,Hyderabad,Madhapur,16.56828,73.878564,Independent House,1793,1,1,25,Yes,Fully,24,71,35,15364217
6640,Bengaluru,Electronic City,15.663343,74.707396,Independent House,2797,2,1,22,Yes,Unfurnished,9,65,64,13075975
6641,Chennai,OMR,12.688457,77.060495,Villa,1037,3,2,25,No,Semi,2,78,5,13790026
6642,Pune,Wakad,18.97981,78.51312,Plot,2028,2,1,3,No,Fully,7,67,1,19752720
6643,Hyderabad,Kondapur,14.560389,74.75938,Independent House,2947,1,1,9,No,Unfurnished,27,81,32,21545517
6644,Bengaluru,Electronic City,15.597071,73.715491,Villa,2137,2,1,17,Yes,Fully,1,52,42,12800630
6645,Bengaluru,Whitefield,18.408756,75.168588,Villa,2224,5,4,19,No,Unfurnished,3,65,89,18666032
6646,Chennai,Anna Nagar,17.76217,77.792591,Independent House,2450,2,1,22,No,Fully,16,65,22,23147600
6647,Hyderabad,Gachibowli,16.488549,73.155778,Villa,3351,2,1,8,Yes,Fully,15,75,42,22676217
6648,Hyderabad,Miyapur,15.430173,77.48174,Plot,2805,5,4,10,Yes,Unfurnished,21,60,33,19954770
6649,Pune,Kharadi,14.47865,72.152613,Independent House,4784,2,1,23,No,Semi,4,83,62,24958128
6650,Mumbai,Andheri,14.44844,79.978709,Independent House,2286,2,1,3,Yes,Fully,22,83,53,28488132
6651,Hyderabad,Kondapur,12.7151,78.326006,Villa,1804,4,3,23,No,Unfurnished,5,80,31,25326356
6652,Bengaluru,HSR Layout,16.776795,72.81282,Plot,3347,4,3,3,No,Semi,3,70,97,26294032
6653,Bengaluru,Whitefield,18.044389,77.048136,Independent House,2114,5,4,6,No,Semi,10,55,99,12070940
6654,Chennai,OMR,13.228334,72.307444,Apartment,2081,5,4,4,Yes,Fully,4,85,10,31088059
6655,Bengaluru,Indiranagar,12.248299,73.701897,Villa,3763,2,1,7,Yes,Unfurnished,20,54,14,35210391
6656,Mumbai,Powai,18.472238,74.192465,Apartment,618,3,2,9,Yes,Unfurnished,19,76,62,5987184
6657,Chennai,Adyar,18.242669,74.725536,Independent House,4086,4,3,21,Yes,Fully,6,99,95,52190478
6658,Chennai,Adyar,14.02573,73.208369,Apartment,2207,5,4,0,No,Fully,4,90,61,24219618
6659,Chennai,Anna Nagar,18.849853,78.396122,Independent House,2741,1,1,15,No,Unfurnished,8,60,75,37485916
6660,Hyderabad,Miyapur,15.109497,74.640684,Plot,1975,2,1,11,Yes,Semi,24,59,20,21995575
6661,Mumbai,Bandra,13.5438,76.877528,Apartment,643,1,1,25,No,Fully,7,92,48,9029006
6662,Pune,Kharadi,13.182345,74.852008,Independent House,1438,1,1,7,No,Unfurnished,19,69,74,7346742
6663,Chennai,OMR,17.262908,76.351481,Independent House,1586,3,2,8,No,Unfurnished,26,83,55,18974904
6664,Pune,Kharadi,12.892105,72.871326,Plot,959,1,1,12,Yes,Semi,20,93,3,5749205
6665,Pune,Wakad,18.053531,77.956762,Villa,4362,3,2,9,No,Semi,27,71,18,23393406
6666,Hyderabad,Kondapur,12.639724,79.33425,Independent House,4786,2,1,18,No,Fully,1,85,69,54971996
6667,Hyderabad,Miyapur,12.987852,79.871495,Villa,4096,3,2,0,Yes,Unfurnished,6,87,30,56119296
6668,Hyderabad,Jubilee Hills,16.324335,76.662826,Independent House,2639,3,2,23,Yes,Unfurnished,14,84,36,15612324
6669,Mumbai,Bandra,17.555425,72.223004,Villa,3946,4,3,19,Yes,Fully,23,93,42,22981504
6670,Chennai,Velachery,16.511423,77.779192,Villa,2910,5,4,0,No,Fully,0,93,10,14599470
6671,Chennai,Velachery,16.139669,77.60846,Independent House,4927,4,3,7,No,Semi,15,92,51,49880948
6672,Pune,Kharadi,18.763193,75.809873,Apartment,3636,3,2,14,Yes,Unfurnished,0,67,9,19016280
6673,Pune,Wakad,14.183703,72.833588,Apartment,4523,2,1,11,Yes,Fully,18,83,22,19656958
6674,Bengaluru,HSR Layout,16.224856,79.527422,Villa,570,1,1,11,No,Fully,19,83,17,7565610
6675,Mumbai,Bandra,13.521455,76.728587,Independent House,2690,5,4,24,No,Unfurnished,22,59,83,37041300
6676,Hyderabad,Kukatpally,12.184494,78.786088,Plot,3446,4,3,10,No,Semi,22,72,51,19659430
6677,Hyderabad,Madhapur,14.771711,76.914753,Apartment,1499,5,4,21,No,Semi,12,66,3,13063785
6678,Hyderabad,Miyapur,17.523426,72.000634,Independent House,890,3,2,7,No,Unfurnished,24,61,94,10153120
6679,Chennai,Velachery,18.764682,73.777785,Plot,1839,4,3,19,Yes,Semi,15,71,100,19379382
6680,Bengaluru,Electronic City,13.621146,79.670703,Villa,1364,2,1,1,No,Unfurnished,12,61,25,8735056
6681,Bengaluru,HSR Layout,18.519992,79.473022,Villa,4465,2,1,1,No,Unfurnished,23,73,66,37345260
6682,Hyderabad,Miyapur,13.773701,73.029933,Independent House,4701,2,1,17,Yes,Semi,0,84,16,39004197
6683,Bengaluru,Indiranagar,14.699344,79.332411,Villa,1412,2,1,0,No,Unfurnished,14,96,52,9778100
6684,Chennai,Adyar,18.798173,79.455952,Apartment,3887,5,4,2,No,Semi,24,50,83,51716535
6685,Chennai,Anna Nagar,12.609971,73.201348,Apartment,1423,4,3,3,Yes,Semi,6,77,91,17898494
6686,Bengaluru,Indiranagar,15.201087,75.499291,Villa,3690,5,4,17,Yes,Semi,18,98,51,49084380
6687,Hyderabad,Kondapur,13.478074,79.298159,Villa,4130,5,4,10,Yes,Semi,15,90,12,28839790
6688,Mumbai,Andheri,14.538991,76.309904,Villa,861,1,1,2,No,Unfurnished,4,80,50,3807342
6689,Mumbai,Powai,14.044813,75.888591,Apartment,3919,3,2,0,No,Fully,29,91,31,42301686
6690,Hyderabad,Banjara Hills,18.091477,79.104711,Apartment,2452,1,1,16,No,Semi,10,75,92,34823304
6691,Pune,Baner,12.751605,76.711722,Villa,3732,4,3,17,No,Semi,29,77,100,52845120
6692,Hyderabad,Gachibowli,13.938158,79.255542,Independent House,655,1,1,23,No,Fully,4,100,81,9791595
6693,Hyderabad,Banjara Hills,12.241343,74.359606,Villa,2726,1,1,25,No,Fully,16,59,64,18833934
6694,Pune,Wakad,13.961409,78.984176,Apartment,2452,3,2,8,No,Semi,18,63,69,29524532
6695,Pune,Hinjewadi,13.620177,76.369874,Villa,3580,2,1,15,Yes,Semi,11,81,97,34772540
6696,Pune,Kharadi,14.817942,75.675293,Apartment,4690,2,1,22,Yes,Semi,3,81,96,19843390
6697,Bengaluru,Whitefield,18.412795,73.692452,Plot,1670,1,1,4,No,Semi,18,64,10,10121870
6698,Chennai,Adyar,16.958998,75.816258,Plot,1211,4,3,22,No,Unfurnished,12,53,47,8981987
6699,Bengaluru,Electronic City,18.508043,72.456594,Apartment,1538,4,3,13,No,Fully,20,50,39,11504240
6700,Hyderabad,Miyapur,15.379159,77.030135,Apartment,1979,2,1,6,No,Fully,8,91,32,27820782
6701,Hyderabad,Jubilee Hills,18.577439,72.00747,Apartment,3659,4,3,2,No,Fully,24,88,34,18606015
6702,Bengaluru,Whitefield,15.375186,77.586417,Apartment,1404,2,1,5,No,Semi,30,80,9,7891884
6703,Chennai,Anna Nagar,18.472237,74.198058,Villa,3693,2,1,3,Yes,Unfurnished,0,56,43,53168121
6704,Chennai,Velachery,15.07056,73.097702,Apartment,3936,4,3,22,No,Unfurnished,29,90,11,50534304
6705,Chennai,OMR,17.746045,78.038989,Plot,699,5,4,11,No,Semi,22,79,97,5345952
6706,Hyderabad,Banjara Hills,15.518655,72.492821,Apartment,1317,2,1,5,No,Fully,25,70,76,17298795
6707,Bengaluru,Indiranagar,17.93201,78.710735,Plot,3796,4,3,1,Yes,Semi,1,64,56,23250500
6708,Hyderabad,Banjara Hills,17.056331,77.102847,Independent House,3070,1,1,15,No,Unfurnished,8,81,15,14530310
6709,Mumbai,Andheri,12.172519,74.629613,Apartment,1579,5,4,21,No,Semi,1,70,67,12415677
6710,Pune,Hinjewadi,12.803622,72.27414,Apartment,988,5,4,6,Yes,Unfurnished,10,60,53,11392628
6711,Chennai,Velachery,18.776562,73.165087,Villa,4549,1,1,8,No,Unfurnished,18,52,76,41122960
6712,Mumbai,Thane,15.321368,77.948449,Independent House,4437,5,4,24,Yes,Unfurnished,30,69,54,26284788
6713,Bengaluru,Whitefield,18.558404,76.544365,Plot,4324,5,4,17,No,Fully,19,62,90,27457400
6714,Pune,Kharadi,13.826446,77.478217,Apartment,2758,5,4,9,Yes,Fully,8,94,39,40840464
6715,Hyderabad,Kondapur,15.379767,72.040356,Independent House,4397,5,4,13,No,Fully,7,84,72,26971198
6716,Bengaluru,Whitefield,16.021706,79.58654,Villa,4836,4,3,0,No,Semi,4,100,55,34707972
6717,Pune,Baner,16.498675,75.288481,Villa,745,4,3,21,No,Semi,5,67,65,7707025
6718,Mumbai,Thane,12.423065,78.94377,Plot,4510,3,2,18,No,Semi,15,52,66,36927880
6719,Bengaluru,Indiranagar,17.883459,77.345782,Plot,4330,2,1,17,No,Semi,23,85,31,59931530
6720,Bengaluru,Indiranagar,18.035564,76.380152,Plot,540,4,3,13,No,Semi,6,79,54,3855600
6721,Mumbai,Bandra,18.334562,77.280431,Apartment,4907,5,4,5,No,Fully,9,54,54,53397974
6722,Pune,Baner,18.127754,74.332775,Plot,4957,2,1,16,No,Fully,15,82,54,22817071
6723,Chennai,OMR,17.956978,74.956157,Villa,3816,4,3,15,No,Unfurnished,8,54,69,43448976
6724,Pune,Hinjewadi,12.906612,78.7223,Plot,1882,4,3,11,No,Unfurnished,1,74,88,19806168
6725,Pune,Kharadi,12.140487,75.314686,Plot,2572,3,2,3,Yes,Fully,20,64,13,30539928
6726,Chennai,OMR,16.869287,79.58298,Apartment,4888,5,4,11,No,Unfurnished,3,54,85,52086528
6727,Mumbai,Powai,14.599839,75.827221,Villa,901,3,2,18,Yes,Fully,7,99,75,13321285
6728,Hyderabad,Jubilee Hills,17.767468,72.650623,Apartment,1202,2,1,2,No,Unfurnished,10,71,50,10531924
6729,Bengaluru,Whitefield,13.493318,76.790924,Plot,4417,3,2,0,No,Unfurnished,14,73,57,31338615
6730,Mumbai,Andheri,13.748442,76.545366,Apartment,2729,3,2,24,No,Fully,23,63,96,23949704
6731,Hyderabad,Jubilee Hills,17.621216,75.328037,Plot,2008,3,2,22,Yes,Semi,1,91,82,21112112
6732,Pune,Wakad,14.183104,79.474281,Villa,4135,1,1,0,Yes,Fully,21,64,7,53998965
6733,Bengaluru,Indiranagar,17.102061,72.087112,Independent House,1589,4,3,5,Yes,Semi,0,70,31,10538248
6734,Bengaluru,Indiranagar,14.918251,77.710644,Apartment,3322,4,3,15,No,Fully,20,96,33,36668236
6735,Hyderabad,Miyapur,17.056943,79.43984,Independent House,1361,5,4,18,No,Unfurnished,13,95,12,10980548
6736,Hyderabad,Banjara Hills,16.758966,72.865434,Plot,1429,4,3,21,Yes,Semi,0,63,95,17117991
6737,Mumbai,Andheri,17.831527,72.243569,Plot,1104,3,2,25,No,Fully,9,98,37,12425520
6738,Bengaluru,Whitefield,16.26646,74.631758,Plot,3524,2,1,9,No,Fully,1,79,4,42968132
6739,Bengaluru,Whitefield,18.032787,79.241298,Plot,4180,5,4,2,No,Semi,1,71,98,23282600
6740,Bengaluru,Whitefield,15.682336,75.238131,Independent House,2892,1,1,10,Yes,Semi,29,93,64,38775936
6741,Mumbai,Powai,18.50498,74.609593,Villa,2014,3,2,8,Yes,Semi,0,57,32,8839446
6742,Chennai,Adyar,12.307178,75.468381,Independent House,1667,4,3,21,Yes,Fully,27,63,31,14999666
6743,Mumbai,Thane,17.576623,75.036764,Villa,2514,2,1,1,No,Fully,15,57,88,32111322
6744,Hyderabad,Madhapur,17.590416,74.400884,Villa,1424,3,2,8,Yes,Semi,28,57,13,20430128
6745,Hyderabad,Gachibowli,18.320597,73.03217,Independent House,2696,1,1,3,No,Semi,7,90,15,29593992
6746,Bengaluru,HSR Layout,13.222667,75.683599,Apartment,4555,3,2,12,Yes,Semi,14,75,67,38057025
6747,Mumbai,Thane,18.634255,72.904504,Plot,4661,1,1,17,Yes,Unfurnished,28,88,47,60215459
6748,Mumbai,Thane,15.497469,75.341977,Independent House,2436,3,2,14,No,Unfurnished,15,66,94,27748476
6749,Mumbai,Powai,15.878465,76.78319,Apartment,2813,1,1,10,No,Fully,27,83,14,39277919
6750,Pune,Wakad,14.276707,79.044556,Apartment,2633,2,1,0,No,Unfurnished,7,50,20,25234672
6751,Bengaluru,Whitefield,18.658833,75.251292,Apartment,3660,5,4,6,No,Fully,28,100,30,53198100
6752,Bengaluru,Whitefield,17.18885,78.872096,Villa,3406,3,2,10,Yes,Semi,30,74,76,23331100
6753,Mumbai,Bandra,18.151657,75.968994,Plot,2551,1,1,17,No,Fully,13,85,24,25698774
6754,Pune,Hinjewadi,17.224648,74.80185,Villa,1882,5,4,13,Yes,Unfurnished,29,96,92,10943830
6755,Hyderabad,Madhapur,16.181369,74.542408,Independent House,4489,2,1,8,Yes,Unfurnished,29,72,11,42376160
6756,Bengaluru,Whitefield,12.401874,78.200043,Independent House,4576,5,4,4,Yes,Unfurnished,4,58,4,18871424
6757,Chennai,Adyar,14.580824,72.533134,Independent House,1637,4,3,12,Yes,Fully,29,75,2,20212039
6758,Hyderabad,Miyapur,18.098164,76.656627,Independent House,3413,4,3,12,No,Fully,22,52,79,19959224
6759,Pune,Hinjewadi,17.60045,75.830409,Plot,2945,3,2,21,Yes,Unfurnished,5,63,68,15523095
6760,Bengaluru,Electronic City,18.997596,76.780931,Plot,1166,4,3,13,Yes,Fully,17,69,97,13379850
6761,Hyderabad,Madhapur,14.621911,79.142474,Plot,4815,1,1,12,Yes,Semi,16,99,47,24392790
6762,Mumbai,Thane,17.607499,75.489319,Villa,3516,2,1,19,Yes,Unfurnished,18,66,12,19454028
6763,Hyderabad,Banjara Hills,14.31033,79.881945,Independent House,2052,5,4,15,No,Semi,13,95,35,17366076
6764,Chennai,Anna Nagar,15.555828,79.323256,Independent House,3960,1,1,19,No,Fully,28,92,15,41908680
6765,Mumbai,Powai,13.703691,75.134682,Plot,4615,5,4,16,No,Unfurnished,9,62,48,33887945
6766,Hyderabad,Kondapur,16.743944,76.613805,Villa,3179,3,2,14,Yes,Unfurnished,24,55,100,29669607
6767,Mumbai,Thane,15.597314,74.236839,Villa,1085,2,1,25,No,Semi,4,67,44,10005870
6768,Bengaluru,HSR Layout,18.42141,72.017079,Plot,2186,2,1,13,No,Unfurnished,28,50,10,24741148
6769,Hyderabad,Madhapur,18.88477,77.905834,Villa,3319,1,1,5,Yes,Semi,3,79,31,26147082
6770,Bengaluru,Whitefield,15.705671,75.315125,Apartment,2693,4,3,14,No,Semi,9,71,1,20738793
6771,Bengaluru,HSR Layout,16.116855,74.620123,Plot,2047,3,2,23,Yes,Unfurnished,2,55,86,9291333
6772,Mumbai,Powai,15.572354,72.926165,Apartment,3640,3,2,5,No,Semi,17,98,8,44353400
6773,Chennai,Anna Nagar,12.767839,72.011719,Independent House,3094,3,2,17,No,Semi,20,74,91,23647442
6774,Chennai,OMR,13.976447,74.787666,Plot,1482,3,2,13,No,Semi,22,57,34,18329376
6775,Pune,Hinjewadi,16.522035,77.394861,Apartment,3415,3,2,1,No,Semi,25,56,44,30697435
6776,Chennai,OMR,14.593356,76.862597,Villa,4090,3,2,22,No,Semi,19,98,42,50887780
6777,Pune,Kharadi,16.490678,76.338143,Independent House,2130,3,2,11,No,Fully,7,71,24,21713220
6778,Chennai,Anna Nagar,17.431376,75.815569,Independent House,1011,4,3,17,Yes,Semi,13,91,78,9032274
6779,Pune,Kharadi,13.075061,72.807404,Apartment,1788,4,3,21,No,Fully,29,63,22,13199016
6780,Pune,Kharadi,15.697204,79.553535,Independent House,4939,2,1,10,No,Unfurnished,20,84,9,56724415
6781,Hyderabad,Kondapur,18.493429,78.51235,Plot,4267,5,4,6,No,Fully,0,59,4,44585883
6782,Hyderabad,Miyapur,12.066714,72.549186,Independent House,2197,4,3,2,Yes,Unfurnished,30,58,56,27273558
6783,Pune,Wakad,17.005515,76.474554,Villa,4835,3,2,13,Yes,Semi,2,94,43,38259355
6784,Bengaluru,Whitefield,14.956913,74.663519,Independent House,723,4,3,11,No,Semi,28,54,97,8055666
6785,Pune,Wakad,16.695781,78.04051,Independent House,3715,1,1,7,No,Fully,26,61,34,29474810
6786,Mumbai,Powai,16.00535,76.04626,Plot,4037,4,3,3,Yes,Fully,5,88,55,20738069
6787,Mumbai,Thane,13.268641,75.524339,Independent House,1921,5,4,10,Yes,Unfurnished,24,70,35,10127512
6788,Bengaluru,Whitefield,14.5557,75.214549,Independent House,1588,2,1,8,Yes,Fully,4,77,78,21557100
6789,Bengaluru,Indiranagar,12.018971,75.865905,Villa,4627,3,2,11,Yes,Semi,23,69,32,58189152
6790,Mumbai,Powai,12.378062,79.21422,Villa,3623,4,3,10,Yes,Unfurnished,6,98,48,50276371
6791,Bengaluru,Indiranagar,12.23282,74.601552,Independent House,1331,5,4,6,No,Unfurnished,29,56,26,19636243
6792,Mumbai,Andheri,14.47963,79.365748,Independent House,3323,4,3,16,Yes,Fully,3,71,77,22699413
6793,Pune,Hinjewadi,15.402719,74.291013,Apartment,4010,1,1,14,No,Fully,18,70,8,40172180
6794,Hyderabad,Kondapur,18.64716,77.483406,Independent House,2321,1,1,17,No,Unfurnished,5,95,5,16862065
6795,Chennai,Velachery,18.148714,75.629869,Independent House,4674,5,4,20,Yes,Semi,1,82,52,57915534
6796,Bengaluru,Electronic City,13.581523,76.944583,Villa,4817,2,1,15,Yes,Semi,1,52,63,40780722
6797,Hyderabad,Banjara Hills,12.008929,78.64684,Villa,3119,4,3,16,Yes,Unfurnished,6,76,43,19057090
6798,Bengaluru,Indiranagar,14.789273,74.628071,Plot,1549,2,1,16,Yes,Unfurnished,8,50,35,14125331
6799,Hyderabad,Banjara Hills,12.904714,76.854063,Independent House,4742,1,1,14,No,Unfurnished,10,59,94,28257578
6800,Hyderabad,Jubilee Hills,14.64205,73.141735,Independent House,1378,1,1,16,No,Fully,15,71,19,10346024
6801,Bengaluru,Electronic City,15.301401,77.53696,Apartment,3920,1,1,12,Yes,Unfurnished,25,53,15,19055120
6802,Mumbai,Thane,15.47513,74.328413,Villa,597,4,3,19,Yes,Semi,26,75,69,8538891
6803,Mumbai,Bandra,12.414364,78.57884,Apartment,4913,4,3,17,No,Fully,10,71,35,56091721
6804,Pune,Baner,15.741227,78.703483,Apartment,3311,5,4,10,No,Unfurnished,19,90,8,19551455
6805,Pune,Wakad,17.769379,72.324249,Plot,1043,4,3,11,Yes,Semi,30,97,18,14152467
6806,Pune,Hinjewadi,13.193735,74.405245,Apartment,4954,1,1,14,No,Unfurnished,29,83,8,52487630
6807,Hyderabad,Jubilee Hills,18.215437,78.671071,Independent House,611,4,3,23,Yes,Unfurnished,26,77,2,5146453
6808,Hyderabad,Kukatpally,16.93159,75.04485,Independent House,3184,4,3,25,Yes,Fully,12,73,1,31120416
6809,Hyderabad,Jubilee Hills,16.364569,77.20208,Plot,3300,2,1,9,No,Fully,21,63,97,17631900
6810,Bengaluru,Whitefield,15.985094,76.66556,Plot,876,4,3,25,No,Semi,17,96,100,4713756
6811,Chennai,Adyar,12.96891,78.097276,Villa,1922,2,1,17,No,Semi,16,72,85,8254990
6812,Pune,Hinjewadi,16.796556,76.497636,Plot,2341,1,1,17,No,Unfurnished,9,70,41,14706162
6813,Hyderabad,Kukatpally,16.550846,73.446606,Villa,2814,5,4,6,No,Fully,16,90,4,24225726
6814,Mumbai,Andheri,14.512734,79.750804,Apartment,4761,4,3,5,Yes,Semi,25,56,16,61521642
6815,Pune,Hinjewadi,12.610275,79.260655,Independent House,3259,5,4,11,Yes,Fully,11,86,94,22333927
6816,Bengaluru,Indiranagar,16.611176,75.931378,Apartment,3415,1,1,23,No,Fully,6,64,58,23478125
6817,Bengaluru,Indiranagar,13.923192,73.051447,Apartment,2937,1,1,20,Yes,Unfurnished,2,86,8,21918831
6818,Bengaluru,HSR Layout,12.099181,79.311184,Apartment,4578,5,4,6,Yes,Semi,25,51,31,66261972
6819,Chennai,OMR,13.094181,76.298021,Independent House,2171,3,2,19,No,Semi,18,57,11,16907748
6820,Hyderabad,Banjara Hills,18.278128,73.458366,Villa,1115,2,1,0,Yes,Semi,18,63,33,8009045
6821,Chennai,OMR,15.682859,76.560758,Apartment,1992,1,1,6,Yes,Fully,0,70,89,10274736
6822,Hyderabad,Miyapur,18.862919,74.062633,Independent House,4551,3,2,19,Yes,Semi,26,50,8,55162671
6823,Pune,Hinjewadi,16.585633,73.284706,Apartment,3859,5,4,23,Yes,Fully,14,84,55,19812106
6824,Mumbai,Andheri,12.212446,75.638385,Plot,3524,2,1,2,Yes,Semi,2,56,66,49568584
6825,Chennai,Adyar,18.925761,75.663658,Villa,1784,3,2,25,No,Semi,29,81,64,16291488
6826,Bengaluru,Whitefield,17.789302,72.859489,Independent House,725,2,1,14,No,Unfurnished,18,52,80,8150450
6827,Hyderabad,Kukatpally,17.343453,75.920423,Villa,1067,3,2,13,No,Semi,8,88,1,10034068
6828,Bengaluru,HSR Layout,18.317968,77.805797,Apartment,3043,3,2,9,Yes,Fully,14,58,4,13136631
6829,Pune,Hinjewadi,17.811253,77.021659,Villa,1319,3,2,16,No,Unfurnished,19,99,39,6997295
6830,Bengaluru,Whitefield,16.977419,76.727288,Villa,701,4,3,21,Yes,Unfurnished,7,51,52,3903168
6831,Mumbai,Bandra,17.562839,76.580871,Villa,3759,2,1,16,No,Unfurnished,22,54,6,16107315
6832,Hyderabad,Gachibowli,18.655501,75.967444,Plot,2197,1,1,6,Yes,Semi,8,61,60,24898601
6833,Pune,Hinjewadi,18.122054,78.645763,Independent House,3697,4,3,18,Yes,Semi,14,88,28,53961412
6834,Mumbai,Thane,14.740491,73.432851,Independent House,2107,2,1,9,Yes,Unfurnished,29,69,23,26801040
6835,Hyderabad,Jubilee Hills,17.911092,75.281686,Villa,4536,2,1,1,No,Unfurnished,3,99,82,49428792
6836,Pune,Kharadi,14.385269,78.518685,Plot,3022,2,1,14,No,Semi,22,73,53,43259930
6837,Bengaluru,Whitefield,12.115563,72.669471,Villa,3989,3,2,13,Yes,Unfurnished,2,62,61,56009549
6838,Bengaluru,Electronic City,17.145935,75.922787,Plot,4629,3,2,11,Yes,Fully,6,68,5,52946502
6839,Pune,Baner,13.067252,79.100667,Plot,2244,4,3,18,Yes,Semi,17,96,40,9873600
6840,Chennai,Velachery,16.952126,74.107872,Villa,1999,4,3,16,Yes,Semi,8,75,7,13063465
6841,Mumbai,Powai,13.990379,74.545509,Villa,3240,2,1,7,Yes,Fully,12,99,22,18399960
6842,Hyderabad,Gachibowli,14.285545,74.396307,Independent House,4030,1,1,16,No,Fully,30,78,27,32425380
6843,Mumbai,Thane,15.11048,78.619784,Independent House,2002,4,3,14,Yes,Semi,26,75,22,26412386
6844,Hyderabad,Banjara Hills,16.629669,77.020436,Independent House,1035,3,2,1,No,Unfurnished,17,95,50,14739435
6845,Mumbai,Powai,17.852979,74.621876,Plot,4981,5,4,16,No,Unfurnished,17,75,50,31181060
6846,Hyderabad,Gachibowli,12.718422,77.733192,Villa,4430,3,2,5,No,Unfurnished,26,92,85,55995200
6847,Hyderabad,Jubilee Hills,15.87433,72.52442,Plot,2428,2,1,3,Yes,Semi,17,55,36,17151392
6848,Chennai,Adyar,17.346098,77.286388,Independent House,3893,4,3,16,Yes,Unfurnished,27,58,26,55969661
6849,Pune,Baner,14.158457,76.402881,Independent House,4432,2,1,6,No,Fully,0,60,9,45396976
6850,Pune,Wakad,14.597306,79.418109,Villa,4556,3,2,22,Yes,Unfurnished,1,55,89,51437240
6851,Mumbai,Thane,16.580634,73.456091,Apartment,2534,3,2,6,Yes,Fully,14,68,7,12368454
6852,Chennai,Velachery,14.632192,72.926135,Plot,560,4,3,15,No,Unfurnished,29,78,35,3613680
6853,Bengaluru,Indiranagar,17.056732,75.07197,Villa,3309,1,1,13,Yes,Fully,4,87,50,28341585
6854,Mumbai,Andheri,17.425732,72.35694,Plot,1511,2,1,9,No,Fully,24,86,85,18381315
6855,Bengaluru,Indiranagar,13.281751,78.808568,Independent House,2646,4,3,8,Yes,Unfurnished,2,74,13,27785646
6856,Bengaluru,Electronic City,13.562122,73.825793,Villa,3428,4,3,17,No,Semi,11,73,69,20262908
6857,Mumbai,Andheri,15.496091,74.697357,Villa,4428,1,1,8,No,Fully,16,100,16,35928792
6858,Mumbai,Thane,14.185483,73.299269,Apartment,4763,1,1,12,No,Unfurnished,19,94,43,69906551
6859,Hyderabad,Kondapur,16.815701,73.777215,Apartment,3991,2,1,14,No,Unfurnished,20,82,46,47572720
6860,Chennai,Velachery,17.457617,77.67231,Apartment,2770,1,1,4,No,Unfurnished,28,53,46,30990760
6861,Mumbai,Powai,13.501535,75.330684,Independent House,3281,3,2,4,No,Semi,0,63,3,18937932
6862,Hyderabad,Kukatpally,18.857728,77.648192,Apartment,1879,1,1,20,Yes,Unfurnished,19,70,59,21490123
6863,Hyderabad,Kukatpally,18.024695,73.822981,Plot,1942,5,4,1,No,Unfurnished,4,80,48,11921938
6864,Chennai,Velachery,14.339491,74.646069,Villa,4769,1,1,0,Yes,Unfurnished,11,79,97,49101624
6865,Mumbai,Andheri,15.831258,73.128184,Apartment,3434,1,1,2,No,Unfurnished,3,51,6,45490198
6866,Bengaluru,Indiranagar,14.88071,72.7077,Villa,4774,3,2,16,No,Fully,10,81,53,52251430
6867,Pune,Kharadi,13.546122,76.657473,Independent House,4564,5,4,14,No,Unfurnished,4,100,86,60728584
6868,Chennai,Adyar,12.188416,73.336198,Plot,1518,4,3,17,No,Unfurnished,10,69,32,11857098
6869,Hyderabad,Madhapur,15.859095,79.825558,Villa,3742,4,3,7,No,Semi,11,93,44,23593310
6870,Bengaluru,Indiranagar,13.148778,78.720951,Apartment,2386,4,3,24,No,Semi,22,79,81,22564402
6871,Mumbai,Powai,16.616212,75.080594,Villa,4950,1,1,16,Yes,Semi,12,53,44,21849300
6872,Mumbai,Powai,15.976443,77.265987,Apartment,4898,2,1,24,Yes,Fully,12,88,11,50008580
6873,Chennai,Velachery,14.767914,72.068043,Apartment,2629,4,3,14,No,Unfurnished,22,98,51,27604500
6874,Pune,Baner,13.901308,77.635324,Villa,4172,1,1,6,Yes,Unfurnished,3,83,11,60994640
6875,Mumbai,Powai,15.373763,75.489196,Apartment,3582,2,1,16,No,Semi,30,79,96,26449488
6876,Mumbai,Powai,16.895841,75.247385,Villa,4752,5,4,7,Yes,Fully,3,62,98,51582960
6877,Hyderabad,Banjara Hills,16.207213,75.918958,Independent House,1764,1,1,5,No,Semi,11,54,16,23902200
6878,Bengaluru,HSR Layout,14.617665,77.600023,Plot,3086,3,2,10,No,Fully,10,50,80,39173684
6879,Mumbai,Thane,16.619032,75.009768,Villa,3887,1,1,18,Yes,Fully,2,78,95,32810167
6880,Mumbai,Powai,12.334948,74.05239,Plot,2546,4,3,24,No,Semi,16,67,76,26256898
6881,Hyderabad,Kondapur,18.66798,72.947733,Villa,596,1,1,21,No,Semi,2,58,34,3618316
6882,Chennai,OMR,14.356938,78.657018,Apartment,3590,5,4,18,No,Unfurnished,28,90,79,42555860
6883,Hyderabad,Miyapur,13.947347,73.344767,Apartment,1562,2,1,11,No,Semi,14,97,47,8377006
6884,Chennai,OMR,12.020116,76.808502,Apartment,1894,3,2,9,No,Fully,30,90,64,9627202
6885,Chennai,Anna Nagar,17.642561,75.424954,Apartment,912,3,2,25,Yes,Fully,9,72,18,7632528
6886,Chennai,Velachery,14.01969,75.149209,Villa,523,2,1,3,Yes,Semi,30,98,59,2136978
6887,Bengaluru,Electronic City,13.915943,77.310996,Plot,3314,2,1,19,Yes,Fully,12,51,84,45378602
6888,Pune,Wakad,15.559296,76.32879,Villa,1386,2,1,14,Yes,Semi,0,94,3,20098386
6889,Chennai,Anna Nagar,16.718471,78.790542,Independent House,3454,5,4,21,No,Unfurnished,9,79,74,40194198
6890,Pune,Baner,15.442498,76.402091,Plot,1071,4,3,13,Yes,Unfurnished,12,61,10,9697905
6891,Mumbai,Powai,17.227327,76.400257,Independent House,4810,2,1,11,Yes,Unfurnished,8,90,6,43073550
6892,Bengaluru,Indiranagar,16.219659,75.099654,Plot,4996,1,1,13,Yes,Unfurnished,27,69,79,27023364
6893,Hyderabad,Kondapur,14.211782,76.876653,Independent House,2859,2,1,24,Yes,Semi,9,93,97,23929830
6894,Chennai,Adyar,13.76058,75.449807,Villa,695,3,2,20,Yes,Fully,25,77,31,9444355
6895,Chennai,Velachery,14.007474,77.436991,Plot,1525,4,3,23,Yes,Fully,7,95,72,13860725
6896,Chennai,Velachery,14.892882,77.535051,Apartment,4897,1,1,17,No,Fully,23,72,50,50399924
6897,Bengaluru,HSR Layout,18.380312,75.584142,Plot,4984,3,2,3,No,Fully,2,74,13,64228808
6898,Bengaluru,Whitefield,15.829701,78.324143,Apartment,4463,4,3,12,Yes,Unfurnished,8,97,70,66413903
6899,Mumbai,Powai,15.610224,76.592077,Independent House,3655,3,2,2,Yes,Unfurnished,27,52,6,38779550
6900,Mumbai,Powai,16.423288,75.468246,Villa,2106,1,1,8,No,Fully,11,72,67,31156164
6901,Chennai,OMR,13.562004,76.617578,Villa,3867,4,3,15,Yes,Semi,16,50,96,27830799
6902,Mumbai,Thane,18.813083,77.955847,Plot,4088,3,2,3,Yes,Unfurnished,10,80,48,36579424
6903,Bengaluru,Whitefield,14.054195,74.972021,Villa,4597,1,1,0,No,Semi,8,91,86,27742895
6904,Pune,Baner,13.726823,79.255556,Villa,2322,5,4,9,No,Semi,16,72,96,30666654
6905,Hyderabad,Gachibowli,13.182046,73.040518,Independent House,4145,4,3,14,No,Fully,24,90,39,54925395
6906,Hyderabad,Jubilee Hills,17.850302,76.881684,Apartment,664,2,1,19,Yes,Semi,0,64,80,7319936
6907,Pune,Wakad,13.847641,74.851632,Apartment,736,1,1,6,Yes,Fully,13,60,64,11006144
6908,Pune,Baner,15.17155,77.82507,Independent House,3616,4,3,23,No,Fully,10,63,89,41374272
6909,Bengaluru,Indiranagar,17.650053,76.343721,Apartment,3797,2,1,1,Yes,Unfurnished,27,91,11,42199858
6910,Pune,Wakad,18.014698,73.587176,Apartment,4649,3,2,14,No,Unfurnished,9,50,51,63082281
6911,Mumbai,Andheri,13.581395,78.395863,Villa,1930,1,1,21,Yes,Unfurnished,12,73,79,19093490
6912,Mumbai,Thane,18.397921,72.109913,Apartment,1836,3,2,1,Yes,Fully,2,77,69,14315292
6913,Chennai,Velachery,13.122903,79.784369,Apartment,1064,5,4,2,Yes,Unfurnished,28,82,98,12610528
6914,Hyderabad,Gachibowli,12.941524,73.983015,Villa,1264,5,4,13,No,Semi,20,57,36,16434528
6915,Hyderabad,Kukatpally,12.326937,75.786518,Plot,2006,5,4,17,No,Fully,29,84,78,19670836
6916,Bengaluru,Electronic City,13.536695,76.276353,Plot,4346,3,2,25,Yes,Unfurnished,13,73,66,33507660
6917,Mumbai,Bandra,12.594802,75.631337,Apartment,4970,3,2,19,Yes,Semi,15,54,63,21445550
6918,Chennai,Adyar,14.969116,74.591465,Villa,1185,4,3,7,Yes,Fully,2,50,35,14715330
6919,Pune,Baner,12.90157,74.319373,Apartment,4817,4,3,7,Yes,Fully,6,85,32,61426384
6920,Bengaluru,Indiranagar,15.71017,76.507075,Plot,3562,5,4,24,No,Fully,8,53,75,42530280
6921,Chennai,Adyar,16.756359,73.790807,Plot,3784,3,2,12,No,Unfurnished,4,86,95,51519160
6922,Mumbai,Bandra,13.748419,76.713429,Apartment,2711,2,1,21,No,Unfurnished,12,60,58,22742579
6923,Chennai,Adyar,16.836537,75.202474,Plot,1584,2,1,1,No,Semi,20,51,56,16044336
6924,Mumbai,Powai,15.494169,75.703381,Villa,1021,3,2,17,No,Semi,2,62,86,7069404
6925,Hyderabad,Gachibowli,13.957904,75.137274,Villa,3265,4,3,8,Yes,Fully,12,66,54,17712625
6926,Pune,Baner,15.393498,77.629023,Apartment,4858,4,3,5,Yes,Unfurnished,27,62,85,43085602
6927,Chennai,Adyar,17.049221,72.110195,Villa,4073,5,4,9,No,Fully,13,60,80,60280400
6928,Pune,Kharadi,12.266722,74.139911,Villa,2018,4,3,4,Yes,Unfurnished,7,87,22,13046370
6929,Mumbai,Powai,13.530253,73.052078,Villa,2824,5,4,18,Yes,Fully,4,82,69,28231528
6930,Hyderabad,Banjara Hills,14.571892,79.183605,Villa,3311,3,2,5,Yes,Fully,14,73,15,24355716
6931,Bengaluru,HSR Layout,16.220928,75.993007,Plot,1920,5,4,17,Yes,Unfurnished,16,90,20,8154240
6932,Pune,Kharadi,13.725057,72.320724,Apartment,3351,5,4,25,Yes,Fully,2,73,66,32189706
6933,Pune,Baner,14.467512,72.241705,Independent House,3713,4,3,7,Yes,Semi,6,88,53,22968618
6934,Bengaluru,Indiranagar,15.542335,74.825584,Apartment,1445,1,1,23,Yes,Semi,25,59,62,19670785
6935,Hyderabad,Miyapur,15.123529,72.369572,Apartment,820,2,1,14,Yes,Semi,12,88,39,7872820
6936,Hyderabad,Gachibowli,15.431364,79.355946,Independent House,3456,5,4,18,Yes,Semi,20,87,66,17902080
6937,Pune,Wakad,12.694977,78.657222,Independent House,4559,5,4,6,No,Fully,15,50,86,28407129
6938,Pune,Hinjewadi,14.578888,78.485422,Independent House,3177,4,3,3,Yes,Semi,9,86,15,42641694
6939,Bengaluru,Whitefield,17.984538,75.69303,Independent House,4962,4,3,11,Yes,Fully,4,50,87,32243076
6940,Bengaluru,Indiranagar,15.925053,72.606289,Apartment,4280,4,3,13,Yes,Fully,19,78,36,60185360
6941,Chennai,Velachery,16.101257,77.74389,Independent House,4977,1,1,1,Yes,Fully,18,95,6,48376440
6942,Hyderabad,Kondapur,17.144867,79.426338,Plot,3540,4,3,15,Yes,Unfurnished,20,55,74,31109520
6943,Chennai,Velachery,15.357337,72.18341,Independent House,2402,1,1,15,No,Fully,0,70,98,18790846
6944,Pune,Wakad,18.752247,74.791478,Independent House,1637,1,1,14,Yes,Fully,30,98,22,21632955
6945,Hyderabad,Jubilee Hills,15.714612,74.368293,Villa,2903,3,2,6,No,Unfurnished,15,81,28,37956725
6946,Mumbai,Bandra,18.034916,73.035507,Apartment,3006,2,1,1,No,Unfurnished,12,70,50,16024986
6947,Hyderabad,Miyapur,18.605547,76.791191,Plot,3488,4,3,0,No,Unfurnished,21,90,52,30492096
6948,Chennai,Velachery,12.016391,73.256794,Plot,3693,1,1,18,No,Fully,8,51,91,35899653
6949,Bengaluru,HSR Layout,14.229953,76.517899,Independent House,1229,4,3,0,Yes,Fully,7,74,12,10956535
6950,Chennai,OMR,16.228528,78.41306,Independent House,1049,4,3,11,No,Fully,2,91,38,7093338
6951,Bengaluru,Electronic City,16.31485,75.209734,Apartment,2216,5,4,16,No,Fully,9,58,13,28433496
6952,Bengaluru,Whitefield,14.905285,79.314472,Villa,4836,3,2,6,No,Semi,30,72,21,30723108
6953,Mumbai,Andheri,16.527629,75.431256,Villa,3284,2,1,21,No,Semi,7,84,83,32074828
6954,Bengaluru,Indiranagar,14.110691,75.003202,Villa,1171,1,1,22,No,Unfurnished,16,87,78,10743925
6955,Bengaluru,Whitefield,13.315086,74.679891,Villa,1743,1,1,20,No,Unfurnished,8,65,97,24393285
6956,Hyderabad,Miyapur,16.264035,78.306842,Plot,2703,2,1,12,Yes,Fully,10,51,12,40545000
6957,Mumbai,Powai,12.258155,73.945568,Independent House,2691,2,1,8,No,Semi,28,89,45,33583680
6958,Hyderabad,Miyapur,13.044993,79.275797,Independent House,2713,4,3,14,No,Fully,1,64,17,21999717
6959,Mumbai,Bandra,18.630482,77.513709,Apartment,4016,5,4,21,Yes,Unfurnished,7,71,84,35380960
6960,Bengaluru,HSR Layout,17.907602,75.208705,Independent House,3694,4,3,25,Yes,Unfurnished,27,54,52,22924964
6961,Pune,Baner,15.853433,73.910422,Plot,3992,1,1,22,No,Unfurnished,9,53,82,52291208
6962,Hyderabad,Miyapur,17.816518,72.180383,Apartment,3599,5,4,3,No,Semi,28,85,47,26027968
6963,Hyderabad,Banjara Hills,18.047313,75.722427,Plot,3554,2,1,10,No,Unfurnished,24,73,1,19873968
6964,Mumbai,Powai,16.366204,77.795332,Apartment,4582,5,4,2,Yes,Fully,20,73,6,62406840
6965,Mumbai,Andheri,12.190164,72.711154,Apartment,1836,5,4,3,Yes,Fully,29,89,40,11449296
6966,Bengaluru,Electronic City,17.906233,73.351968,Apartment,2813,1,1,5,No,Fully,9,92,12,29511183
6967,Bengaluru,HSR Layout,18.080109,78.143388,Plot,4364,2,1,15,No,Semi,26,65,27,60973808
6968,Hyderabad,Gachibowli,18.347826,72.103233,Villa,3295,4,3,3,Yes,Semi,20,59,41,34439340
6969,Chennai,OMR,14.39217,75.960893,Plot,4811,2,1,1,Yes,Semi,23,97,73,48595911
6970,Bengaluru,HSR Layout,15.173949,75.070004,Independent House,1127,3,2,25,Yes,Semi,6,87,74,5321694
6971,Mumbai,Andheri,13.244337,75.680067,Apartment,4215,4,3,22,No,Unfurnished,25,79,99,33644130
6972,Bengaluru,Electronic City,18.497928,72.0077,Apartment,1211,5,4,23,Yes,Fully,13,72,16,15738156
6973,Mumbai,Thane,14.923607,72.614736,Plot,3633,5,4,23,Yes,Semi,24,89,87,32319168
6974,Chennai,Adyar,17.916107,78.062259,Villa,2512,3,2,4,Yes,Fully,27,96,43,12743376
6975,Chennai,OMR,13.975107,79.98684,Apartment,2951,5,4,6,No,Unfurnished,11,51,86,38652198
6976,Mumbai,Andheri,14.256533,78.116648,Villa,4051,1,1,24,No,Unfurnished,7,81,9,43742698
6977,Mumbai,Bandra,14.785723,77.521441,Apartment,2368,4,3,10,Yes,Fully,1,82,60,26779712
6978,Hyderabad,Miyapur,13.442874,77.298168,Plot,942,1,1,7,No,Semi,19,81,55,8509086
6979,Mumbai,Thane,12.365443,79.944431,Independent House,3396,3,2,23,Yes,Semi,11,59,21,39111732
6980,Chennai,OMR,14.708234,73.083281,Apartment,1020,4,3,12,Yes,Fully,14,77,97,13674120
6981,Pune,Wakad,18.71825,78.578704,Apartment,3002,3,2,2,Yes,Fully,18,86,91,12446292
6982,Chennai,Velachery,14.642455,74.683816,Plot,1139,2,1,0,Yes,Unfurnished,10,70,100,8166630
6983,Bengaluru,HSR Layout,16.195864,72.911153,Apartment,4276,3,2,6,No,Semi,22,94,14,18583496
6984,Chennai,OMR,17.142416,73.299638,Plot,2218,2,1,6,Yes,Fully,4,83,53,10280430
6985,Bengaluru,HSR Layout,13.950894,72.710306,Independent House,4781,2,1,15,Yes,Fully,8,64,8,63252630
6986,Bengaluru,Electronic City,14.030726,74.697809,Apartment,3198,1,1,25,Yes,Semi,2,100,66,41196636
6987,Chennai,Velachery,17.15337,77.656437,Plot,630,1,1,7,Yes,Unfurnished,2,72,54,4056570
6988,Hyderabad,Gachibowli,12.272906,79.872646,Plot,954,4,3,20,Yes,Semi,26,82,95,14219370
6989,Bengaluru,Indiranagar,15.906893,79.782808,Villa,1391,3,2,6,Yes,Fully,29,59,80,9166690
6990,Pune,Baner,16.621716,78.427687,Plot,789,1,1,3,No,Semi,16,99,53,10638087
6991,Bengaluru,Electronic City,12.133223,74.630893,Apartment,2415,2,1,5,Yes,Semi,25,84,67,14434455
6992,Bengaluru,Whitefield,14.370616,78.52371,Apartment,2150,1,1,16,Yes,Unfurnished,0,76,99,31140600
6993,Hyderabad,Gachibowli,15.715288,72.392774,Apartment,2598,1,1,6,Yes,Fully,30,71,51,25304520
6994,Bengaluru,HSR Layout,15.792026,77.660881,Plot,1383,2,1,17,Yes,Fully,20,63,58,8865030
6995,Mumbai,Andheri,12.083403,79.568693,Independent House,3128,1,1,25,No,Fully,26,82,79,27288672
6996,Bengaluru,Whitefield,16.793993,76.313002,Independent House,4493,3,2,19,No,Fully,7,76,54,47499996
6997,Bengaluru,Indiranagar,16.456511,72.979136,Independent House,1751,3,2,3,No,Fully,10,77,19,20390395
6998,Chennai,OMR,16.035144,74.094242,Independent House,1612,4,3,25,No,Unfurnished,6,76,75,23741536
6999,Pune,Wakad,15.508006,72.239919,Apartment,854,3,2,7,Yes,Unfurnished,18,62,64,8789368
7000,Hyderabad,Banjara Hills,17.79126,74.054357,Villa,3614,5,4,3,Yes,Unfurnished,6,81,20,34795592
7001,Hyderabad,Gachibowli,14.75057,73.308441,Villa,1234,2,1,5,No,Semi,30,59,68,12463400
7002,Mumbai,Powai,14.769443,76.807393,Independent House,2266,2,1,21,No,Semi,23,68,91,22678128
7003,Chennai,Adyar,13.18099,76.323924,Villa,2718,5,4,6,No,Unfurnished,9,66,90,23801526
7004,Mumbai,Andheri,14.756188,76.757573,Villa,4717,1,1,15,No,Fully,3,100,2,42636963
7005,Bengaluru,Indiranagar,13.942988,75.954983,Independent House,4560,3,2,6,No,Fully,12,70,17,35864400
7006,Mumbai,Andheri,12.21365,75.080226,Apartment,3239,3,2,12,No,Unfurnished,6,73,70,27508827
7007,Hyderabad,Madhapur,16.218451,79.340002,Villa,2982,3,2,9,No,Semi,8,66,25,24869880
7008,Hyderabad,Banjara Hills,15.320275,73.043711,Apartment,1721,1,1,12,No,Fully,15,94,75,23174986
7009,Bengaluru,Indiranagar,12.138119,72.033266,Villa,897,3,2,12,Yes,Semi,11,78,6,12543648
7010,Bengaluru,Indiranagar,13.361071,77.135779,Plot,3712,4,3,3,Yes,Semi,12,83,94,28730880
7011,Mumbai,Thane,15.695802,75.852819,Plot,586,2,1,15,No,Fully,22,97,57,3917410
7012,Pune,Baner,18.091997,78.062156,Apartment,4711,3,2,20,Yes,Unfurnished,19,78,85,35016863
7013,Mumbai,Bandra,18.598381,77.755647,Independent House,2416,1,1,22,Yes,Unfurnished,22,93,89,15075840
7014,Bengaluru,HSR Layout,15.509729,73.973314,Apartment,3458,2,1,16,No,Unfurnished,20,82,58,47084128
7015,Pune,Wakad,17.384814,75.815609,Plot,1509,4,3,24,No,Fully,11,100,58,15720762
7016,Chennai,OMR,15.603708,75.970673,Villa,4103,4,3,7,Yes,Unfurnished,10,89,64,18180393
7017,Mumbai,Powai,12.730784,73.994877,Independent House,4384,1,1,3,Yes,Unfurnished,4,70,37,51775040
7018,Hyderabad,Kukatpally,18.495501,75.675632,Plot,2752,5,4,0,Yes,Fully,21,98,48,39793920
7019,Chennai,Anna Nagar,18.793827,77.189913,Apartment,4428,3,2,0,No,Unfurnished,4,78,36,58471740
7020,Hyderabad,Miyapur,16.675517,75.200744,Villa,3334,5,4,6,No,Fully,2,72,98,27775554
7021,Hyderabad,Kukatpally,12.112822,79.837835,Apartment,4607,3,2,5,Yes,Unfurnished,25,74,69,67985499
7022,Bengaluru,Indiranagar,12.380415,79.060154,Plot,3242,4,3,0,No,Fully,0,65,22,27378690
7023,Pune,Wakad,12.564401,73.107039,Independent House,1483,1,1,12,No,Fully,1,65,1,15555187
7024,Chennai,OMR,14.301162,73.839896,Independent House,2921,2,1,24,No,Semi,8,70,12,34660586
7025,Mumbai,Bandra,12.299888,78.681298,Independent House,4453,3,2,6,No,Fully,14,96,63,40878540
7026,Bengaluru,Whitefield,15.560352,76.442692,Villa,2574,5,4,4,Yes,Semi,8,90,9,24911172
7027,Pune,Wakad,17.368496,77.39277,Apartment,2851,2,1,1,No,Fully,9,84,56,33048792
7028,Mumbai,Powai,12.90052,75.08596,Independent House,4839,1,1,8,Yes,Semi,12,55,26,48138372
7029,Pune,Hinjewadi,18.238353,77.803692,Independent House,1098,1,1,9,Yes,Semi,22,66,76,4767516
7030,Hyderabad,Kondapur,14.388723,76.849694,Villa,3115,5,4,16,Yes,Unfurnished,6,68,65,45896410
7031,Mumbai,Bandra,18.483426,75.493253,Plot,1246,4,3,17,No,Unfurnished,1,85,17,17625916
7032,Bengaluru,Electronic City,17.775515,73.363338,Villa,1760,1,1,4,Yes,Semi,30,89,62,14189120
7033,Pune,Wakad,18.897896,74.296978,Independent House,3109,2,1,20,Yes,Unfurnished,28,50,28,36042637
7034,Pune,Hinjewadi,13.226662,75.539402,Villa,3419,3,2,18,Yes,Fully,11,97,34,13905073
7035,Chennai,Velachery,16.180671,72.445481,Apartment,4449,3,2,5,No,Semi,6,70,39,50878764
7036,Hyderabad,Kukatpally,16.247501,79.770696,Plot,4472,2,1,9,No,Unfurnished,29,88,17,58605560
7037,Hyderabad,Kukatpally,13.6034,78.085296,Independent House,2031,1,1,7,Yes,Semi,9,91,61,14200752
7038,Pune,Baner,14.51746,76.872976,Independent House,1635,2,1,0,No,Unfurnished,16,55,81,9200145
7039,Pune,Kharadi,15.17737,78.126933,Independent House,1304,2,1,10,No,Semi,1,74,92,16783784
7040,Bengaluru,Electronic City,17.605348,72.172623,Independent House,1397,4,3,15,Yes,Fully,22,74,44,13117830
7041,Chennai,Velachery,15.275659,72.405764,Villa,4319,3,2,17,Yes,Unfurnished,7,88,37,63973028
7042,Mumbai,Andheri,14.553123,75.244666,Apartment,3714,5,4,23,No,Semi,20,50,28,33296010
7043,Pune,Kharadi,14.56737,78.240275,Independent House,3240,5,4,2,Yes,Unfurnished,15,85,61,48259800
7044,Mumbai,Bandra,13.414418,78.204698,Apartment,3457,3,2,19,Yes,Semi,26,96,62,35275228
7045,Pune,Kharadi,16.225242,79.482407,Plot,2436,2,1,14,Yes,Fully,13,85,85,32971260
7046,Chennai,Adyar,14.303627,75.704809,Villa,3515,1,1,18,Yes,Semi,4,80,43,27859890
7047,Chennai,Velachery,14.776013,73.453724,Apartment,2356,1,1,24,No,Semi,13,93,95,16821840
7048,Pune,Baner,14.193495,77.49104,Apartment,1767,1,1,5,No,Fully,7,94,37,15872961
7049,Pune,Hinjewadi,17.390851,72.319849,Independent House,3978,1,1,6,No,Unfurnished,29,79,83,45671418
7050,Mumbai,Bandra,18.327497,78.683885,Plot,961,2,1,23,Yes,Unfurnished,28,90,10,12659253
7051,Bengaluru,Whitefield,17.392525,72.530161,Apartment,1348,5,4,10,No,Fully,26,96,70,10364772
7052,Hyderabad,Madhapur,14.528918,72.127615,Apartment,3344,4,3,21,No,Semi,30,88,40,25173632
7053,Hyderabad,Kondapur,15.609293,72.489164,Villa,1175,1,1,4,No,Unfurnished,2,84,21,7430700
7054,Pune,Baner,16.703831,76.456561,Plot,1609,4,3,20,No,Unfurnished,15,99,73,8286350
7055,Hyderabad,Kondapur,12.549592,78.9025,Plot,4455,5,4,2,No,Fully,11,67,71,29844045
7056,Pune,Wakad,14.838397,76.277234,Plot,1652,3,2,23,Yes,Fully,24,92,47,15636180
7057,Hyderabad,Kondapur,14.506041,79.063532,Villa,4059,4,3,15,Yes,Unfurnished,7,99,25,27751383
7058,Pune,Wakad,18.96211,73.197431,Independent House,3787,5,4,3,No,Fully,2,70,15,46197613
7059,Mumbai,Thane,17.662666,75.742835,Plot,3861,1,1,7,No,Fully,27,56,97,18027009
7060,Hyderabad,Madhapur,13.097938,73.088027,Independent House,2256,2,1,10,No,Unfurnished,23,62,52,30792144
7061,Hyderabad,Kukatpally,18.043436,75.328718,Apartment,3564,5,4,15,Yes,Unfurnished,1,60,35,29855628
7062,Bengaluru,Indiranagar,15.051052,75.664196,Apartment,2730,1,1,21,Yes,Unfurnished,2,89,13,11239410
7063,Mumbai,Bandra,16.275187,75.489043,Villa,2177,3,2,22,Yes,Semi,10,77,45,13762994
7064,Bengaluru,HSR Layout,14.61816,76.000475,Apartment,2059,2,1,9,No,Semi,4,74,2,21514491
7065,Mumbai,Thane,18.249171,76.467869,Plot,2515,4,3,25,Yes,Semi,17,100,62,29548735
7066,Chennai,Velachery,14.540141,79.528258,Apartment,2002,2,1,5,No,Unfurnished,21,73,41,25537512
7067,Hyderabad,Madhapur,18.596969,75.406509,Plot,608,1,1,9,No,Unfurnished,13,64,13,8007968
7068,Hyderabad,Gachibowli,16.198619,77.41911,Villa,833,5,4,1,No,Fully,16,68,16,9418731
7069,Pune,Hinjewadi,15.197705,72.265675,Apartment,4402,4,3,22,No,Semi,25,69,70,35022312
7070,Hyderabad,Miyapur,14.588479,79.17894,Independent House,623,2,1,3,Yes,Unfurnished,9,54,22,7281001
7071,Pune,Baner,13.560096,76.195792,Apartment,4515,1,1,25,Yes,Semi,6,93,96,32079075
7072,Chennai,Adyar,13.066229,76.222436,Independent House,4158,1,1,5,No,Semi,9,53,42,52644438
7073,Hyderabad,Gachibowli,16.6758,73.762382,Apartment,2687,2,1,11,Yes,Fully,24,79,34,18435507
7074,Hyderabad,Banjara Hills,18.148286,78.520062,Plot,2521,1,1,9,No,Semi,9,90,82,25585629
7075,Pune,Kharadi,17.099245,79.911483,Independent House,1664,1,1,16,No,Unfurnished,10,63,88,17332224
7076,Bengaluru,Indiranagar,16.220223,75.533275,Villa,3508,3,2,11,Yes,Fully,29,72,58,16691064
7077,Chennai,OMR,16.496341,74.994115,Plot,1926,5,4,9,Yes,Fully,13,52,86,21155184
7078,Chennai,OMR,17.16347,77.234366,Villa,1443,2,1,7,No,Unfurnished,27,67,27,10017306
7079,Mumbai,Bandra,16.014496,78.653084,Plot,4028,4,3,7,No,Semi,3,52,56,31539240
7080,Hyderabad,Gachibowli,13.411625,76.183368,Independent House,3938,1,1,10,No,Unfurnished,5,84,70,45562660
7081,Pune,Baner,18.269211,79.108257,Plot,3176,4,3,4,No,Fully,6,75,36,35221840
7082,Chennai,Velachery,15.667903,77.723176,Villa,1951,4,3,11,Yes,Semi,7,64,94,9513076
7083,Pune,Wakad,17.736122,74.521559,Apartment,3778,2,1,7,Yes,Unfurnished,25,78,76,39162748
7084,Pune,Wakad,13.890324,77.440596,Apartment,2249,5,4,23,Yes,Fully,14,99,13,29144791
7085,Bengaluru,HSR Layout,15.343537,77.506781,Villa,1252,5,4,10,Yes,Fully,16,99,31,7117620
7086,Mumbai,Powai,12.784939,76.061046,Independent House,1249,5,4,10,Yes,Fully,11,68,58,18585120
7087,Chennai,OMR,18.472337,75.622706,Apartment,2406,1,1,17,No,Semi,27,58,19,20256114
7088,Bengaluru,Indiranagar,18.648414,78.665975,Apartment,3513,4,3,7,No,Unfurnished,18,62,64,41175873
7089,Chennai,Adyar,12.195102,75.237808,Plot,2500,3,2,22,Yes,Unfurnished,0,91,93,11530000
7090,Bengaluru,Whitefield,18.094929,77.605162,Apartment,2996,3,2,15,No,Semi,13,66,46,40230288
7091,Bengaluru,Whitefield,15.172619,76.733032,Plot,1942,4,3,17,Yes,Unfurnished,5,62,2,27288984
7092,Chennai,OMR,12.393965,77.824816,Villa,678,3,2,22,Yes,Semi,24,61,59,8780100
7093,Mumbai,Bandra,18.968835,74.579584,Apartment,1492,3,2,1,Yes,Fully,16,80,37,9638320
7094,Chennai,OMR,13.205482,72.917652,Plot,4914,1,1,0,Yes,Unfurnished,4,83,21,33523308
7095,Chennai,Velachery,17.207157,73.190255,Villa,884,2,1,8,No,Unfurnished,5,79,70,4006288
7096,Chennai,OMR,16.108695,73.958868,Plot,4896,5,4,6,No,Fully,13,86,34,66590496
7097,Bengaluru,Indiranagar,13.360268,78.641405,Independent House,1937,3,2,13,No,Unfurnished,30,91,18,16743428
7098,Hyderabad,Banjara Hills,13.632468,76.712756,Apartment,3192,3,2,14,Yes,Fully,3,82,25,35989800
7099,Mumbai,Powai,15.065798,77.018395,Villa,4719,2,1,21,Yes,Semi,10,68,77,23047596
7100,Chennai,Velachery,18.416662,79.30264,Plot,2993,4,3,6,No,Semi,7,53,88,14079072
7101,Pune,Hinjewadi,15.631432,76.771558,Plot,2614,2,1,0,No,Fully,6,66,23,16567532
7102,Mumbai,Powai,13.874421,77.725742,Independent House,4357,1,1,17,No,Semi,0,77,63,35622832
7103,Hyderabad,Miyapur,13.488128,75.201785,Villa,3998,2,1,24,No,Semi,23,97,81,37913034
7104,Pune,Wakad,13.665801,77.034488,Independent House,1197,1,1,11,No,Semi,0,71,52,9870462
7105,Chennai,Adyar,12.979266,73.697098,Plot,712,2,1,9,No,Unfurnished,1,88,42,7031000
7106,Hyderabad,Jubilee Hills,13.442675,79.557537,Apartment,4090,2,1,9,Yes,Unfurnished,3,72,43,50777350
7107,Mumbai,Thane,17.812966,77.896309,Independent House,3297,1,1,0,Yes,Semi,26,86,70,34325067
7108,Chennai,Adyar,13.372518,77.213986,Villa,2314,2,1,24,No,Unfurnished,2,74,39,29688620
7109,Pune,Wakad,18.159532,76.585617,Villa,4375,5,4,0,No,Unfurnished,2,79,60,48864375
7110,Pune,Baner,16.736472,79.970847,Independent House,1187,3,2,25,Yes,Semi,16,64,26,5597892
7111,Pune,Hinjewadi,13.297923,72.991906,Villa,2954,3,2,3,No,Semi,27,80,89,20181728
7112,Hyderabad,Madhapur,17.354265,75.330067,Independent House,2284,1,1,5,No,Fully,19,50,16,31251972
7113,Bengaluru,Whitefield,14.695221,77.403897,Plot,1872,2,1,6,No,Fully,21,87,64,21954816
7114,Hyderabad,Miyapur,13.881277,77.757609,Apartment,3302,2,1,16,Yes,Semi,17,97,85,17589754
7115,Pune,Wakad,17.96659,78.490709,Independent House,838,4,3,7,Yes,Semi,1,89,95,10894838
7116,Pune,Kharadi,14.52147,74.28311,Villa,538,2,1,16,Yes,Fully,24,72,96,2393024
7117,Bengaluru,Indiranagar,13.605096,79.282389,Independent House,4852,1,1,2,Yes,Semi,22,51,40,36317220
7118,Pune,Baner,13.205675,74.226176,Independent House,3332,1,1,22,No,Fully,0,70,88,21351456
7119,Chennai,OMR,14.184382,72.414889,Independent House,2754,1,1,2,No,Semi,9,87,31,20478744
7120,Pune,Baner,13.063797,72.336933,Independent House,822,1,1,21,No,Fully,1,61,64,5218878
7121,Chennai,Anna Nagar,16.121411,72.917036,Apartment,828,2,1,18,No,Fully,6,89,6,5653584
7122,Hyderabad,Banjara Hills,17.362966,77.649638,Apartment,3293,4,3,22,Yes,Unfurnished,27,72,37,24154155
7123,Mumbai,Andheri,12.756117,72.646441,Plot,4527,3,2,11,No,Unfurnished,28,73,14,30023064
7124,Bengaluru,Indiranagar,18.543845,79.459386,Villa,1126,4,3,21,Yes,Unfurnished,9,86,72,8979850
7125,Mumbai,Thane,16.603127,72.409483,Plot,4237,2,1,10,Yes,Fully,23,80,79,21816313
7126,Mumbai,Andheri,12.029639,72.428474,Independent House,3929,2,1,6,No,Fully,16,100,70,27357627
7127,Mumbai,Andheri,18.919957,77.672174,Villa,2043,1,1,19,Yes,Fully,4,52,88,9610272
7128,Hyderabad,Banjara Hills,15.026913,78.369401,Villa,2356,1,1,4,No,Unfurnished,2,54,30,27218868
7129,Pune,Wakad,18.842243,77.057099,Independent House,754,2,1,11,Yes,Fully,30,61,15,6480630
7130,Chennai,Anna Nagar,18.47886,76.994316,Apartment,2771,2,1,10,Yes,Unfurnished,26,57,7,41221396
7131,Hyderabad,Gachibowli,14.977155,79.396884,Independent House,3665,1,1,16,No,Unfurnished,26,75,79,40315000
7132,Chennai,Adyar,15.191359,75.983679,Independent House,2997,1,1,16,Yes,Fully,23,81,56,38544417
7133,Bengaluru,Whitefield,17.303035,78.223095,Apartment,4435,5,4,0,Yes,Fully,14,96,69,55127050
7134,Bengaluru,Indiranagar,17.497367,73.54959,Villa,3246,3,2,9,Yes,Semi,15,59,98,35514486
7135,Chennai,Anna Nagar,15.933127,72.254846,Plot,2890,4,3,6,Yes,Semi,7,97,40,17111690
7136,Chennai,OMR,15.283181,72.13705,Plot,2931,1,1,4,Yes,Fully,19,62,38,32824269
7137,Mumbai,Andheri,16.779141,72.955193,Villa,3831,1,1,17,Yes,Fully,2,85,59,38191239
7138,Pune,Baner,15.605396,78.891526,Villa,3751,2,1,25,No,Unfurnished,26,89,35,47236343
7139,Bengaluru,Whitefield,14.079755,77.854189,Apartment,2679,2,1,9,Yes,Unfurnished,1,88,70,19382565
7140,Bengaluru,Whitefield,16.939962,74.472519,Villa,2279,4,3,3,Yes,Unfurnished,5,92,61,20454025
7141,Chennai,Adyar,14.375413,79.25778,Plot,2448,1,1,8,No,Unfurnished,4,65,88,14842224
7142,Hyderabad,Gachibowli,16.890483,75.34836,Independent House,4873,1,1,6,No,Fully,19,55,67,22859243
7143,Pune,Baner,13.640776,74.134785,Independent House,2838,5,4,12,No,Unfurnished,22,56,75,32092104
7144,Mumbai,Powai,12.081627,78.292275,Independent House,1096,1,1,24,No,Fully,18,77,44,13073088
7145,Mumbai,Bandra,17.446142,78.97203,Plot,1880,1,1,0,No,Unfurnished,9,69,42,24203120
7146,Pune,Wakad,15.527827,76.131333,Independent House,3940,2,1,20,Yes,Unfurnished,21,91,66,16469200
7147,Chennai,OMR,15.37486,78.173243,Plot,3025,4,3,22,Yes,Fully,10,66,45,38293475
7148,Mumbai,Andheri,15.096901,76.860261,Apartment,2898,1,1,2,No,Fully,22,82,78,32735808
7149,Bengaluru,Electronic City,13.856752,79.373964,Villa,4095,5,4,0,No,Semi,6,66,35,38149020
7150,Chennai,Velachery,14.97424,75.694516,Plot,3354,1,1,4,Yes,Fully,7,90,48,26416104
7151,Chennai,Velachery,18.4928,78.117138,Apartment,2045,4,3,14,No,Semi,24,84,31,12486770
7152,Hyderabad,Banjara Hills,14.140971,74.464956,Villa,3173,4,3,23,Yes,Unfurnished,11,84,72,25834566
7153,Bengaluru,HSR Layout,18.914691,73.753583,Independent House,2234,5,4,11,No,Fully,10,88,39,30458356
7154,Bengaluru,HSR Layout,15.952505,79.169623,Independent House,4372,1,1,4,No,Semi,14,97,95,55310172
7155,Mumbai,Thane,12.964481,74.6436,Apartment,2837,5,4,5,No,Fully,13,79,17,30293486
7156,Bengaluru,Whitefield,14.051863,79.242445,Apartment,1241,1,1,0,Yes,Semi,27,83,69,7624704
7157,Pune,Baner,13.418648,75.625764,Apartment,1869,2,1,25,No,Fully,22,86,9,15230481
7158,Chennai,Velachery,14.156005,73.504782,Apartment,3554,5,4,25,No,Unfurnished,10,76,1,47115378
7159,Pune,Baner,14.621497,73.750154,Apartment,4860,1,1,4,Yes,Fully,15,70,50,24912360
7160,Bengaluru,Indiranagar,16.990592,75.489773,Independent House,607,4,3,5,Yes,Fully,17,72,39,3338500
7161,Mumbai,Andheri,15.604654,77.270194,Villa,4691,4,3,7,No,Unfurnished,7,84,95,35956515
7162,Bengaluru,Indiranagar,14.649182,76.626175,Independent House,4452,3,2,25,No,Fully,24,97,63,32000976
7163,Hyderabad,Jubilee Hills,13.937554,78.602423,Independent House,4938,2,1,16,Yes,Fully,6,83,90,72272568
7164,Mumbai,Powai,13.102814,79.930128,Independent House,1036,1,1,25,No,Semi,6,66,63,12179216
7165,Bengaluru,Indiranagar,12.087751,75.192382,Villa,788,5,4,5,No,Unfurnished,3,66,26,4434076
7166,Pune,Hinjewadi,12.259246,77.391302,Plot,1691,4,3,20,Yes,Semi,27,96,93,23905667
7167,Mumbai,Powai,15.65577,76.59656,Plot,4411,5,4,3,Yes,Semi,6,54,64,63968322
7168,Pune,Hinjewadi,12.771573,72.568307,Independent House,1601,2,1,25,No,Unfurnished,0,69,98,18694877
7169,Bengaluru,Whitefield,13.057463,79.414508,Independent House,1556,5,4,9,No,Semi,23,100,83,16664760
7170,Bengaluru,Whitefield,12.996661,79.594313,Villa,4089,4,3,22,No,Semi,19,76,97,23630331
7171,Bengaluru,Indiranagar,14.519502,76.343153,Villa,4346,1,1,6,No,Semi,23,96,64,23916038
7172,Chennai,Anna Nagar,12.805882,78.819935,Plot,2731,4,3,6,No,Unfurnished,29,62,49,21124285
7173,Hyderabad,Miyapur,18.08905,75.420634,Independent House,4498,2,1,22,No,Semi,8,62,65,22710402
7174,Chennai,Velachery,12.490856,73.43633,Villa,556,1,1,16,Yes,Unfurnished,27,53,3,6629188
7175,Bengaluru,Indiranagar,12.582188,74.657485,Independent House,4753,3,2,23,No,Semi,6,89,74,56280273
7176,Mumbai,Thane,16.582931,76.579563,Apartment,4056,5,4,7,Yes,Unfurnished,26,66,86,22843392
7177,Mumbai,Thane,15.35953,75.497072,Plot,585,3,2,22,No,Semi,19,72,13,2406690
7178,Bengaluru,HSR Layout,15.134095,78.651034,Villa,4355,4,3,15,No,Unfurnished,0,53,98,27732640
7179,Chennai,Anna Nagar,15.186413,72.44612,Plot,1575,1,1,14,No,Semi,1,55,15,21944475
7180,Chennai,Adyar,14.864985,75.445594,Plot,3582,3,2,3,Yes,Fully,9,60,97,21943332
7181,Pune,Baner,14.36853,78.423763,Apartment,4835,2,1,9,Yes,Unfurnished,28,55,10,27651365
7182,Hyderabad,Gachibowli,13.547559,75.135781,Apartment,3580,5,4,21,Yes,Fully,23,73,74,37711720
7183,Bengaluru,HSR Layout,16.514338,79.886003,Plot,2681,2,1,0,No,Unfurnished,9,65,17,29692075
7184,Chennai,Anna Nagar,13.407067,72.581619,Apartment,2071,1,1,3,No,Fully,26,91,67,8420686
7185,Chennai,Anna Nagar,16.209537,73.808995,Plot,2116,4,3,15,No,Semi,8,71,46,24412292
7186,Chennai,Adyar,15.80296,74.71938,Plot,3498,3,2,8,No,Semi,17,90,29,33251988
7187,Bengaluru,Whitefield,17.115264,78.872343,Independent House,4148,1,1,16,No,Unfurnished,24,53,82,27094736
7188,Hyderabad,Gachibowli,15.43998,78.642938,Plot,4256,5,4,12,No,Unfurnished,11,61,32,59822336
7189,Chennai,OMR,16.567694,72.438564,Villa,3835,2,1,22,Yes,Fully,10,71,54,41226250
7190,Bengaluru,Indiranagar,14.146052,78.836411,Plot,2741,2,1,21,No,Fully,17,100,6,18011111
7191,Chennai,Adyar,12.951633,75.580774,Plot,4838,1,1,0,No,Fully,0,99,94,36986510
7192,Bengaluru,Electronic City,12.562491,77.552879,Plot,1126,4,3,9,Yes,Semi,23,64,52,10579896
7193,Mumbai,Andheri,12.845864,75.488924,Independent House,1591,2,1,9,No,Fully,14,70,10,19626576
7194,Bengaluru,Indiranagar,15.218937,76.264783,Plot,3440,4,3,19,No,Unfurnished,18,74,35,39621920
7195,Hyderabad,Jubilee Hills,16.551906,74.645411,Apartment,1852,4,3,2,Yes,Fully,28,59,78,19679352
7196,Chennai,Anna Nagar,16.691966,79.26153,Independent House,3353,3,2,24,No,Semi,10,50,97,26555760
7197,Pune,Kharadi,15.970625,72.731015,Plot,4750,1,1,22,Yes,Unfurnished,22,93,69,34157250
7198,Bengaluru,Indiranagar,17.942933,77.395157,Villa,564,4,3,21,Yes,Fully,28,58,16,5407068
7199,Bengaluru,Whitefield,13.107018,77.290296,Villa,3621,4,3,6,Yes,Semi,7,65,5,45664431
7200,Pune,Kharadi,15.291506,74.858323,Villa,2589,2,1,14,No,Unfurnished,30,87,97,35844705
7201,Pune,Wakad,12.406724,73.898781,Plot,922,4,3,9,No,Unfurnished,7,65,1,5242492
7202,Bengaluru,Indiranagar,18.228089,73.963254,Apartment,2895,5,4,17,No,Fully,9,82,66,24966480
7203,Chennai,OMR,16.908868,74.432116,Plot,4035,5,4,18,No,Fully,25,92,9,49969440
7204,Mumbai,Andheri,18.045452,74.214784,Independent House,2384,2,1,1,Yes,Semi,4,100,98,21634800
7205,Bengaluru,HSR Layout,14.225241,77.873902,Independent House,2420,2,1,4,Yes,Semi,1,86,79,36198360
7206,Bengaluru,HSR Layout,18.228834,73.435928,Villa,4970,1,1,1,Yes,Semi,22,94,34,45584840
7207,Hyderabad,Jubilee Hills,13.768301,73.934062,Villa,3417,2,1,13,Yes,Unfurnished,21,95,92,18786666
7208,Bengaluru,HSR Layout,17.208971,78.061203,Plot,3335,4,3,23,No,Unfurnished,8,72,6,49988315
7209,Bengaluru,Indiranagar,12.452697,73.008814,Apartment,3458,5,4,13,No,Semi,16,72,31,22124284
7210,Bengaluru,Electronic City,14.110825,75.038589,Villa,4881,3,2,1,No,Semi,30,91,24,32756391
7211,Hyderabad,Kondapur,14.894111,77.149891,Apartment,4841,5,4,11,Yes,Unfurnished,23,76,54,49629932
7212,Chennai,Anna Nagar,12.766131,74.859955,Apartment,4646,3,2,7,No,Fully,2,60,39,31783286
7213,Bengaluru,Indiranagar,17.086407,74.227142,Independent House,2981,2,1,18,No,Semi,2,55,44,32466071
7214,Hyderabad,Gachibowli,13.322778,76.591657,Apartment,1158,2,1,25,Yes,Unfurnished,24,89,61,7590690
7215,Bengaluru,Electronic City,18.883559,75.611012,Villa,3570,4,3,8,Yes,Unfurnished,16,88,49,42807870
7216,Chennai,Anna Nagar,18.398593,79.959208,Apartment,3518,4,3,9,No,Fully,29,59,88,29987432
7217,Hyderabad,Madhapur,18.553897,74.334956,Villa,817,2,1,4,Yes,Semi,28,83,89,3824377
7218,Mumbai,Powai,17.690802,76.572745,Plot,3964,4,3,4,Yes,Unfurnished,1,93,88,21179652
7219,Chennai,Anna Nagar,14.557179,76.659445,Plot,1513,4,3,25,No,Unfurnished,26,93,61,11007075
7220,Hyderabad,Kukatpally,13.870247,77.162486,Independent House,1466,4,3,15,Yes,Semi,15,60,49,16542344
7221,Hyderabad,Gachibowli,17.873222,75.906626,Plot,1959,4,3,4,Yes,Semi,15,97,33,25841169
7222,Mumbai,Andheri,13.054147,78.518471,Plot,4988,3,2,14,No,Fully,3,71,86,46513100
7223,Mumbai,Thane,13.110078,75.441569,Villa,1631,4,3,13,Yes,Unfurnished,8,67,68,14119567
7224,Hyderabad,Madhapur,14.551144,72.570778,Independent House,1214,3,2,22,No,Semi,27,94,65,5424152
7225,Bengaluru,Whitefield,15.430404,74.845833,Independent House,2121,2,1,3,Yes,Semi,10,57,6,28911351
7226,Bengaluru,Whitefield,14.990825,78.733203,Independent House,3007,4,3,25,No,Unfurnished,13,100,66,43577444
7227,Chennai,Velachery,16.059006,74.834238,Apartment,2898,2,1,7,Yes,Fully,11,53,90,23899806
7228,Mumbai,Andheri,14.920983,79.230762,Plot,4774,1,1,19,No,Unfurnished,2,50,99,71218532
7229,Hyderabad,Banjara Hills,14.899378,75.949583,Plot,1759,1,1,8,No,Fully,29,84,97,22828302
7230,Mumbai,Bandra,14.221731,79.317062,Plot,2819,2,1,12,Yes,Unfurnished,16,64,1,34634234
7231,Mumbai,Thane,18.656069,77.474649,Plot,502,3,2,5,No,Unfurnished,25,98,69,7064646
7232,Bengaluru,Whitefield,15.094148,75.354744,Independent House,1641,5,4,14,Yes,Semi,26,80,52,18264330
7233,Chennai,Adyar,16.570906,78.990698,Plot,2214,2,1,23,No,Semi,9,83,27,32266836
7234,Bengaluru,Electronic City,16.915054,74.993322,Plot,3360,1,1,0,No,Unfurnished,2,73,47,45279360
7235,Pune,Baner,14.953735,77.177932,Villa,2295,4,3,0,No,Fully,3,76,62,29389770
7236,Bengaluru,Whitefield,18.820199,77.827607,Villa,4929,2,1,18,No,Semi,26,92,84,52336122
7237,Hyderabad,Madhapur,13.673397,77.140574,Plot,832,4,3,2,Yes,Unfurnished,14,100,67,5134272
7238,Pune,Kharadi,16.14212,79.292614,Plot,2340,5,4,4,No,Unfurnished,18,67,31,9579960
7239,Bengaluru,Electronic City,17.963343,72.791443,Apartment,3270,2,1,24,Yes,Unfurnished,27,70,90,29014710
7240,Chennai,Velachery,13.158785,76.000918,Plot,4550,1,1,23,No,Unfurnished,22,81,21,29106350
7241,Pune,Wakad,15.01983,72.809113,Villa,1158,2,1,18,Yes,Unfurnished,30,59,46,10006278
7242,Bengaluru,Whitefield,12.093858,78.572917,Villa,3021,1,1,1,No,Fully,24,72,37,35384973
7243,Bengaluru,Whitefield,17.174432,72.374889,Independent House,4349,5,4,13,No,Unfurnished,9,70,12,32987165
7244,Hyderabad,Madhapur,13.267837,77.032387,Apartment,1509,1,1,2,Yes,Fully,11,98,24,17116587
7245,Pune,Hinjewadi,17.580985,77.646729,Villa,2244,5,4,8,Yes,Unfurnished,3,78,2,24477552
7246,Bengaluru,Whitefield,16.024104,73.660361,Apartment,1597,4,3,6,Yes,Fully,26,60,24,20312243
7247,Chennai,Velachery,17.732023,73.588254,Apartment,834,2,1,4,Yes,Unfurnished,17,51,59,6695352
7248,Pune,Kharadi,16.246246,74.550314,Villa,3352,5,4,18,No,Fully,5,55,40,35276448
7249,Bengaluru,HSR Layout,17.351506,78.406141,Plot,1145,5,4,25,Yes,Semi,6,60,56,9528690
7250,Pune,Baner,13.399554,79.810026,Independent House,2674,5,4,0,Yes,Unfurnished,10,71,19,29611876
7251,Mumbai,Powai,15.055821,75.29245,Independent House,1139,4,3,10,Yes,Unfurnished,24,80,31,10796581
7252,Bengaluru,Indiranagar,16.421613,73.735975,Plot,1997,1,1,25,Yes,Fully,24,86,27,13829225
7253,Chennai,Adyar,14.591632,79.976403,Plot,4847,3,2,24,No,Fully,29,100,48,30201657
7254,Mumbai,Andheri,17.685648,77.821468,Plot,4236,5,4,7,No,Fully,2,99,67,24606924
7255,Chennai,Velachery,12.879227,76.194446,Villa,3038,4,3,21,No,Fully,12,77,49,32710146
7256,Mumbai,Andheri,14.45702,74.820873,Villa,4952,2,1,24,Yes,Unfurnished,21,76,35,72294248
7257,Hyderabad,Miyapur,14.342968,78.352409,Villa,2067,3,2,24,Yes,Fully,20,71,1,12873276
7258,Bengaluru,Whitefield,17.59394,79.443403,Plot,1686,1,1,11,Yes,Fully,9,92,56,24344154
7259,Bengaluru,Indiranagar,18.534918,79.947328,Apartment,2706,1,1,9,Yes,Fully,19,96,90,31646670
7260,Chennai,OMR,17.447407,79.433461,Plot,4680,3,2,15,No,Unfurnished,27,96,56,31323240
7261,Hyderabad,Banjara Hills,18.725934,78.513501,Independent House,4995,4,3,10,Yes,Fully,10,54,83,20164815
7262,Pune,Kharadi,16.938175,73.922619,Plot,4412,3,2,5,Yes,Semi,5,56,18,50071788
7263,Pune,Kharadi,12.80682,77.770598,Villa,3064,3,2,18,No,Fully,21,72,29,30946400
7264,Chennai,OMR,14.960074,72.126597,Plot,3118,2,1,19,Yes,Unfurnished,14,55,97,20500850
7265,Mumbai,Thane,17.11159,72.601221,Independent House,4418,3,2,2,Yes,Semi,13,77,100,18021022
7266,Bengaluru,Indiranagar,14.789754,74.545509,Plot,1028,4,3,1,Yes,Fully,22,61,42,10298504
7267,Hyderabad,Kukatpally,12.443218,73.360906,Independent House,2784,1,1,6,No,Unfurnished,2,81,79,35766048
7268,Mumbai,Andheri,13.133113,75.86452,Plot,1585,5,4,19,Yes,Fully,24,64,13,12494555
7269,Pune,Kharadi,15.642311,75.791739,Apartment,3692,4,3,4,Yes,Fully,25,77,4,51503400
7270,Mumbai,Thane,18.518869,77.046097,Apartment,3047,3,2,24,Yes,Semi,3,90,69,41043090
7271,Chennai,OMR,18.520134,74.9261,Plot,768,3,2,5,No,Unfurnished,20,54,100,7587072
7272,Pune,Baner,13.637424,76.025338,Independent House,3086,4,3,4,Yes,Fully,29,70,37,43404590
7273,Mumbai,Bandra,12.491017,77.709835,Independent House,4266,4,3,14,No,Fully,27,74,7,51925752
7274,Bengaluru,Whitefield,18.678474,72.4087,Villa,4207,3,2,17,Yes,Unfurnished,15,65,57,48784372
7275,Bengaluru,Indiranagar,15.648107,72.420435,Apartment,3065,4,3,10,No,Unfurnished,16,78,45,37678045
7276,Chennai,OMR,18.686732,76.721207,Apartment,2458,4,3,6,No,Semi,27,81,83,27165816
7277,Pune,Baner,18.575392,78.901383,Apartment,1538,3,2,20,No,Semi,13,84,8,16511968
7278,Mumbai,Thane,12.064227,77.278467,Plot,3758,4,3,16,Yes,Unfurnished,7,92,23,45870148
7279,Hyderabad,Banjara Hills,17.391051,75.991784,Plot,3458,2,1,19,No,Fully,18,72,92,32878664
7280,Pune,Wakad,16.644946,75.243534,Apartment,4652,5,4,24,No,Semi,21,54,39,52041924
7281,Pune,Baner,16.370259,75.126803,Apartment,1716,2,1,12,No,Unfurnished,19,89,37,22802208
7282,Bengaluru,Electronic City,14.654157,76.249111,Villa,1665,2,1,9,No,Fully,25,97,60,13702950
7283,Bengaluru,Indiranagar,14.324919,76.61624,Villa,2610,2,1,1,No,Semi,13,63,52,29652210
7284,Mumbai,Andheri,12.443703,73.756034,Apartment,4461,5,4,25,Yes,Fully,8,72,12,25311714
7285,Mumbai,Thane,17.139464,72.048522,Independent House,3715,1,1,17,No,Semi,25,51,95,51066390
7286,Chennai,Anna Nagar,16.290471,79.903816,Plot,3845,1,1,4,No,Unfurnished,2,65,97,30756155
7287,Bengaluru,HSR Layout,14.740059,77.334204,Independent House,4582,2,1,17,Yes,Fully,18,81,93,24985646
7288,Hyderabad,Madhapur,18.153171,72.572359,Villa,1219,5,4,5,No,Unfurnished,24,91,72,17591389
7289,Hyderabad,Gachibowli,12.766318,79.630751,Plot,956,3,2,6,No,Semi,25,88,40,9582944
7290,Pune,Baner,15.262268,75.415961,Villa,4804,4,3,12,Yes,Semi,17,78,79,19951012
7291,Chennai,OMR,13.012015,72.382147,Plot,4019,4,3,14,Yes,Unfurnished,0,81,58,20022658
7292,Bengaluru,Indiranagar,16.740826,78.403219,Independent House,3676,1,1,16,Yes,Semi,17,98,95,49978896
7293,Chennai,OMR,16.388305,72.179155,Villa,4819,3,2,18,No,Semi,12,65,94,59847161
7294,Pune,Baner,18.62156,72.924793,Independent House,1717,5,4,15,Yes,Fully,15,50,59,16081422
7295,Pune,Baner,16.242369,79.581722,Independent House,1828,1,1,18,No,Semi,28,88,29,10256908
7296,Hyderabad,Miyapur,12.964295,76.083627,Independent House,4555,5,4,12,Yes,Unfurnished,5,67,42,43837320
7297,Chennai,OMR,12.037826,78.237708,Apartment,1545,4,3,5,No,Semi,20,80,62,20078820
7298,Chennai,OMR,17.692761,76.728164,Independent House,2203,4,3,6,Yes,Semi,8,90,54,14857032
7299,Chennai,Anna Nagar,14.496521,79.453757,Apartment,3985,1,1,9,No,Unfurnished,7,90,2,24878355
7300,Mumbai,Bandra,12.647489,72.632207,Plot,2094,5,4,5,No,Semi,12,95,27,29657322
7301,Bengaluru,Whitefield,15.394398,79.619374,Independent House,2584,5,4,20,No,Semi,4,71,80,15274024
7302,Hyderabad,Madhapur,15.309305,74.889414,Plot,1765,3,2,7,Yes,Fully,3,80,97,10740025
7303,Chennai,Adyar,15.341374,74.158191,Apartment,3937,2,1,16,Yes,Unfurnished,0,95,41,48291242
7304,Hyderabad,Banjara Hills,12.696409,78.956978,Villa,731,5,4,4,No,Fully,2,79,95,4935712
7305,Hyderabad,Madhapur,14.351992,76.869965,Plot,4356,1,1,5,No,Unfurnished,9,53,54,29463984
7306,Bengaluru,Whitefield,14.198085,77.768216,Apartment,1207,2,1,12,Yes,Unfurnished,15,66,44,15820149
7307,Hyderabad,Banjara Hills,18.935776,76.360999,Independent House,2091,3,2,21,Yes,Semi,23,98,31,15331212
7308,Hyderabad,Banjara Hills,18.427667,76.015913,Villa,2533,5,4,6,No,Fully,4,85,54,22290400
7309,Pune,Baner,15.701302,75.116776,Plot,2313,3,2,20,No,Unfurnished,22,56,49,27503883
7310,Hyderabad,Gachibowli,17.223988,72.274972,Apartment,2774,4,3,9,No,Semi,27,58,93,12355396
7311,Mumbai,Thane,13.65404,72.979163,Plot,3144,1,1,9,Yes,Fully,7,94,79,22573920
7312,Mumbai,Andheri,12.769871,76.376537,Apartment,3908,4,3,5,No,Unfurnished,24,91,42,57107604
7313,Pune,Baner,16.825817,74.421829,Independent House,1734,1,1,25,Yes,Unfurnished,1,90,78,18578076
7314,Mumbai,Thane,12.938209,74.882863,Independent House,2270,1,1,9,Yes,Unfurnished,26,93,23,24554590
7315,Chennai,Velachery,14.923659,74.466368,Apartment,4733,3,2,13,Yes,Fully,14,55,11,56474156
7316,Chennai,OMR,13.19626,73.363918,Plot,2490,5,4,11,No,Semi,2,89,27,30255990
7317,Hyderabad,Banjara Hills,14.785912,72.284691,Villa,3975,5,4,14,No,Unfurnished,7,79,33,58345050
7318,Pune,Wakad,17.462087,74.654631,Plot,3788,4,3,1,Yes,Unfurnished,5,88,47,20504444
7319,Hyderabad,Jubilee Hills,17.841196,78.521547,Independent House,2981,3,2,3,No,Fully,4,97,100,21829863
7320,Hyderabad,Miyapur,14.071914,72.176438,Apartment,4764,5,4,1,Yes,Semi,8,58,70,46139340
7321,Bengaluru,Indiranagar,14.32938,72.666633,Villa,1452,2,1,3,Yes,Unfurnished,11,96,9,16076544
7322,Hyderabad,Kondapur,16.860514,77.139518,Villa,4247,1,1,9,Yes,Semi,11,65,79,32298435
7323,Hyderabad,Madhapur,12.204334,72.816815,Plot,3331,2,1,2,No,Fully,18,92,9,35764947
7324,Pune,Wakad,18.267296,73.150427,Independent House,1712,1,1,19,No,Fully,24,73,63,9619728
7325,Hyderabad,Gachibowli,14.616707,76.431261,Independent House,2220,4,3,15,No,Semi,20,72,100,22031280
7326,Chennai,OMR,18.773533,79.418026,Plot,1857,1,1,0,No,Fully,8,76,41,21931170
7327,Chennai,Velachery,13.767353,77.434417,Villa,1600,2,1,14,No,Fully,19,58,48,18707200
7328,Chennai,OMR,14.734311,77.413095,Apartment,4040,2,1,9,Yes,Unfurnished,22,79,12,51089840
7329,Pune,Wakad,18.023061,78.961861,Plot,3023,5,4,25,Yes,Fully,26,70,28,26895631
7330,Pune,Kharadi,18.683079,77.390717,Plot,3870,5,4,9,Yes,Semi,22,98,53,30321450
7331,Chennai,OMR,16.451473,74.843326,Independent House,2406,3,2,17,No,Fully,11,53,27,27820578
7332,Pune,Hinjewadi,12.851841,73.510816,Independent House,3928,1,1,3,No,Semi,16,68,88,57065984
7333,Bengaluru,Whitefield,16.440549,76.71112,Plot,1132,1,1,0,No,Fully,15,68,17,11673184
7334,Chennai,Velachery,15.441914,78.849323,Apartment,3896,3,2,24,No,Semi,10,90,59,51138896
7335,Pune,Kharadi,16.179754,76.123356,Villa,931,2,1,18,Yes,Unfurnished,3,52,29,5917436
7336,Bengaluru,Electronic City,16.558799,76.062791,Villa,4515,4,3,12,Yes,Semi,7,89,75,57060570
7337,Hyderabad,Kondapur,13.125375,75.692983,Plot,3706,5,4,15,No,Semi,27,78,56,49801228
7338,Mumbai,Andheri,15.210599,77.957699,Plot,2139,1,1,24,No,Unfurnished,23,60,83,30228348
7339,Mumbai,Thane,18.930086,72.093968,Plot,898,5,4,0,No,Fully,11,95,49,8192454
7340,Bengaluru,Electronic City,14.799478,75.980456,Plot,4745,3,2,13,Yes,Semi,14,74,72,38562615
7341,Bengaluru,HSR Layout,13.444524,73.319748,Plot,2932,3,2,0,Yes,Unfurnished,27,71,42,30158552
7342,Bengaluru,Indiranagar,14.97354,77.387829,Villa,3951,5,4,23,No,Semi,3,58,83,35673579
7343,Bengaluru,HSR Layout,16.430328,76.499531,Apartment,3287,5,4,10,No,Fully,17,81,44,38194940
7344,Pune,Wakad,14.582978,74.4799,Plot,1477,1,1,21,Yes,Fully,8,94,1,19199523
7345,Hyderabad,Jubilee Hills,16.249621,77.255466,Independent House,1543,3,2,19,Yes,Fully,10,90,2,17681237
7346,Mumbai,Bandra,18.086606,74.443261,Villa,3790,3,2,13,No,Unfurnished,28,52,19,30805120
7347,Chennai,Velachery,18.501553,74.981487,Independent House,4882,4,3,17,No,Semi,30,70,63,55142190
7348,Mumbai,Andheri,16.782064,77.369065,Plot,1748,2,1,25,Yes,Fully,14,96,15,9105332
7349,Mumbai,Powai,13.981226,73.443741,Villa,3969,2,1,4,Yes,Fully,0,79,78,28136241
7350,Mumbai,Bandra,13.542882,77.045862,Independent House,3809,4,3,2,Yes,Semi,25,80,59,39758342
7351,Chennai,Velachery,17.862691,78.985381,Independent House,3691,2,1,2,No,Semi,2,50,38,46030461
7352,Mumbai,Thane,17.617972,75.944334,Independent House,3803,1,1,6,Yes,Unfurnished,19,91,57,43072778
7353,Chennai,OMR,18.23705,74.163218,Plot,3113,3,2,20,No,Semi,12,64,46,23910953
7354,Chennai,OMR,15.479424,79.278142,Villa,2757,3,2,10,Yes,Semi,24,66,33,25096971
7355,Bengaluru,Indiranagar,13.730314,72.339515,Independent House,4376,1,1,7,No,Fully,30,85,46,40232944
7356,Hyderabad,Madhapur,14.791007,73.610583,Independent House,4970,4,3,6,Yes,Semi,13,88,29,71339380
7357,Chennai,Anna Nagar,12.109915,78.988916,Independent House,4618,4,3,2,No,Unfurnished,7,61,75,48216538
7358,Mumbai,Thane,16.434731,75.859225,Apartment,4649,1,1,24,No,Unfurnished,22,58,2,34286375
7359,Mumbai,Bandra,15.477152,78.879508,Independent House,753,1,1,8,No,Unfurnished,7,73,6,3028566
7360,Mumbai,Thane,13.223721,76.064907,Villa,3501,5,4,18,No,Fully,22,69,99,45096381
7361,Chennai,Anna Nagar,15.732355,79.133024,Apartment,2744,5,4,15,Yes,Unfurnished,9,95,38,18541208
7362,Hyderabad,Miyapur,12.738535,75.108313,Villa,4210,2,1,12,No,Fully,15,77,39,49640110
7363,Mumbai,Andheri,12.3574,77.60937,Apartment,3693,4,3,14,No,Fully,1,87,31,22165386
7364,Mumbai,Bandra,17.305588,76.83881,Apartment,1837,2,1,1,No,Unfurnished,20,84,60,26085400
7365,Mumbai,Andheri,16.750179,72.759854,Plot,2873,1,1,6,Yes,Semi,16,57,32,20082270
7366,Mumbai,Powai,18.190696,74.764365,Villa,1053,4,3,13,No,Unfurnished,28,59,4,13770081
7367,Pune,Kharadi,16.997945,76.91596,Independent House,547,2,1,2,Yes,Semi,27,66,68,4970589
7368,Chennai,Anna Nagar,15.980472,76.895983,Plot,2215,3,2,6,Yes,Unfurnished,18,57,15,29676570
7369,Hyderabad,Madhapur,12.392317,78.205007,Villa,1214,5,4,8,Yes,Semi,15,98,21,6499756
7370,Pune,Baner,12.648005,77.50096,Independent House,2760,2,1,9,No,Semi,26,50,93,38463360
7371,Bengaluru,Indiranagar,15.986123,76.622262,Villa,3846,5,4,23,No,Semi,20,69,58,21376068
7372,Hyderabad,Jubilee Hills,13.390639,72.344887,Villa,2896,4,3,17,Yes,Fully,16,52,2,30520944
7373,Chennai,Velachery,18.747423,75.077837,Plot,536,1,1,16,Yes,Unfurnished,30,81,97,5378224
7374,Bengaluru,Whitefield,14.682566,78.940247,Apartment,1020,2,1,15,Yes,Fully,7,60,7,7249140
7375,Pune,Kharadi,16.260094,72.057742,Villa,1373,1,1,2,No,Fully,12,87,76,15598653
7376,Chennai,OMR,15.034009,76.31928,Apartment,2134,4,3,15,No,Unfurnished,21,97,60,9699030
7377,Chennai,Velachery,15.209145,75.463225,Plot,3259,3,2,25,No,Unfurnished,0,93,15,33577477
7378,Bengaluru,Electronic City,16.622662,77.94822,Independent House,3417,1,1,22,No,Fully,3,54,65,29270022
7379,Mumbai,Bandra,13.62097,79.112542,Villa,1927,2,1,3,Yes,Semi,15,85,4,26769884
7380,Pune,Hinjewadi,15.064901,79.711512,Apartment,4827,5,4,8,Yes,Fully,15,62,32,40339239
7381,Bengaluru,Indiranagar,15.629698,72.353544,Plot,1728,4,3,7,Yes,Semi,10,100,59,12127104
7382,Mumbai,Powai,16.513659,77.865814,Villa,4572,1,1,16,No,Semi,16,90,74,59614308
7383,Pune,Kharadi,16.108772,76.414492,Independent House,2541,1,1,14,Yes,Fully,5,98,85,13645170
7384,Bengaluru,Electronic City,15.119079,79.271826,Villa,3037,2,1,19,Yes,Semi,21,61,64,15573736
7385,Mumbai,Powai,13.137288,77.399397,Independent House,3522,2,1,24,No,Fully,1,91,72,46796814
7386,Pune,Hinjewadi,13.901343,72.640691,Villa,3725,3,2,13,No,Fully,18,79,13,42170725
7387,Pune,Wakad,17.609132,74.533009,Independent House,1613,5,4,23,Yes,Unfurnished,25,70,69,6487486
7388,Chennai,OMR,14.706792,75.867923,Plot,2005,1,1,21,No,Fully,6,52,99,10389910
7389,Bengaluru,Indiranagar,16.852711,73.498658,Plot,3485,1,1,16,Yes,Semi,8,74,89,49462605
7390,Pune,Wakad,13.814781,75.250346,Independent House,2806,3,2,14,No,Unfurnished,20,88,12,37802432
7391,Bengaluru,Indiranagar,15.814442,79.421209,Plot,4375,3,2,9,No,Unfurnished,11,63,93,59648750
7392,Hyderabad,Gachibowli,13.910089,73.784403,Apartment,2475,3,2,21,Yes,Unfurnished,4,50,31,36179550
7393,Mumbai,Thane,13.194419,78.520672,Independent House,1989,5,4,0,Yes,Semi,25,80,70,10834083
7394,Chennai,Velachery,15.502532,73.020257,Independent House,4727,1,1,17,Yes,Fully,8,59,19,41744137
7395,Pune,Hinjewadi,12.573156,79.508216,Plot,4145,5,4,6,No,Unfurnished,17,77,49,48915145
7396,Bengaluru,Indiranagar,16.364202,72.702671,Plot,3677,1,1,1,Yes,Semi,0,89,29,36163295
7397,Pune,Kharadi,12.967575,76.193715,Plot,2053,3,2,10,Yes,Fully,5,95,48,25605016
7398,Mumbai,Powai,17.978048,79.892027,Plot,2135,5,4,18,Yes,Unfurnished,30,81,45,21174930
7399,Pune,Wakad,12.208175,79.758362,Plot,4264,5,4,21,Yes,Unfurnished,26,90,51,25754560
7400,Mumbai,Powai,17.743336,75.680835,Apartment,2986,3,2,11,No,Unfurnished,10,71,22,23228094
7401,Hyderabad,Kukatpally,12.753982,76.479113,Villa,1134,3,2,12,No,Unfurnished,20,72,45,4785480
7402,Mumbai,Bandra,13.764212,77.518658,Plot,3943,5,4,12,Yes,Unfurnished,27,78,34,45415474
7403,Bengaluru,Whitefield,13.550884,77.579265,Plot,1254,3,2,22,No,Unfurnished,16,75,63,12576366
7404,Bengaluru,Whitefield,12.690931,74.818199,Villa,3171,3,2,7,Yes,Semi,26,56,91,27613068
7405,Chennai,OMR,13.26868,72.000895,Plot,1728,5,4,12,Yes,Unfurnished,24,72,40,8119872
7406,Bengaluru,Whitefield,18.27325,78.234081,Plot,2209,1,1,14,No,Semi,17,61,75,27528558
7407,Mumbai,Andheri,14.039876,73.236671,Apartment,1788,5,4,14,No,Unfurnished,12,61,3,8621736
7408,Bengaluru,HSR Layout,15.252187,77.444437,Apartment,4605,1,1,16,No,Unfurnished,26,76,53,60099855
7409,Bengaluru,HSR Layout,17.777425,76.274672,Apartment,4891,4,3,5,No,Unfurnished,16,65,3,65867097
7410,Hyderabad,Gachibowli,16.975832,77.640532,Apartment,3276,3,2,18,Yes,Fully,11,100,82,30869748
7411,Mumbai,Bandra,18.726469,72.237487,Independent House,663,3,2,22,Yes,Semi,9,96,6,3149913
7412,Chennai,OMR,12.730038,72.889177,Apartment,2659,2,1,18,No,Unfurnished,14,75,24,18636931
7413,Chennai,Velachery,18.476166,79.265455,Plot,1258,1,1,15,No,Unfurnished,3,80,7,11181104
7414,Chennai,Anna Nagar,12.867055,73.900428,Villa,4452,2,1,24,Yes,Fully,2,69,11,30954756
7415,Bengaluru,Electronic City,14.425981,72.296696,Plot,587,3,2,16,No,Fully,18,69,8,2516469
7416,Hyderabad,Kukatpally,13.279025,79.258791,Independent House,1514,4,3,11,Yes,Unfurnished,12,89,91,18507136
7417,Chennai,OMR,17.067758,78.256798,Villa,1189,3,2,8,No,Fully,5,87,34,9226640
7418,Hyderabad,Jubilee Hills,17.400201,75.593833,Villa,1140,2,1,20,No,Semi,1,54,45,14838240
7419,Pune,Kharadi,17.30665,78.075165,Plot,4715,3,2,24,Yes,Fully,13,98,17,28591760
7420,Chennai,Anna Nagar,13.099599,78.444115,Plot,1090,2,1,3,No,Semi,14,92,95,15328670
7421,Chennai,OMR,18.62995,77.737819,Villa,3074,2,1,2,Yes,Unfurnished,7,64,58,37278398
7422,Hyderabad,Madhapur,13.58281,75.612245,Plot,1614,3,2,14,Yes,Unfurnished,24,65,19,7179072
7423,Mumbai,Bandra,14.975886,77.998339,Apartment,3178,5,4,24,No,Fully,30,78,16,17526670
7424,Mumbai,Andheri,17.279225,76.200424,Independent House,4200,3,2,6,No,Fully,30,52,95,46384800
7425,Bengaluru,HSR Layout,12.830848,76.920623,Plot,1368,4,3,25,No,Fully,10,72,91,16740216
7426,Mumbai,Andheri,14.732927,72.856263,Plot,692,3,2,21,No,Fully,25,90,70,5603124
7427,Pune,Kharadi,17.375675,74.04147,Apartment,2369,4,3,0,No,Unfurnished,11,63,86,11897118
7428,Pune,Wakad,17.42843,79.837433,Apartment,2056,5,4,9,Yes,Semi,4,70,2,13129616
7429,Mumbai,Powai,16.32005,79.753059,Villa,3444,1,1,3,Yes,Fully,3,61,4,48625836
7430,Chennai,OMR,16.312094,75.738535,Independent House,3106,5,4,25,Yes,Semi,4,72,24,39471048
7431,Mumbai,Andheri,13.947111,74.499142,Plot,1606,2,1,18,Yes,Unfurnished,6,90,44,23163338
7432,Pune,Hinjewadi,14.940271,77.292874,Apartment,1231,3,2,13,No,Fully,13,100,14,8853352
7433,Mumbai,Powai,14.20821,74.900875,Villa,3964,3,2,11,No,Semi,5,88,12,49676848
7434,Chennai,Anna Nagar,17.47782,75.629754,Villa,4115,4,3,25,No,Semi,10,88,58,19266430
7435,Chennai,Adyar,14.562326,79.53596,Apartment,3626,5,4,8,Yes,Unfurnished,3,83,31,52098368
7436,Chennai,Anna Nagar,16.89356,73.052018,Independent House,700,5,4,0,Yes,Unfurnished,8,83,18,6711600
7437,Chennai,Adyar,12.199044,74.755108,Villa,1199,2,1,16,No,Unfurnished,27,75,10,17516191
7438,Mumbai,Andheri,14.494001,75.933151,Independent House,960,4,3,8,No,Unfurnished,30,77,63,8540160
7439,Hyderabad,Kondapur,14.435161,76.18515,Villa,4649,5,4,1,No,Unfurnished,9,70,72,31450485
7440,Pune,Wakad,14.496264,77.051997,Independent House,4503,1,1,3,No,Fully,20,85,85,25099722
7441,Mumbai,Thane,18.48333,76.543634,Independent House,4784,4,3,9,No,Semi,27,88,51,34076432
7442,Hyderabad,Kukatpally,15.749933,79.300606,Villa,1162,1,1,0,Yes,Semi,16,94,70,14778316
7443,Mumbai,Andheri,16.017662,73.289271,Villa,3213,2,1,24,Yes,Unfurnished,13,76,14,41553729
7444,Hyderabad,Madhapur,13.776497,78.098674,Independent House,1084,3,2,7,No,Unfurnished,3,94,31,12042156
7445,Chennai,Velachery,13.389264,75.211104,Apartment,4185,3,2,21,Yes,Fully,19,82,77,43134795
7446,Chennai,Adyar,17.446651,77.509415,Apartment,3571,2,1,2,Yes,Fully,5,91,69,45519537
7447,Mumbai,Powai,17.441842,76.512215,Apartment,3080,1,1,17,No,Fully,8,100,94,29149120
7448,Pune,Wakad,16.506841,74.783742,Apartment,2021,2,1,15,No,Semi,26,100,74,8492242
7449,Bengaluru,HSR Layout,18.263337,79.16825,Villa,1260,1,1,11,No,Unfurnished,4,97,78,17826480
7450,Mumbai,Andheri,14.851199,74.008819,Apartment,4681,4,3,24,No,Semi,25,69,6,31039711
7451,Chennai,Velachery,17.738561,77.779974,Villa,2536,5,4,6,No,Unfurnished,5,76,68,20899176
7452,Pune,Wakad,14.394616,73.430114,Villa,2652,4,3,15,No,Unfurnished,11,90,90,29031444
7453,Bengaluru,Whitefield,17.664075,79.125848,Plot,1076,2,1,18,Yes,Unfurnished,28,65,89,7197364
7454,Mumbai,Thane,12.565848,74.45835,Plot,1778,3,2,13,No,Unfurnished,26,62,15,9217152
7455,Hyderabad,Banjara Hills,15.675641,73.257889,Plot,4716,3,2,8,No,Fully,3,52,70,26711424
7456,Bengaluru,Indiranagar,16.37678,72.412823,Independent House,3720,2,1,11,No,Unfurnished,27,67,12,24782640
7457,Mumbai,Powai,12.384531,77.80073,Independent House,2636,2,1,4,Yes,Semi,2,92,51,17126092
7458,Hyderabad,Kondapur,15.546071,75.128992,Plot,2064,4,3,5,No,Unfurnished,30,84,85,20010480
7459,Chennai,OMR,12.87727,77.430717,Apartment,1621,5,4,0,Yes,Unfurnished,16,74,5,11859236
7460,Bengaluru,Electronic City,14.11446,74.045574,Independent House,713,1,1,5,No,Semi,22,72,97,3034528
7461,Hyderabad,Kondapur,13.993723,77.58944,Villa,856,3,2,25,Yes,Fully,25,77,72,11801672
7462,Hyderabad,Kondapur,15.593208,77.174813,Independent House,1276,5,4,24,Yes,Semi,16,55,5,11485276
7463,Mumbai,Bandra,18.296702,77.309221,Plot,3427,4,3,10,No,Unfurnished,7,56,36,43378966
7464,Pune,Wakad,17.718744,78.741793,Plot,1402,4,3,8,Yes,Fully,13,59,36,8134404
7465,Bengaluru,Whitefield,13.335818,79.149202,Plot,1308,4,3,23,No,Semi,13,83,61,15176724
7466,Chennai,OMR,15.785304,74.143256,Apartment,2205,2,1,7,No,Unfurnished,18,86,61,24678360
7467,Mumbai,Thane,13.743312,79.875923,Independent House,2605,5,4,18,No,Unfurnished,25,57,45,11933505
7468,Chennai,Velachery,16.386503,72.810133,Independent House,2534,1,1,0,Yes,Fully,7,98,48,37194052
7469,Bengaluru,HSR Layout,15.039506,73.53458,Plot,4622,2,1,17,No,Unfurnished,3,64,11,43761096
7470,Hyderabad,Kukatpally,16.914729,72.266403,Plot,2118,4,3,4,No,Semi,24,99,53,22639302
7471,Bengaluru,Electronic City,15.165993,78.636567,Apartment,2110,5,4,21,Yes,Semi,15,50,67,23528610
7472,Bengaluru,HSR Layout,17.730169,76.976697,Independent House,4238,4,3,8,Yes,Fully,30,73,81,56017884
7473,Bengaluru,Whitefield,12.650541,78.633003,Apartment,2156,5,4,7,No,Unfurnished,20,72,3,28646772
7474,Mumbai,Bandra,15.887419,76.102697,Villa,775,3,2,14,Yes,Fully,1,50,64,5140575
7475,Bengaluru,Indiranagar,15.474608,78.876662,Plot,1431,2,1,5,Yes,Semi,25,96,37,14198382
7476,Pune,Wakad,13.521475,72.393997,Plot,1072,3,2,13,Yes,Fully,17,91,24,13597248
7477,Chennai,OMR,14.167882,73.815304,Apartment,1547,2,1,25,No,Unfurnished,2,94,49,19555627
7478,Pune,Hinjewadi,14.314477,78.847346,Apartment,4944,2,1,24,Yes,Unfurnished,10,75,83,34024608
7479,Mumbai,Powai,13.595974,74.58305,Apartment,3112,1,1,25,Yes,Fully,20,82,93,27581656
7480,Hyderabad,Madhapur,16.098928,76.9887,Independent House,1334,4,3,14,Yes,Semi,5,53,11,11353674
7481,Pune,Wakad,12.9907,73.829022,Independent House,1046,2,1,14,Yes,Fully,26,75,40,12881490
7482,Pune,Baner,14.009027,74.460092,Independent House,1506,2,1,13,No,Unfurnished,18,59,41,6980310
7483,Chennai,Adyar,15.12482,74.483507,Independent House,2488,4,3,17,Yes,Fully,17,85,11,26012040
7484,Chennai,Adyar,17.0646,78.570642,Independent House,3600,4,3,22,No,Fully,1,81,83,19998000
7485,Hyderabad,Miyapur,15.388843,74.947806,Plot,2796,5,4,3,No,Fully,27,56,59,21962580
7486,Pune,Kharadi,14.150412,78.27114,Villa,4450,5,4,3,No,Unfurnished,16,97,55,57903400
7487,Pune,Kharadi,15.586609,79.656931,Independent House,4285,4,3,0,Yes,Unfurnished,22,61,84,51934200
7488,Pune,Hinjewadi,18.590603,75.857331,Villa,4584,5,4,17,Yes,Fully,15,65,51,27151032
7489,Pune,Hinjewadi,13.198526,72.382131,Apartment,2879,5,4,11,No,Fully,11,57,76,12883525
7490,Mumbai,Powai,16.251414,76.099718,Independent House,557,1,1,3,No,Fully,9,89,99,5126071
7491,Mumbai,Andheri,13.316193,78.839268,Plot,3864,5,4,3,Yes,Unfurnished,4,57,14,31124520
7492,Chennai,Anna Nagar,12.962094,74.18544,Plot,4225,1,1,21,No,Semi,13,99,25,38865775
7493,Chennai,Velachery,18.178372,74.050089,Independent House,4204,2,1,11,No,Fully,16,57,87,54252620
7494,Chennai,Adyar,13.79867,76.840584,Plot,1920,4,3,12,Yes,Unfurnished,30,64,71,21406080
7495,Hyderabad,Madhapur,13.483172,73.514253,Plot,3081,2,1,8,Yes,Fully,16,84,89,43500639
7496,Hyderabad,Banjara Hills,12.363081,75.000054,Independent House,3323,4,3,10,No,Unfurnished,3,90,81,49097325
7497,Bengaluru,HSR Layout,14.552237,79.951084,Villa,4430,1,1,8,No,Semi,18,51,74,35949450
7498,Mumbai,Bandra,17.19917,74.929091,Villa,1343,5,4,23,Yes,Semi,18,56,5,19678979
7499,Hyderabad,Banjara Hills,16.7768,76.918429,Independent House,1138,2,1,24,No,Fully,6,53,76,11204748
7500,Chennai,OMR,12.585028,79.100634,Plot,4432,1,1,22,Yes,Unfurnished,4,81,64,54877024
7501,Pune,Kharadi,15.466332,73.161187,Apartment,592,1,1,16,Yes,Fully,10,61,42,5257552
7502,Hyderabad,Jubilee Hills,17.281258,74.920051,Plot,2430,3,2,9,No,Semi,18,94,67,35456130
7503,Pune,Baner,16.367424,78.654564,Apartment,2103,3,2,9,No,Unfurnished,16,58,12,22373817
7504,Pune,Wakad,18.566083,77.997634,Villa,1254,3,2,11,Yes,Unfurnished,13,66,35,14409714
7505,Hyderabad,Gachibowli,16.095677,78.209843,Villa,4700,3,2,24,Yes,Unfurnished,11,53,87,28670000
7506,Mumbai,Andheri,15.89235,79.277031,Villa,4924,1,1,14,No,Unfurnished,22,58,86,52484916
7507,Mumbai,Thane,17.803991,75.545258,Independent House,1153,5,4,24,No,Unfurnished,0,61,21,8309671
7508,Mumbai,Bandra,18.844592,78.948611,Plot,2173,2,1,1,Yes,Fully,21,58,69,25673995
7509,Pune,Kharadi,13.869562,73.370882,Villa,4947,4,3,9,Yes,Semi,4,51,45,63895452
7510,Hyderabad,Jubilee Hills,18.928526,74.768537,Apartment,4792,5,4,24,Yes,Unfurnished,29,51,83,34564696
7511,Chennai,OMR,14.040015,73.49182,Independent House,4166,1,1,16,Yes,Semi,7,97,65,45396902
7512,Chennai,OMR,18.108178,73.779354,Villa,4678,4,3,7,No,Semi,23,85,23,58924088
7513,Bengaluru,HSR Layout,17.582029,79.128014,Villa,3274,3,2,11,Yes,Semi,1,96,13,17653408
7514,Chennai,OMR,18.828639,76.500403,Villa,1800,2,1,1,Yes,Unfurnished,11,67,54,26420400
7515,Bengaluru,Electronic City,17.799595,77.629783,Villa,2955,4,3,19,No,Semi,20,69,72,35052210
7516,Bengaluru,Indiranagar,16.311374,77.570521,Apartment,1616,3,2,4,No,Unfurnished,8,53,8,15673584
7517,Bengaluru,Indiranagar,14.118139,72.953111,Independent House,2556,2,1,10,No,Unfurnished,3,93,52,26884008
7518,Pune,Hinjewadi,18.488126,75.295658,Plot,3989,1,1,14,No,Fully,15,68,68,58670212
7519,Chennai,Velachery,16.494872,75.557546,Plot,607,1,1,9,No,Unfurnished,1,71,31,5290612
7520,Mumbai,Andheri,18.675166,77.170353,Villa,4617,1,1,11,No,Unfurnished,22,66,75,62463393
7521,Bengaluru,Indiranagar,18.211935,76.746246,Independent House,952,5,4,24,No,Fully,23,87,3,14140056
7522,Chennai,Velachery,16.248938,75.505832,Apartment,2802,5,4,16,No,Fully,11,58,8,25814826
7523,Chennai,Adyar,15.380566,76.599537,Apartment,2948,4,3,13,Yes,Unfurnished,2,64,91,24424180
7524,Bengaluru,HSR Layout,13.394692,78.892204,Plot,1566,3,2,23,No,Fully,14,84,29,19651734
7525,Bengaluru,Indiranagar,13.063917,72.616902,Villa,3363,1,1,22,No,Fully,5,53,96,24546537
7526,Pune,Baner,12.239365,73.688581,Plot,1671,2,1,18,No,Unfurnished,5,78,84,16803576
7527,Hyderabad,Gachibowli,17.221493,73.265538,Plot,1912,5,4,15,Yes,Fully,16,71,69,8055256
7528,Hyderabad,Kukatpally,13.556533,75.847335,Plot,4194,3,2,22,No,Unfurnished,19,81,54,59756112
7529,Bengaluru,Whitefield,17.827295,72.708104,Independent House,971,3,2,6,No,Semi,20,57,61,12187992
7530,Mumbai,Thane,14.845324,77.266454,Apartment,4062,4,3,23,No,Unfurnished,18,78,23,33755220
7531,Mumbai,Powai,18.552115,72.411583,Independent House,2989,3,2,2,Yes,Semi,8,100,97,41636770
7532,Chennai,Velachery,12.989948,72.138646,Plot,4182,5,4,20,No,Fully,1,94,40,21554028
7533,Bengaluru,Whitefield,16.088618,79.379606,Villa,4597,5,4,1,No,Fully,18,84,43,51114043
7534,Pune,Wakad,17.518491,78.238635,Plot,876,2,1,5,No,Semi,3,61,18,12401532
7535,Pune,Wakad,12.174809,74.919418,Apartment,3603,1,1,13,No,Unfurnished,12,91,85,48431526
7536,Chennai,Velachery,17.666851,74.311855,Villa,3129,3,2,25,Yes,Semi,19,84,100,34027875
7537,Pune,Baner,18.461094,77.32673,Plot,1327,2,1,13,Yes,Semi,29,68,86,15304291
7538,Chennai,OMR,12.542395,79.922579,Independent House,2313,4,3,19,Yes,Unfurnished,9,53,71,20655090
7539,Bengaluru,HSR Layout,17.042171,76.348488,Apartment,959,1,1,1,Yes,Unfurnished,5,62,90,7423619
7540,Pune,Wakad,12.920437,73.561983,Plot,3275,5,4,12,Yes,Semi,0,92,26,48754925
7541,Pune,Hinjewadi,12.305819,73.778672,Independent House,4514,1,1,1,No,Semi,9,60,98,40513150
7542,Mumbai,Thane,18.316649,78.407215,Apartment,1144,1,1,5,No,Unfurnished,28,89,19,11615032
7543,Hyderabad,Gachibowli,17.005122,75.788762,Plot,1920,1,1,22,No,Semi,17,50,3,8279040
7544,Chennai,Anna Nagar,13.459843,74.155983,Villa,4403,1,1,20,No,Unfurnished,25,64,47,44501121
7545,Chennai,Velachery,13.194136,73.906608,Independent House,2816,1,1,22,No,Unfurnished,24,65,71,22409728
7546,Hyderabad,Gachibowli,16.943588,74.768413,Plot,751,5,4,21,No,Unfurnished,26,65,10,4187576
7547,Mumbai,Powai,16.019413,74.822841,Apartment,4932,3,2,8,No,Semi,26,66,61,39510252
7548,Chennai,Velachery,18.139083,77.453997,Apartment,4614,2,1,22,No,Unfurnished,27,83,41,57125934
7549,Chennai,Adyar,12.184349,74.547327,Villa,4296,1,1,1,No,Semi,20,92,62,38599560
7550,Pune,Baner,15.422898,74.472814,Independent House,4433,3,2,5,No,Fully,30,75,30,45096909
7551,Chennai,OMR,17.743354,74.449337,Plot,1529,5,4,4,Yes,Fully,13,53,100,10384968
7552,Bengaluru,HSR Layout,18.029231,76.612566,Apartment,3847,5,4,0,Yes,Unfurnished,24,78,2,55727642
7553,Chennai,Velachery,15.708072,76.106166,Villa,3704,3,2,2,Yes,Semi,13,59,82,41525544
7554,Hyderabad,Banjara Hills,17.7664,77.222206,Villa,3920,2,1,18,No,Semi,3,95,35,45189760
7555,Mumbai,Thane,14.775344,79.857932,Independent House,656,2,1,15,Yes,Unfurnished,11,80,36,9229264
7556,Chennai,Velachery,14.046833,72.080977,Villa,1983,1,1,0,Yes,Fully,15,82,62,28150668
7557,Pune,Baner,14.042735,72.412653,Independent House,959,3,2,19,No,Semi,7,82,60,10244997
7558,Chennai,Adyar,15.566452,79.721321,Independent House,2750,3,2,5,No,Fully,3,99,89,40771500
7559,Hyderabad,Banjara Hills,14.815431,73.514231,Independent House,1678,4,3,19,No,Semi,27,92,55,16518232
7560,Hyderabad,Madhapur,13.079963,78.727613,Independent House,1798,1,1,6,No,Fully,4,74,56,26290356
7561,Bengaluru,HSR Layout,13.651027,74.793552,Villa,1814,3,2,5,No,Semi,10,78,39,23906706
7562,Pune,Wakad,16.178653,77.940179,Plot,1202,4,3,5,No,Fully,2,83,80,7939210
7563,Mumbai,Bandra,18.437835,72.247017,Villa,2630,2,1,16,Yes,Fully,5,95,53,29193000
7564,Pune,Wakad,14.254902,74.249412,Plot,1874,5,4,7,No,Unfurnished,20,97,77,27024954
7565,Pune,Baner,17.227825,74.134409,Villa,1194,2,1,0,No,Unfurnished,11,87,37,12994302
7566,Mumbai,Thane,17.201719,75.224188,Villa,3266,3,2,24,No,Semi,27,83,44,16483502
7567,Bengaluru,Indiranagar,16.539842,76.884601,Independent House,2989,1,1,15,No,Unfurnished,11,77,43,38103772
7568,Bengaluru,Electronic City,12.686561,74.272037,Plot,1659,4,3,4,No,Semi,5,66,61,13235502
7569,Chennai,Anna Nagar,13.665626,73.923149,Apartment,4965,2,1,18,No,Fully,8,97,49,31627050
7570,Chennai,Adyar,14.086718,76.13136,Plot,4205,4,3,21,No,Fully,11,97,28,58558830
7571,Bengaluru,Indiranagar,18.780265,73.583067,Plot,2760,4,3,15,No,Unfurnished,13,67,40,37188240
7572,Pune,Wakad,17.412035,76.587711,Villa,1140,4,3,6,No,Unfurnished,12,97,67,5370540
7573,Hyderabad,Gachibowli,12.158759,73.702901,Villa,3455,1,1,13,Yes,Fully,24,51,26,22882465
7574,Pune,Kharadi,16.381808,74.175318,Apartment,3811,4,3,3,Yes,Semi,9,85,5,33776893
7575,Bengaluru,Electronic City,18.21046,73.489059,Villa,2720,3,2,23,Yes,Unfurnished,6,75,17,16004480
7576,Chennai,Anna Nagar,13.435697,75.403352,Apartment,4551,1,1,14,No,Semi,1,82,59,33568176
7577,Hyderabad,Kondapur,12.628495,77.167133,Independent House,2245,3,2,2,Yes,Semi,28,75,25,28480070
7578,Bengaluru,Electronic City,14.179813,76.027979,Plot,2543,3,2,18,No,Fully,7,87,32,29730213
7579,Mumbai,Andheri,12.687776,77.310062,Apartment,2565,3,2,17,No,Semi,23,98,86,31172445
7580,Hyderabad,Kondapur,15.604183,75.121071,Villa,3332,1,1,0,Yes,Semi,13,58,61,47167792
7581,Mumbai,Powai,15.07686,72.416101,Apartment,1780,1,1,0,No,Unfurnished,17,67,69,22383500
7582,Hyderabad,Kondapur,18.915007,74.760002,Independent House,4060,5,4,21,Yes,Semi,30,69,22,56624820
7583,Bengaluru,HSR Layout,15.908039,72.475625,Apartment,2339,5,4,16,No,Fully,28,54,61,19065189
7584,Hyderabad,Gachibowli,18.685553,78.591092,Plot,3922,4,3,19,Yes,Fully,11,75,5,46448246
7585,Hyderabad,Jubilee Hills,15.567832,78.253349,Villa,1612,2,1,11,Yes,Fully,18,53,7,12173824
7586,Chennai,Velachery,15.256733,77.40798,Apartment,1203,3,2,1,No,Unfurnished,28,81,48,15854337
7587,Chennai,Velachery,14.675286,76.35195,Independent House,3568,2,1,1,Yes,Semi,3,52,52,44225360
7588,Chennai,Velachery,18.150435,78.808222,Apartment,3713,5,4,23,Yes,Fully,27,64,99,15204735
7589,Bengaluru,Indiranagar,13.174356,78.91208,Apartment,2330,1,1,10,Yes,Fully,19,77,70,34094890
7590,Chennai,OMR,13.98151,75.272571,Apartment,3185,2,1,12,No,Fully,5,80,78,14020370
7591,Chennai,Adyar,17.360679,76.158685,Apartment,3098,2,1,13,Yes,Semi,16,53,50,40416508
7592,Chennai,Anna Nagar,16.976662,74.029665,Independent House,2141,3,2,20,No,Semi,0,61,23,10529438
7593,Pune,Kharadi,12.590518,74.835291,Apartment,2936,5,4,10,Yes,Fully,20,78,17,28681784
7594,Bengaluru,Indiranagar,17.190938,76.652144,Plot,4256,3,2,7,No,Unfurnished,19,93,80,34958784
7595,Hyderabad,Gachibowli,15.173246,75.175577,Villa,1837,1,1,19,Yes,Fully,29,86,89,27044314
7596,Pune,Kharadi,12.775557,72.076539,Plot,3851,4,3,3,Yes,Unfurnished,6,75,19,39465048
7597,Chennai,Anna Nagar,12.405968,77.880776,Plot,4999,5,4,13,No,Fully,22,84,49,47855427
7598,Hyderabad,Miyapur,18.709245,72.630328,Independent House,717,1,1,9,No,Unfurnished,28,93,60,5664300
7599,Mumbai,Bandra,12.555388,73.836414,Apartment,2089,1,1,4,Yes,Fully,16,60,80,12483864
7600,Mumbai,Bandra,13.478098,72.581635,Independent House,2152,2,1,0,No,Semi,13,93,71,23344896
7601,Pune,Hinjewadi,17.699958,72.899186,Apartment,967,5,4,3,Yes,Semi,26,80,49,14315468
7602,Hyderabad,Miyapur,18.27236,79.393873,Apartment,930,2,1,24,No,Unfurnished,8,63,66,13696110
7603,Chennai,Anna Nagar,16.91159,75.953135,Independent House,1943,4,3,19,Yes,Semi,14,54,14,26848374
7604,Pune,Baner,12.595545,73.640087,Independent House,3019,3,2,6,Yes,Semi,3,66,47,22240973
7605,Mumbai,Thane,14.144328,73.441585,Plot,1120,5,4,9,No,Semi,29,88,17,7414400
7606,Hyderabad,Miyapur,16.507326,79.177603,Plot,4772,3,2,25,No,Semi,21,75,62,27386508
7607,Pune,Baner,13.952012,73.548444,Villa,2578,1,1,14,Yes,Semi,18,65,60,28976720
7608,Bengaluru,Electronic City,16.853243,74.413311,Independent House,4963,4,3,10,No,Fully,28,79,29,69278517
7609,Mumbai,Powai,18.751915,78.562721,Apartment,1742,3,2,18,No,Fully,22,91,17,7471438
7610,Mumbai,Andheri,16.373762,78.849135,Villa,1645,3,2,3,Yes,Semi,28,75,2,23465925
7611,Pune,Kharadi,12.10616,74.148133,Independent House,1639,5,4,0,Yes,Semi,29,89,56,16117926
7612,Hyderabad,Jubilee Hills,15.637438,78.942729,Apartment,2808,1,1,25,Yes,Fully,6,98,94,18215496
7613,Chennai,Velachery,13.499385,75.950079,Plot,3774,3,2,15,No,Unfurnished,11,69,84,28523892
7614,Chennai,OMR,15.487928,79.065672,Apartment,4964,3,2,0,No,Fully,10,73,94,72211308
7615,Bengaluru,HSR Layout,14.480184,73.770897,Apartment,1044,2,1,11,Yes,Unfurnished,29,83,21,6316200
7616,Pune,Baner,18.64392,76.904588,Plot,2695,3,2,21,No,Fully,27,69,46,20832350
7617,Hyderabad,Gachibowli,17.53864,77.05455,Villa,4255,2,1,21,No,Semi,22,62,87,44166900
7618,Chennai,Adyar,14.470979,79.756348,Plot,3012,4,3,5,No,Unfurnished,26,86,2,42309564
7619,Pune,Kharadi,16.702346,78.824967,Independent House,1399,5,4,14,Yes,Fully,21,58,94,14040364
7620,Mumbai,Bandra,18.65661,72.98793,Apartment,2287,2,1,17,Yes,Fully,12,90,82,33284998
7621,Pune,Baner,13.404014,73.192395,Independent House,1932,1,1,10,No,Semi,13,88,63,20879124
7622,Hyderabad,Jubilee Hills,14.344566,77.284883,Plot,3096,1,1,18,Yes,Semi,7,59,62,22266432
7623,Bengaluru,Electronic City,12.812158,72.275599,Plot,4993,2,1,25,Yes,Unfurnished,30,93,85,29828182
7624,Chennai,Adyar,18.529048,76.196886,Villa,4662,2,1,7,Yes,Semi,22,74,98,61342596
7625,Mumbai,Thane,14.13156,74.09924,Apartment,2839,2,1,14,No,Semi,12,93,90,17706843
7626,Hyderabad,Jubilee Hills,13.121616,76.876271,Independent House,778,1,1,0,No,Fully,15,81,78,8789066
7627,Hyderabad,Jubilee Hills,13.743359,76.482372,Plot,1370,5,4,25,No,Fully,16,59,58,13516420
7628,Mumbai,Andheri,14.332605,76.385929,Independent House,4849,2,1,9,No,Semi,25,69,82,70722665
7629,Mumbai,Thane,18.070442,79.613181,Plot,3385,4,3,23,No,Fully,6,90,17,26954755
7630,Chennai,OMR,14.978993,75.76012,Villa,1973,2,1,10,Yes,Fully,21,91,77,29291158
7631,Bengaluru,Whitefield,15.288308,75.005277,Apartment,3203,1,1,25,Yes,Fully,14,86,81,28234445
7632,Chennai,OMR,12.836981,74.689735,Plot,1005,5,4,24,Yes,Semi,20,67,12,14557425
7633,Bengaluru,HSR Layout,16.301393,75.296813,Apartment,587,5,4,14,Yes,Fully,14,60,27,4962498
7634,Bengaluru,Electronic City,18.426257,76.839312,Plot,4383,4,3,6,Yes,Unfurnished,28,79,4,20043459
7635,Pune,Kharadi,14.104064,78.650416,Plot,2882,5,4,18,Yes,Semi,9,99,74,30811462
7636,Bengaluru,Whitefield,16.468689,77.756767,Plot,1160,1,1,7,Yes,Unfurnished,8,62,25,12065160
7637,Hyderabad,Kondapur,15.626955,76.086211,Villa,1793,4,3,20,Yes,Unfurnished,12,68,70,11240317
7638,Pune,Wakad,18.620644,78.447607,Villa,4540,3,2,20,Yes,Semi,27,54,73,57085960
7639,Hyderabad,Miyapur,15.271519,73.093915,Apartment,2855,2,1,5,No,Unfurnished,5,96,99,29669160
7640,Hyderabad,Madhapur,15.830959,72.860369,Plot,1781,1,1,19,Yes,Semi,10,88,76,8826636
7641,Hyderabad,Gachibowli,18.87202,78.846063,Apartment,614,4,3,23,Yes,Fully,14,90,62,4272212
7642,Hyderabad,Madhapur,17.671616,76.050545,Independent House,3736,1,1,1,No,Unfurnished,4,68,41,37330112
7643,Bengaluru,Indiranagar,14.167123,76.427458,Plot,3150,2,1,1,No,Unfurnished,8,77,19,40477500
7644,Hyderabad,Madhapur,14.565484,72.139989,Apartment,1048,4,3,15,Yes,Semi,25,95,16,13887048
7645,Chennai,Adyar,16.405114,75.807276,Apartment,3325,1,1,8,No,Fully,23,59,52,23893450
7646,Mumbai,Powai,13.583371,77.086716,Independent House,3842,5,4,7,No,Unfurnished,23,64,97,32019228
7647,Hyderabad,Madhapur,13.275042,74.556107,Villa,1794,2,1,10,No,Unfurnished,2,63,10,18302388
7648,Bengaluru,Electronic City,13.881472,72.452497,Apartment,1935,3,2,19,No,Unfurnished,9,54,1,11044980
7649,Chennai,Velachery,18.063957,77.763853,Apartment,1656,2,1,25,No,Unfurnished,26,64,96,23829840
7650,Hyderabad,Madhapur,18.124607,78.468099,Apartment,2045,5,4,0,Yes,Unfurnished,24,99,32,28437770
7651,Bengaluru,HSR Layout,16.326046,72.061396,Independent House,3127,5,4,10,No,Fully,25,94,50,21441839
7652,Pune,Wakad,13.792462,74.009925,Independent House,4133,3,2,15,Yes,Semi,22,80,8,60296337
7653,Bengaluru,Electronic City,12.008611,74.796751,Apartment,3605,3,2,14,Yes,Semi,5,72,75,47196660
7654,Bengaluru,Electronic City,16.946211,77.395251,Villa,3703,2,1,3,Yes,Semi,16,77,33,49127701
7655,Hyderabad,Kondapur,14.641817,79.900323,Independent House,1388,1,1,9,Yes,Fully,18,66,11,19377868
7656,Chennai,Anna Nagar,12.070855,76.827246,Independent House,3548,1,1,11,Yes,Semi,25,96,54,27961788
7657,Hyderabad,Madhapur,16.411743,74.37449,Independent House,3784,4,3,19,Yes,Semi,2,55,58,16630680
7658,Chennai,Velachery,14.570137,75.850717,Independent House,3779,2,1,5,No,Unfurnished,19,65,57,56314658
7659,Bengaluru,HSR Layout,17.749411,79.382757,Independent House,1426,1,1,4,Yes,Unfurnished,6,59,17,20457396
7660,Mumbai,Bandra,14.401728,79.417833,Plot,4157,3,2,17,No,Unfurnished,2,93,48,45785198
7661,Chennai,OMR,15.344867,75.213926,Independent House,1455,1,1,10,Yes,Unfurnished,30,99,78,11025990
7662,Chennai,Velachery,18.995287,73.800155,Independent House,3464,4,3,9,Yes,Fully,11,86,80,49538664
7663,Mumbai,Thane,15.221507,72.269118,Independent House,2068,1,1,4,Yes,Unfurnished,22,69,99,19718380
7664,Pune,Hinjewadi,17.343421,78.650233,Villa,3224,4,3,1,Yes,Fully,17,50,8,20385352
7665,Hyderabad,Gachibowli,18.719397,72.588789,Apartment,585,2,1,23,Yes,Unfurnished,24,72,67,7926750
7666,Bengaluru,Whitefield,12.933378,74.828768,Villa,2656,5,4,17,Yes,Fully,11,98,9,32498816
7667,Hyderabad,Banjara Hills,17.403892,75.168939,Independent House,4324,3,2,18,No,Fully,0,63,49,62213712
7668,Pune,Kharadi,12.308853,73.671652,Independent House,3803,1,1,14,No,Fully,4,70,71,36474573
7669,Bengaluru,Electronic City,15.575218,77.04499,Independent House,2286,5,4,18,No,Semi,3,98,30,29859732
7670,Pune,Hinjewadi,13.193842,72.231242,Villa,3263,2,1,17,Yes,Semi,2,84,70,16334578
7671,Mumbai,Andheri,16.889591,79.673786,Independent House,4157,3,2,19,Yes,Fully,22,51,46,56772149
7672,Pune,Hinjewadi,13.290892,73.037713,Independent House,2895,2,1,13,Yes,Semi,7,88,77,19934970
7673,Mumbai,Thane,16.68093,77.397892,Villa,3038,2,1,16,No,Fully,23,56,33,25297426
7674,Mumbai,Andheri,14.170393,79.339574,Apartment,1350,3,2,12,Yes,Fully,17,60,2,14224950
7675,Mumbai,Andheri,12.872615,73.720189,Villa,3257,4,3,10,Yes,Unfurnished,26,59,87,22479814
7676,Bengaluru,HSR Layout,18.937012,77.166798,Plot,1163,1,1,2,Yes,Fully,22,78,84,14849184
7677,Mumbai,Bandra,13.834827,76.359587,Independent House,2351,1,1,5,No,Semi,25,75,46,9420457
7678,Mumbai,Thane,15.852351,78.018851,Apartment,970,3,2,4,No,Fully,0,82,94,7023770
7679,Pune,Baner,12.869005,74.423529,Plot,1756,4,3,12,Yes,Semi,5,54,97,11018900
7680,Mumbai,Andheri,17.371427,73.534217,Plot,888,3,2,24,Yes,Fully,24,97,58,4283712
7681,Chennai,Velachery,13.189705,72.304708,Apartment,1687,5,4,4,No,Unfurnished,25,60,71,25063759
7682,Pune,Baner,16.016479,75.561802,Apartment,2714,4,3,16,No,Semi,21,60,88,14837438
7683,Pune,Wakad,15.89198,77.845283,Plot,2066,2,1,12,Yes,Semi,30,83,96,15664412
7684,Bengaluru,Whitefield,15.76552,74.588228,Apartment,4722,5,4,22,No,Fully,11,86,74,44297082
7685,Chennai,Anna Nagar,12.206915,79.945442,Villa,2105,2,1,4,Yes,Unfurnished,13,54,82,30711950
7686,Bengaluru,HSR Layout,18.966823,78.706554,Independent House,4941,3,2,20,Yes,Unfurnished,21,64,78,27630072
7687,Hyderabad,Kukatpally,15.131386,74.214611,Apartment,4822,3,2,15,Yes,Semi,14,100,10,43229230
7688,Hyderabad,Madhapur,17.140458,77.442107,Villa,2270,1,1,3,Yes,Fully,26,98,78,20970260
7689,Pune,Wakad,13.706567,77.060018,Villa,2361,2,1,5,Yes,Fully,25,98,26,31852251
7690,Pune,Hinjewadi,17.918096,79.345308,Villa,4856,3,2,24,No,Fully,16,58,2,20472896
7691,Mumbai,Powai,17.090759,75.25617,Villa,3427,5,4,5,Yes,Semi,4,55,90,15805324
7692,Chennai,Anna Nagar,16.348902,78.745721,Independent House,598,4,3,21,No,Unfurnished,2,51,23,7771608
7693,Bengaluru,Electronic City,14.090928,75.060719,Independent House,2452,5,4,12,No,Unfurnished,0,50,19,24451344
7694,Mumbai,Thane,13.880776,77.304731,Villa,4109,1,1,0,Yes,Fully,23,98,73,54012805
7695,Mumbai,Bandra,18.329452,75.496483,Villa,4343,2,1,14,Yes,Unfurnished,16,98,26,29445540
7696,Hyderabad,Banjara Hills,13.69356,79.16011,Independent House,3941,1,1,16,No,Semi,10,83,24,32982229
7697,Hyderabad,Kondapur,12.938108,75.605663,Villa,4081,2,1,16,Yes,Fully,19,65,37,45919412
7698,Pune,Hinjewadi,18.616916,76.969219,Apartment,3910,1,1,23,Yes,Unfurnished,10,60,69,42196720
7699,Mumbai,Thane,17.73224,73.219794,Villa,953,4,3,13,No,Semi,23,50,93,6659564
7700,Chennai,Velachery,18.168198,74.415519,Plot,4531,4,3,16,Yes,Unfurnished,17,86,59,58191633
7701,Chennai,OMR,17.212959,78.673419,Plot,4038,2,1,14,No,Unfurnished,16,81,5,20698788
7702,Bengaluru,Electronic City,18.533731,75.029451,Independent House,1345,5,4,13,Yes,Semi,19,99,12,6499040
7703,Mumbai,Powai,17.202,74.299298,Apartment,658,1,1,0,Yes,Unfurnished,18,70,46,6205598
7704,Mumbai,Powai,14.573197,73.530801,Villa,3308,4,3,23,Yes,Unfurnished,28,63,8,13599188
7705,Chennai,Anna Nagar,15.529149,75.813838,Apartment,4141,1,1,18,Yes,Semi,16,53,23,59551721
7706,Pune,Kharadi,16.050325,73.558922,Villa,4464,4,3,4,Yes,Unfurnished,19,50,25,36631584
7707,Mumbai,Thane,15.659848,77.146703,Villa,2318,5,4,7,No,Unfurnished,30,91,7,9995216
7708,Chennai,Velachery,17.842106,72.985234,Villa,4569,5,4,2,No,Unfurnished,3,59,5,61708914
7709,Mumbai,Bandra,15.104727,77.353656,Plot,1225,3,2,7,No,Semi,12,80,41,7400225
7710,Hyderabad,Kukatpally,15.801391,74.681577,Apartment,2656,5,4,11,Yes,Fully,7,81,61,16740768
7711,Hyderabad,Kukatpally,17.778555,74.490484,Plot,3388,3,2,4,No,Unfurnished,19,88,79,30790144
7712,Mumbai,Thane,12.139379,75.34783,Villa,1465,4,3,22,No,Semi,29,59,31,16592590
7713,Mumbai,Thane,12.666138,79.584912,Villa,1882,4,3,17,Yes,Unfurnished,13,65,74,18089784
7714,Chennai,OMR,16.139974,79.996727,Independent House,1266,1,1,20,Yes,Semi,13,70,65,18895050
7715,Pune,Wakad,15.368896,79.315625,Apartment,3053,5,4,5,No,Semi,17,52,69,25419278
7716,Mumbai,Bandra,14.548003,72.179319,Apartment,2490,4,3,19,Yes,Semi,6,52,23,12771210
7717,Hyderabad,Kukatpally,17.021377,75.138519,Apartment,3137,1,1,20,Yes,Fully,21,58,43,17830708
7718,Pune,Kharadi,15.028918,75.767665,Plot,2090,2,1,13,No,Fully,25,74,35,25723720
7719,Hyderabad,Kukatpally,15.023883,75.325136,Independent House,1920,2,1,0,Yes,Fully,6,56,49,26209920
7720,Chennai,Anna Nagar,16.833261,79.14877,Apartment,2703,1,1,19,No,Unfurnished,27,98,65,33338802
7721,Bengaluru,Whitefield,13.175849,78.504258,Villa,3987,2,1,0,No,Semi,21,59,17,56332323
7722,Pune,Hinjewadi,15.156978,77.076834,Plot,1171,4,3,14,No,Unfurnished,3,50,41,7256687
7723,Mumbai,Bandra,18.318061,72.190509,Plot,3497,5,4,17,Yes,Semi,3,68,53,44911971
7724,Hyderabad,Kukatpally,12.094177,78.711038,Apartment,1255,2,1,14,Yes,Fully,28,89,23,12671735
7725,Mumbai,Thane,16.549894,77.849028,Independent House,4129,2,1,0,No,Semi,23,54,76,34002315
7726,Mumbai,Thane,18.619049,74.049682,Plot,1891,1,1,17,Yes,Unfurnished,2,97,9,16205870
7727,Pune,Hinjewadi,17.460175,72.774354,Plot,2220,3,2,20,Yes,Fully,24,50,39,15710940
7728,Mumbai,Powai,12.723136,74.282722,Apartment,4770,1,1,8,No,Fully,7,92,97,61971840
7729,Pune,Kharadi,17.17769,75.936135,Villa,653,1,1,14,Yes,Semi,5,50,60,8405416
7730,Chennai,Anna Nagar,15.601781,79.652358,Villa,2830,5,4,9,Yes,Semi,2,68,50,36255130
7731,Pune,Hinjewadi,16.188567,75.960858,Villa,693,1,1,11,Yes,Unfurnished,27,50,61,4541922
7732,Pune,Baner,12.775949,72.060506,Villa,582,2,1,14,Yes,Unfurnished,4,65,46,4453464
7733,Mumbai,Powai,14.204,73.658397,Independent House,4351,1,1,19,No,Semi,17,70,73,28821024
7734,Bengaluru,Whitefield,14.743629,74.129029,Plot,1831,5,4,6,Yes,Unfurnished,20,95,88,26446964
7735,Hyderabad,Madhapur,16.577548,74.57849,Villa,1022,3,2,12,No,Unfurnished,19,97,59,5299070
7736,Bengaluru,Whitefield,14.622086,74.289006,Villa,4340,2,1,1,No,Fully,3,93,56,60894540
7737,Pune,Kharadi,15.217058,72.699054,Plot,3504,3,2,6,No,Fully,23,55,98,51859200
7738,Bengaluru,Electronic City,13.836051,75.20606,Independent House,2702,1,1,17,Yes,Unfurnished,20,91,24,37733430
7739,Chennai,Velachery,18.248751,74.211586,Apartment,4853,3,2,21,Yes,Fully,8,100,13,64384751
7740,Mumbai,Bandra,12.992355,75.644675,Plot,1557,5,4,25,No,Semi,8,87,77,21059982
7741,Hyderabad,Kondapur,15.732934,76.82886,Villa,3946,5,4,11,No,Fully,30,65,65,22200196
7742,Bengaluru,HSR Layout,12.738656,77.079288,Villa,4898,5,4,21,No,Unfurnished,17,74,11,51091038
7743,Hyderabad,Jubilee Hills,15.119383,73.524486,Villa,3565,2,1,22,No,Unfurnished,2,74,37,52737045
7744,Mumbai,Andheri,16.832398,74.543241,Independent House,4522,3,2,0,Yes,Unfurnished,7,90,95,34258672
7745,Pune,Wakad,16.156773,74.424012,Plot,2942,1,1,15,No,Fully,18,72,65,40396602
7746,Mumbai,Powai,15.62305,75.494874,Independent House,3585,1,1,10,Yes,Fully,12,62,75,37739295
7747,Pune,Kharadi,15.435694,73.41541,Apartment,2965,3,2,2,Yes,Fully,10,54,6,30207420
7748,Mumbai,Powai,16.725002,75.46612,Villa,2200,4,3,3,No,Semi,19,97,98,16687000
7749,Bengaluru,HSR Layout,17.872698,77.697623,Plot,3285,4,3,23,Yes,Unfurnished,6,96,45,42409350
7750,Mumbai,Bandra,13.670449,77.990177,Plot,2768,1,1,21,No,Fully,4,71,80,37141024
7751,Pune,Baner,14.042856,75.065649,Villa,4155,4,3,5,Yes,Unfurnished,29,78,34,26562915
7752,Bengaluru,Electronic City,14.237,75.693987,Independent House,4069,3,2,18,No,Semi,9,91,3,17411251
7753,Hyderabad,Jubilee Hills,17.428826,77.822928,Villa,3820,3,2,1,Yes,Semi,8,95,44,44751300
7754,Pune,Kharadi,14.501992,73.101256,Apartment,3756,2,1,24,Yes,Unfurnished,13,59,21,27381240
7755,Chennai,Adyar,17.492404,74.215667,Independent House,4860,5,4,2,Yes,Unfurnished,22,75,14,40255380
7756,Mumbai,Andheri,17.924285,79.329648,Villa,2600,2,1,4,Yes,Fully,4,85,18,18449600
7757,Hyderabad,Gachibowli,18.982876,75.898266,Villa,3916,2,1,8,Yes,Semi,17,93,34,17931364
7758,Hyderabad,Kukatpally,15.351185,75.631699,Plot,3501,1,1,24,No,Fully,6,89,80,23131107
7759,Hyderabad,Gachibowli,14.621435,78.319487,Apartment,662,4,3,24,Yes,Unfurnished,7,75,6,7941352
7760,Pune,Hinjewadi,13.964796,72.703469,Plot,2066,4,3,8,Yes,Semi,0,86,3,16106536
7761,Chennai,OMR,12.428558,75.741899,Independent House,1812,1,1,10,Yes,Unfurnished,22,94,80,19172772
7762,Pune,Wakad,14.981127,79.010887,Plot,1260,2,1,11,No,Fully,14,81,74,7081200
7763,Hyderabad,Madhapur,12.008694,78.208322,Villa,1123,3,2,7,No,Semi,15,83,90,15949969
7764,Pune,Wakad,14.713941,76.107778,Apartment,4548,5,4,10,No,Semi,0,86,64,61002324
7765,Hyderabad,Kondapur,15.541552,73.445615,Apartment,3911,1,1,21,Yes,Fully,1,86,36,20305912
7766,Pune,Kharadi,12.095236,74.611207,Apartment,1039,3,2,6,Yes,Fully,4,95,60,6115554
7767,Pune,Hinjewadi,18.052613,79.619917,Plot,2067,4,3,24,No,Fully,25,85,98,29626311
7768,Mumbai,Bandra,14.242366,78.248014,Plot,1461,1,1,4,No,Fully,3,92,56,12278244
7769,Pune,Wakad,17.371884,78.622631,Plot,2042,5,4,12,Yes,Fully,28,88,49,13420024
7770,Bengaluru,Electronic City,13.012772,74.895448,Plot,4898,5,4,22,Yes,Fully,1,71,87,25665520
7771,Mumbai,Bandra,15.312216,75.879115,Independent House,3030,5,4,15,Yes,Semi,26,86,90,41211030
7772,Chennai,Adyar,13.751039,74.778006,Plot,1717,2,1,21,Yes,Fully,22,78,35,19311099
7773,Bengaluru,Electronic City,15.364957,75.906781,Plot,4996,1,1,13,No,Fully,9,87,57,37075316
7774,Bengaluru,Whitefield,13.280384,74.474531,Villa,4038,2,1,19,No,Fully,15,84,48,55215612
7775,Pune,Wakad,14.335821,78.449726,Apartment,4338,2,1,18,No,Semi,14,60,68,52554870
7776,Pune,Wakad,13.773826,72.432322,Villa,2366,3,2,0,Yes,Semi,27,82,36,13474370
7777,Hyderabad,Madhapur,18.204097,79.604992,Independent House,3310,5,4,15,Yes,Unfurnished,10,71,24,29210750
7778,Bengaluru,HSR Layout,12.097723,77.913267,Independent House,2915,2,1,25,No,Semi,0,73,85,38192330
7779,Pune,Baner,17.887168,78.302783,Plot,2589,4,3,9,No,Semi,9,66,49,37343736
7780,Hyderabad,Banjara Hills,17.16172,75.434622,Independent House,4191,4,3,1,No,Semi,24,100,28,20959191
7781,Chennai,Anna Nagar,15.162049,72.077691,Plot,2944,1,1,17,Yes,Semi,16,87,7,17593344
7782,Hyderabad,Gachibowli,17.592134,73.890685,Apartment,3391,3,2,0,No,Fully,16,66,65,23811602
7783,Pune,Wakad,14.146093,76.889671,Villa,4914,1,1,12,No,Fully,14,65,77,22643712
7784,Mumbai,Thane,17.061553,76.888559,Plot,4292,2,1,3,No,Fully,19,67,23,45744136
7785,Pune,Baner,17.268619,78.818494,Apartment,1645,1,1,18,No,Unfurnished,24,60,25,14291760
7786,Bengaluru,Electronic City,16.586427,78.750937,Independent House,4549,1,1,7,Yes,Unfurnished,0,98,99,33990128
7787,Mumbai,Bandra,17.718898,75.529074,Villa,1619,1,1,1,Yes,Semi,4,72,78,6838656
7788,Chennai,Velachery,16.873788,79.40532,Plot,4587,5,4,0,No,Semi,21,95,77,24806496
7789,Pune,Hinjewadi,12.017789,75.083526,Apartment,3913,3,2,25,No,Semi,4,76,87,36997415
7790,Hyderabad,Madhapur,13.389,75.515145,Apartment,2102,1,1,3,No,Unfurnished,11,95,63,30756464
7791,Pune,Kharadi,13.773117,72.644585,Apartment,1633,5,4,10,Yes,Unfurnished,25,70,17,14502673
7792,Chennai,Anna Nagar,14.852363,77.165415,Independent House,658,2,1,19,No,Semi,6,92,85,5960164
7793,Hyderabad,Banjara Hills,15.436208,79.197158,Independent House,3187,3,2,20,Yes,Semi,1,100,23,46099955
7794,Bengaluru,Whitefield,17.239663,72.83526,Plot,624,4,3,1,Yes,Semi,10,91,7,8228688
7795,Mumbai,Bandra,12.939932,74.901403,Villa,645,1,1,25,Yes,Fully,0,78,22,8365650
7796,Pune,Hinjewadi,12.723763,76.641625,Apartment,2680,4,3,15,No,Unfurnished,12,94,68,36442640
7797,Hyderabad,Banjara Hills,18.569945,73.102003,Plot,4790,3,2,7,Yes,Unfurnished,5,63,74,26680300
7798,Bengaluru,HSR Layout,13.165531,77.795518,Villa,4377,3,2,18,Yes,Semi,30,98,87,18225828
7799,Hyderabad,Jubilee Hills,14.524659,72.53181,Villa,4361,4,3,9,No,Fully,12,55,100,54717467
7800,Pune,Wakad,18.13065,78.335764,Apartment,3006,2,1,17,No,Unfurnished,27,62,83,42384600
7801,Pune,Hinjewadi,14.470651,73.834723,Plot,3462,4,3,5,No,Fully,19,96,39,37960830
7802,Chennai,Velachery,14.707536,75.469756,Independent House,1613,4,3,5,No,Semi,26,77,22,8318241
7803,Pune,Wakad,12.72831,75.205899,Independent House,4737,1,1,24,No,Unfurnished,20,77,25,52410168
7804,Hyderabad,Kukatpally,13.275668,77.892812,Villa,3570,3,2,8,Yes,Unfurnished,1,53,34,37545690
7805,Hyderabad,Kondapur,18.949413,74.998729,Independent House,3053,1,1,15,No,Fully,14,82,46,30954367
7806,Chennai,OMR,18.841841,77.744023,Plot,4438,2,1,3,No,Semi,28,65,91,33555718
7807,Hyderabad,Jubilee Hills,15.694445,78.940879,Apartment,2277,4,3,17,No,Unfurnished,17,84,43,13498056
7808,Chennai,OMR,18.259781,73.738057,Villa,2130,1,1,6,Yes,Semi,21,93,59,30459000
7809,Pune,Hinjewadi,16.920551,75.19557,Villa,4641,2,1,14,Yes,Unfurnished,5,68,17,32440590
7810,Chennai,Velachery,15.042459,79.829552,Plot,1887,5,4,17,No,Unfurnished,3,92,54,24612141
7811,Bengaluru,Whitefield,13.10954,79.205589,Independent House,3190,1,1,9,No,Fully,23,50,77,19650400
7812,Chennai,Adyar,14.457872,79.085511,Apartment,645,1,1,0,Yes,Semi,11,75,53,7253670
7813,Bengaluru,HSR Layout,18.985854,73.208243,Apartment,1273,5,4,2,No,Unfurnished,14,91,26,5211662
7814,Chennai,Anna Nagar,14.187687,77.776963,Apartment,987,3,2,19,Yes,Semi,27,60,92,9042894
7815,Pune,Kharadi,16.388961,78.738181,Apartment,4491,2,1,11,No,Fully,2,54,98,35950455
7816,Mumbai,Bandra,17.216093,74.481866,Plot,4641,4,3,1,No,Semi,3,65,83,19826352
7817,Chennai,Anna Nagar,15.14575,74.072618,Plot,1056,3,2,19,Yes,Semi,4,72,81,4368672
7818,Bengaluru,Whitefield,16.659466,72.12903,Independent House,2759,5,4,0,Yes,Unfurnished,16,100,37,12294104
7819,Mumbai,Bandra,18.145718,79.600161,Independent House,1754,3,2,24,Yes,Semi,26,61,19,18630988
7820,Pune,Kharadi,12.648811,77.58001,Independent House,1304,5,4,18,Yes,Unfurnished,24,75,2,13978880
7821,Mumbai,Powai,14.604005,77.256715,Villa,1084,5,4,3,No,Fully,18,81,9,14250264
7822,Hyderabad,Miyapur,17.296156,75.337701,Plot,3477,4,3,12,No,Fully,14,98,11,46226715
7823,Mumbai,Bandra,12.285779,79.413936,Apartment,4484,3,2,25,Yes,Unfurnished,16,99,67,39454716
7824,Pune,Baner,13.357782,77.121104,Apartment,3087,3,2,14,Yes,Unfurnished,24,79,44,30687867
7825,Bengaluru,Electronic City,18.975252,73.21657,Apartment,1061,4,3,19,No,Semi,18,67,70,12900699
7826,Hyderabad,Kondapur,13.408488,72.612407,Villa,844,2,1,9,No,Semi,1,84,28,10993944
7827,Chennai,Anna Nagar,18.991788,73.315098,Apartment,3813,4,3,6,Yes,Fully,17,98,59,17631312
7828,Hyderabad,Jubilee Hills,18.849613,79.820395,Plot,3235,2,1,24,Yes,Fully,2,61,69,29257340
7829,Pune,Kharadi,17.214241,76.939772,Plot,4435,4,3,11,Yes,Unfurnished,25,97,14,64666735
7830,Bengaluru,Indiranagar,16.556755,76.437699,Villa,1672,3,2,1,No,Fully,28,99,42,15949208
7831,Pune,Baner,12.102205,77.875454,Apartment,4101,5,4,2,Yes,Fully,3,62,24,56737335
7832,Bengaluru,Electronic City,15.310772,72.271323,Villa,3680,5,4,13,No,Semi,14,75,85,52892640
7833,Mumbai,Bandra,15.547098,75.712874,Villa,3146,5,4,24,No,Fully,24,90,49,32425822
7834,Bengaluru,Indiranagar,18.057376,72.242523,Plot,1313,3,2,2,Yes,Unfurnished,5,79,85,6639841
7835,Pune,Wakad,18.951995,78.936758,Villa,1963,4,3,17,Yes,Semi,18,57,16,14308307
7836,Mumbai,Thane,17.092644,72.265894,Villa,1775,3,2,9,No,Fully,1,88,92,8768500
7837,Mumbai,Bandra,14.17485,73.925235,Apartment,3025,1,1,25,Yes,Semi,26,62,72,32570175
7838,Pune,Baner,15.654706,75.507621,Plot,887,1,1,13,Yes,Fully,16,100,63,10262590
7839,Bengaluru,HSR Layout,12.401184,75.891097,Plot,1747,3,2,4,No,Fully,4,95,70,23219377
7840,Bengaluru,Whitefield,16.730325,72.201409,Apartment,4480,5,4,17,No,Fully,23,97,87,47272960
7841,Chennai,Adyar,15.156998,72.542879,Villa,2498,5,4,24,No,Fully,29,71,20,20650966
7842,Mumbai,Andheri,17.097513,73.954965,Plot,2734,1,1,17,Yes,Semi,10,100,10,40362042
7843,Bengaluru,HSR Layout,14.427102,72.334455,Villa,1126,2,1,25,No,Fully,11,75,8,5700938
7844,Bengaluru,Electronic City,18.379584,77.30987,Plot,4252,2,1,25,Yes,Fully,23,75,73,18547224
7845,Bengaluru,Indiranagar,18.106039,74.115067,Apartment,1422,3,2,2,No,Semi,20,72,19,10967886
7846,Bengaluru,Electronic City,18.586264,73.077489,Plot,957,2,1,12,No,Semi,23,97,52,9340320
7847,Hyderabad,Miyapur,17.738659,74.51864,Villa,2241,1,1,22,Yes,Unfurnished,1,91,6,31683258
7848,Pune,Baner,15.371998,73.83575,Independent House,3449,2,1,11,Yes,Semi,18,78,97,22070151
7849,Mumbai,Bandra,15.188784,78.849764,Independent House,3247,5,4,12,No,Fully,7,84,8,32460259
7850,Mumbai,Bandra,17.853483,77.067121,Plot,3750,4,3,4,No,Semi,17,53,23,30648750
7851,Mumbai,Andheri,14.715091,79.891579,Villa,3941,3,2,20,Yes,Semi,9,53,56,32962524
7852,Bengaluru,Electronic City,14.827554,75.117214,Apartment,1003,4,3,23,No,Fully,14,65,23,6856508
7853,Pune,Hinjewadi,15.214864,78.522072,Villa,1421,1,1,9,Yes,Fully,19,54,48,20375719
7854,Chennai,OMR,16.17421,79.955868,Plot,2031,5,4,22,No,Fully,22,83,40,23305725
7855,Hyderabad,Miyapur,17.798151,72.68971,Plot,2323,4,3,0,Yes,Fully,8,87,91,12660350
7856,Mumbai,Thane,17.965412,76.665988,Villa,4959,2,1,18,Yes,Semi,19,78,78,41839083
7857,Pune,Hinjewadi,16.60508,72.191895,Villa,3319,2,1,11,No,Semi,15,77,4,33571685
7858,Bengaluru,Electronic City,18.302402,79.771136,Plot,1056,3,2,13,Yes,Unfurnished,10,81,65,13160928
7859,Bengaluru,Electronic City,13.430457,72.158026,Plot,2157,2,1,7,Yes,Unfurnished,21,68,93,25139835
7860,Mumbai,Thane,13.13338,73.066252,Apartment,1420,4,3,1,No,Unfurnished,0,75,43,14853200
7861,Pune,Hinjewadi,12.652399,72.300909,Independent House,3830,1,1,20,Yes,Semi,6,58,52,51708830
7862,Chennai,OMR,14.039376,72.953146,Plot,1015,2,1,16,Yes,Fully,9,75,76,13001135
7863,Pune,Baner,13.155266,75.192822,Plot,1069,4,3,15,Yes,Semi,7,70,77,16003999
7864,Pune,Kharadi,12.065289,72.912725,Independent House,1128,5,4,3,Yes,Unfurnished,21,50,61,6391248
7865,Pune,Hinjewadi,12.375298,78.159248,Apartment,2761,4,3,22,No,Unfurnished,7,90,82,12924241
7866,Pune,Kharadi,13.564517,79.438196,Apartment,2308,5,4,7,Yes,Unfurnished,11,94,16,27285176
7867,Mumbai,Powai,18.188803,73.259138,Independent House,1365,1,1,14,Yes,Semi,3,70,20,8325135
7868,Bengaluru,Whitefield,13.486871,77.514184,Apartment,1916,5,4,0,No,Unfurnished,20,81,31,16174872
7869,Pune,Hinjewadi,16.772813,79.124586,Plot,3908,5,4,19,No,Semi,25,73,84,46649796
7870,Pune,Baner,12.38046,76.349568,Plot,1061,1,1,5,Yes,Unfurnished,7,88,70,11163842
7871,Chennai,OMR,18.444812,75.090662,Independent House,4026,2,1,15,No,Unfurnished,15,69,77,16466340
7872,Bengaluru,Electronic City,13.149003,72.788656,Apartment,2381,2,1,6,Yes,Fully,27,51,84,11533564
7873,Pune,Hinjewadi,14.656886,75.973933,Villa,1980,1,1,5,No,Fully,17,88,70,27185400
7874,Pune,Baner,17.368403,74.995886,Plot,525,4,3,0,Yes,Unfurnished,27,96,2,4284000
7875,Hyderabad,Gachibowli,13.839044,79.449901,Villa,4787,2,1,2,No,Semi,9,57,13,19990512
7876,Bengaluru,Whitefield,18.05865,78.575153,Villa,4228,2,1,23,Yes,Semi,4,63,89,29152060
7877,Mumbai,Bandra,14.044024,72.377113,Apartment,3597,5,4,9,Yes,Semi,18,64,13,39092196
7878,Mumbai,Andheri,17.987066,73.383748,Villa,963,5,4,5,Yes,Semi,4,66,24,7186869
7879,Hyderabad,Gachibowli,17.538034,74.310513,Apartment,1084,2,1,13,Yes,Semi,21,61,39,11131596
7880,Bengaluru,HSR Layout,12.570727,76.075284,Plot,1739,2,1,16,Yes,Unfurnished,10,84,4,13924173
7881,Pune,Baner,12.670619,78.130005,Independent House,839,2,1,5,No,Unfurnished,6,81,45,10576434
7882,Bengaluru,HSR Layout,17.43178,79.924866,Villa,2924,3,2,17,No,Semi,12,62,41,12055652
7883,Chennai,Anna Nagar,13.013857,75.936919,Villa,753,3,2,25,Yes,Fully,9,95,57,4716792
7884,Pune,Wakad,12.946022,73.154764,Plot,2155,3,2,6,No,Unfurnished,18,90,63,20869020
7885,Mumbai,Thane,14.671418,76.351027,Plot,3967,5,4,13,Yes,Fully,2,60,32,55827591
7886,Pune,Wakad,17.1681,75.542567,Independent House,3606,1,1,4,No,Fully,29,74,2,45569022
7887,Bengaluru,Whitefield,18.775341,73.399633,Villa,1896,2,1,2,No,Semi,21,100,8,17247912
7888,Mumbai,Andheri,12.152948,79.086468,Independent House,781,3,2,3,No,Unfurnished,2,65,88,5606799
7889,Hyderabad,Kukatpally,12.562832,77.94367,Independent House,967,2,1,13,Yes,Semi,0,82,99,6801878
7890,Bengaluru,HSR Layout,13.996655,77.527835,Independent House,3282,2,1,12,No,Semi,5,53,12,16203234
7891,Bengaluru,HSR Layout,12.743303,79.496015,Plot,4515,4,3,8,Yes,Semi,22,62,79,30765210
7892,Mumbai,Powai,13.493279,79.60995,Apartment,3454,1,1,7,No,Unfurnished,27,91,16,14510254
7893,Pune,Baner,13.788441,75.874101,Plot,2727,4,3,23,No,Semi,27,66,80,32331312
7894,Hyderabad,Gachibowli,17.892729,72.561944,Plot,1788,1,1,4,No,Fully,8,57,37,17148708
7895,Bengaluru,Indiranagar,16.038814,72.704763,Independent House,2091,2,1,14,Yes,Semi,28,51,3,11362494
7896,Pune,Baner,15.873787,79.319064,Villa,2555,2,1,18,No,Unfurnished,30,95,82,12813325
7897,Hyderabad,Miyapur,16.785795,78.156617,Apartment,3832,2,1,10,Yes,Semi,7,71,8,56790240
7898,Mumbai,Andheri,12.782373,72.212297,Plot,2143,4,3,9,No,Fully,30,79,57,31004924
7899,Hyderabad,Banjara Hills,17.416058,77.725192,Villa,1103,5,4,8,Yes,Semi,6,74,55,5623094
7900,Pune,Wakad,17.401016,73.863151,Apartment,2757,4,3,24,No,Semi,24,100,24,30792933
7901,Hyderabad,Gachibowli,16.630857,75.774734,Apartment,3179,4,3,17,No,Semi,1,65,26,30518400
7902,Bengaluru,Electronic City,15.388839,72.822225,Plot,3103,4,3,9,No,Semi,21,97,32,18329421
7903,Hyderabad,Miyapur,17.433801,77.685878,Apartment,1253,4,3,17,No,Unfurnished,14,90,16,9138129
7904,Mumbai,Powai,14.594857,73.791254,Apartment,3270,4,3,10,No,Unfurnished,15,100,10,48552960
7905,Chennai,Adyar,15.510907,73.096922,Apartment,2710,3,2,23,No,Unfurnished,9,87,12,23791090
7906,Chennai,Velachery,18.631769,79.122086,Plot,683,4,3,6,No,Fully,16,92,8,9126246
7907,Hyderabad,Kondapur,12.27773,77.002011,Apartment,4174,4,3,17,Yes,Unfurnished,7,70,52,28754686
7908,Chennai,Velachery,12.414781,75.134477,Villa,2308,4,3,24,Yes,Fully,18,100,11,29332372
7909,Hyderabad,Kondapur,14.740181,78.841678,Plot,2175,2,1,0,No,Unfurnished,6,54,3,23039775
7910,Chennai,Anna Nagar,12.756526,72.272674,Independent House,4243,5,4,18,No,Unfurnished,18,94,37,34304655
7911,Pune,Baner,14.861494,73.277023,Plot,4187,1,1,7,Yes,Fully,16,99,8,60259304
7912,Hyderabad,Banjara Hills,12.768975,77.823327,Independent House,4717,5,4,8,No,Semi,15,97,96,57113436
7913,Hyderabad,Kondapur,15.872888,76.23356,Independent House,1292,5,4,4,No,Unfurnished,13,64,52,9475528
7914,Mumbai,Andheri,12.079021,78.081636,Apartment,3263,1,1,11,No,Fully,22,71,66,13639340
7915,Pune,Baner,16.461446,73.097958,Independent House,4474,1,1,21,Yes,Fully,23,78,76,49173734
7916,Chennai,OMR,16.497187,78.749669,Apartment,1051,2,1,1,Yes,Semi,6,75,69,9351798
7917,Pune,Baner,17.304707,73.49766,Apartment,2891,1,1,2,No,Fully,9,88,59,35348257
7918,Mumbai,Thane,18.220248,79.687775,Plot,2771,5,4,14,Yes,Unfurnished,30,54,41,32401303
7919,Chennai,Adyar,17.682532,73.18852,Plot,3229,4,3,10,Yes,Semi,9,69,14,40837163
7920,Chennai,Velachery,17.786638,77.081552,Independent House,3141,3,2,7,Yes,Semi,28,57,73,31268655
7921,Bengaluru,Indiranagar,16.346666,79.229396,Plot,3877,5,4,17,No,Unfurnished,23,58,74,35521074
7922,Chennai,Anna Nagar,12.675259,73.199578,Independent House,1495,4,3,22,Yes,Unfurnished,0,70,60,20255755
7923,Pune,Hinjewadi,17.16355,72.735546,Apartment,1643,4,3,0,No,Fully,24,70,45,12396435
7924,Bengaluru,HSR Layout,17.9169,78.943494,Apartment,3631,4,3,12,Yes,Fully,7,55,91,24396689
7925,Pune,Baner,16.932393,76.891044,Villa,2081,5,4,13,Yes,Semi,22,67,99,26199790
7926,Mumbai,Thane,16.593659,76.87456,Villa,4198,1,1,6,No,Semi,14,62,50,52034210
7927,Hyderabad,Banjara Hills,17.747844,76.028668,Apartment,4022,4,3,5,No,Unfurnished,14,78,20,19084390
7928,Hyderabad,Jubilee Hills,12.248741,72.002406,Plot,4342,2,1,10,Yes,Fully,16,100,78,54466048
7929,Chennai,OMR,12.795609,79.650306,Independent House,1284,2,1,20,Yes,Semi,6,88,86,14459124
7930,Hyderabad,Miyapur,13.879087,79.844088,Independent House,2242,4,3,6,No,Semi,8,55,75,25666416
7931,Pune,Wakad,14.59379,77.463181,Plot,2053,5,4,23,No,Semi,1,73,44,23172211
7932,Hyderabad,Madhapur,16.925745,76.71606,Apartment,3062,2,1,15,No,Semi,2,52,31,44968532
7933,Chennai,OMR,16.600526,73.290095,Villa,3089,2,1,14,Yes,Semi,24,72,67,38315956
7934,Pune,Wakad,14.071299,78.356162,Independent House,3425,2,1,11,No,Unfurnished,27,72,65,37010550
7935,Bengaluru,Electronic City,17.106218,74.68262,Independent House,2220,1,1,5,No,Fully,15,95,96,19766880
7936,Chennai,Anna Nagar,17.210531,72.834774,Independent House,2176,4,3,12,Yes,Semi,28,84,27,17843200
7937,Hyderabad,Kukatpally,16.312664,79.987561,Apartment,2252,4,3,3,No,Semi,2,87,40,26386684
7938,Chennai,OMR,14.311161,78.653156,Plot,3877,3,2,19,No,Unfurnished,21,60,83,23886197
7939,Bengaluru,HSR Layout,13.756148,76.406011,Independent House,1379,1,1,20,No,Fully,21,65,16,18794391
7940,Mumbai,Bandra,17.723945,77.571972,Independent House,4620,2,1,18,No,Fully,18,69,20,18840360
7941,Bengaluru,HSR Layout,12.699803,79.545753,Plot,890,1,1,10,Yes,Unfurnished,9,100,60,4203470
7942,Hyderabad,Madhapur,17.762072,73.943502,Plot,3583,1,1,18,Yes,Fully,2,84,26,48495905
7943,Mumbai,Bandra,17.715262,79.722994,Apartment,4398,4,3,3,Yes,Unfurnished,29,64,77,21862458
7944,Bengaluru,Whitefield,13.78796,72.127408,Plot,3386,4,3,9,Yes,Unfurnished,11,88,98,20214420
7945,Mumbai,Powai,17.121989,74.973045,Plot,3991,4,3,14,Yes,Fully,3,51,46,25989392
7946,Hyderabad,Jubilee Hills,12.631454,76.502296,Independent House,4103,3,2,11,No,Fully,24,63,37,42437329
7947,Bengaluru,HSR Layout,17.389173,77.003217,Apartment,3745,3,2,14,No,Semi,19,64,25,22578605
7948,Pune,Wakad,14.353055,73.970174,Plot,4596,1,1,4,No,Unfurnished,0,92,32,30411732
7949,Mumbai,Thane,15.091823,73.75422,Independent House,2856,3,2,22,No,Unfurnished,4,58,73,40503792
7950,Bengaluru,Indiranagar,13.164285,75.052095,Independent House,2730,5,4,1,Yes,Semi,8,54,14,37327290
7951,Chennai,Anna Nagar,12.909157,74.113573,Apartment,4165,4,3,12,No,Fully,15,54,19,21970375
7952,Hyderabad,Miyapur,17.539653,78.195993,Villa,4780,5,4,3,Yes,Semi,14,91,1,54907860
7953,Pune,Kharadi,14.639274,78.948367,Apartment,2998,5,4,2,No,Fully,29,98,93,36836426
7954,Bengaluru,HSR Layout,14.781342,76.820306,Villa,706,3,2,1,Yes,Unfurnished,4,82,33,5320416
7955,Bengaluru,HSR Layout,16.77109,75.091398,Apartment,1989,2,1,25,No,Unfurnished,9,89,88,27885780
7956,Bengaluru,Electronic City,16.586983,79.073305,Plot,825,4,3,6,No,Semi,9,97,70,9024675
7957,Pune,Hinjewadi,12.389943,79.941525,Villa,3173,1,1,12,Yes,Semi,2,55,91,33605243
7958,Mumbai,Powai,14.491297,78.134743,Villa,787,4,3,2,Yes,Semi,10,74,19,11105357
7959,Chennai,OMR,15.085247,75.961563,Independent House,3783,3,2,11,No,Semi,18,96,75,27294345
7960,Chennai,OMR,14.927805,72.39025,Plot,1392,5,4,4,Yes,Semi,12,71,16,11344800
7961,Chennai,Adyar,15.44131,78.337078,Villa,4521,3,2,6,No,Unfurnished,7,62,2,60427686
7962,Chennai,Adyar,14.276081,74.548531,Apartment,2765,2,1,9,Yes,Fully,30,85,35,37543170
7963,Mumbai,Thane,13.083935,79.246297,Apartment,3930,2,1,22,Yes,Semi,14,100,100,41901660
7964,Bengaluru,Electronic City,14.315073,74.858334,Plot,976,3,2,2,No,Semi,17,54,33,6757824
7965,Bengaluru,Indiranagar,14.525919,79.406077,Plot,4941,4,3,22,Yes,Semi,17,97,95,42655653
7966,Bengaluru,Whitefield,12.440178,75.921872,Villa,1229,1,1,11,No,Unfurnished,7,77,10,6675928
7967,Chennai,OMR,13.41687,73.277091,Independent House,2536,4,3,21,Yes,Semi,24,83,53,21228856
7968,Chennai,Anna Nagar,17.834967,79.763959,Independent House,2364,4,3,7,No,Unfurnished,15,86,76,19540824
7969,Pune,Kharadi,14.685339,79.920683,Plot,4290,3,2,12,Yes,Unfurnished,15,63,77,35950200
7970,Chennai,OMR,16.448152,75.409226,Plot,3432,5,4,20,Yes,Unfurnished,22,99,93,13885872
7971,Chennai,Adyar,12.949981,74.905026,Independent House,1130,5,4,13,Yes,Fully,29,92,79,11401700
7972,Pune,Wakad,13.596808,75.946625,Apartment,4531,1,1,4,Yes,Semi,20,86,46,45192194
7973,Pune,Wakad,14.415619,72.126002,Plot,4271,3,2,0,No,Unfurnished,4,86,52,34266233
7974,Bengaluru,Whitefield,17.997715,74.612162,Apartment,4998,3,2,8,Yes,Unfurnished,11,82,54,69932016
7975,Bengaluru,HSR Layout,16.63146,73.686591,Apartment,4192,2,1,14,Yes,Unfurnished,3,61,82,40473760
7976,Bengaluru,Whitefield,13.194976,79.417778,Villa,4232,1,1,24,No,Semi,1,87,85,56514128
7977,Chennai,Anna Nagar,14.158832,76.172762,Independent House,1922,5,4,8,No,Unfurnished,18,90,71,26944518
7978,Mumbai,Thane,15.01426,76.117678,Independent House,2658,5,4,11,No,Fully,3,60,43,33809760
7979,Mumbai,Thane,16.669355,76.948992,Independent House,3057,4,3,21,Yes,Fully,28,68,39,45845829
7980,Bengaluru,Indiranagar,15.891933,77.182792,Plot,3110,2,1,0,Yes,Semi,24,66,55,36231500
7981,Hyderabad,Gachibowli,17.632295,78.65515,Apartment,2838,5,4,22,Yes,Unfurnished,0,71,75,26901402
7982,Bengaluru,HSR Layout,13.592474,72.441772,Plot,583,2,1,23,Yes,Fully,18,79,50,6507446
7983,Hyderabad,Miyapur,12.684656,75.632529,Independent House,4048,3,2,20,No,Semi,29,62,91,56761056
7984,Bengaluru,HSR Layout,14.754338,75.324527,Apartment,3002,5,4,5,Yes,Semi,8,96,80,22319870
7985,Hyderabad,Jubilee Hills,18.07477,73.12646,Plot,2334,3,2,4,No,Semi,5,63,93,24663378
7986,Hyderabad,Jubilee Hills,15.412364,77.200238,Independent House,4844,5,4,9,Yes,Fully,10,96,5,63703444
7987,Chennai,Adyar,15.722403,76.172198,Independent House,2362,2,1,13,No,Unfurnished,8,67,100,21227294
7988,Chennai,Velachery,14.682234,74.192498,Plot,1736,2,1,23,No,Semi,26,96,42,18899832
7989,Hyderabad,Kondapur,15.201807,75.275378,Plot,780,3,2,23,Yes,Fully,17,51,3,10448100
7990,Hyderabad,Madhapur,17.588784,75.554475,Villa,2455,3,2,10,No,Semi,14,83,62,32131040
7991,Chennai,Adyar,14.135442,76.741811,Plot,3754,2,1,11,No,Semi,8,88,49,50299846
7992,Pune,Kharadi,12.611428,75.981338,Villa,4835,4,3,13,Yes,Unfurnished,10,84,21,31920670
7993,Mumbai,Andheri,15.313848,79.974226,Independent House,2869,1,1,1,No,Fully,5,89,42,25086536
7994,Bengaluru,Indiranagar,18.971977,78.465699,Independent House,2187,4,3,16,No,Fully,15,70,20,14858478
7995,Mumbai,Andheri,16.999154,76.753447,Independent House,3880,5,4,16,Yes,Unfurnished,4,59,33,42986520
7996,Pune,Hinjewadi,12.698618,73.090756,Plot,2843,5,4,8,No,Semi,7,69,55,18092852
7997,Mumbai,Powai,17.854289,75.883417,Apartment,2946,2,1,21,Yes,Fully,24,93,35,31987668
7998,Chennai,Adyar,18.319804,78.08243,Apartment,4239,1,1,7,Yes,Fully,20,56,49,50499207
7999,Chennai,Adyar,16.028215,72.768112,Plot,4623,1,1,12,No,Semi,15,92,84,55087668
8000,Pune,Baner,12.479671,75.325966,Villa,4364,3,2,20,No,Fully,27,77,95,65219980
8001,Bengaluru,HSR Layout,14.742099,74.116358,Independent House,4975,1,1,19,No,Unfurnished,22,83,18,74037950
8002,Mumbai,Bandra,12.318532,75.116666,Villa,2642,1,1,6,Yes,Fully,19,100,60,29249582
8003,Hyderabad,Banjara Hills,16.833811,76.52697,Independent House,3808,1,1,1,Yes,Unfurnished,7,87,14,28933184
8004,Pune,Wakad,13.065514,79.163997,Independent House,2849,2,1,2,Yes,Unfurnished,19,82,73,34692273
8005,Chennai,Anna Nagar,13.705262,74.235184,Independent House,1292,2,1,2,Yes,Fully,11,70,96,14465232
8006,Chennai,Velachery,18.449728,73.659545,Independent House,2948,5,4,3,Yes,Fully,8,86,100,35199120
8007,Hyderabad,Gachibowli,12.781351,75.655392,Independent House,4501,1,1,23,No,Unfurnished,20,62,8,20317514
8008,Bengaluru,Indiranagar,14.739902,73.988946,Plot,4854,5,4,4,Yes,Semi,11,92,49,51471816
8009,Chennai,Anna Nagar,15.227132,74.364869,Villa,2675,2,1,8,Yes,Semi,27,51,38,15967075
8010,Bengaluru,Whitefield,12.700172,79.908958,Apartment,632,4,3,9,Yes,Unfurnished,6,70,65,8992728
8011,Mumbai,Andheri,16.831645,78.514964,Apartment,2184,2,1,24,No,Semi,24,85,26,22069320
8012,Mumbai,Andheri,14.922961,76.490268,Villa,625,2,1,23,No,Semi,17,72,26,3264375
8013,Pune,Wakad,17.664987,72.470159,Plot,4804,2,1,9,Yes,Fully,23,100,24,42928544
8014,Mumbai,Powai,14.393053,79.270962,Independent House,4294,3,2,12,No,Fully,28,77,40,22942842
8015,Bengaluru,HSR Layout,15.482426,74.272778,Plot,4296,1,1,11,No,Fully,22,59,55,45146664
8016,Hyderabad,Jubilee Hills,14.856684,74.128707,Apartment,2219,2,1,17,No,Fully,24,64,31,30218342
8017,Pune,Baner,12.670479,73.645577,Villa,2803,2,1,5,No,Semi,1,100,21,11817448
8018,Pune,Baner,17.419278,75.977095,Villa,3633,1,1,25,Yes,Unfurnished,25,95,29,21125895
8019,Pune,Kharadi,16.024972,75.038112,Villa,1046,2,1,2,Yes,Semi,16,88,1,7961106
8020,Bengaluru,Whitefield,16.953301,77.258775,Independent House,586,5,4,17,No,Unfurnished,12,88,30,6294812
8021,Chennai,Anna Nagar,13.93724,72.941546,Independent House,3795,5,4,11,No,Unfurnished,30,55,51,18083175
8022,Mumbai,Andheri,18.070176,74.036382,Independent House,942,4,3,11,Yes,Semi,27,61,25,8118156
8023,Hyderabad,Madhapur,13.766107,79.776165,Independent House,4859,4,3,1,Yes,Fully,10,86,87,71942354
8024,Mumbai,Andheri,12.041314,78.430841,Apartment,3240,5,4,24,No,Unfurnished,29,52,76,46257480
8025,Bengaluru,HSR Layout,17.995626,77.23772,Villa,1395,4,3,2,Yes,Unfurnished,9,93,7,18734850
8026,Pune,Baner,16.062797,78.225651,Villa,1096,1,1,3,Yes,Semi,5,59,76,11617600
8027,Pune,Baner,13.959139,73.522209,Villa,4654,1,1,1,Yes,Unfurnished,16,97,12,28431286
8028,Pune,Kharadi,12.907956,79.742407,Independent House,4302,4,3,18,No,Semi,11,53,53,36364806
8029,Chennai,Anna Nagar,16.421752,73.114246,Villa,504,2,1,18,Yes,Unfurnished,27,54,83,3729600
8030,Pune,Wakad,15.452055,78.850602,Apartment,976,3,2,21,Yes,Unfurnished,1,66,68,9061184
8031,Bengaluru,Whitefield,16.87349,73.259585,Independent House,3451,5,4,25,No,Unfurnished,12,60,8,18210927
8032,Chennai,Velachery,14.652461,77.168843,Apartment,3228,1,1,12,No,Semi,23,61,35,28554888
8033,Hyderabad,Gachibowli,17.580913,73.760273,Apartment,1560,5,4,19,No,Fully,25,52,85,9261720
8034,Pune,Baner,14.373868,76.383012,Independent House,4599,5,4,21,Yes,Semi,25,76,90,28173474
8035,Hyderabad,Miyapur,14.376788,74.365521,Plot,2055,5,4,22,No,Unfurnished,26,76,65,24596295
8036,Hyderabad,Banjara Hills,14.63726,79.936812,Plot,2946,1,1,22,Yes,Unfurnished,0,53,77,34035138
8037,Hyderabad,Kukatpally,15.988546,72.497476,Apartment,3204,3,2,13,No,Fully,26,79,7,40559436
8038,Pune,Hinjewadi,14.50915,75.849479,Plot,4272,4,3,20,Yes,Fully,20,51,78,40665168
8039,Hyderabad,Madhapur,17.563339,76.01458,Plot,2271,5,4,21,No,Semi,28,90,26,28251240
8040,Hyderabad,Jubilee Hills,16.85373,77.437661,Independent House,974,2,1,11,Yes,Fully,28,66,2,5582968
8041,Bengaluru,HSR Layout,16.390837,73.068542,Plot,4938,3,2,17,No,Semi,8,80,22,34906722
8042,Hyderabad,Kukatpally,15.518258,76.318115,Villa,2098,1,1,2,No,Semi,15,57,3,21804514
8043,Mumbai,Bandra,18.857258,78.436802,Independent House,1554,4,3,12,No,Semi,27,61,46,23291352
8044,Bengaluru,HSR Layout,17.529555,74.871049,Villa,4125,1,1,5,No,Fully,28,85,30,56887875
8045,Hyderabad,Kukatpally,14.034426,77.809361,Independent House,2865,2,1,23,No,Fully,27,94,78,20226900
8046,Hyderabad,Kondapur,12.197719,79.951607,Apartment,1672,5,4,15,Yes,Unfurnished,13,50,87,8289776
8047,Pune,Kharadi,12.499458,72.581379,Apartment,552,5,4,11,No,Fully,15,55,96,5723688
8048,Bengaluru,Electronic City,17.234024,79.328322,Independent House,4170,4,3,14,No,Unfurnished,30,58,76,57266610
8049,Pune,Baner,18.267993,78.08657,Independent House,3507,2,1,11,Yes,Fully,1,62,49,41799933
8050,Bengaluru,Whitefield,16.196696,76.905474,Apartment,4006,2,1,13,No,Unfurnished,9,74,95,40011928
8051,Pune,Hinjewadi,13.285683,76.542837,Villa,4231,2,1,0,No,Fully,11,72,49,50666225
8052,Hyderabad,Gachibowli,12.574696,78.269888,Plot,3808,3,2,1,Yes,Semi,16,72,82,24287424
8053,Pune,Baner,18.319812,78.513843,Villa,3311,4,3,4,Yes,Unfurnished,1,79,55,43847573
8054,Chennai,Velachery,13.764653,77.846321,Independent House,594,1,1,2,No,Unfurnished,10,99,76,7046622
8055,Chennai,Adyar,16.04979,79.438497,Villa,2538,4,3,22,No,Fully,27,66,5,16187364
8056,Hyderabad,Madhapur,15.457065,72.574253,Plot,3296,2,1,10,No,Fully,6,60,55,40010144
8057,Bengaluru,Electronic City,16.304871,79.044346,Plot,4392,5,4,23,No,Semi,11,51,91,26215848
8058,Chennai,Adyar,14.146933,72.582402,Plot,789,5,4,18,Yes,Semi,18,76,16,4790019
8059,Hyderabad,Gachibowli,18.771576,77.935327,Villa,3063,4,3,5,No,Semi,3,60,4,12824781
8060,Bengaluru,HSR Layout,14.928206,76.827846,Apartment,3181,4,3,23,Yes,Unfurnished,9,56,47,41292561
8061,Chennai,Anna Nagar,18.070942,75.55499,Plot,2538,3,2,16,No,Unfurnished,0,55,5,24301350
8062,Pune,Baner,12.094802,74.262058,Plot,3743,3,2,15,Yes,Fully,21,52,9,42658971
8063,Hyderabad,Madhapur,13.512822,72.255162,Apartment,4687,3,2,20,Yes,Unfurnished,7,97,79,30629545
8064,Chennai,OMR,12.697042,74.730731,Villa,663,3,2,17,No,Unfurnished,20,67,88,7822737
8065,Chennai,OMR,13.997469,76.566338,Independent House,2169,1,1,4,Yes,Semi,8,92,30,29381274
8066,Bengaluru,Indiranagar,17.676132,75.583325,Plot,828,5,4,15,No,Fully,20,68,19,3391488
8067,Pune,Baner,13.205826,77.121663,Villa,1004,2,1,20,No,Fully,12,67,28,13275892
8068,Bengaluru,Electronic City,14.559011,77.013915,Independent House,1840,1,1,22,Yes,Fully,19,63,63,23474720
8069,Chennai,OMR,14.071577,77.303239,Villa,1931,1,1,6,Yes,Semi,13,87,2,22878488
8070,Mumbai,Bandra,15.257024,77.028748,Apartment,2311,2,1,21,No,Unfurnished,1,86,100,15268777
8071,Chennai,Anna Nagar,13.734555,72.871411,Plot,2628,2,1,4,Yes,Fully,17,80,44,25176240
8072,Chennai,Velachery,16.568947,73.907779,Independent House,2220,4,3,2,No,Semi,29,93,33,13342200
8073,Chennai,OMR,12.367974,76.525071,Plot,3400,3,2,15,Yes,Unfurnished,2,75,28,23538200
8074,Hyderabad,Gachibowli,15.694207,73.107862,Plot,3531,1,1,17,Yes,Semi,17,56,4,46955238
8075,Chennai,OMR,18.35912,79.42893,Independent House,1623,5,4,16,Yes,Unfurnished,30,97,10,8248086
8076,Hyderabad,Gachibowli,17.08961,78.406729,Villa,3157,5,4,25,Yes,Semi,11,90,72,13609827
8077,Mumbai,Powai,15.903377,73.864667,Independent House,2533,5,4,25,No,Semi,5,97,30,37893680
8078,Bengaluru,Whitefield,12.695616,79.695153,Apartment,4164,1,1,1,Yes,Fully,24,57,69,36110208
8079,Pune,Kharadi,16.761604,72.167013,Apartment,2507,5,4,23,Yes,Unfurnished,16,56,9,36805267
8080,Bengaluru,Indiranagar,18.564056,77.037587,Villa,4972,4,3,0,Yes,Unfurnished,29,59,26,63149372
8081,Chennai,OMR,14.362999,79.75485,Independent House,895,4,3,0,No,Unfurnished,14,87,88,13036570
8082,Mumbai,Bandra,15.658489,74.494988,Plot,4015,1,1,22,Yes,Unfurnished,2,59,75,50665285
8083,Pune,Hinjewadi,17.242739,73.054772,Villa,3237,5,4,1,No,Semi,1,94,90,34953126
8084,Bengaluru,Indiranagar,18.952283,73.986761,Apartment,4933,5,4,4,No,Fully,3,54,67,47346934
8085,Hyderabad,Kukatpally,18.133606,72.482035,Independent House,3880,2,1,8,No,Semi,6,94,37,58052560
8086,Pune,Hinjewadi,16.141021,76.557426,Villa,3245,2,1,0,Yes,Semi,23,82,88,46322375
8087,Bengaluru,Indiranagar,14.88447,74.541533,Apartment,3161,1,1,9,No,Unfurnished,25,87,10,26473375
8088,Mumbai,Powai,18.587866,75.185779,Villa,4014,5,4,0,No,Unfurnished,13,64,83,56240154
8089,Hyderabad,Kukatpally,17.12445,72.971154,Independent House,2519,2,1,9,Yes,Semi,29,54,48,23373801
8090,Chennai,Anna Nagar,18.811384,75.069095,Independent House,549,5,4,14,No,Fully,10,92,90,5369769
8091,Chennai,Adyar,13.743647,78.02349,Villa,1775,5,4,13,Yes,Semi,15,86,88,24470150
8092,Pune,Kharadi,14.154493,75.406999,Apartment,4122,3,2,6,No,Unfurnished,10,56,26,33816888
8093,Chennai,OMR,14.125137,76.618805,Independent House,1222,3,2,2,No,Unfurnished,0,62,65,14736098
8094,Chennai,OMR,13.51185,75.929514,Apartment,2157,5,4,6,No,Fully,28,79,92,30659598
8095,Hyderabad,Madhapur,15.37385,73.457115,Villa,1616,5,4,24,Yes,Semi,25,61,70,15169392
8096,Hyderabad,Jubilee Hills,13.375834,76.376843,Villa,2980,3,2,23,No,Semi,28,66,53,20436840
8097,Pune,Hinjewadi,12.810721,78.329948,Plot,2453,2,1,4,No,Fully,9,63,64,29188247
8098,Bengaluru,HSR Layout,15.179224,72.473342,Villa,3651,4,3,18,No,Unfurnished,25,51,55,53341110
8099,Bengaluru,HSR Layout,18.783293,78.375649,Independent House,2932,3,2,17,No,Semi,29,97,35,29953312
8100,Hyderabad,Madhapur,15.505541,79.501582,Plot,1324,4,3,18,Yes,Semi,23,57,58,19029852
8101,Bengaluru,HSR Layout,17.946735,75.016486,Independent House,3247,5,4,2,No,Unfurnished,8,96,59,19303415
8102,Bengaluru,Electronic City,15.68288,74.068409,Independent House,4784,4,3,10,Yes,Fully,9,76,51,32598176
8103,Hyderabad,Banjara Hills,12.260598,77.16679,Apartment,4300,2,1,7,No,Semi,0,71,90,54515400
8104,Chennai,Anna Nagar,17.287739,72.627137,Independent House,3149,4,3,18,No,Unfurnished,11,69,94,30227251
8105,Bengaluru,Indiranagar,15.646976,75.175603,Independent House,3461,1,1,20,No,Semi,17,55,36,21029036
8106,Bengaluru,HSR Layout,17.473881,77.499623,Plot,3975,4,3,1,Yes,Semi,27,92,79,26227050
8107,Bengaluru,HSR Layout,15.370183,79.387148,Plot,4511,5,4,15,No,Semi,15,92,77,45628765
8108,Bengaluru,HSR Layout,14.663773,75.234721,Plot,3381,5,4,19,Yes,Unfurnished,27,54,31,38489304
8109,Pune,Wakad,15.7996,78.739364,Plot,4094,1,1,7,Yes,Fully,4,56,39,41660544
8110,Hyderabad,Miyapur,12.188544,76.151693,Independent House,1931,5,4,25,No,Semi,22,58,13,10746015
8111,Hyderabad,Madhapur,13.543958,75.507787,Independent House,2243,1,1,5,Yes,Unfurnished,1,79,31,14000806
8112,Chennai,Velachery,14.531504,74.175174,Independent House,2086,5,4,22,No,Fully,12,53,57,14935760
8113,Hyderabad,Kondapur,17.561761,76.050293,Plot,2505,5,4,0,Yes,Fully,27,78,88,10723905
8114,Bengaluru,Electronic City,12.009088,76.09055,Villa,4891,1,1,25,Yes,Fully,22,80,88,54788982
8115,Pune,Wakad,17.384175,78.372343,Villa,1794,4,3,12,No,Fully,5,84,67,12839658
8116,Chennai,Velachery,16.854963,72.734153,Independent House,2535,5,4,7,Yes,Fully,17,57,73,17326725
8117,Mumbai,Powai,16.359482,76.519145,Independent House,4968,5,4,21,Yes,Fully,10,92,73,59084424
8118,Bengaluru,HSR Layout,15.943849,78.495969,Independent House,2274,1,1,0,Yes,Fully,19,93,24,16645680
8119,Hyderabad,Jubilee Hills,13.210826,78.37188,Independent House,4617,4,3,1,No,Semi,18,56,7,37046808
8120,Chennai,Anna Nagar,15.72105,75.246982,Independent House,3710,4,3,24,No,Fully,1,82,59,44538550
8121,Bengaluru,Indiranagar,15.865531,74.259286,Independent House,1722,3,2,24,No,Semi,19,79,58,15212148
8122,Pune,Baner,15.18864,78.474477,Apartment,1674,2,1,7,Yes,Fully,9,80,3,18574704
8123,Bengaluru,Indiranagar,12.046305,74.60436,Plot,1020,3,2,18,Yes,Fully,30,66,44,7858080
8124,Chennai,Anna Nagar,16.090623,74.019208,Villa,4715,4,3,16,Yes,Semi,12,68,96,20911025
8125,Bengaluru,Electronic City,17.1668,73.138457,Apartment,3654,5,4,15,No,Fully,17,58,29,34727616
8126,Bengaluru,Whitefield,15.435657,73.378144,Apartment,1689,3,2,4,Yes,Fully,11,57,56,25252239
8127,Pune,Baner,13.82307,79.102675,Apartment,2681,1,1,17,No,Semi,16,80,63,31914624
8128,Hyderabad,Kukatpally,15.002248,77.174581,Independent House,1033,5,4,5,No,Unfurnished,17,53,84,13035427
8129,Pune,Hinjewadi,18.727975,79.38925,Villa,1813,4,3,19,Yes,Fully,12,66,11,16233602
8130,Mumbai,Andheri,16.58153,76.838093,Apartment,3649,1,1,11,No,Fully,25,99,91,25309464
8131,Mumbai,Andheri,18.244434,78.803127,Independent House,4267,5,4,25,Yes,Semi,20,98,41,37523998
8132,Hyderabad,Kukatpally,12.144167,74.895671,Independent House,4042,3,2,10,Yes,Unfurnished,2,96,6,47081216
8133,Hyderabad,Jubilee Hills,14.760607,76.580871,Plot,4837,1,1,18,Yes,Semi,16,89,19,57149155
8134,Hyderabad,Jubilee Hills,18.359656,76.391821,Apartment,3318,4,3,10,Yes,Fully,22,98,57,24549882
8135,Hyderabad,Banjara Hills,16.646252,77.651998,Villa,3853,2,1,24,No,Unfurnished,29,68,53,37092831
8136,Mumbai,Thane,14.876503,78.435983,Plot,4300,1,1,9,Yes,Unfurnished,24,57,47,61034200
8137,Mumbai,Thane,16.871689,74.683648,Villa,3723,4,3,12,Yes,Unfurnished,10,90,79,18488418
8138,Hyderabad,Madhapur,15.047102,72.364257,Independent House,849,5,4,3,Yes,Semi,4,64,51,7996731
8139,Hyderabad,Gachibowli,16.276279,78.441336,Villa,1765,4,3,11,No,Fully,9,82,53,25126540
8140,Chennai,Adyar,15.881367,78.774529,Plot,3690,3,2,11,No,Fully,1,87,19,20475810
8141,Chennai,OMR,17.143156,73.357648,Independent House,3372,3,2,3,No,Unfurnished,11,78,15,19078776
8142,Hyderabad,Kukatpally,16.143655,73.626572,Plot,3007,1,1,14,No,Fully,19,68,90,31552451
8143,Chennai,Anna Nagar,17.754482,74.354903,Independent House,1916,2,1,25,Yes,Fully,28,54,76,21696784
8144,Hyderabad,Kukatpally,16.885164,75.301575,Plot,2320,4,3,0,No,Semi,5,81,44,28603280
8145,Bengaluru,HSR Layout,18.588163,75.970935,Apartment,3932,2,1,3,No,Semi,28,99,2,43405348
8146,Mumbai,Powai,16.049796,72.848017,Independent House,1796,1,1,16,No,Unfurnished,2,68,38,14610460
8147,Bengaluru,HSR Layout,15.127136,78.57473,Apartment,795,4,3,15,Yes,Semi,23,96,94,11734200
8148,Mumbai,Thane,12.98317,77.826481,Villa,1982,3,2,19,No,Fully,5,68,88,7995388
8149,Chennai,OMR,13.060321,77.549938,Independent House,4955,5,4,16,No,Semi,7,82,57,72060565
8150,Pune,Hinjewadi,18.776772,72.322217,Independent House,4428,1,1,24,Yes,Fully,14,99,93,49969980
8151,Pune,Wakad,17.01698,76.368085,Apartment,1413,4,3,11,Yes,Semi,2,84,61,21098916
8152,Pune,Wakad,17.066539,73.093138,Independent House,3963,2,1,15,No,Semi,9,84,18,30134652
8153,Bengaluru,HSR Layout,16.546832,74.74163,Independent House,4560,5,4,0,Yes,Unfurnished,26,54,27,50616000
8154,Bengaluru,HSR Layout,17.633904,79.33148,Independent House,1454,3,2,25,No,Semi,20,87,42,19378912
8155,Mumbai,Andheri,13.385288,76.266099,Villa,997,3,2,23,Yes,Semi,3,87,49,13373758
8156,Bengaluru,HSR Layout,16.507213,75.627436,Plot,2431,5,4,20,No,Semi,7,70,1,17938349
8157,Chennai,Anna Nagar,16.123199,78.990557,Independent House,3378,4,3,8,Yes,Fully,22,94,10,45670560
8158,Chennai,Anna Nagar,15.605333,76.118418,Apartment,2134,4,3,12,Yes,Fully,18,96,94,20236722
8159,Hyderabad,Banjara Hills,12.519328,75.922603,Villa,2750,2,1,15,No,Unfurnished,5,88,65,39033500
8160,Hyderabad,Gachibowli,12.941876,75.088701,Villa,3335,2,1,8,Yes,Semi,12,92,70,13853590
8161,Hyderabad,Gachibowli,12.934068,75.381499,Villa,3928,4,3,12,Yes,Unfurnished,17,64,93,28670472
8162,Pune,Hinjewadi,17.217719,73.301841,Plot,2255,2,1,11,Yes,Semi,22,68,90,14860450
8163,Chennai,OMR,13.953236,73.716522,Apartment,3990,4,3,2,Yes,Fully,4,65,63,37318470
8164,Chennai,Adyar,15.730708,74.858159,Apartment,1308,1,1,5,Yes,Fully,11,79,52,7442520
8165,Hyderabad,Gachibowli,15.217047,75.923756,Villa,4527,3,2,18,No,Semi,22,63,45,59638698
8166,Pune,Kharadi,18.23711,73.908403,Apartment,1125,4,3,4,Yes,Fully,5,54,25,6547500
8167,Mumbai,Powai,17.7323,79.360616,Villa,4665,2,1,22,No,Fully,2,58,51,41140635
8168,Pune,Hinjewadi,14.198294,74.748846,Villa,4090,1,1,4,No,Semi,20,64,13,38037000
8169,Mumbai,Bandra,18.151392,77.674889,Apartment,1070,3,2,22,Yes,Unfurnished,15,73,26,8523620
8170,Chennai,Adyar,14.570568,79.426795,Independent House,4289,4,3,18,Yes,Unfurnished,17,62,29,47354849
8171,Chennai,Anna Nagar,13.830527,78.650455,Villa,3613,1,1,12,Yes,Semi,0,90,57,25778755
8172,Mumbai,Thane,14.291317,78.351452,Villa,4350,4,3,13,No,Semi,20,82,84,26330550
8173,Bengaluru,Indiranagar,12.522614,76.627371,Apartment,512,2,1,15,No,Semi,22,76,29,7003136
8174,Pune,Kharadi,18.927322,77.139774,Independent House,1313,1,1,8,No,Unfurnished,21,54,66,15195349
8175,Chennai,Adyar,14.542235,79.59661,Independent House,3699,4,3,19,No,Semi,24,93,21,34833483
8176,Hyderabad,Madhapur,15.121506,74.816645,Plot,3063,5,4,23,No,Semi,11,58,17,38651997
8177,Pune,Wakad,18.208301,77.550971,Apartment,2928,5,4,0,No,Unfurnished,24,88,37,27895056
8178,Chennai,Adyar,15.840028,77.625553,Plot,1921,5,4,25,No,Unfurnished,1,78,81,10696128
8179,Chennai,Adyar,16.517202,74.947896,Independent House,1090,4,3,22,Yes,Fully,25,97,77,12540450
8180,Bengaluru,Electronic City,16.768134,79.943381,Independent House,889,2,1,1,No,Semi,1,80,50,10710672
8181,Bengaluru,Whitefield,15.00083,76.785223,Plot,4008,3,2,17,No,Fully,17,63,33,53731248
8182,Hyderabad,Kondapur,14.558619,75.196766,Apartment,1868,3,2,1,No,Unfurnished,25,92,78,8815092
8183,Mumbai,Bandra,13.904502,75.99902,Independent House,505,1,1,14,Yes,Fully,16,64,57,3706195
8184,Hyderabad,Gachibowli,12.995347,75.222815,Apartment,2283,3,2,5,Yes,Fully,24,56,85,17042595
8185,Hyderabad,Banjara Hills,16.263976,78.267458,Apartment,4507,5,4,21,Yes,Unfurnished,0,83,92,20741214
8186,Bengaluru,Indiranagar,13.067037,78.081656,Villa,3753,2,1,8,Yes,Fully,2,58,61,37023345
8187,Chennai,Anna Nagar,17.864843,79.477011,Villa,3740,3,2,23,No,Unfurnished,16,64,3,37639360
8188,Pune,Hinjewadi,12.809607,79.954299,Apartment,709,3,2,4,No,Fully,11,64,26,9615458
8189,Hyderabad,Banjara Hills,14.66289,73.06354,Independent House,3403,3,2,3,No,Unfurnished,0,74,55,34400927
8190,Mumbai,Bandra,12.194561,78.106984,Apartment,1059,5,4,12,No,Semi,17,57,27,8665797
8191,Chennai,Anna Nagar,17.802524,76.962412,Villa,3545,4,3,10,Yes,Unfurnished,28,92,63,53004840
8192,Bengaluru,Indiranagar,16.450232,73.614287,Plot,2046,2,1,24,Yes,Unfurnished,6,63,42,26937636
8193,Bengaluru,Indiranagar,18.746378,72.745956,Apartment,3159,1,1,10,Yes,Semi,10,77,42,26431353
8194,Bengaluru,Whitefield,12.085063,73.394117,Plot,1863,2,1,13,No,Fully,21,81,2,20377494
8195,Pune,Baner,17.171252,76.149341,Apartment,1830,4,3,1,Yes,Semi,20,98,80,15673950
8196,Pune,Kharadi,15.640149,74.734933,Plot,4757,1,1,2,Yes,Unfurnished,25,67,23,43712073
8197,Chennai,Anna Nagar,15.975635,76.637261,Independent House,3079,3,2,1,No,Fully,7,96,98,35211444
8198,Hyderabad,Banjara Hills,13.904032,72.347308,Villa,2273,1,1,10,Yes,Semi,13,55,61,28092007
8199,Bengaluru,Electronic City,17.055769,79.889326,Plot,1558,2,1,2,Yes,Semi,13,88,13,18993578
8200,Chennai,Anna Nagar,14.133396,76.611387,Plot,2056,5,4,14,No,Semi,3,66,54,13869776
8201,Mumbai,Andheri,17.21421,73.648847,Plot,3734,1,1,2,No,Fully,28,91,68,52313340
8202,Pune,Hinjewadi,14.07397,74.949177,Apartment,2887,1,1,13,No,Unfurnished,10,50,79,29378112
8203,Hyderabad,Gachibowli,14.704437,77.222339,Independent House,3724,3,2,9,Yes,Semi,1,92,35,45187016
8204,Hyderabad,Kukatpally,16.874672,72.945926,Plot,3006,5,4,23,No,Fully,16,61,18,28890666
8205,Mumbai,Andheri,15.511102,73.747541,Plot,3111,4,3,0,Yes,Semi,8,58,54,24418239
8206,Pune,Kharadi,12.805304,73.95182,Apartment,1171,4,3,22,No,Semi,24,81,18,17111823
8207,Hyderabad,Banjara Hills,18.106927,76.583062,Plot,1794,5,4,5,No,Semi,14,82,38,7990476
8208,Chennai,OMR,14.469846,73.239905,Independent House,1732,5,4,3,No,Semi,15,51,76,22069144
8209,Bengaluru,Indiranagar,12.680226,72.343454,Villa,2218,2,1,12,No,Semi,20,92,15,27986724
8210,Chennai,Anna Nagar,18.025602,72.92531,Villa,4329,4,3,15,No,Semi,16,54,56,55960983
8211,Bengaluru,Indiranagar,13.602837,73.531486,Plot,856,1,1,17,No,Fully,11,85,60,12435968
8212,Hyderabad,Gachibowli,14.789108,72.1303,Independent House,2999,1,1,8,No,Unfurnished,24,72,93,42168939
8213,Bengaluru,HSR Layout,17.474377,74.204154,Plot,4601,1,1,23,No,Unfurnished,0,52,36,50279728
8214,Pune,Baner,14.998851,78.482434,Apartment,2738,4,3,23,Yes,Unfurnished,1,60,63,19100288
8215,Hyderabad,Kondapur,13.374334,72.112527,Villa,1175,3,2,8,No,Fully,2,84,100,16098675
8216,Mumbai,Bandra,13.302951,74.125489,Villa,4601,3,2,2,Yes,Fully,9,71,20,51388569
8217,Hyderabad,Kondapur,16.644013,77.100653,Apartment,4802,3,2,15,Yes,Fully,8,58,38,58219448
8218,Chennai,Anna Nagar,15.289046,78.530789,Apartment,4642,1,1,16,Yes,Fully,0,59,82,63966760
8219,Bengaluru,Whitefield,13.488906,77.824028,Independent House,3059,1,1,4,Yes,Unfurnished,5,56,94,23361583
8220,Pune,Kharadi,17.298882,73.019967,Villa,2366,2,1,3,No,Semi,11,73,49,20333404
8221,Chennai,Velachery,17.958067,78.635967,Villa,806,4,3,20,No,Unfurnished,10,96,100,5354258
8222,Chennai,Velachery,18.669313,79.047788,Plot,3886,1,1,5,Yes,Unfurnished,19,80,37,56098296
8223,Mumbai,Bandra,12.12263,73.919918,Apartment,1995,4,3,10,No,Fully,27,54,16,16315110
8224,Pune,Kharadi,14.502915,74.442335,Plot,4053,4,3,13,No,Fully,14,63,95,44416827
8225,Bengaluru,Indiranagar,13.461123,74.382414,Plot,641,3,2,11,No,Fully,1,66,9,9483595
8226,Bengaluru,Electronic City,16.665847,77.452627,Independent House,4476,1,1,5,Yes,Fully,15,51,47,37311936
8227,Pune,Wakad,16.72362,72.128097,Apartment,721,3,2,20,Yes,Unfurnished,4,74,91,6277747
8228,Bengaluru,Indiranagar,16.964168,76.189004,Villa,3755,5,4,6,Yes,Fully,10,86,83,40231070
8229,Chennai,Adyar,12.708486,73.060068,Apartment,2406,4,3,10,Yes,Fully,30,73,97,17546958
8230,Mumbai,Thane,16.198725,77.527171,Apartment,2201,5,4,13,Yes,Unfurnished,17,93,20,14971202
8231,Pune,Kharadi,12.68288,72.412033,Plot,2759,5,4,9,Yes,Unfurnished,30,67,72,39804093
8232,Mumbai,Andheri,16.225272,77.919731,Apartment,886,3,2,8,Yes,Unfurnished,28,67,54,13213804
8233,Bengaluru,Whitefield,17.945308,74.484351,Plot,3351,4,3,16,Yes,Fully,10,65,54,32655495
8234,Pune,Wakad,16.054007,77.805943,Villa,957,3,2,2,Yes,Unfurnished,12,75,74,9431235
8235,Mumbai,Thane,15.313126,79.541083,Apartment,4715,4,3,6,No,Semi,30,85,95,21024185
8236,Chennai,OMR,13.505446,75.944502,Apartment,2881,3,2,15,Yes,Fully,20,78,25,14093852
8237,Hyderabad,Gachibowli,13.341366,78.528929,Independent House,972,4,3,21,Yes,Unfurnished,21,90,79,9847332
8238,Pune,Hinjewadi,12.458717,72.764676,Independent House,3170,3,2,17,Yes,Fully,21,97,34,27598020
8239,Bengaluru,Whitefield,12.722163,77.619112,Independent House,3663,2,1,22,Yes,Unfurnished,0,95,80,35065899
8240,Pune,Baner,17.397438,76.689369,Independent House,2621,2,1,5,No,Unfurnished,12,51,48,25179947
8241,Hyderabad,Kukatpally,15.504924,75.746095,Villa,1928,2,1,19,No,Fully,11,55,66,15175288
8242,Hyderabad,Kukatpally,12.979968,79.294026,Plot,3194,3,2,18,Yes,Fully,28,87,34,33719058
8243,Chennai,Velachery,12.520511,73.609214,Plot,4505,1,1,6,No,Unfurnished,18,90,62,40279205
8244,Pune,Wakad,15.215648,72.421128,Apartment,1966,3,2,9,Yes,Fully,5,73,83,21419570
8245,Bengaluru,Electronic City,13.604889,75.234803,Apartment,1924,1,1,22,Yes,Unfurnished,13,56,71,14953328
8246,Pune,Baner,18.450651,79.411869,Villa,4798,3,2,0,Yes,Semi,25,65,25,40475928
8247,Hyderabad,Madhapur,18.150006,79.115281,Plot,599,3,2,0,No,Unfurnished,8,70,70,2993203
8248,Chennai,Velachery,14.907407,74.068248,Independent House,2004,4,3,16,Yes,Unfurnished,7,75,48,17280492
8249,Chennai,OMR,18.393343,78.017752,Independent House,3807,4,3,1,Yes,Fully,21,100,84,22335669
8250,Hyderabad,Kondapur,18.897621,72.233597,Apartment,3577,2,1,15,Yes,Semi,0,91,74,25292967
8251,Bengaluru,Electronic City,15.313941,72.511784,Independent House,2736,4,3,15,No,Semi,1,79,6,22353120
8252,Pune,Kharadi,14.493428,78.382944,Apartment,4898,5,4,22,Yes,Semi,20,72,24,42490150
8253,Bengaluru,Indiranagar,13.317231,78.411871,Apartment,3613,5,4,10,No,Unfurnished,29,74,64,40299402
8254,Pune,Wakad,14.572736,76.835663,Independent House,4781,2,1,14,Yes,Unfurnished,18,84,42,46552597
8255,Hyderabad,Madhapur,15.490557,76.341976,Plot,1986,5,4,19,Yes,Semi,25,71,39,17490702
8256,Chennai,Adyar,18.227671,72.600912,Villa,3666,1,1,18,No,Semi,29,59,91,38643306
8257,Pune,Hinjewadi,15.459552,79.314189,Villa,1840,4,3,1,Yes,Semi,19,60,78,11189040
8258,Pune,Kharadi,18.123556,75.772452,Apartment,656,3,2,2,No,Fully,21,76,57,5898752
8259,Pune,Hinjewadi,13.467281,76.499942,Apartment,2525,2,1,9,No,Unfurnished,21,56,92,11317050
8260,Mumbai,Thane,14.767973,75.30898,Plot,1876,2,1,13,Yes,Unfurnished,20,67,47,21330120
8261,Pune,Wakad,17.628469,78.710251,Plot,3536,2,1,2,Yes,Semi,22,59,74,14158144
8262,Pune,Wakad,17.105361,74.780516,Apartment,4943,5,4,12,Yes,Fully,0,78,25,58787099
8263,Pune,Kharadi,17.400233,75.953566,Plot,2429,2,1,5,Yes,Fully,6,57,28,11936106
8264,Bengaluru,HSR Layout,14.718062,72.957539,Apartment,1720,2,1,19,No,Unfurnished,24,74,16,17198280
8265,Bengaluru,HSR Layout,17.353323,76.446998,Plot,4830,1,1,20,Yes,Unfurnished,7,53,34,69677580
8266,Bengaluru,HSR Layout,12.045777,72.634963,Plot,3392,2,1,11,No,Semi,10,68,28,42854528
8267,Bengaluru,Electronic City,18.221209,74.231513,Apartment,4028,3,2,16,No,Semi,3,75,65,54982200
8268,Bengaluru,Indiranagar,15.0298,77.429046,Plot,3541,5,4,10,No,Fully,25,57,34,23129812
8269,Chennai,Velachery,18.477114,75.659926,Plot,3714,1,1,2,No,Unfurnished,24,55,96,19531926
8270,Pune,Baner,14.795968,78.258881,Independent House,808,5,4,22,No,Fully,4,89,91,9392192
8271,Mumbai,Thane,15.972341,74.138841,Independent House,3679,4,3,10,Yes,Fully,22,89,72,22077679
8272,Chennai,Adyar,14.478656,74.860499,Plot,4054,2,1,11,No,Semi,3,65,65,52260114
8273,Pune,Wakad,12.292211,74.563482,Independent House,937,2,1,12,Yes,Unfurnished,4,81,82,13712058
8274,Bengaluru,Whitefield,13.532033,76.394691,Plot,2055,5,4,5,Yes,Unfurnished,23,85,11,15130965
8275,Pune,Baner,17.807337,75.164223,Plot,2012,4,3,13,Yes,Fully,16,77,40,11259152
8276,Pune,Wakad,12.822436,79.651213,Villa,2113,3,2,25,No,Unfurnished,30,52,24,21130000
8277,Pune,Hinjewadi,15.243412,72.971797,Apartment,3016,4,3,23,No,Unfurnished,25,83,38,14310920
8278,Pune,Wakad,18.649158,74.757968,Plot,4052,4,3,24,Yes,Semi,0,95,42,45990200
8279,Hyderabad,Banjara Hills,14.701879,77.953459,Villa,1390,5,4,21,Yes,Semi,21,50,27,16050330
8280,Bengaluru,HSR Layout,15.468508,77.800902,Plot,2476,5,4,3,Yes,Unfurnished,29,63,20,19018156
8281,Pune,Hinjewadi,14.71703,72.416653,Plot,3410,5,4,2,No,Semi,24,51,65,48005980
8282,Hyderabad,Gachibowli,18.864197,73.088229,Independent House,2686,4,3,17,No,Unfurnished,19,90,4,32567750
8283,Chennai,Velachery,15.023566,75.665594,Apartment,963,1,1,18,Yes,Semi,3,51,81,13169988
8284,Hyderabad,Miyapur,13.131211,74.536796,Independent House,4439,3,2,25,No,Unfurnished,13,84,56,18306436
8285,Mumbai,Thane,18.635979,74.687708,Independent House,4667,3,2,12,Yes,Unfurnished,24,62,49,37069981
8286,Pune,Kharadi,15.045318,75.601665,Villa,3836,3,2,1,No,Fully,7,87,87,38985268
8287,Bengaluru,Indiranagar,14.13928,74.398431,Independent House,3922,5,4,10,Yes,Fully,20,73,83,46914964
8288,Mumbai,Powai,12.173742,73.547761,Independent House,4281,2,1,10,Yes,Fully,22,66,74,63863958
8289,Chennai,Velachery,12.952902,74.044722,Plot,4527,3,2,12,No,Unfurnished,23,96,69,62006319
8290,Chennai,OMR,16.446197,73.405465,Apartment,3569,1,1,23,No,Unfurnished,9,90,3,15778549
8291,Mumbai,Andheri,18.297471,75.391064,Independent House,3359,4,3,22,Yes,Unfurnished,19,75,28,20076743
8292,Mumbai,Thane,15.978671,79.143759,Villa,4838,3,2,13,No,Unfurnished,17,64,86,62840782
8293,Hyderabad,Jubilee Hills,12.746318,73.707315,Plot,2463,4,3,10,No,Semi,27,83,54,10430805
8294,Mumbai,Bandra,18.828651,72.350106,Plot,3213,5,4,21,Yes,Semi,22,92,26,33890724
8295,Hyderabad,Madhapur,14.21409,78.446688,Villa,3098,1,1,16,Yes,Fully,22,55,85,28334308
8296,Hyderabad,Jubilee Hills,15.74899,73.408326,Apartment,2314,2,1,12,Yes,Semi,12,69,95,9323106
8297,Pune,Baner,14.580018,76.507124,Plot,2040,5,4,17,Yes,Semi,14,54,7,18604800
8298,Mumbai,Powai,13.766925,74.191535,Villa,2116,2,1,16,Yes,Fully,0,93,50,18673700
8299,Bengaluru,Whitefield,17.604667,74.109945,Apartment,4723,3,2,24,No,Semi,30,78,63,58442402
8300,Mumbai,Andheri,12.711549,72.270764,Independent House,1861,2,1,21,Yes,Unfurnished,21,56,95,26645798
8301,Hyderabad,Gachibowli,14.198258,75.590452,Villa,3264,2,1,15,Yes,Fully,5,52,1,27084672
8302,Hyderabad,Miyapur,15.154596,78.039935,Independent House,2620,3,2,18,Yes,Fully,13,58,2,19165300
8303,Bengaluru,Whitefield,12.300934,73.132757,Independent House,1822,2,1,17,No,Semi,4,90,3,24680812
8304,Bengaluru,Electronic City,13.943205,78.396386,Apartment,1105,2,1,23,Yes,Unfurnished,4,88,84,16213665
8305,Hyderabad,Gachibowli,12.824544,73.057633,Plot,2006,5,4,2,Yes,Unfurnished,1,54,25,20816262
8306,Chennai,Anna Nagar,12.322318,74.262174,Apartment,1928,2,1,19,No,Fully,18,65,67,27144312
8307,Hyderabad,Gachibowli,15.827728,78.832316,Plot,3850,1,1,0,No,Fully,11,54,78,40313350
8308,Chennai,Anna Nagar,17.85826,77.073908,Independent House,1147,1,1,18,Yes,Fully,3,52,97,14690776
8309,Bengaluru,Electronic City,13.700536,72.227686,Apartment,3168,5,4,18,Yes,Unfurnished,10,62,84,18060768
8310,Pune,Kharadi,15.22888,72.623087,Plot,3925,1,1,9,No,Fully,29,54,39,45282725
8311,Bengaluru,Indiranagar,14.782226,77.831083,Independent House,4984,2,1,22,Yes,Semi,18,83,16,72083592
8312,Hyderabad,Banjara Hills,17.882024,78.748162,Villa,2310,5,4,14,Yes,Fully,8,53,45,24786300
8313,Bengaluru,HSR Layout,17.619863,77.761386,Villa,3858,5,4,22,No,Semi,8,61,80,26786094
8314,Chennai,OMR,18.458244,77.035302,Apartment,1905,2,1,0,Yes,Semi,20,65,40,9469755
8315,Hyderabad,Madhapur,15.047055,74.176762,Villa,1334,3,2,3,No,Unfurnished,14,62,21,12626310
8316,Pune,Wakad,18.728779,72.307838,Apartment,2909,1,1,3,No,Semi,8,76,66,33782217
8317,Chennai,Adyar,16.135192,78.548608,Plot,2662,4,3,13,Yes,Semi,20,71,10,24005916
8318,Hyderabad,Kukatpally,14.621308,73.564115,Apartment,3924,2,1,0,No,Fully,27,99,54,31376304
8319,Mumbai,Powai,12.737235,78.011545,Plot,2889,2,1,25,Yes,Unfurnished,18,62,76,40983354
8320,Pune,Kharadi,14.463354,79.587038,Villa,3721,1,1,9,No,Unfurnished,18,85,88,52771222
8321,Mumbai,Powai,12.35714,79.275701,Plot,2246,3,2,16,No,Semi,8,71,76,15499646
8322,Pune,Baner,18.147843,77.388523,Villa,1740,2,1,13,No,Fully,14,79,95,12148680
8323,Mumbai,Thane,14.526366,74.310637,Apartment,4805,5,4,23,No,Semi,7,87,65,39199190
8324,Hyderabad,Gachibowli,12.331192,77.490993,Villa,2560,4,3,25,No,Unfurnished,20,58,96,22184960
8325,Bengaluru,Indiranagar,18.79603,74.715084,Apartment,4918,3,2,22,No,Fully,27,64,58,57270110
8326,Hyderabad,Jubilee Hills,17.478644,74.857008,Apartment,4900,4,3,18,Yes,Unfurnished,19,96,39,48416900
8327,Pune,Kharadi,15.489904,76.71622,Independent House,2999,1,1,5,No,Fully,22,76,20,23887035
8328,Hyderabad,Jubilee Hills,15.975505,77.488261,Independent House,4150,1,1,13,No,Fully,0,92,20,43911150
8329,Pune,Wakad,17.700643,77.309217,Apartment,1840,5,4,20,No,Semi,7,50,12,24448080
8330,Pune,Hinjewadi,17.709469,79.08884,Apartment,3838,4,3,12,Yes,Unfurnished,3,95,1,28685212
8331,Mumbai,Thane,12.742718,76.745425,Villa,906,1,1,20,No,Fully,23,55,9,6110970
8332,Bengaluru,Indiranagar,14.345157,73.000827,Apartment,4308,5,4,11,Yes,Semi,10,71,7,37867320
8333,Pune,Hinjewadi,13.136968,76.952442,Independent House,4289,2,1,7,Yes,Semi,6,57,64,60316207
8334,Hyderabad,Kukatpally,13.898857,73.459539,Independent House,2755,1,1,21,Yes,Semi,20,65,19,15309535
8335,Hyderabad,Jubilee Hills,14.895762,75.816627,Plot,2219,1,1,0,No,Unfurnished,16,58,68,16196481
8336,Hyderabad,Kukatpally,17.067549,74.738627,Apartment,4706,2,1,1,No,Unfurnished,2,93,98,62514504
8337,Hyderabad,Banjara Hills,13.121358,76.965475,Apartment,4008,1,1,22,No,Semi,18,84,27,31178232
8338,Mumbai,Andheri,17.702023,79.622692,Apartment,791,5,4,16,No,Semi,3,54,36,11169711
8339,Mumbai,Powai,16.676742,74.859187,Plot,3948,1,1,24,No,Semi,22,66,64,34975332
8340,Mumbai,Thane,17.31799,76.629575,Villa,3364,5,4,8,No,Semi,5,84,55,44993500
8341,Mumbai,Powai,18.933676,79.290813,Apartment,687,3,2,25,No,Fully,1,73,83,3450114
8342,Chennai,OMR,15.672725,76.814819,Apartment,1139,2,1,7,Yes,Unfurnished,15,71,12,15583798
8343,Pune,Wakad,15.685915,76.547323,Apartment,3551,4,3,7,No,Unfurnished,6,70,78,29373872
8344,Pune,Hinjewadi,12.015517,75.029613,Plot,4306,4,3,5,No,Unfurnished,9,61,31,47680338
8345,Chennai,Velachery,16.248556,72.930841,Independent House,4843,1,1,0,No,Semi,26,82,65,20481047
8346,Pune,Baner,16.617807,73.153486,Independent House,2963,2,1,15,No,Fully,4,90,14,39378270
8347,Hyderabad,Kukatpally,13.451646,75.63801,Independent House,3484,3,2,16,No,Unfurnished,25,54,45,21977072
8348,Mumbai,Thane,14.791614,73.22047,Plot,2269,3,2,17,Yes,Fully,27,65,86,18505964
8349,Chennai,Velachery,16.15396,74.023281,Apartment,1050,2,1,15,Yes,Fully,7,59,52,10848600
8350,Chennai,Velachery,14.723674,73.030373,Plot,2869,3,2,18,No,Semi,12,60,7,28902306
8351,Bengaluru,Indiranagar,17.038177,78.253151,Apartment,4399,2,1,8,No,Semi,22,95,48,25817731
8352,Mumbai,Andheri,17.07705,74.696248,Apartment,4286,4,3,20,Yes,Fully,5,96,19,58546760
8353,Pune,Kharadi,15.093522,78.010284,Plot,1919,4,3,2,No,Semi,27,91,94,11191608
8354,Chennai,OMR,17.403029,73.792186,Villa,1534,2,1,23,Yes,Fully,17,88,66,20859332
8355,Bengaluru,HSR Layout,17.478479,79.70077,Independent House,2628,3,2,0,Yes,Fully,15,75,43,13933656
8356,Bengaluru,Whitefield,15.080488,78.613009,Independent House,4328,5,4,11,Yes,Unfurnished,13,85,27,44063368
8357,Hyderabad,Banjara Hills,15.155977,78.239528,Villa,1270,2,1,1,No,Semi,18,77,17,18249900
8358,Bengaluru,HSR Layout,18.704621,75.068501,Apartment,1913,2,1,9,No,Semi,0,99,100,15640688
8359,Mumbai,Thane,14.017402,77.59268,Villa,2399,1,1,11,Yes,Semi,22,52,85,30839145
8360,Pune,Kharadi,16.322128,79.800515,Villa,982,5,4,6,Yes,Fully,2,51,57,12363380
8361,Hyderabad,Miyapur,14.228129,74.953297,Plot,2739,4,3,25,No,Unfurnished,1,74,44,18534813
8362,Mumbai,Powai,17.52874,75.241594,Apartment,2267,2,1,5,No,Fully,13,73,100,15730713
8363,Chennai,Velachery,16.175249,79.297418,Apartment,3046,4,3,13,No,Semi,20,88,72,18671980
8364,Pune,Wakad,12.472765,72.957516,Villa,2915,4,3,20,No,Fully,21,78,98,14102770
8365,Hyderabad,Madhapur,18.824893,72.634681,Independent House,711,4,3,14,Yes,Unfurnished,15,55,52,10472319
8366,Mumbai,Andheri,18.471085,78.104786,Independent House,4504,1,1,23,Yes,Semi,18,51,55,21281400
8367,Mumbai,Thane,12.809952,73.740641,Villa,1789,1,1,3,No,Fully,15,95,94,7606828
8368,Chennai,Anna Nagar,15.009018,79.590045,Apartment,668,4,3,10,No,Unfurnished,23,66,63,4491632
8369,Hyderabad,Madhapur,18.482676,76.462883,Plot,1117,5,4,7,Yes,Unfurnished,11,71,87,7770969
8370,Chennai,Adyar,18.798754,78.196577,Independent House,4484,4,3,9,Yes,Semi,18,64,1,25070044
8371,Mumbai,Powai,12.134132,79.039935,Plot,4646,5,4,21,Yes,Fully,1,76,26,28628652
8372,Chennai,Adyar,18.953803,72.373776,Plot,3567,4,3,4,Yes,Fully,27,50,99,45871620
8373,Mumbai,Thane,15.356897,76.674882,Independent House,1299,1,1,10,No,Semi,26,99,67,8101863
8374,Pune,Wakad,16.816351,73.073173,Independent House,2028,3,2,20,Yes,Fully,25,87,88,15621684
8375,Bengaluru,HSR Layout,18.738667,78.905608,Plot,3528,2,1,11,Yes,Fully,25,65,42,37728432
8376,Hyderabad,Miyapur,18.420145,73.058399,Independent House,4430,3,2,1,Yes,Fully,19,87,1,41021800
8377,Bengaluru,Whitefield,16.263802,73.310087,Independent House,4407,5,4,24,No,Semi,4,55,47,54897999
8378,Chennai,OMR,16.464638,78.884393,Villa,2057,5,4,4,No,Semi,23,63,81,22799788
8379,Hyderabad,Banjara Hills,14.78881,77.151761,Independent House,3900,4,3,24,No,Semi,20,63,23,50021400
8380,Chennai,Velachery,12.420001,76.264492,Independent House,2066,1,1,18,No,Semi,24,85,53,9951922
8381,Mumbai,Bandra,13.941767,75.285782,Independent House,574,5,4,18,No,Semi,18,77,81,2809730
8382,Pune,Wakad,18.791319,76.254995,Villa,1427,4,3,21,No,Semi,12,68,36,14536849
8383,Bengaluru,HSR Layout,14.208879,78.97641,Plot,3847,2,1,5,Yes,Unfurnished,28,85,99,28563975
8384,Pune,Baner,14.120874,76.754908,Plot,2927,2,1,23,No,Fully,29,50,86,29650510
8385,Chennai,Adyar,16.336822,79.957339,Villa,4534,2,1,18,No,Fully,20,50,41,65561640
8386,Mumbai,Thane,16.406544,73.726168,Villa,2503,2,1,10,Yes,Fully,12,91,70,18419577
8387,Hyderabad,Miyapur,15.766515,72.155657,Apartment,4383,4,3,17,Yes,Unfurnished,23,65,44,25666848
8388,Pune,Hinjewadi,18.512458,75.943792,Independent House,1859,5,4,14,No,Fully,2,71,100,17299854
8389,Mumbai,Andheri,18.702492,73.259161,Apartment,969,4,3,16,Yes,Unfurnished,9,99,36,11138655
8390,Mumbai,Andheri,13.800787,72.259303,Independent House,2869,1,1,15,Yes,Fully,1,79,100,36662951
8391,Pune,Baner,12.457452,73.427121,Apartment,2525,5,4,1,Yes,Fully,24,61,50,23878925
8392,Hyderabad,Gachibowli,12.59803,76.172348,Apartment,2128,3,2,12,No,Unfurnished,20,71,63,31890208
8393,Mumbai,Powai,17.146046,74.51401,Villa,3143,3,2,25,Yes,Semi,8,77,35,26124616
8394,Bengaluru,HSR Layout,14.296009,74.899827,Independent House,4888,4,3,12,No,Semi,8,55,75,39900744
8395,Hyderabad,Banjara Hills,12.544347,79.748017,Apartment,3306,2,1,12,Yes,Semi,6,64,65,34947726
8396,Pune,Hinjewadi,16.922662,75.264824,Apartment,811,1,1,3,Yes,Unfurnished,8,96,16,3654366
8397,Bengaluru,Electronic City,15.280547,73.011091,Plot,4223,2,1,5,No,Semi,2,72,34,59007979
8398,Pune,Kharadi,18.710899,77.340421,Villa,2547,1,1,20,Yes,Fully,6,83,43,13430331
8399,Hyderabad,Miyapur,18.506084,74.59524,Apartment,2309,1,1,7,Yes,Unfurnished,2,73,80,29855370
8400,Bengaluru,Indiranagar,12.77878,77.205882,Apartment,3260,5,4,6,Yes,Semi,22,97,19,42396300
8401,Pune,Baner,17.056198,75.892539,Plot,1261,2,1,15,No,Semi,4,97,24,17563208
8402,Bengaluru,Electronic City,14.754683,77.706103,Independent House,2336,4,3,5,No,Semi,28,93,24,33192224
8403,Pune,Kharadi,14.930818,76.894284,Plot,3354,2,1,15,No,Unfurnished,10,99,36,39875706
8404,Bengaluru,Electronic City,17.246793,79.54772,Plot,4951,4,3,8,No,Fully,12,77,37,28844526
8405,Bengaluru,Indiranagar,17.711326,77.987162,Apartment,2205,4,3,12,Yes,Fully,14,86,93,31403610
8406,Mumbai,Thane,14.02165,75.489869,Independent House,3172,4,3,10,No,Fully,9,57,55,17801264
8407,Mumbai,Andheri,16.415845,73.635914,Independent House,1572,4,3,14,Yes,Fully,21,68,91,23026656
8408,Bengaluru,Electronic City,15.860206,77.564744,Independent House,1271,4,3,14,No,Semi,4,88,50,13888217
8409,Hyderabad,Kondapur,15.471552,74.863671,Plot,1208,4,3,14,Yes,Unfurnished,28,55,34,11106352
8410,Chennai,Velachery,14.502284,72.036943,Plot,2622,5,4,5,No,Unfurnished,24,86,98,33309888
8411,Chennai,Anna Nagar,13.29332,74.570472,Apartment,2353,2,1,19,Yes,Unfurnished,19,74,54,32261983
8412,Chennai,OMR,18.908862,77.896718,Apartment,4111,5,4,8,No,Fully,10,55,35,58018543
8413,Pune,Hinjewadi,12.447616,76.919041,Independent House,3796,1,1,14,Yes,Fully,23,95,86,20312396
8414,Hyderabad,Madhapur,13.758582,74.998193,Independent House,610,2,1,23,No,Fully,9,70,48,4595130
8415,Bengaluru,Electronic City,15.796504,72.641136,Plot,2631,4,3,23,No,Unfurnished,0,87,72,32863821
8416,Mumbai,Powai,18.311537,75.395141,Villa,2702,1,1,6,No,Semi,12,77,17,25315038
8417,Chennai,Adyar,17.17461,73.983579,Independent House,3430,4,3,21,No,Unfurnished,9,53,92,49738430
8418,Bengaluru,Electronic City,14.343338,74.278072,Independent House,3237,2,1,1,No,Semi,16,62,99,42776955
8419,Bengaluru,HSR Layout,18.85626,72.931376,Apartment,1006,3,2,4,No,Semi,18,94,46,12675600
8420,Bengaluru,Whitefield,14.943867,72.542689,Independent House,1268,2,1,18,No,Unfurnished,4,59,80,16239276
8421,Chennai,Velachery,14.968557,75.467971,Villa,4158,2,1,14,Yes,Fully,17,75,71,29014524
8422,Pune,Baner,13.158497,74.449567,Plot,4691,2,1,15,No,Fully,5,94,95,62887546
8423,Chennai,Anna Nagar,12.182165,78.07923,Apartment,1963,4,3,2,No,Fully,25,54,29,18006599
8424,Bengaluru,Indiranagar,12.150881,79.840296,Villa,4655,4,3,17,No,Semi,18,55,84,30927820
8425,Chennai,Velachery,13.832886,78.771665,Villa,1331,3,2,3,Yes,Semi,30,89,5,8623549
8426,Chennai,Velachery,12.111444,79.190531,Apartment,4006,5,4,1,Yes,Fully,11,94,37,36783092
8427,Hyderabad,Gachibowli,14.673313,77.942596,Plot,3184,4,3,10,No,Unfurnished,2,98,93,41729504
8428,Bengaluru,Whitefield,12.570346,72.655196,Plot,4239,1,1,9,No,Unfurnished,25,89,72,21644334
8429,Hyderabad,Madhapur,18.261045,78.536726,Plot,3928,5,4,5,Yes,Semi,29,56,89,22369960
8430,Bengaluru,HSR Layout,13.820981,78.337309,Apartment,4035,4,3,21,No,Unfurnished,8,60,94,57345420
8431,Bengaluru,Indiranagar,18.650077,77.440785,Apartment,2843,4,3,25,Yes,Unfurnished,4,72,23,25231625
8432,Hyderabad,Kondapur,18.685223,79.075733,Independent House,1273,5,4,24,No,Semi,21,65,18,13273571
8433,Chennai,Anna Nagar,16.857648,76.599316,Plot,2693,3,2,1,No,Fully,17,74,90,14927299
8434,Chennai,OMR,15.029676,72.275603,Independent House,1223,1,1,14,No,Unfurnished,0,62,90,11316419
8435,Hyderabad,Jubilee Hills,13.613579,76.737099,Independent House,3372,5,4,17,Yes,Unfurnished,16,51,59,27178320
8436,Chennai,Anna Nagar,18.194147,72.869652,Independent House,859,4,3,5,No,Fully,25,93,65,10372425
8437,Chennai,Velachery,17.363153,74.702721,Apartment,2863,5,4,12,Yes,Unfurnished,23,53,100,26050437
8438,Pune,Wakad,16.627822,79.538352,Plot,3991,3,2,3,No,Semi,11,71,18,18494294
8439,Chennai,Anna Nagar,13.628984,76.53313,Villa,2829,5,4,7,No,Semi,0,92,32,20176428
8440,Chennai,Adyar,16.810953,78.66401,Plot,4035,3,2,22,No,Unfurnished,10,61,88,56477895
8441,Hyderabad,Banjara Hills,17.250647,72.872205,Apartment,2315,1,1,18,No,Semi,17,64,19,11975495
8442,Hyderabad,Miyapur,13.774001,73.16153,Villa,3249,5,4,3,No,Fully,19,50,39,44826453
8443,Hyderabad,Miyapur,16.983686,76.130054,Apartment,2491,4,3,20,Yes,Fully,20,60,1,17484329
8444,Chennai,Adyar,13.243321,72.420269,Apartment,1558,1,1,13,No,Fully,21,78,97,12789622
8445,Bengaluru,HSR Layout,17.69951,76.259358,Plot,1040,1,1,5,Yes,Fully,21,88,16,14853280
8446,Chennai,Adyar,15.407195,74.498953,Plot,3128,3,2,5,No,Fully,6,97,7,41530456
8447,Hyderabad,Kukatpally,14.02057,72.325819,Independent House,2960,2,1,23,Yes,Fully,7,98,13,22866000
8448,Hyderabad,Banjara Hills,18.083964,75.845764,Apartment,2166,5,4,2,Yes,Semi,18,83,61,18803046
8449,Pune,Baner,12.458504,72.868222,Plot,3275,1,1,17,Yes,Unfurnished,1,81,67,20901050
8450,Hyderabad,Kondapur,13.080946,75.285987,Independent House,3074,5,4,8,No,Semi,4,85,51,27383192
8451,Pune,Wakad,15.057616,77.450461,Plot,3411,5,4,3,Yes,Semi,9,60,38,45553905
8452,Pune,Kharadi,18.103761,73.026428,Apartment,1615,4,3,9,Yes,Fully,15,62,45,10323080
8453,Bengaluru,Electronic City,16.029995,74.821377,Independent House,4408,5,4,16,No,Unfurnished,11,95,53,60019328
8454,Pune,Hinjewadi,13.874743,72.284705,Villa,2522,5,4,8,No,Unfurnished,0,51,30,23739586
8455,Pune,Baner,17.38299,78.471092,Apartment,3139,3,2,13,Yes,Semi,1,88,12,36958586
8456,Mumbai,Thane,14.769338,79.041104,Plot,802,3,2,19,Yes,Semi,19,81,61,8732978
8457,Bengaluru,Indiranagar,13.139919,78.479978,Apartment,3565,5,4,20,Yes,Unfurnished,5,58,39,32227600
8458,Bengaluru,Whitefield,14.936121,79.951091,Plot,846,2,1,22,Yes,Semi,8,90,61,8833086
8459,Bengaluru,HSR Layout,17.717515,74.246677,Villa,2074,1,1,8,Yes,Unfurnished,17,92,88,11574994
8460,Bengaluru,Indiranagar,18.595067,75.921885,Plot,3369,1,1,18,Yes,Semi,14,90,45,50380026
8461,Chennai,Anna Nagar,14.204863,77.223686,Plot,1320,5,4,8,No,Semi,15,68,91,19140000
8462,Pune,Kharadi,15.991812,77.130731,Independent House,1956,2,1,6,Yes,Semi,0,79,77,26701356
8463,Bengaluru,Electronic City,12.411287,75.36949,Independent House,4892,2,1,25,Yes,Unfurnished,4,57,84,53024388
8464,Bengaluru,Whitefield,15.626808,79.019973,Plot,4109,2,1,7,Yes,Semi,0,73,31,45223654
8465,Chennai,Velachery,12.202538,78.8697,Independent House,2771,5,4,6,No,Unfurnished,19,56,28,13079120
8466,Pune,Baner,12.565577,74.081534,Independent House,1977,4,3,4,No,Fully,28,56,7,14329296
8467,Chennai,Adyar,14.604792,74.196625,Independent House,727,2,1,24,Yes,Fully,9,59,68,4932695
8468,Chennai,OMR,13.384894,79.072309,Independent House,2639,4,3,7,No,Unfurnished,22,61,19,17232670
8469,Pune,Kharadi,12.576565,72.896232,Apartment,2516,1,1,4,No,Semi,18,100,5,20087744
8470,Pune,Kharadi,14.415304,79.018925,Apartment,3674,2,1,9,Yes,Unfurnished,3,53,37,49801070
8471,Mumbai,Powai,16.790154,79.872497,Apartment,3017,3,2,21,No,Semi,8,95,52,26637093
8472,Bengaluru,Whitefield,17.517355,72.650678,Apartment,2756,2,1,1,No,Semi,30,65,95,33350356
8473,Hyderabad,Kukatpally,17.490507,78.899349,Plot,1840,1,1,24,No,Semi,16,71,93,8110720
8474,Chennai,Adyar,12.352315,76.884577,Independent House,4867,1,1,21,No,Fully,2,62,65,58384532
8475,Bengaluru,Electronic City,16.323508,74.984912,Apartment,1280,4,3,13,No,Semi,23,89,51,15260160
8476,Chennai,OMR,13.712648,77.6364,Villa,2823,2,1,18,Yes,Semi,7,88,83,37458387
8477,Mumbai,Bandra,16.652828,79.13301,Independent House,2195,4,3,10,Yes,Unfurnished,25,93,44,23462355
8478,Hyderabad,Gachibowli,17.550898,72.521725,Plot,3932,2,1,25,Yes,Semi,18,58,82,18743844
8479,Chennai,OMR,13.422658,79.144501,Plot,1009,1,1,4,No,Fully,26,56,29,14448880
8480,Bengaluru,Whitefield,14.19117,72.998075,Apartment,4470,3,2,16,No,Fully,26,83,67,44431800
8481,Hyderabad,Jubilee Hills,15.993383,75.860783,Villa,4661,4,3,15,Yes,Fully,4,97,22,56654455
8482,Pune,Hinjewadi,17.191048,73.461037,Apartment,2881,3,2,10,Yes,Fully,14,94,79,33076761
8483,Bengaluru,HSR Layout,17.602475,76.03083,Villa,1287,2,1,2,Yes,Fully,9,96,24,13662792
8484,Chennai,Velachery,12.382703,74.635495,Villa,3126,1,1,24,Yes,Semi,6,62,2,22110198
8485,Pune,Hinjewadi,15.149995,77.092949,Apartment,911,2,1,8,No,Unfurnished,3,90,85,4770907
8486,Chennai,Anna Nagar,13.874099,77.959336,Plot,2832,4,3,7,No,Fully,0,93,54,32211168
8487,Chennai,Anna Nagar,13.863292,77.274078,Independent House,2923,4,3,1,No,Unfurnished,28,61,41,41831053
8488,Hyderabad,Jubilee Hills,16.861195,77.184232,Independent House,4715,1,1,24,Yes,Fully,3,52,95,44962240
8489,Chennai,Adyar,17.481478,73.537724,Independent House,3290,4,3,4,No,Fully,8,61,33,30853620
8490,Bengaluru,Electronic City,16.409081,73.308658,Independent House,3181,4,3,2,No,Unfurnished,3,67,53,32318960
8491,Pune,Kharadi,16.279255,76.190639,Apartment,4018,5,4,12,No,Semi,8,61,57,17277400
8492,Pune,Wakad,13.473981,74.754065,Villa,4066,1,1,13,No,Unfurnished,6,52,79,29954222
8493,Pune,Hinjewadi,18.600014,79.284692,Villa,900,4,3,14,Yes,Semi,18,87,83,5135400
8494,Pune,Hinjewadi,17.610584,74.839031,Villa,2213,4,3,13,No,Unfurnished,23,73,94,20676059
8495,Bengaluru,HSR Layout,13.263991,73.425907,Plot,4094,1,1,23,No,Semi,11,77,97,46127098
8496,Chennai,OMR,14.771335,73.939011,Plot,2269,1,1,9,Yes,Semi,23,75,79,12279828
8497,Hyderabad,Miyapur,16.696483,73.808401,Independent House,608,4,3,1,Yes,Unfurnished,4,96,16,5579008
8498,Pune,Hinjewadi,14.021399,74.792584,Plot,2893,4,3,6,Yes,Semi,13,90,22,37177943
8499,Mumbai,Thane,18.241208,72.00731,Plot,2308,2,1,15,Yes,Semi,2,97,70,33348292
8500,Mumbai,Bandra,17.282012,79.323618,Independent House,953,4,3,24,No,Semi,23,98,26,10196147
8501,Bengaluru,Electronic City,16.306704,74.695376,Plot,2348,5,4,23,No,Semi,28,77,60,32717032
8502,Chennai,Adyar,13.686453,77.313154,Villa,4923,1,1,15,Yes,Fully,21,86,47,43347015
8503,Pune,Baner,17.905604,74.938622,Apartment,2253,2,1,21,Yes,Semi,28,85,95,12558222
8504,Pune,Wakad,12.077237,72.677868,Independent House,4226,3,2,1,No,Unfurnished,26,87,16,41926146
8505,Bengaluru,HSR Layout,13.864286,75.469901,Plot,4867,3,2,2,No,Fully,29,62,32,58642483
8506,Hyderabad,Banjara Hills,18.006679,79.840419,Apartment,1454,3,2,4,Yes,Unfurnished,13,62,44,15863140
8507,Mumbai,Powai,15.736319,73.363928,Apartment,1564,1,1,25,Yes,Fully,24,80,2,9612344
8508,Bengaluru,Indiranagar,12.617087,74.537038,Apartment,4263,4,3,4,Yes,Unfurnished,17,76,43,28472577
8509,Chennai,Anna Nagar,16.041533,77.963366,Apartment,1049,3,2,22,Yes,Unfurnished,1,66,68,8215768
8510,Chennai,OMR,13.998557,75.034932,Villa,2907,4,3,16,Yes,Fully,20,93,5,26549631
8511,Pune,Baner,16.586939,73.823589,Villa,4372,5,4,8,Yes,Unfurnished,16,74,92,60783916
8512,Mumbai,Andheri,12.161749,79.905219,Plot,4576,5,4,24,No,Semi,16,84,32,18940064
8513,Hyderabad,Jubilee Hills,16.658908,77.778914,Villa,1993,1,1,22,Yes,Unfurnished,21,92,25,17486582
8514,Bengaluru,HSR Layout,12.387791,78.684879,Plot,4605,1,1,15,Yes,Semi,14,91,3,65473890
8515,Pune,Baner,13.853594,73.379582,Villa,4979,5,4,17,Yes,Fully,17,91,73,22226256
8516,Mumbai,Thane,13.519521,74.773918,Villa,1227,3,2,9,Yes,Semi,18,59,67,8460165
8517,Pune,Hinjewadi,17.90536,79.070489,Plot,1220,4,3,3,No,Fully,0,68,51,10532260
8518,Chennai,OMR,16.327401,79.484908,Apartment,1259,1,1,5,Yes,Semi,18,84,6,9776135
8519,Mumbai,Bandra,14.323027,76.108869,Apartment,4569,3,2,17,Yes,Unfurnished,12,65,38,41532210
8520,Bengaluru,Indiranagar,17.054601,74.536297,Villa,2066,4,3,13,Yes,Unfurnished,18,97,84,24907696
8521,Bengaluru,Whitefield,12.315341,77.982927,Independent House,3678,5,4,23,No,Semi,28,62,80,32693742
8522,Mumbai,Powai,17.854863,79.51145,Apartment,1114,5,4,0,No,Semi,5,64,9,15636104
8523,Bengaluru,Electronic City,18.581724,78.102677,Independent House,1529,4,3,0,No,Unfurnished,13,98,42,16452040
8524,Mumbai,Andheri,15.927635,75.283629,Plot,3249,4,3,12,No,Semi,8,59,73,14916159
8525,Hyderabad,Kondapur,15.313916,78.072934,Independent House,1004,4,3,24,No,Semi,28,98,80,5113372
8526,Mumbai,Andheri,12.307484,74.327993,Plot,1549,4,3,23,No,Unfurnished,9,54,79,14428935
8527,Chennai,OMR,13.936847,78.090555,Apartment,4342,1,1,4,No,Semi,3,50,15,51430990
8528,Chennai,Adyar,13.477052,73.15297,Plot,4545,4,3,24,Yes,Semi,20,92,52,40355055
8529,Chennai,Adyar,12.257569,74.702367,Independent House,1906,5,4,22,Yes,Semi,5,95,37,25835830
8530,Chennai,Velachery,16.249839,76.861684,Plot,1352,3,2,22,No,Unfurnished,2,84,20,5491824
8531,Mumbai,Andheri,17.543359,77.849204,Apartment,3646,5,4,3,No,Unfurnished,17,57,23,35986020
8532,Chennai,OMR,16.618298,76.708238,Independent House,1492,3,2,8,No,Fully,14,96,69,19613832
8533,Mumbai,Bandra,14.732952,78.829222,Apartment,4180,2,1,20,No,Semi,27,57,4,26668400
8534,Pune,Hinjewadi,15.719505,77.4715,Independent House,2730,5,4,24,Yes,Fully,28,77,35,36177960
8535,Mumbai,Thane,16.390423,76.872951,Villa,743,2,1,12,Yes,Unfurnished,4,99,11,3003206
8536,Pune,Wakad,18.974319,76.594652,Villa,4813,1,1,23,No,Semi,11,74,6,37233368
8537,Pune,Kharadi,16.302587,72.573632,Apartment,3619,1,1,0,No,Unfurnished,17,95,30,25108622
8538,Pune,Baner,13.092602,79.135717,Plot,2209,3,2,10,Yes,Fully,30,82,74,12639898
8539,Hyderabad,Gachibowli,15.374532,73.224347,Apartment,3090,2,1,7,No,Semi,25,89,21,24444990
8540,Bengaluru,HSR Layout,16.538441,75.067042,Villa,3334,3,2,13,No,Fully,1,59,77,49196504
8541,Hyderabad,Gachibowli,13.100658,76.894151,Independent House,3193,5,4,22,No,Semi,24,91,55,28532648
8542,Chennai,Anna Nagar,18.313598,76.351365,Plot,4781,3,2,0,Yes,Semi,12,59,46,30775297
8543,Mumbai,Andheri,16.88898,74.889163,Villa,875,5,4,17,No,Unfurnished,25,58,14,3589250
8544,Mumbai,Powai,17.69196,77.279916,Plot,3470,4,3,18,Yes,Unfurnished,15,76,87,51519090
8545,Hyderabad,Kukatpally,16.731479,73.259242,Independent House,2446,4,3,17,Yes,Semi,3,83,92,33243586
8546,Mumbai,Thane,12.054421,78.054784,Independent House,3992,4,3,10,No,Semi,22,85,59,42878072
8547,Hyderabad,Gachibowli,13.744349,73.833405,Independent House,3655,5,4,19,Yes,Fully,4,55,94,20420485
8548,Bengaluru,Indiranagar,14.874711,73.003893,Apartment,1756,5,4,11,Yes,Semi,19,77,40,20917472
8549,Bengaluru,Indiranagar,18.364582,72.666675,Villa,1729,2,1,8,Yes,Fully,8,77,15,13984152
8550,Bengaluru,Whitefield,14.193892,77.721318,Villa,718,3,2,2,No,Fully,1,96,34,5769130
8551,Pune,Hinjewadi,15.910611,74.266516,Independent House,2936,3,2,2,No,Unfurnished,26,82,57,25011784
8552,Pune,Hinjewadi,18.583759,76.898679,Plot,4413,5,4,7,Yes,Semi,11,66,27,33406410
8553,Hyderabad,Jubilee Hills,18.662011,74.704477,Plot,1248,2,1,15,No,Fully,27,66,80,11529024
8554,Mumbai,Thane,15.876329,76.236118,Apartment,2855,2,1,7,No,Semi,5,56,57,24972685
8555,Pune,Kharadi,12.998738,74.671668,Plot,1665,2,1,16,Yes,Semi,15,73,50,9099225
8556,Hyderabad,Madhapur,17.594807,76.079886,Independent House,3874,5,4,19,Yes,Semi,15,60,29,23828974
8557,Pune,Kharadi,13.633596,75.188889,Villa,4985,5,4,13,No,Unfurnished,22,79,79,64401215
8558,Bengaluru,HSR Layout,15.941322,72.863052,Plot,3518,4,3,21,No,Semi,13,56,100,37751658
8559,Pune,Baner,16.017122,75.260265,Villa,3867,1,1,25,No,Fully,0,100,42,21450249
8560,Pune,Baner,13.666741,73.93672,Villa,1244,1,1,22,Yes,Fully,7,97,96,5484796
8561,Chennai,Adyar,13.317536,74.412207,Plot,3022,2,1,10,No,Unfurnished,28,62,78,29582358
8562,Mumbai,Andheri,18.299968,77.804252,Independent House,4474,2,1,17,Yes,Semi,18,74,10,28400952
8563,Hyderabad,Banjara Hills,17.087795,79.914314,Apartment,3419,2,1,25,No,Fully,17,99,93,18107024
8564,Bengaluru,Indiranagar,15.546179,77.09538,Villa,3804,1,1,25,Yes,Fully,24,78,52,27293700
8565,Pune,Wakad,17.81342,77.890331,Independent House,2368,3,2,13,Yes,Unfurnished,9,70,92,25472576
8566,Bengaluru,Indiranagar,18.565839,76.438012,Independent House,2925,5,4,5,No,Semi,2,62,25,34392150
8567,Chennai,Adyar,18.859806,73.213412,Apartment,1199,3,2,13,Yes,Unfurnished,10,89,38,15626567
8568,Chennai,Velachery,12.773473,77.414027,Independent House,4265,3,2,1,Yes,Semi,25,60,43,23466030
8569,Mumbai,Bandra,12.761408,79.616103,Villa,4975,3,2,5,Yes,Semi,27,86,50,72052925
8570,Hyderabad,Miyapur,12.873355,74.556135,Apartment,4075,2,1,20,No,Unfurnished,5,62,90,41296050
8571,Pune,Kharadi,13.047005,78.503311,Villa,3379,3,2,12,No,Unfurnished,2,82,58,38753751
8572,Hyderabad,Madhapur,12.485363,72.393184,Villa,3561,5,4,20,No,Fully,24,100,15,47852718
8573,Hyderabad,Banjara Hills,14.047443,76.036448,Apartment,2374,1,1,4,Yes,Fully,23,99,18,22173160
8574,Mumbai,Powai,13.742449,73.511677,Independent House,853,5,4,5,Yes,Semi,0,66,85,10327271
8575,Mumbai,Thane,16.681205,74.676001,Plot,4050,2,1,15,No,Semi,21,82,21,21878100
8576,Bengaluru,Electronic City,13.730593,76.167893,Apartment,1166,5,4,21,No,Unfurnished,0,51,28,12048278
8577,Chennai,Anna Nagar,17.996838,79.324334,Villa,3932,3,2,6,No,Fully,3,76,85,23922288
8578,Hyderabad,Madhapur,18.543746,73.987226,Villa,797,2,1,13,No,Unfurnished,6,62,40,10845576
8579,Pune,Kharadi,16.091918,78.540302,Independent House,3352,1,1,19,Yes,Unfurnished,22,53,100,38320064
8580,Chennai,Anna Nagar,15.030681,73.592358,Plot,2923,4,3,7,Yes,Fully,30,92,77,38986974
8581,Pune,Hinjewadi,17.662883,79.073385,Apartment,1259,5,4,25,No,Fully,15,80,5,16944881
8582,Mumbai,Thane,16.137833,74.726073,Apartment,2117,2,1,16,Yes,Fully,13,84,12,27497713
8583,Bengaluru,Electronic City,16.503587,79.717043,Villa,4741,5,4,12,No,Unfurnished,0,60,5,55280060
8584,Chennai,Adyar,18.316167,75.078921,Villa,2921,4,3,1,Yes,Fully,28,57,12,35840670
8585,Chennai,Adyar,13.154789,73.485241,Independent House,684,3,2,25,Yes,Unfurnished,7,65,48,7961076
8586,Pune,Hinjewadi,16.825113,74.465723,Independent House,4698,1,1,2,No,Fully,21,57,12,65706228
8587,Bengaluru,Electronic City,17.524304,77.433415,Villa,2762,5,4,12,Yes,Fully,4,90,78,16867534
8588,Chennai,OMR,15.567359,79.069314,Plot,3087,1,1,25,No,Fully,12,81,2,22893192
8589,Pune,Baner,14.757974,75.625119,Plot,4013,5,4,8,Yes,Semi,26,78,86,51663362
8590,Pune,Kharadi,12.036375,78.013401,Villa,4654,2,1,10,No,Unfurnished,12,72,33,51799020
8591,Pune,Baner,16.3391,74.318837,Apartment,4153,4,3,13,Yes,Unfurnished,22,68,37,27413953
8592,Bengaluru,Electronic City,12.67011,73.521042,Plot,3158,1,1,1,Yes,Unfurnished,10,50,44,33471642
8593,Pune,Hinjewadi,18.350741,79.427321,Independent House,980,5,4,22,Yes,Fully,0,73,2,9377620
8594,Pune,Wakad,13.470653,72.166407,Plot,3066,2,1,19,Yes,Semi,9,61,1,43347108
8595,Chennai,OMR,16.971776,75.635981,Independent House,2056,4,3,2,Yes,Fully,16,52,97,24600040
8596,Bengaluru,HSR Layout,15.889635,72.903323,Plot,1211,2,1,7,Yes,Semi,4,100,58,7278110
8597,Chennai,OMR,12.3785,77.042665,Plot,1986,4,3,11,Yes,Fully,4,79,57,21087348
8598,Pune,Baner,14.702391,77.855938,Plot,1317,4,3,19,Yes,Semi,10,94,99,13116003
8599,Pune,Wakad,13.940975,78.336848,Villa,3938,2,1,18,Yes,Semi,15,99,55,18280196
8600,Chennai,Adyar,14.671291,74.261206,Plot,4350,4,3,13,No,Fully,9,76,35,52526250
8601,Pune,Baner,13.572483,73.083843,Independent House,1178,4,3,4,No,Semi,18,56,24,6243400
8602,Bengaluru,Whitefield,17.008,72.972276,Plot,2735,2,1,22,Yes,Unfurnished,22,64,48,39263660
8603,Mumbai,Bandra,12.206822,77.181899,Villa,1614,4,3,0,No,Semi,5,64,54,21693774
8604,Pune,Kharadi,18.797706,79.010721,Independent House,1066,1,1,12,Yes,Semi,10,70,26,11075740
8605,Bengaluru,Indiranagar,13.339564,72.038944,Apartment,1708,3,2,7,No,Fully,5,56,60,21088676
8606,Pune,Hinjewadi,16.288636,79.078491,Villa,3446,5,4,3,No,Unfurnished,17,63,63,33543364
8607,Mumbai,Andheri,16.523769,75.312309,Plot,3331,2,1,14,No,Fully,13,62,67,19656231
8608,Hyderabad,Gachibowli,13.3262,76.890366,Independent House,4135,4,3,23,No,Unfurnished,25,78,57,52861840
8609,Bengaluru,Indiranagar,15.84356,79.325706,Independent House,3339,5,4,8,No,Fully,15,84,41,19329471
8610,Bengaluru,Electronic City,17.962247,74.488155,Independent House,3999,3,2,0,No,Unfurnished,14,94,71,31752060
8611,Chennai,Adyar,15.779776,78.975577,Apartment,1789,1,1,8,Yes,Semi,7,75,97,8685595
8612,Chennai,Velachery,17.938704,77.505469,Independent House,1660,2,1,25,Yes,Unfurnished,16,74,38,15911100
8613,Hyderabad,Kondapur,17.374243,74.645783,Plot,4900,3,2,2,Yes,Unfurnished,16,91,24,59309600
8614,Mumbai,Thane,13.792098,75.101838,Plot,4053,4,3,11,No,Unfurnished,4,100,14,20098827
8615,Hyderabad,Jubilee Hills,15.427591,75.3133,Villa,2768,4,3,7,No,Fully,4,69,52,23253968
8616,Pune,Wakad,16.059052,76.469558,Independent House,3824,5,4,10,Yes,Unfurnished,27,98,58,21647664
8617,Hyderabad,Jubilee Hills,13.63039,78.911816,Independent House,3629,3,2,14,No,Semi,3,55,32,42306882
8618,Chennai,Velachery,14.287296,73.607937,Plot,2063,4,3,14,Yes,Fully,20,89,56,14674119
8619,Hyderabad,Banjara Hills,15.590865,74.875563,Villa,4728,1,1,22,No,Semi,29,92,4,69047712
8620,Chennai,Anna Nagar,15.882728,72.746412,Plot,3467,3,2,24,No,Semi,28,64,95,30547737
8621,Hyderabad,Kondapur,15.293033,74.719415,Independent House,3540,1,1,24,No,Semi,0,85,60,31860000
8622,Hyderabad,Madhapur,12.840536,72.524987,Plot,3049,1,1,24,Yes,Semi,22,61,37,26325066
8623,Pune,Wakad,14.564002,76.451172,Apartment,761,2,1,22,No,Fully,4,59,81,6892377
8624,Chennai,OMR,16.020711,73.661024,Villa,3660,2,1,2,Yes,Unfurnished,29,94,53,37518660
8625,Pune,Wakad,17.246568,72.819333,Apartment,858,5,4,24,Yes,Semi,16,86,36,12096084
8626,Pune,Hinjewadi,14.087504,75.461633,Independent House,1982,3,2,10,No,Semi,16,64,37,23310302
8627,Hyderabad,Madhapur,15.103256,79.139681,Independent House,1087,5,4,8,No,Fully,19,97,97,5284994
8628,Mumbai,Bandra,18.121843,78.417228,Villa,2737,4,3,23,No,Fully,25,83,31,11777311
8629,Hyderabad,Madhapur,14.206066,77.127011,Villa,1331,3,2,24,Yes,Semi,29,64,34,14278968
8630,Mumbai,Powai,13.018529,78.340307,Plot,3361,2,1,18,Yes,Fully,13,66,66,36265190
8631,Hyderabad,Kukatpally,17.186842,72.264761,Independent House,1671,1,1,7,No,Fully,13,59,16,12858345
8632,Hyderabad,Miyapur,13.952558,74.828047,Independent House,2570,4,3,5,No,Semi,1,97,41,25427580
8633,Mumbai,Bandra,14.29249,73.615153,Villa,3011,2,1,5,No,Semi,14,72,24,42798354
8634,Chennai,OMR,16.430527,72.668698,Villa,1813,4,3,9,Yes,Fully,21,81,87,22102283
8635,Hyderabad,Jubilee Hills,14.470408,79.193436,Independent House,3189,4,3,7,Yes,Semi,13,63,50,21500238
8636,Chennai,Adyar,18.88425,79.86152,Apartment,4416,2,1,4,Yes,Fully,14,55,100,18260160
8637,Bengaluru,Indiranagar,12.245394,75.241234,Apartment,1936,1,1,20,Yes,Fully,28,67,21,20484816
8638,Hyderabad,Kukatpally,14.278318,73.035744,Villa,2662,2,1,4,No,Fully,24,51,32,36136650
8639,Chennai,OMR,16.772251,72.692352,Villa,1051,5,4,23,Yes,Fully,26,97,63,12551042
8640,Bengaluru,Electronic City,15.582206,73.7215,Independent House,4795,4,3,0,No,Unfurnished,12,97,61,42675500
8641,Hyderabad,Kukatpally,13.382395,76.138328,Villa,3267,4,3,1,No,Unfurnished,15,74,62,19954836
8642,Mumbai,Andheri,17.52155,75.580749,Villa,2493,5,4,7,Yes,Unfurnished,23,78,9,16683156
8643,Chennai,Velachery,13.247519,75.128444,Apartment,3610,3,2,25,No,Fully,0,52,74,49503930
8644,Bengaluru,Indiranagar,12.894802,74.566259,Independent House,4712,2,1,11,No,Fully,29,72,35,38181336
8645,Mumbai,Bandra,15.300855,79.822563,Independent House,2550,3,2,14,Yes,Fully,13,50,23,13492050
8646,Mumbai,Bandra,15.595426,72.640596,Independent House,3507,4,3,18,Yes,Fully,20,54,17,49967736
8647,Bengaluru,HSR Layout,15.626819,75.243328,Villa,1808,3,2,19,No,Fully,12,65,40,8757952
8648,Hyderabad,Kondapur,12.192541,76.048921,Independent House,4586,3,2,22,Yes,Fully,21,91,77,44520888
8649,Bengaluru,Whitefield,16.095544,76.366809,Independent House,2054,2,1,16,No,Semi,12,98,71,28269202
8650,Chennai,Anna Nagar,14.138719,77.538928,Villa,1675,4,3,8,Yes,Unfurnished,29,70,45,9921025
8651,Hyderabad,Kukatpally,14.056685,76.101573,Villa,4686,4,3,12,No,Fully,14,88,71,26316576
8652,Bengaluru,Indiranagar,16.658548,76.246455,Apartment,2932,4,3,4,Yes,Semi,20,62,59,42349808
8653,Bengaluru,Electronic City,12.184857,72.813785,Villa,4288,4,3,2,No,Semi,8,78,69,61344128
8654,Bengaluru,Indiranagar,15.060326,76.419681,Apartment,3625,5,4,19,Yes,Unfurnished,12,98,64,21659375
8655,Hyderabad,Kondapur,12.175273,77.982897,Apartment,2027,5,4,0,No,Unfurnished,22,61,2,14835613
8656,Bengaluru,Whitefield,16.384697,77.768887,Plot,2457,4,3,3,Yes,Fully,4,66,51,16668288
8657,Pune,Hinjewadi,13.903191,79.331097,Villa,1468,4,3,20,Yes,Semi,7,78,13,15540248
8658,Pune,Wakad,16.187273,74.545919,Plot,692,3,2,1,No,Unfurnished,4,80,29,6071608
8659,Hyderabad,Jubilee Hills,15.226382,77.335603,Plot,4471,4,3,17,Yes,Semi,26,94,36,20383289
8660,Pune,Kharadi,18.125703,72.197392,Independent House,1195,4,3,8,No,Unfurnished,8,82,6,12818765
8661,Chennai,Anna Nagar,12.331543,76.002848,Independent House,1919,3,2,12,Yes,Semi,21,85,98,27982858
8662,Chennai,Velachery,14.672758,74.277555,Apartment,3821,4,3,16,Yes,Unfurnished,25,74,23,45576888
8663,Mumbai,Powai,14.490964,79.667741,Villa,3120,1,1,16,Yes,Fully,11,67,15,15615600
8664,Bengaluru,Electronic City,12.644825,77.490418,Villa,3106,4,3,19,Yes,Fully,3,97,91,20602098
8665,Bengaluru,Whitefield,12.608185,78.877247,Independent House,4707,5,4,3,Yes,Unfurnished,20,83,100,21134430
8666,Pune,Kharadi,18.641975,78.05218,Independent House,2573,2,1,10,Yes,Fully,4,81,71,24330288
8667,Hyderabad,Jubilee Hills,13.810066,78.783683,Apartment,4729,5,4,9,Yes,Unfurnished,4,73,99,30757416
8668,Bengaluru,Whitefield,18.953524,72.690555,Plot,3303,1,1,25,No,Fully,16,83,38,47127204
8669,Hyderabad,Kukatpally,12.088722,74.830179,Villa,3916,2,1,20,No,Semi,12,87,87,40792972
8670,Bengaluru,Whitefield,12.591883,74.363226,Independent House,2220,3,2,7,No,Semi,13,84,17,16088340
8671,Hyderabad,Banjara Hills,12.196262,73.190859,Villa,4037,3,2,20,No,Fully,8,61,57,36082706
8672,Hyderabad,Kondapur,12.323403,74.38346,Apartment,1802,1,1,23,Yes,Unfurnished,2,70,90,10139854
8673,Bengaluru,Electronic City,13.031021,79.393809,Independent House,3613,5,4,18,Yes,Unfurnished,28,86,83,46174140
8674,Chennai,Adyar,17.901602,73.70899,Villa,3024,3,2,4,Yes,Unfurnished,11,66,7,30049488
8675,Chennai,Anna Nagar,18.870504,75.68416,Independent House,2237,2,1,5,No,Fully,19,74,22,28787953
8676,Hyderabad,Madhapur,16.24513,77.401222,Apartment,1094,1,1,12,Yes,Unfurnished,14,86,91,15756882
8677,Pune,Baner,13.390042,79.14784,Villa,4616,3,2,3,No,Semi,11,65,5,26611240
8678,Mumbai,Powai,15.992753,74.59015,Plot,756,5,4,12,No,Fully,17,95,14,7441308
8679,Mumbai,Thane,15.054787,78.987431,Villa,3583,3,2,2,Yes,Fully,8,81,45,32006939
8680,Hyderabad,Banjara Hills,18.631932,76.980954,Plot,2917,4,3,1,No,Fully,5,99,54,17006110
8681,Mumbai,Powai,15.661678,75.977624,Villa,733,2,1,24,No,Fully,13,88,24,8280701
8682,Pune,Kharadi,15.695576,77.899423,Villa,3761,5,4,2,Yes,Fully,0,96,83,17003481
8683,Mumbai,Powai,14.280958,74.651727,Villa,1976,3,2,9,No,Fully,7,72,68,20465432
8684,Mumbai,Andheri,15.24084,76.178115,Plot,2052,3,2,12,Yes,Unfurnished,11,78,13,29764260
8685,Chennai,OMR,17.523187,72.967978,Villa,945,1,1,14,No,Semi,4,73,14,9274230
8686,Mumbai,Andheri,13.478157,76.792111,Plot,4347,4,3,14,No,Unfurnished,0,52,63,38101455
8687,Bengaluru,Electronic City,17.198835,72.806441,Apartment,1175,4,3,22,Yes,Semi,18,84,28,6757425
8688,Pune,Wakad,13.280832,79.585087,Independent House,1545,2,1,8,Yes,Fully,18,60,98,6538440
8689,Mumbai,Powai,12.204056,74.829216,Plot,3929,4,3,22,No,Unfurnished,7,52,100,29652163
8690,Mumbai,Thane,16.248827,74.635718,Plot,2652,4,3,1,Yes,Fully,23,80,9,27872520
8691,Mumbai,Andheri,12.655947,77.03172,Plot,1709,2,1,8,Yes,Fully,1,70,54,16203029
8692,Mumbai,Powai,12.931112,77.674695,Apartment,3927,2,1,14,No,Semi,0,69,44,42996723
8693,Bengaluru,HSR Layout,15.065029,79.89575,Independent House,3398,3,2,22,No,Unfurnished,21,72,18,21917100
8694,Hyderabad,Jubilee Hills,16.418698,74.021077,Independent House,1242,3,2,4,Yes,Fully,13,74,16,15732414
8695,Bengaluru,Whitefield,12.148084,77.472835,Plot,3121,4,3,23,No,Unfurnished,11,92,28,12718075
8696,Hyderabad,Kondapur,18.726209,73.275705,Independent House,2080,4,3,15,Yes,Fully,11,64,39,30291040
8697,Hyderabad,Kondapur,18.719049,77.648309,Independent House,932,3,2,14,Yes,Unfurnished,21,66,51,9954692
8698,Mumbai,Bandra,14.757078,76.211868,Plot,992,3,2,21,No,Unfurnished,10,58,63,12548800
8699,Chennai,Adyar,16.584166,76.251913,Plot,2876,1,1,15,No,Semi,6,59,18,28348732
8700,Mumbai,Thane,16.88074,74.623124,Apartment,3783,1,1,20,No,Fully,14,66,44,51770355
8701,Bengaluru,Indiranagar,12.875179,76.770621,Villa,1203,5,4,13,Yes,Semi,3,97,86,10557528
8702,Mumbai,Bandra,12.844493,73.056951,Apartment,2142,3,2,21,No,Unfurnished,11,83,64,15236046
8703,Pune,Kharadi,17.851358,73.343063,Independent House,1862,1,1,6,Yes,Semi,23,62,49,15895894
8704,Bengaluru,Whitefield,14.426719,78.056768,Villa,1368,1,1,7,No,Fully,4,90,29,18090432
8705,Chennai,Adyar,13.201092,74.330888,Plot,2089,5,4,24,Yes,Semi,20,68,28,18337242
8706,Mumbai,Bandra,17.623715,73.812079,Villa,539,4,3,21,No,Unfurnished,22,94,59,5345263
8707,Pune,Baner,17.788093,72.805744,Independent House,1128,3,2,13,Yes,Fully,4,58,14,12798288
8708,Mumbai,Thane,17.823998,79.771441,Plot,4545,1,1,22,No,Semi,12,82,6,52276590
8709,Mumbai,Thane,13.922131,77.143339,Independent House,4571,1,1,25,Yes,Unfurnished,23,85,76,46107677
8710,Bengaluru,Whitefield,12.578215,77.237721,Plot,2900,3,2,1,No,Semi,22,74,7,24603600
8711,Chennai,OMR,15.796441,73.571289,Apartment,4778,5,4,7,Yes,Fully,17,72,4,40665558
8712,Pune,Kharadi,13.353073,79.361328,Villa,1367,3,2,25,No,Unfurnished,14,68,66,8823985
8713,Bengaluru,Whitefield,13.074881,74.149721,Independent House,4944,1,1,1,No,Fully,5,94,22,35552304
8714,Bengaluru,Whitefield,12.63855,76.106399,Apartment,2333,2,1,1,No,Semi,18,90,60,18069085
8715,Bengaluru,Whitefield,13.379899,78.564128,Villa,4065,5,4,17,Yes,Unfurnished,2,88,51,35393955
8716,Pune,Hinjewadi,18.815468,75.539179,Villa,1280,2,1,22,Yes,Semi,11,67,15,8099840
8717,Hyderabad,Kondapur,12.523102,74.672115,Villa,1668,3,2,10,No,Semi,21,65,67,14386500
8718,Bengaluru,Electronic City,18.887655,79.175065,Independent House,4999,4,3,3,No,Unfurnished,15,99,35,65926812
8719,Bengaluru,Whitefield,12.06546,75.306554,Plot,2769,1,1,24,No,Unfurnished,16,83,59,30669444
8720,Chennai,Anna Nagar,17.784803,78.023378,Independent House,3966,3,2,11,Yes,Semi,21,74,23,51593694
8721,Bengaluru,Whitefield,18.111502,78.719778,Villa,1022,5,4,18,Yes,Fully,0,92,48,12347804
8722,Mumbai,Bandra,14.471441,78.661822,Apartment,3594,3,2,20,No,Unfurnished,22,64,37,45022038
8723,Chennai,Adyar,13.094918,76.169009,Independent House,1266,5,4,8,Yes,Semi,14,81,24,9321558
8724,Hyderabad,Miyapur,13.15012,77.71775,Villa,3811,3,2,23,No,Fully,22,71,70,25057325
8725,Mumbai,Bandra,13.372433,79.361802,Apartment,2784,5,4,22,Yes,Unfurnished,26,81,64,11795808
8726,Mumbai,Powai,15.678889,79.630465,Independent House,3783,3,2,5,No,Unfurnished,30,54,97,52648011
8727,Bengaluru,Whitefield,15.239398,75.454019,Apartment,1285,1,1,7,Yes,Fully,6,94,27,9093945
8728,Bengaluru,Electronic City,15.979034,77.40914,Villa,3337,1,1,12,Yes,Fully,13,64,86,21356800
8729,Hyderabad,Gachibowli,13.504799,75.293905,Villa,1157,2,1,12,Yes,Unfurnished,4,60,42,5680870
8730,Bengaluru,Indiranagar,12.567402,77.044443,Independent House,3661,4,3,14,No,Semi,13,98,33,36584373
8731,Mumbai,Thane,14.800785,78.107157,Apartment,2462,3,2,0,No,Unfurnished,24,82,53,13619784
8732,Hyderabad,Banjara Hills,13.67819,76.594968,Villa,2013,4,3,20,Yes,Unfurnished,19,91,27,19103370
8733,Chennai,OMR,15.594768,79.960863,Villa,2263,1,1,10,Yes,Unfurnished,20,82,99,30319674
8734,Hyderabad,Madhapur,13.151906,77.776126,Villa,1404,5,4,21,No,Fully,27,87,27,8105292
8735,Chennai,Adyar,16.735863,72.395372,Plot,1330,1,1,9,No,Semi,17,83,37,15921430
8736,Chennai,Anna Nagar,18.60146,72.407321,Villa,788,5,4,9,No,Fully,4,64,88,3164608
8737,Pune,Wakad,14.42993,74.183086,Villa,1605,4,3,10,Yes,Unfurnished,22,66,72,9427770
8738,Mumbai,Powai,16.808548,74.648826,Independent House,2481,5,4,3,Yes,Fully,19,55,5,23745651
8739,Hyderabad,Banjara Hills,15.400568,78.838171,Independent House,857,2,1,14,No,Unfurnished,26,89,30,8728545
8740,Pune,Baner,15.008735,73.328374,Independent House,2587,4,3,11,Yes,Fully,8,62,100,16564561
8741,Mumbai,Bandra,16.903067,73.35869,Plot,1859,1,1,6,No,Fully,13,93,2,27241786
8742,Chennai,Anna Nagar,12.861291,76.726285,Independent House,880,5,4,16,No,Unfurnished,15,85,62,4312000
8743,Bengaluru,HSR Layout,18.548936,74.752863,Independent House,3571,5,4,3,No,Fully,30,76,22,45705229
8744,Hyderabad,Madhapur,15.495935,74.447585,Independent House,4034,1,1,14,No,Unfurnished,13,80,67,34547176
8745,Pune,Hinjewadi,17.280787,72.889935,Villa,723,2,1,2,Yes,Semi,21,88,42,3557883
8746,Bengaluru,Electronic City,16.581867,74.786518,Plot,1818,3,2,12,Yes,Fully,24,63,48,21086982
8747,Bengaluru,Whitefield,16.445423,73.655199,Villa,4065,2,1,7,No,Semi,5,82,21,51670215
8748,Mumbai,Bandra,18.95146,77.401121,Villa,4291,5,4,6,No,Unfurnished,10,76,87,53671828
8749,Chennai,Velachery,17.13119,79.448983,Villa,2855,5,4,4,No,Semi,5,54,16,16130750
8750,Mumbai,Bandra,15.604461,78.614799,Apartment,3951,2,1,9,No,Fully,30,77,87,25811883
8751,Bengaluru,HSR Layout,12.682906,79.519107,Villa,3015,1,1,2,Yes,Fully,16,57,47,24210450
8752,Pune,Hinjewadi,12.9012,74.097866,Plot,508,2,1,12,No,Unfurnished,25,74,7,2420112
8753,Bengaluru,Whitefield,14.043418,79.529134,Independent House,2042,4,3,8,Yes,Semi,18,59,73,26202944
8754,Mumbai,Thane,18.922747,76.768281,Apartment,3234,5,4,21,No,Semi,16,52,92,43393812
8755,Pune,Baner,14.101895,73.388108,Plot,699,2,1,2,Yes,Fully,27,77,52,6295893
8756,Hyderabad,Kondapur,14.336725,79.926344,Villa,1937,1,1,1,Yes,Semi,9,76,35,19222788
8757,Pune,Kharadi,12.33317,74.770381,Plot,3379,3,2,8,No,Semi,18,90,8,40804804
8758,Bengaluru,Electronic City,17.951892,79.843527,Apartment,2148,3,2,7,Yes,Unfurnished,5,51,26,18563016
8759,Mumbai,Bandra,17.953489,74.204612,Independent House,3179,5,4,21,No,Unfurnished,20,64,5,47398890
8760,Chennai,Adyar,14.365232,72.061349,Independent House,2923,3,2,12,No,Fully,22,91,69,36104896
8761,Pune,Wakad,15.601432,72.109567,Plot,3571,1,1,15,Yes,Fully,0,53,92,38913187
8762,Mumbai,Thane,14.920676,77.998416,Independent House,3116,5,4,16,Yes,Semi,12,99,42,23447900
8763,Chennai,Anna Nagar,14.073678,77.320618,Villa,1787,4,3,8,Yes,Unfurnished,26,75,59,17244550
8764,Bengaluru,Whitefield,14.470667,74.032394,Independent House,2790,2,1,16,Yes,Semi,5,50,76,25299720
8765,Hyderabad,Jubilee Hills,18.168602,78.853686,Apartment,4951,3,2,2,Yes,Semi,28,95,47,41345801
8766,Mumbai,Thane,13.553764,78.446662,Independent House,1605,3,2,16,No,Fully,5,95,94,18170205
8767,Pune,Kharadi,14.909502,77.282815,Villa,4986,3,2,22,Yes,Fully,18,73,38,42196518
8768,Hyderabad,Madhapur,16.060086,75.330082,Plot,4601,1,1,15,No,Fully,19,53,97,57300854
8769,Mumbai,Thane,12.296275,76.538781,Apartment,2251,4,3,17,Yes,Unfurnished,23,76,62,18404176
8770,Pune,Wakad,13.37671,79.635031,Plot,861,1,1,25,Yes,Unfurnished,4,82,26,5971035
8771,Bengaluru,Whitefield,13.307213,72.68906,Villa,946,5,4,8,Yes,Fully,19,66,33,9899890
8772,Mumbai,Andheri,12.891017,73.342792,Plot,4722,1,1,7,No,Unfurnished,30,57,53,37053534
8773,Chennai,Anna Nagar,14.483177,79.053223,Independent House,4900,1,1,22,No,Semi,25,90,96,28620900
8774,Chennai,OMR,13.144039,73.019784,Villa,3843,3,2,5,No,Fully,1,97,74,54420723
8775,Pune,Baner,15.691336,74.636639,Villa,2489,3,2,24,No,Fully,24,50,97,11772970
8776,Bengaluru,Whitefield,13.545765,77.892708,Villa,4271,2,1,8,No,Unfurnished,8,69,52,24284906
8777,Chennai,Anna Nagar,12.601278,72.433392,Apartment,1365,4,3,11,No,Semi,0,93,42,16515135
8778,Mumbai,Bandra,15.694442,76.280252,Villa,1248,1,1,17,No,Semi,10,74,19,6352320
8779,Bengaluru,Indiranagar,15.083055,73.036886,Villa,637,3,2,9,Yes,Unfurnished,12,51,77,8390564
8780,Mumbai,Thane,18.011244,75.615525,Plot,2157,2,1,10,No,Fully,17,65,19,16028667
8781,Hyderabad,Miyapur,12.715265,76.236626,Villa,3815,4,3,2,Yes,Fully,25,89,21,19876150
8782,Bengaluru,Electronic City,16.491466,75.321369,Apartment,3029,2,1,11,No,Unfurnished,16,77,95,32201299
8783,Bengaluru,Whitefield,15.822995,72.309236,Plot,3947,2,1,8,Yes,Unfurnished,6,55,28,54188363
8784,Bengaluru,HSR Layout,13.900985,78.380479,Villa,2622,1,1,11,Yes,Fully,22,65,66,29972082
8785,Bengaluru,Whitefield,14.208761,77.820926,Independent House,3462,3,2,0,Yes,Fully,29,87,14,22845738
8786,Bengaluru,HSR Layout,18.145429,79.250472,Independent House,4583,5,4,7,No,Semi,15,60,48,37081053
8787,Pune,Kharadi,12.902451,77.563987,Villa,2528,3,2,12,Yes,Fully,24,50,18,26061152
8788,Mumbai,Powai,17.093874,73.110986,Villa,3809,1,1,19,Yes,Fully,20,84,6,56613167
8789,Pune,Baner,14.709465,73.646928,Apartment,3231,3,2,25,Yes,Fully,11,89,35,34507080
8790,Bengaluru,HSR Layout,13.373776,72.4247,Independent House,2102,1,1,3,No,Unfurnished,26,95,85,8698076
8791,Bengaluru,Whitefield,16.14914,77.726376,Plot,2921,1,1,17,No,Fully,12,70,58,35268154
8792,Bengaluru,Electronic City,13.183335,79.527311,Villa,3745,1,1,2,Yes,Fully,29,68,65,38337565
8793,Hyderabad,Banjara Hills,18.084387,74.294325,Villa,4132,1,1,3,Yes,Fully,17,57,81,20589756
8794,Chennai,Anna Nagar,18.600869,77.265033,Plot,4388,5,4,18,Yes,Unfurnished,20,92,6,47083240
8795,Mumbai,Andheri,18.948595,74.634946,Villa,936,2,1,14,No,Semi,8,80,28,13698360
8796,Pune,Baner,17.129422,72.08812,Villa,989,5,4,9,Yes,Fully,23,60,3,11238007
8797,Hyderabad,Kondapur,16.21733,73.145184,Plot,796,1,1,22,Yes,Semi,0,90,45,5404044
8798,Mumbai,Thane,14.626895,79.191757,Apartment,768,2,1,4,Yes,Semi,12,70,60,3109632
8799,Mumbai,Bandra,16.812154,78.262208,Independent House,3793,4,3,5,No,Unfurnished,20,55,52,44605680
8800,Pune,Wakad,18.266197,72.204483,Apartment,3218,5,4,16,Yes,Semi,26,66,33,30548474
8801,Pune,Wakad,15.042103,77.174533,Plot,4964,3,2,11,No,Unfurnished,30,81,36,27163008
8802,Bengaluru,Indiranagar,12.860027,74.750586,Villa,2332,5,4,22,No,Semi,11,79,5,21186220
8803,Mumbai,Andheri,13.66063,78.470055,Independent House,3754,3,2,17,Yes,Fully,4,82,80,23965536
8804,Hyderabad,Gachibowli,13.502471,75.631852,Plot,2222,4,3,15,Yes,Unfurnished,7,100,45,20609050
8805,Chennai,Adyar,18.870117,78.866156,Villa,789,4,3,0,No,Fully,4,51,37,4488621
8806,Mumbai,Andheri,18.327893,74.324225,Independent House,1548,5,4,23,Yes,Semi,3,90,85,15642540
8807,Hyderabad,Kondapur,15.038502,75.21676,Villa,3148,2,1,3,No,Unfurnished,4,59,66,33264916
8808,Pune,Hinjewadi,18.603113,75.528168,Plot,1454,2,1,19,No,Unfurnished,5,56,72,21395610
8809,Hyderabad,Miyapur,14.171072,79.721096,Independent House,2995,3,2,22,Yes,Semi,14,73,49,38078430
8810,Hyderabad,Banjara Hills,17.407486,76.424459,Villa,4305,1,1,12,Yes,Fully,2,88,16,40617675
8811,Pune,Kharadi,18.711506,73.902897,Plot,4421,1,1,21,Yes,Unfurnished,23,59,93,43334642
8812,Bengaluru,HSR Layout,13.812649,73.285141,Apartment,2096,1,1,22,Yes,Unfurnished,15,96,4,13173360
8813,Hyderabad,Banjara Hills,13.340536,74.108571,Villa,1286,2,1,2,Yes,Unfurnished,6,98,62,17306988
8814,Pune,Hinjewadi,17.509128,72.868355,Independent House,650,3,2,2,Yes,Semi,27,78,72,3787550
8815,Chennai,OMR,13.732552,78.271945,Plot,3745,3,2,25,No,Semi,30,90,82,17122140
8816,Bengaluru,Whitefield,13.303165,74.663493,Apartment,1546,2,1,1,No,Semi,2,84,70,16497366
8817,Mumbai,Thane,14.591155,78.84839,Apartment,4840,3,2,17,Yes,Fully,14,62,66,65804640
8818,Bengaluru,HSR Layout,16.802068,78.739943,Apartment,3046,1,1,25,Yes,Semi,20,68,48,37386604
8819,Bengaluru,Electronic City,18.58847,77.242555,Independent House,1307,2,1,21,Yes,Semi,27,56,69,11006247
8820,Pune,Hinjewadi,18.294847,76.536966,Independent House,1598,4,3,1,No,Fully,23,89,88,8455018
8821,Mumbai,Powai,16.744995,79.250768,Plot,2288,4,3,4,Yes,Fully,13,92,34,32178432
8822,Hyderabad,Madhapur,13.576099,79.067765,Apartment,1762,4,3,0,No,Semi,4,58,83,25009828
8823,Pune,Wakad,14.344571,72.047431,Independent House,3240,1,1,15,Yes,Unfurnished,4,51,81,23988960
8824,Bengaluru,Indiranagar,18.516513,72.643352,Apartment,516,5,4,11,No,Unfurnished,24,86,28,4445856
8825,Hyderabad,Kukatpally,14.933141,78.49307,Apartment,1690,2,1,0,Yes,Fully,5,58,43,23597470
8826,Chennai,Velachery,17.877217,73.102061,Plot,3789,4,3,2,Yes,Fully,25,97,12,28246995
8827,Chennai,Adyar,17.205173,73.751744,Villa,1345,3,2,12,No,Unfurnished,22,97,75,11698810
8828,Bengaluru,Whitefield,12.103429,75.887921,Plot,1423,2,1,9,Yes,Unfurnished,5,98,23,13797408
8829,Hyderabad,Miyapur,15.850804,76.210168,Plot,726,5,4,5,No,Fully,20,74,74,8166774
8830,Hyderabad,Banjara Hills,16.9768,78.66811,Plot,4491,3,2,18,Yes,Unfurnished,23,71,70,61351551
8831,Hyderabad,Jubilee Hills,13.270699,76.726028,Plot,3351,2,1,10,Yes,Fully,15,82,99,13715643
8832,Bengaluru,Electronic City,15.864421,79.979746,Villa,1110,2,1,3,No,Unfurnished,1,57,50,16612260
8833,Hyderabad,Kondapur,16.822162,77.712616,Villa,1019,4,3,2,Yes,Semi,2,63,88,14741873
8834,Hyderabad,Miyapur,12.150851,74.775193,Villa,3333,2,1,16,No,Semi,10,56,42,30103656
8835,Hyderabad,Gachibowli,13.931241,73.396059,Apartment,792,5,4,9,Yes,Semi,1,58,11,3448368
8836,Pune,Wakad,14.638346,77.365895,Independent House,4456,1,1,9,No,Semi,25,55,91,65093248
8837,Pune,Hinjewadi,13.232452,78.374733,Villa,1881,3,2,0,Yes,Unfurnished,10,65,91,17743473
8838,Hyderabad,Kondapur,17.088601,73.789946,Independent House,1566,1,1,1,Yes,Semi,16,89,97,16339644
8839,Bengaluru,Electronic City,18.933695,79.554193,Independent House,2172,5,4,16,Yes,Semi,24,70,82,31572192
8840,Mumbai,Bandra,18.643143,77.77384,Apartment,2883,2,1,23,Yes,Semi,4,67,91,13691367
8841,Pune,Wakad,15.1343,76.950413,Plot,3351,4,3,25,Yes,Fully,5,73,69,39870198
8842,Chennai,Anna Nagar,12.689473,78.334247,Independent House,3571,3,2,4,No,Unfurnished,29,59,18,14455408
8843,Hyderabad,Madhapur,12.592251,76.20765,Independent House,2811,1,1,7,No,Fully,0,94,87,12798483
8844,Chennai,Adyar,13.41937,75.909305,Plot,2578,2,1,15,No,Unfurnished,29,58,35,14292432
8845,Chennai,Adyar,16.59334,79.099641,Villa,3943,5,4,13,No,Fully,12,93,13,56262667
8846,Mumbai,Powai,15.747971,76.258932,Apartment,3040,4,3,8,No,Unfurnished,1,98,87,16677440
8847,Pune,Wakad,16.594242,75.594554,Plot,3013,4,3,14,No,Semi,11,53,66,29846778
8848,Hyderabad,Miyapur,15.43119,77.555428,Apartment,1856,5,4,5,No,Semi,5,78,93,16444160
8849,Hyderabad,Kukatpally,17.726901,74.16764,Apartment,4804,5,4,23,Yes,Fully,22,60,98,21690060
8850,Chennai,Velachery,16.582765,72.908356,Villa,1366,5,4,2,No,Fully,25,99,72,5992642
8851,Pune,Wakad,17.603127,79.950497,Independent House,3399,3,2,3,No,Semi,18,61,14,25376934
8852,Mumbai,Bandra,12.030184,76.890284,Plot,2320,4,3,18,Yes,Fully,10,80,41,26830800
8853,Hyderabad,Jubilee Hills,18.358957,76.073059,Independent House,2059,3,2,18,Yes,Semi,24,73,78,14935986
8854,Chennai,OMR,14.351458,76.089732,Independent House,3307,1,1,21,No,Semi,3,98,96,22745546
8855,Bengaluru,Electronic City,13.33906,73.554034,Independent House,746,3,2,15,Yes,Semi,17,93,75,7913568
8856,Pune,Baner,12.822188,77.695744,Villa,540,5,4,3,No,Unfurnished,26,52,100,3124440
8857,Bengaluru,Whitefield,13.64268,74.464409,Apartment,1279,4,3,19,Yes,Fully,0,74,40,6652079
8858,Pune,Hinjewadi,18.879016,74.480494,Independent House,4420,5,4,21,Yes,Semi,5,98,82,22422660
8859,Pune,Baner,12.489082,73.005632,Independent House,2985,1,1,3,No,Unfurnished,22,71,88,41581050
8860,Mumbai,Powai,15.373731,76.559253,Apartment,1083,1,1,1,No,Semi,24,76,53,14210043
8861,Pune,Wakad,14.485978,79.363938,Independent House,2681,5,4,8,Yes,Semi,12,91,72,24147767
8862,Pune,Wakad,15.829364,78.71121,Villa,1878,1,1,0,No,Unfurnished,10,77,4,13970442
8863,Mumbai,Andheri,14.195517,74.255466,Plot,1178,2,1,7,Yes,Fully,2,100,70,12234708
8864,Bengaluru,HSR Layout,17.660007,75.128924,Apartment,1443,1,1,3,Yes,Unfurnished,20,75,68,16683966
8865,Hyderabad,Miyapur,16.309607,79.078953,Independent House,2713,4,3,9,Yes,Unfurnished,19,67,19,11147717
8866,Pune,Wakad,16.83408,77.13581,Independent House,929,4,3,0,Yes,Semi,25,62,62,13323718
8867,Hyderabad,Gachibowli,16.691827,76.36365,Villa,4849,4,3,10,No,Fully,29,95,36,33181707
8868,Chennai,Velachery,16.704966,75.767773,Plot,540,3,2,18,No,Unfurnished,19,61,48,6325020
8869,Pune,Kharadi,16.07215,79.234648,Independent House,4864,2,1,14,No,Unfurnished,6,62,72,54121728
8870,Chennai,OMR,12.440768,73.361812,Villa,4528,3,2,7,Yes,Semi,18,74,68,34639200
8871,Chennai,OMR,14.016747,78.550836,Apartment,1401,3,2,20,No,Unfurnished,22,90,48,10033962
8872,Bengaluru,Whitefield,13.966222,75.473181,Villa,4778,2,1,13,No,Unfurnished,10,98,56,19752252
8873,Mumbai,Thane,12.548194,73.159522,Independent House,639,5,4,23,Yes,Unfurnished,10,80,14,8897436
8874,Mumbai,Andheri,14.165669,78.081921,Independent House,1408,3,2,25,Yes,Fully,3,64,9,7738368
8875,Mumbai,Thane,15.229996,78.801848,Independent House,2147,3,2,6,No,Semi,22,61,7,31801364
8876,Bengaluru,Electronic City,12.759403,77.928069,Villa,1764,3,2,10,No,Fully,6,71,41,7343532
8877,Mumbai,Thane,17.253481,74.215291,Villa,3390,3,2,10,No,Fully,11,51,60,36432330
8878,Mumbai,Bandra,18.702178,73.417052,Independent House,3936,4,3,16,Yes,Semi,22,52,91,46625856
8879,Chennai,OMR,17.534621,77.114755,Plot,3322,2,1,10,Yes,Fully,16,52,62,39508546
8880,Hyderabad,Miyapur,12.06737,74.859847,Independent House,1257,5,4,11,Yes,Semi,22,80,39,5602449
8881,Mumbai,Thane,15.456745,74.021616,Plot,4737,4,3,7,No,Fully,3,54,24,62139966
8882,Mumbai,Powai,14.113024,75.135672,Apartment,1208,4,3,22,No,Semi,30,87,17,14078032
8883,Hyderabad,Madhapur,16.655893,72.090812,Villa,3366,2,1,18,Yes,Fully,22,85,74,17947512
8884,Chennai,Velachery,17.477248,78.722594,Independent House,2647,2,1,18,Yes,Fully,21,51,52,34604231
8885,Pune,Wakad,13.360914,73.265186,Independent House,3896,4,3,8,Yes,Fully,10,98,96,25016216
8886,Bengaluru,Electronic City,18.062985,74.62264,Independent House,3397,1,1,18,No,Semi,25,56,33,30851554
8887,Bengaluru,Electronic City,17.947424,78.406085,Independent House,3403,2,1,17,No,Unfurnished,3,56,43,46787847
8888,Bengaluru,Electronic City,12.152267,78.346434,Villa,1942,3,2,20,Yes,Semi,5,62,64,25723732
8889,Hyderabad,Kondapur,16.030339,72.826565,Independent House,4190,3,2,11,Yes,Unfurnished,13,54,18,39846900
8890,Chennai,Adyar,18.144933,74.174731,Apartment,697,2,1,17,Yes,Fully,5,82,34,3804226
8891,Pune,Wakad,15.99281,75.944876,Villa,1529,2,1,18,No,Semi,18,98,57,9570011
8892,Chennai,Anna Nagar,15.343733,78.105172,Plot,2970,1,1,22,Yes,Fully,26,72,61,29789100
8893,Mumbai,Bandra,12.783885,72.173839,Independent House,2623,4,3,1,Yes,Unfurnished,8,61,77,31483869
8894,Chennai,Adyar,16.234245,73.156689,Villa,1726,2,1,21,Yes,Fully,4,99,9,17924510
8895,Mumbai,Bandra,13.962814,75.876674,Independent House,4736,5,4,11,No,Fully,28,83,11,70964224
8896,Bengaluru,Electronic City,12.134541,75.848723,Apartment,3738,4,3,19,Yes,Fully,27,93,21,41839434
8897,Mumbai,Powai,18.693182,79.933361,Plot,4469,3,2,20,Yes,Fully,25,62,84,58472396
8898,Pune,Hinjewadi,15.829571,76.131949,Apartment,2012,5,4,9,Yes,Semi,18,92,21,15096036
8899,Mumbai,Bandra,14.52444,73.623174,Independent House,4796,2,1,7,Yes,Semi,19,74,63,45725064
8900,Mumbai,Andheri,15.204949,78.123678,Independent House,2702,2,1,0,No,Semi,29,89,34,14769132
8901,Chennai,OMR,16.9185,73.862458,Apartment,1219,3,2,23,Yes,Unfurnished,28,78,77,9218078
8902,Mumbai,Powai,13.863747,75.772512,Plot,3909,2,1,21,Yes,Fully,16,93,85,19861629
8903,Hyderabad,Kondapur,16.092342,75.057859,Independent House,3354,5,4,12,Yes,Unfurnished,27,94,22,47241090
8904,Bengaluru,Whitefield,13.748309,75.722467,Independent House,4224,1,1,25,No,Semi,18,61,95,47984640
8905,Chennai,OMR,15.234795,77.630082,Plot,1190,4,3,2,Yes,Semi,17,50,64,12943630
8906,Hyderabad,Madhapur,18.7154,76.917514,Independent House,3772,3,2,20,No,Fully,29,100,31,38334836
8907,Chennai,Anna Nagar,13.737304,76.473019,Apartment,4696,5,4,12,Yes,Fully,9,80,6,49068504
8908,Pune,Wakad,17.115975,72.695502,Apartment,1474,5,4,11,Yes,Semi,22,100,3,19135468
8909,Mumbai,Powai,17.008804,76.828894,Plot,1499,4,3,3,Yes,Fully,15,74,96,20461350
8910,Bengaluru,Whitefield,15.849447,79.959601,Apartment,2471,2,1,8,Yes,Fully,29,85,71,13051822
8911,Hyderabad,Gachibowli,12.790545,78.690273,Villa,3220,2,1,24,Yes,Semi,2,52,25,46132940
8912,Bengaluru,HSR Layout,18.426228,76.902681,Apartment,560,3,2,1,No,Unfurnished,26,69,75,6118560
8913,Chennai,OMR,17.131671,78.09963,Apartment,667,3,2,14,Yes,Semi,10,94,41,5426045
8914,Chennai,Anna Nagar,14.542511,72.926862,Plot,4591,4,3,24,Yes,Fully,7,56,12,39335688
8915,Hyderabad,Gachibowli,16.023974,77.388533,Apartment,3060,4,3,14,Yes,Fully,0,53,31,24917580
8916,Hyderabad,Kukatpally,18.127908,78.717801,Villa,3096,3,2,6,No,Unfurnished,8,92,78,22006368
8917,Bengaluru,Indiranagar,13.715635,72.202296,Apartment,797,2,1,23,No,Unfurnished,4,76,22,4843369
8918,Bengaluru,Indiranagar,18.223578,75.75884,Plot,3490,4,3,5,Yes,Unfurnished,18,90,75,40477020
8919,Hyderabad,Madhapur,18.60336,79.728004,Villa,1142,2,1,7,Yes,Semi,28,72,27,11648400
8920,Hyderabad,Miyapur,15.134319,79.388249,Plot,4590,4,3,3,Yes,Fully,1,96,87,37973070
8921,Mumbai,Bandra,18.511095,78.62907,Plot,901,4,3,1,Yes,Unfurnished,21,58,96,7314318
8922,Pune,Hinjewadi,17.607434,72.568105,Independent House,4796,5,4,20,No,Semi,4,88,24,30521744
8923,Bengaluru,Indiranagar,14.584508,74.265554,Villa,4084,1,1,11,Yes,Unfurnished,12,89,22,31630580
8924,Pune,Wakad,12.749425,74.384967,Independent House,3596,4,3,12,Yes,Semi,28,61,28,45485804
8925,Mumbai,Thane,15.792734,79.242,Plot,986,1,1,15,No,Semi,30,70,16,8885832
8926,Hyderabad,Gachibowli,17.329488,75.189216,Villa,3091,3,2,24,Yes,Fully,15,66,36,19188928
8927,Bengaluru,HSR Layout,16.208354,77.012661,Plot,4058,2,1,12,No,Unfurnished,20,57,18,36457072
8928,Mumbai,Bandra,16.188999,77.008356,Villa,4962,5,4,19,Yes,Fully,14,77,76,23688588
8929,Pune,Hinjewadi,14.809195,79.9028,Apartment,4023,3,2,22,No,Semi,28,88,28,58112235
8930,Pune,Wakad,12.351597,77.722296,Villa,2592,5,4,17,Yes,Semi,27,61,98,19940256
8931,Hyderabad,Kondapur,14.682409,74.875715,Villa,2699,1,1,6,Yes,Semi,12,79,19,30355653
8932,Hyderabad,Madhapur,16.575091,73.114969,Villa,733,4,3,13,Yes,Unfurnished,9,61,76,7119629
8933,Hyderabad,Miyapur,18.659417,78.506579,Plot,3048,1,1,2,Yes,Semi,12,91,3,31275528
8934,Mumbai,Andheri,12.294274,72.806285,Villa,4771,5,4,11,Yes,Fully,4,88,55,65897052
8935,Mumbai,Thane,13.513317,78.146918,Independent House,979,3,2,13,Yes,Fully,17,51,93,8829601
8936,Pune,Wakad,18.184258,76.914257,Plot,2416,3,2,10,Yes,Semi,13,63,53,34116336
8937,Bengaluru,HSR Layout,16.843471,74.755415,Apartment,4775,2,1,12,Yes,Fully,3,95,94,44617600
8938,Hyderabad,Miyapur,18.313102,79.496335,Independent House,1338,2,1,1,Yes,Fully,27,68,16,9660360
8939,Pune,Baner,14.879391,74.658896,Villa,4021,1,1,6,Yes,Unfurnished,22,59,63,42686936
8940,Mumbai,Thane,12.374518,78.341668,Independent House,2674,1,1,22,Yes,Fully,16,80,45,35705922
8941,Bengaluru,Indiranagar,12.973008,72.059503,Villa,3334,2,1,15,No,Fully,20,86,48,30059344
8942,Mumbai,Powai,15.713253,79.653976,Villa,2685,5,4,20,Yes,Fully,29,73,51,11196450
8943,Pune,Hinjewadi,14.327644,76.835156,Villa,2686,4,3,4,Yes,Semi,16,57,100,15981700
8944,Chennai,Adyar,14.486765,72.24713,Villa,4255,4,3,24,Yes,Semi,27,55,89,58697725
8945,Hyderabad,Gachibowli,12.854725,72.534068,Independent House,4526,2,1,22,No,Unfurnished,27,90,58,24784376
8946,Chennai,Adyar,18.802619,73.568217,Independent House,1185,3,2,18,Yes,Unfurnished,2,99,4,8738190
8947,Pune,Wakad,14.95869,77.806201,Independent House,2009,4,3,25,No,Semi,17,81,38,26765907
8948,Mumbai,Andheri,15.875414,77.966218,Independent House,1088,4,3,4,Yes,Fully,27,65,70,16051264
8949,Bengaluru,Electronic City,17.166894,76.448672,Villa,915,3,2,22,Yes,Fully,13,59,50,12168585
8950,Bengaluru,Indiranagar,15.065418,77.899351,Villa,3624,4,3,9,Yes,Semi,24,74,75,33166848
8951,Pune,Wakad,18.019734,78.850096,Apartment,4961,3,2,0,Yes,Semi,5,64,22,45313774
8952,Chennai,Velachery,18.198676,78.960125,Villa,2853,5,4,5,No,Unfurnished,28,77,15,31465737
8953,Chennai,Velachery,14.698528,78.816368,Plot,4714,5,4,15,No,Unfurnished,20,90,29,28180292
8954,Hyderabad,Miyapur,13.194156,76.236271,Independent House,2474,1,1,13,No,Unfurnished,20,69,55,13344756
8955,Hyderabad,Kondapur,12.350124,78.714746,Independent House,3676,5,4,9,No,Unfurnished,18,80,2,36594580
8956,Hyderabad,Kukatpally,15.928412,73.708876,Plot,2181,1,1,24,Yes,Fully,7,90,51,27247233
8957,Hyderabad,Jubilee Hills,18.741971,72.71072,Villa,1818,4,3,24,Yes,Unfurnished,11,57,93,19599858
8958,Hyderabad,Kondapur,17.109821,77.888309,Apartment,1487,2,1,1,No,Unfurnished,2,86,47,21041050
8959,Pune,Baner,13.122436,79.559447,Apartment,772,2,1,8,Yes,Semi,27,80,22,10105480
8960,Chennai,Anna Nagar,18.999021,78.009157,Apartment,2901,5,4,10,No,Semi,7,70,72,30469203
8961,Mumbai,Bandra,14.214189,78.561844,Apartment,1378,2,1,15,No,Fully,11,88,88,17847856
8962,Bengaluru,Whitefield,17.436953,77.050375,Villa,1801,5,4,18,No,Fully,6,80,68,17918149
8963,Hyderabad,Gachibowli,14.33992,75.131799,Apartment,3371,1,1,17,No,Semi,22,52,21,48110912
8964,Pune,Hinjewadi,18.559972,78.170248,Apartment,3778,4,3,7,No,Unfurnished,22,55,87,39895680
8965,Mumbai,Andheri,15.417102,78.770325,Villa,2920,1,1,4,No,Semi,30,90,71,12953120
8966,Pune,Hinjewadi,17.177821,74.187374,Villa,3624,5,4,11,No,Unfurnished,11,78,57,17036424
8967,Pune,Wakad,15.177777,77.836372,Plot,1471,5,4,25,No,Unfurnished,13,95,89,18427217
8968,Chennai,Velachery,17.55497,77.489952,Apartment,3782,5,4,13,Yes,Fully,24,55,52,29889146
8969,Chennai,OMR,15.195933,79.094814,Villa,2350,2,1,15,No,Semi,11,99,11,21692850
8970,Hyderabad,Jubilee Hills,17.954808,77.535849,Apartment,4205,2,1,22,No,Fully,29,72,43,21252070
8971,Bengaluru,HSR Layout,13.75168,73.454459,Plot,2572,3,2,9,Yes,Unfurnished,13,73,39,12399612
8972,Pune,Baner,16.997156,77.906828,Apartment,2920,2,1,4,Yes,Fully,18,52,6,40415720
8973,Bengaluru,Whitefield,15.973708,73.328908,Plot,2249,5,4,14,Yes,Fully,5,100,58,29416920
8974,Chennai,Adyar,14.27912,72.311456,Apartment,1259,4,3,14,Yes,Fully,3,71,47,14484795
8975,Pune,Wakad,18.512132,75.507297,Independent House,2244,2,1,22,Yes,Semi,1,87,72,24596484
8976,Bengaluru,Indiranagar,15.783894,78.710092,Plot,4701,2,1,23,No,Fully,0,58,72,56929110
8977,Bengaluru,Whitefield,14.260176,77.668493,Independent House,2846,4,3,4,Yes,Semi,28,89,33,40225364
8978,Bengaluru,Indiranagar,17.160297,77.523493,Plot,4963,4,3,10,Yes,Unfurnished,8,66,28,29142736
8979,Pune,Baner,15.41137,76.329242,Villa,3191,2,1,19,Yes,Semi,4,91,70,20744691
8980,Chennai,Adyar,13.316078,79.345319,Villa,4801,4,3,6,Yes,Fully,28,50,17,26280674
8981,Mumbai,Bandra,12.871705,72.621254,Apartment,3186,1,1,0,No,Semi,11,94,91,29311200
8982,Bengaluru,Whitefield,17.04965,72.830014,Plot,4454,2,1,4,Yes,Semi,19,86,32,57006746
8983,Hyderabad,Gachibowli,16.319081,77.870657,Villa,3596,2,1,13,Yes,Semi,4,85,57,27311620
8984,Bengaluru,Indiranagar,17.482299,77.090716,Villa,3051,1,1,18,No,Semi,27,59,20,36489960
8985,Mumbai,Bandra,12.373544,76.852538,Independent House,3711,5,4,7,No,Unfurnished,16,82,60,43645071
8986,Hyderabad,Madhapur,13.371997,75.267525,Apartment,3113,3,2,8,No,Semi,15,67,69,22120978
8987,Pune,Hinjewadi,16.011848,75.69409,Independent House,4101,5,4,24,Yes,Fully,24,80,51,31393155
8988,Hyderabad,Banjara Hills,12.268096,72.839146,Plot,4296,3,2,3,Yes,Semi,4,79,74,29547888
8989,Bengaluru,Whitefield,14.492826,78.20085,Plot,3641,2,1,20,Yes,Unfurnished,18,64,84,38765727
8990,Mumbai,Andheri,14.19921,72.438843,Apartment,3596,2,1,18,Yes,Fully,2,79,83,19080376
8991,Chennai,Velachery,15.681022,73.851571,Apartment,4509,4,3,20,Yes,Fully,9,81,43,27973836
8992,Hyderabad,Miyapur,12.306615,74.396085,Plot,3151,4,3,14,No,Fully,23,59,77,17021702
8993,Bengaluru,Electronic City,15.53981,76.801718,Villa,2977,5,4,14,Yes,Unfurnished,29,66,98,14486082
8994,Chennai,Adyar,14.771701,77.65825,Plot,657,2,1,12,Yes,Fully,17,50,82,9387873
8995,Bengaluru,HSR Layout,13.956165,72.284207,Plot,1578,5,4,23,No,Semi,3,83,79,20608680
8996,Hyderabad,Jubilee Hills,16.183408,79.574058,Villa,969,1,1,8,No,Unfurnished,8,55,3,6657030
8997,Bengaluru,Whitefield,13.294912,76.015841,Villa,3841,4,3,23,No,Unfurnished,19,51,35,46783380
8998,Hyderabad,Jubilee Hills,13.930282,79.717039,Plot,594,1,1,3,No,Fully,9,78,15,6134832
8999,Mumbai,Bandra,16.87555,77.464891,Villa,3895,5,4,1,No,Fully,6,85,16,55277840
9000,Hyderabad,Kondapur,14.64891,77.07654,Apartment,1617,1,1,25,No,Semi,5,60,42,12151755
9001,Hyderabad,Gachibowli,13.3723,73.334131,Independent House,4569,5,4,5,No,Fully,19,95,35,51373836
9002,Chennai,Adyar,17.996999,79.046057,Apartment,3944,4,3,23,Yes,Unfurnished,7,55,66,16588464
9003,Mumbai,Powai,16.193379,73.040289,Independent House,2703,1,1,2,Yes,Unfurnished,23,55,94,23697201
9004,Mumbai,Andheri,17.255234,72.82028,Plot,4800,4,3,12,Yes,Unfurnished,18,60,32,25977600
9005,Mumbai,Andheri,14.854957,76.337917,Plot,4531,3,2,7,Yes,Unfurnished,26,78,41,64204270
9006,Chennai,OMR,13.319261,74.470201,Apartment,4942,3,2,13,No,Unfurnished,24,99,18,71604638
9007,Bengaluru,Electronic City,15.195877,76.408553,Apartment,3049,4,3,22,No,Fully,0,73,11,40731591
9008,Mumbai,Andheri,16.120202,78.413104,Independent House,1680,2,1,10,Yes,Fully,14,69,83,24948000
9009,Bengaluru,Electronic City,12.952076,74.576252,Independent House,4180,2,1,17,No,Unfurnished,21,78,64,45160720
9010,Hyderabad,Banjara Hills,16.621121,78.991206,Apartment,3277,2,1,21,No,Unfurnished,1,82,59,20992462
9011,Chennai,OMR,13.498762,74.642734,Independent House,1758,3,2,8,No,Semi,16,71,54,15294600
9012,Chennai,Anna Nagar,17.052742,78.564107,Villa,1195,5,4,12,No,Unfurnished,24,89,87,9055710
9013,Hyderabad,Miyapur,14.316955,74.510027,Independent House,2117,5,4,23,Yes,Semi,2,68,93,20602644
9014,Hyderabad,Gachibowli,16.964451,75.895924,Villa,1651,3,2,20,No,Fully,16,86,44,14134211
9015,Hyderabad,Miyapur,16.628221,72.599074,Apartment,661,3,2,16,Yes,Semi,20,81,44,2811233
9016,Mumbai,Powai,17.415913,79.799229,Villa,4483,3,2,12,No,Semi,0,84,89,62860626
9017,Chennai,Anna Nagar,12.531578,77.825872,Apartment,4732,1,1,1,Yes,Unfurnished,25,85,35,70487872
9018,Chennai,OMR,14.249792,77.642772,Independent House,2898,5,4,0,Yes,Unfurnished,6,95,63,40348854
9019,Bengaluru,Electronic City,18.16438,76.428903,Plot,1233,5,4,7,No,Fully,11,59,7,15793497
9020,Pune,Wakad,12.927773,78.649695,Apartment,2757,5,4,0,Yes,Semi,16,64,26,24884682
9021,Hyderabad,Miyapur,13.120803,79.736249,Independent House,4872,1,1,13,Yes,Fully,25,74,90,57289848
9022,Bengaluru,Indiranagar,15.284745,75.301224,Apartment,3496,4,3,6,No,Unfurnished,26,84,67,34127952
9023,Mumbai,Andheri,17.142552,73.979116,Apartment,656,5,4,17,Yes,Fully,7,50,95,9672720
9024,Chennai,Anna Nagar,16.926493,76.908392,Plot,1393,5,4,0,No,Fully,28,67,86,18327701
9025,Pune,Kharadi,17.044451,79.684727,Villa,4062,5,4,18,No,Unfurnished,30,52,68,21301128
9026,Hyderabad,Madhapur,18.654354,73.719417,Villa,3131,1,1,13,Yes,Fully,28,100,32,28814593
9027,Pune,Kharadi,16.936331,73.03998,Apartment,2137,1,1,17,No,Fully,8,100,64,18698750
9028,Mumbai,Andheri,18.016336,72.433173,Plot,2874,5,4,8,No,Unfurnished,6,58,4,19086234
9029,Hyderabad,Banjara Hills,15.263042,73.769407,Independent House,595,2,1,21,No,Semi,4,73,30,6885935
9030,Pune,Baner,18.893508,78.709512,Plot,3636,2,1,5,No,Fully,12,71,16,49529592
9031,Mumbai,Bandra,15.558598,79.158907,Plot,4507,3,2,11,Yes,Fully,6,69,43,62741947
9032,Hyderabad,Madhapur,14.397329,77.730322,Independent House,552,5,4,17,Yes,Unfurnished,27,100,51,6551136
9033,Hyderabad,Madhapur,12.337069,74.905742,Apartment,702,2,1,11,No,Fully,22,73,44,8423298
9034,Bengaluru,Electronic City,17.565952,73.922395,Independent House,2135,1,1,0,No,Semi,26,94,32,31736775
9035,Pune,Wakad,15.409837,76.753797,Villa,2903,1,1,20,No,Fully,18,94,34,17836032
9036,Bengaluru,HSR Layout,13.591285,77.101644,Apartment,4399,2,1,5,Yes,Semi,23,86,48,61036125
9037,Bengaluru,Electronic City,16.148483,78.101425,Independent House,4595,4,3,24,No,Semi,15,53,67,34352220
9038,Chennai,Adyar,18.615825,72.444799,Plot,2708,4,3,13,No,Fully,2,81,33,15213544
9039,Bengaluru,Whitefield,12.708684,75.893146,Independent House,2578,5,4,21,Yes,Semi,30,69,86,26638474
9040,Mumbai,Bandra,12.019503,75.823027,Apartment,1093,4,3,19,No,Unfurnished,17,91,66,14633084
9041,Bengaluru,Indiranagar,16.321511,73.226654,Villa,2748,4,3,5,Yes,Fully,5,86,27,23393724
9042,Hyderabad,Gachibowli,13.90224,75.379341,Villa,2789,4,3,9,Yes,Fully,9,69,88,30667844
9043,Mumbai,Andheri,15.85734,74.470754,Apartment,4445,5,4,4,Yes,Unfurnished,20,97,18,20553680
9044,Hyderabad,Madhapur,16.804864,78.54519,Villa,3279,1,1,7,Yes,Semi,27,76,92,26435298
9045,Chennai,Anna Nagar,16.971072,78.654695,Apartment,4447,3,2,7,No,Fully,18,73,75,30960014
9046,Pune,Kharadi,15.586574,72.824856,Independent House,819,4,3,24,No,Unfurnished,30,92,74,8095815
9047,Pune,Wakad,16.507344,78.39626,Plot,4051,1,1,3,No,Fully,6,79,73,53080253
9048,Pune,Baner,16.649325,78.216173,Independent House,897,5,4,14,Yes,Fully,16,69,63,5194527
9049,Bengaluru,Whitefield,16.30351,74.682838,Independent House,4158,4,3,12,No,Unfurnished,1,67,80,58116366
9050,Bengaluru,Electronic City,12.410298,77.346892,Independent House,2452,5,4,17,No,Unfurnished,5,78,15,14915516
9051,Bengaluru,Whitefield,14.698965,75.813216,Independent House,2316,1,1,20,No,Fully,0,61,73,13787148
9052,Hyderabad,Madhapur,13.380799,77.805864,Villa,3201,2,1,8,Yes,Fully,30,57,47,23793033
9053,Bengaluru,HSR Layout,17.256499,74.723869,Villa,3056,2,1,12,Yes,Unfurnished,16,97,42,27562064
9054,Mumbai,Andheri,16.151825,78.383538,Apartment,4379,4,3,10,No,Unfurnished,9,68,39,17945142
9055,Mumbai,Andheri,17.060342,75.896528,Plot,1707,1,1,10,No,Unfurnished,14,69,17,17747679
9056,Mumbai,Bandra,12.868374,78.962551,Plot,1387,5,4,25,No,Semi,22,61,61,16148841
9057,Pune,Wakad,12.491239,72.524935,Independent House,4902,2,1,15,No,Fully,9,52,41,43127796
9058,Bengaluru,Whitefield,13.376306,76.120681,Independent House,3212,4,3,1,Yes,Semi,30,80,13,45889844
9059,Mumbai,Andheri,14.724555,79.891131,Plot,1574,3,2,20,Yes,Fully,3,92,37,20913738
9060,Chennai,OMR,16.004922,72.819454,Villa,1838,5,4,13,No,Fully,2,96,87,11728278
9061,Hyderabad,Kukatpally,17.282442,75.323295,Independent House,4082,1,1,1,No,Semi,9,70,96,47841040
9062,Bengaluru,Electronic City,14.724775,78.290887,Apartment,2463,5,4,14,Yes,Semi,24,78,16,29073252
9063,Bengaluru,Indiranagar,15.827001,73.898932,Independent House,1078,3,2,11,Yes,Semi,7,53,44,11297440
9064,Pune,Hinjewadi,14.605318,79.192432,Plot,2582,2,1,17,Yes,Unfurnished,16,81,7,23083080
9065,Hyderabad,Kondapur,14.043138,74.458701,Villa,4491,3,2,24,No,Fully,26,99,36,24206490
9066,Bengaluru,HSR Layout,13.78455,74.161261,Apartment,982,4,3,23,Yes,Fully,3,62,94,11089726
9067,Hyderabad,Miyapur,17.573468,73.237947,Apartment,4308,5,4,9,No,Unfurnished,21,73,48,61113288
9068,Mumbai,Thane,15.023678,77.04935,Villa,1461,3,2,15,No,Semi,26,65,28,7408731
9069,Mumbai,Bandra,16.570567,76.618999,Apartment,1995,2,1,17,No,Semi,6,63,46,23786385
9070,Hyderabad,Banjara Hills,17.373251,76.586386,Villa,2826,3,2,14,Yes,Fully,19,99,54,14740416
9071,Pune,Kharadi,13.62821,75.915667,Apartment,1586,5,4,11,No,Fully,24,80,41,9411324
9072,Bengaluru,Indiranagar,15.37512,78.677216,Plot,3626,1,1,25,No,Unfurnished,9,82,61,45390268
9073,Pune,Kharadi,15.739864,74.726873,Independent House,1453,1,1,5,No,Semi,13,84,84,20339094
9074,Pune,Kharadi,17.627222,72.037583,Plot,1949,4,3,16,No,Semi,4,53,43,10012013
9075,Hyderabad,Kondapur,18.349727,73.671592,Villa,1717,2,1,23,No,Fully,24,86,23,24965180
9076,Bengaluru,Whitefield,18.459885,74.151005,Independent House,4629,2,1,20,No,Fully,15,83,5,66347457
9077,Bengaluru,HSR Layout,14.388466,78.528876,Apartment,1290,1,1,8,No,Fully,12,95,24,8737170
9078,Bengaluru,Indiranagar,12.963965,73.535184,Apartment,3840,2,1,7,Yes,Unfurnished,5,85,42,33772800
9079,Mumbai,Andheri,12.559838,76.841879,Villa,3409,2,1,10,No,Unfurnished,20,64,89,50524789
9080,Chennai,Adyar,14.566231,73.856736,Plot,1126,2,1,20,No,Semi,8,87,3,11605682
9081,Pune,Baner,15.303799,73.666212,Villa,1268,2,1,2,No,Fully,16,100,84,11385372
9082,Hyderabad,Kukatpally,18.422843,78.327076,Plot,682,5,4,1,No,Semi,9,78,46,4087226
9083,Pune,Hinjewadi,16.03108,78.287596,Independent House,3095,5,4,24,No,Semi,29,86,83,39801700
9084,Bengaluru,HSR Layout,17.209321,74.320676,Independent House,2198,5,4,13,No,Fully,1,68,20,22769082
9085,Mumbai,Andheri,16.004053,72.953557,Villa,3119,5,4,0,No,Semi,19,73,79,34380737
9086,Chennai,Adyar,15.442265,78.472736,Independent House,4544,3,2,17,No,Semi,21,50,16,51297216
9087,Bengaluru,Electronic City,16.719815,79.566227,Independent House,1134,5,4,16,Yes,Semi,29,77,68,11777724
9088,Chennai,Adyar,16.922611,76.685333,Independent House,532,5,4,11,Yes,Fully,21,78,64,5611536
9089,Pune,Wakad,17.796894,74.697441,Plot,3966,4,3,5,No,Fully,10,78,32,35174454
9090,Pune,Hinjewadi,18.21573,76.622009,Plot,2205,3,2,8,No,Semi,16,56,18,10473750
9091,Pune,Hinjewadi,12.000121,74.963151,Villa,2306,5,4,7,Yes,Unfurnished,5,79,38,18584054
9092,Pune,Kharadi,16.846508,73.190799,Plot,1415,5,4,25,No,Semi,4,72,14,8850825
9093,Pune,Hinjewadi,18.22083,77.352182,Apartment,2272,2,1,15,No,Unfurnished,9,98,13,16467456
9094,Hyderabad,Banjara Hills,12.773449,76.721949,Plot,3263,4,3,12,Yes,Unfurnished,17,83,26,25529712
9095,Mumbai,Powai,17.210385,73.348766,Villa,2566,5,4,16,No,Fully,1,60,59,34122668
9096,Pune,Baner,18.369587,79.69324,Independent House,2794,3,2,25,Yes,Unfurnished,30,58,18,23695914
9097,Bengaluru,Whitefield,18.991756,75.380466,Apartment,4025,3,2,14,Yes,Semi,6,58,16,40270125
9098,Hyderabad,Kondapur,18.388933,79.435872,Plot,1168,1,1,12,No,Unfurnished,16,65,80,5135696
9099,Pune,Wakad,14.26936,77.272209,Plot,1439,4,3,2,No,Fully,16,100,61,21205104
9100,Pune,Wakad,17.601887,78.19385,Independent House,972,3,2,15,Yes,Fully,10,87,33,14337000
9101,Hyderabad,Gachibowli,18.614443,72.438337,Plot,3529,4,3,3,Yes,Fully,24,89,99,27720295
9102,Hyderabad,Kondapur,12.000992,76.658958,Plot,2498,1,1,1,No,Fully,13,93,98,30200820
9103,Mumbai,Bandra,12.423729,74.835111,Apartment,3509,3,2,7,No,Semi,5,76,21,18702970
9104,Mumbai,Andheri,15.422817,76.584158,Plot,3856,1,1,10,No,Semi,23,96,7,50849072
9105,Hyderabad,Kukatpally,12.271395,75.011003,Apartment,2454,5,4,17,Yes,Unfurnished,19,95,98,11683494
9106,Mumbai,Andheri,14.649481,73.143742,Plot,4782,2,1,11,No,Unfurnished,4,55,98,66838014
9107,Chennai,Velachery,15.257115,77.937902,Independent House,547,1,1,21,Yes,Semi,10,90,81,3507911
9108,Hyderabad,Banjara Hills,13.650053,78.78011,Apartment,4995,2,1,0,No,Semi,19,90,14,24360615
9109,Hyderabad,Jubilee Hills,14.396953,75.700485,Plot,2668,2,1,7,No,Fully,17,74,67,16891108
9110,Hyderabad,Kukatpally,16.705222,79.275019,Plot,1697,4,3,0,Yes,Fully,16,69,21,25444818
9111,Chennai,OMR,14.822119,78.033073,Independent House,1391,1,1,0,No,Semi,8,96,11,18141422
9112,Hyderabad,Kondapur,14.014156,76.636336,Plot,1758,2,1,4,No,Semi,3,70,25,22433838
9113,Pune,Hinjewadi,15.44928,74.198677,Villa,1798,2,1,14,No,Unfurnished,29,50,17,16270102
9114,Pune,Baner,16.315627,73.957895,Villa,2962,3,2,17,No,Unfurnished,4,88,32,37093126
9115,Mumbai,Thane,12.731871,73.306268,Villa,2925,2,1,24,No,Fully,1,56,35,19541925
9116,Pune,Hinjewadi,14.701912,77.660756,Villa,2829,5,4,3,Yes,Semi,1,94,52,33413319
9117,Pune,Hinjewadi,16.49797,77.017168,Apartment,4145,2,1,2,No,Fully,19,89,21,52239435
9118,Chennai,Anna Nagar,14.207636,75.626182,Independent House,3135,5,4,13,No,Unfurnished,15,92,1,32619675
9119,Mumbai,Bandra,17.769584,77.010133,Independent House,1019,1,1,25,Yes,Fully,2,56,8,4404118
9120,Chennai,Adyar,12.261605,75.808315,Independent House,4382,1,1,14,Yes,Fully,22,87,42,50629628
9121,Pune,Wakad,18.863195,74.795667,Plot,3993,3,2,13,Yes,Unfurnished,24,96,92,58705086
9122,Pune,Kharadi,15.194536,74.002789,Apartment,3672,1,1,21,Yes,Semi,16,87,97,49399416
9123,Pune,Baner,13.354658,78.905418,Independent House,1775,4,3,6,Yes,Fully,3,80,5,7281050
9124,Mumbai,Bandra,12.607325,75.09854,Independent House,3398,4,3,3,Yes,Unfurnished,7,69,2,37112956
9125,Mumbai,Bandra,17.402375,79.870159,Villa,4185,3,2,25,No,Semi,8,82,9,48416265
9126,Bengaluru,Electronic City,18.464906,78.976726,Villa,1684,5,4,12,No,Unfurnished,8,58,95,8468836
9127,Hyderabad,Madhapur,18.054196,78.009978,Plot,647,2,1,22,No,Semi,2,64,67,6059802
9128,Mumbai,Powai,15.616233,75.448768,Plot,1159,2,1,11,No,Fully,11,78,65,14495613
9129,Mumbai,Thane,17.442854,75.362583,Independent House,3402,3,2,18,Yes,Semi,18,87,42,23164218
9130,Hyderabad,Banjara Hills,16.618603,79.194528,Independent House,4114,2,1,3,No,Fully,3,60,50,42785600
9131,Bengaluru,HSR Layout,14.443621,74.780802,Plot,3924,2,1,25,No,Fully,3,73,40,44309808
9132,Chennai,Adyar,17.375745,74.149011,Plot,4325,1,1,21,Yes,Fully,12,78,70,45823375
9133,Pune,Wakad,14.351726,79.420951,Villa,1294,2,1,9,Yes,Unfurnished,11,76,11,5345514
9134,Chennai,Anna Nagar,17.252597,73.465085,Independent House,4167,4,3,18,No,Fully,14,63,54,32798457
9135,Bengaluru,HSR Layout,16.278928,78.396712,Villa,4302,5,4,21,No,Semi,27,65,68,50716278
9136,Mumbai,Powai,13.869255,74.784417,Apartment,4645,3,2,22,No,Fully,29,96,85,46779795
9137,Mumbai,Bandra,17.407901,78.754369,Apartment,2398,2,1,6,No,Unfurnished,11,78,44,18469396
9138,Mumbai,Bandra,16.602601,78.335793,Apartment,626,1,1,6,No,Unfurnished,9,86,23,3228282
9139,Hyderabad,Jubilee Hills,14.387716,78.379881,Villa,559,5,4,25,No,Unfurnished,12,65,89,6857812
9140,Bengaluru,Electronic City,15.104595,73.683434,Apartment,1307,3,2,22,No,Fully,26,67,9,12617778
9141,Mumbai,Thane,14.76312,76.81035,Independent House,3028,1,1,15,Yes,Unfurnished,1,67,43,25395836
9142,Pune,Kharadi,14.526348,76.107816,Villa,4435,4,3,15,No,Fully,5,50,100,25168625
9143,Chennai,Adyar,12.297251,74.349933,Apartment,2139,4,3,21,Yes,Unfurnished,10,92,96,20264886
9144,Chennai,Adyar,12.605813,79.287222,Independent House,755,3,2,5,Yes,Fully,8,65,15,4611540
9145,Bengaluru,HSR Layout,13.096434,72.277359,Independent House,774,1,1,2,Yes,Unfurnished,23,95,44,3372318
9146,Mumbai,Bandra,15.997792,75.574381,Plot,4571,4,3,5,Yes,Semi,20,74,100,19211913
9147,Bengaluru,Indiranagar,12.704419,76.407336,Villa,1117,3,2,7,No,Semi,29,64,76,13949096
9148,Chennai,OMR,14.65544,79.006766,Plot,1143,3,2,23,Yes,Semi,7,90,14,6176772
9149,Chennai,OMR,16.663107,73.806123,Villa,4244,3,2,21,Yes,Unfurnished,14,51,30,50108908
9150,Hyderabad,Kondapur,15.360421,79.325702,Plot,3179,3,2,16,Yes,Semi,20,82,69,40929625
9151,Pune,Hinjewadi,17.497616,75.075023,Plot,1083,2,1,18,No,Semi,18,74,98,14843598
9152,Pune,Wakad,17.298154,74.382924,Plot,3549,2,1,10,No,Fully,20,96,19,16126656
9153,Bengaluru,HSR Layout,13.406222,72.340945,Villa,2717,1,1,5,Yes,Semi,22,70,55,38206454
9154,Mumbai,Powai,18.555776,74.251139,Independent House,4531,3,2,10,Yes,Fully,6,90,10,46932098
9155,Chennai,Velachery,15.994583,75.024151,Plot,1678,5,4,0,No,Semi,9,96,56,17838818
9156,Hyderabad,Jubilee Hills,13.263787,79.146896,Apartment,4487,3,2,17,Yes,Unfurnished,9,87,43,43725815
9157,Pune,Hinjewadi,17.98214,74.12767,Independent House,4498,2,1,10,No,Unfurnished,11,80,69,23439078
9158,Hyderabad,Kukatpally,13.458717,77.452712,Plot,4870,2,1,9,No,Unfurnished,15,63,39,56944910
9159,Chennai,OMR,15.663606,79.815586,Independent House,1945,3,2,8,No,Unfurnished,3,67,53,20939870
9160,Chennai,OMR,17.054636,77.881455,Apartment,1066,2,1,22,Yes,Unfurnished,7,51,88,6685952
9161,Mumbai,Thane,13.971129,77.230709,Plot,2369,3,2,4,Yes,Unfurnished,26,61,66,30240285
9162,Hyderabad,Kukatpally,17.715347,79.714095,Apartment,1603,5,4,3,No,Fully,0,52,51,17854214
9163,Hyderabad,Madhapur,16.663013,76.832863,Apartment,2690,5,4,9,Yes,Semi,26,70,84,34539600
9164,Chennai,Anna Nagar,15.862269,77.574096,Villa,1714,3,2,25,No,Fully,29,78,32,25396338
9165,Hyderabad,Kondapur,15.254255,73.158697,Plot,4561,5,4,24,No,Semi,22,84,80,19917887
9166,Pune,Wakad,18.98395,76.087631,Villa,3142,3,2,13,No,Semi,11,62,44,40271014
9167,Pune,Baner,13.6538,74.156387,Independent House,2299,4,3,9,Yes,Semi,2,74,15,21960048
9168,Bengaluru,Whitefield,18.916888,79.712673,Plot,4796,4,3,3,No,Unfurnished,7,72,95,40948248
9169,Hyderabad,Banjara Hills,14.999487,76.945622,Villa,3618,5,4,24,Yes,Unfurnished,7,100,3,50442156
9170,Chennai,Velachery,13.030793,75.787442,Plot,3130,3,2,10,No,Unfurnished,26,94,76,16886350
9171,Mumbai,Powai,16.397708,78.950805,Apartment,2773,5,4,3,Yes,Semi,1,83,42,37690616
9172,Bengaluru,Electronic City,15.228491,79.58451,Plot,550,4,3,1,Yes,Unfurnished,5,59,74,4166250
9173,Chennai,Adyar,17.697043,76.415957,Villa,1822,2,1,14,Yes,Unfurnished,11,68,82,17494844
9174,Pune,Wakad,18.83781,77.301331,Plot,1505,3,2,15,Yes,Semi,2,58,88,16803325
9175,Bengaluru,Indiranagar,15.111052,79.099034,Villa,2644,1,1,18,Yes,Fully,21,87,47,23568616
9176,Chennai,OMR,16.76883,75.142219,Villa,527,2,1,23,Yes,Fully,13,89,85,3762780
9177,Bengaluru,Electronic City,17.589766,78.266707,Independent House,4580,2,1,21,No,Fully,21,90,86,53924920
9178,Mumbai,Thane,13.531661,78.85002,Plot,675,3,2,20,No,Semi,21,56,24,7024050
9179,Chennai,Velachery,14.65361,77.287916,Apartment,4074,2,1,22,No,Semi,19,62,82,52041276
9180,Hyderabad,Madhapur,18.51139,72.59667,Villa,2472,2,1,10,No,Unfurnished,5,83,57,25956000
9181,Hyderabad,Kukatpally,12.940358,73.764323,Villa,2084,3,2,16,Yes,Semi,6,51,61,21100500
9182,Chennai,Adyar,15.726118,77.020199,Villa,2021,2,1,11,No,Fully,14,83,97,18676061
9183,Mumbai,Thane,15.899915,78.110734,Apartment,4068,4,3,25,Yes,Fully,22,73,56,53241984
9184,Chennai,Velachery,17.24448,79.586233,Independent House,1240,4,3,17,Yes,Fully,26,65,62,10850000
9185,Bengaluru,HSR Layout,15.109731,75.87009,Independent House,1966,1,1,20,Yes,Unfurnished,23,52,33,25982656
9186,Bengaluru,Whitefield,16.486216,79.426021,Independent House,3653,4,3,6,No,Semi,15,77,91,38919062
9187,Mumbai,Andheri,18.85722,74.339804,Independent House,2515,4,3,14,Yes,Fully,15,57,40,11963855
9188,Chennai,Anna Nagar,15.004157,75.167555,Villa,1154,1,1,14,No,Semi,14,76,43,8042226
9189,Hyderabad,Madhapur,18.865938,72.617699,Plot,2595,2,1,3,No,Semi,10,57,84,33716835
9190,Hyderabad,Madhapur,14.653634,77.809627,Apartment,842,2,1,6,Yes,Semi,7,63,1,8153086
9191,Bengaluru,Whitefield,13.420537,77.267941,Independent House,2847,5,4,13,Yes,Semi,22,94,31,26579592
9192,Pune,Wakad,15.04595,79.781427,Apartment,2372,2,1,4,No,Fully,13,53,71,24898884
9193,Pune,Kharadi,15.046504,79.990518,Independent House,3059,4,3,19,No,Fully,14,78,27,35120379
9194,Pune,Baner,13.453962,72.381674,Plot,2955,5,4,1,No,Semi,7,91,77,20182650
9195,Chennai,Velachery,15.355965,74.399821,Apartment,983,3,2,19,No,Semi,6,69,77,7816816
9196,Chennai,Adyar,18.096975,77.463083,Independent House,2531,5,4,5,No,Fully,6,91,94,31014874
9197,Hyderabad,Gachibowli,18.315192,78.688853,Apartment,2160,4,3,18,No,Unfurnished,15,54,16,23922000
9198,Mumbai,Andheri,12.124991,76.0657,Plot,1109,1,1,18,Yes,Semi,2,87,31,13492094
9199,Pune,Kharadi,14.637379,73.44792,Plot,791,2,1,10,No,Semi,15,93,62,5930127
9200,Pune,Kharadi,13.355667,77.184012,Plot,3348,1,1,10,No,Fully,9,90,45,31002480
9201,Bengaluru,Indiranagar,15.944851,74.193978,Plot,4553,4,3,9,Yes,Fully,23,91,88,28510886
9202,Chennai,Anna Nagar,18.112076,74.027819,Apartment,3083,1,1,11,Yes,Semi,18,55,31,20662266
9203,Pune,Hinjewadi,17.665769,79.279669,Villa,2524,1,1,9,Yes,Unfurnished,17,83,58,33889748
9204,Chennai,Adyar,18.792747,77.460088,Independent House,563,5,4,3,No,Semi,13,92,6,7044256
9205,Mumbai,Andheri,16.486772,74.683492,Plot,3669,5,4,13,Yes,Semi,12,50,18,35446209
9206,Pune,Hinjewadi,18.615075,77.795666,Apartment,4901,5,4,18,Yes,Unfurnished,29,84,79,51485005
9207,Chennai,Anna Nagar,18.233195,79.875012,Plot,2611,5,4,0,No,Semi,25,86,93,17519810
9208,Chennai,Velachery,14.323106,75.009062,Apartment,4217,5,4,9,No,Unfurnished,13,74,55,57747598
9209,Hyderabad,Miyapur,14.445609,77.845689,Independent House,3509,5,4,3,No,Fully,21,77,48,18190656
9210,Hyderabad,Madhapur,14.531232,75.787839,Independent House,2532,4,3,14,Yes,Fully,23,84,6,32326044
9211,Pune,Hinjewadi,18.241715,78.004801,Villa,1342,4,3,14,No,Semi,7,81,15,7735288
9212,Hyderabad,Jubilee Hills,14.347174,75.267575,Apartment,2329,1,1,11,No,Semi,7,79,67,9467385
9213,Hyderabad,Kondapur,17.988907,72.43877,Plot,3046,4,3,25,No,Fully,28,93,30,41197150
9214,Mumbai,Powai,14.9057,79.060932,Independent House,2411,5,4,2,No,Unfurnished,14,50,3,30508794
9215,Hyderabad,Madhapur,18.374905,75.991831,Apartment,2284,3,2,16,Yes,Semi,15,81,26,20914588
9216,Hyderabad,Kukatpally,12.935744,79.273142,Apartment,1532,3,2,12,No,Semi,12,89,78,19568236
9217,Bengaluru,Whitefield,12.765557,75.982911,Apartment,1172,4,3,7,No,Fully,22,70,33,13510816
9218,Mumbai,Powai,15.81846,75.24737,Independent House,4259,2,1,21,No,Semi,4,85,7,18978104
9219,Pune,Kharadi,12.446306,72.457027,Apartment,4881,2,1,16,No,Fully,2,78,75,46354857
9220,Bengaluru,Whitefield,12.904113,76.882643,Villa,4795,4,3,4,No,Semi,15,71,100,34250685
9221,Hyderabad,Kondapur,17.428062,79.575446,Plot,4289,1,1,9,Yes,Unfurnished,12,61,54,49276321
9222,Hyderabad,Kukatpally,18.231193,76.240297,Villa,4306,2,1,4,Yes,Fully,14,83,98,56804752
9223,Mumbai,Thane,16.63421,79.921321,Apartment,1651,1,1,19,No,Unfurnished,24,79,12,7275957
9224,Hyderabad,Jubilee Hills,17.064426,75.706201,Apartment,3366,2,1,10,No,Semi,30,61,79,13837626
9225,Pune,Baner,13.361898,75.778623,Plot,2795,4,3,10,Yes,Fully,29,53,92,32265480
9226,Pune,Baner,12.428133,79.523583,Apartment,3410,3,2,25,Yes,Semi,20,90,7,34785410
9227,Chennai,Adyar,17.812907,76.555134,Plot,3636,5,4,19,Yes,Fully,27,67,91,21346956
9228,Hyderabad,Gachibowli,12.685296,77.471563,Independent House,971,1,1,2,Yes,Fully,10,80,29,4764697
9229,Mumbai,Thane,15.164598,73.929245,Villa,4370,2,1,18,Yes,Semi,3,91,62,57308180
9230,Pune,Baner,18.435152,75.009011,Villa,3901,5,4,9,Yes,Semi,21,92,75,46351682
9231,Mumbai,Bandra,15.591308,78.081461,Apartment,1288,4,3,10,Yes,Semi,18,88,96,12617248
9232,Hyderabad,Gachibowli,16.646485,72.619462,Villa,1634,2,1,2,Yes,Semi,12,65,88,21091672
9233,Bengaluru,Electronic City,16.405856,74.275154,Independent House,2518,4,3,23,No,Semi,25,93,13,36329704
9234,Chennai,Adyar,16.54997,77.134868,Apartment,2540,3,2,17,Yes,Unfurnished,28,95,21,27023060
9235,Chennai,Adyar,17.605423,72.987152,Villa,3199,2,1,16,No,Unfurnished,17,61,96,38535154
9236,Chennai,OMR,15.862643,76.371901,Independent House,3456,5,4,21,Yes,Fully,11,68,22,49431168
9237,Bengaluru,Indiranagar,17.166287,76.318589,Apartment,3143,4,3,17,Yes,Semi,1,65,76,46554116
9238,Mumbai,Thane,18.669277,79.860671,Villa,650,4,3,7,No,Fully,8,91,34,6826950
9239,Pune,Baner,12.661111,72.853096,Apartment,2344,2,1,24,Yes,Fully,27,98,73,23702528
9240,Chennai,Anna Nagar,12.546044,73.983133,Plot,1629,4,3,9,No,Unfurnished,29,98,69,15226263
9241,Mumbai,Andheri,16.568155,74.189404,Plot,4901,1,1,19,No,Semi,21,96,100,64203100
9242,Bengaluru,Electronic City,17.513945,73.365806,Plot,3853,2,1,21,Yes,Unfurnished,21,97,74,53868793
9243,Bengaluru,Indiranagar,17.475832,73.071366,Independent House,2857,3,2,2,Yes,Unfurnished,22,78,19,31115587
9244,Pune,Wakad,18.466006,74.066379,Plot,4061,5,4,21,No,Semi,4,87,51,31017918
9245,Mumbai,Powai,12.015645,78.308638,Independent House,3664,4,3,0,Yes,Unfurnished,5,68,30,18254048
9246,Mumbai,Powai,13.034923,78.490977,Independent House,4288,2,1,6,Yes,Fully,14,100,10,60435072
9247,Chennai,Velachery,18.09963,73.979104,Plot,4259,5,4,24,No,Fully,7,97,85,44046578
9248,Pune,Wakad,14.039112,72.000103,Villa,3493,1,1,12,Yes,Semi,28,86,88,29320242
9249,Pune,Kharadi,16.757719,77.707329,Apartment,1340,5,4,5,No,Unfurnished,22,60,77,9635940
9250,Hyderabad,Miyapur,15.793953,78.580616,Villa,4149,5,4,1,Yes,Semi,21,85,31,38838789
9251,Chennai,Velachery,17.689069,72.551333,Plot,861,5,4,22,Yes,Fully,25,97,16,11051796
9252,Hyderabad,Jubilee Hills,14.322419,76.742821,Independent House,1144,1,1,5,No,Unfurnished,26,62,83,15231216
9253,Bengaluru,HSR Layout,18.778667,74.83284,Apartment,4991,5,4,16,Yes,Unfurnished,28,98,28,54032566
9254,Hyderabad,Madhapur,16.315863,72.395413,Plot,728,5,4,3,Yes,Unfurnished,19,81,100,4231864
9255,Hyderabad,Jubilee Hills,18.565418,78.823705,Villa,3979,3,2,2,Yes,Fully,6,78,28,48961595
9256,Pune,Hinjewadi,18.253143,75.767888,Plot,3891,5,4,15,Yes,Unfurnished,10,62,27,36559836
9257,Pune,Wakad,12.601767,76.520528,Apartment,2898,1,1,2,Yes,Unfurnished,13,80,52,20987316
9258,Chennai,Adyar,16.767763,79.213539,Apartment,1262,2,1,1,No,Semi,14,50,81,9735068
9259,Pune,Hinjewadi,18.221263,72.277613,Villa,2306,5,4,18,No,Fully,23,81,50,14045846
9260,Hyderabad,Kukatpally,14.23919,76.828405,Independent House,1657,4,3,25,Yes,Fully,24,52,21,22644562
9261,Hyderabad,Madhapur,13.112246,79.726932,Plot,3589,3,2,13,No,Unfurnished,18,59,48,20116345
9262,Pune,Wakad,16.105034,76.593782,Plot,2970,2,1,16,No,Fully,28,93,41,22533390
9263,Bengaluru,Whitefield,14.4417,74.926076,Apartment,4470,2,1,10,No,Semi,13,76,73,66835440
9264,Pune,Wakad,18.792857,73.634997,Plot,4738,2,1,1,Yes,Fully,0,89,41,66810538
9265,Chennai,Adyar,12.424403,76.004109,Plot,1299,3,2,20,Yes,Fully,2,67,59,7104231
9266,Hyderabad,Jubilee Hills,16.123138,72.135385,Independent House,2353,3,2,10,No,Unfurnished,3,99,44,10576735
9267,Pune,Baner,13.696853,77.935463,Apartment,2754,2,1,18,No,Fully,22,91,26,35656038
9268,Mumbai,Thane,13.538768,73.723574,Independent House,974,4,3,10,Yes,Fully,0,83,73,6831636
9269,Hyderabad,Banjara Hills,17.336988,76.32034,Plot,3334,2,1,14,Yes,Fully,13,77,92,39747948
9270,Bengaluru,Whitefield,14.756925,76.567287,Plot,3417,3,2,13,Yes,Unfurnished,26,100,21,28138995
9271,Hyderabad,Madhapur,17.009285,72.386082,Villa,2756,2,1,16,Yes,Semi,14,60,71,30547504
9272,Mumbai,Andheri,15.742097,73.565749,Villa,1195,4,3,25,No,Unfurnished,22,76,93,13453310
9273,Bengaluru,Indiranagar,14.30269,78.619044,Plot,3458,4,3,25,No,Unfurnished,5,91,71,16062410
9274,Bengaluru,Indiranagar,13.61641,73.298553,Plot,760,1,1,22,Yes,Semi,1,100,65,9339640
9275,Chennai,Anna Nagar,14.309149,72.753194,Independent House,1926,4,3,13,Yes,Semi,28,58,94,27297198
9276,Hyderabad,Madhapur,15.825042,77.680909,Villa,2306,1,1,25,Yes,Unfurnished,29,88,50,11928938
9277,Pune,Hinjewadi,16.648115,76.43902,Apartment,4923,3,2,25,Yes,Fully,5,90,91,62177490
9278,Hyderabad,Banjara Hills,17.053883,74.905931,Plot,1707,2,1,13,No,Fully,13,91,55,21025119
9279,Hyderabad,Kondapur,17.972225,72.618086,Villa,2403,2,1,24,Yes,Fully,26,82,94,15316722
9280,Pune,Hinjewadi,15.194738,74.580656,Apartment,1470,1,1,16,Yes,Semi,16,78,32,17376870
9281,Bengaluru,Electronic City,14.016747,79.397812,Independent House,3847,3,2,14,No,Semi,3,79,56,16115083
9282,Bengaluru,HSR Layout,14.207402,74.309403,Apartment,561,1,1,5,Yes,Fully,29,53,33,3767676
9283,Bengaluru,Whitefield,14.924497,77.718441,Plot,3371,4,3,22,Yes,Fully,26,66,78,18034850
9284,Bengaluru,Indiranagar,16.498804,77.990967,Plot,3337,4,3,15,No,Semi,15,58,13,16197798
9285,Mumbai,Thane,12.976684,72.351289,Apartment,3968,2,1,23,No,Semi,10,66,34,39572864
9286,Hyderabad,Miyapur,17.089153,74.221424,Plot,4429,5,4,5,No,Unfurnished,1,78,93,54113522
9287,Bengaluru,HSR Layout,12.283363,78.053929,Villa,1738,2,1,17,Yes,Unfurnished,25,71,79,11552486
9288,Hyderabad,Kukatpally,17.328485,75.167822,Independent House,3140,2,1,21,No,Semi,11,64,89,25471680
9289,Bengaluru,Whitefield,17.591111,73.33181,Apartment,2806,5,4,24,No,Unfurnished,13,52,52,35103060
9290,Pune,Wakad,12.409773,78.966129,Independent House,3358,4,3,12,No,Semi,18,72,5,31182388
9291,Mumbai,Andheri,14.342475,74.486302,Villa,2892,5,4,9,No,Fully,22,54,64,40187232
9292,Hyderabad,Miyapur,17.412915,77.70721,Villa,2917,5,4,4,Yes,Semi,21,95,96,28239477
9293,Bengaluru,Electronic City,15.966744,77.806247,Plot,683,2,1,1,Yes,Semi,14,73,21,6468693
9294,Pune,Hinjewadi,15.462341,79.10227,Villa,597,5,4,0,No,Unfurnished,26,73,44,2758737
9295,Mumbai,Thane,16.688284,79.859709,Villa,941,5,4,18,Yes,Unfurnished,2,87,52,12378855
9296,Bengaluru,Indiranagar,15.379627,72.934089,Plot,4639,2,1,25,No,Fully,23,98,62,42187066
9297,Bengaluru,Whitefield,18.72567,77.569405,Plot,4356,2,1,22,Yes,Semi,15,84,13,27529920
9298,Mumbai,Powai,15.17694,79.818957,Independent House,3848,5,4,6,Yes,Semi,1,62,50,55811392
9299,Pune,Baner,18.901371,78.872975,Apartment,3753,5,4,14,No,Semi,26,57,59,45981756
9300,Bengaluru,HSR Layout,14.416482,78.184225,Independent House,2217,1,1,13,Yes,Semi,21,79,76,14521350
9301,Mumbai,Bandra,18.055924,73.045065,Independent House,1237,5,4,6,Yes,Fully,2,57,98,10937554
9302,Mumbai,Bandra,16.975169,77.495507,Independent House,4944,1,1,18,No,Unfurnished,9,70,30,29723328
9303,Hyderabad,Banjara Hills,14.966121,75.639241,Independent House,906,3,2,10,No,Fully,28,68,19,13321824
9304,Hyderabad,Kukatpally,12.83208,76.474384,Villa,1024,5,4,0,Yes,Unfurnished,19,97,39,4802560
9305,Mumbai,Bandra,18.227254,78.450325,Villa,1193,5,4,23,Yes,Semi,24,78,73,5959035
9306,Mumbai,Bandra,13.287374,73.266339,Villa,4630,2,1,25,No,Unfurnished,25,52,14,35905650
9307,Hyderabad,Kondapur,14.356177,74.254634,Plot,1199,2,1,24,Yes,Semi,6,75,48,10650717
9308,Mumbai,Andheri,18.108338,77.577792,Independent House,3398,1,1,3,No,Fully,27,67,73,34360576
9309,Bengaluru,Indiranagar,12.252051,73.971523,Plot,1857,1,1,7,Yes,Fully,4,84,71,11611821
9310,Pune,Baner,14.587502,73.301634,Villa,2199,5,4,11,Yes,Fully,17,84,29,10399071
9311,Hyderabad,Madhapur,12.867819,75.090882,Villa,1436,1,1,2,No,Semi,8,83,91,10135288
9312,Mumbai,Thane,14.093756,75.19975,Plot,3394,4,3,21,No,Semi,9,64,78,19803990
9313,Chennai,Adyar,12.20877,78.29517,Apartment,994,2,1,20,No,Semi,20,52,40,10080154
9314,Bengaluru,Electronic City,13.375906,75.095111,Plot,3944,3,2,1,Yes,Fully,24,59,20,43171024
9315,Chennai,Velachery,12.71644,76.999116,Independent House,2601,5,4,25,Yes,Semi,12,77,65,37056447
9316,Mumbai,Powai,15.064417,74.934076,Independent House,3470,1,1,22,No,Fully,20,97,59,29328440
9317,Hyderabad,Miyapur,17.754168,72.734591,Plot,4180,5,4,7,Yes,Fully,30,51,29,26292200
9318,Mumbai,Thane,16.109894,78.45699,Independent House,3219,2,1,12,Yes,Unfurnished,16,55,52,45275235
9319,Pune,Wakad,16.464052,77.423276,Apartment,2966,3,2,25,No,Unfurnished,27,81,4,29476108
9320,Pune,Hinjewadi,17.141123,77.618183,Independent House,1458,1,1,13,Yes,Unfurnished,22,70,17,13832046
9321,Chennai,Velachery,12.417543,73.491233,Villa,1895,1,1,1,No,Semi,19,57,20,20068050
9322,Chennai,Velachery,15.868072,75.505738,Independent House,1391,1,1,5,No,Unfurnished,9,51,73,11862448
9323,Bengaluru,HSR Layout,17.920134,75.000869,Villa,698,2,1,15,Yes,Semi,11,97,22,7449754
9324,Mumbai,Thane,14.680472,79.172995,Independent House,2159,2,1,25,Yes,Fully,26,66,54,23608665
9325,Chennai,Adyar,12.072892,73.348549,Independent House,3927,2,1,20,Yes,Semi,26,71,99,49982856
9326,Pune,Wakad,16.584353,76.892017,Villa,1058,1,1,19,Yes,Fully,11,59,53,10847674
9327,Bengaluru,Electronic City,12.859627,75.209819,Apartment,1441,5,4,24,Yes,Unfurnished,20,58,16,20002521
9328,Pune,Wakad,15.517681,76.303527,Apartment,4279,5,4,9,No,Semi,24,88,37,40265390
9329,Bengaluru,Electronic City,16.809451,76.63361,Independent House,1543,3,2,1,No,Semi,20,87,31,15084368
9330,Bengaluru,Whitefield,16.536645,79.679131,Apartment,799,5,4,15,Yes,Semi,24,84,100,6874596
9331,Pune,Baner,18.894881,73.587262,Independent House,590,5,4,12,No,Semi,17,51,23,3466250
9332,Mumbai,Powai,13.050408,73.762311,Villa,3714,1,1,21,No,Fully,18,98,65,38469612
9333,Mumbai,Thane,12.37447,73.657623,Apartment,2935,4,3,24,Yes,Fully,18,98,64,37368420
9334,Hyderabad,Banjara Hills,14.002118,75.614634,Villa,2628,3,2,17,No,Fully,10,94,50,12409416
9335,Hyderabad,Banjara Hills,13.948197,74.652503,Apartment,3886,5,4,16,Yes,Semi,0,62,4,56743372
9336,Mumbai,Bandra,13.276959,74.075992,Plot,4350,5,4,22,No,Semi,25,82,36,22332900
9337,Mumbai,Powai,13.366791,72.664399,Villa,997,4,3,22,No,Fully,11,89,99,6879300
9338,Pune,Hinjewadi,15.503807,74.744412,Apartment,3405,1,1,10,No,Semi,24,56,36,23031420
9339,Bengaluru,Electronic City,15.001176,73.727515,Independent House,2075,2,1,23,No,Semi,4,79,31,24161300
9340,Bengaluru,Electronic City,15.870102,74.318626,Apartment,1915,5,4,23,No,Unfurnished,6,61,81,22878505
9341,Mumbai,Powai,14.462636,74.361878,Apartment,1008,1,1,25,No,Semi,22,53,62,12514320
9342,Pune,Kharadi,18.7262,74.681488,Plot,4326,4,3,20,Yes,Semi,3,71,35,17429454
9343,Mumbai,Bandra,14.651356,75.376304,Independent House,3476,1,1,4,Yes,Semi,2,70,99,29462576
9344,Mumbai,Powai,13.146237,74.587282,Plot,4827,5,4,22,No,Semi,29,100,63,52884612
9345,Pune,Kharadi,14.603681,79.008132,Apartment,3291,3,2,8,No,Unfurnished,8,74,95,15194547
9346,Mumbai,Powai,13.508325,73.130637,Apartment,3547,5,4,17,No,Fully,25,65,31,28436299
9347,Bengaluru,Whitefield,12.313838,79.936725,Plot,4828,5,4,17,No,Unfurnished,6,86,98,45938420
9348,Bengaluru,Whitefield,14.212343,79.50716,Plot,528,1,1,21,No,Fully,10,53,51,7697184
9349,Chennai,OMR,15.105778,78.423306,Villa,1660,1,1,24,Yes,Fully,27,83,94,8920840
9350,Bengaluru,Whitefield,18.682393,76.635776,Villa,1279,3,2,17,Yes,Fully,24,93,33,15786697
9351,Hyderabad,Kondapur,13.485157,72.106536,Apartment,1466,3,2,8,No,Semi,24,57,97,14006164
9352,Mumbai,Thane,13.239602,72.078669,Apartment,1872,5,4,10,Yes,Unfurnished,18,71,11,21791952
9353,Bengaluru,HSR Layout,18.000242,77.538015,Apartment,3368,4,3,4,Yes,Fully,11,91,20,21016320
9354,Chennai,Velachery,14.012384,78.196659,Plot,3236,3,2,14,Yes,Unfurnished,21,53,54,13943924
9355,Pune,Baner,15.235328,78.413935,Plot,3252,4,3,22,No,Unfurnished,0,50,60,27271272
9356,Mumbai,Bandra,16.093565,78.710236,Villa,4096,2,1,24,No,Semi,28,97,72,16465920
9357,Mumbai,Thane,15.922007,76.605976,Villa,2574,5,4,3,No,Semi,0,100,47,23081058
9358,Pune,Baner,13.385144,72.837391,Apartment,1663,3,2,4,Yes,Fully,11,79,44,14032394
9359,Chennai,Adyar,17.890267,72.594166,Plot,2044,1,1,21,No,Fully,27,87,53,21437472
9360,Bengaluru,Whitefield,12.29761,73.130428,Independent House,3017,1,1,2,No,Fully,22,82,51,12433057
9361,Mumbai,Powai,14.03673,73.7251,Apartment,3344,2,1,19,No,Unfurnished,28,91,76,44826320
9362,Bengaluru,Indiranagar,18.887273,78.782667,Independent House,4824,4,3,2,Yes,Semi,2,51,13,57752928
9363,Bengaluru,Whitefield,17.825276,77.746472,Villa,1515,4,3,10,Yes,Fully,21,64,78,11307960
9364,Pune,Kharadi,18.557641,78.231624,Apartment,2335,5,4,20,Yes,Fully,11,86,92,27342850
9365,Hyderabad,Kondapur,12.032224,73.788673,Independent House,4390,5,4,13,Yes,Fully,28,81,93,27011670
9366,Mumbai,Andheri,13.848649,76.498947,Plot,2368,1,1,4,No,Fully,10,89,45,18629056
9367,Bengaluru,Whitefield,18.962455,78.04624,Independent House,3072,5,4,20,No,Semi,2,58,36,20321280
9368,Pune,Hinjewadi,12.031912,72.99135,Apartment,3152,5,4,3,Yes,Fully,22,56,42,39239248
9369,Chennai,Adyar,16.637424,77.360436,Apartment,3104,3,2,16,No,Semi,11,92,3,43303904
9370,Bengaluru,Whitefield,17.070034,73.084409,Apartment,3556,1,1,2,Yes,Unfurnished,16,93,68,21133308
9371,Mumbai,Andheri,12.209059,76.11297,Apartment,2141,2,1,12,No,Semi,7,91,2,19044195
9372,Hyderabad,Jubilee Hills,16.947946,79.225051,Independent House,1245,5,4,2,No,Semi,28,76,49,8185875
9373,Chennai,OMR,18.198476,77.128078,Villa,4518,1,1,17,No,Fully,12,64,63,33175674
9374,Pune,Baner,13.257766,79.367139,Independent House,2782,3,2,0,Yes,Semi,15,57,19,30501848
9375,Chennai,Anna Nagar,13.228334,76.636397,Apartment,3446,3,2,7,No,Fully,15,66,10,49805038
9376,Mumbai,Bandra,17.790637,78.277558,Independent House,2054,5,4,15,Yes,Fully,2,73,82,29832296
9377,Mumbai,Powai,17.042497,79.193478,Independent House,3263,2,1,11,No,Semi,0,59,30,46824050
9378,Bengaluru,Indiranagar,14.142279,74.965069,Independent House,1000,3,2,14,Yes,Unfurnished,16,80,66,9074000
9379,Chennai,Velachery,18.238736,73.058258,Apartment,1826,1,1,19,Yes,Fully,17,94,65,17865584
9380,Bengaluru,Whitefield,17.018019,77.235106,Independent House,3609,5,4,2,No,Unfurnished,28,65,81,26194122
9381,Chennai,Anna Nagar,15.452802,73.321641,Plot,4685,1,1,6,Yes,Unfurnished,18,88,52,18819645
9382,Bengaluru,HSR Layout,17.95508,79.248755,Apartment,2062,4,3,6,Yes,Semi,24,100,96,30744420
9383,Hyderabad,Kondapur,18.761606,73.587978,Apartment,3114,1,1,4,No,Fully,28,78,12,23924862
9384,Bengaluru,HSR Layout,15.710482,75.6348,Independent House,4361,3,2,19,Yes,Fully,4,72,21,38293941
9385,Hyderabad,Kukatpally,12.648649,74.600908,Apartment,3745,2,1,19,Yes,Semi,11,57,7,40640740
9386,Mumbai,Thane,16.236654,73.150685,Apartment,3696,3,2,12,Yes,Fully,11,92,74,24696672
9387,Pune,Kharadi,15.68394,74.947155,Apartment,1268,2,1,8,Yes,Fully,24,92,100,11964848
9388,Mumbai,Powai,13.920171,79.27693,Independent House,1068,3,2,4,No,Unfurnished,17,99,30,8314380
9389,Mumbai,Bandra,18.115515,73.327271,Villa,4924,2,1,5,Yes,Unfurnished,10,58,10,36531156
9390,Pune,Baner,16.241142,74.51273,Villa,2329,4,3,23,Yes,Fully,9,90,99,15036024
9391,Mumbai,Bandra,15.647083,79.732053,Independent House,2166,1,1,24,Yes,Unfurnished,9,80,17,19582806
9392,Hyderabad,Jubilee Hills,12.326398,74.604375,Plot,2784,1,1,3,Yes,Fully,18,68,59,24390624
9393,Mumbai,Andheri,17.060135,73.930905,Apartment,885,5,4,4,No,Fully,30,77,7,3789570
9394,Mumbai,Bandra,16.48259,76.172866,Plot,3896,2,1,20,No,Semi,21,89,20,57427040
9395,Mumbai,Powai,18.894413,73.713366,Plot,4398,3,2,3,No,Unfurnished,5,53,12,45884334
9396,Pune,Hinjewadi,16.721173,77.617134,Independent House,3093,4,3,11,Yes,Unfurnished,0,80,56,37428393
9397,Bengaluru,Electronic City,15.608165,75.064469,Villa,1729,5,4,20,Yes,Fully,18,94,56,22150219
9398,Bengaluru,Whitefield,18.041926,76.80693,Plot,4789,2,1,2,No,Fully,29,78,60,35725940
9399,Mumbai,Powai,17.125561,74.264764,Plot,4715,5,4,2,Yes,Unfurnished,2,93,58,20920455
9400,Chennai,Adyar,15.59324,78.768654,Independent House,4267,5,4,1,No,Fully,2,87,66,22346279
9401,Chennai,OMR,17.917897,78.959215,Apartment,4973,2,1,2,No,Fully,0,92,85,29803189
9402,Hyderabad,Gachibowli,16.022616,76.569207,Apartment,4250,4,3,14,Yes,Unfurnished,8,80,79,18304750
9403,Bengaluru,Electronic City,15.470901,78.998433,Villa,799,1,1,23,Yes,Semi,6,90,91,6793098
9404,Mumbai,Thane,14.687059,73.488612,Villa,2280,4,3,12,Yes,Semi,11,55,89,28326720
9405,Pune,Wakad,15.440457,74.05643,Plot,3456,4,3,14,Yes,Unfurnished,12,76,34,33906816
9406,Chennai,Adyar,14.064235,76.105669,Independent House,975,2,1,9,Yes,Fully,5,85,62,11819925
9407,Bengaluru,Indiranagar,18.346138,76.843105,Villa,3456,2,1,3,No,Unfurnished,12,56,49,20469888
9408,Bengaluru,Electronic City,17.210759,73.033921,Villa,4803,4,3,20,No,Unfurnished,4,94,61,63586917
9409,Mumbai,Bandra,14.765763,77.932637,Villa,4721,3,2,2,No,Semi,0,75,64,55566170
9410,Pune,Kharadi,13.975722,79.864695,Villa,4780,3,2,1,Yes,Fully,21,63,16,37236200
9411,Hyderabad,Miyapur,18.037691,79.26207,Independent House,1306,4,3,10,Yes,Semi,6,87,39,8626130
9412,Chennai,Velachery,18.899473,73.103891,Plot,4181,5,4,17,Yes,Semi,20,92,46,17359512
9413,Chennai,Anna Nagar,14.632662,74.657056,Apartment,4697,4,3,13,No,Unfurnished,4,58,6,41840876
9414,Chennai,OMR,18.103101,78.738821,Apartment,3716,4,3,14,Yes,Unfurnished,13,85,11,25443452
9415,Hyderabad,Jubilee Hills,12.526944,74.97269,Apartment,516,2,1,23,No,Semi,0,90,60,6885504
9416,Mumbai,Bandra,14.021766,79.222686,Independent House,808,3,2,14,No,Semi,7,80,62,4144232
9417,Pune,Kharadi,16.159774,77.373456,Independent House,1391,4,3,14,No,Unfurnished,3,51,80,16483350
9418,Bengaluru,Electronic City,17.133732,75.67842,Plot,1990,5,4,1,Yes,Unfurnished,19,57,2,12465360
9419,Bengaluru,Indiranagar,13.773908,75.980787,Villa,799,3,2,16,No,Fully,13,61,95,10002681
9420,Hyderabad,Madhapur,13.995976,75.633108,Villa,2051,1,1,19,Yes,Unfurnished,27,94,83,16541315
9421,Chennai,Velachery,12.835589,72.029268,Independent House,4877,1,1,5,Yes,Semi,25,68,94,42717643
9422,Bengaluru,HSR Layout,18.135378,73.7025,Villa,647,2,1,3,No,Semi,22,97,17,6599400
9423,Pune,Hinjewadi,13.399767,73.390923,Independent House,3251,2,1,0,No,Fully,11,97,77,13186056
9424,Pune,Wakad,18.909991,76.832126,Villa,2674,1,1,23,No,Unfurnished,21,98,9,35615006
9425,Hyderabad,Jubilee Hills,13.231463,76.181727,Independent House,4816,5,4,16,Yes,Unfurnished,19,77,48,58182096
9426,Hyderabad,Madhapur,15.418492,79.744524,Plot,4514,5,4,9,No,Fully,28,64,51,20394252
9427,Chennai,Anna Nagar,17.823683,74.766526,Villa,4121,4,3,15,No,Unfurnished,10,86,50,44721092
9428,Bengaluru,Electronic City,17.273398,77.664268,Apartment,4234,5,4,7,No,Unfurnished,13,90,77,54212136
9429,Bengaluru,Indiranagar,17.635381,78.998312,Plot,4883,3,2,6,No,Unfurnished,0,81,4,45221463
9430,Chennai,Adyar,14.120599,72.131343,Independent House,731,4,3,12,Yes,Semi,17,67,14,9125073
9431,Mumbai,Andheri,17.845632,79.888986,Apartment,821,4,3,0,No,Unfurnished,8,90,31,3565603
9432,Mumbai,Powai,16.277536,72.654628,Villa,525,5,4,22,Yes,Unfurnished,25,84,5,7525875
9433,Bengaluru,HSR Layout,12.280604,77.858395,Plot,2691,3,2,11,No,Semi,19,63,70,29068182
9434,Bengaluru,HSR Layout,15.900568,77.530948,Plot,1968,4,3,8,Yes,Fully,20,78,89,28616688
9435,Mumbai,Thane,15.148409,78.36641,Independent House,3248,4,3,9,Yes,Semi,29,81,11,27559280
9436,Mumbai,Powai,15.206548,77.703553,Independent House,4771,1,1,5,No,Semi,14,59,84,19355947
9437,Hyderabad,Kukatpally,14.278687,75.447922,Apartment,1666,1,1,1,Yes,Unfurnished,6,80,80,8469944
9438,Hyderabad,Kukatpally,12.819851,79.143278,Plot,1077,3,2,24,Yes,Semi,22,61,29,15821130
9439,Chennai,Adyar,12.328733,72.246618,Villa,1730,1,1,14,No,Semi,26,73,19,25315090
9440,Chennai,Anna Nagar,18.002506,72.180216,Independent House,1130,3,2,18,Yes,Unfurnished,23,96,92,14964590
9441,Mumbai,Bandra,16.776704,74.696057,Plot,3692,4,3,3,Yes,Semi,21,54,35,23872472
9442,Bengaluru,HSR Layout,14.018375,79.603636,Independent House,2469,3,2,12,Yes,Fully,3,64,6,26805933
9443,Pune,Kharadi,13.907335,74.377548,Apartment,1646,2,1,5,No,Unfurnished,5,65,33,24183032
9444,Mumbai,Thane,12.211701,72.582558,Villa,3757,5,4,17,No,Unfurnished,23,63,84,30976465
9445,Pune,Kharadi,16.884642,79.138533,Villa,3065,5,4,21,Yes,Fully,4,78,62,27725990
9446,Bengaluru,Electronic City,14.242262,77.225933,Apartment,3753,3,2,18,Yes,Semi,27,64,52,33893343
9447,Bengaluru,Whitefield,16.685141,78.825439,Villa,3983,3,2,5,No,Semi,7,61,14,56347501
9448,Bengaluru,Electronic City,14.55062,74.675061,Independent House,2150,4,3,20,Yes,Unfurnished,15,62,90,11089700
9449,Pune,Kharadi,13.296672,73.213127,Apartment,2912,5,4,3,No,Semi,20,85,79,40205984
9450,Hyderabad,Kukatpally,12.119214,76.633169,Apartment,2412,1,1,7,No,Fully,22,57,80,17035956
9451,Hyderabad,Kukatpally,14.310973,72.631902,Independent House,2789,3,2,1,Yes,Unfurnished,13,65,62,39595433
9452,Hyderabad,Jubilee Hills,14.650765,74.005465,Apartment,1517,2,1,9,No,Unfurnished,6,83,9,19188533
9453,Mumbai,Thane,17.607536,72.675216,Apartment,4811,1,1,25,No,Semi,6,98,67,42115494
9454,Hyderabad,Kukatpally,17.730936,75.99885,Villa,4204,5,4,8,No,Unfurnished,8,50,90,48715952
9455,Chennai,Adyar,17.781172,72.7991,Independent House,2937,5,4,8,Yes,Semi,27,90,61,19760136
9456,Hyderabad,Kondapur,12.97445,73.395768,Villa,2751,5,4,8,No,Unfurnished,19,77,89,41212731
9457,Pune,Baner,14.29681,72.985334,Independent House,4999,4,3,10,Yes,Semi,6,76,39,74665064
9458,Chennai,Velachery,18.969319,79.699565,Plot,1755,5,4,13,No,Semi,14,56,76,11363625
9459,Mumbai,Thane,16.93501,72.477311,Apartment,1375,4,3,6,No,Unfurnished,3,66,98,16478000
9460,Pune,Hinjewadi,14.709682,77.88717,Apartment,2115,4,3,15,No,Semi,3,74,88,17129385
9461,Pune,Wakad,17.179324,72.521966,Independent House,2798,5,4,13,Yes,Semi,30,59,4,22901630
9462,Chennai,Adyar,16.907815,78.408016,Villa,2183,1,1,0,No,Unfurnished,14,74,24,12447466
9463,Chennai,Adyar,14.108728,79.878563,Plot,2335,3,2,17,No,Semi,4,51,96,34296480
9464,Mumbai,Bandra,14.166188,72.510334,Independent House,833,3,2,8,No,Unfurnished,27,78,24,5811841
9465,Mumbai,Thane,12.703667,73.86544,Independent House,2890,4,3,7,No,Semi,7,89,98,26114040
9466,Pune,Kharadi,17.523822,78.105792,Plot,2324,3,2,21,Yes,Unfurnished,10,78,74,16642164
9467,Mumbai,Powai,13.117173,73.314845,Independent House,1200,1,1,20,No,Fully,11,65,62,14344800
9468,Bengaluru,Electronic City,15.928789,77.348315,Plot,2890,1,1,18,Yes,Fully,16,68,61,40670970
9469,Chennai,Anna Nagar,14.887324,75.051676,Villa,2948,5,4,14,Yes,Unfurnished,22,95,43,29474104
9470,Hyderabad,Kondapur,13.427395,77.050351,Plot,3561,1,1,12,Yes,Unfurnished,19,94,19,50224344
9471,Bengaluru,Whitefield,12.66597,76.853144,Independent House,570,4,3,16,No,Fully,24,67,74,8441700
9472,Hyderabad,Kukatpally,18.620337,75.80576,Apartment,1548,4,3,0,No,Semi,7,55,47,10594512
9473,Pune,Baner,15.082833,78.990386,Apartment,677,3,2,7,No,Semi,30,55,100,5275861
9474,Mumbai,Powai,14.211993,77.45471,Apartment,2553,3,2,19,No,Fully,4,91,28,29298228
9475,Bengaluru,Electronic City,18.986492,78.404232,Apartment,4730,1,1,11,No,Fully,20,71,13,39940120
9476,Bengaluru,Electronic City,14.123589,75.376298,Apartment,1321,3,2,3,Yes,Unfurnished,0,90,93,6756915
9477,Hyderabad,Miyapur,12.158973,79.43984,Plot,4624,1,1,15,No,Fully,12,50,68,38356080
9478,Bengaluru,Whitefield,15.651303,75.529851,Plot,2482,2,1,24,No,Fully,12,53,79,12767408
9479,Pune,Hinjewadi,18.559064,79.473753,Plot,1269,3,2,24,No,Fully,18,95,90,8079723
9480,Mumbai,Thane,15.195925,79.041386,Apartment,896,1,1,14,Yes,Semi,0,50,37,4896640
9481,Bengaluru,Whitefield,16.480974,78.721928,Apartment,3150,3,2,13,Yes,Semi,11,98,10,19359900
9482,Hyderabad,Banjara Hills,16.545199,73.146154,Villa,2915,3,2,20,No,Unfurnished,16,62,38,20011475
9483,Chennai,OMR,15.708729,74.414524,Villa,2498,2,1,0,Yes,Fully,18,67,54,21050646
9484,Bengaluru,HSR Layout,16.115618,77.184425,Independent House,2264,1,1,2,Yes,Unfurnished,18,81,100,30405520
9485,Mumbai,Powai,13.525052,74.097923,Apartment,1514,1,1,5,No,Fully,14,73,61,19015840
9486,Bengaluru,Whitefield,12.523884,73.682441,Villa,2394,3,2,2,Yes,Unfurnished,5,98,81,30987936
9487,Bengaluru,Whitefield,15.808806,72.1961,Apartment,1687,3,2,4,No,Semi,19,71,67,19901539
9488,Pune,Baner,14.503971,76.649996,Plot,1649,2,1,24,No,Semi,16,86,26,17855372
9489,Bengaluru,Whitefield,15.949549,78.161452,Plot,1646,2,1,23,No,Unfurnished,0,61,93,9566552
9490,Bengaluru,HSR Layout,16.014791,79.984098,Independent House,1725,2,1,9,No,Fully,22,69,47,25186725
9491,Bengaluru,HSR Layout,14.357303,77.135495,Independent House,2218,3,2,8,Yes,Fully,12,66,85,16226888
9492,Bengaluru,HSR Layout,15.082204,78.397062,Independent House,3440,5,4,23,No,Unfurnished,6,100,26,15892800
9493,Mumbai,Thane,18.521789,76.805909,Villa,2164,3,2,23,Yes,Semi,27,91,34,31066384
9494,Hyderabad,Kukatpally,17.95504,76.531767,Apartment,4022,2,1,17,No,Unfurnished,23,52,71,54248736
9495,Chennai,Anna Nagar,12.918507,72.512805,Apartment,4455,5,4,4,No,Fully,7,64,51,23041260
9496,Bengaluru,HSR Layout,17.58808,73.825264,Apartment,2490,3,2,23,No,Unfurnished,27,52,91,17156100
9497,Hyderabad,Madhapur,13.774324,77.050668,Apartment,2810,4,3,2,Yes,Semi,30,76,15,37370190
9498,Pune,Wakad,16.901034,74.206052,Independent House,1101,2,1,2,No,Semi,29,58,9,11074959
9499,Hyderabad,Kukatpally,18.201676,79.491953,Villa,2381,2,1,8,No,Unfurnished,20,71,22,31924448
9500,Pune,Hinjewadi,14.461404,74.214521,Independent House,1305,2,1,3,No,Semi,7,75,73,14134455
9501,Pune,Baner,15.242518,75.587773,Villa,4591,3,2,10,No,Semi,19,95,77,45450900
9502,Chennai,Anna Nagar,18.634621,74.991032,Plot,4753,2,1,14,No,Fully,5,82,86,65387021
9503,Hyderabad,Kondapur,14.35315,79.539691,Villa,622,4,3,4,No,Unfurnished,28,99,87,8535706
9504,Bengaluru,Electronic City,17.251755,74.970077,Plot,2215,2,1,7,Yes,Fully,24,95,7,18444305
9505,Mumbai,Bandra,16.615704,79.049924,Plot,3076,1,1,21,No,Semi,15,92,9,39102112
9506,Chennai,Anna Nagar,15.126456,76.960753,Plot,4118,5,4,24,No,Semi,25,69,55,37564396
9507,Bengaluru,Electronic City,15.647504,76.029166,Independent House,4736,3,2,17,Yes,Fully,11,75,23,50419456
9508,Bengaluru,Indiranagar,18.224863,75.866718,Villa,2255,3,2,2,No,Fully,1,76,95,13354110
9509,Bengaluru,Indiranagar,15.453225,77.293347,Plot,3993,2,1,13,Yes,Fully,28,56,99,43168323
9510,Chennai,Anna Nagar,12.352963,73.935331,Independent House,3402,5,4,7,Yes,Fully,26,82,16,37806426
9511,Bengaluru,Indiranagar,16.453859,78.323122,Independent House,4528,4,3,14,No,Fully,18,93,72,59027008
9512,Chennai,Adyar,18.384222,72.820078,Villa,4117,5,4,11,Yes,Unfurnished,13,66,11,50589696
9513,Hyderabad,Miyapur,18.923599,74.659338,Villa,2021,1,1,24,No,Fully,20,62,75,20543465
9514,Mumbai,Thane,18.295207,79.129886,Villa,4746,3,2,6,No,Semi,12,86,73,48271566
9515,Pune,Baner,15.342184,76.416289,Apartment,2632,1,1,19,Yes,Unfurnished,0,70,80,13707456
9516,Chennai,Anna Nagar,14.468082,74.894193,Villa,4849,3,2,21,Yes,Fully,5,88,2,39218712
9517,Chennai,Adyar,17.045877,76.391638,Independent House,738,2,1,3,No,Fully,29,85,27,3766752
9518,Hyderabad,Madhapur,12.645117,72.560131,Apartment,2792,3,2,10,No,Semi,24,89,37,14551904
9519,Mumbai,Bandra,13.168407,73.106291,Villa,2621,5,4,14,No,Fully,5,74,92,36937753
9520,Mumbai,Andheri,13.058675,75.842241,Villa,2417,5,4,16,No,Semi,3,76,42,21044819
9521,Pune,Kharadi,17.899813,72.881614,Villa,559,1,1,0,Yes,Semi,10,74,47,4951063
9522,Bengaluru,Indiranagar,16.684587,75.861682,Plot,1331,1,1,1,No,Unfurnished,15,75,47,8847157
9523,Bengaluru,Indiranagar,17.248227,79.939806,Plot,2734,1,1,1,No,Unfurnished,26,93,3,18060804
9524,Bengaluru,Whitefield,18.089874,73.529942,Villa,3057,1,1,8,Yes,Fully,20,88,15,26094552
9525,Bengaluru,Electronic City,18.737445,76.034722,Plot,1545,5,4,20,Yes,Fully,26,95,6,12783330
9526,Pune,Kharadi,17.710266,75.848906,Apartment,2034,4,3,11,No,Fully,1,93,99,18676188
9527,Mumbai,Bandra,12.154011,74.893287,Villa,4875,1,1,23,Yes,Fully,1,90,12,28250625
9528,Chennai,Anna Nagar,15.217823,77.751701,Plot,3213,4,3,14,No,Fully,20,82,11,20746341
9529,Mumbai,Andheri,13.481623,77.675211,Independent House,2269,1,1,22,Yes,Unfurnished,8,52,40,30840248
9530,Pune,Baner,18.251951,77.457205,Villa,3968,2,1,0,No,Fully,23,81,90,33704192
9531,Hyderabad,Kukatpally,17.868681,75.915067,Independent House,1804,4,3,8,No,Unfurnished,12,57,66,26717240
9532,Hyderabad,Miyapur,13.284761,74.846084,Villa,4656,2,1,0,Yes,Fully,12,61,24,25943232
9533,Bengaluru,Indiranagar,16.090293,72.51204,Plot,678,5,4,4,Yes,Unfurnished,21,94,31,4975164
9534,Bengaluru,HSR Layout,16.901657,78.979448,Villa,2008,5,4,16,No,Semi,1,69,39,14835104
9535,Pune,Wakad,15.007202,73.313786,Apartment,3810,5,4,6,Yes,Semi,9,89,25,31824930
9536,Hyderabad,Jubilee Hills,13.234097,72.839621,Villa,3725,1,1,24,Yes,Semi,14,72,15,18617550
9537,Hyderabad,Miyapur,15.816785,75.827312,Villa,3498,5,4,24,No,Unfurnished,15,58,51,33605286
9538,Mumbai,Thane,17.850367,78.790807,Plot,3320,5,4,11,Yes,Fully,26,68,59,31217960
9539,Hyderabad,Miyapur,13.129006,77.738944,Plot,2531,1,1,2,Yes,Unfurnished,30,57,77,27554997
9540,Chennai,Anna Nagar,15.391641,75.767009,Villa,3670,4,3,9,No,Fully,4,82,68,21667680
9541,Chennai,Velachery,16.755134,79.32563,Apartment,4895,3,2,10,No,Semi,12,74,91,48240225
9542,Pune,Baner,15.90568,73.959907,Apartment,2417,5,4,6,No,Semi,1,100,82,35019913
9543,Bengaluru,HSR Layout,14.109752,72.092311,Plot,2741,2,1,8,Yes,Unfurnished,11,84,41,15497614
9544,Pune,Kharadi,18.585774,76.270856,Apartment,2422,5,4,24,Yes,Fully,16,88,47,27201482
9545,Bengaluru,Indiranagar,17.315844,76.355563,Apartment,3352,4,3,22,Yes,Semi,15,81,61,27955680
9546,Bengaluru,HSR Layout,17.55787,79.003348,Villa,3293,3,2,18,No,Fully,8,97,20,25985063
9547,Bengaluru,Whitefield,17.217316,75.834917,Independent House,4830,2,1,6,No,Semi,4,84,15,37456650
9548,Mumbai,Thane,17.666104,77.115649,Plot,3043,3,2,8,Yes,Unfurnished,24,92,30,41981228
9549,Chennai,OMR,18.123541,79.886291,Plot,1498,4,3,20,No,Fully,8,76,1,14331366
9550,Chennai,Adyar,13.418263,78.64691,Independent House,3900,4,3,19,Yes,Semi,20,52,17,16727100
9551,Chennai,Anna Nagar,13.402353,78.718994,Apartment,2391,5,4,15,No,Unfurnished,3,64,15,11115759
9552,Bengaluru,HSR Layout,12.376088,76.90934,Independent House,1791,4,3,14,Yes,Semi,13,80,11,9298872
9553,Bengaluru,Whitefield,15.508109,79.023025,Apartment,662,5,4,21,Yes,Unfurnished,14,63,44,3662184
9554,Mumbai,Bandra,12.467689,78.808715,Plot,2282,2,1,2,No,Fully,19,79,57,13151166
9555,Bengaluru,Indiranagar,14.258839,77.79256,Villa,3921,3,2,0,No,Semi,8,72,94,26917665
9556,Bengaluru,Electronic City,14.299421,72.914509,Independent House,4773,3,2,21,Yes,Unfurnished,0,68,82,19521570
9557,Mumbai,Powai,17.173706,73.616861,Villa,2387,4,3,23,No,Unfurnished,28,59,9,33246136
9558,Hyderabad,Jubilee Hills,16.981651,75.665491,Apartment,652,5,4,5,Yes,Fully,28,56,1,3000504
9559,Mumbai,Powai,15.732137,75.319142,Villa,1997,3,2,17,Yes,Fully,29,73,54,12746851
9560,Chennai,OMR,13.609814,78.849658,Plot,3650,3,2,15,Yes,Semi,27,51,11,31952100
9561,Chennai,OMR,16.807454,77.656256,Villa,1080,1,1,19,No,Semi,1,84,80,12863880
9562,Bengaluru,Electronic City,16.65643,73.433659,Independent House,4385,2,1,3,No,Fully,29,67,60,60578775
9563,Chennai,Velachery,15.410192,73.627223,Apartment,3987,1,1,11,No,Fully,8,60,37,24623712
9564,Bengaluru,Electronic City,17.987853,79.017403,Villa,3425,3,2,16,No,Fully,6,65,60,21913150
9565,Mumbai,Bandra,16.627374,75.143844,Plot,4018,4,3,12,Yes,Fully,18,68,40,26908546
9566,Pune,Wakad,12.117457,79.594609,Villa,671,5,4,13,No,Fully,4,78,30,4910378
9567,Bengaluru,HSR Layout,14.873334,74.364769,Apartment,3458,4,3,7,Yes,Unfurnished,13,74,30,19658730
9568,Bengaluru,Whitefield,16.482227,79.56534,Apartment,1712,3,2,9,No,Semi,12,56,95,21502720
9569,Bengaluru,Indiranagar,12.649501,76.08929,Independent House,2560,5,4,24,Yes,Fully,12,66,83,24724480
9570,Pune,Baner,18.07481,73.786558,Independent House,770,3,2,3,Yes,Unfurnished,17,62,22,5943630
9571,Chennai,Velachery,14.458259,77.246881,Villa,3179,3,2,1,Yes,Fully,26,84,49,40268393
9572,Pune,Baner,14.531449,76.392486,Villa,2347,5,4,8,No,Unfurnished,2,81,70,15124068
9573,Chennai,Adyar,14.363861,78.357727,Villa,4535,5,4,13,Yes,Unfurnished,25,50,6,44946385
9574,Bengaluru,Electronic City,17.879021,72.18657,Independent House,1700,2,1,5,Yes,Semi,7,52,82,21090200
9575,Hyderabad,Madhapur,16.038108,75.434387,Independent House,624,3,2,2,Yes,Fully,28,55,44,5361408
9576,Bengaluru,Indiranagar,15.907812,72.049927,Apartment,1669,4,3,16,No,Semi,24,79,75,15726987
9577,Chennai,Anna Nagar,12.430289,73.362814,Independent House,639,2,1,22,No,Semi,29,93,71,7055838
9578,Pune,Hinjewadi,13.021115,74.385176,Villa,1085,3,2,24,Yes,Semi,3,99,79,8910020
9579,Mumbai,Thane,18.666314,74.049687,Independent House,2825,3,2,22,No,Semi,6,84,66,28009875
9580,Mumbai,Bandra,18.658311,76.863868,Villa,2933,1,1,14,Yes,Fully,28,61,3,36046570
9581,Chennai,Velachery,15.833177,74.641394,Independent House,3708,4,3,23,No,Semi,9,86,91,37528668
9582,Bengaluru,Whitefield,12.889897,77.1105,Plot,505,2,1,6,Yes,Unfurnished,21,60,7,2543685
9583,Hyderabad,Jubilee Hills,16.197007,74.165588,Plot,4233,4,3,1,No,Semi,19,62,81,37089546
9584,Bengaluru,Electronic City,12.685691,79.900867,Villa,1232,1,1,16,No,Fully,29,98,24,10727024
9585,Chennai,Velachery,14.496227,75.580856,Plot,4893,2,1,4,Yes,Fully,19,62,53,66158253
9586,Bengaluru,Electronic City,16.245075,74.789253,Plot,2363,5,4,19,Yes,Unfurnished,13,55,42,34903873
9587,Pune,Kharadi,16.420951,79.451378,Plot,3229,5,4,4,No,Semi,27,76,13,24427385
9588,Pune,Kharadi,16.530099,72.985172,Villa,2668,1,1,7,No,Unfurnished,4,74,3,25025840
9589,Hyderabad,Jubilee Hills,12.441082,74.438804,Apartment,1927,4,3,17,No,Fully,24,66,77,18067552
9590,Hyderabad,Kondapur,16.776033,72.528094,Apartment,3640,3,2,17,Yes,Unfurnished,25,65,82,47192600
9591,Hyderabad,Kondapur,15.64019,79.070691,Independent House,4362,1,1,23,No,Unfurnished,27,88,29,32078148
9592,Hyderabad,Kukatpally,18.859246,77.426756,Villa,2064,2,1,5,Yes,Fully,18,88,7,18458352
9593,Hyderabad,Banjara Hills,16.577351,72.698401,Villa,4117,5,4,0,Yes,Unfurnished,10,76,36,23293986
9594,Chennai,Anna Nagar,13.299265,73.051263,Apartment,3239,1,1,16,No,Unfurnished,4,66,18,39389479
9595,Chennai,OMR,16.163552,77.638929,Independent House,4924,5,4,5,No,Fully,24,92,84,25378296
9596,Bengaluru,HSR Layout,15.488565,77.376018,Apartment,3676,5,4,5,Yes,Fully,14,60,84,22206716
9597,Pune,Baner,17.520153,77.082321,Plot,3086,5,4,14,Yes,Semi,10,71,22,13279058
9598,Mumbai,Powai,12.553417,78.11694,Villa,4942,5,4,9,Yes,Semi,10,67,42,62570662
9599,Mumbai,Bandra,17.134016,73.914245,Villa,746,4,3,6,Yes,Fully,5,64,33,10304498
9600,Bengaluru,Indiranagar,15.605066,79.206472,Plot,1388,2,1,13,No,Semi,14,76,90,11382988
9601,Hyderabad,Kukatpally,12.146436,73.425844,Apartment,2587,3,2,2,Yes,Semi,23,87,91,29111511
9602,Hyderabad,Kondapur,18.75732,72.018264,Plot,3677,3,2,19,No,Fully,9,98,72,28132727
9603,Chennai,Adyar,12.722372,72.352532,Villa,959,3,2,15,Yes,Semi,19,55,53,7650902
9604,Hyderabad,Kondapur,13.597784,72.794137,Plot,3792,1,1,24,Yes,Unfurnished,8,76,57,44715264
9605,Pune,Baner,13.954659,79.38564,Villa,4532,1,1,11,Yes,Unfurnished,5,81,28,19532920
9606,Hyderabad,Miyapur,17.502303,75.442351,Independent House,4361,3,2,15,No,Semi,9,100,25,19676832
9607,Pune,Baner,16.849449,76.317457,Independent House,4896,1,1,21,No,Unfurnished,14,81,89,62419104
9608,Pune,Baner,13.285239,78.617809,Villa,4139,4,3,9,Yes,Unfurnished,2,52,77,46932121
9609,Hyderabad,Kondapur,12.572374,72.99137,Villa,3922,2,1,10,Yes,Fully,9,50,75,38070854
9610,Bengaluru,Indiranagar,18.195983,72.015488,Independent House,4609,4,3,14,Yes,Semi,30,85,100,45338733
9611,Bengaluru,HSR Layout,17.871412,76.188276,Plot,3477,2,1,15,Yes,Semi,17,93,8,19718067
9612,Mumbai,Bandra,16.321548,79.10814,Villa,1939,1,1,6,No,Semi,10,57,61,22936431
9613,Pune,Baner,12.280164,77.12211,Apartment,2072,1,1,4,No,Unfurnished,15,90,38,18971232
9614,Hyderabad,Madhapur,13.868668,74.873109,Independent House,698,5,4,11,Yes,Unfurnished,23,66,37,4252914
9615,Chennai,Adyar,18.640164,77.603112,Villa,2060,1,1,18,No,Semi,20,74,23,29437400
9616,Bengaluru,Electronic City,12.387541,77.041067,Apartment,4391,1,1,18,Yes,Semi,8,72,2,25287769
9617,Hyderabad,Jubilee Hills,15.032578,79.595871,Apartment,591,2,1,7,Yes,Fully,7,98,94,7810656
9618,Chennai,OMR,17.016567,79.678797,Independent House,1184,2,1,19,No,Semi,1,59,66,7518400
9619,Bengaluru,Electronic City,16.59701,73.030526,Plot,574,2,1,5,Yes,Semi,24,59,74,3915828
9620,Chennai,Anna Nagar,12.563585,73.645185,Apartment,3358,5,4,2,Yes,Unfurnished,7,99,7,39940052
9621,Mumbai,Bandra,17.615571,75.544958,Villa,2978,1,1,15,Yes,Unfurnished,10,64,40,24866300
9622,Chennai,Adyar,12.387938,72.862801,Independent House,4138,5,4,14,No,Semi,29,95,82,52916744
9623,Pune,Kharadi,17.465321,77.339268,Independent House,4369,3,2,24,No,Unfurnished,25,65,29,41723950
9624,Hyderabad,Miyapur,12.731974,77.117865,Apartment,4453,2,1,5,No,Fully,24,57,32,29728228
9625,Mumbai,Powai,13.775041,74.922145,Independent House,607,1,1,20,No,Fully,9,84,44,3535168
9626,Chennai,Velachery,15.287721,78.155737,Plot,2899,1,1,13,Yes,Unfurnished,14,92,76,28743585
9627,Mumbai,Andheri,15.785307,78.929274,Independent House,625,3,2,15,No,Semi,16,50,75,7440000
9628,Bengaluru,HSR Layout,12.506997,74.036953,Apartment,3559,1,1,8,Yes,Unfurnished,19,80,1,50295788
9629,Hyderabad,Kondapur,12.22744,79.705655,Independent House,624,1,1,11,Yes,Fully,26,67,72,2718768
9630,Bengaluru,Whitefield,17.47887,72.382805,Apartment,4325,2,1,4,No,Fully,10,65,96,29885750
9631,Pune,Wakad,16.21052,76.84741,Apartment,698,5,4,17,No,Semi,25,53,38,7169856
9632,Chennai,Velachery,15.582572,78.292935,Apartment,4221,3,2,21,No,Semi,1,63,59,42062265
9633,Pune,Wakad,16.311521,78.635484,Plot,535,1,1,23,No,Unfurnished,5,95,46,4778620
9634,Pune,Hinjewadi,17.637091,79.127645,Apartment,2141,5,4,3,No,Semi,29,91,7,17031655
9635,Hyderabad,Kondapur,18.480301,78.666785,Villa,1885,4,3,22,Yes,Fully,18,89,84,17426825
9636,Bengaluru,Electronic City,15.921562,78.034291,Apartment,4729,4,3,17,Yes,Unfurnished,7,90,35,34507513
9637,Mumbai,Thane,12.131752,75.895574,Apartment,3216,5,4,12,No,Fully,24,77,91,44303616
9638,Hyderabad,Banjara Hills,16.899233,77.566554,Apartment,2665,2,1,21,No,Semi,20,56,20,22444630
9639,Hyderabad,Jubilee Hills,16.414625,75.06935,Independent House,3166,5,4,3,No,Semi,30,71,43,34829166
9640,Hyderabad,Banjara Hills,16.391039,75.171145,Plot,973,1,1,11,No,Semi,6,96,70,11951359
9641,Mumbai,Bandra,14.270055,74.022189,Plot,4089,3,2,18,No,Fully,30,85,80,58693506
9642,Mumbai,Andheri,12.117834,79.693995,Apartment,1032,4,3,20,Yes,Unfurnished,25,72,83,10494408
9643,Mumbai,Thane,13.628669,78.422737,Plot,2992,5,4,15,No,Semi,7,66,81,44508992
9644,Mumbai,Thane,14.252605,79.091077,Plot,1920,1,1,14,No,Unfurnished,20,100,49,27375360
9645,Bengaluru,Electronic City,18.339667,78.23105,Villa,831,3,2,15,No,Unfurnished,12,52,3,11224317
9646,Chennai,Velachery,18.024056,78.161151,Independent House,4489,1,1,12,Yes,Unfurnished,17,79,58,48853787
9647,Mumbai,Bandra,15.334944,77.007444,Independent House,2958,5,4,24,Yes,Semi,7,76,97,16609170
9648,Pune,Baner,17.870923,74.722861,Plot,4811,5,4,0,No,Fully,5,89,93,50496256
9649,Mumbai,Bandra,12.810997,73.222416,Apartment,1555,3,2,1,No,Fully,18,60,59,21757560
9650,Mumbai,Bandra,12.140346,79.181789,Plot,3573,4,3,16,No,Unfurnished,13,99,91,38438334
9651,Pune,Kharadi,17.297077,73.653475,Villa,2013,2,1,6,No,Fully,4,85,68,26917836
9652,Bengaluru,HSR Layout,12.524612,75.231774,Apartment,865,3,2,8,No,Unfurnished,9,58,18,5495345
9653,Bengaluru,Whitefield,18.284699,78.522646,Independent House,1344,5,4,4,No,Semi,8,75,7,16484160
9654,Bengaluru,Indiranagar,17.069259,75.788669,Plot,1300,2,1,10,Yes,Semi,4,96,62,16307200
9655,Bengaluru,Indiranagar,12.266159,76.721783,Villa,775,3,2,3,No,Fully,6,65,25,10171875
9656,Chennai,Adyar,12.712623,73.691517,Plot,1823,3,2,6,Yes,Semi,6,88,65,23884946
9657,Chennai,Anna Nagar,15.253937,78.501583,Apartment,3140,5,4,0,Yes,Fully,29,54,42,21141620
9658,Pune,Kharadi,15.25639,76.60918,Plot,3689,1,1,15,No,Fully,14,65,33,24188773
9659,Chennai,Adyar,15.761406,73.603895,Plot,4814,5,4,22,No,Fully,28,97,68,63328170
9660,Pune,Kharadi,16.424723,75.998113,Apartment,2179,4,3,11,Yes,Unfurnished,12,64,29,30068021
9661,Pune,Kharadi,13.927246,75.506701,Plot,706,3,2,14,No,Unfurnished,13,80,10,8925958
9662,Bengaluru,Indiranagar,16.96114,78.920332,Independent House,3332,4,3,24,No,Unfurnished,25,64,14,15410500
9663,Hyderabad,Madhapur,16.388399,75.580993,Plot,2258,4,3,25,No,Unfurnished,14,57,91,30568804
9664,Chennai,OMR,15.663268,78.03976,Villa,1076,3,2,13,No,Unfurnished,6,86,69,12568756
9665,Hyderabad,Banjara Hills,12.178974,72.591383,Independent House,4315,5,4,13,No,Fully,16,90,90,48893265
9666,Hyderabad,Banjara Hills,17.218976,77.927575,Plot,2370,1,1,7,Yes,Unfurnished,3,69,85,29994720
9667,Mumbai,Andheri,13.562861,72.463763,Villa,2207,5,4,0,Yes,Unfurnished,5,78,92,12304025
9668,Hyderabad,Kukatpally,18.483701,76.825911,Independent House,2810,3,2,14,Yes,Semi,22,55,3,31216290
9669,Mumbai,Thane,15.690678,78.199765,Plot,1342,1,1,14,Yes,Unfurnished,4,80,97,12155836
9670,Chennai,Velachery,17.669355,79.882906,Villa,3513,5,4,1,Yes,Semi,18,100,63,22321602
9671,Bengaluru,Electronic City,13.29857,78.123153,Villa,2262,1,1,17,Yes,Semi,17,56,68,12379926
9672,Mumbai,Bandra,18.176972,79.889404,Villa,2055,3,2,10,Yes,Unfurnished,4,90,22,19432080
9673,Pune,Wakad,18.462003,72.924481,Villa,3946,4,3,22,Yes,Unfurnished,28,84,44,35588974
9674,Bengaluru,Whitefield,15.272835,77.356525,Villa,1032,4,3,13,No,Fully,28,90,62,14304552
9675,Hyderabad,Gachibowli,15.401367,78.215134,Apartment,4775,5,4,13,No,Fully,1,61,41,27164975
9676,Bengaluru,Whitefield,18.465723,75.248249,Apartment,533,3,2,7,No,Semi,16,88,87,6211049
9677,Chennai,Velachery,12.6463,78.244216,Villa,4063,2,1,3,Yes,Semi,1,76,81,43632557
9678,Hyderabad,Gachibowli,17.83025,73.525704,Villa,4649,2,1,13,Yes,Semi,22,53,37,19637376
9679,Mumbai,Bandra,15.114788,73.092847,Plot,1448,4,3,6,Yes,Semi,23,100,53,20106928
9680,Chennai,Anna Nagar,16.331068,78.178073,Independent House,2854,4,3,15,Yes,Unfurnished,30,80,7,29467550
9681,Chennai,Anna Nagar,14.052341,74.129244,Villa,2897,3,2,20,No,Semi,27,66,82,36817973
9682,Chennai,Adyar,13.841238,78.823547,Plot,1664,3,2,14,Yes,Semi,11,82,3,12370176
9683,Pune,Baner,12.876159,73.19348,Apartment,2407,5,4,11,Yes,Semi,15,60,30,11775044
9684,Bengaluru,Indiranagar,18.295633,76.48106,Independent House,715,2,1,14,No,Fully,24,89,61,7249385
9685,Hyderabad,Kukatpally,18.98562,72.651412,Plot,2822,4,3,18,No,Unfurnished,30,65,14,16711884
9686,Hyderabad,Madhapur,15.155107,73.616545,Villa,1844,4,3,9,Yes,Fully,11,75,56,18639152
9687,Hyderabad,Gachibowli,18.165969,74.156053,Plot,1046,3,2,6,No,Fully,13,91,45,12645094
9688,Chennai,Velachery,13.511363,76.994029,Apartment,2180,3,2,4,Yes,Unfurnished,14,72,26,12535000
9689,Pune,Baner,12.423114,77.743399,Villa,1885,1,1,16,Yes,Semi,5,98,43,11960325
9690,Bengaluru,Electronic City,17.288982,74.517269,Plot,4204,1,1,4,No,Fully,11,99,68,48316572
9691,Hyderabad,Kondapur,14.634189,73.074769,Apartment,1621,1,1,13,Yes,Semi,18,58,1,13888728
9692,Chennai,Adyar,12.499226,77.341061,Independent House,2648,5,4,4,No,Fully,22,92,93,25169240
9693,Pune,Wakad,12.41367,72.800616,Plot,1948,4,3,16,No,Unfurnished,30,70,10,12200324
9694,Mumbai,Powai,15.893343,72.021124,Apartment,4729,2,1,22,No,Unfurnished,11,84,37,56866225
9695,Mumbai,Andheri,17.15946,73.996236,Plot,2646,4,3,12,No,Unfurnished,10,88,6,13489308
9696,Mumbai,Thane,18.377861,74.707779,Independent House,3205,2,1,2,No,Unfurnished,26,71,35,19364610
9697,Chennai,Adyar,16.012112,74.893606,Villa,3019,2,1,2,Yes,Fully,23,86,5,25733956
9698,Mumbai,Bandra,14.751402,73.789559,Apartment,3774,4,3,22,Yes,Fully,21,57,37,25882092
9699,Bengaluru,HSR Layout,13.398214,79.786374,Apartment,2600,5,4,3,Yes,Unfurnished,13,51,28,26395200
9700,Pune,Hinjewadi,18.313759,78.981319,Apartment,1938,1,1,6,Yes,Fully,11,98,75,14188098
9701,Pune,Hinjewadi,18.422008,79.137605,Independent House,1398,2,1,2,No,Semi,17,69,3,10080978
9702,Pune,Kharadi,14.407002,72.546852,Apartment,3739,5,4,14,No,Fully,17,62,27,39880174
9703,Hyderabad,Kondapur,17.65814,75.889267,Villa,642,2,1,4,Yes,Unfurnished,25,86,61,4306536
9704,Hyderabad,Madhapur,17.766371,72.211283,Apartment,3349,3,2,9,No,Semi,11,87,4,25670085
9705,Pune,Wakad,13.589621,74.789726,Apartment,2403,1,1,6,Yes,Semi,18,55,13,29335824
9706,Chennai,Velachery,12.828693,79.267165,Independent House,1864,1,1,6,No,Fully,1,91,87,15433920
9707,Mumbai,Powai,12.470237,75.939687,Apartment,4590,4,3,4,Yes,Unfurnished,21,73,47,30954960
9708,Chennai,OMR,14.859237,75.586476,Plot,3935,3,2,1,Yes,Semi,17,93,66,20210160
9709,Bengaluru,Whitefield,13.773074,78.159804,Independent House,3147,1,1,25,No,Fully,17,83,87,28115298
9710,Bengaluru,HSR Layout,15.067496,76.606314,Villa,628,1,1,1,No,Fully,0,94,33,6241064
9711,Hyderabad,Kondapur,15.766581,77.310155,Apartment,4226,3,2,14,No,Unfurnished,23,52,60,26070194
9712,Mumbai,Andheri,16.720458,74.761029,Villa,3272,1,1,10,Yes,Fully,19,93,100,19851224
9713,Bengaluru,Indiranagar,16.477874,75.200254,Independent House,4493,1,1,17,No,Unfurnished,17,75,13,18929009
9714,Pune,Kharadi,16.171533,79.845605,Villa,2748,1,1,11,Yes,Semi,22,69,63,15245904
9715,Mumbai,Thane,16.402994,77.649964,Villa,4233,2,1,17,No,Fully,17,91,26,51075378
9716,Bengaluru,HSR Layout,18.457016,72.847393,Villa,1242,5,4,18,Yes,Unfurnished,10,56,57,6139206
9717,Bengaluru,Electronic City,17.826447,79.212746,Apartment,933,1,1,1,Yes,Fully,16,72,83,5538288
9718,Mumbai,Andheri,18.394302,77.466749,Apartment,2634,4,3,14,No,Fully,15,84,96,32145336
9719,Pune,Baner,13.386684,75.052558,Independent House,3494,3,2,17,No,Fully,29,92,69,31575278
9720,Mumbai,Powai,12.502895,75.474093,Independent House,1018,5,4,10,Yes,Fully,15,80,100,11089074
9721,Chennai,Adyar,14.647666,72.940189,Plot,2239,4,3,10,Yes,Semi,6,68,11,24183439
9722,Bengaluru,Electronic City,15.055905,76.777139,Independent House,4120,4,3,10,Yes,Unfurnished,5,72,19,47462400
9723,Mumbai,Andheri,16.159016,79.087365,Plot,3754,3,2,13,No,Unfurnished,5,75,62,15946992
9724,Bengaluru,HSR Layout,14.507128,73.710443,Independent House,1246,3,2,15,No,Unfurnished,18,68,63,14740180
9725,Mumbai,Bandra,17.622155,73.453067,Apartment,4148,1,1,12,Yes,Fully,15,63,55,55255508
9726,Mumbai,Andheri,17.403119,77.287898,Apartment,3487,1,1,6,No,Fully,27,60,13,29587195
9727,Bengaluru,Indiranagar,16.073929,73.118689,Plot,3044,3,2,6,Yes,Fully,14,50,23,21612400
9728,Hyderabad,Gachibowli,15.378963,77.047325,Villa,2827,5,4,14,No,Unfurnished,10,57,97,30353499
9729,Chennai,OMR,15.693843,79.539069,Plot,606,5,4,1,No,Fully,29,65,1,4423194
9730,Hyderabad,Gachibowli,15.911314,75.458921,Plot,4983,1,1,2,No,Unfurnished,2,64,5,73459386
9731,Bengaluru,Indiranagar,14.703066,73.151788,Plot,4427,4,3,13,No,Unfurnished,14,86,11,41542968
9732,Chennai,Anna Nagar,17.232911,78.438956,Plot,4831,1,1,6,Yes,Semi,14,98,100,20541412
9733,Pune,Hinjewadi,16.953091,76.563468,Independent House,4157,5,4,24,No,Unfurnished,5,97,24,42206021
9734,Mumbai,Thane,17.307325,75.746101,Plot,793,5,4,16,Yes,Semi,14,57,72,7944274
9735,Hyderabad,Banjara Hills,13.622659,75.050832,Villa,4589,1,1,17,Yes,Semi,30,77,86,62057047
9736,Hyderabad,Madhapur,18.35462,73.548001,Villa,3782,2,1,2,No,Fully,8,89,85,28296924
9737,Bengaluru,Electronic City,12.300633,79.218543,Independent House,1206,1,1,20,No,Semi,13,93,28,16669332
9738,Mumbai,Thane,14.894342,74.348631,Plot,1486,3,2,11,No,Semi,27,87,80,8247300
9739,Chennai,Velachery,18.584785,79.022421,Plot,3982,1,1,11,Yes,Semi,24,71,62,26321020
9740,Mumbai,Powai,15.825964,75.3606,Independent House,1897,1,1,16,Yes,Unfurnished,7,95,48,23991359
9741,Pune,Hinjewadi,15.585908,77.540458,Apartment,4668,4,3,17,No,Semi,15,82,43,20469180
9742,Pune,Hinjewadi,12.262769,78.805734,Villa,2114,1,1,9,Yes,Semi,3,55,73,31559906
9743,Bengaluru,HSR Layout,12.019176,74.635775,Plot,2583,5,4,6,Yes,Semi,8,85,28,32649120
9744,Hyderabad,Banjara Hills,17.652791,78.416663,Villa,709,3,2,16,Yes,Semi,22,73,41,6752516
9745,Bengaluru,Indiranagar,12.971887,72.784912,Villa,2881,1,1,23,No,Unfurnished,17,78,31,31999267
9746,Bengaluru,HSR Layout,16.074458,76.251001,Independent House,1684,3,2,14,Yes,Fully,7,76,66,12252784
9747,Bengaluru,Electronic City,17.461467,76.341687,Villa,4962,3,2,8,No,Fully,18,67,35,67125936
9748,Chennai,Adyar,16.87221,79.955924,Plot,2503,5,4,1,Yes,Semi,24,83,18,21746064
9749,Mumbai,Powai,14.632054,76.205991,Apartment,4135,2,1,12,No,Fully,19,67,60,35651970
9750,Hyderabad,Banjara Hills,13.991824,74.257868,Plot,517,1,1,22,No,Semi,6,88,48,7401372
9751,Mumbai,Powai,13.928709,73.481974,Plot,864,2,1,6,No,Fully,22,91,34,5934816
9752,Bengaluru,HSR Layout,12.640434,77.303691,Independent House,4714,5,4,11,No,Semi,5,74,5,55832616
9753,Chennai,Velachery,18.272917,73.196825,Apartment,2878,5,4,9,No,Unfurnished,18,67,45,39975420
9754,Mumbai,Andheri,17.82946,74.82587,Plot,2247,2,1,2,Yes,Semi,28,63,18,30729972
9755,Hyderabad,Banjara Hills,14.126282,79.933792,Apartment,4801,5,4,8,Yes,Semi,26,94,85,49637539
9756,Hyderabad,Banjara Hills,14.955671,78.760373,Apartment,1566,4,3,13,No,Unfurnished,19,92,45,19886634
9757,Pune,Wakad,13.358802,75.593456,Plot,1660,1,1,10,Yes,Fully,20,71,63,16697940
9758,Bengaluru,Electronic City,12.776377,78.800288,Villa,2767,1,1,5,Yes,Semi,27,51,18,11234020
9759,Mumbai,Andheri,16.591205,77.680594,Apartment,911,2,1,5,Yes,Fully,5,60,91,8686385
9760,Pune,Baner,16.703303,77.184677,Independent House,567,2,1,2,Yes,Semi,15,94,29,5315625
9761,Pune,Hinjewadi,17.823347,76.825728,Independent House,3850,4,3,22,No,Unfurnished,25,52,26,36082200
9762,Chennai,Adyar,12.896215,73.721843,Apartment,1268,1,1,19,Yes,Semi,20,56,54,6914404
9763,Mumbai,Bandra,17.991147,76.757703,Apartment,4504,4,3,5,Yes,Semi,27,80,51,25519664
9764,Hyderabad,Banjara Hills,17.647724,75.110672,Apartment,1092,2,1,11,Yes,Fully,28,93,2,12081888
9765,Chennai,Velachery,18.671549,76.823807,Apartment,1433,1,1,2,Yes,Semi,2,80,1,20699685
9766,Pune,Baner,14.608597,79.377522,Villa,762,5,4,16,Yes,Unfurnished,19,94,56,5727954
9767,Mumbai,Powai,14.719142,72.115176,Villa,2388,4,3,24,Yes,Fully,26,75,34,29577768
9768,Chennai,Velachery,13.693661,74.62855,Villa,1332,3,2,8,No,Unfurnished,27,64,60,9014976
9769,Mumbai,Thane,12.544991,75.124546,Plot,3976,4,3,5,No,Semi,28,50,51,18488400
9770,Pune,Hinjewadi,18.538163,74.080037,Villa,2661,2,1,17,No,Fully,14,66,98,27919212
9771,Bengaluru,Indiranagar,16.184344,72.666276,Independent House,1579,1,1,13,Yes,Unfurnished,6,82,83,23416570
9772,Hyderabad,Madhapur,15.821612,74.015733,Apartment,2100,5,4,2,No,Fully,30,65,99,21300300
9773,Chennai,Anna Nagar,17.917764,77.534639,Villa,1127,4,3,20,Yes,Semi,17,91,70,6337121
9774,Hyderabad,Miyapur,13.236862,72.100393,Independent House,1439,5,4,9,No,Semi,29,96,48,21481392
9775,Hyderabad,Madhapur,12.588578,75.536328,Apartment,3211,2,1,12,Yes,Unfurnished,21,78,18,14943994
9776,Bengaluru,HSR Layout,14.911983,74.062441,Apartment,4001,3,2,2,No,Semi,9,70,97,40862213
9777,Mumbai,Thane,17.754362,79.853913,Apartment,4947,3,2,3,No,Unfurnished,0,55,68,67655172
9778,Bengaluru,Whitefield,18.711656,76.106551,Villa,3873,2,1,10,Yes,Unfurnished,12,70,46,16030347
9779,Mumbai,Thane,17.550266,73.48273,Independent House,1715,4,3,13,Yes,Fully,14,75,53,15248065
9780,Mumbai,Thane,12.875632,74.961783,Independent House,1584,3,2,1,Yes,Unfurnished,11,65,6,17962560
9781,Bengaluru,Indiranagar,13.73847,78.853592,Plot,4487,2,1,14,Yes,Semi,23,55,96,57631028
9782,Chennai,Velachery,18.126235,73.474599,Plot,2738,2,1,25,Yes,Unfurnished,2,61,71,19732766
9783,Mumbai,Powai,18.555734,79.77274,Apartment,3909,5,4,3,No,Semi,21,100,8,55601616
9784,Bengaluru,Indiranagar,15.994734,73.422479,Villa,1680,5,4,14,Yes,Semi,23,71,5,17959200
9785,Bengaluru,Whitefield,18.811195,75.211762,Apartment,4327,3,2,8,Yes,Fully,9,88,84,21600384
9786,Mumbai,Andheri,15.272235,72.077483,Independent House,4044,1,1,1,No,Fully,23,50,95,54982224
9787,Chennai,Velachery,18.120929,78.049532,Plot,3557,3,2,22,Yes,Unfurnished,11,64,97,44739946
9788,Mumbai,Bandra,15.350392,76.840236,Plot,2393,4,3,0,Yes,Fully,12,86,45,12654184
9789,Bengaluru,Electronic City,18.203691,79.399428,Apartment,1169,4,3,11,Yes,Semi,3,99,26,12726903
9790,Bengaluru,HSR Layout,14.124134,74.723883,Villa,1267,1,1,0,No,Semi,9,63,4,12590179
9791,Bengaluru,Indiranagar,14.464535,79.917151,Independent House,1861,3,2,3,No,Semi,28,88,60,10520233
9792,Mumbai,Thane,17.267294,77.654428,Independent House,4916,3,2,4,Yes,Unfurnished,13,85,37,22775828
9793,Mumbai,Bandra,14.170877,79.078556,Independent House,2439,5,4,6,No,Unfurnished,2,70,49,28438740
9794,Hyderabad,Miyapur,15.391498,79.464918,Apartment,4720,1,1,1,Yes,Semi,6,66,25,63781360
9795,Hyderabad,Kondapur,12.801487,73.045256,Villa,1908,3,2,2,No,Unfurnished,29,68,24,11083572
9796,Chennai,Anna Nagar,16.609536,76.27638,Apartment,1958,4,3,25,No,Fully,16,56,8,11832194
9797,Hyderabad,Banjara Hills,15.261292,74.743331,Plot,1623,3,2,13,Yes,Unfurnished,24,81,53,12760026
9798,Mumbai,Powai,18.183802,72.790864,Villa,3004,4,3,8,No,Semi,5,69,57,37613084
9799,Mumbai,Thane,14.044567,75.719767,Villa,817,3,2,12,Yes,Fully,28,79,34,6070310
9800,Mumbai,Andheri,16.205532,78.00551,Villa,4042,5,4,1,No,Semi,22,91,23,45856490
9801,Chennai,Adyar,17.241704,73.350931,Independent House,3336,4,3,2,Yes,Unfurnished,29,73,5,28609536
9802,Hyderabad,Madhapur,16.453105,79.683869,Apartment,3200,3,2,21,Yes,Unfurnished,7,56,41,19350400
9803,Pune,Baner,16.691162,75.665511,Plot,2367,5,4,25,Yes,Unfurnished,21,85,20,20375136
9804,Hyderabad,Gachibowli,15.553228,77.929924,Plot,4479,4,3,7,No,Unfurnished,5,93,6,33646248
9805,Bengaluru,Indiranagar,18.051389,72.961472,Apartment,540,5,4,18,Yes,Semi,2,86,2,5712660
9806,Bengaluru,Electronic City,12.669161,75.821671,Apartment,4106,2,1,8,Yes,Fully,17,52,25,38715474
9807,Bengaluru,Indiranagar,16.638776,73.611247,Plot,1165,5,4,1,Yes,Semi,25,59,94,17303745
9808,Bengaluru,Electronic City,16.812402,76.004936,Plot,3009,2,1,15,Yes,Unfurnished,9,62,59,37404879
9809,Pune,Wakad,17.829923,75.108728,Independent House,1005,5,4,11,Yes,Semi,22,77,9,14559435
9810,Hyderabad,Miyapur,15.945561,76.695136,Apartment,2424,2,1,8,No,Semi,21,100,44,32716728
9811,Hyderabad,Jubilee Hills,18.28485,73.846969,Independent House,3589,5,4,23,No,Semi,23,63,78,14926651
9812,Hyderabad,Kukatpally,14.176177,78.764492,Villa,4242,4,3,9,No,Semi,27,80,82,32684610
9813,Chennai,OMR,12.789562,79.992167,Independent House,4396,4,3,14,Yes,Fully,1,88,11,20072136
9814,Hyderabad,Kondapur,16.761079,72.861706,Villa,4987,5,4,15,No,Unfurnished,18,60,6,41711268
9815,Hyderabad,Banjara Hills,13.563564,77.32517,Villa,1930,5,4,1,No,Fully,30,67,93,10948890
9816,Hyderabad,Jubilee Hills,15.76669,75.82659,Villa,4364,1,1,24,Yes,Fully,19,73,49,56985112
9817,Chennai,Velachery,12.544516,72.083859,Independent House,4482,4,3,18,No,Fully,1,73,96,63465120
9818,Chennai,OMR,17.394642,76.290381,Villa,3333,3,2,17,Yes,Unfurnished,11,85,7,35046495
9819,Mumbai,Bandra,17.72648,76.143909,Independent House,4102,4,3,18,Yes,Semi,10,96,23,32299148
9820,Mumbai,Thane,16.887399,76.647779,Apartment,3766,3,2,19,Yes,Semi,12,59,9,29514142
9821,Pune,Baner,14.352634,78.223353,Plot,4043,4,3,8,No,Unfurnished,10,95,7,32319742
9822,Chennai,Anna Nagar,17.001112,73.842686,Plot,3933,2,1,3,Yes,Fully,1,55,91,48580416
9823,Hyderabad,Miyapur,14.995029,78.014044,Villa,1270,1,1,9,No,Fully,28,90,88,5175250
9824,Pune,Kharadi,16.104009,75.095361,Plot,4018,5,4,6,No,Unfurnished,4,75,88,57581958
9825,Mumbai,Bandra,18.302689,79.514967,Plot,4775,2,1,17,Yes,Semi,15,62,68,36457125
9826,Hyderabad,Madhapur,16.055952,79.174928,Apartment,4800,4,3,3,No,Semi,15,81,85,59592000
9827,Mumbai,Andheri,16.54695,77.194094,Plot,2612,2,1,14,Yes,Fully,9,69,39,29024544
9828,Mumbai,Bandra,15.744631,79.821445,Villa,3278,2,1,0,Yes,Unfurnished,29,73,34,21500402
9829,Hyderabad,Jubilee Hills,16.963956,73.993899,Apartment,4950,3,2,9,No,Semi,10,58,62,53098650
9830,Hyderabad,Banjara Hills,12.518839,79.270796,Villa,3176,2,1,2,Yes,Semi,24,72,17,19986568
9831,Bengaluru,Indiranagar,18.773741,78.883263,Apartment,4033,3,2,0,No,Fully,23,64,97,31755842
9832,Bengaluru,Whitefield,14.765932,73.144086,Villa,2692,1,1,6,Yes,Semi,3,59,87,28812476
9833,Mumbai,Thane,17.761899,72.277482,Plot,4881,3,2,10,Yes,Unfurnished,28,73,98,40068129
9834,Bengaluru,Indiranagar,15.321547,76.921987,Apartment,2809,3,2,21,Yes,Unfurnished,17,57,68,14103989
9835,Chennai,OMR,18.631198,76.854862,Villa,706,5,4,6,Yes,Semi,24,74,30,3798280
9836,Hyderabad,Gachibowli,17.537332,75.33211,Villa,2593,3,2,18,No,Unfurnished,13,59,70,20663617
9837,Mumbai,Thane,15.789108,74.383222,Villa,4169,3,2,15,Yes,Semi,30,52,78,49652790
9838,Mumbai,Thane,14.099267,73.566438,Villa,4823,3,2,9,No,Semi,0,99,17,26690482
9839,Chennai,OMR,17.580341,78.558883,Apartment,1171,2,1,21,No,Semi,28,79,38,8043599
9840,Hyderabad,Kukatpally,13.061316,75.074019,Plot,510,1,1,14,Yes,Semi,2,78,51,2730540
9841,Pune,Wakad,17.30376,74.11155,Plot,1541,5,4,24,Yes,Unfurnished,18,88,26,17666024
9842,Pune,Kharadi,17.302407,77.47928,Villa,4570,1,1,24,Yes,Fully,14,50,36,39233450
9843,Mumbai,Powai,12.07022,77.090082,Plot,2663,1,1,10,No,Fully,3,62,53,34587044
9844,Mumbai,Bandra,16.77314,72.218732,Plot,670,1,1,22,Yes,Semi,10,50,90,6702010
9845,Mumbai,Andheri,16.106295,73.758716,Independent House,1128,2,1,2,Yes,Unfurnished,22,93,88,15355464
9846,Hyderabad,Gachibowli,12.015362,78.254012,Villa,1274,5,4,1,No,Fully,15,98,91,12217660
9847,Pune,Kharadi,18.762765,77.508848,Plot,4961,2,1,19,Yes,Fully,30,52,61,27131709
9848,Chennai,Anna Nagar,15.016548,73.898597,Plot,4041,4,3,15,Yes,Unfurnished,15,95,4,28295082
9849,Mumbai,Powai,15.071428,75.680977,Villa,3551,3,2,15,No,Unfurnished,29,58,28,39551038
9850,Chennai,OMR,12.966429,78.407089,Independent House,2105,2,1,5,Yes,Unfurnished,12,67,74,21096310
9851,Hyderabad,Madhapur,17.204707,77.693069,Apartment,4913,1,1,6,No,Semi,4,55,55,24373393
9852,Bengaluru,HSR Layout,18.904146,77.53334,Villa,2914,5,4,8,No,Semi,1,73,83,25908374
9853,Pune,Baner,12.021069,76.089462,Apartment,1805,2,1,8,No,Unfurnished,21,60,57,19900125
9854,Hyderabad,Miyapur,14.693832,79.075363,Apartment,1249,3,2,6,Yes,Unfurnished,24,100,43,12025372
9855,Hyderabad,Miyapur,13.528391,77.199581,Independent House,4374,1,1,6,Yes,Semi,30,70,23,55965330
9856,Chennai,Velachery,13.702457,75.642055,Independent House,542,1,1,12,Yes,Semi,4,72,28,2527888
9857,Chennai,OMR,14.760901,72.605913,Plot,3482,1,1,19,Yes,Semi,19,53,52,23332882
9858,Chennai,Adyar,14.292422,73.881128,Apartment,2905,4,3,1,Yes,Semi,16,63,25,15472030
9859,Mumbai,Bandra,16.764476,76.689006,Independent House,998,4,3,18,Yes,Semi,30,81,82,4846288
9860,Mumbai,Andheri,17.295718,79.21585,Villa,4283,2,1,25,Yes,Unfurnished,15,72,7,37600457
9861,Bengaluru,HSR Layout,16.030286,76.866017,Plot,4077,2,1,2,Yes,Fully,19,55,87,46090485
9862,Hyderabad,Banjara Hills,14.622942,76.584361,Apartment,1385,2,1,18,No,Fully,26,99,68,10020475
9863,Hyderabad,Miyapur,13.833117,73.508717,Plot,3532,3,2,2,Yes,Semi,13,94,86,39939856
9864,Hyderabad,Jubilee Hills,12.735586,75.617179,Independent House,1917,2,1,8,Yes,Unfurnished,28,83,37,11126268
9865,Mumbai,Powai,15.937841,78.227855,Independent House,4899,2,1,11,Yes,Unfurnished,21,77,52,73284141
9866,Pune,Baner,12.933724,77.21159,Villa,4843,3,2,3,Yes,Unfurnished,19,57,1,38346874
9867,Hyderabad,Madhapur,14.624687,79.766763,Independent House,3406,4,3,22,Yes,Unfurnished,18,82,95,42128814
9868,Pune,Hinjewadi,14.336815,74.850987,Plot,1147,4,3,2,Yes,Unfurnished,2,63,94,15161046
9869,Bengaluru,Whitefield,13.054929,77.592199,Independent House,3241,5,4,11,Yes,Semi,11,65,9,45286493
9870,Mumbai,Andheri,16.950095,76.775409,Plot,2861,4,3,17,Yes,Unfurnished,14,61,95,25688919
9871,Chennai,Adyar,18.638596,75.802639,Villa,733,4,3,21,Yes,Semi,28,78,74,5430797
9872,Hyderabad,Gachibowli,12.252611,79.303238,Plot,3794,2,1,1,Yes,Unfurnished,16,65,54,50414672
9873,Mumbai,Andheri,17.313617,75.152154,Apartment,1204,4,3,23,Yes,Fully,1,60,33,8434020
9874,Bengaluru,Electronic City,16.212034,75.270376,Apartment,4008,4,3,12,Yes,Fully,27,74,27,55025832
9875,Chennai,OMR,17.722874,78.119517,Independent House,1532,4,3,2,Yes,Fully,23,63,4,9786416
9876,Pune,Hinjewadi,16.76218,78.667475,Villa,642,4,3,1,No,Unfurnished,21,98,29,5333094
9877,Bengaluru,Electronic City,17.27631,72.610056,Apartment,3195,5,4,14,No,Unfurnished,24,70,11,19074150
9878,Mumbai,Bandra,16.064093,75.509152,Villa,4777,4,3,16,Yes,Semi,25,55,76,58073989
9879,Hyderabad,Madhapur,16.810354,74.083083,Plot,2467,3,2,17,Yes,Unfurnished,11,100,76,26219276
9880,Bengaluru,Indiranagar,14.985317,79.150557,Plot,3223,5,4,13,Yes,Fully,19,84,37,16211690
9881,Hyderabad,Kondapur,15.23229,77.597541,Apartment,2414,5,4,20,No,Fully,4,100,61,20197938
9882,Hyderabad,Banjara Hills,16.009479,75.642309,Villa,4913,2,1,8,No,Unfurnished,26,68,14,73459176
9883,Hyderabad,Kondapur,16.667411,79.646356,Apartment,2768,2,1,1,Yes,Fully,11,76,100,33243680
9884,Bengaluru,HSR Layout,15.399761,78.316869,Apartment,718,4,3,8,Yes,Fully,0,84,68,10553164
9885,Bengaluru,Indiranagar,12.119801,72.059593,Plot,1087,4,3,19,Yes,Unfurnished,15,71,14,5842625
9886,Mumbai,Thane,13.962009,78.798221,Villa,1083,2,1,24,Yes,Unfurnished,20,95,18,15847539
9887,Mumbai,Thane,16.167917,72.368913,Independent House,3414,3,2,7,No,Fully,12,80,4,19237890
9888,Chennai,Anna Nagar,17.852069,79.52421,Villa,1071,2,1,21,Yes,Semi,29,82,82,14931882
9889,Hyderabad,Banjara Hills,13.196602,72.897039,Apartment,2179,5,4,1,Yes,Semi,30,78,11,19794036
9890,Bengaluru,Indiranagar,17.250389,78.778543,Plot,2852,2,1,14,No,Semi,22,52,17,15375132
9891,Pune,Hinjewadi,12.890311,73.393713,Villa,755,5,4,4,Yes,Semi,16,76,15,4055105
9892,Pune,Wakad,14.424098,75.371002,Plot,4296,1,1,8,No,Fully,5,93,83,28443816
9893,Hyderabad,Banjara Hills,16.06802,73.596647,Apartment,1305,3,2,17,Yes,Semi,9,94,45,6256170
9894,Bengaluru,Indiranagar,14.34804,78.753367,Villa,1833,4,3,15,No,Unfurnished,13,93,59,8145852
9895,Mumbai,Powai,13.845984,79.55227,Villa,4719,5,4,24,No,Unfurnished,27,86,9,48978501
9896,Mumbai,Thane,12.887062,73.17507,Plot,2687,1,1,1,No,Semi,20,74,96,17188739
9897,Hyderabad,Kondapur,15.95692,74.825253,Plot,1158,3,2,0,No,Semi,3,66,50,12243534
9898,Bengaluru,HSR Layout,17.050104,72.475726,Villa,1139,4,3,23,No,Unfurnished,5,50,77,10518665
9899,Bengaluru,Whitefield,17.995675,75.850651,Plot,2435,5,4,14,No,Semi,2,86,83,22596800
9900,Bengaluru,Electronic City,15.523382,74.048494,Independent House,4647,2,1,0,Yes,Fully,7,58,70,66456747
9901,Chennai,OMR,18.831047,76.768528,Independent House,3286,4,3,11,Yes,Semi,13,83,65,33658498
9902,Chennai,Adyar,16.059881,77.580986,Villa,2065,4,3,11,Yes,Fully,16,91,96,27629700
9903,Pune,Hinjewadi,17.692198,79.761276,Apartment,736,4,3,4,No,Unfurnished,21,61,29,7564608
9904,Chennai,Velachery,13.378857,72.801134,Independent House,4006,3,2,0,Yes,Unfurnished,6,94,75,50431534
9905,Hyderabad,Gachibowli,16.198094,76.881164,Independent House,4516,3,2,18,No,Fully,25,77,19,60961484
9906,Bengaluru,Electronic City,13.512351,72.774508,Independent House,1174,5,4,20,Yes,Fully,29,51,9,15557848
9907,Bengaluru,Electronic City,16.927798,79.19531,Villa,1970,3,2,11,No,Semi,0,72,87,10986690
9908,Hyderabad,Banjara Hills,13.280871,76.133444,Villa,4530,5,4,17,Yes,Semi,18,55,10,43646550
9909,Bengaluru,Electronic City,18.149161,77.660558,Villa,2632,3,2,23,No,Fully,6,92,57,20713840
9910,Pune,Wakad,15.563513,78.711002,Villa,4817,3,2,13,Yes,Fully,8,62,62,68430302
9911,Chennai,Velachery,16.385627,79.927442,Independent House,2563,5,4,7,No,Unfurnished,27,73,28,26181045
9912,Hyderabad,Miyapur,18.877348,77.488468,Apartment,4801,4,3,7,No,Fully,4,99,31,36847675
9913,Bengaluru,Whitefield,15.836734,73.989323,Plot,3013,1,1,6,Yes,Fully,10,100,2,31314109
9914,Hyderabad,Kondapur,14.50754,72.30466,Plot,2503,2,1,16,Yes,Unfurnished,17,57,30,33880608
9915,Bengaluru,Whitefield,18.626611,75.344047,Independent House,4096,5,4,4,Yes,Fully,22,90,75,58920960
9916,Mumbai,Thane,17.226513,75.260137,Villa,2039,3,2,5,No,Semi,3,50,9,24779967
9917,Mumbai,Thane,13.420099,76.318055,Villa,3310,2,1,9,No,Fully,19,51,92,21164140
9918,Bengaluru,Whitefield,17.007373,74.14007,Plot,1164,3,2,16,No,Fully,22,71,56,9189780
9919,Pune,Hinjewadi,13.168971,78.115197,Villa,2432,3,2,15,No,Semi,2,50,9,16396544
9920,Pune,Hinjewadi,14.689699,76.778102,Independent House,4644,1,1,5,No,Fully,17,97,73,21190572
9921,Hyderabad,Madhapur,14.099086,75.78128,Apartment,3782,3,2,1,No,Semi,7,58,42,34041782
9922,Chennai,Anna Nagar,12.625017,75.787406,Plot,3982,4,3,19,Yes,Semi,22,76,2,50495742
9923,Pune,Hinjewadi,13.973138,73.047862,Plot,3248,5,4,14,No,Fully,0,65,75,26997376
9924,Chennai,Velachery,16.619957,74.620292,Independent House,4403,3,2,0,Yes,Fully,10,75,15,17977449
9925,Mumbai,Bandra,15.089836,79.373038,Apartment,915,5,4,10,Yes,Fully,23,89,61,8402445
9926,Chennai,OMR,17.926449,78.319595,Independent House,4900,2,1,14,Yes,Semi,19,98,96,69143900
9927,Mumbai,Bandra,13.427349,76.905906,Villa,3199,4,3,23,No,Fully,22,79,3,38282433
9928,Hyderabad,Gachibowli,15.909912,74.655283,Independent House,4240,3,2,15,No,Fully,15,93,26,25257680
9929,Bengaluru,HSR Layout,13.04292,77.613713,Independent House,3829,5,4,10,Yes,Fully,11,67,8,50163729
9930,Bengaluru,Whitefield,15.617546,72.618351,Apartment,1285,5,4,24,No,Unfurnished,4,81,80,18960175
9931,Chennai,Anna Nagar,16.671728,73.512192,Independent House,1784,2,1,6,Yes,Fully,18,74,50,17137104
9932,Hyderabad,Miyapur,12.848741,72.182835,Villa,3909,2,1,24,Yes,Unfurnished,25,74,34,41040591
9933,Hyderabad,Banjara Hills,15.61727,74.272696,Villa,3568,4,3,4,Yes,Fully,3,96,29,37820800
9934,Mumbai,Thane,12.560195,77.436641,Villa,2213,1,1,17,No,Semi,28,63,20,12060850
9935,Chennai,Adyar,16.280355,74.99774,Apartment,3379,1,1,1,Yes,Unfurnished,14,65,43,23115739
9936,Hyderabad,Miyapur,13.033188,78.455814,Independent House,4980,2,1,17,Yes,Fully,9,98,66,73440060
9937,Mumbai,Andheri,18.032474,73.443219,Plot,4974,1,1,8,No,Unfurnished,11,55,7,61543302
9938,Hyderabad,Miyapur,15.804914,78.407006,Villa,2695,5,4,14,Yes,Semi,22,75,15,24408615
9939,Chennai,Velachery,17.201746,78.014849,Apartment,4342,4,3,12,No,Semi,7,81,84,34184566
9940,Chennai,Velachery,17.924893,72.52636,Independent House,1796,2,1,3,No,Semi,7,52,97,9894164
9941,Pune,Hinjewadi,15.87746,77.283894,Plot,1541,1,1,20,No,Fully,12,60,19,6754203
9942,Bengaluru,Indiranagar,16.283298,75.665599,Independent House,3503,1,1,3,Yes,Semi,14,89,6,34721736
9943,Chennai,Adyar,14.832644,78.275055,Apartment,2154,1,1,4,Yes,Fully,9,86,47,24508212
9944,Hyderabad,Madhapur,15.717542,75.252096,Villa,4859,5,4,10,Yes,Fully,28,78,13,52219673
9945,Chennai,OMR,15.690881,79.136319,Plot,4670,3,2,11,No,Semi,28,95,50,65211880
9946,Hyderabad,Kondapur,16.141774,77.792868,Independent House,2719,5,4,9,No,Semi,22,77,80,20876482
9947,Pune,Hinjewadi,18.740616,72.48783,Villa,3212,3,2,8,Yes,Fully,15,82,33,34169256
9948,Chennai,Velachery,17.701228,74.970076,Independent House,2608,2,1,3,No,Semi,4,85,60,20970928
9949,Hyderabad,Banjara Hills,14.749795,75.623885,Villa,2511,2,1,6,No,Unfurnished,25,71,35,25255638
9950,Chennai,Anna Nagar,17.1015,73.652598,Independent House,3271,3,2,16,No,Semi,15,57,94,15903602
9951,Mumbai,Bandra,15.395627,79.060645,Independent House,4694,5,4,16,Yes,Fully,4,59,86,29614446
9952,Mumbai,Powai,15.020822,78.266148,Apartment,4690,2,1,16,Yes,Fully,30,85,29,55318550
9953,Bengaluru,HSR Layout,18.693313,75.498012,Independent House,4584,2,1,2,No,Unfurnished,18,82,85,45037800
9954,Hyderabad,Gachibowli,18.765614,72.237973,Apartment,2373,1,1,2,No,Unfurnished,25,62,41,12491472
9955,Bengaluru,Whitefield,12.632061,77.126408,Independent House,4113,5,4,16,No,Semi,9,71,82,21029769
9956,Pune,Kharadi,16.823338,74.770504,Apartment,598,5,4,6,No,Semi,0,87,3,4197362
9957,Chennai,Adyar,13.190515,78.072032,Plot,3243,4,3,11,No,Semi,22,80,43,18001893
9958,Hyderabad,Banjara Hills,16.070833,76.54273,Independent House,2518,2,1,20,Yes,Unfurnished,0,66,55,31313848
9959,Hyderabad,Madhapur,14.47477,74.529934,Independent House,4939,2,1,21,Yes,Unfurnished,18,73,33,61604147
9960,Mumbai,Thane,15.538618,72.215012,Apartment,4229,3,2,14,No,Fully,14,56,41,37676161
9961,Hyderabad,Kukatpally,13.787081,72.443196,Independent House,4740,5,4,18,Yes,Unfurnished,25,56,93,54107100
9962,Mumbai,Andheri,12.534764,77.953054,Villa,3609,4,3,12,No,Semi,9,76,74,49439691
9963,Chennai,OMR,18.673978,76.722737,Apartment,3236,4,3,18,Yes,Semi,28,60,94,27489820
9964,Bengaluru,Whitefield,12.735593,73.57769,Villa,4400,3,2,16,No,Fully,13,55,100,63949600
9965,Mumbai,Andheri,15.028191,73.655031,Independent House,3039,4,3,17,No,Semi,15,86,37,34392363
9966,Pune,Wakad,12.071091,78.170909,Villa,3377,1,1,12,Yes,Unfurnished,15,58,4,40503738
9967,Bengaluru,Electronic City,17.34644,79.719054,Villa,1830,2,1,19,No,Unfurnished,13,73,33,24220050
9968,Chennai,Adyar,14.323486,72.197976,Independent House,1352,4,3,12,No,Unfurnished,1,59,70,15461472
9969,Pune,Hinjewadi,17.47528,77.469969,Villa,2268,5,4,25,No,Unfurnished,15,99,97,24551100
9970,Hyderabad,Gachibowli,18.172996,72.64667,Apartment,1841,4,3,9,Yes,Unfurnished,14,51,25,13951098
9971,Bengaluru,Indiranagar,16.171257,78.045538,Independent House,804,1,1,1,Yes,Fully,15,60,44,8631744
9972,Hyderabad,Madhapur,18.32607,79.859625,Plot,636,3,2,9,Yes,Fully,6,63,68,7902300
9973,Hyderabad,Gachibowli,14.38497,72.011665,Independent House,3462,2,1,6,Yes,Fully,22,98,9,38881722
9974,Bengaluru,Electronic City,15.871106,76.331452,Plot,4688,4,3,22,Yes,Semi,21,54,32,20149024
9975,Pune,Hinjewadi,14.924655,73.408239,Apartment,1137,5,4,23,Yes,Fully,11,67,46,16379622
9976,Pune,Baner,13.012959,76.657715,Plot,885,1,1,10,Yes,Unfurnished,17,80,54,5300265
9977,Pune,Hinjewadi,18.081808,73.706584,Plot,3987,1,1,15,No,Semi,3,64,6,21059334
9978,Pune,Hinjewadi,17.619588,73.787667,Independent House,3781,5,4,1,No,Unfurnished,17,87,47,49999944
9979,Pune,Baner,15.292781,74.06157,Plot,3646,2,1,1,No,Unfurnished,9,97,9,28537242
9980,Pune,Baner,14.156251,73.754115,Villa,2677,1,1,4,No,Unfurnished,11,73,88,18024241
9981,Chennai,Adyar,17.830753,76.009192,Apartment,1771,3,2,4,Yes,Fully,22,69,88,9825508
9982,Mumbai,Thane,16.7553,75.195345,Apartment,2476,4,3,4,No,Fully,27,64,5,28845400
9983,Mumbai,Thane,14.230072,76.563042,Apartment,1508,4,3,9,Yes,Fully,10,85,40,7564128
9984,Hyderabad,Kondapur,18.681158,74.301781,Plot,2973,3,2,13,Yes,Unfurnished,25,67,61,16021497
9985,Chennai,OMR,15.484995,73.485548,Apartment,586,2,1,21,No,Unfurnished,10,75,32,4079146
9986,Bengaluru,Electronic City,17.378136,77.788193,Villa,1063,3,2,8,No,Fully,23,93,7,8818648
9987,Hyderabad,Kukatpally,14.978987,78.67949,Villa,1197,1,1,5,No,Unfurnished,5,87,27,15602895
9988,Chennai,Adyar,17.785126,78.561949,Apartment,2143,3,2,13,No,Unfurnished,2,97,80,16591106
9989,Pune,Wakad,13.934034,75.917569,Apartment,991,2,1,15,No,Fully,13,65,4,13697602
9990,Bengaluru,Whitefield,13.681981,76.17386,Independent House,3727,4,3,11,No,Unfurnished,19,90,65,19846275
9991,Bengaluru,Electronic City,16.389011,75.148607,Plot,3587,4,3,7,No,Unfurnished,10,91,18,26565322
9992,Pune,Baner,18.522047,77.865772,Apartment,2966,2,1,5,No,Semi,15,60,31,36885176
9993,Hyderabad,Jubilee Hills,12.948281,78.350854,Independent House,2981,5,4,10,No,Semi,12,57,3,14723159
9994,Pune,Wakad,12.896966,77.07443,Plot,2868,3,2,3,Yes,Semi,24,74,73,41347956
9995,Hyderabad,Madhapur,13.236364,78.004057,Plot,3683,3,2,10,Yes,Unfurnished,23,81,71,35529901
9996,Chennai,Anna Nagar,15.18741,74.225264,Plot,3393,3,2,17,Yes,Unfurnished,8,89,29,43128423
9997,Bengaluru,HSR Layout,13.797099,72.834549,Independent House,2483,3,2,6,Yes,Unfurnished,24,97,77,31693012
9998,Hyderabad,Gachibowli,12.40399,79.010866,Independent House,3052,4,3,21,Yes,Semi,14,52,36,38565072
9999,Mumbai,Thane,14.010043,78.627527,Independent House,2996,3,2,11,No,Fully,23,91,53,32503604
10000,Chennai,Adyar,13.810705,76.395718,Villa,2976,2,1,7,Yes,Fully,13,78,58,38524320
