Question,Answer,Category
What affects property valuation? #1,"Location, area, amenities, market demand, comparable sales, infrastructure, and property condition influence valuation.",Property Valuation
What affects property valuation? #2,"Location, area, amenities, market demand, comparable sales, infrastructure, and property condition influence valuation.",Property Valuation
What affects property valuation? #3,"Location, area, amenities, market demand, comparable sales, infrastructure, and property condition influence valuation.",Property Valuation
What affects property valuation? #4,"Location, area, amenities, market demand, comparable sales, infrastructure, and property condition influence valuation.",Property Valuation
What affects property valuation? #5,"Location, area, amenities, market demand, comparable sales, infrastructure, and property condition influence valuation.",Property Valuation
What affects property valuation? #6,"Location, area, amenities, market demand, comparable sales, infrastructure, and property condition influence valuation.",Property Valuation
What affects property valuation? #7,"Location, area, amenities, market demand, comparable sales, infrastructure, and property condition influence valuation.",Property Valuation
What affects property valuation? #8,"Location, area, amenities, market demand, comparable sales, infrastructure, and property condition influence valuation.",Property Valuation
What affects property valuation? #9,"Location, area, amenities, market demand, comparable sales, infrastructure, and property condition influence valuation.",Property Valuation
What affects property valuation? #10,"Location, area, amenities, market demand, comparable sales, infrastructure, and property condition influence valuation.",Property Valuation
What affects property valuation? #11,"Location, area, amenities, market demand, comparable sales, infrastructure, and property condition influence valuation.",Property Valuation
What affects property valuation? #12,"Location, area, amenities, market demand, comparable sales, infrastructure, and property condition influence valuation.",Property Valuation
What affects property valuation? #13,"Location, area, amenities, market demand, comparable sales, infrastructure, and property condition influence valuation.",Property Valuation
What affects property valuation? #14,"Location, area, amenities, market demand, comparable sales, infrastructure, and property condition influence valuation.",Property Valuation
What affects property valuation? #15,"Location, area, amenities, market demand, comparable sales, infrastructure, and property condition influence valuation.",Property Valuation
What affects property valuation? #16,"Location, area, amenities, market demand, comparable sales, infrastructure, and property condition influence valuation.",Property Valuation
What affects property valuation? #17,"Location, area, amenities, market demand, comparable sales, infrastructure, and property condition influence valuation.",Property Valuation
What affects property valuation? #18,"Location, area, amenities, market demand, comparable sales, infrastructure, and property condition influence valuation.",Property Valuation
What affects property valuation? #19,"Location, area, amenities, market demand, comparable sales, infrastructure, and property condition influence valuation.",Property Valuation
What affects property valuation? #20,"Location, area, amenities, market demand, comparable sales, infrastructure, and property condition influence valuation.",Property Valuation
What affects property valuation? #21,"Location, area, amenities, market demand, comparable sales, infrastructure, and property condition influence valuation.",Property Valuation
What affects property valuation? #22,"Location, area, amenities, market demand, comparable sales, infrastructure, and property condition influence valuation.",Property Valuation
What affects property valuation? #23,"Location, area, amenities, market demand, comparable sales, infrastructure, and property condition influence valuation.",Property Valuation
What affects property valuation? #24,"Location, area, amenities, market demand, comparable sales, infrastructure, and property condition influence valuation.",Property Valuation
What affects property valuation? #25,"Location, area, amenities, market demand, comparable sales, infrastructure, and property condition influence valuation.",Property Valuation
What affects property valuation? #26,"Location, area, amenities, market demand, comparable sales, infrastructure, and property condition influence valuation.",Property Valuation
What affects property valuation? #27,"Location, area, amenities, market demand, comparable sales, infrastructure, and property condition influence valuation.",Property Valuation
What affects property valuation? #28,"Location, area, amenities, market demand, comparable sales, infrastructure, and property condition influence valuation.",Property Valuation
What affects property valuation? #29,"Location, area, amenities, market demand, comparable sales, infrastructure, and property condition influence valuation.",Property Valuation
What affects property valuation? #30,"Location, area, amenities, market demand, comparable sales, infrastructure, and property condition influence valuation.",Property Valuation
What affects property valuation? #31,"Location, area, amenities, market demand, comparable sales, infrastructure, and property condition influence valuation.",Property Valuation
What affects property valuation? #32,"Location, area, amenities, market demand, comparable sales, infrastructure, and property condition influence valuation.",Property Valuation
What affects property valuation? #33,"Location, area, amenities, market demand, comparable sales, infrastructure, and property condition influence valuation.",Property Valuation
What affects property valuation? #34,"Location, area, amenities, market demand, comparable sales, infrastructure, and property condition influence valuation.",Property Valuation
What affects property valuation? #35,"Location, area, amenities, market demand, comparable sales, infrastructure, and property condition influence valuation.",Property Valuation
What affects property valuation? #36,"Location, area, amenities, market demand, comparable sales, infrastructure, and property condition influence valuation.",Property Valuation
What affects property valuation? #37,"Location, area, amenities, market demand, comparable sales, infrastructure, and property condition influence valuation.",Property Valuation
What affects property valuation? #38,"Location, area, amenities, market demand, comparable sales, infrastructure, and property condition influence valuation.",Property Valuation
What affects property valuation? #39,"Location, area, amenities, market demand, comparable sales, infrastructure, and property condition influence valuation.",Property Valuation
What affects property valuation? #40,"Location, area, amenities, market demand, comparable sales, infrastructure, and property condition influence valuation.",Property Valuation
What affects property valuation? #41,"Location, area, amenities, market demand, comparable sales, infrastructure, and property condition influence valuation.",Property Valuation
What affects property valuation? #42,"Location, area, amenities, market demand, comparable sales, infrastructure, and property condition influence valuation.",Property Valuation
What affects property valuation? #43,"Location, area, amenities, market demand, comparable sales, infrastructure, and property condition influence valuation.",Property Valuation
What affects property valuation? #44,"Location, area, amenities, market demand, comparable sales, infrastructure, and property condition influence valuation.",Property Valuation
What affects property valuation? #45,"Location, area, amenities, market demand, comparable sales, infrastructure, and property condition influence valuation.",Property Valuation
What affects property valuation? #46,"Location, area, amenities, market demand, comparable sales, infrastructure, and property condition influence valuation.",Property Valuation
What affects property valuation? #47,"Location, area, amenities, market demand, comparable sales, infrastructure, and property condition influence valuation.",Property Valuation
What affects property valuation? #48,"Location, area, amenities, market demand, comparable sales, infrastructure, and property condition influence valuation.",Property Valuation
What affects property valuation? #49,"Location, area, amenities, market demand, comparable sales, infrastructure, and property condition influence valuation.",Property Valuation
What affects property valuation? #50,"Location, area, amenities, market demand, comparable sales, infrastructure, and property condition influence valuation.",Property Valuation
What affects property valuation? #51,"Location, area, amenities, market demand, comparable sales, infrastructure, and property condition influence valuation.",Property Valuation
What affects property valuation? #52,"Location, area, amenities, market demand, comparable sales, infrastructure, and property condition influence valuation.",Property Valuation
What affects property valuation? #53,"Location, area, amenities, market demand, comparable sales, infrastructure, and property condition influence valuation.",Property Valuation
What affects property valuation? #54,"Location, area, amenities, market demand, comparable sales, infrastructure, and property condition influence valuation.",Property Valuation
What affects property valuation? #55,"Location, area, amenities, market demand, comparable sales, infrastructure, and property condition influence valuation.",Property Valuation
What affects property valuation? #56,"Location, area, amenities, market demand, comparable sales, infrastructure, and property condition influence valuation.",Property Valuation
What affects property valuation? #57,"Location, area, amenities, market demand, comparable sales, infrastructure, and property condition influence valuation.",Property Valuation
What affects property valuation? #58,"Location, area, amenities, market demand, comparable sales, infrastructure, and property condition influence valuation.",Property Valuation
What affects property valuation? #59,"Location, area, amenities, market demand, comparable sales, infrastructure, and property condition influence valuation.",Property Valuation
What affects property valuation? #60,"Location, area, amenities, market demand, comparable sales, infrastructure, and property condition influence valuation.",Property Valuation
What affects property valuation? #61,"Location, area, amenities, market demand, comparable sales, infrastructure, and property condition influence valuation.",Property Valuation
What affects property valuation? #62,"Location, area, amenities, market demand, comparable sales, infrastructure, and property condition influence valuation.",Property Valuation
What affects property valuation? #63,"Location, area, amenities, market demand, comparable sales, infrastructure, and property condition influence valuation.",Property Valuation
What affects property valuation? #64,"Location, area, amenities, market demand, comparable sales, infrastructure, and property condition influence valuation.",Property Valuation
What affects property valuation? #65,"Location, area, amenities, market demand, comparable sales, infrastructure, and property condition influence valuation.",Property Valuation
What affects property valuation? #66,"Location, area, amenities, market demand, comparable sales, infrastructure, and property condition influence valuation.",Property Valuation
What affects property valuation? #67,"Location, area, amenities, market demand, comparable sales, infrastructure, and property condition influence valuation.",Property Valuation
What affects property valuation? #68,"Location, area, amenities, market demand, comparable sales, infrastructure, and property condition influence valuation.",Property Valuation
What affects property valuation? #69,"Location, area, amenities, market demand, comparable sales, infrastructure, and property condition influence valuation.",Property Valuation
What affects property valuation? #70,"Location, area, amenities, market demand, comparable sales, infrastructure, and property condition influence valuation.",Property Valuation
What affects property valuation? #71,"Location, area, amenities, market demand, comparable sales, infrastructure, and property condition influence valuation.",Property Valuation
What affects property valuation? #72,"Location, area, amenities, market demand, comparable sales, infrastructure, and property condition influence valuation.",Property Valuation
What affects property valuation? #73,"Location, area, amenities, market demand, comparable sales, infrastructure, and property condition influence valuation.",Property Valuation
What affects property valuation? #74,"Location, area, amenities, market demand, comparable sales, infrastructure, and property condition influence valuation.",Property Valuation
What affects property valuation? #75,"Location, area, amenities, market demand, comparable sales, infrastructure, and property condition influence valuation.",Property Valuation
What affects property valuation? #76,"Location, area, amenities, market demand, comparable sales, infrastructure, and property condition influence valuation.",Property Valuation
What affects property valuation? #77,"Location, area, amenities, market demand, comparable sales, infrastructure, and property condition influence valuation.",Property Valuation
What affects property valuation? #78,"Location, area, amenities, market demand, comparable sales, infrastructure, and property condition influence valuation.",Property Valuation
What affects property valuation? #79,"Location, area, amenities, market demand, comparable sales, infrastructure, and property condition influence valuation.",Property Valuation
What affects property valuation? #80,"Location, area, amenities, market demand, comparable sales, infrastructure, and property condition influence valuation.",Property Valuation
What affects property valuation? #81,"Location, area, amenities, market demand, comparable sales, infrastructure, and property condition influence valuation.",Property Valuation
What affects property valuation? #82,"Location, area, amenities, market demand, comparable sales, infrastructure, and property condition influence valuation.",Property Valuation
What affects property valuation? #83,"Location, area, amenities, market demand, comparable sales, infrastructure, and property condition influence valuation.",Property Valuation
What affects property valuation? #84,"Location, area, amenities, market demand, comparable sales, infrastructure, and property condition influence valuation.",Property Valuation
What affects property valuation? #85,"Location, area, amenities, market demand, comparable sales, infrastructure, and property condition influence valuation.",Property Valuation
What affects property valuation? #86,"Location, area, amenities, market demand, comparable sales, infrastructure, and property condition influence valuation.",Property Valuation
What affects property valuation? #87,"Location, area, amenities, market demand, comparable sales, infrastructure, and property condition influence valuation.",Property Valuation
What affects property valuation? #88,"Location, area, amenities, market demand, comparable sales, infrastructure, and property condition influence valuation.",Property Valuation
What affects property valuation? #89,"Location, area, amenities, market demand, comparable sales, infrastructure, and property condition influence valuation.",Property Valuation
What affects property valuation? #90,"Location, area, amenities, market demand, comparable sales, infrastructure, and property condition influence valuation.",Property Valuation
What affects property valuation? #91,"Location, area, amenities, market demand, comparable sales, infrastructure, and property condition influence valuation.",Property Valuation
What affects property valuation? #92,"Location, area, amenities, market demand, comparable sales, infrastructure, and property condition influence valuation.",Property Valuation
What affects property valuation? #93,"Location, area, amenities, market demand, comparable sales, infrastructure, and property condition influence valuation.",Property Valuation
What affects property valuation? #94,"Location, area, amenities, market demand, comparable sales, infrastructure, and property condition influence valuation.",Property Valuation
What affects property valuation? #95,"Location, area, amenities, market demand, comparable sales, infrastructure, and property condition influence valuation.",Property Valuation
What affects property valuation? #96,"Location, area, amenities, market demand, comparable sales, infrastructure, and property condition influence valuation.",Property Valuation
What affects property valuation? #97,"Location, area, amenities, market demand, comparable sales, infrastructure, and property condition influence valuation.",Property Valuation
What affects property valuation? #98,"Location, area, amenities, market demand, comparable sales, infrastructure, and property condition influence valuation.",Property Valuation
What affects property valuation? #99,"Location, area, amenities, market demand, comparable sales, infrastructure, and property condition influence valuation.",Property Valuation
What affects property valuation? #100,"Location, area, amenities, market demand, comparable sales, infrastructure, and property condition influence valuation.",Property Valuation
What affects property valuation? #101,"Location, area, amenities, market demand, comparable sales, infrastructure, and property condition influence valuation.",Property Valuation
What affects property valuation? #102,"Location, area, amenities, market demand, comparable sales, infrastructure, and property condition influence valuation.",Property Valuation
What affects property valuation? #103,"Location, area, amenities, market demand, comparable sales, infrastructure, and property condition influence valuation.",Property Valuation
What affects property valuation? #104,"Location, area, amenities, market demand, comparable sales, infrastructure, and property condition influence valuation.",Property Valuation
What affects property valuation? #105,"Location, area, amenities, market demand, comparable sales, infrastructure, and property condition influence valuation.",Property Valuation
What affects property valuation? #106,"Location, area, amenities, market demand, comparable sales, infrastructure, and property condition influence valuation.",Property Valuation
What affects property valuation? #107,"Location, area, amenities, market demand, comparable sales, infrastructure, and property condition influence valuation.",Property Valuation
What affects property valuation? #108,"Location, area, amenities, market demand, comparable sales, infrastructure, and property condition influence valuation.",Property Valuation
What affects property valuation? #109,"Location, area, amenities, market demand, comparable sales, infrastructure, and property condition influence valuation.",Property Valuation
What affects property valuation? #110,"Location, area, amenities, market demand, comparable sales, infrastructure, and property condition influence valuation.",Property Valuation
What affects property valuation? #111,"Location, area, amenities, market demand, comparable sales, infrastructure, and property condition influence valuation.",Property Valuation
What affects property valuation? #112,"Location, area, amenities, market demand, comparable sales, infrastructure, and property condition influence valuation.",Property Valuation
What affects property valuation? #113,"Location, area, amenities, market demand, comparable sales, infrastructure, and property condition influence valuation.",Property Valuation
What affects property valuation? #114,"Location, area, amenities, market demand, comparable sales, infrastructure, and property condition influence valuation.",Property Valuation
What affects property valuation? #115,"Location, area, amenities, market demand, comparable sales, infrastructure, and property condition influence valuation.",Property Valuation
What affects property valuation? #116,"Location, area, amenities, market demand, comparable sales, infrastructure, and property condition influence valuation.",Property Valuation
What affects property valuation? #117,"Location, area, amenities, market demand, comparable sales, infrastructure, and property condition influence valuation.",Property Valuation
What affects property valuation? #118,"Location, area, amenities, market demand, comparable sales, infrastructure, and property condition influence valuation.",Property Valuation
What affects property valuation? #119,"Location, area, amenities, market demand, comparable sales, infrastructure, and property condition influence valuation.",Property Valuation
What affects property valuation? #120,"Location, area, amenities, market demand, comparable sales, infrastructure, and property condition influence valuation.",Property Valuation
What affects property valuation? #121,"Location, area, amenities, market demand, comparable sales, infrastructure, and property condition influence valuation.",Property Valuation
What affects property valuation? #122,"Location, area, amenities, market demand, comparable sales, infrastructure, and property condition influence valuation.",Property Valuation
What affects property valuation? #123,"Location, area, amenities, market demand, comparable sales, infrastructure, and property condition influence valuation.",Property Valuation
What affects property valuation? #124,"Location, area, amenities, market demand, comparable sales, infrastructure, and property condition influence valuation.",Property Valuation
What affects property valuation? #125,"Location, area, amenities, market demand, comparable sales, infrastructure, and property condition influence valuation.",Property Valuation
What affects property valuation? #126,"Location, area, amenities, market demand, comparable sales, infrastructure, and property condition influence valuation.",Property Valuation
What affects property valuation? #127,"Location, area, amenities, market demand, comparable sales, infrastructure, and property condition influence valuation.",Property Valuation
What affects property valuation? #128,"Location, area, amenities, market demand, comparable sales, infrastructure, and property condition influence valuation.",Property Valuation
What affects property valuation? #129,"Location, area, amenities, market demand, comparable sales, infrastructure, and property condition influence valuation.",Property Valuation
What affects property valuation? #130,"Location, area, amenities, market demand, comparable sales, infrastructure, and property condition influence valuation.",Property Valuation
What affects property valuation? #131,"Location, area, amenities, market demand, comparable sales, infrastructure, and property condition influence valuation.",Property Valuation
What affects property valuation? #132,"Location, area, amenities, market demand, comparable sales, infrastructure, and property condition influence valuation.",Property Valuation
What affects property valuation? #133,"Location, area, amenities, market demand, comparable sales, infrastructure, and property condition influence valuation.",Property Valuation
What affects property valuation? #134,"Location, area, amenities, market demand, comparable sales, infrastructure, and property condition influence valuation.",Property Valuation
What affects property valuation? #135,"Location, area, amenities, market demand, comparable sales, infrastructure, and property condition influence valuation.",Property Valuation
What affects property valuation? #136,"Location, area, amenities, market demand, comparable sales, infrastructure, and property condition influence valuation.",Property Valuation
What affects property valuation? #137,"Location, area, amenities, market demand, comparable sales, infrastructure, and property condition influence valuation.",Property Valuation
What affects property valuation? #138,"Location, area, amenities, market demand, comparable sales, infrastructure, and property condition influence valuation.",Property Valuation
What affects property valuation? #139,"Location, area, amenities, market demand, comparable sales, infrastructure, and property condition influence valuation.",Property Valuation
What affects property valuation? #140,"Location, area, amenities, market demand, comparable sales, infrastructure, and property condition influence valuation.",Property Valuation
What affects property valuation? #141,"Location, area, amenities, market demand, comparable sales, infrastructure, and property condition influence valuation.",Property Valuation
What affects property valuation? #142,"Location, area, amenities, market demand, comparable sales, infrastructure, and property condition influence valuation.",Property Valuation
What affects property valuation? #143,"Location, area, amenities, market demand, comparable sales, infrastructure, and property condition influence valuation.",Property Valuation
What affects property valuation? #144,"Location, area, amenities, market demand, comparable sales, infrastructure, and property condition influence valuation.",Property Valuation
What affects property valuation? #145,"Location, area, amenities, market demand, comparable sales, infrastructure, and property condition influence valuation.",Property Valuation
What affects property valuation? #146,"Location, area, amenities, market demand, comparable sales, infrastructure, and property condition influence valuation.",Property Valuation
What affects property valuation? #147,"Location, area, amenities, market demand, comparable sales, infrastructure, and property condition influence valuation.",Property Valuation
What affects property valuation? #148,"Location, area, amenities, market demand, comparable sales, infrastructure, and property condition influence valuation.",Property Valuation
What affects property valuation? #149,"Location, area, amenities, market demand, comparable sales, infrastructure, and property condition influence valuation.",Property Valuation
What affects property valuation? #150,"Location, area, amenities, market demand, comparable sales, infrastructure, and property condition influence valuation.",Property Valuation
What affects property valuation? #151,"Location, area, amenities, market demand, comparable sales, infrastructure, and property condition influence valuation.",Property Valuation
What affects property valuation? #152,"Location, area, amenities, market demand, comparable sales, infrastructure, and property condition influence valuation.",Property Valuation
What affects property valuation? #153,"Location, area, amenities, market demand, comparable sales, infrastructure, and property condition influence valuation.",Property Valuation
What affects property valuation? #154,"Location, area, amenities, market demand, comparable sales, infrastructure, and property condition influence valuation.",Property Valuation
What affects property valuation? #155,"Location, area, amenities, market demand, comparable sales, infrastructure, and property condition influence valuation.",Property Valuation
What affects property valuation? #156,"Location, area, amenities, market demand, comparable sales, infrastructure, and property condition influence valuation.",Property Valuation
What affects property valuation? #157,"Location, area, amenities, market demand, comparable sales, infrastructure, and property condition influence valuation.",Property Valuation
What affects property valuation? #158,"Location, area, amenities, market demand, comparable sales, infrastructure, and property condition influence valuation.",Property Valuation
What affects property valuation? #159,"Location, area, amenities, market demand, comparable sales, infrastructure, and property condition influence valuation.",Property Valuation
What affects property valuation? #160,"Location, area, amenities, market demand, comparable sales, infrastructure, and property condition influence valuation.",Property Valuation
What affects property valuation? #161,"Location, area, amenities, market demand, comparable sales, infrastructure, and property condition influence valuation.",Property Valuation
What affects property valuation? #162,"Location, area, amenities, market demand, comparable sales, infrastructure, and property condition influence valuation.",Property Valuation
What affects property valuation? #163,"Location, area, amenities, market demand, comparable sales, infrastructure, and property condition influence valuation.",Property Valuation
What affects property valuation? #164,"Location, area, amenities, market demand, comparable sales, infrastructure, and property condition influence valuation.",Property Valuation
What affects property valuation? #165,"Location, area, amenities, market demand, comparable sales, infrastructure, and property condition influence valuation.",Property Valuation
What affects property valuation? #166,"Location, area, amenities, market demand, comparable sales, infrastructure, and property condition influence valuation.",Property Valuation
What affects property valuation? #167,"Location, area, amenities, market demand, comparable sales, infrastructure, and property condition influence valuation.",Property Valuation
What affects property valuation? #168,"Location, area, amenities, market demand, comparable sales, infrastructure, and property condition influence valuation.",Property Valuation
What affects property valuation? #169,"Location, area, amenities, market demand, comparable sales, infrastructure, and property condition influence valuation.",Property Valuation
What affects property valuation? #170,"Location, area, amenities, market demand, comparable sales, infrastructure, and property condition influence valuation.",Property Valuation
What affects property valuation? #171,"Location, area, amenities, market demand, comparable sales, infrastructure, and property condition influence valuation.",Property Valuation
What affects property valuation? #172,"Location, area, amenities, market demand, comparable sales, infrastructure, and property condition influence valuation.",Property Valuation
What affects property valuation? #173,"Location, area, amenities, market demand, comparable sales, infrastructure, and property condition influence valuation.",Property Valuation
What affects property valuation? #174,"Location, area, amenities, market demand, comparable sales, infrastructure, and property condition influence valuation.",Property Valuation
What affects property valuation? #175,"Location, area, amenities, market demand, comparable sales, infrastructure, and property condition influence valuation.",Property Valuation
What affects property valuation? #176,"Location, area, amenities, market demand, comparable sales, infrastructure, and property condition influence valuation.",Property Valuation
What affects property valuation? #177,"Location, area, amenities, market demand, comparable sales, infrastructure, and property condition influence valuation.",Property Valuation
What affects property valuation? #178,"Location, area, amenities, market demand, comparable sales, infrastructure, and property condition influence valuation.",Property Valuation
What affects property valuation? #179,"Location, area, amenities, market demand, comparable sales, infrastructure, and property condition influence valuation.",Property Valuation
What affects property valuation? #180,"Location, area, amenities, market demand, comparable sales, infrastructure, and property condition influence valuation.",Property Valuation
What affects property valuation? #181,"Location, area, amenities, market demand, comparable sales, infrastructure, and property condition influence valuation.",Property Valuation
What affects property valuation? #182,"Location, area, amenities, market demand, comparable sales, infrastructure, and property condition influence valuation.",Property Valuation
What affects property valuation? #183,"Location, area, amenities, market demand, comparable sales, infrastructure, and property condition influence valuation.",Property Valuation
What affects property valuation? #184,"Location, area, amenities, market demand, comparable sales, infrastructure, and property condition influence valuation.",Property Valuation
What affects property valuation? #185,"Location, area, amenities, market demand, comparable sales, infrastructure, and property condition influence valuation.",Property Valuation
What affects property valuation? #186,"Location, area, amenities, market demand, comparable sales, infrastructure, and property condition influence valuation.",Property Valuation
What affects property valuation? #187,"Location, area, amenities, market demand, comparable sales, infrastructure, and property condition influence valuation.",Property Valuation
What affects property valuation? #188,"Location, area, amenities, market demand, comparable sales, infrastructure, and property condition influence valuation.",Property Valuation
What affects property valuation? #189,"Location, area, amenities, market demand, comparable sales, infrastructure, and property condition influence valuation.",Property Valuation
What affects property valuation? #190,"Location, area, amenities, market demand, comparable sales, infrastructure, and property condition influence valuation.",Property Valuation
What affects property valuation? #191,"Location, area, amenities, market demand, comparable sales, infrastructure, and property condition influence valuation.",Property Valuation
What affects property valuation? #192,"Location, area, amenities, market demand, comparable sales, infrastructure, and property condition influence valuation.",Property Valuation
What affects property valuation? #193,"Location, area, amenities, market demand, comparable sales, infrastructure, and property condition influence valuation.",Property Valuation
What affects property valuation? #194,"Location, area, amenities, market demand, comparable sales, infrastructure, and property condition influence valuation.",Property Valuation
What affects property valuation? #195,"Location, area, amenities, market demand, comparable sales, infrastructure, and property condition influence valuation.",Property Valuation
What affects property valuation? #196,"Location, area, amenities, market demand, comparable sales, infrastructure, and property condition influence valuation.",Property Valuation
What affects property valuation? #197,"Location, area, amenities, market demand, comparable sales, infrastructure, and property condition influence valuation.",Property Valuation
What affects property valuation? #198,"Location, area, amenities, market demand, comparable sales, infrastructure, and property condition influence valuation.",Property Valuation
What affects property valuation? #199,"Location, area, amenities, market demand, comparable sales, infrastructure, and property condition influence valuation.",Property Valuation
What affects property valuation? #200,"Location, area, amenities, market demand, comparable sales, infrastructure, and property condition influence valuation.",Property Valuation
What affects property valuation? #201,"Location, area, amenities, market demand, comparable sales, infrastructure, and property condition influence valuation.",Property Valuation
What affects property valuation? #202,"Location, area, amenities, market demand, comparable sales, infrastructure, and property condition influence valuation.",Property Valuation
What affects property valuation? #203,"Location, area, amenities, market demand, comparable sales, infrastructure, and property condition influence valuation.",Property Valuation
What affects property valuation? #204,"Location, area, amenities, market demand, comparable sales, infrastructure, and property condition influence valuation.",Property Valuation
What affects property valuation? #205,"Location, area, amenities, market demand, comparable sales, infrastructure, and property condition influence valuation.",Property Valuation
What affects property valuation? #206,"Location, area, amenities, market demand, comparable sales, infrastructure, and property condition influence valuation.",Property Valuation
What affects property valuation? #207,"Location, area, amenities, market demand, comparable sales, infrastructure, and property condition influence valuation.",Property Valuation
What affects property valuation? #208,"Location, area, amenities, market demand, comparable sales, infrastructure, and property condition influence valuation.",Property Valuation
What affects property valuation? #209,"Location, area, amenities, market demand, comparable sales, infrastructure, and property condition influence valuation.",Property Valuation
What affects property valuation? #210,"Location, area, amenities, market demand, comparable sales, infrastructure, and property condition influence valuation.",Property Valuation
What affects property valuation? #211,"Location, area, amenities, market demand, comparable sales, infrastructure, and property condition influence valuation.",Property Valuation
What affects property valuation? #212,"Location, area, amenities, market demand, comparable sales, infrastructure, and property condition influence valuation.",Property Valuation
What affects property valuation? #213,"Location, area, amenities, market demand, comparable sales, infrastructure, and property condition influence valuation.",Property Valuation
What affects property valuation? #214,"Location, area, amenities, market demand, comparable sales, infrastructure, and property condition influence valuation.",Property Valuation
What affects property valuation? #215,"Location, area, amenities, market demand, comparable sales, infrastructure, and property condition influence valuation.",Property Valuation
What affects property valuation? #216,"Location, area, amenities, market demand, comparable sales, infrastructure, and property condition influence valuation.",Property Valuation
What affects property valuation? #217,"Location, area, amenities, market demand, comparable sales, infrastructure, and property condition influence valuation.",Property Valuation
What affects property valuation? #218,"Location, area, amenities, market demand, comparable sales, infrastructure, and property condition influence valuation.",Property Valuation
What affects property valuation? #219,"Location, area, amenities, market demand, comparable sales, infrastructure, and property condition influence valuation.",Property Valuation
What affects property valuation? #220,"Location, area, amenities, market demand, comparable sales, infrastructure, and property condition influence valuation.",Property Valuation
What affects property valuation? #221,"Location, area, amenities, market demand, comparable sales, infrastructure, and property condition influence valuation.",Property Valuation
What affects property valuation? #222,"Location, area, amenities, market demand, comparable sales, infrastructure, and property condition influence valuation.",Property Valuation
What affects property valuation? #223,"Location, area, amenities, market demand, comparable sales, infrastructure, and property condition influence valuation.",Property Valuation
What affects property valuation? #224,"Location, area, amenities, market demand, comparable sales, infrastructure, and property condition influence valuation.",Property Valuation
What affects property valuation? #225,"Location, area, amenities, market demand, comparable sales, infrastructure, and property condition influence valuation.",Property Valuation
What affects property valuation? #226,"Location, area, amenities, market demand, comparable sales, infrastructure, and property condition influence valuation.",Property Valuation
What affects property valuation? #227,"Location, area, amenities, market demand, comparable sales, infrastructure, and property condition influence valuation.",Property Valuation
What affects property valuation? #228,"Location, area, amenities, market demand, comparable sales, infrastructure, and property condition influence valuation.",Property Valuation
What affects property valuation? #229,"Location, area, amenities, market demand, comparable sales, infrastructure, and property condition influence valuation.",Property Valuation
What affects property valuation? #230,"Location, area, amenities, market demand, comparable sales, infrastructure, and property condition influence valuation.",Property Valuation
What affects property valuation? #231,"Location, area, amenities, market demand, comparable sales, infrastructure, and property condition influence valuation.",Property Valuation
What affects property valuation? #232,"Location, area, amenities, market demand, comparable sales, infrastructure, and property condition influence valuation.",Property Valuation
What affects property valuation? #233,"Location, area, amenities, market demand, comparable sales, infrastructure, and property condition influence valuation.",Property Valuation
What affects property valuation? #234,"Location, area, amenities, market demand, comparable sales, infrastructure, and property condition influence valuation.",Property Valuation
What affects property valuation? #235,"Location, area, amenities, market demand, comparable sales, infrastructure, and property condition influence valuation.",Property Valuation
What affects property valuation? #236,"Location, area, amenities, market demand, comparable sales, infrastructure, and property condition influence valuation.",Property Valuation
What affects property valuation? #237,"Location, area, amenities, market demand, comparable sales, infrastructure, and property condition influence valuation.",Property Valuation
What affects property valuation? #238,"Location, area, amenities, market demand, comparable sales, infrastructure, and property condition influence valuation.",Property Valuation
What affects property valuation? #239,"Location, area, amenities, market demand, comparable sales, infrastructure, and property condition influence valuation.",Property Valuation
What affects property valuation? #240,"Location, area, amenities, market demand, comparable sales, infrastructure, and property condition influence valuation.",Property Valuation
What affects property valuation? #241,"Location, area, amenities, market demand, comparable sales, infrastructure, and property condition influence valuation.",Property Valuation
What affects property valuation? #242,"Location, area, amenities, market demand, comparable sales, infrastructure, and property condition influence valuation.",Property Valuation
What affects property valuation? #243,"Location, area, amenities, market demand, comparable sales, infrastructure, and property condition influence valuation.",Property Valuation
What affects property valuation? #244,"Location, area, amenities, market demand, comparable sales, infrastructure, and property condition influence valuation.",Property Valuation
What affects property valuation? #245,"Location, area, amenities, market demand, comparable sales, infrastructure, and property condition influence valuation.",Property Valuation
What affects property valuation? #246,"Location, area, amenities, market demand, comparable sales, infrastructure, and property condition influence valuation.",Property Valuation
What affects property valuation? #247,"Location, area, amenities, market demand, comparable sales, infrastructure, and property condition influence valuation.",Property Valuation
What affects property valuation? #248,"Location, area, amenities, market demand, comparable sales, infrastructure, and property condition influence valuation.",Property Valuation
What affects property valuation? #249,"Location, area, amenities, market demand, comparable sales, infrastructure, and property condition influence valuation.",Property Valuation
What affects property valuation? #250,"Location, area, amenities, market demand, comparable sales, infrastructure, and property condition influence valuation.",Property Valuation
What affects property valuation? #251,"Location, area, amenities, market demand, comparable sales, infrastructure, and property condition influence valuation.",Property Valuation
What affects property valuation? #252,"Location, area, amenities, market demand, comparable sales, infrastructure, and property condition influence valuation.",Property Valuation
What affects property valuation? #253,"Location, area, amenities, market demand, comparable sales, infrastructure, and property condition influence valuation.",Property Valuation
What affects property valuation? #254,"Location, area, amenities, market demand, comparable sales, infrastructure, and property condition influence valuation.",Property Valuation
What affects property valuation? #255,"Location, area, amenities, market demand, comparable sales, infrastructure, and property condition influence valuation.",Property Valuation
What affects property valuation? #256,"Location, area, amenities, market demand, comparable sales, infrastructure, and property condition influence valuation.",Property Valuation
What affects property valuation? #257,"Location, area, amenities, market demand, comparable sales, infrastructure, and property condition influence valuation.",Property Valuation
What affects property valuation? #258,"Location, area, amenities, market demand, comparable sales, infrastructure, and property condition influence valuation.",Property Valuation
What affects property valuation? #259,"Location, area, amenities, market demand, comparable sales, infrastructure, and property condition influence valuation.",Property Valuation
What affects property valuation? #260,"Location, area, amenities, market demand, comparable sales, infrastructure, and property condition influence valuation.",Property Valuation
What affects property valuation? #261,"Location, area, amenities, market demand, comparable sales, infrastructure, and property condition influence valuation.",Property Valuation
What affects property valuation? #262,"Location, area, amenities, market demand, comparable sales, infrastructure, and property condition influence valuation.",Property Valuation
What affects property valuation? #263,"Location, area, amenities, market demand, comparable sales, infrastructure, and property condition influence valuation.",Property Valuation
What affects property valuation? #264,"Location, area, amenities, market demand, comparable sales, infrastructure, and property condition influence valuation.",Property Valuation
What affects property valuation? #265,"Location, area, amenities, market demand, comparable sales, infrastructure, and property condition influence valuation.",Property Valuation
What affects property valuation? #266,"Location, area, amenities, market demand, comparable sales, infrastructure, and property condition influence valuation.",Property Valuation
What affects property valuation? #267,"Location, area, amenities, market demand, comparable sales, infrastructure, and property condition influence valuation.",Property Valuation
What affects property valuation? #268,"Location, area, amenities, market demand, comparable sales, infrastructure, and property condition influence valuation.",Property Valuation
What affects property valuation? #269,"Location, area, amenities, market demand, comparable sales, infrastructure, and property condition influence valuation.",Property Valuation
What affects property valuation? #270,"Location, area, amenities, market demand, comparable sales, infrastructure, and property condition influence valuation.",Property Valuation
What affects property valuation? #271,"Location, area, amenities, market demand, comparable sales, infrastructure, and property condition influence valuation.",Property Valuation
What affects property valuation? #272,"Location, area, amenities, market demand, comparable sales, infrastructure, and property condition influence valuation.",Property Valuation
What affects property valuation? #273,"Location, area, amenities, market demand, comparable sales, infrastructure, and property condition influence valuation.",Property Valuation
What affects property valuation? #274,"Location, area, amenities, market demand, comparable sales, infrastructure, and property condition influence valuation.",Property Valuation
What affects property valuation? #275,"Location, area, amenities, market demand, comparable sales, infrastructure, and property condition influence valuation.",Property Valuation
What affects property valuation? #276,"Location, area, amenities, market demand, comparable sales, infrastructure, and property condition influence valuation.",Property Valuation
What affects property valuation? #277,"Location, area, amenities, market demand, comparable sales, infrastructure, and property condition influence valuation.",Property Valuation
What affects property valuation? #278,"Location, area, amenities, market demand, comparable sales, infrastructure, and property condition influence valuation.",Property Valuation
What affects property valuation? #279,"Location, area, amenities, market demand, comparable sales, infrastructure, and property condition influence valuation.",Property Valuation
What affects property valuation? #280,"Location, area, amenities, market demand, comparable sales, infrastructure, and property condition influence valuation.",Property Valuation
What affects property valuation? #281,"Location, area, amenities, market demand, comparable sales, infrastructure, and property condition influence valuation.",Property Valuation
What affects property valuation? #282,"Location, area, amenities, market demand, comparable sales, infrastructure, and property condition influence valuation.",Property Valuation
What affects property valuation? #283,"Location, area, amenities, market demand, comparable sales, infrastructure, and property condition influence valuation.",Property Valuation
What affects property valuation? #284,"Location, area, amenities, market demand, comparable sales, infrastructure, and property condition influence valuation.",Property Valuation
What affects property valuation? #285,"Location, area, amenities, market demand, comparable sales, infrastructure, and property condition influence valuation.",Property Valuation
What affects property valuation? #286,"Location, area, amenities, market demand, comparable sales, infrastructure, and property condition influence valuation.",Property Valuation
What affects property valuation? #287,"Location, area, amenities, market demand, comparable sales, infrastructure, and property condition influence valuation.",Property Valuation
What affects property valuation? #288,"Location, area, amenities, market demand, comparable sales, infrastructure, and property condition influence valuation.",Property Valuation
What affects property valuation? #289,"Location, area, amenities, market demand, comparable sales, infrastructure, and property condition influence valuation.",Property Valuation
What affects property valuation? #290,"Location, area, amenities, market demand, comparable sales, infrastructure, and property condition influence valuation.",Property Valuation
What affects property valuation? #291,"Location, area, amenities, market demand, comparable sales, infrastructure, and property condition influence valuation.",Property Valuation
What affects property valuation? #292,"Location, area, amenities, market demand, comparable sales, infrastructure, and property condition influence valuation.",Property Valuation
What affects property valuation? #293,"Location, area, amenities, market demand, comparable sales, infrastructure, and property condition influence valuation.",Property Valuation
What affects property valuation? #294,"Location, area, amenities, market demand, comparable sales, infrastructure, and property condition influence valuation.",Property Valuation
What affects property valuation? #295,"Location, area, amenities, market demand, comparable sales, infrastructure, and property condition influence valuation.",Property Valuation
What affects property valuation? #296,"Location, area, amenities, market demand, comparable sales, infrastructure, and property condition influence valuation.",Property Valuation
What affects property valuation? #297,"Location, area, amenities, market demand, comparable sales, infrastructure, and property condition influence valuation.",Property Valuation
What affects property valuation? #298,"Location, area, amenities, market demand, comparable sales, infrastructure, and property condition influence valuation.",Property Valuation
What affects property valuation? #299,"Location, area, amenities, market demand, comparable sales, infrastructure, and property condition influence valuation.",Property Valuation
What affects property valuation? #300,"Location, area, amenities, market demand, comparable sales, infrastructure, and property condition influence valuation.",Property Valuation
What affects property valuation? #301,"Location, area, amenities, market demand, comparable sales, infrastructure, and property condition influence valuation.",Property Valuation
What affects property valuation? #302,"Location, area, amenities, market demand, comparable sales, infrastructure, and property condition influence valuation.",Property Valuation
What affects property valuation? #303,"Location, area, amenities, market demand, comparable sales, infrastructure, and property condition influence valuation.",Property Valuation
What affects property valuation? #304,"Location, area, amenities, market demand, comparable sales, infrastructure, and property condition influence valuation.",Property Valuation
What affects property valuation? #305,"Location, area, amenities, market demand, comparable sales, infrastructure, and property condition influence valuation.",Property Valuation
What affects property valuation? #306,"Location, area, amenities, market demand, comparable sales, infrastructure, and property condition influence valuation.",Property Valuation
What affects property valuation? #307,"Location, area, amenities, market demand, comparable sales, infrastructure, and property condition influence valuation.",Property Valuation
What affects property valuation? #308,"Location, area, amenities, market demand, comparable sales, infrastructure, and property condition influence valuation.",Property Valuation
What affects property valuation? #309,"Location, area, amenities, market demand, comparable sales, infrastructure, and property condition influence valuation.",Property Valuation
What affects property valuation? #310,"Location, area, amenities, market demand, comparable sales, infrastructure, and property condition influence valuation.",Property Valuation
What affects property valuation? #311,"Location, area, amenities, market demand, comparable sales, infrastructure, and property condition influence valuation.",Property Valuation
What affects property valuation? #312,"Location, area, amenities, market demand, comparable sales, infrastructure, and property condition influence valuation.",Property Valuation
What affects property valuation? #313,"Location, area, amenities, market demand, comparable sales, infrastructure, and property condition influence valuation.",Property Valuation
What affects property valuation? #314,"Location, area, amenities, market demand, comparable sales, infrastructure, and property condition influence valuation.",Property Valuation
What affects property valuation? #315,"Location, area, amenities, market demand, comparable sales, infrastructure, and property condition influence valuation.",Property Valuation
What affects property valuation? #316,"Location, area, amenities, market demand, comparable sales, infrastructure, and property condition influence valuation.",Property Valuation
What affects property valuation? #317,"Location, area, amenities, market demand, comparable sales, infrastructure, and property condition influence valuation.",Property Valuation
What affects property valuation? #318,"Location, area, amenities, market demand, comparable sales, infrastructure, and property condition influence valuation.",Property Valuation
What affects property valuation? #319,"Location, area, amenities, market demand, comparable sales, infrastructure, and property condition influence valuation.",Property Valuation
What affects property valuation? #320,"Location, area, amenities, market demand, comparable sales, infrastructure, and property condition influence valuation.",Property Valuation
What affects property valuation? #321,"Location, area, amenities, market demand, comparable sales, infrastructure, and property condition influence valuation.",Property Valuation
What affects property valuation? #322,"Location, area, amenities, market demand, comparable sales, infrastructure, and property condition influence valuation.",Property Valuation
What affects property valuation? #323,"Location, area, amenities, market demand, comparable sales, infrastructure, and property condition influence valuation.",Property Valuation
What affects property valuation? #324,"Location, area, amenities, market demand, comparable sales, infrastructure, and property condition influence valuation.",Property Valuation
What affects property valuation? #325,"Location, area, amenities, market demand, comparable sales, infrastructure, and property condition influence valuation.",Property Valuation
What affects property valuation? #326,"Location, area, amenities, market demand, comparable sales, infrastructure, and property condition influence valuation.",Property Valuation
What affects property valuation? #327,"Location, area, amenities, market demand, comparable sales, infrastructure, and property condition influence valuation.",Property Valuation
What affects property valuation? #328,"Location, area, amenities, market demand, comparable sales, infrastructure, and property condition influence valuation.",Property Valuation
What affects property valuation? #329,"Location, area, amenities, market demand, comparable sales, infrastructure, and property condition influence valuation.",Property Valuation
What affects property valuation? #330,"Location, area, amenities, market demand, comparable sales, infrastructure, and property condition influence valuation.",Property Valuation
What affects property valuation? #331,"Location, area, amenities, market demand, comparable sales, infrastructure, and property condition influence valuation.",Property Valuation
What affects property valuation? #332,"Location, area, amenities, market demand, comparable sales, infrastructure, and property condition influence valuation.",Property Valuation
What affects property valuation? #333,"Location, area, amenities, market demand, comparable sales, infrastructure, and property condition influence valuation.",Property Valuation
What affects property valuation? #334,"Location, area, amenities, market demand, comparable sales, infrastructure, and property condition influence valuation.",Property Valuation
What affects property valuation? #335,"Location, area, amenities, market demand, comparable sales, infrastructure, and property condition influence valuation.",Property Valuation
What affects property valuation? #336,"Location, area, amenities, market demand, comparable sales, infrastructure, and property condition influence valuation.",Property Valuation
What affects property valuation? #337,"Location, area, amenities, market demand, comparable sales, infrastructure, and property condition influence valuation.",Property Valuation
What affects property valuation? #338,"Location, area, amenities, market demand, comparable sales, infrastructure, and property condition influence valuation.",Property Valuation
What affects property valuation? #339,"Location, area, amenities, market demand, comparable sales, infrastructure, and property condition influence valuation.",Property Valuation
What affects property valuation? #340,"Location, area, amenities, market demand, comparable sales, infrastructure, and property condition influence valuation.",Property Valuation
What affects property valuation? #341,"Location, area, amenities, market demand, comparable sales, infrastructure, and property condition influence valuation.",Property Valuation
What affects property valuation? #342,"Location, area, amenities, market demand, comparable sales, infrastructure, and property condition influence valuation.",Property Valuation
What affects property valuation? #343,"Location, area, amenities, market demand, comparable sales, infrastructure, and property condition influence valuation.",Property Valuation
What affects property valuation? #344,"Location, area, amenities, market demand, comparable sales, infrastructure, and property condition influence valuation.",Property Valuation
What affects property valuation? #345,"Location, area, amenities, market demand, comparable sales, infrastructure, and property condition influence valuation.",Property Valuation
What affects property valuation? #346,"Location, area, amenities, market demand, comparable sales, infrastructure, and property condition influence valuation.",Property Valuation
What affects property valuation? #347,"Location, area, amenities, market demand, comparable sales, infrastructure, and property condition influence valuation.",Property Valuation
What affects property valuation? #348,"Location, area, amenities, market demand, comparable sales, infrastructure, and property condition influence valuation.",Property Valuation
What affects property valuation? #349,"Location, area, amenities, market demand, comparable sales, infrastructure, and property condition influence valuation.",Property Valuation
What affects property valuation? #350,"Location, area, amenities, market demand, comparable sales, infrastructure, and property condition influence valuation.",Property Valuation
What affects property valuation? #351,"Location, area, amenities, market demand, comparable sales, infrastructure, and property condition influence valuation.",Property Valuation
What affects property valuation? #352,"Location, area, amenities, market demand, comparable sales, infrastructure, and property condition influence valuation.",Property Valuation
What affects property valuation? #353,"Location, area, amenities, market demand, comparable sales, infrastructure, and property condition influence valuation.",Property Valuation
What affects property valuation? #354,"Location, area, amenities, market demand, comparable sales, infrastructure, and property condition influence valuation.",Property Valuation
What affects property valuation? #355,"Location, area, amenities, market demand, comparable sales, infrastructure, and property condition influence valuation.",Property Valuation
What affects property valuation? #356,"Location, area, amenities, market demand, comparable sales, infrastructure, and property condition influence valuation.",Property Valuation
What affects property valuation? #357,"Location, area, amenities, market demand, comparable sales, infrastructure, and property condition influence valuation.",Property Valuation
What affects property valuation? #358,"Location, area, amenities, market demand, comparable sales, infrastructure, and property condition influence valuation.",Property Valuation
What affects property valuation? #359,"Location, area, amenities, market demand, comparable sales, infrastructure, and property condition influence valuation.",Property Valuation
What affects property valuation? #360,"Location, area, amenities, market demand, comparable sales, infrastructure, and property condition influence valuation.",Property Valuation
What affects property valuation? #361,"Location, area, amenities, market demand, comparable sales, infrastructure, and property condition influence valuation.",Property Valuation
What affects property valuation? #362,"Location, area, amenities, market demand, comparable sales, infrastructure, and property condition influence valuation.",Property Valuation
What affects property valuation? #363,"Location, area, amenities, market demand, comparable sales, infrastructure, and property condition influence valuation.",Property Valuation
What affects property valuation? #364,"Location, area, amenities, market demand, comparable sales, infrastructure, and property condition influence valuation.",Property Valuation
What affects property valuation? #365,"Location, area, amenities, market demand, comparable sales, infrastructure, and property condition influence valuation.",Property Valuation
What affects property valuation? #366,"Location, area, amenities, market demand, comparable sales, infrastructure, and property condition influence valuation.",Property Valuation
What affects property valuation? #367,"Location, area, amenities, market demand, comparable sales, infrastructure, and property condition influence valuation.",Property Valuation
What affects property valuation? #368,"Location, area, amenities, market demand, comparable sales, infrastructure, and property condition influence valuation.",Property Valuation
What affects property valuation? #369,"Location, area, amenities, market demand, comparable sales, infrastructure, and property condition influence valuation.",Property Valuation
What affects property valuation? #370,"Location, area, amenities, market demand, comparable sales, infrastructure, and property condition influence valuation.",Property Valuation
What affects property valuation? #371,"Location, area, amenities, market demand, comparable sales, infrastructure, and property condition influence valuation.",Property Valuation
What affects property valuation? #372,"Location, area, amenities, market demand, comparable sales, infrastructure, and property condition influence valuation.",Property Valuation
What affects property valuation? #373,"Location, area, amenities, market demand, comparable sales, infrastructure, and property condition influence valuation.",Property Valuation
What affects property valuation? #374,"Location, area, amenities, market demand, comparable sales, infrastructure, and property condition influence valuation.",Property Valuation
What affects property valuation? #375,"Location, area, amenities, market demand, comparable sales, infrastructure, and property condition influence valuation.",Property Valuation
What affects property valuation? #376,"Location, area, amenities, market demand, comparable sales, infrastructure, and property condition influence valuation.",Property Valuation
What affects property valuation? #377,"Location, area, amenities, market demand, comparable sales, infrastructure, and property condition influence valuation.",Property Valuation
What affects property valuation? #378,"Location, area, amenities, market demand, comparable sales, infrastructure, and property condition influence valuation.",Property Valuation
What affects property valuation? #379,"Location, area, amenities, market demand, comparable sales, infrastructure, and property condition influence valuation.",Property Valuation
What affects property valuation? #380,"Location, area, amenities, market demand, comparable sales, infrastructure, and property condition influence valuation.",Property Valuation
What affects property valuation? #381,"Location, area, amenities, market demand, comparable sales, infrastructure, and property condition influence valuation.",Property Valuation
What affects property valuation? #382,"Location, area, amenities, market demand, comparable sales, infrastructure, and property condition influence valuation.",Property Valuation
What affects property valuation? #383,"Location, area, amenities, market demand, comparable sales, infrastructure, and property condition influence valuation.",Property Valuation
What affects property valuation? #384,"Location, area, amenities, market demand, comparable sales, infrastructure, and property condition influence valuation.",Property Valuation
What affects property valuation? #385,"Location, area, amenities, market demand, comparable sales, infrastructure, and property condition influence valuation.",Property Valuation
What affects property valuation? #386,"Location, area, amenities, market demand, comparable sales, infrastructure, and property condition influence valuation.",Property Valuation
What affects property valuation? #387,"Location, area, amenities, market demand, comparable sales, infrastructure, and property condition influence valuation.",Property Valuation
What affects property valuation? #388,"Location, area, amenities, market demand, comparable sales, infrastructure, and property condition influence valuation.",Property Valuation
What affects property valuation? #389,"Location, area, amenities, market demand, comparable sales, infrastructure, and property condition influence valuation.",Property Valuation
What affects property valuation? #390,"Location, area, amenities, market demand, comparable sales, infrastructure, and property condition influence valuation.",Property Valuation
What affects property valuation? #391,"Location, area, amenities, market demand, comparable sales, infrastructure, and property condition influence valuation.",Property Valuation
What affects property valuation? #392,"Location, area, amenities, market demand, comparable sales, infrastructure, and property condition influence valuation.",Property Valuation
What affects property valuation? #393,"Location, area, amenities, market demand, comparable sales, infrastructure, and property condition influence valuation.",Property Valuation
What affects property valuation? #394,"Location, area, amenities, market demand, comparable sales, infrastructure, and property condition influence valuation.",Property Valuation
What affects property valuation? #395,"Location, area, amenities, market demand, comparable sales, infrastructure, and property condition influence valuation.",Property Valuation
What affects property valuation? #396,"Location, area, amenities, market demand, comparable sales, infrastructure, and property condition influence valuation.",Property Valuation
What affects property valuation? #397,"Location, area, amenities, market demand, comparable sales, infrastructure, and property condition influence valuation.",Property Valuation
What affects property valuation? #398,"Location, area, amenities, market demand, comparable sales, infrastructure, and property condition influence valuation.",Property Valuation
What affects property valuation? #399,"Location, area, amenities, market demand, comparable sales, infrastructure, and property condition influence valuation.",Property Valuation
What affects property valuation? #400,"Location, area, amenities, market demand, comparable sales, infrastructure, and property condition influence valuation.",Property Valuation
What affects property valuation? #401,"Location, area, amenities, market demand, comparable sales, infrastructure, and property condition influence valuation.",Property Valuation
What affects property valuation? #402,"Location, area, amenities, market demand, comparable sales, infrastructure, and property condition influence valuation.",Property Valuation
What affects property valuation? #403,"Location, area, amenities, market demand, comparable sales, infrastructure, and property condition influence valuation.",Property Valuation
What affects property valuation? #404,"Location, area, amenities, market demand, comparable sales, infrastructure, and property condition influence valuation.",Property Valuation
What affects property valuation? #405,"Location, area, amenities, market demand, comparable sales, infrastructure, and property condition influence valuation.",Property Valuation
What affects property valuation? #406,"Location, area, amenities, market demand, comparable sales, infrastructure, and property condition influence valuation.",Property Valuation
What affects property valuation? #407,"Location, area, amenities, market demand, comparable sales, infrastructure, and property condition influence valuation.",Property Valuation
What affects property valuation? #408,"Location, area, amenities, market demand, comparable sales, infrastructure, and property condition influence valuation.",Property Valuation
What affects property valuation? #409,"Location, area, amenities, market demand, comparable sales, infrastructure, and property condition influence valuation.",Property Valuation
What affects property valuation? #410,"Location, area, amenities, market demand, comparable sales, infrastructure, and property condition influence valuation.",Property Valuation
What affects property valuation? #411,"Location, area, amenities, market demand, comparable sales, infrastructure, and property condition influence valuation.",Property Valuation
What affects property valuation? #412,"Location, area, amenities, market demand, comparable sales, infrastructure, and property condition influence valuation.",Property Valuation
What affects property valuation? #413,"Location, area, amenities, market demand, comparable sales, infrastructure, and property condition influence valuation.",Property Valuation
What affects property valuation? #414,"Location, area, amenities, market demand, comparable sales, infrastructure, and property condition influence valuation.",Property Valuation
What affects property valuation? #415,"Location, area, amenities, market demand, comparable sales, infrastructure, and property condition influence valuation.",Property Valuation
What affects property valuation? #416,"Location, area, amenities, market demand, comparable sales, infrastructure, and property condition influence valuation.",Property Valuation
What affects property valuation? #417,"Location, area, amenities, market demand, comparable sales, infrastructure, and property condition influence valuation.",Property Valuation
What affects property valuation? #418,"Location, area, amenities, market demand, comparable sales, infrastructure, and property condition influence valuation.",Property Valuation
What affects property valuation? #419,"Location, area, amenities, market demand, comparable sales, infrastructure, and property condition influence valuation.",Property Valuation
What affects property valuation? #420,"Location, area, amenities, market demand, comparable sales, infrastructure, and property condition influence valuation.",Property Valuation
What affects property valuation? #421,"Location, area, amenities, market demand, comparable sales, infrastructure, and property condition influence valuation.",Property Valuation
What affects property valuation? #422,"Location, area, amenities, market demand, comparable sales, infrastructure, and property condition influence valuation.",Property Valuation
What affects property valuation? #423,"Location, area, amenities, market demand, comparable sales, infrastructure, and property condition influence valuation.",Property Valuation
What affects property valuation? #424,"Location, area, amenities, market demand, comparable sales, infrastructure, and property condition influence valuation.",Property Valuation
What affects property valuation? #425,"Location, area, amenities, market demand, comparable sales, infrastructure, and property condition influence valuation.",Property Valuation
What affects property valuation? #426,"Location, area, amenities, market demand, comparable sales, infrastructure, and property condition influence valuation.",Property Valuation
What affects property valuation? #427,"Location, area, amenities, market demand, comparable sales, infrastructure, and property condition influence valuation.",Property Valuation
What affects property valuation? #428,"Location, area, amenities, market demand, comparable sales, infrastructure, and property condition influence valuation.",Property Valuation
What affects property valuation? #429,"Location, area, amenities, market demand, comparable sales, infrastructure, and property condition influence valuation.",Property Valuation
What affects property valuation? #430,"Location, area, amenities, market demand, comparable sales, infrastructure, and property condition influence valuation.",Property Valuation
What affects property valuation? #431,"Location, area, amenities, market demand, comparable sales, infrastructure, and property condition influence valuation.",Property Valuation
What affects property valuation? #432,"Location, area, amenities, market demand, comparable sales, infrastructure, and property condition influence valuation.",Property Valuation
What affects property valuation? #433,"Location, area, amenities, market demand, comparable sales, infrastructure, and property condition influence valuation.",Property Valuation
What affects property valuation? #434,"Location, area, amenities, market demand, comparable sales, infrastructure, and property condition influence valuation.",Property Valuation
What affects property valuation? #435,"Location, area, amenities, market demand, comparable sales, infrastructure, and property condition influence valuation.",Property Valuation
What affects property valuation? #436,"Location, area, amenities, market demand, comparable sales, infrastructure, and property condition influence valuation.",Property Valuation
What affects property valuation? #437,"Location, area, amenities, market demand, comparable sales, infrastructure, and property condition influence valuation.",Property Valuation
What affects property valuation? #438,"Location, area, amenities, market demand, comparable sales, infrastructure, and property condition influence valuation.",Property Valuation
What affects property valuation? #439,"Location, area, amenities, market demand, comparable sales, infrastructure, and property condition influence valuation.",Property Valuation
What affects property valuation? #440,"Location, area, amenities, market demand, comparable sales, infrastructure, and property condition influence valuation.",Property Valuation
What affects property valuation? #441,"Location, area, amenities, market demand, comparable sales, infrastructure, and property condition influence valuation.",Property Valuation
What affects property valuation? #442,"Location, area, amenities, market demand, comparable sales, infrastructure, and property condition influence valuation.",Property Valuation
What affects property valuation? #443,"Location, area, amenities, market demand, comparable sales, infrastructure, and property condition influence valuation.",Property Valuation
What affects property valuation? #444,"Location, area, amenities, market demand, comparable sales, infrastructure, and property condition influence valuation.",Property Valuation
What affects property valuation? #445,"Location, area, amenities, market demand, comparable sales, infrastructure, and property condition influence valuation.",Property Valuation
What affects property valuation? #446,"Location, area, amenities, market demand, comparable sales, infrastructure, and property condition influence valuation.",Property Valuation
What affects property valuation? #447,"Location, area, amenities, market demand, comparable sales, infrastructure, and property condition influence valuation.",Property Valuation
What affects property valuation? #448,"Location, area, amenities, market demand, comparable sales, infrastructure, and property condition influence valuation.",Property Valuation
What affects property valuation? #449,"Location, area, amenities, market demand, comparable sales, infrastructure, and property condition influence valuation.",Property Valuation
What affects property valuation? #450,"Location, area, amenities, market demand, comparable sales, infrastructure, and property condition influence valuation.",Property Valuation
What affects property valuation? #451,"Location, area, amenities, market demand, comparable sales, infrastructure, and property condition influence valuation.",Property Valuation
What affects property valuation? #452,"Location, area, amenities, market demand, comparable sales, infrastructure, and property condition influence valuation.",Property Valuation
What affects property valuation? #453,"Location, area, amenities, market demand, comparable sales, infrastructure, and property condition influence valuation.",Property Valuation
What affects property valuation? #454,"Location, area, amenities, market demand, comparable sales, infrastructure, and property condition influence valuation.",Property Valuation
What affects property valuation? #455,"Location, area, amenities, market demand, comparable sales, infrastructure, and property condition influence valuation.",Property Valuation
What affects property valuation? #456,"Location, area, amenities, market demand, comparable sales, infrastructure, and property condition influence valuation.",Property Valuation
What affects property valuation? #457,"Location, area, amenities, market demand, comparable sales, infrastructure, and property condition influence valuation.",Property Valuation
What affects property valuation? #458,"Location, area, amenities, market demand, comparable sales, infrastructure, and property condition influence valuation.",Property Valuation
What affects property valuation? #459,"Location, area, amenities, market demand, comparable sales, infrastructure, and property condition influence valuation.",Property Valuation
What affects property valuation? #460,"Location, area, amenities, market demand, comparable sales, infrastructure, and property condition influence valuation.",Property Valuation
What affects property valuation? #461,"Location, area, amenities, market demand, comparable sales, infrastructure, and property condition influence valuation.",Property Valuation
What affects property valuation? #462,"Location, area, amenities, market demand, comparable sales, infrastructure, and property condition influence valuation.",Property Valuation
What affects property valuation? #463,"Location, area, amenities, market demand, comparable sales, infrastructure, and property condition influence valuation.",Property Valuation
What affects property valuation? #464,"Location, area, amenities, market demand, comparable sales, infrastructure, and property condition influence valuation.",Property Valuation
What affects property valuation? #465,"Location, area, amenities, market demand, comparable sales, infrastructure, and property condition influence valuation.",Property Valuation
What affects property valuation? #466,"Location, area, amenities, market demand, comparable sales, infrastructure, and property condition influence valuation.",Property Valuation
What affects property valuation? #467,"Location, area, amenities, market demand, comparable sales, infrastructure, and property condition influence valuation.",Property Valuation
What affects property valuation? #468,"Location, area, amenities, market demand, comparable sales, infrastructure, and property condition influence valuation.",Property Valuation
What affects property valuation? #469,"Location, area, amenities, market demand, comparable sales, infrastructure, and property condition influence valuation.",Property Valuation
What affects property valuation? #470,"Location, area, amenities, market demand, comparable sales, infrastructure, and property condition influence valuation.",Property Valuation
What affects property valuation? #471,"Location, area, amenities, market demand, comparable sales, infrastructure, and property condition influence valuation.",Property Valuation
What affects property valuation? #472,"Location, area, amenities, market demand, comparable sales, infrastructure, and property condition influence valuation.",Property Valuation
What affects property valuation? #473,"Location, area, amenities, market demand, comparable sales, infrastructure, and property condition influence valuation.",Property Valuation
What affects property valuation? #474,"Location, area, amenities, market demand, comparable sales, infrastructure, and property condition influence valuation.",Property Valuation
What affects property valuation? #475,"Location, area, amenities, market demand, comparable sales, infrastructure, and property condition influence valuation.",Property Valuation
What affects property valuation? #476,"Location, area, amenities, market demand, comparable sales, infrastructure, and property condition influence valuation.",Property Valuation
What affects property valuation? #477,"Location, area, amenities, market demand, comparable sales, infrastructure, and property condition influence valuation.",Property Valuation
What affects property valuation? #478,"Location, area, amenities, market demand, comparable sales, infrastructure, and property condition influence valuation.",Property Valuation
What affects property valuation? #479,"Location, area, amenities, market demand, comparable sales, infrastructure, and property condition influence valuation.",Property Valuation
What affects property valuation? #480,"Location, area, amenities, market demand, comparable sales, infrastructure, and property condition influence valuation.",Property Valuation
What affects property valuation? #481,"Location, area, amenities, market demand, comparable sales, infrastructure, and property condition influence valuation.",Property Valuation
What affects property valuation? #482,"Location, area, amenities, market demand, comparable sales, infrastructure, and property condition influence valuation.",Property Valuation
What affects property valuation? #483,"Location, area, amenities, market demand, comparable sales, infrastructure, and property condition influence valuation.",Property Valuation
What affects property valuation? #484,"Location, area, amenities, market demand, comparable sales, infrastructure, and property condition influence valuation.",Property Valuation
What affects property valuation? #485,"Location, area, amenities, market demand, comparable sales, infrastructure, and property condition influence valuation.",Property Valuation
What affects property valuation? #486,"Location, area, amenities, market demand, comparable sales, infrastructure, and property condition influence valuation.",Property Valuation
What affects property valuation? #487,"Location, area, amenities, market demand, comparable sales, infrastructure, and property condition influence valuation.",Property Valuation
What affects property valuation? #488,"Location, area, amenities, market demand, comparable sales, infrastructure, and property condition influence valuation.",Property Valuation
What affects property valuation? #489,"Location, area, amenities, market demand, comparable sales, infrastructure, and property condition influence valuation.",Property Valuation
What affects property valuation? #490,"Location, area, amenities, market demand, comparable sales, infrastructure, and property condition influence valuation.",Property Valuation
What affects property valuation? #491,"Location, area, amenities, market demand, comparable sales, infrastructure, and property condition influence valuation.",Property Valuation
What affects property valuation? #492,"Location, area, amenities, market demand, comparable sales, infrastructure, and property condition influence valuation.",Property Valuation
What affects property valuation? #493,"Location, area, amenities, market demand, comparable sales, infrastructure, and property condition influence valuation.",Property Valuation
What affects property valuation? #494,"Location, area, amenities, market demand, comparable sales, infrastructure, and property condition influence valuation.",Property Valuation
What affects property valuation? #495,"Location, area, amenities, market demand, comparable sales, infrastructure, and property condition influence valuation.",Property Valuation
What affects property valuation? #496,"Location, area, amenities, market demand, comparable sales, infrastructure, and property condition influence valuation.",Property Valuation
What affects property valuation? #497,"Location, area, amenities, market demand, comparable sales, infrastructure, and property condition influence valuation.",Property Valuation
What affects property valuation? #498,"Location, area, amenities, market demand, comparable sales, infrastructure, and property condition influence valuation.",Property Valuation
What affects property valuation? #499,"Location, area, amenities, market demand, comparable sales, infrastructure, and property condition influence valuation.",Property Valuation
What affects property valuation? #500,"Location, area, amenities, market demand, comparable sales, infrastructure, and property condition influence valuation.",Property Valuation
What affects property valuation? #501,"Location, area, amenities, market demand, comparable sales, infrastructure, and property condition influence valuation.",Property Valuation
What affects property valuation? #502,"Location, area, amenities, market demand, comparable sales, infrastructure, and property condition influence valuation.",Property Valuation
What affects property valuation? #503,"Location, area, amenities, market demand, comparable sales, infrastructure, and property condition influence valuation.",Property Valuation
What affects property valuation? #504,"Location, area, amenities, market demand, comparable sales, infrastructure, and property condition influence valuation.",Property Valuation
What affects property valuation? #505,"Location, area, amenities, market demand, comparable sales, infrastructure, and property condition influence valuation.",Property Valuation
What affects property valuation? #506,"Location, area, amenities, market demand, comparable sales, infrastructure, and property condition influence valuation.",Property Valuation
What affects property valuation? #507,"Location, area, amenities, market demand, comparable sales, infrastructure, and property condition influence valuation.",Property Valuation
What affects property valuation? #508,"Location, area, amenities, market demand, comparable sales, infrastructure, and property condition influence valuation.",Property Valuation
What affects property valuation? #509,"Location, area, amenities, market demand, comparable sales, infrastructure, and property condition influence valuation.",Property Valuation
What affects property valuation? #510,"Location, area, amenities, market demand, comparable sales, infrastructure, and property condition influence valuation.",Property Valuation
What affects property valuation? #511,"Location, area, amenities, market demand, comparable sales, infrastructure, and property condition influence valuation.",Property Valuation
What affects property valuation? #512,"Location, area, amenities, market demand, comparable sales, infrastructure, and property condition influence valuation.",Property Valuation
What affects property valuation? #513,"Location, area, amenities, market demand, comparable sales, infrastructure, and property condition influence valuation.",Property Valuation
What affects property valuation? #514,"Location, area, amenities, market demand, comparable sales, infrastructure, and property condition influence valuation.",Property Valuation
What affects property valuation? #515,"Location, area, amenities, market demand, comparable sales, infrastructure, and property condition influence valuation.",Property Valuation
What affects property valuation? #516,"Location, area, amenities, market demand, comparable sales, infrastructure, and property condition influence valuation.",Property Valuation
What affects property valuation? #517,"Location, area, amenities, market demand, comparable sales, infrastructure, and property condition influence valuation.",Property Valuation
What affects property valuation? #518,"Location, area, amenities, market demand, comparable sales, infrastructure, and property condition influence valuation.",Property Valuation
What affects property valuation? #519,"Location, area, amenities, market demand, comparable sales, infrastructure, and property condition influence valuation.",Property Valuation
What affects property valuation? #520,"Location, area, amenities, market demand, comparable sales, infrastructure, and property condition influence valuation.",Property Valuation
What affects property valuation? #521,"Location, area, amenities, market demand, comparable sales, infrastructure, and property condition influence valuation.",Property Valuation
What affects property valuation? #522,"Location, area, amenities, market demand, comparable sales, infrastructure, and property condition influence valuation.",Property Valuation
What affects property valuation? #523,"Location, area, amenities, market demand, comparable sales, infrastructure, and property condition influence valuation.",Property Valuation
What affects property valuation? #524,"Location, area, amenities, market demand, comparable sales, infrastructure, and property condition influence valuation.",Property Valuation
What affects property valuation? #525,"Location, area, amenities, market demand, comparable sales, infrastructure, and property condition influence valuation.",Property Valuation
What affects property valuation? #526,"Location, area, amenities, market demand, comparable sales, infrastructure, and property condition influence valuation.",Property Valuation
What affects property valuation? #527,"Location, area, amenities, market demand, comparable sales, infrastructure, and property condition influence valuation.",Property Valuation
What affects property valuation? #528,"Location, area, amenities, market demand, comparable sales, infrastructure, and property condition influence valuation.",Property Valuation
What affects property valuation? #529,"Location, area, amenities, market demand, comparable sales, infrastructure, and property condition influence valuation.",Property Valuation
What affects property valuation? #530,"Location, area, amenities, market demand, comparable sales, infrastructure, and property condition influence valuation.",Property Valuation
What affects property valuation? #531,"Location, area, amenities, market demand, comparable sales, infrastructure, and property condition influence valuation.",Property Valuation
What affects property valuation? #532,"Location, area, amenities, market demand, comparable sales, infrastructure, and property condition influence valuation.",Property Valuation
What affects property valuation? #533,"Location, area, amenities, market demand, comparable sales, infrastructure, and property condition influence valuation.",Property Valuation
What affects property valuation? #534,"Location, area, amenities, market demand, comparable sales, infrastructure, and property condition influence valuation.",Property Valuation
What affects property valuation? #535,"Location, area, amenities, market demand, comparable sales, infrastructure, and property condition influence valuation.",Property Valuation
What affects property valuation? #536,"Location, area, amenities, market demand, comparable sales, infrastructure, and property condition influence valuation.",Property Valuation
What affects property valuation? #537,"Location, area, amenities, market demand, comparable sales, infrastructure, and property condition influence valuation.",Property Valuation
What affects property valuation? #538,"Location, area, amenities, market demand, comparable sales, infrastructure, and property condition influence valuation.",Property Valuation
What affects property valuation? #539,"Location, area, amenities, market demand, comparable sales, infrastructure, and property condition influence valuation.",Property Valuation
What affects property valuation? #540,"Location, area, amenities, market demand, comparable sales, infrastructure, and property condition influence valuation.",Property Valuation
What affects property valuation? #541,"Location, area, amenities, market demand, comparable sales, infrastructure, and property condition influence valuation.",Property Valuation
What affects property valuation? #542,"Location, area, amenities, market demand, comparable sales, infrastructure, and property condition influence valuation.",Property Valuation
What affects property valuation? #543,"Location, area, amenities, market demand, comparable sales, infrastructure, and property condition influence valuation.",Property Valuation
What affects property valuation? #544,"Location, area, amenities, market demand, comparable sales, infrastructure, and property condition influence valuation.",Property Valuation
What affects property valuation? #545,"Location, area, amenities, market demand, comparable sales, infrastructure, and property condition influence valuation.",Property Valuation
What affects property valuation? #546,"Location, area, amenities, market demand, comparable sales, infrastructure, and property condition influence valuation.",Property Valuation
What affects property valuation? #547,"Location, area, amenities, market demand, comparable sales, infrastructure, and property condition influence valuation.",Property Valuation
What affects property valuation? #548,"Location, area, amenities, market demand, comparable sales, infrastructure, and property condition influence valuation.",Property Valuation
What affects property valuation? #549,"Location, area, amenities, market demand, comparable sales, infrastructure, and property condition influence valuation.",Property Valuation
What affects property valuation? #550,"Location, area, amenities, market demand, comparable sales, infrastructure, and property condition influence valuation.",Property Valuation
What affects property valuation? #551,"Location, area, amenities, market demand, comparable sales, infrastructure, and property condition influence valuation.",Property Valuation
What affects property valuation? #552,"Location, area, amenities, market demand, comparable sales, infrastructure, and property condition influence valuation.",Property Valuation
What affects property valuation? #553,"Location, area, amenities, market demand, comparable sales, infrastructure, and property condition influence valuation.",Property Valuation
What affects property valuation? #554,"Location, area, amenities, market demand, comparable sales, infrastructure, and property condition influence valuation.",Property Valuation
What affects property valuation? #555,"Location, area, amenities, market demand, comparable sales, infrastructure, and property condition influence valuation.",Property Valuation
What affects property valuation? #556,"Location, area, amenities, market demand, comparable sales, infrastructure, and property condition influence valuation.",Property Valuation
What affects property valuation? #557,"Location, area, amenities, market demand, comparable sales, infrastructure, and property condition influence valuation.",Property Valuation
What affects property valuation? #558,"Location, area, amenities, market demand, comparable sales, infrastructure, and property condition influence valuation.",Property Valuation
What affects property valuation? #559,"Location, area, amenities, market demand, comparable sales, infrastructure, and property condition influence valuation.",Property Valuation
What affects property valuation? #560,"Location, area, amenities, market demand, comparable sales, infrastructure, and property condition influence valuation.",Property Valuation
What affects property valuation? #561,"Location, area, amenities, market demand, comparable sales, infrastructure, and property condition influence valuation.",Property Valuation
What affects property valuation? #562,"Location, area, amenities, market demand, comparable sales, infrastructure, and property condition influence valuation.",Property Valuation
What affects property valuation? #563,"Location, area, amenities, market demand, comparable sales, infrastructure, and property condition influence valuation.",Property Valuation
What affects property valuation? #564,"Location, area, amenities, market demand, comparable sales, infrastructure, and property condition influence valuation.",Property Valuation
What affects property valuation? #565,"Location, area, amenities, market demand, comparable sales, infrastructure, and property condition influence valuation.",Property Valuation
What affects property valuation? #566,"Location, area, amenities, market demand, comparable sales, infrastructure, and property condition influence valuation.",Property Valuation
What affects property valuation? #567,"Location, area, amenities, market demand, comparable sales, infrastructure, and property condition influence valuation.",Property Valuation
What affects property valuation? #568,"Location, area, amenities, market demand, comparable sales, infrastructure, and property condition influence valuation.",Property Valuation
What affects property valuation? #569,"Location, area, amenities, market demand, comparable sales, infrastructure, and property condition influence valuation.",Property Valuation
What affects property valuation? #570,"Location, area, amenities, market demand, comparable sales, infrastructure, and property condition influence valuation.",Property Valuation
What affects property valuation? #571,"Location, area, amenities, market demand, comparable sales, infrastructure, and property condition influence valuation.",Property Valuation
What affects property valuation? #572,"Location, area, amenities, market demand, comparable sales, infrastructure, and property condition influence valuation.",Property Valuation
What affects property valuation? #573,"Location, area, amenities, market demand, comparable sales, infrastructure, and property condition influence valuation.",Property Valuation
What affects property valuation? #574,"Location, area, amenities, market demand, comparable sales, infrastructure, and property condition influence valuation.",Property Valuation
What affects property valuation? #575,"Location, area, amenities, market demand, comparable sales, infrastructure, and property condition influence valuation.",Property Valuation
What affects property valuation? #576,"Location, area, amenities, market demand, comparable sales, infrastructure, and property condition influence valuation.",Property Valuation
What affects property valuation? #577,"Location, area, amenities, market demand, comparable sales, infrastructure, and property condition influence valuation.",Property Valuation
What affects property valuation? #578,"Location, area, amenities, market demand, comparable sales, infrastructure, and property condition influence valuation.",Property Valuation
What affects property valuation? #579,"Location, area, amenities, market demand, comparable sales, infrastructure, and property condition influence valuation.",Property Valuation
What affects property valuation? #580,"Location, area, amenities, market demand, comparable sales, infrastructure, and property condition influence valuation.",Property Valuation
What affects property valuation? #581,"Location, area, amenities, market demand, comparable sales, infrastructure, and property condition influence valuation.",Property Valuation
What affects property valuation? #582,"Location, area, amenities, market demand, comparable sales, infrastructure, and property condition influence valuation.",Property Valuation
What affects property valuation? #583,"Location, area, amenities, market demand, comparable sales, infrastructure, and property condition influence valuation.",Property Valuation
What affects property valuation? #584,"Location, area, amenities, market demand, comparable sales, infrastructure, and property condition influence valuation.",Property Valuation
What affects property valuation? #585,"Location, area, amenities, market demand, comparable sales, infrastructure, and property condition influence valuation.",Property Valuation
What affects property valuation? #586,"Location, area, amenities, market demand, comparable sales, infrastructure, and property condition influence valuation.",Property Valuation
What affects property valuation? #587,"Location, area, amenities, market demand, comparable sales, infrastructure, and property condition influence valuation.",Property Valuation
What affects property valuation? #588,"Location, area, amenities, market demand, comparable sales, infrastructure, and property condition influence valuation.",Property Valuation
What affects property valuation? #589,"Location, area, amenities, market demand, comparable sales, infrastructure, and property condition influence valuation.",Property Valuation
What affects property valuation? #590,"Location, area, amenities, market demand, comparable sales, infrastructure, and property condition influence valuation.",Property Valuation
What affects property valuation? #591,"Location, area, amenities, market demand, comparable sales, infrastructure, and property condition influence valuation.",Property Valuation
What affects property valuation? #592,"Location, area, amenities, market demand, comparable sales, infrastructure, and property condition influence valuation.",Property Valuation
What affects property valuation? #593,"Location, area, amenities, market demand, comparable sales, infrastructure, and property condition influence valuation.",Property Valuation
What affects property valuation? #594,"Location, area, amenities, market demand, comparable sales, infrastructure, and property condition influence valuation.",Property Valuation
What affects property valuation? #595,"Location, area, amenities, market demand, comparable sales, infrastructure, and property condition influence valuation.",Property Valuation
What affects property valuation? #596,"Location, area, amenities, market demand, comparable sales, infrastructure, and property condition influence valuation.",Property Valuation
What affects property valuation? #597,"Location, area, amenities, market demand, comparable sales, infrastructure, and property condition influence valuation.",Property Valuation
What affects property valuation? #598,"Location, area, amenities, market demand, comparable sales, infrastructure, and property condition influence valuation.",Property Valuation
What affects property valuation? #599,"Location, area, amenities, market demand, comparable sales, infrastructure, and property condition influence valuation.",Property Valuation
What affects property valuation? #600,"Location, area, amenities, market demand, comparable sales, infrastructure, and property condition influence valuation.",Property Valuation
What affects property valuation? #601,"Location, area, amenities, market demand, comparable sales, infrastructure, and property condition influence valuation.",Property Valuation
What affects property valuation? #602,"Location, area, amenities, market demand, comparable sales, infrastructure, and property condition influence valuation.",Property Valuation
What affects property valuation? #603,"Location, area, amenities, market demand, comparable sales, infrastructure, and property condition influence valuation.",Property Valuation
What affects property valuation? #604,"Location, area, amenities, market demand, comparable sales, infrastructure, and property condition influence valuation.",Property Valuation
What affects property valuation? #605,"Location, area, amenities, market demand, comparable sales, infrastructure, and property condition influence valuation.",Property Valuation
What affects property valuation? #606,"Location, area, amenities, market demand, comparable sales, infrastructure, and property condition influence valuation.",Property Valuation
What affects property valuation? #607,"Location, area, amenities, market demand, comparable sales, infrastructure, and property condition influence valuation.",Property Valuation
What affects property valuation? #608,"Location, area, amenities, market demand, comparable sales, infrastructure, and property condition influence valuation.",Property Valuation
What affects property valuation? #609,"Location, area, amenities, market demand, comparable sales, infrastructure, and property condition influence valuation.",Property Valuation
What affects property valuation? #610,"Location, area, amenities, market demand, comparable sales, infrastructure, and property condition influence valuation.",Property Valuation
What affects property valuation? #611,"Location, area, amenities, market demand, comparable sales, infrastructure, and property condition influence valuation.",Property Valuation
What affects property valuation? #612,"Location, area, amenities, market demand, comparable sales, infrastructure, and property condition influence valuation.",Property Valuation
What affects property valuation? #613,"Location, area, amenities, market demand, comparable sales, infrastructure, and property condition influence valuation.",Property Valuation
What affects property valuation? #614,"Location, area, amenities, market demand, comparable sales, infrastructure, and property condition influence valuation.",Property Valuation
What affects property valuation? #615,"Location, area, amenities, market demand, comparable sales, infrastructure, and property condition influence valuation.",Property Valuation
What affects property valuation? #616,"Location, area, amenities, market demand, comparable sales, infrastructure, and property condition influence valuation.",Property Valuation
What affects property valuation? #617,"Location, area, amenities, market demand, comparable sales, infrastructure, and property condition influence valuation.",Property Valuation
What affects property valuation? #618,"Location, area, amenities, market demand, comparable sales, infrastructure, and property condition influence valuation.",Property Valuation
What affects property valuation? #619,"Location, area, amenities, market demand, comparable sales, infrastructure, and property condition influence valuation.",Property Valuation
What affects property valuation? #620,"Location, area, amenities, market demand, comparable sales, infrastructure, and property condition influence valuation.",Property Valuation
What affects property valuation? #621,"Location, area, amenities, market demand, comparable sales, infrastructure, and property condition influence valuation.",Property Valuation
What affects property valuation? #622,"Location, area, amenities, market demand, comparable sales, infrastructure, and property condition influence valuation.",Property Valuation
What affects property valuation? #623,"Location, area, amenities, market demand, comparable sales, infrastructure, and property condition influence valuation.",Property Valuation
What affects property valuation? #624,"Location, area, amenities, market demand, comparable sales, infrastructure, and property condition influence valuation.",Property Valuation
What affects property valuation? #625,"Location, area, amenities, market demand, comparable sales, infrastructure, and property condition influence valuation.",Property Valuation
What affects property valuation? #626,"Location, area, amenities, market demand, comparable sales, infrastructure, and property condition influence valuation.",Property Valuation
What affects property valuation? #627,"Location, area, amenities, market demand, comparable sales, infrastructure, and property condition influence valuation.",Property Valuation
What affects property valuation? #628,"Location, area, amenities, market demand, comparable sales, infrastructure, and property condition influence valuation.",Property Valuation
What affects property valuation? #629,"Location, area, amenities, market demand, comparable sales, infrastructure, and property condition influence valuation.",Property Valuation
What affects property valuation? #630,"Location, area, amenities, market demand, comparable sales, infrastructure, and property condition influence valuation.",Property Valuation
What affects property valuation? #631,"Location, area, amenities, market demand, comparable sales, infrastructure, and property condition influence valuation.",Property Valuation
What affects property valuation? #632,"Location, area, amenities, market demand, comparable sales, infrastructure, and property condition influence valuation.",Property Valuation
What affects property valuation? #633,"Location, area, amenities, market demand, comparable sales, infrastructure, and property condition influence valuation.",Property Valuation
What affects property valuation? #634,"Location, area, amenities, market demand, comparable sales, infrastructure, and property condition influence valuation.",Property Valuation
What affects property valuation? #635,"Location, area, amenities, market demand, comparable sales, infrastructure, and property condition influence valuation.",Property Valuation
What affects property valuation? #636,"Location, area, amenities, market demand, comparable sales, infrastructure, and property condition influence valuation.",Property Valuation
What affects property valuation? #637,"Location, area, amenities, market demand, comparable sales, infrastructure, and property condition influence valuation.",Property Valuation
What affects property valuation? #638,"Location, area, amenities, market demand, comparable sales, infrastructure, and property condition influence valuation.",Property Valuation
What affects property valuation? #639,"Location, area, amenities, market demand, comparable sales, infrastructure, and property condition influence valuation.",Property Valuation
What affects property valuation? #640,"Location, area, amenities, market demand, comparable sales, infrastructure, and property condition influence valuation.",Property Valuation
What affects property valuation? #641,"Location, area, amenities, market demand, comparable sales, infrastructure, and property condition influence valuation.",Property Valuation
What affects property valuation? #642,"Location, area, amenities, market demand, comparable sales, infrastructure, and property condition influence valuation.",Property Valuation
What affects property valuation? #643,"Location, area, amenities, market demand, comparable sales, infrastructure, and property condition influence valuation.",Property Valuation
What affects property valuation? #644,"Location, area, amenities, market demand, comparable sales, infrastructure, and property condition influence valuation.",Property Valuation
What affects property valuation? #645,"Location, area, amenities, market demand, comparable sales, infrastructure, and property condition influence valuation.",Property Valuation
What affects property valuation? #646,"Location, area, amenities, market demand, comparable sales, infrastructure, and property condition influence valuation.",Property Valuation
What affects property valuation? #647,"Location, area, amenities, market demand, comparable sales, infrastructure, and property condition influence valuation.",Property Valuation
What affects property valuation? #648,"Location, area, amenities, market demand, comparable sales, infrastructure, and property condition influence valuation.",Property Valuation
What affects property valuation? #649,"Location, area, amenities, market demand, comparable sales, infrastructure, and property condition influence valuation.",Property Valuation
What affects property valuation? #650,"Location, area, amenities, market demand, comparable sales, infrastructure, and property condition influence valuation.",Property Valuation
What affects property valuation? #651,"Location, area, amenities, market demand, comparable sales, infrastructure, and property condition influence valuation.",Property Valuation
What affects property valuation? #652,"Location, area, amenities, market demand, comparable sales, infrastructure, and property condition influence valuation.",Property Valuation
What affects property valuation? #653,"Location, area, amenities, market demand, comparable sales, infrastructure, and property condition influence valuation.",Property Valuation
What affects property valuation? #654,"Location, area, amenities, market demand, comparable sales, infrastructure, and property condition influence valuation.",Property Valuation
What affects property valuation? #655,"Location, area, amenities, market demand, comparable sales, infrastructure, and property condition influence valuation.",Property Valuation
What affects property valuation? #656,"Location, area, amenities, market demand, comparable sales, infrastructure, and property condition influence valuation.",Property Valuation
What affects property valuation? #657,"Location, area, amenities, market demand, comparable sales, infrastructure, and property condition influence valuation.",Property Valuation
What affects property valuation? #658,"Location, area, amenities, market demand, comparable sales, infrastructure, and property condition influence valuation.",Property Valuation
What affects property valuation? #659,"Location, area, amenities, market demand, comparable sales, infrastructure, and property condition influence valuation.",Property Valuation
What affects property valuation? #660,"Location, area, amenities, market demand, comparable sales, infrastructure, and property condition influence valuation.",Property Valuation
What affects property valuation? #661,"Location, area, amenities, market demand, comparable sales, infrastructure, and property condition influence valuation.",Property Valuation
What affects property valuation? #662,"Location, area, amenities, market demand, comparable sales, infrastructure, and property condition influence valuation.",Property Valuation
What affects property valuation? #663,"Location, area, amenities, market demand, comparable sales, infrastructure, and property condition influence valuation.",Property Valuation
What affects property valuation? #664,"Location, area, amenities, market demand, comparable sales, infrastructure, and property condition influence valuation.",Property Valuation
What affects property valuation? #665,"Location, area, amenities, market demand, comparable sales, infrastructure, and property condition influence valuation.",Property Valuation
What affects property valuation? #666,"Location, area, amenities, market demand, comparable sales, infrastructure, and property condition influence valuation.",Property Valuation
What affects property valuation? #667,"Location, area, amenities, market demand, comparable sales, infrastructure, and property condition influence valuation.",Property Valuation
What affects property valuation? #668,"Location, area, amenities, market demand, comparable sales, infrastructure, and property condition influence valuation.",Property Valuation
What affects property valuation? #669,"Location, area, amenities, market demand, comparable sales, infrastructure, and property condition influence valuation.",Property Valuation
What affects property valuation? #670,"Location, area, amenities, market demand, comparable sales, infrastructure, and property condition influence valuation.",Property Valuation
What affects property valuation? #671,"Location, area, amenities, market demand, comparable sales, infrastructure, and property condition influence valuation.",Property Valuation
What affects property valuation? #672,"Location, area, amenities, market demand, comparable sales, infrastructure, and property condition influence valuation.",Property Valuation
What affects property valuation? #673,"Location, area, amenities, market demand, comparable sales, infrastructure, and property condition influence valuation.",Property Valuation
What affects property valuation? #674,"Location, area, amenities, market demand, comparable sales, infrastructure, and property condition influence valuation.",Property Valuation
What affects property valuation? #675,"Location, area, amenities, market demand, comparable sales, infrastructure, and property condition influence valuation.",Property Valuation
What affects property valuation? #676,"Location, area, amenities, market demand, comparable sales, infrastructure, and property condition influence valuation.",Property Valuation
What affects property valuation? #677,"Location, area, amenities, market demand, comparable sales, infrastructure, and property condition influence valuation.",Property Valuation
What affects property valuation? #678,"Location, area, amenities, market demand, comparable sales, infrastructure, and property condition influence valuation.",Property Valuation
What affects property valuation? #679,"Location, area, amenities, market demand, comparable sales, infrastructure, and property condition influence valuation.",Property Valuation
What affects property valuation? #680,"Location, area, amenities, market demand, comparable sales, infrastructure, and property condition influence valuation.",Property Valuation
What affects property valuation? #681,"Location, area, amenities, market demand, comparable sales, infrastructure, and property condition influence valuation.",Property Valuation
What affects property valuation? #682,"Location, area, amenities, market demand, comparable sales, infrastructure, and property condition influence valuation.",Property Valuation
What affects property valuation? #683,"Location, area, amenities, market demand, comparable sales, infrastructure, and property condition influence valuation.",Property Valuation
What affects property valuation? #684,"Location, area, amenities, market demand, comparable sales, infrastructure, and property condition influence valuation.",Property Valuation
What affects property valuation? #685,"Location, area, amenities, market demand, comparable sales, infrastructure, and property condition influence valuation.",Property Valuation
What affects property valuation? #686,"Location, area, amenities, market demand, comparable sales, infrastructure, and property condition influence valuation.",Property Valuation
What affects property valuation? #687,"Location, area, amenities, market demand, comparable sales, infrastructure, and property condition influence valuation.",Property Valuation
What affects property valuation? #688,"Location, area, amenities, market demand, comparable sales, infrastructure, and property condition influence valuation.",Property Valuation
What affects property valuation? #689,"Location, area, amenities, market demand, comparable sales, infrastructure, and property condition influence valuation.",Property Valuation
What affects property valuation? #690,"Location, area, amenities, market demand, comparable sales, infrastructure, and property condition influence valuation.",Property Valuation
What affects property valuation? #691,"Location, area, amenities, market demand, comparable sales, infrastructure, and property condition influence valuation.",Property Valuation
What affects property valuation? #692,"Location, area, amenities, market demand, comparable sales, infrastructure, and property condition influence valuation.",Property Valuation
What affects property valuation? #693,"Location, area, amenities, market demand, comparable sales, infrastructure, and property condition influence valuation.",Property Valuation
What affects property valuation? #694,"Location, area, amenities, market demand, comparable sales, infrastructure, and property condition influence valuation.",Property Valuation
What affects property valuation? #695,"Location, area, amenities, market demand, comparable sales, infrastructure, and property condition influence valuation.",Property Valuation
What affects property valuation? #696,"Location, area, amenities, market demand, comparable sales, infrastructure, and property condition influence valuation.",Property Valuation
What affects property valuation? #697,"Location, area, amenities, market demand, comparable sales, infrastructure, and property condition influence valuation.",Property Valuation
What affects property valuation? #698,"Location, area, amenities, market demand, comparable sales, infrastructure, and property condition influence valuation.",Property Valuation
What affects property valuation? #699,"Location, area, amenities, market demand, comparable sales, infrastructure, and property condition influence valuation.",Property Valuation
What affects property valuation? #700,"Location, area, amenities, market demand, comparable sales, infrastructure, and property condition influence valuation.",Property Valuation
What affects property valuation? #701,"Location, area, amenities, market demand, comparable sales, infrastructure, and property condition influence valuation.",Property Valuation
What affects property valuation? #702,"Location, area, amenities, market demand, comparable sales, infrastructure, and property condition influence valuation.",Property Valuation
What affects property valuation? #703,"Location, area, amenities, market demand, comparable sales, infrastructure, and property condition influence valuation.",Property Valuation
What affects property valuation? #704,"Location, area, amenities, market demand, comparable sales, infrastructure, and property condition influence valuation.",Property Valuation
What affects property valuation? #705,"Location, area, amenities, market demand, comparable sales, infrastructure, and property condition influence valuation.",Property Valuation
What affects property valuation? #706,"Location, area, amenities, market demand, comparable sales, infrastructure, and property condition influence valuation.",Property Valuation
What affects property valuation? #707,"Location, area, amenities, market demand, comparable sales, infrastructure, and property condition influence valuation.",Property Valuation
What affects property valuation? #708,"Location, area, amenities, market demand, comparable sales, infrastructure, and property condition influence valuation.",Property Valuation
What affects property valuation? #709,"Location, area, amenities, market demand, comparable sales, infrastructure, and property condition influence valuation.",Property Valuation
What affects property valuation? #710,"Location, area, amenities, market demand, comparable sales, infrastructure, and property condition influence valuation.",Property Valuation
What affects property valuation? #711,"Location, area, amenities, market demand, comparable sales, infrastructure, and property condition influence valuation.",Property Valuation
What affects property valuation? #712,"Location, area, amenities, market demand, comparable sales, infrastructure, and property condition influence valuation.",Property Valuation
What affects property valuation? #713,"Location, area, amenities, market demand, comparable sales, infrastructure, and property condition influence valuation.",Property Valuation
What affects property valuation? #714,"Location, area, amenities, market demand, comparable sales, infrastructure, and property condition influence valuation.",Property Valuation
What affects property valuation? #715,"Location, area, amenities, market demand, comparable sales, infrastructure, and property condition influence valuation.",Property Valuation
What affects property valuation? #716,"Location, area, amenities, market demand, comparable sales, infrastructure, and property condition influence valuation.",Property Valuation
What affects property valuation? #717,"Location, area, amenities, market demand, comparable sales, infrastructure, and property condition influence valuation.",Property Valuation
What affects property valuation? #718,"Location, area, amenities, market demand, comparable sales, infrastructure, and property condition influence valuation.",Property Valuation
What affects property valuation? #719,"Location, area, amenities, market demand, comparable sales, infrastructure, and property condition influence valuation.",Property Valuation
What affects property valuation? #720,"Location, area, amenities, market demand, comparable sales, infrastructure, and property condition influence valuation.",Property Valuation
What affects property valuation? #721,"Location, area, amenities, market demand, comparable sales, infrastructure, and property condition influence valuation.",Property Valuation
What affects property valuation? #722,"Location, area, amenities, market demand, comparable sales, infrastructure, and property condition influence valuation.",Property Valuation
What affects property valuation? #723,"Location, area, amenities, market demand, comparable sales, infrastructure, and property condition influence valuation.",Property Valuation
What affects property valuation? #724,"Location, area, amenities, market demand, comparable sales, infrastructure, and property condition influence valuation.",Property Valuation
What affects property valuation? #725,"Location, area, amenities, market demand, comparable sales, infrastructure, and property condition influence valuation.",Property Valuation
What affects property valuation? #726,"Location, area, amenities, market demand, comparable sales, infrastructure, and property condition influence valuation.",Property Valuation
What affects property valuation? #727,"Location, area, amenities, market demand, comparable sales, infrastructure, and property condition influence valuation.",Property Valuation
What affects property valuation? #728,"Location, area, amenities, market demand, comparable sales, infrastructure, and property condition influence valuation.",Property Valuation
What affects property valuation? #729,"Location, area, amenities, market demand, comparable sales, infrastructure, and property condition influence valuation.",Property Valuation
What affects property valuation? #730,"Location, area, amenities, market demand, comparable sales, infrastructure, and property condition influence valuation.",Property Valuation
What affects property valuation? #731,"Location, area, amenities, market demand, comparable sales, infrastructure, and property condition influence valuation.",Property Valuation
What affects property valuation? #732,"Location, area, amenities, market demand, comparable sales, infrastructure, and property condition influence valuation.",Property Valuation
What affects property valuation? #733,"Location, area, amenities, market demand, comparable sales, infrastructure, and property condition influence valuation.",Property Valuation
What affects property valuation? #734,"Location, area, amenities, market demand, comparable sales, infrastructure, and property condition influence valuation.",Property Valuation
What affects property valuation? #735,"Location, area, amenities, market demand, comparable sales, infrastructure, and property condition influence valuation.",Property Valuation
What affects property valuation? #736,"Location, area, amenities, market demand, comparable sales, infrastructure, and property condition influence valuation.",Property Valuation
What affects property valuation? #737,"Location, area, amenities, market demand, comparable sales, infrastructure, and property condition influence valuation.",Property Valuation
What affects property valuation? #738,"Location, area, amenities, market demand, comparable sales, infrastructure, and property condition influence valuation.",Property Valuation
What affects property valuation? #739,"Location, area, amenities, market demand, comparable sales, infrastructure, and property condition influence valuation.",Property Valuation
What affects property valuation? #740,"Location, area, amenities, market demand, comparable sales, infrastructure, and property condition influence valuation.",Property Valuation
What affects property valuation? #741,"Location, area, amenities, market demand, comparable sales, infrastructure, and property condition influence valuation.",Property Valuation
What affects property valuation? #742,"Location, area, amenities, market demand, comparable sales, infrastructure, and property condition influence valuation.",Property Valuation
What affects property valuation? #743,"Location, area, amenities, market demand, comparable sales, infrastructure, and property condition influence valuation.",Property Valuation
What affects property valuation? #744,"Location, area, amenities, market demand, comparable sales, infrastructure, and property condition influence valuation.",Property Valuation
What affects property valuation? #745,"Location, area, amenities, market demand, comparable sales, infrastructure, and property condition influence valuation.",Property Valuation
What affects property valuation? #746,"Location, area, amenities, market demand, comparable sales, infrastructure, and property condition influence valuation.",Property Valuation
What affects property valuation? #747,"Location, area, amenities, market demand, comparable sales, infrastructure, and property condition influence valuation.",Property Valuation
What affects property valuation? #748,"Location, area, amenities, market demand, comparable sales, infrastructure, and property condition influence valuation.",Property Valuation
What affects property valuation? #749,"Location, area, amenities, market demand, comparable sales, infrastructure, and property condition influence valuation.",Property Valuation
What affects property valuation? #750,"Location, area, amenities, market demand, comparable sales, infrastructure, and property condition influence valuation.",Property Valuation
What affects property valuation? #751,"Location, area, amenities, market demand, comparable sales, infrastructure, and property condition influence valuation.",Property Valuation
What affects property valuation? #752,"Location, area, amenities, market demand, comparable sales, infrastructure, and property condition influence valuation.",Property Valuation
What affects property valuation? #753,"Location, area, amenities, market demand, comparable sales, infrastructure, and property condition influence valuation.",Property Valuation
What affects property valuation? #754,"Location, area, amenities, market demand, comparable sales, infrastructure, and property condition influence valuation.",Property Valuation
What affects property valuation? #755,"Location, area, amenities, market demand, comparable sales, infrastructure, and property condition influence valuation.",Property Valuation
What affects property valuation? #756,"Location, area, amenities, market demand, comparable sales, infrastructure, and property condition influence valuation.",Property Valuation
What affects property valuation? #757,"Location, area, amenities, market demand, comparable sales, infrastructure, and property condition influence valuation.",Property Valuation
What affects property valuation? #758,"Location, area, amenities, market demand, comparable sales, infrastructure, and property condition influence valuation.",Property Valuation
What affects property valuation? #759,"Location, area, amenities, market demand, comparable sales, infrastructure, and property condition influence valuation.",Property Valuation
What affects property valuation? #760,"Location, area, amenities, market demand, comparable sales, infrastructure, and property condition influence valuation.",Property Valuation
What affects property valuation? #761,"Location, area, amenities, market demand, comparable sales, infrastructure, and property condition influence valuation.",Property Valuation
What affects property valuation? #762,"Location, area, amenities, market demand, comparable sales, infrastructure, and property condition influence valuation.",Property Valuation
What affects property valuation? #763,"Location, area, amenities, market demand, comparable sales, infrastructure, and property condition influence valuation.",Property Valuation
What affects property valuation? #764,"Location, area, amenities, market demand, comparable sales, infrastructure, and property condition influence valuation.",Property Valuation
What affects property valuation? #765,"Location, area, amenities, market demand, comparable sales, infrastructure, and property condition influence valuation.",Property Valuation
What affects property valuation? #766,"Location, area, amenities, market demand, comparable sales, infrastructure, and property condition influence valuation.",Property Valuation
What affects property valuation? #767,"Location, area, amenities, market demand, comparable sales, infrastructure, and property condition influence valuation.",Property Valuation
What affects property valuation? #768,"Location, area, amenities, market demand, comparable sales, infrastructure, and property condition influence valuation.",Property Valuation
What affects property valuation? #769,"Location, area, amenities, market demand, comparable sales, infrastructure, and property condition influence valuation.",Property Valuation
What affects property valuation? #770,"Location, area, amenities, market demand, comparable sales, infrastructure, and property condition influence valuation.",Property Valuation
What affects property valuation? #771,"Location, area, amenities, market demand, comparable sales, infrastructure, and property condition influence valuation.",Property Valuation
What affects property valuation? #772,"Location, area, amenities, market demand, comparable sales, infrastructure, and property condition influence valuation.",Property Valuation
What affects property valuation? #773,"Location, area, amenities, market demand, comparable sales, infrastructure, and property condition influence valuation.",Property Valuation
What affects property valuation? #774,"Location, area, amenities, market demand, comparable sales, infrastructure, and property condition influence valuation.",Property Valuation
What affects property valuation? #775,"Location, area, amenities, market demand, comparable sales, infrastructure, and property condition influence valuation.",Property Valuation
What affects property valuation? #776,"Location, area, amenities, market demand, comparable sales, infrastructure, and property condition influence valuation.",Property Valuation
What affects property valuation? #777,"Location, area, amenities, market demand, comparable sales, infrastructure, and property condition influence valuation.",Property Valuation
What affects property valuation? #778,"Location, area, amenities, market demand, comparable sales, infrastructure, and property condition influence valuation.",Property Valuation
What affects property valuation? #779,"Location, area, amenities, market demand, comparable sales, infrastructure, and property condition influence valuation.",Property Valuation
What affects property valuation? #780,"Location, area, amenities, market demand, comparable sales, infrastructure, and property condition influence valuation.",Property Valuation
What affects property valuation? #781,"Location, area, amenities, market demand, comparable sales, infrastructure, and property condition influence valuation.",Property Valuation
What affects property valuation? #782,"Location, area, amenities, market demand, comparable sales, infrastructure, and property condition influence valuation.",Property Valuation
What affects property valuation? #783,"Location, area, amenities, market demand, comparable sales, infrastructure, and property condition influence valuation.",Property Valuation
What affects property valuation? #784,"Location, area, amenities, market demand, comparable sales, infrastructure, and property condition influence valuation.",Property Valuation
What affects property valuation? #785,"Location, area, amenities, market demand, comparable sales, infrastructure, and property condition influence valuation.",Property Valuation
What affects property valuation? #786,"Location, area, amenities, market demand, comparable sales, infrastructure, and property condition influence valuation.",Property Valuation
What affects property valuation? #787,"Location, area, amenities, market demand, comparable sales, infrastructure, and property condition influence valuation.",Property Valuation
What affects property valuation? #788,"Location, area, amenities, market demand, comparable sales, infrastructure, and property condition influence valuation.",Property Valuation
What affects property valuation? #789,"Location, area, amenities, market demand, comparable sales, infrastructure, and property condition influence valuation.",Property Valuation
What affects property valuation? #790,"Location, area, amenities, market demand, comparable sales, infrastructure, and property condition influence valuation.",Property Valuation
What affects property valuation? #791,"Location, area, amenities, market demand, comparable sales, infrastructure, and property condition influence valuation.",Property Valuation
What affects property valuation? #792,"Location, area, amenities, market demand, comparable sales, infrastructure, and property condition influence valuation.",Property Valuation
What affects property valuation? #793,"Location, area, amenities, market demand, comparable sales, infrastructure, and property condition influence valuation.",Property Valuation
What affects property valuation? #794,"Location, area, amenities, market demand, comparable sales, infrastructure, and property condition influence valuation.",Property Valuation
What affects property valuation? #795,"Location, area, amenities, market demand, comparable sales, infrastructure, and property condition influence valuation.",Property Valuation
What affects property valuation? #796,"Location, area, amenities, market demand, comparable sales, infrastructure, and property condition influence valuation.",Property Valuation
What affects property valuation? #797,"Location, area, amenities, market demand, comparable sales, infrastructure, and property condition influence valuation.",Property Valuation
What affects property valuation? #798,"Location, area, amenities, market demand, comparable sales, infrastructure, and property condition influence valuation.",Property Valuation
What affects property valuation? #799,"Location, area, amenities, market demand, comparable sales, infrastructure, and property condition influence valuation.",Property Valuation
What affects property valuation? #800,"Location, area, amenities, market demand, comparable sales, infrastructure, and property condition influence valuation.",Property Valuation
What affects property valuation? #801,"Location, area, amenities, market demand, comparable sales, infrastructure, and property condition influence valuation.",Property Valuation
What affects property valuation? #802,"Location, area, amenities, market demand, comparable sales, infrastructure, and property condition influence valuation.",Property Valuation
What affects property valuation? #803,"Location, area, amenities, market demand, comparable sales, infrastructure, and property condition influence valuation.",Property Valuation
What affects property valuation? #804,"Location, area, amenities, market demand, comparable sales, infrastructure, and property condition influence valuation.",Property Valuation
What affects property valuation? #805,"Location, area, amenities, market demand, comparable sales, infrastructure, and property condition influence valuation.",Property Valuation
What affects property valuation? #806,"Location, area, amenities, market demand, comparable sales, infrastructure, and property condition influence valuation.",Property Valuation
What affects property valuation? #807,"Location, area, amenities, market demand, comparable sales, infrastructure, and property condition influence valuation.",Property Valuation
What affects property valuation? #808,"Location, area, amenities, market demand, comparable sales, infrastructure, and property condition influence valuation.",Property Valuation
What affects property valuation? #809,"Location, area, amenities, market demand, comparable sales, infrastructure, and property condition influence valuation.",Property Valuation
What affects property valuation? #810,"Location, area, amenities, market demand, comparable sales, infrastructure, and property condition influence valuation.",Property Valuation
What affects property valuation? #811,"Location, area, amenities, market demand, comparable sales, infrastructure, and property condition influence valuation.",Property Valuation
What affects property valuation? #812,"Location, area, amenities, market demand, comparable sales, infrastructure, and property condition influence valuation.",Property Valuation
What affects property valuation? #813,"Location, area, amenities, market demand, comparable sales, infrastructure, and property condition influence valuation.",Property Valuation
What affects property valuation? #814,"Location, area, amenities, market demand, comparable sales, infrastructure, and property condition influence valuation.",Property Valuation
What affects property valuation? #815,"Location, area, amenities, market demand, comparable sales, infrastructure, and property condition influence valuation.",Property Valuation
What affects property valuation? #816,"Location, area, amenities, market demand, comparable sales, infrastructure, and property condition influence valuation.",Property Valuation
What affects property valuation? #817,"Location, area, amenities, market demand, comparable sales, infrastructure, and property condition influence valuation.",Property Valuation
What affects property valuation? #818,"Location, area, amenities, market demand, comparable sales, infrastructure, and property condition influence valuation.",Property Valuation
What affects property valuation? #819,"Location, area, amenities, market demand, comparable sales, infrastructure, and property condition influence valuation.",Property Valuation
What affects property valuation? #820,"Location, area, amenities, market demand, comparable sales, infrastructure, and property condition influence valuation.",Property Valuation
What affects property valuation? #821,"Location, area, amenities, market demand, comparable sales, infrastructure, and property condition influence valuation.",Property Valuation
What affects property valuation? #822,"Location, area, amenities, market demand, comparable sales, infrastructure, and property condition influence valuation.",Property Valuation
What affects property valuation? #823,"Location, area, amenities, market demand, comparable sales, infrastructure, and property condition influence valuation.",Property Valuation
What affects property valuation? #824,"Location, area, amenities, market demand, comparable sales, infrastructure, and property condition influence valuation.",Property Valuation
What affects property valuation? #825,"Location, area, amenities, market demand, comparable sales, infrastructure, and property condition influence valuation.",Property Valuation
What affects property valuation? #826,"Location, area, amenities, market demand, comparable sales, infrastructure, and property condition influence valuation.",Property Valuation
What affects property valuation? #827,"Location, area, amenities, market demand, comparable sales, infrastructure, and property condition influence valuation.",Property Valuation
What affects property valuation? #828,"Location, area, amenities, market demand, comparable sales, infrastructure, and property condition influence valuation.",Property Valuation
What affects property valuation? #829,"Location, area, amenities, market demand, comparable sales, infrastructure, and property condition influence valuation.",Property Valuation
What affects property valuation? #830,"Location, area, amenities, market demand, comparable sales, infrastructure, and property condition influence valuation.",Property Valuation
What affects property valuation? #831,"Location, area, amenities, market demand, comparable sales, infrastructure, and property condition influence valuation.",Property Valuation
What affects property valuation? #832,"Location, area, amenities, market demand, comparable sales, infrastructure, and property condition influence valuation.",Property Valuation
What affects property valuation? #833,"Location, area, amenities, market demand, comparable sales, infrastructure, and property condition influence valuation.",Property Valuation
What affects property valuation? #834,"Location, area, amenities, market demand, comparable sales, infrastructure, and property condition influence valuation.",Property Valuation
What affects property valuation? #835,"Location, area, amenities, market demand, comparable sales, infrastructure, and property condition influence valuation.",Property Valuation
What affects property valuation? #836,"Location, area, amenities, market demand, comparable sales, infrastructure, and property condition influence valuation.",Property Valuation
What affects property valuation? #837,"Location, area, amenities, market demand, comparable sales, infrastructure, and property condition influence valuation.",Property Valuation
What affects property valuation? #838,"Location, area, amenities, market demand, comparable sales, infrastructure, and property condition influence valuation.",Property Valuation
What affects property valuation? #839,"Location, area, amenities, market demand, comparable sales, infrastructure, and property condition influence valuation.",Property Valuation
What affects property valuation? #840,"Location, area, amenities, market demand, comparable sales, infrastructure, and property condition influence valuation.",Property Valuation
What affects property valuation? #841,"Location, area, amenities, market demand, comparable sales, infrastructure, and property condition influence valuation.",Property Valuation
What affects property valuation? #842,"Location, area, amenities, market demand, comparable sales, infrastructure, and property condition influence valuation.",Property Valuation
What affects property valuation? #843,"Location, area, amenities, market demand, comparable sales, infrastructure, and property condition influence valuation.",Property Valuation
What affects property valuation? #844,"Location, area, amenities, market demand, comparable sales, infrastructure, and property condition influence valuation.",Property Valuation
What affects property valuation? #845,"Location, area, amenities, market demand, comparable sales, infrastructure, and property condition influence valuation.",Property Valuation
What affects property valuation? #846,"Location, area, amenities, market demand, comparable sales, infrastructure, and property condition influence valuation.",Property Valuation
What affects property valuation? #847,"Location, area, amenities, market demand, comparable sales, infrastructure, and property condition influence valuation.",Property Valuation
What affects property valuation? #848,"Location, area, amenities, market demand, comparable sales, infrastructure, and property condition influence valuation.",Property Valuation
What affects property valuation? #849,"Location, area, amenities, market demand, comparable sales, infrastructure, and property condition influence valuation.",Property Valuation
What affects property valuation? #850,"Location, area, amenities, market demand, comparable sales, infrastructure, and property condition influence valuation.",Property Valuation
What affects property valuation? #851,"Location, area, amenities, market demand, comparable sales, infrastructure, and property condition influence valuation.",Property Valuation
What affects property valuation? #852,"Location, area, amenities, market demand, comparable sales, infrastructure, and property condition influence valuation.",Property Valuation
What affects property valuation? #853,"Location, area, amenities, market demand, comparable sales, infrastructure, and property condition influence valuation.",Property Valuation
What affects property valuation? #854,"Location, area, amenities, market demand, comparable sales, infrastructure, and property condition influence valuation.",Property Valuation
What affects property valuation? #855,"Location, area, amenities, market demand, comparable sales, infrastructure, and property condition influence valuation.",Property Valuation
What affects property valuation? #856,"Location, area, amenities, market demand, comparable sales, infrastructure, and property condition influence valuation.",Property Valuation
What affects property valuation? #857,"Location, area, amenities, market demand, comparable sales, infrastructure, and property condition influence valuation.",Property Valuation
What affects property valuation? #858,"Location, area, amenities, market demand, comparable sales, infrastructure, and property condition influence valuation.",Property Valuation
What affects property valuation? #859,"Location, area, amenities, market demand, comparable sales, infrastructure, and property condition influence valuation.",Property Valuation
What affects property valuation? #860,"Location, area, amenities, market demand, comparable sales, infrastructure, and property condition influence valuation.",Property Valuation
What affects property valuation? #861,"Location, area, amenities, market demand, comparable sales, infrastructure, and property condition influence valuation.",Property Valuation
What affects property valuation? #862,"Location, area, amenities, market demand, comparable sales, infrastructure, and property condition influence valuation.",Property Valuation
What affects property valuation? #863,"Location, area, amenities, market demand, comparable sales, infrastructure, and property condition influence valuation.",Property Valuation
What affects property valuation? #864,"Location, area, amenities, market demand, comparable sales, infrastructure, and property condition influence valuation.",Property Valuation
What affects property valuation? #865,"Location, area, amenities, market demand, comparable sales, infrastructure, and property condition influence valuation.",Property Valuation
What affects property valuation? #866,"Location, area, amenities, market demand, comparable sales, infrastructure, and property condition influence valuation.",Property Valuation
What affects property valuation? #867,"Location, area, amenities, market demand, comparable sales, infrastructure, and property condition influence valuation.",Property Valuation
What affects property valuation? #868,"Location, area, amenities, market demand, comparable sales, infrastructure, and property condition influence valuation.",Property Valuation
What affects property valuation? #869,"Location, area, amenities, market demand, comparable sales, infrastructure, and property condition influence valuation.",Property Valuation
What affects property valuation? #870,"Location, area, amenities, market demand, comparable sales, infrastructure, and property condition influence valuation.",Property Valuation
What affects property valuation? #871,"Location, area, amenities, market demand, comparable sales, infrastructure, and property condition influence valuation.",Property Valuation
What affects property valuation? #872,"Location, area, amenities, market demand, comparable sales, infrastructure, and property condition influence valuation.",Property Valuation
What affects property valuation? #873,"Location, area, amenities, market demand, comparable sales, infrastructure, and property condition influence valuation.",Property Valuation
What affects property valuation? #874,"Location, area, amenities, market demand, comparable sales, infrastructure, and property condition influence valuation.",Property Valuation
What affects property valuation? #875,"Location, area, amenities, market demand, comparable sales, infrastructure, and property condition influence valuation.",Property Valuation
What affects property valuation? #876,"Location, area, amenities, market demand, comparable sales, infrastructure, and property condition influence valuation.",Property Valuation
What affects property valuation? #877,"Location, area, amenities, market demand, comparable sales, infrastructure, and property condition influence valuation.",Property Valuation
What affects property valuation? #878,"Location, area, amenities, market demand, comparable sales, infrastructure, and property condition influence valuation.",Property Valuation
What affects property valuation? #879,"Location, area, amenities, market demand, comparable sales, infrastructure, and property condition influence valuation.",Property Valuation
What affects property valuation? #880,"Location, area, amenities, market demand, comparable sales, infrastructure, and property condition influence valuation.",Property Valuation
What affects property valuation? #881,"Location, area, amenities, market demand, comparable sales, infrastructure, and property condition influence valuation.",Property Valuation
What affects property valuation? #882,"Location, area, amenities, market demand, comparable sales, infrastructure, and property condition influence valuation.",Property Valuation
What affects property valuation? #883,"Location, area, amenities, market demand, comparable sales, infrastructure, and property condition influence valuation.",Property Valuation
What affects property valuation? #884,"Location, area, amenities, market demand, comparable sales, infrastructure, and property condition influence valuation.",Property Valuation
What affects property valuation? #885,"Location, area, amenities, market demand, comparable sales, infrastructure, and property condition influence valuation.",Property Valuation
What affects property valuation? #886,"Location, area, amenities, market demand, comparable sales, infrastructure, and property condition influence valuation.",Property Valuation
What affects property valuation? #887,"Location, area, amenities, market demand, comparable sales, infrastructure, and property condition influence valuation.",Property Valuation
What affects property valuation? #888,"Location, area, amenities, market demand, comparable sales, infrastructure, and property condition influence valuation.",Property Valuation
What affects property valuation? #889,"Location, area, amenities, market demand, comparable sales, infrastructure, and property condition influence valuation.",Property Valuation
What affects property valuation? #890,"Location, area, amenities, market demand, comparable sales, infrastructure, and property condition influence valuation.",Property Valuation
What affects property valuation? #891,"Location, area, amenities, market demand, comparable sales, infrastructure, and property condition influence valuation.",Property Valuation
What affects property valuation? #892,"Location, area, amenities, market demand, comparable sales, infrastructure, and property condition influence valuation.",Property Valuation
What affects property valuation? #893,"Location, area, amenities, market demand, comparable sales, infrastructure, and property condition influence valuation.",Property Valuation
What affects property valuation? #894,"Location, area, amenities, market demand, comparable sales, infrastructure, and property condition influence valuation.",Property Valuation
What affects property valuation? #895,"Location, area, amenities, market demand, comparable sales, infrastructure, and property condition influence valuation.",Property Valuation
What affects property valuation? #896,"Location, area, amenities, market demand, comparable sales, infrastructure, and property condition influence valuation.",Property Valuation
What affects property valuation? #897,"Location, area, amenities, market demand, comparable sales, infrastructure, and property condition influence valuation.",Property Valuation
What affects property valuation? #898,"Location, area, amenities, market demand, comparable sales, infrastructure, and property condition influence valuation.",Property Valuation
What affects property valuation? #899,"Location, area, amenities, market demand, comparable sales, infrastructure, and property condition influence valuation.",Property Valuation
What affects property valuation? #900,"Location, area, amenities, market demand, comparable sales, infrastructure, and property condition influence valuation.",Property Valuation
What affects property valuation? #901,"Location, area, amenities, market demand, comparable sales, infrastructure, and property condition influence valuation.",Property Valuation
What affects property valuation? #902,"Location, area, amenities, market demand, comparable sales, infrastructure, and property condition influence valuation.",Property Valuation
What affects property valuation? #903,"Location, area, amenities, market demand, comparable sales, infrastructure, and property condition influence valuation.",Property Valuation
What affects property valuation? #904,"Location, area, amenities, market demand, comparable sales, infrastructure, and property condition influence valuation.",Property Valuation
What affects property valuation? #905,"Location, area, amenities, market demand, comparable sales, infrastructure, and property condition influence valuation.",Property Valuation
What affects property valuation? #906,"Location, area, amenities, market demand, comparable sales, infrastructure, and property condition influence valuation.",Property Valuation
What affects property valuation? #907,"Location, area, amenities, market demand, comparable sales, infrastructure, and property condition influence valuation.",Property Valuation
What affects property valuation? #908,"Location, area, amenities, market demand, comparable sales, infrastructure, and property condition influence valuation.",Property Valuation
What affects property valuation? #909,"Location, area, amenities, market demand, comparable sales, infrastructure, and property condition influence valuation.",Property Valuation
What affects property valuation? #910,"Location, area, amenities, market demand, comparable sales, infrastructure, and property condition influence valuation.",Property Valuation
What affects property valuation? #911,"Location, area, amenities, market demand, comparable sales, infrastructure, and property condition influence valuation.",Property Valuation
What affects property valuation? #912,"Location, area, amenities, market demand, comparable sales, infrastructure, and property condition influence valuation.",Property Valuation
What affects property valuation? #913,"Location, area, amenities, market demand, comparable sales, infrastructure, and property condition influence valuation.",Property Valuation
What affects property valuation? #914,"Location, area, amenities, market demand, comparable sales, infrastructure, and property condition influence valuation.",Property Valuation
What affects property valuation? #915,"Location, area, amenities, market demand, comparable sales, infrastructure, and property condition influence valuation.",Property Valuation
What affects property valuation? #916,"Location, area, amenities, market demand, comparable sales, infrastructure, and property condition influence valuation.",Property Valuation
What affects property valuation? #917,"Location, area, amenities, market demand, comparable sales, infrastructure, and property condition influence valuation.",Property Valuation
What affects property valuation? #918,"Location, area, amenities, market demand, comparable sales, infrastructure, and property condition influence valuation.",Property Valuation
What affects property valuation? #919,"Location, area, amenities, market demand, comparable sales, infrastructure, and property condition influence valuation.",Property Valuation
What affects property valuation? #920,"Location, area, amenities, market demand, comparable sales, infrastructure, and property condition influence valuation.",Property Valuation
What affects property valuation? #921,"Location, area, amenities, market demand, comparable sales, infrastructure, and property condition influence valuation.",Property Valuation
What affects property valuation? #922,"Location, area, amenities, market demand, comparable sales, infrastructure, and property condition influence valuation.",Property Valuation
What affects property valuation? #923,"Location, area, amenities, market demand, comparable sales, infrastructure, and property condition influence valuation.",Property Valuation
What affects property valuation? #924,"Location, area, amenities, market demand, comparable sales, infrastructure, and property condition influence valuation.",Property Valuation
What affects property valuation? #925,"Location, area, amenities, market demand, comparable sales, infrastructure, and property condition influence valuation.",Property Valuation
What affects property valuation? #926,"Location, area, amenities, market demand, comparable sales, infrastructure, and property condition influence valuation.",Property Valuation
What affects property valuation? #927,"Location, area, amenities, market demand, comparable sales, infrastructure, and property condition influence valuation.",Property Valuation
What affects property valuation? #928,"Location, area, amenities, market demand, comparable sales, infrastructure, and property condition influence valuation.",Property Valuation
What affects property valuation? #929,"Location, area, amenities, market demand, comparable sales, infrastructure, and property condition influence valuation.",Property Valuation
What affects property valuation? #930,"Location, area, amenities, market demand, comparable sales, infrastructure, and property condition influence valuation.",Property Valuation
What affects property valuation? #931,"Location, area, amenities, market demand, comparable sales, infrastructure, and property condition influence valuation.",Property Valuation
What affects property valuation? #932,"Location, area, amenities, market demand, comparable sales, infrastructure, and property condition influence valuation.",Property Valuation
What affects property valuation? #933,"Location, area, amenities, market demand, comparable sales, infrastructure, and property condition influence valuation.",Property Valuation
What affects property valuation? #934,"Location, area, amenities, market demand, comparable sales, infrastructure, and property condition influence valuation.",Property Valuation
What affects property valuation? #935,"Location, area, amenities, market demand, comparable sales, infrastructure, and property condition influence valuation.",Property Valuation
What affects property valuation? #936,"Location, area, amenities, market demand, comparable sales, infrastructure, and property condition influence valuation.",Property Valuation
What affects property valuation? #937,"Location, area, amenities, market demand, comparable sales, infrastructure, and property condition influence valuation.",Property Valuation
What affects property valuation? #938,"Location, area, amenities, market demand, comparable sales, infrastructure, and property condition influence valuation.",Property Valuation
What affects property valuation? #939,"Location, area, amenities, market demand, comparable sales, infrastructure, and property condition influence valuation.",Property Valuation
What affects property valuation? #940,"Location, area, amenities, market demand, comparable sales, infrastructure, and property condition influence valuation.",Property Valuation
What affects property valuation? #941,"Location, area, amenities, market demand, comparable sales, infrastructure, and property condition influence valuation.",Property Valuation
What affects property valuation? #942,"Location, area, amenities, market demand, comparable sales, infrastructure, and property condition influence valuation.",Property Valuation
What affects property valuation? #943,"Location, area, amenities, market demand, comparable sales, infrastructure, and property condition influence valuation.",Property Valuation
What affects property valuation? #944,"Location, area, amenities, market demand, comparable sales, infrastructure, and property condition influence valuation.",Property Valuation
What affects property valuation? #945,"Location, area, amenities, market demand, comparable sales, infrastructure, and property condition influence valuation.",Property Valuation
What affects property valuation? #946,"Location, area, amenities, market demand, comparable sales, infrastructure, and property condition influence valuation.",Property Valuation
What affects property valuation? #947,"Location, area, amenities, market demand, comparable sales, infrastructure, and property condition influence valuation.",Property Valuation
What affects property valuation? #948,"Location, area, amenities, market demand, comparable sales, infrastructure, and property condition influence valuation.",Property Valuation
What affects property valuation? #949,"Location, area, amenities, market demand, comparable sales, infrastructure, and property condition influence valuation.",Property Valuation
What affects property valuation? #950,"Location, area, amenities, market demand, comparable sales, infrastructure, and property condition influence valuation.",Property Valuation
What affects property valuation? #951,"Location, area, amenities, market demand, comparable sales, infrastructure, and property condition influence valuation.",Property Valuation
What affects property valuation? #952,"Location, area, amenities, market demand, comparable sales, infrastructure, and property condition influence valuation.",Property Valuation
What affects property valuation? #953,"Location, area, amenities, market demand, comparable sales, infrastructure, and property condition influence valuation.",Property Valuation
What affects property valuation? #954,"Location, area, amenities, market demand, comparable sales, infrastructure, and property condition influence valuation.",Property Valuation
What affects property valuation? #955,"Location, area, amenities, market demand, comparable sales, infrastructure, and property condition influence valuation.",Property Valuation
What affects property valuation? #956,"Location, area, amenities, market demand, comparable sales, infrastructure, and property condition influence valuation.",Property Valuation
What affects property valuation? #957,"Location, area, amenities, market demand, comparable sales, infrastructure, and property condition influence valuation.",Property Valuation
What affects property valuation? #958,"Location, area, amenities, market demand, comparable sales, infrastructure, and property condition influence valuation.",Property Valuation
What affects property valuation? #959,"Location, area, amenities, market demand, comparable sales, infrastructure, and property condition influence valuation.",Property Valuation
What affects property valuation? #960,"Location, area, amenities, market demand, comparable sales, infrastructure, and property condition influence valuation.",Property Valuation
What affects property valuation? #961,"Location, area, amenities, market demand, comparable sales, infrastructure, and property condition influence valuation.",Property Valuation
What affects property valuation? #962,"Location, area, amenities, market demand, comparable sales, infrastructure, and property condition influence valuation.",Property Valuation
What affects property valuation? #963,"Location, area, amenities, market demand, comparable sales, infrastructure, and property condition influence valuation.",Property Valuation
What affects property valuation? #964,"Location, area, amenities, market demand, comparable sales, infrastructure, and property condition influence valuation.",Property Valuation
What affects property valuation? #965,"Location, area, amenities, market demand, comparable sales, infrastructure, and property condition influence valuation.",Property Valuation
What affects property valuation? #966,"Location, area, amenities, market demand, comparable sales, infrastructure, and property condition influence valuation.",Property Valuation
What affects property valuation? #967,"Location, area, amenities, market demand, comparable sales, infrastructure, and property condition influence valuation.",Property Valuation
What affects property valuation? #968,"Location, area, amenities, market demand, comparable sales, infrastructure, and property condition influence valuation.",Property Valuation
What affects property valuation? #969,"Location, area, amenities, market demand, comparable sales, infrastructure, and property condition influence valuation.",Property Valuation
What affects property valuation? #970,"Location, area, amenities, market demand, comparable sales, infrastructure, and property condition influence valuation.",Property Valuation
What affects property valuation? #971,"Location, area, amenities, market demand, comparable sales, infrastructure, and property condition influence valuation.",Property Valuation
What affects property valuation? #972,"Location, area, amenities, market demand, comparable sales, infrastructure, and property condition influence valuation.",Property Valuation
What affects property valuation? #973,"Location, area, amenities, market demand, comparable sales, infrastructure, and property condition influence valuation.",Property Valuation
What affects property valuation? #974,"Location, area, amenities, market demand, comparable sales, infrastructure, and property condition influence valuation.",Property Valuation
What affects property valuation? #975,"Location, area, amenities, market demand, comparable sales, infrastructure, and property condition influence valuation.",Property Valuation
What affects property valuation? #976,"Location, area, amenities, market demand, comparable sales, infrastructure, and property condition influence valuation.",Property Valuation
What affects property valuation? #977,"Location, area, amenities, market demand, comparable sales, infrastructure, and property condition influence valuation.",Property Valuation
What affects property valuation? #978,"Location, area, amenities, market demand, comparable sales, infrastructure, and property condition influence valuation.",Property Valuation
What affects property valuation? #979,"Location, area, amenities, market demand, comparable sales, infrastructure, and property condition influence valuation.",Property Valuation
What affects property valuation? #980,"Location, area, amenities, market demand, comparable sales, infrastructure, and property condition influence valuation.",Property Valuation
What affects property valuation? #981,"Location, area, amenities, market demand, comparable sales, infrastructure, and property condition influence valuation.",Property Valuation
What affects property valuation? #982,"Location, area, amenities, market demand, comparable sales, infrastructure, and property condition influence valuation.",Property Valuation
What affects property valuation? #983,"Location, area, amenities, market demand, comparable sales, infrastructure, and property condition influence valuation.",Property Valuation
What affects property valuation? #984,"Location, area, amenities, market demand, comparable sales, infrastructure, and property condition influence valuation.",Property Valuation
What affects property valuation? #985,"Location, area, amenities, market demand, comparable sales, infrastructure, and property condition influence valuation.",Property Valuation
What affects property valuation? #986,"Location, area, amenities, market demand, comparable sales, infrastructure, and property condition influence valuation.",Property Valuation
What affects property valuation? #987,"Location, area, amenities, market demand, comparable sales, infrastructure, and property condition influence valuation.",Property Valuation
What affects property valuation? #988,"Location, area, amenities, market demand, comparable sales, infrastructure, and property condition influence valuation.",Property Valuation
What affects property valuation? #989,"Location, area, amenities, market demand, comparable sales, infrastructure, and property condition influence valuation.",Property Valuation
What affects property valuation? #990,"Location, area, amenities, market demand, comparable sales, infrastructure, and property condition influence valuation.",Property Valuation
What affects property valuation? #991,"Location, area, amenities, market demand, comparable sales, infrastructure, and property condition influence valuation.",Property Valuation
What affects property valuation? #992,"Location, area, amenities, market demand, comparable sales, infrastructure, and property condition influence valuation.",Property Valuation
What affects property valuation? #993,"Location, area, amenities, market demand, comparable sales, infrastructure, and property condition influence valuation.",Property Valuation
What affects property valuation? #994,"Location, area, amenities, market demand, comparable sales, infrastructure, and property condition influence valuation.",Property Valuation
What affects property valuation? #995,"Location, area, amenities, market demand, comparable sales, infrastructure, and property condition influence valuation.",Property Valuation
What affects property valuation? #996,"Location, area, amenities, market demand, comparable sales, infrastructure, and property condition influence valuation.",Property Valuation
What affects property valuation? #997,"Location, area, amenities, market demand, comparable sales, infrastructure, and property condition influence valuation.",Property Valuation
What affects property valuation? #998,"Location, area, amenities, market demand, comparable sales, infrastructure, and property condition influence valuation.",Property Valuation
What affects property valuation? #999,"Location, area, amenities, market demand, comparable sales, infrastructure, and property condition influence valuation.",Property Valuation
What affects property valuation? #1000,"Location, area, amenities, market demand, comparable sales, infrastructure, and property condition influence valuation.",Property Valuation
What affects property valuation? #1001,"Location, area, amenities, market demand, comparable sales, infrastructure, and property condition influence valuation.",Property Valuation
What affects property valuation? #1002,"Location, area, amenities, market demand, comparable sales, infrastructure, and property condition influence valuation.",Property Valuation
What affects property valuation? #1003,"Location, area, amenities, market demand, comparable sales, infrastructure, and property condition influence valuation.",Property Valuation
What affects property valuation? #1004,"Location, area, amenities, market demand, comparable sales, infrastructure, and property condition influence valuation.",Property Valuation
What affects property valuation? #1005,"Location, area, amenities, market demand, comparable sales, infrastructure, and property condition influence valuation.",Property Valuation
What affects property valuation? #1006,"Location, area, amenities, market demand, comparable sales, infrastructure, and property condition influence valuation.",Property Valuation
What affects property valuation? #1007,"Location, area, amenities, market demand, comparable sales, infrastructure, and property condition influence valuation.",Property Valuation
What affects property valuation? #1008,"Location, area, amenities, market demand, comparable sales, infrastructure, and property condition influence valuation.",Property Valuation
What affects property valuation? #1009,"Location, area, amenities, market demand, comparable sales, infrastructure, and property condition influence valuation.",Property Valuation
What affects property valuation? #1010,"Location, area, amenities, market demand, comparable sales, infrastructure, and property condition influence valuation.",Property Valuation
What affects property valuation? #1011,"Location, area, amenities, market demand, comparable sales, infrastructure, and property condition influence valuation.",Property Valuation
What affects property valuation? #1012,"Location, area, amenities, market demand, comparable sales, infrastructure, and property condition influence valuation.",Property Valuation
What affects property valuation? #1013,"Location, area, amenities, market demand, comparable sales, infrastructure, and property condition influence valuation.",Property Valuation
What affects property valuation? #1014,"Location, area, amenities, market demand, comparable sales, infrastructure, and property condition influence valuation.",Property Valuation
What affects property valuation? #1015,"Location, area, amenities, market demand, comparable sales, infrastructure, and property condition influence valuation.",Property Valuation
What affects property valuation? #1016,"Location, area, amenities, market demand, comparable sales, infrastructure, and property condition influence valuation.",Property Valuation
What affects property valuation? #1017,"Location, area, amenities, market demand, comparable sales, infrastructure, and property condition influence valuation.",Property Valuation
What affects property valuation? #1018,"Location, area, amenities, market demand, comparable sales, infrastructure, and property condition influence valuation.",Property Valuation
What affects property valuation? #1019,"Location, area, amenities, market demand, comparable sales, infrastructure, and property condition influence valuation.",Property Valuation
What affects property valuation? #1020,"Location, area, amenities, market demand, comparable sales, infrastructure, and property condition influence valuation.",Property Valuation
What affects property valuation? #1021,"Location, area, amenities, market demand, comparable sales, infrastructure, and property condition influence valuation.",Property Valuation
What affects property valuation? #1022,"Location, area, amenities, market demand, comparable sales, infrastructure, and property condition influence valuation.",Property Valuation
What affects property valuation? #1023,"Location, area, amenities, market demand, comparable sales, infrastructure, and property condition influence valuation.",Property Valuation
What affects property valuation? #1024,"Location, area, amenities, market demand, comparable sales, infrastructure, and property condition influence valuation.",Property Valuation
What affects property valuation? #1025,"Location, area, amenities, market demand, comparable sales, infrastructure, and property condition influence valuation.",Property Valuation
What affects property valuation? #1026,"Location, area, amenities, market demand, comparable sales, infrastructure, and property condition influence valuation.",Property Valuation
What affects property valuation? #1027,"Location, area, amenities, market demand, comparable sales, infrastructure, and property condition influence valuation.",Property Valuation
What affects property valuation? #1028,"Location, area, amenities, market demand, comparable sales, infrastructure, and property condition influence valuation.",Property Valuation
What affects property valuation? #1029,"Location, area, amenities, market demand, comparable sales, infrastructure, and property condition influence valuation.",Property Valuation
What affects property valuation? #1030,"Location, area, amenities, market demand, comparable sales, infrastructure, and property condition influence valuation.",Property Valuation
What affects property valuation? #1031,"Location, area, amenities, market demand, comparable sales, infrastructure, and property condition influence valuation.",Property Valuation
What affects property valuation? #1032,"Location, area, amenities, market demand, comparable sales, infrastructure, and property condition influence valuation.",Property Valuation
What affects property valuation? #1033,"Location, area, amenities, market demand, comparable sales, infrastructure, and property condition influence valuation.",Property Valuation
What affects property valuation? #1034,"Location, area, amenities, market demand, comparable sales, infrastructure, and property condition influence valuation.",Property Valuation
What affects property valuation? #1035,"Location, area, amenities, market demand, comparable sales, infrastructure, and property condition influence valuation.",Property Valuation
What affects property valuation? #1036,"Location, area, amenities, market demand, comparable sales, infrastructure, and property condition influence valuation.",Property Valuation
What affects property valuation? #1037,"Location, area, amenities, market demand, comparable sales, infrastructure, and property condition influence valuation.",Property Valuation
What affects property valuation? #1038,"Location, area, amenities, market demand, comparable sales, infrastructure, and property condition influence valuation.",Property Valuation
What affects property valuation? #1039,"Location, area, amenities, market demand, comparable sales, infrastructure, and property condition influence valuation.",Property Valuation
What affects property valuation? #1040,"Location, area, amenities, market demand, comparable sales, infrastructure, and property condition influence valuation.",Property Valuation
What affects property valuation? #1041,"Location, area, amenities, market demand, comparable sales, infrastructure, and property condition influence valuation.",Property Valuation
What affects property valuation? #1042,"Location, area, amenities, market demand, comparable sales, infrastructure, and property condition influence valuation.",Property Valuation
What affects property valuation? #1043,"Location, area, amenities, market demand, comparable sales, infrastructure, and property condition influence valuation.",Property Valuation
What affects property valuation? #1044,"Location, area, amenities, market demand, comparable sales, infrastructure, and property condition influence valuation.",Property Valuation
What affects property valuation? #1045,"Location, area, amenities, market demand, comparable sales, infrastructure, and property condition influence valuation.",Property Valuation
What affects property valuation? #1046,"Location, area, amenities, market demand, comparable sales, infrastructure, and property condition influence valuation.",Property Valuation
What affects property valuation? #1047,"Location, area, amenities, market demand, comparable sales, infrastructure, and property condition influence valuation.",Property Valuation
What affects property valuation? #1048,"Location, area, amenities, market demand, comparable sales, infrastructure, and property condition influence valuation.",Property Valuation
What affects property valuation? #1049,"Location, area, amenities, market demand, comparable sales, infrastructure, and property condition influence valuation.",Property Valuation
What affects property valuation? #1050,"Location, area, amenities, market demand, comparable sales, infrastructure, and property condition influence valuation.",Property Valuation
What affects property valuation? #1051,"Location, area, amenities, market demand, comparable sales, infrastructure, and property condition influence valuation.",Property Valuation
What affects property valuation? #1052,"Location, area, amenities, market demand, comparable sales, infrastructure, and property condition influence valuation.",Property Valuation
What affects property valuation? #1053,"Location, area, amenities, market demand, comparable sales, infrastructure, and property condition influence valuation.",Property Valuation
What affects property valuation? #1054,"Location, area, amenities, market demand, comparable sales, infrastructure, and property condition influence valuation.",Property Valuation
What affects property valuation? #1055,"Location, area, amenities, market demand, comparable sales, infrastructure, and property condition influence valuation.",Property Valuation
What affects property valuation? #1056,"Location, area, amenities, market demand, comparable sales, infrastructure, and property condition influence valuation.",Property Valuation
What affects property valuation? #1057,"Location, area, amenities, market demand, comparable sales, infrastructure, and property condition influence valuation.",Property Valuation
What affects property valuation? #1058,"Location, area, amenities, market demand, comparable sales, infrastructure, and property condition influence valuation.",Property Valuation
What affects property valuation? #1059,"Location, area, amenities, market demand, comparable sales, infrastructure, and property condition influence valuation.",Property Valuation
What affects property valuation? #1060,"Location, area, amenities, market demand, comparable sales, infrastructure, and property condition influence valuation.",Property Valuation
What affects property valuation? #1061,"Location, area, amenities, market demand, comparable sales, infrastructure, and property condition influence valuation.",Property Valuation
What affects property valuation? #1062,"Location, area, amenities, market demand, comparable sales, infrastructure, and property condition influence valuation.",Property Valuation
What affects property valuation? #1063,"Location, area, amenities, market demand, comparable sales, infrastructure, and property condition influence valuation.",Property Valuation
What affects property valuation? #1064,"Location, area, amenities, market demand, comparable sales, infrastructure, and property condition influence valuation.",Property Valuation
What affects property valuation? #1065,"Location, area, amenities, market demand, comparable sales, infrastructure, and property condition influence valuation.",Property Valuation
What affects property valuation? #1066,"Location, area, amenities, market demand, comparable sales, infrastructure, and property condition influence valuation.",Property Valuation
What affects property valuation? #1067,"Location, area, amenities, market demand, comparable sales, infrastructure, and property condition influence valuation.",Property Valuation
What affects property valuation? #1068,"Location, area, amenities, market demand, comparable sales, infrastructure, and property condition influence valuation.",Property Valuation
What affects property valuation? #1069,"Location, area, amenities, market demand, comparable sales, infrastructure, and property condition influence valuation.",Property Valuation
What affects property valuation? #1070,"Location, area, amenities, market demand, comparable sales, infrastructure, and property condition influence valuation.",Property Valuation
What affects property valuation? #1071,"Location, area, amenities, market demand, comparable sales, infrastructure, and property condition influence valuation.",Property Valuation
What affects property valuation? #1072,"Location, area, amenities, market demand, comparable sales, infrastructure, and property condition influence valuation.",Property Valuation
What affects property valuation? #1073,"Location, area, amenities, market demand, comparable sales, infrastructure, and property condition influence valuation.",Property Valuation
What affects property valuation? #1074,"Location, area, amenities, market demand, comparable sales, infrastructure, and property condition influence valuation.",Property Valuation
What affects property valuation? #1075,"Location, area, amenities, market demand, comparable sales, infrastructure, and property condition influence valuation.",Property Valuation
What affects property valuation? #1076,"Location, area, amenities, market demand, comparable sales, infrastructure, and property condition influence valuation.",Property Valuation
What affects property valuation? #1077,"Location, area, amenities, market demand, comparable sales, infrastructure, and property condition influence valuation.",Property Valuation
What affects property valuation? #1078,"Location, area, amenities, market demand, comparable sales, infrastructure, and property condition influence valuation.",Property Valuation
What affects property valuation? #1079,"Location, area, amenities, market demand, comparable sales, infrastructure, and property condition influence valuation.",Property Valuation
What affects property valuation? #1080,"Location, area, amenities, market demand, comparable sales, infrastructure, and property condition influence valuation.",Property Valuation
What affects property valuation? #1081,"Location, area, amenities, market demand, comparable sales, infrastructure, and property condition influence valuation.",Property Valuation
What affects property valuation? #1082,"Location, area, amenities, market demand, comparable sales, infrastructure, and property condition influence valuation.",Property Valuation
What affects property valuation? #1083,"Location, area, amenities, market demand, comparable sales, infrastructure, and property condition influence valuation.",Property Valuation
What affects property valuation? #1084,"Location, area, amenities, market demand, comparable sales, infrastructure, and property condition influence valuation.",Property Valuation
What affects property valuation? #1085,"Location, area, amenities, market demand, comparable sales, infrastructure, and property condition influence valuation.",Property Valuation
What affects property valuation? #1086,"Location, area, amenities, market demand, comparable sales, infrastructure, and property condition influence valuation.",Property Valuation
What affects property valuation? #1087,"Location, area, amenities, market demand, comparable sales, infrastructure, and property condition influence valuation.",Property Valuation
What affects property valuation? #1088,"Location, area, amenities, market demand, comparable sales, infrastructure, and property condition influence valuation.",Property Valuation
What affects property valuation? #1089,"Location, area, amenities, market demand, comparable sales, infrastructure, and property condition influence valuation.",Property Valuation
What affects property valuation? #1090,"Location, area, amenities, market demand, comparable sales, infrastructure, and property condition influence valuation.",Property Valuation
What affects property valuation? #1091,"Location, area, amenities, market demand, comparable sales, infrastructure, and property condition influence valuation.",Property Valuation
What affects property valuation? #1092,"Location, area, amenities, market demand, comparable sales, infrastructure, and property condition influence valuation.",Property Valuation
What affects property valuation? #1093,"Location, area, amenities, market demand, comparable sales, infrastructure, and property condition influence valuation.",Property Valuation
What affects property valuation? #1094,"Location, area, amenities, market demand, comparable sales, infrastructure, and property condition influence valuation.",Property Valuation
What affects property valuation? #1095,"Location, area, amenities, market demand, comparable sales, infrastructure, and property condition influence valuation.",Property Valuation
What affects property valuation? #1096,"Location, area, amenities, market demand, comparable sales, infrastructure, and property condition influence valuation.",Property Valuation
What affects property valuation? #1097,"Location, area, amenities, market demand, comparable sales, infrastructure, and property condition influence valuation.",Property Valuation
What affects property valuation? #1098,"Location, area, amenities, market demand, comparable sales, infrastructure, and property condition influence valuation.",Property Valuation
What affects property valuation? #1099,"Location, area, amenities, market demand, comparable sales, infrastructure, and property condition influence valuation.",Property Valuation
What affects property valuation? #1100,"Location, area, amenities, market demand, comparable sales, infrastructure, and property condition influence valuation.",Property Valuation
What affects property valuation? #1101,"Location, area, amenities, market demand, comparable sales, infrastructure, and property condition influence valuation.",Property Valuation
What affects property valuation? #1102,"Location, area, amenities, market demand, comparable sales, infrastructure, and property condition influence valuation.",Property Valuation
What affects property valuation? #1103,"Location, area, amenities, market demand, comparable sales, infrastructure, and property condition influence valuation.",Property Valuation
What affects property valuation? #1104,"Location, area, amenities, market demand, comparable sales, infrastructure, and property condition influence valuation.",Property Valuation
What affects property valuation? #1105,"Location, area, amenities, market demand, comparable sales, infrastructure, and property condition influence valuation.",Property Valuation
What affects property valuation? #1106,"Location, area, amenities, market demand, comparable sales, infrastructure, and property condition influence valuation.",Property Valuation
What affects property valuation? #1107,"Location, area, amenities, market demand, comparable sales, infrastructure, and property condition influence valuation.",Property Valuation
What affects property valuation? #1108,"Location, area, amenities, market demand, comparable sales, infrastructure, and property condition influence valuation.",Property Valuation
What affects property valuation? #1109,"Location, area, amenities, market demand, comparable sales, infrastructure, and property condition influence valuation.",Property Valuation
What affects property valuation? #1110,"Location, area, amenities, market demand, comparable sales, infrastructure, and property condition influence valuation.",Property Valuation
What affects property valuation? #1111,"Location, area, amenities, market demand, comparable sales, infrastructure, and property condition influence valuation.",Property Valuation
What affects property valuation? #1112,"Location, area, amenities, market demand, comparable sales, infrastructure, and property condition influence valuation.",Property Valuation
What affects property valuation? #1113,"Location, area, amenities, market demand, comparable sales, infrastructure, and property condition influence valuation.",Property Valuation
What affects property valuation? #1114,"Location, area, amenities, market demand, comparable sales, infrastructure, and property condition influence valuation.",Property Valuation
What affects property valuation? #1115,"Location, area, amenities, market demand, comparable sales, infrastructure, and property condition influence valuation.",Property Valuation
What affects property valuation? #1116,"Location, area, amenities, market demand, comparable sales, infrastructure, and property condition influence valuation.",Property Valuation
What affects property valuation? #1117,"Location, area, amenities, market demand, comparable sales, infrastructure, and property condition influence valuation.",Property Valuation
What affects property valuation? #1118,"Location, area, amenities, market demand, comparable sales, infrastructure, and property condition influence valuation.",Property Valuation
What affects property valuation? #1119,"Location, area, amenities, market demand, comparable sales, infrastructure, and property condition influence valuation.",Property Valuation
What affects property valuation? #1120,"Location, area, amenities, market demand, comparable sales, infrastructure, and property condition influence valuation.",Property Valuation
What affects property valuation? #1121,"Location, area, amenities, market demand, comparable sales, infrastructure, and property condition influence valuation.",Property Valuation
What affects property valuation? #1122,"Location, area, amenities, market demand, comparable sales, infrastructure, and property condition influence valuation.",Property Valuation
What affects property valuation? #1123,"Location, area, amenities, market demand, comparable sales, infrastructure, and property condition influence valuation.",Property Valuation
What affects property valuation? #1124,"Location, area, amenities, market demand, comparable sales, infrastructure, and property condition influence valuation.",Property Valuation
What affects property valuation? #1125,"Location, area, amenities, market demand, comparable sales, infrastructure, and property condition influence valuation.",Property Valuation
What affects property valuation? #1126,"Location, area, amenities, market demand, comparable sales, infrastructure, and property condition influence valuation.",Property Valuation
What affects property valuation? #1127,"Location, area, amenities, market demand, comparable sales, infrastructure, and property condition influence valuation.",Property Valuation
What affects property valuation? #1128,"Location, area, amenities, market demand, comparable sales, infrastructure, and property condition influence valuation.",Property Valuation
What affects property valuation? #1129,"Location, area, amenities, market demand, comparable sales, infrastructure, and property condition influence valuation.",Property Valuation
What affects property valuation? #1130,"Location, area, amenities, market demand, comparable sales, infrastructure, and property condition influence valuation.",Property Valuation
What affects property valuation? #1131,"Location, area, amenities, market demand, comparable sales, infrastructure, and property condition influence valuation.",Property Valuation
What affects property valuation? #1132,"Location, area, amenities, market demand, comparable sales, infrastructure, and property condition influence valuation.",Property Valuation
What affects property valuation? #1133,"Location, area, amenities, market demand, comparable sales, infrastructure, and property condition influence valuation.",Property Valuation
What affects property valuation? #1134,"Location, area, amenities, market demand, comparable sales, infrastructure, and property condition influence valuation.",Property Valuation
What affects property valuation? #1135,"Location, area, amenities, market demand, comparable sales, infrastructure, and property condition influence valuation.",Property Valuation
What affects property valuation? #1136,"Location, area, amenities, market demand, comparable sales, infrastructure, and property condition influence valuation.",Property Valuation
What affects property valuation? #1137,"Location, area, amenities, market demand, comparable sales, infrastructure, and property condition influence valuation.",Property Valuation
What affects property valuation? #1138,"Location, area, amenities, market demand, comparable sales, infrastructure, and property condition influence valuation.",Property Valuation
What affects property valuation? #1139,"Location, area, amenities, market demand, comparable sales, infrastructure, and property condition influence valuation.",Property Valuation
What affects property valuation? #1140,"Location, area, amenities, market demand, comparable sales, infrastructure, and property condition influence valuation.",Property Valuation
What affects property valuation? #1141,"Location, area, amenities, market demand, comparable sales, infrastructure, and property condition influence valuation.",Property Valuation
What affects property valuation? #1142,"Location, area, amenities, market demand, comparable sales, infrastructure, and property condition influence valuation.",Property Valuation
What affects property valuation? #1143,"Location, area, amenities, market demand, comparable sales, infrastructure, and property condition influence valuation.",Property Valuation
What affects property valuation? #1144,"Location, area, amenities, market demand, comparable sales, infrastructure, and property condition influence valuation.",Property Valuation
What affects property valuation? #1145,"Location, area, amenities, market demand, comparable sales, infrastructure, and property condition influence valuation.",Property Valuation
What affects property valuation? #1146,"Location, area, amenities, market demand, comparable sales, infrastructure, and property condition influence valuation.",Property Valuation
What affects property valuation? #1147,"Location, area, amenities, market demand, comparable sales, infrastructure, and property condition influence valuation.",Property Valuation
What affects property valuation? #1148,"Location, area, amenities, market demand, comparable sales, infrastructure, and property condition influence valuation.",Property Valuation
What affects property valuation? #1149,"Location, area, amenities, market demand, comparable sales, infrastructure, and property condition influence valuation.",Property Valuation
What affects property valuation? #1150,"Location, area, amenities, market demand, comparable sales, infrastructure, and property condition influence valuation.",Property Valuation
What affects property valuation? #1151,"Location, area, amenities, market demand, comparable sales, infrastructure, and property condition influence valuation.",Property Valuation
What affects property valuation? #1152,"Location, area, amenities, market demand, comparable sales, infrastructure, and property condition influence valuation.",Property Valuation
What affects property valuation? #1153,"Location, area, amenities, market demand, comparable sales, infrastructure, and property condition influence valuation.",Property Valuation
What affects property valuation? #1154,"Location, area, amenities, market demand, comparable sales, infrastructure, and property condition influence valuation.",Property Valuation
What affects property valuation? #1155,"Location, area, amenities, market demand, comparable sales, infrastructure, and property condition influence valuation.",Property Valuation
What affects property valuation? #1156,"Location, area, amenities, market demand, comparable sales, infrastructure, and property condition influence valuation.",Property Valuation
What affects property valuation? #1157,"Location, area, amenities, market demand, comparable sales, infrastructure, and property condition influence valuation.",Property Valuation
What affects property valuation? #1158,"Location, area, amenities, market demand, comparable sales, infrastructure, and property condition influence valuation.",Property Valuation
What affects property valuation? #1159,"Location, area, amenities, market demand, comparable sales, infrastructure, and property condition influence valuation.",Property Valuation
What affects property valuation? #1160,"Location, area, amenities, market demand, comparable sales, infrastructure, and property condition influence valuation.",Property Valuation
What affects property valuation? #1161,"Location, area, amenities, market demand, comparable sales, infrastructure, and property condition influence valuation.",Property Valuation
What affects property valuation? #1162,"Location, area, amenities, market demand, comparable sales, infrastructure, and property condition influence valuation.",Property Valuation
What affects property valuation? #1163,"Location, area, amenities, market demand, comparable sales, infrastructure, and property condition influence valuation.",Property Valuation
What affects property valuation? #1164,"Location, area, amenities, market demand, comparable sales, infrastructure, and property condition influence valuation.",Property Valuation
What affects property valuation? #1165,"Location, area, amenities, market demand, comparable sales, infrastructure, and property condition influence valuation.",Property Valuation
What affects property valuation? #1166,"Location, area, amenities, market demand, comparable sales, infrastructure, and property condition influence valuation.",Property Valuation
What affects property valuation? #1167,"Location, area, amenities, market demand, comparable sales, infrastructure, and property condition influence valuation.",Property Valuation
What affects property valuation? #1168,"Location, area, amenities, market demand, comparable sales, infrastructure, and property condition influence valuation.",Property Valuation
What affects property valuation? #1169,"Location, area, amenities, market demand, comparable sales, infrastructure, and property condition influence valuation.",Property Valuation
What affects property valuation? #1170,"Location, area, amenities, market demand, comparable sales, infrastructure, and property condition influence valuation.",Property Valuation
What affects property valuation? #1171,"Location, area, amenities, market demand, comparable sales, infrastructure, and property condition influence valuation.",Property Valuation
What affects property valuation? #1172,"Location, area, amenities, market demand, comparable sales, infrastructure, and property condition influence valuation.",Property Valuation
What affects property valuation? #1173,"Location, area, amenities, market demand, comparable sales, infrastructure, and property condition influence valuation.",Property Valuation
What affects property valuation? #1174,"Location, area, amenities, market demand, comparable sales, infrastructure, and property condition influence valuation.",Property Valuation
What affects property valuation? #1175,"Location, area, amenities, market demand, comparable sales, infrastructure, and property condition influence valuation.",Property Valuation
What affects property valuation? #1176,"Location, area, amenities, market demand, comparable sales, infrastructure, and property condition influence valuation.",Property Valuation
What affects property valuation? #1177,"Location, area, amenities, market demand, comparable sales, infrastructure, and property condition influence valuation.",Property Valuation
What affects property valuation? #1178,"Location, area, amenities, market demand, comparable sales, infrastructure, and property condition influence valuation.",Property Valuation
What affects property valuation? #1179,"Location, area, amenities, market demand, comparable sales, infrastructure, and property condition influence valuation.",Property Valuation
What affects property valuation? #1180,"Location, area, amenities, market demand, comparable sales, infrastructure, and property condition influence valuation.",Property Valuation
What affects property valuation? #1181,"Location, area, amenities, market demand, comparable sales, infrastructure, and property condition influence valuation.",Property Valuation
What affects property valuation? #1182,"Location, area, amenities, market demand, comparable sales, infrastructure, and property condition influence valuation.",Property Valuation
What affects property valuation? #1183,"Location, area, amenities, market demand, comparable sales, infrastructure, and property condition influence valuation.",Property Valuation
What affects property valuation? #1184,"Location, area, amenities, market demand, comparable sales, infrastructure, and property condition influence valuation.",Property Valuation
What affects property valuation? #1185,"Location, area, amenities, market demand, comparable sales, infrastructure, and property condition influence valuation.",Property Valuation
What affects property valuation? #1186,"Location, area, amenities, market demand, comparable sales, infrastructure, and property condition influence valuation.",Property Valuation
What affects property valuation? #1187,"Location, area, amenities, market demand, comparable sales, infrastructure, and property condition influence valuation.",Property Valuation
What affects property valuation? #1188,"Location, area, amenities, market demand, comparable sales, infrastructure, and property condition influence valuation.",Property Valuation
What affects property valuation? #1189,"Location, area, amenities, market demand, comparable sales, infrastructure, and property condition influence valuation.",Property Valuation
What affects property valuation? #1190,"Location, area, amenities, market demand, comparable sales, infrastructure, and property condition influence valuation.",Property Valuation
What affects property valuation? #1191,"Location, area, amenities, market demand, comparable sales, infrastructure, and property condition influence valuation.",Property Valuation
What affects property valuation? #1192,"Location, area, amenities, market demand, comparable sales, infrastructure, and property condition influence valuation.",Property Valuation
What affects property valuation? #1193,"Location, area, amenities, market demand, comparable sales, infrastructure, and property condition influence valuation.",Property Valuation
What affects property valuation? #1194,"Location, area, amenities, market demand, comparable sales, infrastructure, and property condition influence valuation.",Property Valuation
What affects property valuation? #1195,"Location, area, amenities, market demand, comparable sales, infrastructure, and property condition influence valuation.",Property Valuation
What affects property valuation? #1196,"Location, area, amenities, market demand, comparable sales, infrastructure, and property condition influence valuation.",Property Valuation
What affects property valuation? #1197,"Location, area, amenities, market demand, comparable sales, infrastructure, and property condition influence valuation.",Property Valuation
What affects property valuation? #1198,"Location, area, amenities, market demand, comparable sales, infrastructure, and property condition influence valuation.",Property Valuation
What affects property valuation? #1199,"Location, area, amenities, market demand, comparable sales, infrastructure, and property condition influence valuation.",Property Valuation
What affects property valuation? #1200,"Location, area, amenities, market demand, comparable sales, infrastructure, and property condition influence valuation.",Property Valuation
What affects property valuation? #1201,"Location, area, amenities, market demand, comparable sales, infrastructure, and property condition influence valuation.",Property Valuation
What affects property valuation? #1202,"Location, area, amenities, market demand, comparable sales, infrastructure, and property condition influence valuation.",Property Valuation
What affects property valuation? #1203,"Location, area, amenities, market demand, comparable sales, infrastructure, and property condition influence valuation.",Property Valuation
What affects property valuation? #1204,"Location, area, amenities, market demand, comparable sales, infrastructure, and property condition influence valuation.",Property Valuation
What affects property valuation? #1205,"Location, area, amenities, market demand, comparable sales, infrastructure, and property condition influence valuation.",Property Valuation
What affects property valuation? #1206,"Location, area, amenities, market demand, comparable sales, infrastructure, and property condition influence valuation.",Property Valuation
What affects property valuation? #1207,"Location, area, amenities, market demand, comparable sales, infrastructure, and property condition influence valuation.",Property Valuation
What affects property valuation? #1208,"Location, area, amenities, market demand, comparable sales, infrastructure, and property condition influence valuation.",Property Valuation
What affects property valuation? #1209,"Location, area, amenities, market demand, comparable sales, infrastructure, and property condition influence valuation.",Property Valuation
What affects property valuation? #1210,"Location, area, amenities, market demand, comparable sales, infrastructure, and property condition influence valuation.",Property Valuation
What affects property valuation? #1211,"Location, area, amenities, market demand, comparable sales, infrastructure, and property condition influence valuation.",Property Valuation
What affects property valuation? #1212,"Location, area, amenities, market demand, comparable sales, infrastructure, and property condition influence valuation.",Property Valuation
What affects property valuation? #1213,"Location, area, amenities, market demand, comparable sales, infrastructure, and property condition influence valuation.",Property Valuation
What affects property valuation? #1214,"Location, area, amenities, market demand, comparable sales, infrastructure, and property condition influence valuation.",Property Valuation
What affects property valuation? #1215,"Location, area, amenities, market demand, comparable sales, infrastructure, and property condition influence valuation.",Property Valuation
What affects property valuation? #1216,"Location, area, amenities, market demand, comparable sales, infrastructure, and property condition influence valuation.",Property Valuation
What affects property valuation? #1217,"Location, area, amenities, market demand, comparable sales, infrastructure, and property condition influence valuation.",Property Valuation
What affects property valuation? #1218,"Location, area, amenities, market demand, comparable sales, infrastructure, and property condition influence valuation.",Property Valuation
What affects property valuation? #1219,"Location, area, amenities, market demand, comparable sales, infrastructure, and property condition influence valuation.",Property Valuation
What affects property valuation? #1220,"Location, area, amenities, market demand, comparable sales, infrastructure, and property condition influence valuation.",Property Valuation
What affects property valuation? #1221,"Location, area, amenities, market demand, comparable sales, infrastructure, and property condition influence valuation.",Property Valuation
What affects property valuation? #1222,"Location, area, amenities, market demand, comparable sales, infrastructure, and property condition influence valuation.",Property Valuation
What affects property valuation? #1223,"Location, area, amenities, market demand, comparable sales, infrastructure, and property condition influence valuation.",Property Valuation
What affects property valuation? #1224,"Location, area, amenities, market demand, comparable sales, infrastructure, and property condition influence valuation.",Property Valuation
What affects property valuation? #1225,"Location, area, amenities, market demand, comparable sales, infrastructure, and property condition influence valuation.",Property Valuation
What affects property valuation? #1226,"Location, area, amenities, market demand, comparable sales, infrastructure, and property condition influence valuation.",Property Valuation
What affects property valuation? #1227,"Location, area, amenities, market demand, comparable sales, infrastructure, and property condition influence valuation.",Property Valuation
What affects property valuation? #1228,"Location, area, amenities, market demand, comparable sales, infrastructure, and property condition influence valuation.",Property Valuation
What affects property valuation? #1229,"Location, area, amenities, market demand, comparable sales, infrastructure, and property condition influence valuation.",Property Valuation
What affects property valuation? #1230,"Location, area, amenities, market demand, comparable sales, infrastructure, and property condition influence valuation.",Property Valuation
What affects property valuation? #1231,"Location, area, amenities, market demand, comparable sales, infrastructure, and property condition influence valuation.",Property Valuation
What affects property valuation? #1232,"Location, area, amenities, market demand, comparable sales, infrastructure, and property condition influence valuation.",Property Valuation
What affects property valuation? #1233,"Location, area, amenities, market demand, comparable sales, infrastructure, and property condition influence valuation.",Property Valuation
What affects property valuation? #1234,"Location, area, amenities, market demand, comparable sales, infrastructure, and property condition influence valuation.",Property Valuation
What affects property valuation? #1235,"Location, area, amenities, market demand, comparable sales, infrastructure, and property condition influence valuation.",Property Valuation
What affects property valuation? #1236,"Location, area, amenities, market demand, comparable sales, infrastructure, and property condition influence valuation.",Property Valuation
What affects property valuation? #1237,"Location, area, amenities, market demand, comparable sales, infrastructure, and property condition influence valuation.",Property Valuation
What affects property valuation? #1238,"Location, area, amenities, market demand, comparable sales, infrastructure, and property condition influence valuation.",Property Valuation
What affects property valuation? #1239,"Location, area, amenities, market demand, comparable sales, infrastructure, and property condition influence valuation.",Property Valuation
What affects property valuation? #1240,"Location, area, amenities, market demand, comparable sales, infrastructure, and property condition influence valuation.",Property Valuation
What affects property valuation? #1241,"Location, area, amenities, market demand, comparable sales, infrastructure, and property condition influence valuation.",Property Valuation
What affects property valuation? #1242,"Location, area, amenities, market demand, comparable sales, infrastructure, and property condition influence valuation.",Property Valuation
What affects property valuation? #1243,"Location, area, amenities, market demand, comparable sales, infrastructure, and property condition influence valuation.",Property Valuation
What affects property valuation? #1244,"Location, area, amenities, market demand, comparable sales, infrastructure, and property condition influence valuation.",Property Valuation
What affects property valuation? #1245,"Location, area, amenities, market demand, comparable sales, infrastructure, and property condition influence valuation.",Property Valuation
What affects property valuation? #1246,"Location, area, amenities, market demand, comparable sales, infrastructure, and property condition influence valuation.",Property Valuation
What affects property valuation? #1247,"Location, area, amenities, market demand, comparable sales, infrastructure, and property condition influence valuation.",Property Valuation
What affects property valuation? #1248,"Location, area, amenities, market demand, comparable sales, infrastructure, and property condition influence valuation.",Property Valuation
What affects property valuation? #1249,"Location, area, amenities, market demand, comparable sales, infrastructure, and property condition influence valuation.",Property Valuation
What affects property valuation? #1250,"Location, area, amenities, market demand, comparable sales, infrastructure, and property condition influence valuation.",Property Valuation
What affects property valuation? #1251,"Location, area, amenities, market demand, comparable sales, infrastructure, and property condition influence valuation.",Property Valuation
What affects property valuation? #1252,"Location, area, amenities, market demand, comparable sales, infrastructure, and property condition influence valuation.",Property Valuation
What affects property valuation? #1253,"Location, area, amenities, market demand, comparable sales, infrastructure, and property condition influence valuation.",Property Valuation
What affects property valuation? #1254,"Location, area, amenities, market demand, comparable sales, infrastructure, and property condition influence valuation.",Property Valuation
What affects property valuation? #1255,"Location, area, amenities, market demand, comparable sales, infrastructure, and property condition influence valuation.",Property Valuation
What affects property valuation? #1256,"Location, area, amenities, market demand, comparable sales, infrastructure, and property condition influence valuation.",Property Valuation
What affects property valuation? #1257,"Location, area, amenities, market demand, comparable sales, infrastructure, and property condition influence valuation.",Property Valuation
What affects property valuation? #1258,"Location, area, amenities, market demand, comparable sales, infrastructure, and property condition influence valuation.",Property Valuation
What affects property valuation? #1259,"Location, area, amenities, market demand, comparable sales, infrastructure, and property condition influence valuation.",Property Valuation
What affects property valuation? #1260,"Location, area, amenities, market demand, comparable sales, infrastructure, and property condition influence valuation.",Property Valuation
What affects property valuation? #1261,"Location, area, amenities, market demand, comparable sales, infrastructure, and property condition influence valuation.",Property Valuation
What affects property valuation? #1262,"Location, area, amenities, market demand, comparable sales, infrastructure, and property condition influence valuation.",Property Valuation
What affects property valuation? #1263,"Location, area, amenities, market demand, comparable sales, infrastructure, and property condition influence valuation.",Property Valuation
What affects property valuation? #1264,"Location, area, amenities, market demand, comparable sales, infrastructure, and property condition influence valuation.",Property Valuation
What affects property valuation? #1265,"Location, area, amenities, market demand, comparable sales, infrastructure, and property condition influence valuation.",Property Valuation
What affects property valuation? #1266,"Location, area, amenities, market demand, comparable sales, infrastructure, and property condition influence valuation.",Property Valuation
What affects property valuation? #1267,"Location, area, amenities, market demand, comparable sales, infrastructure, and property condition influence valuation.",Property Valuation
What affects property valuation? #1268,"Location, area, amenities, market demand, comparable sales, infrastructure, and property condition influence valuation.",Property Valuation
What affects property valuation? #1269,"Location, area, amenities, market demand, comparable sales, infrastructure, and property condition influence valuation.",Property Valuation
What affects property valuation? #1270,"Location, area, amenities, market demand, comparable sales, infrastructure, and property condition influence valuation.",Property Valuation
What affects property valuation? #1271,"Location, area, amenities, market demand, comparable sales, infrastructure, and property condition influence valuation.",Property Valuation
What affects property valuation? #1272,"Location, area, amenities, market demand, comparable sales, infrastructure, and property condition influence valuation.",Property Valuation
What affects property valuation? #1273,"Location, area, amenities, market demand, comparable sales, infrastructure, and property condition influence valuation.",Property Valuation
What affects property valuation? #1274,"Location, area, amenities, market demand, comparable sales, infrastructure, and property condition influence valuation.",Property Valuation
What affects property valuation? #1275,"Location, area, amenities, market demand, comparable sales, infrastructure, and property condition influence valuation.",Property Valuation
What affects property valuation? #1276,"Location, area, amenities, market demand, comparable sales, infrastructure, and property condition influence valuation.",Property Valuation
What affects property valuation? #1277,"Location, area, amenities, market demand, comparable sales, infrastructure, and property condition influence valuation.",Property Valuation
What affects property valuation? #1278,"Location, area, amenities, market demand, comparable sales, infrastructure, and property condition influence valuation.",Property Valuation
What affects property valuation? #1279,"Location, area, amenities, market demand, comparable sales, infrastructure, and property condition influence valuation.",Property Valuation
What affects property valuation? #1280,"Location, area, amenities, market demand, comparable sales, infrastructure, and property condition influence valuation.",Property Valuation
What affects property valuation? #1281,"Location, area, amenities, market demand, comparable sales, infrastructure, and property condition influence valuation.",Property Valuation
What affects property valuation? #1282,"Location, area, amenities, market demand, comparable sales, infrastructure, and property condition influence valuation.",Property Valuation
What affects property valuation? #1283,"Location, area, amenities, market demand, comparable sales, infrastructure, and property condition influence valuation.",Property Valuation
What affects property valuation? #1284,"Location, area, amenities, market demand, comparable sales, infrastructure, and property condition influence valuation.",Property Valuation
What affects property valuation? #1285,"Location, area, amenities, market demand, comparable sales, infrastructure, and property condition influence valuation.",Property Valuation
What affects property valuation? #1286,"Location, area, amenities, market demand, comparable sales, infrastructure, and property condition influence valuation.",Property Valuation
What affects property valuation? #1287,"Location, area, amenities, market demand, comparable sales, infrastructure, and property condition influence valuation.",Property Valuation
What affects property valuation? #1288,"Location, area, amenities, market demand, comparable sales, infrastructure, and property condition influence valuation.",Property Valuation
What affects property valuation? #1289,"Location, area, amenities, market demand, comparable sales, infrastructure, and property condition influence valuation.",Property Valuation
What affects property valuation? #1290,"Location, area, amenities, market demand, comparable sales, infrastructure, and property condition influence valuation.",Property Valuation
What affects property valuation? #1291,"Location, area, amenities, market demand, comparable sales, infrastructure, and property condition influence valuation.",Property Valuation
What affects property valuation? #1292,"Location, area, amenities, market demand, comparable sales, infrastructure, and property condition influence valuation.",Property Valuation
What affects property valuation? #1293,"Location, area, amenities, market demand, comparable sales, infrastructure, and property condition influence valuation.",Property Valuation
What affects property valuation? #1294,"Location, area, amenities, market demand, comparable sales, infrastructure, and property condition influence valuation.",Property Valuation
What affects property valuation? #1295,"Location, area, amenities, market demand, comparable sales, infrastructure, and property condition influence valuation.",Property Valuation
What affects property valuation? #1296,"Location, area, amenities, market demand, comparable sales, infrastructure, and property condition influence valuation.",Property Valuation
What affects property valuation? #1297,"Location, area, amenities, market demand, comparable sales, infrastructure, and property condition influence valuation.",Property Valuation
What affects property valuation? #1298,"Location, area, amenities, market demand, comparable sales, infrastructure, and property condition influence valuation.",Property Valuation
What affects property valuation? #1299,"Location, area, amenities, market demand, comparable sales, infrastructure, and property condition influence valuation.",Property Valuation
What affects property valuation? #1300,"Location, area, amenities, market demand, comparable sales, infrastructure, and property condition influence valuation.",Property Valuation
What affects property valuation? #1301,"Location, area, amenities, market demand, comparable sales, infrastructure, and property condition influence valuation.",Property Valuation
What affects property valuation? #1302,"Location, area, amenities, market demand, comparable sales, infrastructure, and property condition influence valuation.",Property Valuation
What affects property valuation? #1303,"Location, area, amenities, market demand, comparable sales, infrastructure, and property condition influence valuation.",Property Valuation
What affects property valuation? #1304,"Location, area, amenities, market demand, comparable sales, infrastructure, and property condition influence valuation.",Property Valuation
What affects property valuation? #1305,"Location, area, amenities, market demand, comparable sales, infrastructure, and property condition influence valuation.",Property Valuation
What affects property valuation? #1306,"Location, area, amenities, market demand, comparable sales, infrastructure, and property condition influence valuation.",Property Valuation
What affects property valuation? #1307,"Location, area, amenities, market demand, comparable sales, infrastructure, and property condition influence valuation.",Property Valuation
What affects property valuation? #1308,"Location, area, amenities, market demand, comparable sales, infrastructure, and property condition influence valuation.",Property Valuation
What affects property valuation? #1309,"Location, area, amenities, market demand, comparable sales, infrastructure, and property condition influence valuation.",Property Valuation
What affects property valuation? #1310,"Location, area, amenities, market demand, comparable sales, infrastructure, and property condition influence valuation.",Property Valuation
What affects property valuation? #1311,"Location, area, amenities, market demand, comparable sales, infrastructure, and property condition influence valuation.",Property Valuation
What affects property valuation? #1312,"Location, area, amenities, market demand, comparable sales, infrastructure, and property condition influence valuation.",Property Valuation
What affects property valuation? #1313,"Location, area, amenities, market demand, comparable sales, infrastructure, and property condition influence valuation.",Property Valuation
What affects property valuation? #1314,"Location, area, amenities, market demand, comparable sales, infrastructure, and property condition influence valuation.",Property Valuation
What affects property valuation? #1315,"Location, area, amenities, market demand, comparable sales, infrastructure, and property condition influence valuation.",Property Valuation
What affects property valuation? #1316,"Location, area, amenities, market demand, comparable sales, infrastructure, and property condition influence valuation.",Property Valuation
What affects property valuation? #1317,"Location, area, amenities, market demand, comparable sales, infrastructure, and property condition influence valuation.",Property Valuation
What affects property valuation? #1318,"Location, area, amenities, market demand, comparable sales, infrastructure, and property condition influence valuation.",Property Valuation
What affects property valuation? #1319,"Location, area, amenities, market demand, comparable sales, infrastructure, and property condition influence valuation.",Property Valuation
What affects property valuation? #1320,"Location, area, amenities, market demand, comparable sales, infrastructure, and property condition influence valuation.",Property Valuation
What affects property valuation? #1321,"Location, area, amenities, market demand, comparable sales, infrastructure, and property condition influence valuation.",Property Valuation
What affects property valuation? #1322,"Location, area, amenities, market demand, comparable sales, infrastructure, and property condition influence valuation.",Property Valuation
What affects property valuation? #1323,"Location, area, amenities, market demand, comparable sales, infrastructure, and property condition influence valuation.",Property Valuation
What affects property valuation? #1324,"Location, area, amenities, market demand, comparable sales, infrastructure, and property condition influence valuation.",Property Valuation
What affects property valuation? #1325,"Location, area, amenities, market demand, comparable sales, infrastructure, and property condition influence valuation.",Property Valuation
What affects property valuation? #1326,"Location, area, amenities, market demand, comparable sales, infrastructure, and property condition influence valuation.",Property Valuation
What affects property valuation? #1327,"Location, area, amenities, market demand, comparable sales, infrastructure, and property condition influence valuation.",Property Valuation
What affects property valuation? #1328,"Location, area, amenities, market demand, comparable sales, infrastructure, and property condition influence valuation.",Property Valuation
What affects property valuation? #1329,"Location, area, amenities, market demand, comparable sales, infrastructure, and property condition influence valuation.",Property Valuation
What affects property valuation? #1330,"Location, area, amenities, market demand, comparable sales, infrastructure, and property condition influence valuation.",Property Valuation
What affects property valuation? #1331,"Location, area, amenities, market demand, comparable sales, infrastructure, and property condition influence valuation.",Property Valuation
What affects property valuation? #1332,"Location, area, amenities, market demand, comparable sales, infrastructure, and property condition influence valuation.",Property Valuation
What affects property valuation? #1333,"Location, area, amenities, market demand, comparable sales, infrastructure, and property condition influence valuation.",Property Valuation
What affects property valuation? #1334,"Location, area, amenities, market demand, comparable sales, infrastructure, and property condition influence valuation.",Property Valuation
What affects property valuation? #1335,"Location, area, amenities, market demand, comparable sales, infrastructure, and property condition influence valuation.",Property Valuation
What affects property valuation? #1336,"Location, area, amenities, market demand, comparable sales, infrastructure, and property condition influence valuation.",Property Valuation
What affects property valuation? #1337,"Location, area, amenities, market demand, comparable sales, infrastructure, and property condition influence valuation.",Property Valuation
What affects property valuation? #1338,"Location, area, amenities, market demand, comparable sales, infrastructure, and property condition influence valuation.",Property Valuation
What affects property valuation? #1339,"Location, area, amenities, market demand, comparable sales, infrastructure, and property condition influence valuation.",Property Valuation
What affects property valuation? #1340,"Location, area, amenities, market demand, comparable sales, infrastructure, and property condition influence valuation.",Property Valuation
What affects property valuation? #1341,"Location, area, amenities, market demand, comparable sales, infrastructure, and property condition influence valuation.",Property Valuation
What affects property valuation? #1342,"Location, area, amenities, market demand, comparable sales, infrastructure, and property condition influence valuation.",Property Valuation
What affects property valuation? #1343,"Location, area, amenities, market demand, comparable sales, infrastructure, and property condition influence valuation.",Property Valuation
What affects property valuation? #1344,"Location, area, amenities, market demand, comparable sales, infrastructure, and property condition influence valuation.",Property Valuation
What affects property valuation? #1345,"Location, area, amenities, market demand, comparable sales, infrastructure, and property condition influence valuation.",Property Valuation
What affects property valuation? #1346,"Location, area, amenities, market demand, comparable sales, infrastructure, and property condition influence valuation.",Property Valuation
What affects property valuation? #1347,"Location, area, amenities, market demand, comparable sales, infrastructure, and property condition influence valuation.",Property Valuation
What affects property valuation? #1348,"Location, area, amenities, market demand, comparable sales, infrastructure, and property condition influence valuation.",Property Valuation
What affects property valuation? #1349,"Location, area, amenities, market demand, comparable sales, infrastructure, and property condition influence valuation.",Property Valuation
What affects property valuation? #1350,"Location, area, amenities, market demand, comparable sales, infrastructure, and property condition influence valuation.",Property Valuation
What affects property valuation? #1351,"Location, area, amenities, market demand, comparable sales, infrastructure, and property condition influence valuation.",Property Valuation
What affects property valuation? #1352,"Location, area, amenities, market demand, comparable sales, infrastructure, and property condition influence valuation.",Property Valuation
What affects property valuation? #1353,"Location, area, amenities, market demand, comparable sales, infrastructure, and property condition influence valuation.",Property Valuation
What affects property valuation? #1354,"Location, area, amenities, market demand, comparable sales, infrastructure, and property condition influence valuation.",Property Valuation
What affects property valuation? #1355,"Location, area, amenities, market demand, comparable sales, infrastructure, and property condition influence valuation.",Property Valuation
What affects property valuation? #1356,"Location, area, amenities, market demand, comparable sales, infrastructure, and property condition influence valuation.",Property Valuation
What affects property valuation? #1357,"Location, area, amenities, market demand, comparable sales, infrastructure, and property condition influence valuation.",Property Valuation
What affects property valuation? #1358,"Location, area, amenities, market demand, comparable sales, infrastructure, and property condition influence valuation.",Property Valuation
What affects property valuation? #1359,"Location, area, amenities, market demand, comparable sales, infrastructure, and property condition influence valuation.",Property Valuation
What affects property valuation? #1360,"Location, area, amenities, market demand, comparable sales, infrastructure, and property condition influence valuation.",Property Valuation
What affects property valuation? #1361,"Location, area, amenities, market demand, comparable sales, infrastructure, and property condition influence valuation.",Property Valuation
What affects property valuation? #1362,"Location, area, amenities, market demand, comparable sales, infrastructure, and property condition influence valuation.",Property Valuation
What affects property valuation? #1363,"Location, area, amenities, market demand, comparable sales, infrastructure, and property condition influence valuation.",Property Valuation
What affects property valuation? #1364,"Location, area, amenities, market demand, comparable sales, infrastructure, and property condition influence valuation.",Property Valuation
What affects property valuation? #1365,"Location, area, amenities, market demand, comparable sales, infrastructure, and property condition influence valuation.",Property Valuation
What affects property valuation? #1366,"Location, area, amenities, market demand, comparable sales, infrastructure, and property condition influence valuation.",Property Valuation
What affects property valuation? #1367,"Location, area, amenities, market demand, comparable sales, infrastructure, and property condition influence valuation.",Property Valuation
What affects property valuation? #1368,"Location, area, amenities, market demand, comparable sales, infrastructure, and property condition influence valuation.",Property Valuation
What affects property valuation? #1369,"Location, area, amenities, market demand, comparable sales, infrastructure, and property condition influence valuation.",Property Valuation
What affects property valuation? #1370,"Location, area, amenities, market demand, comparable sales, infrastructure, and property condition influence valuation.",Property Valuation
What affects property valuation? #1371,"Location, area, amenities, market demand, comparable sales, infrastructure, and property condition influence valuation.",Property Valuation
What affects property valuation? #1372,"Location, area, amenities, market demand, comparable sales, infrastructure, and property condition influence valuation.",Property Valuation
What affects property valuation? #1373,"Location, area, amenities, market demand, comparable sales, infrastructure, and property condition influence valuation.",Property Valuation
What affects property valuation? #1374,"Location, area, amenities, market demand, comparable sales, infrastructure, and property condition influence valuation.",Property Valuation
What affects property valuation? #1375,"Location, area, amenities, market demand, comparable sales, infrastructure, and property condition influence valuation.",Property Valuation
What affects property valuation? #1376,"Location, area, amenities, market demand, comparable sales, infrastructure, and property condition influence valuation.",Property Valuation
What affects property valuation? #1377,"Location, area, amenities, market demand, comparable sales, infrastructure, and property condition influence valuation.",Property Valuation
What affects property valuation? #1378,"Location, area, amenities, market demand, comparable sales, infrastructure, and property condition influence valuation.",Property Valuation
What affects property valuation? #1379,"Location, area, amenities, market demand, comparable sales, infrastructure, and property condition influence valuation.",Property Valuation
What affects property valuation? #1380,"Location, area, amenities, market demand, comparable sales, infrastructure, and property condition influence valuation.",Property Valuation
What affects property valuation? #1381,"Location, area, amenities, market demand, comparable sales, infrastructure, and property condition influence valuation.",Property Valuation
What affects property valuation? #1382,"Location, area, amenities, market demand, comparable sales, infrastructure, and property condition influence valuation.",Property Valuation
What affects property valuation? #1383,"Location, area, amenities, market demand, comparable sales, infrastructure, and property condition influence valuation.",Property Valuation
What affects property valuation? #1384,"Location, area, amenities, market demand, comparable sales, infrastructure, and property condition influence valuation.",Property Valuation
What affects property valuation? #1385,"Location, area, amenities, market demand, comparable sales, infrastructure, and property condition influence valuation.",Property Valuation
What affects property valuation? #1386,"Location, area, amenities, market demand, comparable sales, infrastructure, and property condition influence valuation.",Property Valuation
What affects property valuation? #1387,"Location, area, amenities, market demand, comparable sales, infrastructure, and property condition influence valuation.",Property Valuation
What affects property valuation? #1388,"Location, area, amenities, market demand, comparable sales, infrastructure, and property condition influence valuation.",Property Valuation
What affects property valuation? #1389,"Location, area, amenities, market demand, comparable sales, infrastructure, and property condition influence valuation.",Property Valuation
What affects property valuation? #1390,"Location, area, amenities, market demand, comparable sales, infrastructure, and property condition influence valuation.",Property Valuation
What affects property valuation? #1391,"Location, area, amenities, market demand, comparable sales, infrastructure, and property condition influence valuation.",Property Valuation
What affects property valuation? #1392,"Location, area, amenities, market demand, comparable sales, infrastructure, and property condition influence valuation.",Property Valuation
What affects property valuation? #1393,"Location, area, amenities, market demand, comparable sales, infrastructure, and property condition influence valuation.",Property Valuation
What affects property valuation? #1394,"Location, area, amenities, market demand, comparable sales, infrastructure, and property condition influence valuation.",Property Valuation
What affects property valuation? #1395,"Location, area, amenities, market demand, comparable sales, infrastructure, and property condition influence valuation.",Property Valuation
What affects property valuation? #1396,"Location, area, amenities, market demand, comparable sales, infrastructure, and property condition influence valuation.",Property Valuation
What affects property valuation? #1397,"Location, area, amenities, market demand, comparable sales, infrastructure, and property condition influence valuation.",Property Valuation
What affects property valuation? #1398,"Location, area, amenities, market demand, comparable sales, infrastructure, and property condition influence valuation.",Property Valuation
What affects property valuation? #1399,"Location, area, amenities, market demand, comparable sales, infrastructure, and property condition influence valuation.",Property Valuation
What affects property valuation? #1400,"Location, area, amenities, market demand, comparable sales, infrastructure, and property condition influence valuation.",Property Valuation
What affects property valuation? #1401,"Location, area, amenities, market demand, comparable sales, infrastructure, and property condition influence valuation.",Property Valuation
What affects property valuation? #1402,"Location, area, amenities, market demand, comparable sales, infrastructure, and property condition influence valuation.",Property Valuation
What affects property valuation? #1403,"Location, area, amenities, market demand, comparable sales, infrastructure, and property condition influence valuation.",Property Valuation
What affects property valuation? #1404,"Location, area, amenities, market demand, comparable sales, infrastructure, and property condition influence valuation.",Property Valuation
What affects property valuation? #1405,"Location, area, amenities, market demand, comparable sales, infrastructure, and property condition influence valuation.",Property Valuation
What affects property valuation? #1406,"Location, area, amenities, market demand, comparable sales, infrastructure, and property condition influence valuation.",Property Valuation
What affects property valuation? #1407,"Location, area, amenities, market demand, comparable sales, infrastructure, and property condition influence valuation.",Property Valuation
What affects property valuation? #1408,"Location, area, amenities, market demand, comparable sales, infrastructure, and property condition influence valuation.",Property Valuation
What affects property valuation? #1409,"Location, area, amenities, market demand, comparable sales, infrastructure, and property condition influence valuation.",Property Valuation
What affects property valuation? #1410,"Location, area, amenities, market demand, comparable sales, infrastructure, and property condition influence valuation.",Property Valuation
What affects property valuation? #1411,"Location, area, amenities, market demand, comparable sales, infrastructure, and property condition influence valuation.",Property Valuation
What affects property valuation? #1412,"Location, area, amenities, market demand, comparable sales, infrastructure, and property condition influence valuation.",Property Valuation
What affects property valuation? #1413,"Location, area, amenities, market demand, comparable sales, infrastructure, and property condition influence valuation.",Property Valuation
What affects property valuation? #1414,"Location, area, amenities, market demand, comparable sales, infrastructure, and property condition influence valuation.",Property Valuation
What affects property valuation? #1415,"Location, area, amenities, market demand, comparable sales, infrastructure, and property condition influence valuation.",Property Valuation
What affects property valuation? #1416,"Location, area, amenities, market demand, comparable sales, infrastructure, and property condition influence valuation.",Property Valuation
What affects property valuation? #1417,"Location, area, amenities, market demand, comparable sales, infrastructure, and property condition influence valuation.",Property Valuation
What affects property valuation? #1418,"Location, area, amenities, market demand, comparable sales, infrastructure, and property condition influence valuation.",Property Valuation
What affects property valuation? #1419,"Location, area, amenities, market demand, comparable sales, infrastructure, and property condition influence valuation.",Property Valuation
What affects property valuation? #1420,"Location, area, amenities, market demand, comparable sales, infrastructure, and property condition influence valuation.",Property Valuation
What affects property valuation? #1421,"Location, area, amenities, market demand, comparable sales, infrastructure, and property condition influence valuation.",Property Valuation
What affects property valuation? #1422,"Location, area, amenities, market demand, comparable sales, infrastructure, and property condition influence valuation.",Property Valuation
What affects property valuation? #1423,"Location, area, amenities, market demand, comparable sales, infrastructure, and property condition influence valuation.",Property Valuation
What affects property valuation? #1424,"Location, area, amenities, market demand, comparable sales, infrastructure, and property condition influence valuation.",Property Valuation
What affects property valuation? #1425,"Location, area, amenities, market demand, comparable sales, infrastructure, and property condition influence valuation.",Property Valuation
What affects property valuation? #1426,"Location, area, amenities, market demand, comparable sales, infrastructure, and property condition influence valuation.",Property Valuation
What affects property valuation? #1427,"Location, area, amenities, market demand, comparable sales, infrastructure, and property condition influence valuation.",Property Valuation
What affects property valuation? #1428,"Location, area, amenities, market demand, comparable sales, infrastructure, and property condition influence valuation.",Property Valuation
What affects property valuation? #1429,"Location, area, amenities, market demand, comparable sales, infrastructure, and property condition influence valuation.",Property Valuation
What affects property valuation? #1430,"Location, area, amenities, market demand, comparable sales, infrastructure, and property condition influence valuation.",Property Valuation
What affects property valuation? #1431,"Location, area, amenities, market demand, comparable sales, infrastructure, and property condition influence valuation.",Property Valuation
What affects property valuation? #1432,"Location, area, amenities, market demand, comparable sales, infrastructure, and property condition influence valuation.",Property Valuation
What affects property valuation? #1433,"Location, area, amenities, market demand, comparable sales, infrastructure, and property condition influence valuation.",Property Valuation
What affects property valuation? #1434,"Location, area, amenities, market demand, comparable sales, infrastructure, and property condition influence valuation.",Property Valuation
What affects property valuation? #1435,"Location, area, amenities, market demand, comparable sales, infrastructure, and property condition influence valuation.",Property Valuation
What affects property valuation? #1436,"Location, area, amenities, market demand, comparable sales, infrastructure, and property condition influence valuation.",Property Valuation
What affects property valuation? #1437,"Location, area, amenities, market demand, comparable sales, infrastructure, and property condition influence valuation.",Property Valuation
What affects property valuation? #1438,"Location, area, amenities, market demand, comparable sales, infrastructure, and property condition influence valuation.",Property Valuation
What affects property valuation? #1439,"Location, area, amenities, market demand, comparable sales, infrastructure, and property condition influence valuation.",Property Valuation
What affects property valuation? #1440,"Location, area, amenities, market demand, comparable sales, infrastructure, and property condition influence valuation.",Property Valuation
What affects property valuation? #1441,"Location, area, amenities, market demand, comparable sales, infrastructure, and property condition influence valuation.",Property Valuation
What affects property valuation? #1442,"Location, area, amenities, market demand, comparable sales, infrastructure, and property condition influence valuation.",Property Valuation
What affects property valuation? #1443,"Location, area, amenities, market demand, comparable sales, infrastructure, and property condition influence valuation.",Property Valuation
What affects property valuation? #1444,"Location, area, amenities, market demand, comparable sales, infrastructure, and property condition influence valuation.",Property Valuation
What affects property valuation? #1445,"Location, area, amenities, market demand, comparable sales, infrastructure, and property condition influence valuation.",Property Valuation
What affects property valuation? #1446,"Location, area, amenities, market demand, comparable sales, infrastructure, and property condition influence valuation.",Property Valuation
What affects property valuation? #1447,"Location, area, amenities, market demand, comparable sales, infrastructure, and property condition influence valuation.",Property Valuation
What affects property valuation? #1448,"Location, area, amenities, market demand, comparable sales, infrastructure, and property condition influence valuation.",Property Valuation
What affects property valuation? #1449,"Location, area, amenities, market demand, comparable sales, infrastructure, and property condition influence valuation.",Property Valuation
What affects property valuation? #1450,"Location, area, amenities, market demand, comparable sales, infrastructure, and property condition influence valuation.",Property Valuation
What affects property valuation? #1451,"Location, area, amenities, market demand, comparable sales, infrastructure, and property condition influence valuation.",Property Valuation
What affects property valuation? #1452,"Location, area, amenities, market demand, comparable sales, infrastructure, and property condition influence valuation.",Property Valuation
What affects property valuation? #1453,"Location, area, amenities, market demand, comparable sales, infrastructure, and property condition influence valuation.",Property Valuation
What affects property valuation? #1454,"Location, area, amenities, market demand, comparable sales, infrastructure, and property condition influence valuation.",Property Valuation
What affects property valuation? #1455,"Location, area, amenities, market demand, comparable sales, infrastructure, and property condition influence valuation.",Property Valuation
What affects property valuation? #1456,"Location, area, amenities, market demand, comparable sales, infrastructure, and property condition influence valuation.",Property Valuation
What affects property valuation? #1457,"Location, area, amenities, market demand, comparable sales, infrastructure, and property condition influence valuation.",Property Valuation
What affects property valuation? #1458,"Location, area, amenities, market demand, comparable sales, infrastructure, and property condition influence valuation.",Property Valuation
What affects property valuation? #1459,"Location, area, amenities, market demand, comparable sales, infrastructure, and property condition influence valuation.",Property Valuation
What affects property valuation? #1460,"Location, area, amenities, market demand, comparable sales, infrastructure, and property condition influence valuation.",Property Valuation
What affects property valuation? #1461,"Location, area, amenities, market demand, comparable sales, infrastructure, and property condition influence valuation.",Property Valuation
What affects property valuation? #1462,"Location, area, amenities, market demand, comparable sales, infrastructure, and property condition influence valuation.",Property Valuation
What affects property valuation? #1463,"Location, area, amenities, market demand, comparable sales, infrastructure, and property condition influence valuation.",Property Valuation
What affects property valuation? #1464,"Location, area, amenities, market demand, comparable sales, infrastructure, and property condition influence valuation.",Property Valuation
What affects property valuation? #1465,"Location, area, amenities, market demand, comparable sales, infrastructure, and property condition influence valuation.",Property Valuation
What affects property valuation? #1466,"Location, area, amenities, market demand, comparable sales, infrastructure, and property condition influence valuation.",Property Valuation
What affects property valuation? #1467,"Location, area, amenities, market demand, comparable sales, infrastructure, and property condition influence valuation.",Property Valuation
What affects property valuation? #1468,"Location, area, amenities, market demand, comparable sales, infrastructure, and property condition influence valuation.",Property Valuation
What affects property valuation? #1469,"Location, area, amenities, market demand, comparable sales, infrastructure, and property condition influence valuation.",Property Valuation
What affects property valuation? #1470,"Location, area, amenities, market demand, comparable sales, infrastructure, and property condition influence valuation.",Property Valuation
What affects property valuation? #1471,"Location, area, amenities, market demand, comparable sales, infrastructure, and property condition influence valuation.",Property Valuation
What affects property valuation? #1472,"Location, area, amenities, market demand, comparable sales, infrastructure, and property condition influence valuation.",Property Valuation
What affects property valuation? #1473,"Location, area, amenities, market demand, comparable sales, infrastructure, and property condition influence valuation.",Property Valuation
What affects property valuation? #1474,"Location, area, amenities, market demand, comparable sales, infrastructure, and property condition influence valuation.",Property Valuation
What affects property valuation? #1475,"Location, area, amenities, market demand, comparable sales, infrastructure, and property condition influence valuation.",Property Valuation
What affects property valuation? #1476,"Location, area, amenities, market demand, comparable sales, infrastructure, and property condition influence valuation.",Property Valuation
What affects property valuation? #1477,"Location, area, amenities, market demand, comparable sales, infrastructure, and property condition influence valuation.",Property Valuation
What affects property valuation? #1478,"Location, area, amenities, market demand, comparable sales, infrastructure, and property condition influence valuation.",Property Valuation
What affects property valuation? #1479,"Location, area, amenities, market demand, comparable sales, infrastructure, and property condition influence valuation.",Property Valuation
What affects property valuation? #1480,"Location, area, amenities, market demand, comparable sales, infrastructure, and property condition influence valuation.",Property Valuation
What affects property valuation? #1481,"Location, area, amenities, market demand, comparable sales, infrastructure, and property condition influence valuation.",Property Valuation
What affects property valuation? #1482,"Location, area, amenities, market demand, comparable sales, infrastructure, and property condition influence valuation.",Property Valuation
What affects property valuation? #1483,"Location, area, amenities, market demand, comparable sales, infrastructure, and property condition influence valuation.",Property Valuation
What affects property valuation? #1484,"Location, area, amenities, market demand, comparable sales, infrastructure, and property condition influence valuation.",Property Valuation
What affects property valuation? #1485,"Location, area, amenities, market demand, comparable sales, infrastructure, and property condition influence valuation.",Property Valuation
What affects property valuation? #1486,"Location, area, amenities, market demand, comparable sales, infrastructure, and property condition influence valuation.",Property Valuation
What affects property valuation? #1487,"Location, area, amenities, market demand, comparable sales, infrastructure, and property condition influence valuation.",Property Valuation
What affects property valuation? #1488,"Location, area, amenities, market demand, comparable sales, infrastructure, and property condition influence valuation.",Property Valuation
What affects property valuation? #1489,"Location, area, amenities, market demand, comparable sales, infrastructure, and property condition influence valuation.",Property Valuation
What affects property valuation? #1490,"Location, area, amenities, market demand, comparable sales, infrastructure, and property condition influence valuation.",Property Valuation
What affects property valuation? #1491,"Location, area, amenities, market demand, comparable sales, infrastructure, and property condition influence valuation.",Property Valuation
What affects property valuation? #1492,"Location, area, amenities, market demand, comparable sales, infrastructure, and property condition influence valuation.",Property Valuation
What affects property valuation? #1493,"Location, area, amenities, market demand, comparable sales, infrastructure, and property condition influence valuation.",Property Valuation
What affects property valuation? #1494,"Location, area, amenities, market demand, comparable sales, infrastructure, and property condition influence valuation.",Property Valuation
What affects property valuation? #1495,"Location, area, amenities, market demand, comparable sales, infrastructure, and property condition influence valuation.",Property Valuation
What affects property valuation? #1496,"Location, area, amenities, market demand, comparable sales, infrastructure, and property condition influence valuation.",Property Valuation
What affects property valuation? #1497,"Location, area, amenities, market demand, comparable sales, infrastructure, and property condition influence valuation.",Property Valuation
What affects property valuation? #1498,"Location, area, amenities, market demand, comparable sales, infrastructure, and property condition influence valuation.",Property Valuation
What affects property valuation? #1499,"Location, area, amenities, market demand, comparable sales, infrastructure, and property condition influence valuation.",Property Valuation
What affects property valuation? #1500,"Location, area, amenities, market demand, comparable sales, infrastructure, and property condition influence valuation.",Property Valuation
What affects property valuation? #1501,"Location, area, amenities, market demand, comparable sales, infrastructure, and property condition influence valuation.",Property Valuation
What affects property valuation? #1502,"Location, area, amenities, market demand, comparable sales, infrastructure, and property condition influence valuation.",Property Valuation
What affects property valuation? #1503,"Location, area, amenities, market demand, comparable sales, infrastructure, and property condition influence valuation.",Property Valuation
What affects property valuation? #1504,"Location, area, amenities, market demand, comparable sales, infrastructure, and property condition influence valuation.",Property Valuation
What affects property valuation? #1505,"Location, area, amenities, market demand, comparable sales, infrastructure, and property condition influence valuation.",Property Valuation
What affects property valuation? #1506,"Location, area, amenities, market demand, comparable sales, infrastructure, and property condition influence valuation.",Property Valuation
What affects property valuation? #1507,"Location, area, amenities, market demand, comparable sales, infrastructure, and property condition influence valuation.",Property Valuation
What affects property valuation? #1508,"Location, area, amenities, market demand, comparable sales, infrastructure, and property condition influence valuation.",Property Valuation
What affects property valuation? #1509,"Location, area, amenities, market demand, comparable sales, infrastructure, and property condition influence valuation.",Property Valuation
What affects property valuation? #1510,"Location, area, amenities, market demand, comparable sales, infrastructure, and property condition influence valuation.",Property Valuation
What affects property valuation? #1511,"Location, area, amenities, market demand, comparable sales, infrastructure, and property condition influence valuation.",Property Valuation
What affects property valuation? #1512,"Location, area, amenities, market demand, comparable sales, infrastructure, and property condition influence valuation.",Property Valuation
What affects property valuation? #1513,"Location, area, amenities, market demand, comparable sales, infrastructure, and property condition influence valuation.",Property Valuation
What affects property valuation? #1514,"Location, area, amenities, market demand, comparable sales, infrastructure, and property condition influence valuation.",Property Valuation
What affects property valuation? #1515,"Location, area, amenities, market demand, comparable sales, infrastructure, and property condition influence valuation.",Property Valuation
What affects property valuation? #1516,"Location, area, amenities, market demand, comparable sales, infrastructure, and property condition influence valuation.",Property Valuation
What affects property valuation? #1517,"Location, area, amenities, market demand, comparable sales, infrastructure, and property condition influence valuation.",Property Valuation
What affects property valuation? #1518,"Location, area, amenities, market demand, comparable sales, infrastructure, and property condition influence valuation.",Property Valuation
What affects property valuation? #1519,"Location, area, amenities, market demand, comparable sales, infrastructure, and property condition influence valuation.",Property Valuation
What affects property valuation? #1520,"Location, area, amenities, market demand, comparable sales, infrastructure, and property condition influence valuation.",Property Valuation
What affects property valuation? #1521,"Location, area, amenities, market demand, comparable sales, infrastructure, and property condition influence valuation.",Property Valuation
What affects property valuation? #1522,"Location, area, amenities, market demand, comparable sales, infrastructure, and property condition influence valuation.",Property Valuation
What affects property valuation? #1523,"Location, area, amenities, market demand, comparable sales, infrastructure, and property condition influence valuation.",Property Valuation
What affects property valuation? #1524,"Location, area, amenities, market demand, comparable sales, infrastructure, and property condition influence valuation.",Property Valuation
What affects property valuation? #1525,"Location, area, amenities, market demand, comparable sales, infrastructure, and property condition influence valuation.",Property Valuation
What affects property valuation? #1526,"Location, area, amenities, market demand, comparable sales, infrastructure, and property condition influence valuation.",Property Valuation
What affects property valuation? #1527,"Location, area, amenities, market demand, comparable sales, infrastructure, and property condition influence valuation.",Property Valuation
What affects property valuation? #1528,"Location, area, amenities, market demand, comparable sales, infrastructure, and property condition influence valuation.",Property Valuation
What affects property valuation? #1529,"Location, area, amenities, market demand, comparable sales, infrastructure, and property condition influence valuation.",Property Valuation
What affects property valuation? #1530,"Location, area, amenities, market demand, comparable sales, infrastructure, and property condition influence valuation.",Property Valuation
What affects property valuation? #1531,"Location, area, amenities, market demand, comparable sales, infrastructure, and property condition influence valuation.",Property Valuation
What affects property valuation? #1532,"Location, area, amenities, market demand, comparable sales, infrastructure, and property condition influence valuation.",Property Valuation
What affects property valuation? #1533,"Location, area, amenities, market demand, comparable sales, infrastructure, and property condition influence valuation.",Property Valuation
What affects property valuation? #1534,"Location, area, amenities, market demand, comparable sales, infrastructure, and property condition influence valuation.",Property Valuation
What affects property valuation? #1535,"Location, area, amenities, market demand, comparable sales, infrastructure, and property condition influence valuation.",Property Valuation
What affects property valuation? #1536,"Location, area, amenities, market demand, comparable sales, infrastructure, and property condition influence valuation.",Property Valuation
What affects property valuation? #1537,"Location, area, amenities, market demand, comparable sales, infrastructure, and property condition influence valuation.",Property Valuation
What affects property valuation? #1538,"Location, area, amenities, market demand, comparable sales, infrastructure, and property condition influence valuation.",Property Valuation
What affects property valuation? #1539,"Location, area, amenities, market demand, comparable sales, infrastructure, and property condition influence valuation.",Property Valuation
What affects property valuation? #1540,"Location, area, amenities, market demand, comparable sales, infrastructure, and property condition influence valuation.",Property Valuation
What affects property valuation? #1541,"Location, area, amenities, market demand, comparable sales, infrastructure, and property condition influence valuation.",Property Valuation
What affects property valuation? #1542,"Location, area, amenities, market demand, comparable sales, infrastructure, and property condition influence valuation.",Property Valuation
What affects property valuation? #1543,"Location, area, amenities, market demand, comparable sales, infrastructure, and property condition influence valuation.",Property Valuation
What affects property valuation? #1544,"Location, area, amenities, market demand, comparable sales, infrastructure, and property condition influence valuation.",Property Valuation
What affects property valuation? #1545,"Location, area, amenities, market demand, comparable sales, infrastructure, and property condition influence valuation.",Property Valuation
What affects property valuation? #1546,"Location, area, amenities, market demand, comparable sales, infrastructure, and property condition influence valuation.",Property Valuation
What affects property valuation? #1547,"Location, area, amenities, market demand, comparable sales, infrastructure, and property condition influence valuation.",Property Valuation
What affects property valuation? #1548,"Location, area, amenities, market demand, comparable sales, infrastructure, and property condition influence valuation.",Property Valuation
What affects property valuation? #1549,"Location, area, amenities, market demand, comparable sales, infrastructure, and property condition influence valuation.",Property Valuation
What affects property valuation? #1550,"Location, area, amenities, market demand, comparable sales, infrastructure, and property condition influence valuation.",Property Valuation
What affects property valuation? #1551,"Location, area, amenities, market demand, comparable sales, infrastructure, and property condition influence valuation.",Property Valuation
What affects property valuation? #1552,"Location, area, amenities, market demand, comparable sales, infrastructure, and property condition influence valuation.",Property Valuation
What affects property valuation? #1553,"Location, area, amenities, market demand, comparable sales, infrastructure, and property condition influence valuation.",Property Valuation
What affects property valuation? #1554,"Location, area, amenities, market demand, comparable sales, infrastructure, and property condition influence valuation.",Property Valuation
What affects property valuation? #1555,"Location, area, amenities, market demand, comparable sales, infrastructure, and property condition influence valuation.",Property Valuation
What affects property valuation? #1556,"Location, area, amenities, market demand, comparable sales, infrastructure, and property condition influence valuation.",Property Valuation
What affects property valuation? #1557,"Location, area, amenities, market demand, comparable sales, infrastructure, and property condition influence valuation.",Property Valuation
What affects property valuation? #1558,"Location, area, amenities, market demand, comparable sales, infrastructure, and property condition influence valuation.",Property Valuation
What affects property valuation? #1559,"Location, area, amenities, market demand, comparable sales, infrastructure, and property condition influence valuation.",Property Valuation
What affects property valuation? #1560,"Location, area, amenities, market demand, comparable sales, infrastructure, and property condition influence valuation.",Property Valuation
What affects property valuation? #1561,"Location, area, amenities, market demand, comparable sales, infrastructure, and property condition influence valuation.",Property Valuation
What affects property valuation? #1562,"Location, area, amenities, market demand, comparable sales, infrastructure, and property condition influence valuation.",Property Valuation
What affects property valuation? #1563,"Location, area, amenities, market demand, comparable sales, infrastructure, and property condition influence valuation.",Property Valuation
What affects property valuation? #1564,"Location, area, amenities, market demand, comparable sales, infrastructure, and property condition influence valuation.",Property Valuation
What affects property valuation? #1565,"Location, area, amenities, market demand, comparable sales, infrastructure, and property condition influence valuation.",Property Valuation
What affects property valuation? #1566,"Location, area, amenities, market demand, comparable sales, infrastructure, and property condition influence valuation.",Property Valuation
What affects property valuation? #1567,"Location, area, amenities, market demand, comparable sales, infrastructure, and property condition influence valuation.",Property Valuation
What affects property valuation? #1568,"Location, area, amenities, market demand, comparable sales, infrastructure, and property condition influence valuation.",Property Valuation
What affects property valuation? #1569,"Location, area, amenities, market demand, comparable sales, infrastructure, and property condition influence valuation.",Property Valuation
What affects property valuation? #1570,"Location, area, amenities, market demand, comparable sales, infrastructure, and property condition influence valuation.",Property Valuation
What affects property valuation? #1571,"Location, area, amenities, market demand, comparable sales, infrastructure, and property condition influence valuation.",Property Valuation
What affects property valuation? #1572,"Location, area, amenities, market demand, comparable sales, infrastructure, and property condition influence valuation.",Property Valuation
What affects property valuation? #1573,"Location, area, amenities, market demand, comparable sales, infrastructure, and property condition influence valuation.",Property Valuation
What affects property valuation? #1574,"Location, area, amenities, market demand, comparable sales, infrastructure, and property condition influence valuation.",Property Valuation
What affects property valuation? #1575,"Location, area, amenities, market demand, comparable sales, infrastructure, and property condition influence valuation.",Property Valuation
What affects property valuation? #1576,"Location, area, amenities, market demand, comparable sales, infrastructure, and property condition influence valuation.",Property Valuation
What affects property valuation? #1577,"Location, area, amenities, market demand, comparable sales, infrastructure, and property condition influence valuation.",Property Valuation
What affects property valuation? #1578,"Location, area, amenities, market demand, comparable sales, infrastructure, and property condition influence valuation.",Property Valuation
What affects property valuation? #1579,"Location, area, amenities, market demand, comparable sales, infrastructure, and property condition influence valuation.",Property Valuation
What affects property valuation? #1580,"Location, area, amenities, market demand, comparable sales, infrastructure, and property condition influence valuation.",Property Valuation
What affects property valuation? #1581,"Location, area, amenities, market demand, comparable sales, infrastructure, and property condition influence valuation.",Property Valuation
What affects property valuation? #1582,"Location, area, amenities, market demand, comparable sales, infrastructure, and property condition influence valuation.",Property Valuation
What affects property valuation? #1583,"Location, area, amenities, market demand, comparable sales, infrastructure, and property condition influence valuation.",Property Valuation
What affects property valuation? #1584,"Location, area, amenities, market demand, comparable sales, infrastructure, and property condition influence valuation.",Property Valuation
What affects property valuation? #1585,"Location, area, amenities, market demand, comparable sales, infrastructure, and property condition influence valuation.",Property Valuation
What affects property valuation? #1586,"Location, area, amenities, market demand, comparable sales, infrastructure, and property condition influence valuation.",Property Valuation
What affects property valuation? #1587,"Location, area, amenities, market demand, comparable sales, infrastructure, and property condition influence valuation.",Property Valuation
What affects property valuation? #1588,"Location, area, amenities, market demand, comparable sales, infrastructure, and property condition influence valuation.",Property Valuation
What affects property valuation? #1589,"Location, area, amenities, market demand, comparable sales, infrastructure, and property condition influence valuation.",Property Valuation
What affects property valuation? #1590,"Location, area, amenities, market demand, comparable sales, infrastructure, and property condition influence valuation.",Property Valuation
What affects property valuation? #1591,"Location, area, amenities, market demand, comparable sales, infrastructure, and property condition influence valuation.",Property Valuation
What affects property valuation? #1592,"Location, area, amenities, market demand, comparable sales, infrastructure, and property condition influence valuation.",Property Valuation
What affects property valuation? #1593,"Location, area, amenities, market demand, comparable sales, infrastructure, and property condition influence valuation.",Property Valuation
What affects property valuation? #1594,"Location, area, amenities, market demand, comparable sales, infrastructure, and property condition influence valuation.",Property Valuation
What affects property valuation? #1595,"Location, area, amenities, market demand, comparable sales, infrastructure, and property condition influence valuation.",Property Valuation
What affects property valuation? #1596,"Location, area, amenities, market demand, comparable sales, infrastructure, and property condition influence valuation.",Property Valuation
What affects property valuation? #1597,"Location, area, amenities, market demand, comparable sales, infrastructure, and property condition influence valuation.",Property Valuation
What affects property valuation? #1598,"Location, area, amenities, market demand, comparable sales, infrastructure, and property condition influence valuation.",Property Valuation
What affects property valuation? #1599,"Location, area, amenities, market demand, comparable sales, infrastructure, and property condition influence valuation.",Property Valuation
What affects property valuation? #1600,"Location, area, amenities, market demand, comparable sales, infrastructure, and property condition influence valuation.",Property Valuation
What affects property valuation? #1601,"Location, area, amenities, market demand, comparable sales, infrastructure, and property condition influence valuation.",Property Valuation
What affects property valuation? #1602,"Location, area, amenities, market demand, comparable sales, infrastructure, and property condition influence valuation.",Property Valuation
What affects property valuation? #1603,"Location, area, amenities, market demand, comparable sales, infrastructure, and property condition influence valuation.",Property Valuation
What affects property valuation? #1604,"Location, area, amenities, market demand, comparable sales, infrastructure, and property condition influence valuation.",Property Valuation
What affects property valuation? #1605,"Location, area, amenities, market demand, comparable sales, infrastructure, and property condition influence valuation.",Property Valuation
What affects property valuation? #1606,"Location, area, amenities, market demand, comparable sales, infrastructure, and property condition influence valuation.",Property Valuation
What affects property valuation? #1607,"Location, area, amenities, market demand, comparable sales, infrastructure, and property condition influence valuation.",Property Valuation
What affects property valuation? #1608,"Location, area, amenities, market demand, comparable sales, infrastructure, and property condition influence valuation.",Property Valuation
What affects property valuation? #1609,"Location, area, amenities, market demand, comparable sales, infrastructure, and property condition influence valuation.",Property Valuation
What affects property valuation? #1610,"Location, area, amenities, market demand, comparable sales, infrastructure, and property condition influence valuation.",Property Valuation
What affects property valuation? #1611,"Location, area, amenities, market demand, comparable sales, infrastructure, and property condition influence valuation.",Property Valuation
What affects property valuation? #1612,"Location, area, amenities, market demand, comparable sales, infrastructure, and property condition influence valuation.",Property Valuation
What affects property valuation? #1613,"Location, area, amenities, market demand, comparable sales, infrastructure, and property condition influence valuation.",Property Valuation
What affects property valuation? #1614,"Location, area, amenities, market demand, comparable sales, infrastructure, and property condition influence valuation.",Property Valuation
What affects property valuation? #1615,"Location, area, amenities, market demand, comparable sales, infrastructure, and property condition influence valuation.",Property Valuation
What affects property valuation? #1616,"Location, area, amenities, market demand, comparable sales, infrastructure, and property condition influence valuation.",Property Valuation
What affects property valuation? #1617,"Location, area, amenities, market demand, comparable sales, infrastructure, and property condition influence valuation.",Property Valuation
What affects property valuation? #1618,"Location, area, amenities, market demand, comparable sales, infrastructure, and property condition influence valuation.",Property Valuation
What affects property valuation? #1619,"Location, area, amenities, market demand, comparable sales, infrastructure, and property condition influence valuation.",Property Valuation
What affects property valuation? #1620,"Location, area, amenities, market demand, comparable sales, infrastructure, and property condition influence valuation.",Property Valuation
What affects property valuation? #1621,"Location, area, amenities, market demand, comparable sales, infrastructure, and property condition influence valuation.",Property Valuation
What affects property valuation? #1622,"Location, area, amenities, market demand, comparable sales, infrastructure, and property condition influence valuation.",Property Valuation
What affects property valuation? #1623,"Location, area, amenities, market demand, comparable sales, infrastructure, and property condition influence valuation.",Property Valuation
What affects property valuation? #1624,"Location, area, amenities, market demand, comparable sales, infrastructure, and property condition influence valuation.",Property Valuation
What affects property valuation? #1625,"Location, area, amenities, market demand, comparable sales, infrastructure, and property condition influence valuation.",Property Valuation
What affects property valuation? #1626,"Location, area, amenities, market demand, comparable sales, infrastructure, and property condition influence valuation.",Property Valuation
What affects property valuation? #1627,"Location, area, amenities, market demand, comparable sales, infrastructure, and property condition influence valuation.",Property Valuation
What affects property valuation? #1628,"Location, area, amenities, market demand, comparable sales, infrastructure, and property condition influence valuation.",Property Valuation
What affects property valuation? #1629,"Location, area, amenities, market demand, comparable sales, infrastructure, and property condition influence valuation.",Property Valuation
What affects property valuation? #1630,"Location, area, amenities, market demand, comparable sales, infrastructure, and property condition influence valuation.",Property Valuation
What affects property valuation? #1631,"Location, area, amenities, market demand, comparable sales, infrastructure, and property condition influence valuation.",Property Valuation
What affects property valuation? #1632,"Location, area, amenities, market demand, comparable sales, infrastructure, and property condition influence valuation.",Property Valuation
What affects property valuation? #1633,"Location, area, amenities, market demand, comparable sales, infrastructure, and property condition influence valuation.",Property Valuation
What affects property valuation? #1634,"Location, area, amenities, market demand, comparable sales, infrastructure, and property condition influence valuation.",Property Valuation
What affects property valuation? #1635,"Location, area, amenities, market demand, comparable sales, infrastructure, and property condition influence valuation.",Property Valuation
What affects property valuation? #1636,"Location, area, amenities, market demand, comparable sales, infrastructure, and property condition influence valuation.",Property Valuation
What affects property valuation? #1637,"Location, area, amenities, market demand, comparable sales, infrastructure, and property condition influence valuation.",Property Valuation
What affects property valuation? #1638,"Location, area, amenities, market demand, comparable sales, infrastructure, and property condition influence valuation.",Property Valuation
What affects property valuation? #1639,"Location, area, amenities, market demand, comparable sales, infrastructure, and property condition influence valuation.",Property Valuation
What affects property valuation? #1640,"Location, area, amenities, market demand, comparable sales, infrastructure, and property condition influence valuation.",Property Valuation
What affects property valuation? #1641,"Location, area, amenities, market demand, comparable sales, infrastructure, and property condition influence valuation.",Property Valuation
What affects property valuation? #1642,"Location, area, amenities, market demand, comparable sales, infrastructure, and property condition influence valuation.",Property Valuation
What affects property valuation? #1643,"Location, area, amenities, market demand, comparable sales, infrastructure, and property condition influence valuation.",Property Valuation
What affects property valuation? #1644,"Location, area, amenities, market demand, comparable sales, infrastructure, and property condition influence valuation.",Property Valuation
What affects property valuation? #1645,"Location, area, amenities, market demand, comparable sales, infrastructure, and property condition influence valuation.",Property Valuation
What affects property valuation? #1646,"Location, area, amenities, market demand, comparable sales, infrastructure, and property condition influence valuation.",Property Valuation
What affects property valuation? #1647,"Location, area, amenities, market demand, comparable sales, infrastructure, and property condition influence valuation.",Property Valuation
What affects property valuation? #1648,"Location, area, amenities, market demand, comparable sales, infrastructure, and property condition influence valuation.",Property Valuation
What affects property valuation? #1649,"Location, area, amenities, market demand, comparable sales, infrastructure, and property condition influence valuation.",Property Valuation
What affects property valuation? #1650,"Location, area, amenities, market demand, comparable sales, infrastructure, and property condition influence valuation.",Property Valuation
What affects property valuation? #1651,"Location, area, amenities, market demand, comparable sales, infrastructure, and property condition influence valuation.",Property Valuation
What affects property valuation? #1652,"Location, area, amenities, market demand, comparable sales, infrastructure, and property condition influence valuation.",Property Valuation
What affects property valuation? #1653,"Location, area, amenities, market demand, comparable sales, infrastructure, and property condition influence valuation.",Property Valuation
What affects property valuation? #1654,"Location, area, amenities, market demand, comparable sales, infrastructure, and property condition influence valuation.",Property Valuation
What affects property valuation? #1655,"Location, area, amenities, market demand, comparable sales, infrastructure, and property condition influence valuation.",Property Valuation
What affects property valuation? #1656,"Location, area, amenities, market demand, comparable sales, infrastructure, and property condition influence valuation.",Property Valuation
What affects property valuation? #1657,"Location, area, amenities, market demand, comparable sales, infrastructure, and property condition influence valuation.",Property Valuation
What affects property valuation? #1658,"Location, area, amenities, market demand, comparable sales, infrastructure, and property condition influence valuation.",Property Valuation
What affects property valuation? #1659,"Location, area, amenities, market demand, comparable sales, infrastructure, and property condition influence valuation.",Property Valuation
What affects property valuation? #1660,"Location, area, amenities, market demand, comparable sales, infrastructure, and property condition influence valuation.",Property Valuation
What affects property valuation? #1661,"Location, area, amenities, market demand, comparable sales, infrastructure, and property condition influence valuation.",Property Valuation
What affects property valuation? #1662,"Location, area, amenities, market demand, comparable sales, infrastructure, and property condition influence valuation.",Property Valuation
What affects property valuation? #1663,"Location, area, amenities, market demand, comparable sales, infrastructure, and property condition influence valuation.",Property Valuation
What affects property valuation? #1664,"Location, area, amenities, market demand, comparable sales, infrastructure, and property condition influence valuation.",Property Valuation
What affects property valuation? #1665,"Location, area, amenities, market demand, comparable sales, infrastructure, and property condition influence valuation.",Property Valuation
What affects property valuation? #1666,"Location, area, amenities, market demand, comparable sales, infrastructure, and property condition influence valuation.",Property Valuation
What affects property valuation? #1667,"Location, area, amenities, market demand, comparable sales, infrastructure, and property condition influence valuation.",Property Valuation
What affects property valuation? #1668,"Location, area, amenities, market demand, comparable sales, infrastructure, and property condition influence valuation.",Property Valuation
What affects property valuation? #1669,"Location, area, amenities, market demand, comparable sales, infrastructure, and property condition influence valuation.",Property Valuation
What affects property valuation? #1670,"Location, area, amenities, market demand, comparable sales, infrastructure, and property condition influence valuation.",Property Valuation
What affects property valuation? #1671,"Location, area, amenities, market demand, comparable sales, infrastructure, and property condition influence valuation.",Property Valuation
What affects property valuation? #1672,"Location, area, amenities, market demand, comparable sales, infrastructure, and property condition influence valuation.",Property Valuation
What affects property valuation? #1673,"Location, area, amenities, market demand, comparable sales, infrastructure, and property condition influence valuation.",Property Valuation
What affects property valuation? #1674,"Location, area, amenities, market demand, comparable sales, infrastructure, and property condition influence valuation.",Property Valuation
What affects property valuation? #1675,"Location, area, amenities, market demand, comparable sales, infrastructure, and property condition influence valuation.",Property Valuation
What affects property valuation? #1676,"Location, area, amenities, market demand, comparable sales, infrastructure, and property condition influence valuation.",Property Valuation
What affects property valuation? #1677,"Location, area, amenities, market demand, comparable sales, infrastructure, and property condition influence valuation.",Property Valuation
What affects property valuation? #1678,"Location, area, amenities, market demand, comparable sales, infrastructure, and property condition influence valuation.",Property Valuation
What affects property valuation? #1679,"Location, area, amenities, market demand, comparable sales, infrastructure, and property condition influence valuation.",Property Valuation
What affects property valuation? #1680,"Location, area, amenities, market demand, comparable sales, infrastructure, and property condition influence valuation.",Property Valuation
What affects property valuation? #1681,"Location, area, amenities, market demand, comparable sales, infrastructure, and property condition influence valuation.",Property Valuation
What affects property valuation? #1682,"Location, area, amenities, market demand, comparable sales, infrastructure, and property condition influence valuation.",Property Valuation
What affects property valuation? #1683,"Location, area, amenities, market demand, comparable sales, infrastructure, and property condition influence valuation.",Property Valuation
What affects property valuation? #1684,"Location, area, amenities, market demand, comparable sales, infrastructure, and property condition influence valuation.",Property Valuation
What affects property valuation? #1685,"Location, area, amenities, market demand, comparable sales, infrastructure, and property condition influence valuation.",Property Valuation
What affects property valuation? #1686,"Location, area, amenities, market demand, comparable sales, infrastructure, and property condition influence valuation.",Property Valuation
What affects property valuation? #1687,"Location, area, amenities, market demand, comparable sales, infrastructure, and property condition influence valuation.",Property Valuation
What affects property valuation? #1688,"Location, area, amenities, market demand, comparable sales, infrastructure, and property condition influence valuation.",Property Valuation
What affects property valuation? #1689,"Location, area, amenities, market demand, comparable sales, infrastructure, and property condition influence valuation.",Property Valuation
What affects property valuation? #1690,"Location, area, amenities, market demand, comparable sales, infrastructure, and property condition influence valuation.",Property Valuation
What affects property valuation? #1691,"Location, area, amenities, market demand, comparable sales, infrastructure, and property condition influence valuation.",Property Valuation
What affects property valuation? #1692,"Location, area, amenities, market demand, comparable sales, infrastructure, and property condition influence valuation.",Property Valuation
What affects property valuation? #1693,"Location, area, amenities, market demand, comparable sales, infrastructure, and property condition influence valuation.",Property Valuation
What affects property valuation? #1694,"Location, area, amenities, market demand, comparable sales, infrastructure, and property condition influence valuation.",Property Valuation
What affects property valuation? #1695,"Location, area, amenities, market demand, comparable sales, infrastructure, and property condition influence valuation.",Property Valuation
What affects property valuation? #1696,"Location, area, amenities, market demand, comparable sales, infrastructure, and property condition influence valuation.",Property Valuation
What affects property valuation? #1697,"Location, area, amenities, market demand, comparable sales, infrastructure, and property condition influence valuation.",Property Valuation
What affects property valuation? #1698,"Location, area, amenities, market demand, comparable sales, infrastructure, and property condition influence valuation.",Property Valuation
What affects property valuation? #1699,"Location, area, amenities, market demand, comparable sales, infrastructure, and property condition influence valuation.",Property Valuation
What affects property valuation? #1700,"Location, area, amenities, market demand, comparable sales, infrastructure, and property condition influence valuation.",Property Valuation
What affects property valuation? #1701,"Location, area, amenities, market demand, comparable sales, infrastructure, and property condition influence valuation.",Property Valuation
What affects property valuation? #1702,"Location, area, amenities, market demand, comparable sales, infrastructure, and property condition influence valuation.",Property Valuation
What affects property valuation? #1703,"Location, area, amenities, market demand, comparable sales, infrastructure, and property condition influence valuation.",Property Valuation
What affects property valuation? #1704,"Location, area, amenities, market demand, comparable sales, infrastructure, and property condition influence valuation.",Property Valuation
What affects property valuation? #1705,"Location, area, amenities, market demand, comparable sales, infrastructure, and property condition influence valuation.",Property Valuation
What affects property valuation? #1706,"Location, area, amenities, market demand, comparable sales, infrastructure, and property condition influence valuation.",Property Valuation
What affects property valuation? #1707,"Location, area, amenities, market demand, comparable sales, infrastructure, and property condition influence valuation.",Property Valuation
What affects property valuation? #1708,"Location, area, amenities, market demand, comparable sales, infrastructure, and property condition influence valuation.",Property Valuation
What affects property valuation? #1709,"Location, area, amenities, market demand, comparable sales, infrastructure, and property condition influence valuation.",Property Valuation
What affects property valuation? #1710,"Location, area, amenities, market demand, comparable sales, infrastructure, and property condition influence valuation.",Property Valuation
What affects property valuation? #1711,"Location, area, amenities, market demand, comparable sales, infrastructure, and property condition influence valuation.",Property Valuation
What affects property valuation? #1712,"Location, area, amenities, market demand, comparable sales, infrastructure, and property condition influence valuation.",Property Valuation
What affects property valuation? #1713,"Location, area, amenities, market demand, comparable sales, infrastructure, and property condition influence valuation.",Property Valuation
What affects property valuation? #1714,"Location, area, amenities, market demand, comparable sales, infrastructure, and property condition influence valuation.",Property Valuation
What affects property valuation? #1715,"Location, area, amenities, market demand, comparable sales, infrastructure, and property condition influence valuation.",Property Valuation
What affects property valuation? #1716,"Location, area, amenities, market demand, comparable sales, infrastructure, and property condition influence valuation.",Property Valuation
What affects property valuation? #1717,"Location, area, amenities, market demand, comparable sales, infrastructure, and property condition influence valuation.",Property Valuation
What affects property valuation? #1718,"Location, area, amenities, market demand, comparable sales, infrastructure, and property condition influence valuation.",Property Valuation
What affects property valuation? #1719,"Location, area, amenities, market demand, comparable sales, infrastructure, and property condition influence valuation.",Property Valuation
What affects property valuation? #1720,"Location, area, amenities, market demand, comparable sales, infrastructure, and property condition influence valuation.",Property Valuation
What affects property valuation? #1721,"Location, area, amenities, market demand, comparable sales, infrastructure, and property condition influence valuation.",Property Valuation
What affects property valuation? #1722,"Location, area, amenities, market demand, comparable sales, infrastructure, and property condition influence valuation.",Property Valuation
What affects property valuation? #1723,"Location, area, amenities, market demand, comparable sales, infrastructure, and property condition influence valuation.",Property Valuation
What affects property valuation? #1724,"Location, area, amenities, market demand, comparable sales, infrastructure, and property condition influence valuation.",Property Valuation
What affects property valuation? #1725,"Location, area, amenities, market demand, comparable sales, infrastructure, and property condition influence valuation.",Property Valuation
What affects property valuation? #1726,"Location, area, amenities, market demand, comparable sales, infrastructure, and property condition influence valuation.",Property Valuation
What affects property valuation? #1727,"Location, area, amenities, market demand, comparable sales, infrastructure, and property condition influence valuation.",Property Valuation
What affects property valuation? #1728,"Location, area, amenities, market demand, comparable sales, infrastructure, and property condition influence valuation.",Property Valuation
What affects property valuation? #1729,"Location, area, amenities, market demand, comparable sales, infrastructure, and property condition influence valuation.",Property Valuation
What affects property valuation? #1730,"Location, area, amenities, market demand, comparable sales, infrastructure, and property condition influence valuation.",Property Valuation
What affects property valuation? #1731,"Location, area, amenities, market demand, comparable sales, infrastructure, and property condition influence valuation.",Property Valuation
What affects property valuation? #1732,"Location, area, amenities, market demand, comparable sales, infrastructure, and property condition influence valuation.",Property Valuation
What affects property valuation? #1733,"Location, area, amenities, market demand, comparable sales, infrastructure, and property condition influence valuation.",Property Valuation
What affects property valuation? #1734,"Location, area, amenities, market demand, comparable sales, infrastructure, and property condition influence valuation.",Property Valuation
What affects property valuation? #1735,"Location, area, amenities, market demand, comparable sales, infrastructure, and property condition influence valuation.",Property Valuation
What affects property valuation? #1736,"Location, area, amenities, market demand, comparable sales, infrastructure, and property condition influence valuation.",Property Valuation
What affects property valuation? #1737,"Location, area, amenities, market demand, comparable sales, infrastructure, and property condition influence valuation.",Property Valuation
What affects property valuation? #1738,"Location, area, amenities, market demand, comparable sales, infrastructure, and property condition influence valuation.",Property Valuation
What affects property valuation? #1739,"Location, area, amenities, market demand, comparable sales, infrastructure, and property condition influence valuation.",Property Valuation
What affects property valuation? #1740,"Location, area, amenities, market demand, comparable sales, infrastructure, and property condition influence valuation.",Property Valuation
What affects property valuation? #1741,"Location, area, amenities, market demand, comparable sales, infrastructure, and property condition influence valuation.",Property Valuation
What affects property valuation? #1742,"Location, area, amenities, market demand, comparable sales, infrastructure, and property condition influence valuation.",Property Valuation
What affects property valuation? #1743,"Location, area, amenities, market demand, comparable sales, infrastructure, and property condition influence valuation.",Property Valuation
What affects property valuation? #1744,"Location, area, amenities, market demand, comparable sales, infrastructure, and property condition influence valuation.",Property Valuation
What affects property valuation? #1745,"Location, area, amenities, market demand, comparable sales, infrastructure, and property condition influence valuation.",Property Valuation
What affects property valuation? #1746,"Location, area, amenities, market demand, comparable sales, infrastructure, and property condition influence valuation.",Property Valuation
What affects property valuation? #1747,"Location, area, amenities, market demand, comparable sales, infrastructure, and property condition influence valuation.",Property Valuation
What affects property valuation? #1748,"Location, area, amenities, market demand, comparable sales, infrastructure, and property condition influence valuation.",Property Valuation
What affects property valuation? #1749,"Location, area, amenities, market demand, comparable sales, infrastructure, and property condition influence valuation.",Property Valuation
What affects property valuation? #1750,"Location, area, amenities, market demand, comparable sales, infrastructure, and property condition influence valuation.",Property Valuation
What affects property valuation? #1751,"Location, area, amenities, market demand, comparable sales, infrastructure, and property condition influence valuation.",Property Valuation
What affects property valuation? #1752,"Location, area, amenities, market demand, comparable sales, infrastructure, and property condition influence valuation.",Property Valuation
What affects property valuation? #1753,"Location, area, amenities, market demand, comparable sales, infrastructure, and property condition influence valuation.",Property Valuation
What affects property valuation? #1754,"Location, area, amenities, market demand, comparable sales, infrastructure, and property condition influence valuation.",Property Valuation
What affects property valuation? #1755,"Location, area, amenities, market demand, comparable sales, infrastructure, and property condition influence valuation.",Property Valuation
What affects property valuation? #1756,"Location, area, amenities, market demand, comparable sales, infrastructure, and property condition influence valuation.",Property Valuation
What affects property valuation? #1757,"Location, area, amenities, market demand, comparable sales, infrastructure, and property condition influence valuation.",Property Valuation
What affects property valuation? #1758,"Location, area, amenities, market demand, comparable sales, infrastructure, and property condition influence valuation.",Property Valuation
What affects property valuation? #1759,"Location, area, amenities, market demand, comparable sales, infrastructure, and property condition influence valuation.",Property Valuation
What affects property valuation? #1760,"Location, area, amenities, market demand, comparable sales, infrastructure, and property condition influence valuation.",Property Valuation
What affects property valuation? #1761,"Location, area, amenities, market demand, comparable sales, infrastructure, and property condition influence valuation.",Property Valuation
What affects property valuation? #1762,"Location, area, amenities, market demand, comparable sales, infrastructure, and property condition influence valuation.",Property Valuation
What affects property valuation? #1763,"Location, area, amenities, market demand, comparable sales, infrastructure, and property condition influence valuation.",Property Valuation
What affects property valuation? #1764,"Location, area, amenities, market demand, comparable sales, infrastructure, and property condition influence valuation.",Property Valuation
What affects property valuation? #1765,"Location, area, amenities, market demand, comparable sales, infrastructure, and property condition influence valuation.",Property Valuation
What affects property valuation? #1766,"Location, area, amenities, market demand, comparable sales, infrastructure, and property condition influence valuation.",Property Valuation
What affects property valuation? #1767,"Location, area, amenities, market demand, comparable sales, infrastructure, and property condition influence valuation.",Property Valuation
What affects property valuation? #1768,"Location, area, amenities, market demand, comparable sales, infrastructure, and property condition influence valuation.",Property Valuation
What affects property valuation? #1769,"Location, area, amenities, market demand, comparable sales, infrastructure, and property condition influence valuation.",Property Valuation
What affects property valuation? #1770,"Location, area, amenities, market demand, comparable sales, infrastructure, and property condition influence valuation.",Property Valuation
What affects property valuation? #1771,"Location, area, amenities, market demand, comparable sales, infrastructure, and property condition influence valuation.",Property Valuation
What affects property valuation? #1772,"Location, area, amenities, market demand, comparable sales, infrastructure, and property condition influence valuation.",Property Valuation
What affects property valuation? #1773,"Location, area, amenities, market demand, comparable sales, infrastructure, and property condition influence valuation.",Property Valuation
What affects property valuation? #1774,"Location, area, amenities, market demand, comparable sales, infrastructure, and property condition influence valuation.",Property Valuation
What affects property valuation? #1775,"Location, area, amenities, market demand, comparable sales, infrastructure, and property condition influence valuation.",Property Valuation
What affects property valuation? #1776,"Location, area, amenities, market demand, comparable sales, infrastructure, and property condition influence valuation.",Property Valuation
What affects property valuation? #1777,"Location, area, amenities, market demand, comparable sales, infrastructure, and property condition influence valuation.",Property Valuation
What affects property valuation? #1778,"Location, area, amenities, market demand, comparable sales, infrastructure, and property condition influence valuation.",Property Valuation
What affects property valuation? #1779,"Location, area, amenities, market demand, comparable sales, infrastructure, and property condition influence valuation.",Property Valuation
What affects property valuation? #1780,"Location, area, amenities, market demand, comparable sales, infrastructure, and property condition influence valuation.",Property Valuation
What affects property valuation? #1781,"Location, area, amenities, market demand, comparable sales, infrastructure, and property condition influence valuation.",Property Valuation
What affects property valuation? #1782,"Location, area, amenities, market demand, comparable sales, infrastructure, and property condition influence valuation.",Property Valuation
What affects property valuation? #1783,"Location, area, amenities, market demand, comparable sales, infrastructure, and property condition influence valuation.",Property Valuation
What affects property valuation? #1784,"Location, area, amenities, market demand, comparable sales, infrastructure, and property condition influence valuation.",Property Valuation
What affects property valuation? #1785,"Location, area, amenities, market demand, comparable sales, infrastructure, and property condition influence valuation.",Property Valuation
What affects property valuation? #1786,"Location, area, amenities, market demand, comparable sales, infrastructure, and property condition influence valuation.",Property Valuation
What affects property valuation? #1787,"Location, area, amenities, market demand, comparable sales, infrastructure, and property condition influence valuation.",Property Valuation
What affects property valuation? #1788,"Location, area, amenities, market demand, comparable sales, infrastructure, and property condition influence valuation.",Property Valuation
What affects property valuation? #1789,"Location, area, amenities, market demand, comparable sales, infrastructure, and property condition influence valuation.",Property Valuation
What affects property valuation? #1790,"Location, area, amenities, market demand, comparable sales, infrastructure, and property condition influence valuation.",Property Valuation
What affects property valuation? #1791,"Location, area, amenities, market demand, comparable sales, infrastructure, and property condition influence valuation.",Property Valuation
What affects property valuation? #1792,"Location, area, amenities, market demand, comparable sales, infrastructure, and property condition influence valuation.",Property Valuation
What affects property valuation? #1793,"Location, area, amenities, market demand, comparable sales, infrastructure, and property condition influence valuation.",Property Valuation
What affects property valuation? #1794,"Location, area, amenities, market demand, comparable sales, infrastructure, and property condition influence valuation.",Property Valuation
What affects property valuation? #1795,"Location, area, amenities, market demand, comparable sales, infrastructure, and property condition influence valuation.",Property Valuation
What affects property valuation? #1796,"Location, area, amenities, market demand, comparable sales, infrastructure, and property condition influence valuation.",Property Valuation
What affects property valuation? #1797,"Location, area, amenities, market demand, comparable sales, infrastructure, and property condition influence valuation.",Property Valuation
What affects property valuation? #1798,"Location, area, amenities, market demand, comparable sales, infrastructure, and property condition influence valuation.",Property Valuation
What affects property valuation? #1799,"Location, area, amenities, market demand, comparable sales, infrastructure, and property condition influence valuation.",Property Valuation
What affects property valuation? #1800,"Location, area, amenities, market demand, comparable sales, infrastructure, and property condition influence valuation.",Property Valuation
What affects property valuation? #1801,"Location, area, amenities, market demand, comparable sales, infrastructure, and property condition influence valuation.",Property Valuation
What affects property valuation? #1802,"Location, area, amenities, market demand, comparable sales, infrastructure, and property condition influence valuation.",Property Valuation
What affects property valuation? #1803,"Location, area, amenities, market demand, comparable sales, infrastructure, and property condition influence valuation.",Property Valuation
What affects property valuation? #1804,"Location, area, amenities, market demand, comparable sales, infrastructure, and property condition influence valuation.",Property Valuation
What affects property valuation? #1805,"Location, area, amenities, market demand, comparable sales, infrastructure, and property condition influence valuation.",Property Valuation
What affects property valuation? #1806,"Location, area, amenities, market demand, comparable sales, infrastructure, and property condition influence valuation.",Property Valuation
What affects property valuation? #1807,"Location, area, amenities, market demand, comparable sales, infrastructure, and property condition influence valuation.",Property Valuation
What affects property valuation? #1808,"Location, area, amenities, market demand, comparable sales, infrastructure, and property condition influence valuation.",Property Valuation
What affects property valuation? #1809,"Location, area, amenities, market demand, comparable sales, infrastructure, and property condition influence valuation.",Property Valuation
What affects property valuation? #1810,"Location, area, amenities, market demand, comparable sales, infrastructure, and property condition influence valuation.",Property Valuation
What affects property valuation? #1811,"Location, area, amenities, market demand, comparable sales, infrastructure, and property condition influence valuation.",Property Valuation
What affects property valuation? #1812,"Location, area, amenities, market demand, comparable sales, infrastructure, and property condition influence valuation.",Property Valuation
What affects property valuation? #1813,"Location, area, amenities, market demand, comparable sales, infrastructure, and property condition influence valuation.",Property Valuation
What affects property valuation? #1814,"Location, area, amenities, market demand, comparable sales, infrastructure, and property condition influence valuation.",Property Valuation
What affects property valuation? #1815,"Location, area, amenities, market demand, comparable sales, infrastructure, and property condition influence valuation.",Property Valuation
What affects property valuation? #1816,"Location, area, amenities, market demand, comparable sales, infrastructure, and property condition influence valuation.",Property Valuation
What affects property valuation? #1817,"Location, area, amenities, market demand, comparable sales, infrastructure, and property condition influence valuation.",Property Valuation
What affects property valuation? #1818,"Location, area, amenities, market demand, comparable sales, infrastructure, and property condition influence valuation.",Property Valuation
What affects property valuation? #1819,"Location, area, amenities, market demand, comparable sales, infrastructure, and property condition influence valuation.",Property Valuation
What affects property valuation? #1820,"Location, area, amenities, market demand, comparable sales, infrastructure, and property condition influence valuation.",Property Valuation
What affects property valuation? #1821,"Location, area, amenities, market demand, comparable sales, infrastructure, and property condition influence valuation.",Property Valuation
What affects property valuation? #1822,"Location, area, amenities, market demand, comparable sales, infrastructure, and property condition influence valuation.",Property Valuation
What affects property valuation? #1823,"Location, area, amenities, market demand, comparable sales, infrastructure, and property condition influence valuation.",Property Valuation
What affects property valuation? #1824,"Location, area, amenities, market demand, comparable sales, infrastructure, and property condition influence valuation.",Property Valuation
What affects property valuation? #1825,"Location, area, amenities, market demand, comparable sales, infrastructure, and property condition influence valuation.",Property Valuation
What affects property valuation? #1826,"Location, area, amenities, market demand, comparable sales, infrastructure, and property condition influence valuation.",Property Valuation
What affects property valuation? #1827,"Location, area, amenities, market demand, comparable sales, infrastructure, and property condition influence valuation.",Property Valuation
What affects property valuation? #1828,"Location, area, amenities, market demand, comparable sales, infrastructure, and property condition influence valuation.",Property Valuation
What affects property valuation? #1829,"Location, area, amenities, market demand, comparable sales, infrastructure, and property condition influence valuation.",Property Valuation
What affects property valuation? #1830,"Location, area, amenities, market demand, comparable sales, infrastructure, and property condition influence valuation.",Property Valuation
What affects property valuation? #1831,"Location, area, amenities, market demand, comparable sales, infrastructure, and property condition influence valuation.",Property Valuation
What affects property valuation? #1832,"Location, area, amenities, market demand, comparable sales, infrastructure, and property condition influence valuation.",Property Valuation
What affects property valuation? #1833,"Location, area, amenities, market demand, comparable sales, infrastructure, and property condition influence valuation.",Property Valuation
What affects property valuation? #1834,"Location, area, amenities, market demand, comparable sales, infrastructure, and property condition influence valuation.",Property Valuation
What affects property valuation? #1835,"Location, area, amenities, market demand, comparable sales, infrastructure, and property condition influence valuation.",Property Valuation
What affects property valuation? #1836,"Location, area, amenities, market demand, comparable sales, infrastructure, and property condition influence valuation.",Property Valuation
What affects property valuation? #1837,"Location, area, amenities, market demand, comparable sales, infrastructure, and property condition influence valuation.",Property Valuation
What affects property valuation? #1838,"Location, area, amenities, market demand, comparable sales, infrastructure, and property condition influence valuation.",Property Valuation
What affects property valuation? #1839,"Location, area, amenities, market demand, comparable sales, infrastructure, and property condition influence valuation.",Property Valuation
What affects property valuation? #1840,"Location, area, amenities, market demand, comparable sales, infrastructure, and property condition influence valuation.",Property Valuation
What affects property valuation? #1841,"Location, area, amenities, market demand, comparable sales, infrastructure, and property condition influence valuation.",Property Valuation
What affects property valuation? #1842,"Location, area, amenities, market demand, comparable sales, infrastructure, and property condition influence valuation.",Property Valuation
What affects property valuation? #1843,"Location, area, amenities, market demand, comparable sales, infrastructure, and property condition influence valuation.",Property Valuation
What affects property valuation? #1844,"Location, area, amenities, market demand, comparable sales, infrastructure, and property condition influence valuation.",Property Valuation
What affects property valuation? #1845,"Location, area, amenities, market demand, comparable sales, infrastructure, and property condition influence valuation.",Property Valuation
What affects property valuation? #1846,"Location, area, amenities, market demand, comparable sales, infrastructure, and property condition influence valuation.",Property Valuation
What affects property valuation? #1847,"Location, area, amenities, market demand, comparable sales, infrastructure, and property condition influence valuation.",Property Valuation
What affects property valuation? #1848,"Location, area, amenities, market demand, comparable sales, infrastructure, and property condition influence valuation.",Property Valuation
What affects property valuation? #1849,"Location, area, amenities, market demand, comparable sales, infrastructure, and property condition influence valuation.",Property Valuation
What affects property valuation? #1850,"Location, area, amenities, market demand, comparable sales, infrastructure, and property condition influence valuation.",Property Valuation
What affects property valuation? #1851,"Location, area, amenities, market demand, comparable sales, infrastructure, and property condition influence valuation.",Property Valuation
What affects property valuation? #1852,"Location, area, amenities, market demand, comparable sales, infrastructure, and property condition influence valuation.",Property Valuation
What affects property valuation? #1853,"Location, area, amenities, market demand, comparable sales, infrastructure, and property condition influence valuation.",Property Valuation
What affects property valuation? #1854,"Location, area, amenities, market demand, comparable sales, infrastructure, and property condition influence valuation.",Property Valuation
What affects property valuation? #1855,"Location, area, amenities, market demand, comparable sales, infrastructure, and property condition influence valuation.",Property Valuation
What affects property valuation? #1856,"Location, area, amenities, market demand, comparable sales, infrastructure, and property condition influence valuation.",Property Valuation
What affects property valuation? #1857,"Location, area, amenities, market demand, comparable sales, infrastructure, and property condition influence valuation.",Property Valuation
What affects property valuation? #1858,"Location, area, amenities, market demand, comparable sales, infrastructure, and property condition influence valuation.",Property Valuation
What affects property valuation? #1859,"Location, area, amenities, market demand, comparable sales, infrastructure, and property condition influence valuation.",Property Valuation
What affects property valuation? #1860,"Location, area, amenities, market demand, comparable sales, infrastructure, and property condition influence valuation.",Property Valuation
What affects property valuation? #1861,"Location, area, amenities, market demand, comparable sales, infrastructure, and property condition influence valuation.",Property Valuation
What affects property valuation? #1862,"Location, area, amenities, market demand, comparable sales, infrastructure, and property condition influence valuation.",Property Valuation
What affects property valuation? #1863,"Location, area, amenities, market demand, comparable sales, infrastructure, and property condition influence valuation.",Property Valuation
What affects property valuation? #1864,"Location, area, amenities, market demand, comparable sales, infrastructure, and property condition influence valuation.",Property Valuation
What affects property valuation? #1865,"Location, area, amenities, market demand, comparable sales, infrastructure, and property condition influence valuation.",Property Valuation
What affects property valuation? #1866,"Location, area, amenities, market demand, comparable sales, infrastructure, and property condition influence valuation.",Property Valuation
What affects property valuation? #1867,"Location, area, amenities, market demand, comparable sales, infrastructure, and property condition influence valuation.",Property Valuation
What affects property valuation? #1868,"Location, area, amenities, market demand, comparable sales, infrastructure, and property condition influence valuation.",Property Valuation
What affects property valuation? #1869,"Location, area, amenities, market demand, comparable sales, infrastructure, and property condition influence valuation.",Property Valuation
What affects property valuation? #1870,"Location, area, amenities, market demand, comparable sales, infrastructure, and property condition influence valuation.",Property Valuation
What affects property valuation? #1871,"Location, area, amenities, market demand, comparable sales, infrastructure, and property condition influence valuation.",Property Valuation
What affects property valuation? #1872,"Location, area, amenities, market demand, comparable sales, infrastructure, and property condition influence valuation.",Property Valuation
What affects property valuation? #1873,"Location, area, amenities, market demand, comparable sales, infrastructure, and property condition influence valuation.",Property Valuation
What affects property valuation? #1874,"Location, area, amenities, market demand, comparable sales, infrastructure, and property condition influence valuation.",Property Valuation
What affects property valuation? #1875,"Location, area, amenities, market demand, comparable sales, infrastructure, and property condition influence valuation.",Property Valuation
What affects property valuation? #1876,"Location, area, amenities, market demand, comparable sales, infrastructure, and property condition influence valuation.",Property Valuation
What affects property valuation? #1877,"Location, area, amenities, market demand, comparable sales, infrastructure, and property condition influence valuation.",Property Valuation
What affects property valuation? #1878,"Location, area, amenities, market demand, comparable sales, infrastructure, and property condition influence valuation.",Property Valuation
What affects property valuation? #1879,"Location, area, amenities, market demand, comparable sales, infrastructure, and property condition influence valuation.",Property Valuation
What affects property valuation? #1880,"Location, area, amenities, market demand, comparable sales, infrastructure, and property condition influence valuation.",Property Valuation
What affects property valuation? #1881,"Location, area, amenities, market demand, comparable sales, infrastructure, and property condition influence valuation.",Property Valuation
What affects property valuation? #1882,"Location, area, amenities, market demand, comparable sales, infrastructure, and property condition influence valuation.",Property Valuation
What affects property valuation? #1883,"Location, area, amenities, market demand, comparable sales, infrastructure, and property condition influence valuation.",Property Valuation
What affects property valuation? #1884,"Location, area, amenities, market demand, comparable sales, infrastructure, and property condition influence valuation.",Property Valuation
What affects property valuation? #1885,"Location, area, amenities, market demand, comparable sales, infrastructure, and property condition influence valuation.",Property Valuation
What affects property valuation? #1886,"Location, area, amenities, market demand, comparable sales, infrastructure, and property condition influence valuation.",Property Valuation
What affects property valuation? #1887,"Location, area, amenities, market demand, comparable sales, infrastructure, and property condition influence valuation.",Property Valuation
What affects property valuation? #1888,"Location, area, amenities, market demand, comparable sales, infrastructure, and property condition influence valuation.",Property Valuation
What affects property valuation? #1889,"Location, area, amenities, market demand, comparable sales, infrastructure, and property condition influence valuation.",Property Valuation
What affects property valuation? #1890,"Location, area, amenities, market demand, comparable sales, infrastructure, and property condition influence valuation.",Property Valuation
What affects property valuation? #1891,"Location, area, amenities, market demand, comparable sales, infrastructure, and property condition influence valuation.",Property Valuation
What affects property valuation? #1892,"Location, area, amenities, market demand, comparable sales, infrastructure, and property condition influence valuation.",Property Valuation
What affects property valuation? #1893,"Location, area, amenities, market demand, comparable sales, infrastructure, and property condition influence valuation.",Property Valuation
What affects property valuation? #1894,"Location, area, amenities, market demand, comparable sales, infrastructure, and property condition influence valuation.",Property Valuation
What affects property valuation? #1895,"Location, area, amenities, market demand, comparable sales, infrastructure, and property condition influence valuation.",Property Valuation
What affects property valuation? #1896,"Location, area, amenities, market demand, comparable sales, infrastructure, and property condition influence valuation.",Property Valuation
What affects property valuation? #1897,"Location, area, amenities, market demand, comparable sales, infrastructure, and property condition influence valuation.",Property Valuation
What affects property valuation? #1898,"Location, area, amenities, market demand, comparable sales, infrastructure, and property condition influence valuation.",Property Valuation
What affects property valuation? #1899,"Location, area, amenities, market demand, comparable sales, infrastructure, and property condition influence valuation.",Property Valuation
What affects property valuation? #1900,"Location, area, amenities, market demand, comparable sales, infrastructure, and property condition influence valuation.",Property Valuation
What affects property valuation? #1901,"Location, area, amenities, market demand, comparable sales, infrastructure, and property condition influence valuation.",Property Valuation
What affects property valuation? #1902,"Location, area, amenities, market demand, comparable sales, infrastructure, and property condition influence valuation.",Property Valuation
What affects property valuation? #1903,"Location, area, amenities, market demand, comparable sales, infrastructure, and property condition influence valuation.",Property Valuation
What affects property valuation? #1904,"Location, area, amenities, market demand, comparable sales, infrastructure, and property condition influence valuation.",Property Valuation
What affects property valuation? #1905,"Location, area, amenities, market demand, comparable sales, infrastructure, and property condition influence valuation.",Property Valuation
What affects property valuation? #1906,"Location, area, amenities, market demand, comparable sales, infrastructure, and property condition influence valuation.",Property Valuation
What affects property valuation? #1907,"Location, area, amenities, market demand, comparable sales, infrastructure, and property condition influence valuation.",Property Valuation
What affects property valuation? #1908,"Location, area, amenities, market demand, comparable sales, infrastructure, and property condition influence valuation.",Property Valuation
What affects property valuation? #1909,"Location, area, amenities, market demand, comparable sales, infrastructure, and property condition influence valuation.",Property Valuation
What affects property valuation? #1910,"Location, area, amenities, market demand, comparable sales, infrastructure, and property condition influence valuation.",Property Valuation
What affects property valuation? #1911,"Location, area, amenities, market demand, comparable sales, infrastructure, and property condition influence valuation.",Property Valuation
What affects property valuation? #1912,"Location, area, amenities, market demand, comparable sales, infrastructure, and property condition influence valuation.",Property Valuation
What affects property valuation? #1913,"Location, area, amenities, market demand, comparable sales, infrastructure, and property condition influence valuation.",Property Valuation
What affects property valuation? #1914,"Location, area, amenities, market demand, comparable sales, infrastructure, and property condition influence valuation.",Property Valuation
What affects property valuation? #1915,"Location, area, amenities, market demand, comparable sales, infrastructure, and property condition influence valuation.",Property Valuation
What affects property valuation? #1916,"Location, area, amenities, market demand, comparable sales, infrastructure, and property condition influence valuation.",Property Valuation
What affects property valuation? #1917,"Location, area, amenities, market demand, comparable sales, infrastructure, and property condition influence valuation.",Property Valuation
What affects property valuation? #1918,"Location, area, amenities, market demand, comparable sales, infrastructure, and property condition influence valuation.",Property Valuation
What affects property valuation? #1919,"Location, area, amenities, market demand, comparable sales, infrastructure, and property condition influence valuation.",Property Valuation
What affects property valuation? #1920,"Location, area, amenities, market demand, comparable sales, infrastructure, and property condition influence valuation.",Property Valuation
What affects property valuation? #1921,"Location, area, amenities, market demand, comparable sales, infrastructure, and property condition influence valuation.",Property Valuation
What affects property valuation? #1922,"Location, area, amenities, market demand, comparable sales, infrastructure, and property condition influence valuation.",Property Valuation
What affects property valuation? #1923,"Location, area, amenities, market demand, comparable sales, infrastructure, and property condition influence valuation.",Property Valuation
What affects property valuation? #1924,"Location, area, amenities, market demand, comparable sales, infrastructure, and property condition influence valuation.",Property Valuation
What affects property valuation? #1925,"Location, area, amenities, market demand, comparable sales, infrastructure, and property condition influence valuation.",Property Valuation
What affects property valuation? #1926,"Location, area, amenities, market demand, comparable sales, infrastructure, and property condition influence valuation.",Property Valuation
What affects property valuation? #1927,"Location, area, amenities, market demand, comparable sales, infrastructure, and property condition influence valuation.",Property Valuation
What affects property valuation? #1928,"Location, area, amenities, market demand, comparable sales, infrastructure, and property condition influence valuation.",Property Valuation
What affects property valuation? #1929,"Location, area, amenities, market demand, comparable sales, infrastructure, and property condition influence valuation.",Property Valuation
What affects property valuation? #1930,"Location, area, amenities, market demand, comparable sales, infrastructure, and property condition influence valuation.",Property Valuation
What affects property valuation? #1931,"Location, area, amenities, market demand, comparable sales, infrastructure, and property condition influence valuation.",Property Valuation
What affects property valuation? #1932,"Location, area, amenities, market demand, comparable sales, infrastructure, and property condition influence valuation.",Property Valuation
What affects property valuation? #1933,"Location, area, amenities, market demand, comparable sales, infrastructure, and property condition influence valuation.",Property Valuation
What affects property valuation? #1934,"Location, area, amenities, market demand, comparable sales, infrastructure, and property condition influence valuation.",Property Valuation
What affects property valuation? #1935,"Location, area, amenities, market demand, comparable sales, infrastructure, and property condition influence valuation.",Property Valuation
What affects property valuation? #1936,"Location, area, amenities, market demand, comparable sales, infrastructure, and property condition influence valuation.",Property Valuation
What affects property valuation? #1937,"Location, area, amenities, market demand, comparable sales, infrastructure, and property condition influence valuation.",Property Valuation
What affects property valuation? #1938,"Location, area, amenities, market demand, comparable sales, infrastructure, and property condition influence valuation.",Property Valuation
What affects property valuation? #1939,"Location, area, amenities, market demand, comparable sales, infrastructure, and property condition influence valuation.",Property Valuation
What affects property valuation? #1940,"Location, area, amenities, market demand, comparable sales, infrastructure, and property condition influence valuation.",Property Valuation
What affects property valuation? #1941,"Location, area, amenities, market demand, comparable sales, infrastructure, and property condition influence valuation.",Property Valuation
What affects property valuation? #1942,"Location, area, amenities, market demand, comparable sales, infrastructure, and property condition influence valuation.",Property Valuation
What affects property valuation? #1943,"Location, area, amenities, market demand, comparable sales, infrastructure, and property condition influence valuation.",Property Valuation
What affects property valuation? #1944,"Location, area, amenities, market demand, comparable sales, infrastructure, and property condition influence valuation.",Property Valuation
What affects property valuation? #1945,"Location, area, amenities, market demand, comparable sales, infrastructure, and property condition influence valuation.",Property Valuation
What affects property valuation? #1946,"Location, area, amenities, market demand, comparable sales, infrastructure, and property condition influence valuation.",Property Valuation
What affects property valuation? #1947,"Location, area, amenities, market demand, comparable sales, infrastructure, and property condition influence valuation.",Property Valuation
What affects property valuation? #1948,"Location, area, amenities, market demand, comparable sales, infrastructure, and property condition influence valuation.",Property Valuation
What affects property valuation? #1949,"Location, area, amenities, market demand, comparable sales, infrastructure, and property condition influence valuation.",Property Valuation
What affects property valuation? #1950,"Location, area, amenities, market demand, comparable sales, infrastructure, and property condition influence valuation.",Property Valuation
What affects property valuation? #1951,"Location, area, amenities, market demand, comparable sales, infrastructure, and property condition influence valuation.",Property Valuation
What affects property valuation? #1952,"Location, area, amenities, market demand, comparable sales, infrastructure, and property condition influence valuation.",Property Valuation
What affects property valuation? #1953,"Location, area, amenities, market demand, comparable sales, infrastructure, and property condition influence valuation.",Property Valuation
What affects property valuation? #1954,"Location, area, amenities, market demand, comparable sales, infrastructure, and property condition influence valuation.",Property Valuation
What affects property valuation? #1955,"Location, area, amenities, market demand, comparable sales, infrastructure, and property condition influence valuation.",Property Valuation
What affects property valuation? #1956,"Location, area, amenities, market demand, comparable sales, infrastructure, and property condition influence valuation.",Property Valuation
What affects property valuation? #1957,"Location, area, amenities, market demand, comparable sales, infrastructure, and property condition influence valuation.",Property Valuation
What affects property valuation? #1958,"Location, area, amenities, market demand, comparable sales, infrastructure, and property condition influence valuation.",Property Valuation
What affects property valuation? #1959,"Location, area, amenities, market demand, comparable sales, infrastructure, and property condition influence valuation.",Property Valuation
What affects property valuation? #1960,"Location, area, amenities, market demand, comparable sales, infrastructure, and property condition influence valuation.",Property Valuation
What affects property valuation? #1961,"Location, area, amenities, market demand, comparable sales, infrastructure, and property condition influence valuation.",Property Valuation
What affects property valuation? #1962,"Location, area, amenities, market demand, comparable sales, infrastructure, and property condition influence valuation.",Property Valuation
What affects property valuation? #1963,"Location, area, amenities, market demand, comparable sales, infrastructure, and property condition influence valuation.",Property Valuation
What affects property valuation? #1964,"Location, area, amenities, market demand, comparable sales, infrastructure, and property condition influence valuation.",Property Valuation
What affects property valuation? #1965,"Location, area, amenities, market demand, comparable sales, infrastructure, and property condition influence valuation.",Property Valuation
What affects property valuation? #1966,"Location, area, amenities, market demand, comparable sales, infrastructure, and property condition influence valuation.",Property Valuation
What affects property valuation? #1967,"Location, area, amenities, market demand, comparable sales, infrastructure, and property condition influence valuation.",Property Valuation
What affects property valuation? #1968,"Location, area, amenities, market demand, comparable sales, infrastructure, and property condition influence valuation.",Property Valuation
What affects property valuation? #1969,"Location, area, amenities, market demand, comparable sales, infrastructure, and property condition influence valuation.",Property Valuation
What affects property valuation? #1970,"Location, area, amenities, market demand, comparable sales, infrastructure, and property condition influence valuation.",Property Valuation
What affects property valuation? #1971,"Location, area, amenities, market demand, comparable sales, infrastructure, and property condition influence valuation.",Property Valuation
What affects property valuation? #1972,"Location, area, amenities, market demand, comparable sales, infrastructure, and property condition influence valuation.",Property Valuation
What affects property valuation? #1973,"Location, area, amenities, market demand, comparable sales, infrastructure, and property condition influence valuation.",Property Valuation
What affects property valuation? #1974,"Location, area, amenities, market demand, comparable sales, infrastructure, and property condition influence valuation.",Property Valuation
What affects property valuation? #1975,"Location, area, amenities, market demand, comparable sales, infrastructure, and property condition influence valuation.",Property Valuation
What affects property valuation? #1976,"Location, area, amenities, market demand, comparable sales, infrastructure, and property condition influence valuation.",Property Valuation
What affects property valuation? #1977,"Location, area, amenities, market demand, comparable sales, infrastructure, and property condition influence valuation.",Property Valuation
What affects property valuation? #1978,"Location, area, amenities, market demand, comparable sales, infrastructure, and property condition influence valuation.",Property Valuation
What affects property valuation? #1979,"Location, area, amenities, market demand, comparable sales, infrastructure, and property condition influence valuation.",Property Valuation
What affects property valuation? #1980,"Location, area, amenities, market demand, comparable sales, infrastructure, and property condition influence valuation.",Property Valuation
What affects property valuation? #1981,"Location, area, amenities, market demand, comparable sales, infrastructure, and property condition influence valuation.",Property Valuation
What affects property valuation? #1982,"Location, area, amenities, market demand, comparable sales, infrastructure, and property condition influence valuation.",Property Valuation
What affects property valuation? #1983,"Location, area, amenities, market demand, comparable sales, infrastructure, and property condition influence valuation.",Property Valuation
What affects property valuation? #1984,"Location, area, amenities, market demand, comparable sales, infrastructure, and property condition influence valuation.",Property Valuation
What affects property valuation? #1985,"Location, area, amenities, market demand, comparable sales, infrastructure, and property condition influence valuation.",Property Valuation
What affects property valuation? #1986,"Location, area, amenities, market demand, comparable sales, infrastructure, and property condition influence valuation.",Property Valuation
What affects property valuation? #1987,"Location, area, amenities, market demand, comparable sales, infrastructure, and property condition influence valuation.",Property Valuation
What affects property valuation? #1988,"Location, area, amenities, market demand, comparable sales, infrastructure, and property condition influence valuation.",Property Valuation
What affects property valuation? #1989,"Location, area, amenities, market demand, comparable sales, infrastructure, and property condition influence valuation.",Property Valuation
What affects property valuation? #1990,"Location, area, amenities, market demand, comparable sales, infrastructure, and property condition influence valuation.",Property Valuation
What affects property valuation? #1991,"Location, area, amenities, market demand, comparable sales, infrastructure, and property condition influence valuation.",Property Valuation
What affects property valuation? #1992,"Location, area, amenities, market demand, comparable sales, infrastructure, and property condition influence valuation.",Property Valuation
What affects property valuation? #1993,"Location, area, amenities, market demand, comparable sales, infrastructure, and property condition influence valuation.",Property Valuation
What affects property valuation? #1994,"Location, area, amenities, market demand, comparable sales, infrastructure, and property condition influence valuation.",Property Valuation
What affects property valuation? #1995,"Location, area, amenities, market demand, comparable sales, infrastructure, and property condition influence valuation.",Property Valuation
What affects property valuation? #1996,"Location, area, amenities, market demand, comparable sales, infrastructure, and property condition influence valuation.",Property Valuation
What affects property valuation? #1997,"Location, area, amenities, market demand, comparable sales, infrastructure, and property condition influence valuation.",Property Valuation
What affects property valuation? #1998,"Location, area, amenities, market demand, comparable sales, infrastructure, and property condition influence valuation.",Property Valuation
What affects property valuation? #1999,"Location, area, amenities, market demand, comparable sales, infrastructure, and property condition influence valuation.",Property Valuation
What affects property valuation? #2000,"Location, area, amenities, market demand, comparable sales, infrastructure, and property condition influence valuation.",Property Valuation
What affects property valuation? #2001,"Location, area, amenities, market demand, comparable sales, infrastructure, and property condition influence valuation.",Property Valuation
What affects property valuation? #2002,"Location, area, amenities, market demand, comparable sales, infrastructure, and property condition influence valuation.",Property Valuation
What affects property valuation? #2003,"Location, area, amenities, market demand, comparable sales, infrastructure, and property condition influence valuation.",Property Valuation
What affects property valuation? #2004,"Location, area, amenities, market demand, comparable sales, infrastructure, and property condition influence valuation.",Property Valuation
What affects property valuation? #2005,"Location, area, amenities, market demand, comparable sales, infrastructure, and property condition influence valuation.",Property Valuation
What affects property valuation? #2006,"Location, area, amenities, market demand, comparable sales, infrastructure, and property condition influence valuation.",Property Valuation
What affects property valuation? #2007,"Location, area, amenities, market demand, comparable sales, infrastructure, and property condition influence valuation.",Property Valuation
What affects property valuation? #2008,"Location, area, amenities, market demand, comparable sales, infrastructure, and property condition influence valuation.",Property Valuation
What affects property valuation? #2009,"Location, area, amenities, market demand, comparable sales, infrastructure, and property condition influence valuation.",Property Valuation
What affects property valuation? #2010,"Location, area, amenities, market demand, comparable sales, infrastructure, and property condition influence valuation.",Property Valuation
What affects property valuation? #2011,"Location, area, amenities, market demand, comparable sales, infrastructure, and property condition influence valuation.",Property Valuation
What affects property valuation? #2012,"Location, area, amenities, market demand, comparable sales, infrastructure, and property condition influence valuation.",Property Valuation
What affects property valuation? #2013,"Location, area, amenities, market demand, comparable sales, infrastructure, and property condition influence valuation.",Property Valuation
What affects property valuation? #2014,"Location, area, amenities, market demand, comparable sales, infrastructure, and property condition influence valuation.",Property Valuation
What affects property valuation? #2015,"Location, area, amenities, market demand, comparable sales, infrastructure, and property condition influence valuation.",Property Valuation
What affects property valuation? #2016,"Location, area, amenities, market demand, comparable sales, infrastructure, and property condition influence valuation.",Property Valuation
What affects property valuation? #2017,"Location, area, amenities, market demand, comparable sales, infrastructure, and property condition influence valuation.",Property Valuation
What affects property valuation? #2018,"Location, area, amenities, market demand, comparable sales, infrastructure, and property condition influence valuation.",Property Valuation
What affects property valuation? #2019,"Location, area, amenities, market demand, comparable sales, infrastructure, and property condition influence valuation.",Property Valuation
What affects property valuation? #2020,"Location, area, amenities, market demand, comparable sales, infrastructure, and property condition influence valuation.",Property Valuation
What affects property valuation? #2021,"Location, area, amenities, market demand, comparable sales, infrastructure, and property condition influence valuation.",Property Valuation
What affects property valuation? #2022,"Location, area, amenities, market demand, comparable sales, infrastructure, and property condition influence valuation.",Property Valuation
What affects property valuation? #2023,"Location, area, amenities, market demand, comparable sales, infrastructure, and property condition influence valuation.",Property Valuation
What affects property valuation? #2024,"Location, area, amenities, market demand, comparable sales, infrastructure, and property condition influence valuation.",Property Valuation
What affects property valuation? #2025,"Location, area, amenities, market demand, comparable sales, infrastructure, and property condition influence valuation.",Property Valuation
What affects property valuation? #2026,"Location, area, amenities, market demand, comparable sales, infrastructure, and property condition influence valuation.",Property Valuation
What affects property valuation? #2027,"Location, area, amenities, market demand, comparable sales, infrastructure, and property condition influence valuation.",Property Valuation
What affects property valuation? #2028,"Location, area, amenities, market demand, comparable sales, infrastructure, and property condition influence valuation.",Property Valuation
What affects property valuation? #2029,"Location, area, amenities, market demand, comparable sales, infrastructure, and property condition influence valuation.",Property Valuation
What affects property valuation? #2030,"Location, area, amenities, market demand, comparable sales, infrastructure, and property condition influence valuation.",Property Valuation
What affects property valuation? #2031,"Location, area, amenities, market demand, comparable sales, infrastructure, and property condition influence valuation.",Property Valuation
What affects property valuation? #2032,"Location, area, amenities, market demand, comparable sales, infrastructure, and property condition influence valuation.",Property Valuation
What affects property valuation? #2033,"Location, area, amenities, market demand, comparable sales, infrastructure, and property condition influence valuation.",Property Valuation
What affects property valuation? #2034,"Location, area, amenities, market demand, comparable sales, infrastructure, and property condition influence valuation.",Property Valuation
What affects property valuation? #2035,"Location, area, amenities, market demand, comparable sales, infrastructure, and property condition influence valuation.",Property Valuation
What affects property valuation? #2036,"Location, area, amenities, market demand, comparable sales, infrastructure, and property condition influence valuation.",Property Valuation
What affects property valuation? #2037,"Location, area, amenities, market demand, comparable sales, infrastructure, and property condition influence valuation.",Property Valuation
What affects property valuation? #2038,"Location, area, amenities, market demand, comparable sales, infrastructure, and property condition influence valuation.",Property Valuation
What affects property valuation? #2039,"Location, area, amenities, market demand, comparable sales, infrastructure, and property condition influence valuation.",Property Valuation
What affects property valuation? #2040,"Location, area, amenities, market demand, comparable sales, infrastructure, and property condition influence valuation.",Property Valuation
What affects property valuation? #2041,"Location, area, amenities, market demand, comparable sales, infrastructure, and property condition influence valuation.",Property Valuation
What affects property valuation? #2042,"Location, area, amenities, market demand, comparable sales, infrastructure, and property condition influence valuation.",Property Valuation
What affects property valuation? #2043,"Location, area, amenities, market demand, comparable sales, infrastructure, and property condition influence valuation.",Property Valuation
What affects property valuation? #2044,"Location, area, amenities, market demand, comparable sales, infrastructure, and property condition influence valuation.",Property Valuation
What affects property valuation? #2045,"Location, area, amenities, market demand, comparable sales, infrastructure, and property condition influence valuation.",Property Valuation
What affects property valuation? #2046,"Location, area, amenities, market demand, comparable sales, infrastructure, and property condition influence valuation.",Property Valuation
What affects property valuation? #2047,"Location, area, amenities, market demand, comparable sales, infrastructure, and property condition influence valuation.",Property Valuation
What affects property valuation? #2048,"Location, area, amenities, market demand, comparable sales, infrastructure, and property condition influence valuation.",Property Valuation
What affects property valuation? #2049,"Location, area, amenities, market demand, comparable sales, infrastructure, and property condition influence valuation.",Property Valuation
What affects property valuation? #2050,"Location, area, amenities, market demand, comparable sales, infrastructure, and property condition influence valuation.",Property Valuation
What affects property valuation? #2051,"Location, area, amenities, market demand, comparable sales, infrastructure, and property condition influence valuation.",Property Valuation
What affects property valuation? #2052,"Location, area, amenities, market demand, comparable sales, infrastructure, and property condition influence valuation.",Property Valuation
What affects property valuation? #2053,"Location, area, amenities, market demand, comparable sales, infrastructure, and property condition influence valuation.",Property Valuation
What affects property valuation? #2054,"Location, area, amenities, market demand, comparable sales, infrastructure, and property condition influence valuation.",Property Valuation
What affects property valuation? #2055,"Location, area, amenities, market demand, comparable sales, infrastructure, and property condition influence valuation.",Property Valuation
What affects property valuation? #2056,"Location, area, amenities, market demand, comparable sales, infrastructure, and property condition influence valuation.",Property Valuation
What affects property valuation? #2057,"Location, area, amenities, market demand, comparable sales, infrastructure, and property condition influence valuation.",Property Valuation
What affects property valuation? #2058,"Location, area, amenities, market demand, comparable sales, infrastructure, and property condition influence valuation.",Property Valuation
What affects property valuation? #2059,"Location, area, amenities, market demand, comparable sales, infrastructure, and property condition influence valuation.",Property Valuation
What affects property valuation? #2060,"Location, area, amenities, market demand, comparable sales, infrastructure, and property condition influence valuation.",Property Valuation
What affects property valuation? #2061,"Location, area, amenities, market demand, comparable sales, infrastructure, and property condition influence valuation.",Property Valuation
What affects property valuation? #2062,"Location, area, amenities, market demand, comparable sales, infrastructure, and property condition influence valuation.",Property Valuation
What affects property valuation? #2063,"Location, area, amenities, market demand, comparable sales, infrastructure, and property condition influence valuation.",Property Valuation
What affects property valuation? #2064,"Location, area, amenities, market demand, comparable sales, infrastructure, and property condition influence valuation.",Property Valuation
What affects property valuation? #2065,"Location, area, amenities, market demand, comparable sales, infrastructure, and property condition influence valuation.",Property Valuation
What affects property valuation? #2066,"Location, area, amenities, market demand, comparable sales, infrastructure, and property condition influence valuation.",Property Valuation
What affects property valuation? #2067,"Location, area, amenities, market demand, comparable sales, infrastructure, and property condition influence valuation.",Property Valuation
What affects property valuation? #2068,"Location, area, amenities, market demand, comparable sales, infrastructure, and property condition influence valuation.",Property Valuation
What affects property valuation? #2069,"Location, area, amenities, market demand, comparable sales, infrastructure, and property condition influence valuation.",Property Valuation
What affects property valuation? #2070,"Location, area, amenities, market demand, comparable sales, infrastructure, and property condition influence valuation.",Property Valuation
What affects property valuation? #2071,"Location, area, amenities, market demand, comparable sales, infrastructure, and property condition influence valuation.",Property Valuation
What affects property valuation? #2072,"Location, area, amenities, market demand, comparable sales, infrastructure, and property condition influence valuation.",Property Valuation
What affects property valuation? #2073,"Location, area, amenities, market demand, comparable sales, infrastructure, and property condition influence valuation.",Property Valuation
What affects property valuation? #2074,"Location, area, amenities, market demand, comparable sales, infrastructure, and property condition influence valuation.",Property Valuation
What affects property valuation? #2075,"Location, area, amenities, market demand, comparable sales, infrastructure, and property condition influence valuation.",Property Valuation
What affects property valuation? #2076,"Location, area, amenities, market demand, comparable sales, infrastructure, and property condition influence valuation.",Property Valuation
What affects property valuation? #2077,"Location, area, amenities, market demand, comparable sales, infrastructure, and property condition influence valuation.",Property Valuation
What affects property valuation? #2078,"Location, area, amenities, market demand, comparable sales, infrastructure, and property condition influence valuation.",Property Valuation
What affects property valuation? #2079,"Location, area, amenities, market demand, comparable sales, infrastructure, and property condition influence valuation.",Property Valuation
What affects property valuation? #2080,"Location, area, amenities, market demand, comparable sales, infrastructure, and property condition influence valuation.",Property Valuation
What affects property valuation? #2081,"Location, area, amenities, market demand, comparable sales, infrastructure, and property condition influence valuation.",Property Valuation
What affects property valuation? #2082,"Location, area, amenities, market demand, comparable sales, infrastructure, and property condition influence valuation.",Property Valuation
What affects property valuation? #2083,"Location, area, amenities, market demand, comparable sales, infrastructure, and property condition influence valuation.",Property Valuation
What affects property valuation? #2084,"Location, area, amenities, market demand, comparable sales, infrastructure, and property condition influence valuation.",Property Valuation
What affects property valuation? #2085,"Location, area, amenities, market demand, comparable sales, infrastructure, and property condition influence valuation.",Property Valuation
What affects property valuation? #2086,"Location, area, amenities, market demand, comparable sales, infrastructure, and property condition influence valuation.",Property Valuation
What affects property valuation? #2087,"Location, area, amenities, market demand, comparable sales, infrastructure, and property condition influence valuation.",Property Valuation
What affects property valuation? #2088,"Location, area, amenities, market demand, comparable sales, infrastructure, and property condition influence valuation.",Property Valuation
What affects property valuation? #2089,"Location, area, amenities, market demand, comparable sales, infrastructure, and property condition influence valuation.",Property Valuation
What affects property valuation? #2090,"Location, area, amenities, market demand, comparable sales, infrastructure, and property condition influence valuation.",Property Valuation
What affects property valuation? #2091,"Location, area, amenities, market demand, comparable sales, infrastructure, and property condition influence valuation.",Property Valuation
What affects property valuation? #2092,"Location, area, amenities, market demand, comparable sales, infrastructure, and property condition influence valuation.",Property Valuation
What affects property valuation? #2093,"Location, area, amenities, market demand, comparable sales, infrastructure, and property condition influence valuation.",Property Valuation
What affects property valuation? #2094,"Location, area, amenities, market demand, comparable sales, infrastructure, and property condition influence valuation.",Property Valuation
What affects property valuation? #2095,"Location, area, amenities, market demand, comparable sales, infrastructure, and property condition influence valuation.",Property Valuation
What affects property valuation? #2096,"Location, area, amenities, market demand, comparable sales, infrastructure, and property condition influence valuation.",Property Valuation
What affects property valuation? #2097,"Location, area, amenities, market demand, comparable sales, infrastructure, and property condition influence valuation.",Property Valuation
What affects property valuation? #2098,"Location, area, amenities, market demand, comparable sales, infrastructure, and property condition influence valuation.",Property Valuation
What affects property valuation? #2099,"Location, area, amenities, market demand, comparable sales, infrastructure, and property condition influence valuation.",Property Valuation
What affects property valuation? #2100,"Location, area, amenities, market demand, comparable sales, infrastructure, and property condition influence valuation.",Property Valuation
What affects property valuation? #2101,"Location, area, amenities, market demand, comparable sales, infrastructure, and property condition influence valuation.",Property Valuation
What affects property valuation? #2102,"Location, area, amenities, market demand, comparable sales, infrastructure, and property condition influence valuation.",Property Valuation
What affects property valuation? #2103,"Location, area, amenities, market demand, comparable sales, infrastructure, and property condition influence valuation.",Property Valuation
What affects property valuation? #2104,"Location, area, amenities, market demand, comparable sales, infrastructure, and property condition influence valuation.",Property Valuation
What affects property valuation? #2105,"Location, area, amenities, market demand, comparable sales, infrastructure, and property condition influence valuation.",Property Valuation
What affects property valuation? #2106,"Location, area, amenities, market demand, comparable sales, infrastructure, and property condition influence valuation.",Property Valuation
What affects property valuation? #2107,"Location, area, amenities, market demand, comparable sales, infrastructure, and property condition influence valuation.",Property Valuation
What affects property valuation? #2108,"Location, area, amenities, market demand, comparable sales, infrastructure, and property condition influence valuation.",Property Valuation
What affects property valuation? #2109,"Location, area, amenities, market demand, comparable sales, infrastructure, and property condition influence valuation.",Property Valuation
What affects property valuation? #2110,"Location, area, amenities, market demand, comparable sales, infrastructure, and property condition influence valuation.",Property Valuation
What affects property valuation? #2111,"Location, area, amenities, market demand, comparable sales, infrastructure, and property condition influence valuation.",Property Valuation
What affects property valuation? #2112,"Location, area, amenities, market demand, comparable sales, infrastructure, and property condition influence valuation.",Property Valuation
What affects property valuation? #2113,"Location, area, amenities, market demand, comparable sales, infrastructure, and property condition influence valuation.",Property Valuation
What affects property valuation? #2114,"Location, area, amenities, market demand, comparable sales, infrastructure, and property condition influence valuation.",Property Valuation
What affects property valuation? #2115,"Location, area, amenities, market demand, comparable sales, infrastructure, and property condition influence valuation.",Property Valuation
What affects property valuation? #2116,"Location, area, amenities, market demand, comparable sales, infrastructure, and property condition influence valuation.",Property Valuation
What affects property valuation? #2117,"Location, area, amenities, market demand, comparable sales, infrastructure, and property condition influence valuation.",Property Valuation
What affects property valuation? #2118,"Location, area, amenities, market demand, comparable sales, infrastructure, and property condition influence valuation.",Property Valuation
What affects property valuation? #2119,"Location, area, amenities, market demand, comparable sales, infrastructure, and property condition influence valuation.",Property Valuation
What affects property valuation? #2120,"Location, area, amenities, market demand, comparable sales, infrastructure, and property condition influence valuation.",Property Valuation
What affects property valuation? #2121,"Location, area, amenities, market demand, comparable sales, infrastructure, and property condition influence valuation.",Property Valuation
What affects property valuation? #2122,"Location, area, amenities, market demand, comparable sales, infrastructure, and property condition influence valuation.",Property Valuation
What affects property valuation? #2123,"Location, area, amenities, market demand, comparable sales, infrastructure, and property condition influence valuation.",Property Valuation
What affects property valuation? #2124,"Location, area, amenities, market demand, comparable sales, infrastructure, and property condition influence valuation.",Property Valuation
What affects property valuation? #2125,"Location, area, amenities, market demand, comparable sales, infrastructure, and property condition influence valuation.",Property Valuation
What affects property valuation? #2126,"Location, area, amenities, market demand, comparable sales, infrastructure, and property condition influence valuation.",Property Valuation
What affects property valuation? #2127,"Location, area, amenities, market demand, comparable sales, infrastructure, and property condition influence valuation.",Property Valuation
What affects property valuation? #2128,"Location, area, amenities, market demand, comparable sales, infrastructure, and property condition influence valuation.",Property Valuation
What affects property valuation? #2129,"Location, area, amenities, market demand, comparable sales, infrastructure, and property condition influence valuation.",Property Valuation
What affects property valuation? #2130,"Location, area, amenities, market demand, comparable sales, infrastructure, and property condition influence valuation.",Property Valuation
What affects property valuation? #2131,"Location, area, amenities, market demand, comparable sales, infrastructure, and property condition influence valuation.",Property Valuation
What affects property valuation? #2132,"Location, area, amenities, market demand, comparable sales, infrastructure, and property condition influence valuation.",Property Valuation
What affects property valuation? #2133,"Location, area, amenities, market demand, comparable sales, infrastructure, and property condition influence valuation.",Property Valuation
What affects property valuation? #2134,"Location, area, amenities, market demand, comparable sales, infrastructure, and property condition influence valuation.",Property Valuation
What affects property valuation? #2135,"Location, area, amenities, market demand, comparable sales, infrastructure, and property condition influence valuation.",Property Valuation
What affects property valuation? #2136,"Location, area, amenities, market demand, comparable sales, infrastructure, and property condition influence valuation.",Property Valuation
What affects property valuation? #2137,"Location, area, amenities, market demand, comparable sales, infrastructure, and property condition influence valuation.",Property Valuation
What affects property valuation? #2138,"Location, area, amenities, market demand, comparable sales, infrastructure, and property condition influence valuation.",Property Valuation
What affects property valuation? #2139,"Location, area, amenities, market demand, comparable sales, infrastructure, and property condition influence valuation.",Property Valuation
What affects property valuation? #2140,"Location, area, amenities, market demand, comparable sales, infrastructure, and property condition influence valuation.",Property Valuation
What affects property valuation? #2141,"Location, area, amenities, market demand, comparable sales, infrastructure, and property condition influence valuation.",Property Valuation
What affects property valuation? #2142,"Location, area, amenities, market demand, comparable sales, infrastructure, and property condition influence valuation.",Property Valuation
What affects property valuation? #2143,"Location, area, amenities, market demand, comparable sales, infrastructure, and property condition influence valuation.",Property Valuation
What affects property valuation? #2144,"Location, area, amenities, market demand, comparable sales, infrastructure, and property condition influence valuation.",Property Valuation
What affects property valuation? #2145,"Location, area, amenities, market demand, comparable sales, infrastructure, and property condition influence valuation.",Property Valuation
What affects property valuation? #2146,"Location, area, amenities, market demand, comparable sales, infrastructure, and property condition influence valuation.",Property Valuation
What affects property valuation? #2147,"Location, area, amenities, market demand, comparable sales, infrastructure, and property condition influence valuation.",Property Valuation
What affects property valuation? #2148,"Location, area, amenities, market demand, comparable sales, infrastructure, and property condition influence valuation.",Property Valuation
What affects property valuation? #2149,"Location, area, amenities, market demand, comparable sales, infrastructure, and property condition influence valuation.",Property Valuation
What affects property valuation? #2150,"Location, area, amenities, market demand, comparable sales, infrastructure, and property condition influence valuation.",Property Valuation
What affects property valuation? #2151,"Location, area, amenities, market demand, comparable sales, infrastructure, and property condition influence valuation.",Property Valuation
What affects property valuation? #2152,"Location, area, amenities, market demand, comparable sales, infrastructure, and property condition influence valuation.",Property Valuation
What affects property valuation? #2153,"Location, area, amenities, market demand, comparable sales, infrastructure, and property condition influence valuation.",Property Valuation
What affects property valuation? #2154,"Location, area, amenities, market demand, comparable sales, infrastructure, and property condition influence valuation.",Property Valuation
What affects property valuation? #2155,"Location, area, amenities, market demand, comparable sales, infrastructure, and property condition influence valuation.",Property Valuation
What affects property valuation? #2156,"Location, area, amenities, market demand, comparable sales, infrastructure, and property condition influence valuation.",Property Valuation
What affects property valuation? #2157,"Location, area, amenities, market demand, comparable sales, infrastructure, and property condition influence valuation.",Property Valuation
What affects property valuation? #2158,"Location, area, amenities, market demand, comparable sales, infrastructure, and property condition influence valuation.",Property Valuation
What affects property valuation? #2159,"Location, area, amenities, market demand, comparable sales, infrastructure, and property condition influence valuation.",Property Valuation
What affects property valuation? #2160,"Location, area, amenities, market demand, comparable sales, infrastructure, and property condition influence valuation.",Property Valuation
What affects property valuation? #2161,"Location, area, amenities, market demand, comparable sales, infrastructure, and property condition influence valuation.",Property Valuation
What affects property valuation? #2162,"Location, area, amenities, market demand, comparable sales, infrastructure, and property condition influence valuation.",Property Valuation
What affects property valuation? #2163,"Location, area, amenities, market demand, comparable sales, infrastructure, and property condition influence valuation.",Property Valuation
What affects property valuation? #2164,"Location, area, amenities, market demand, comparable sales, infrastructure, and property condition influence valuation.",Property Valuation
What affects property valuation? #2165,"Location, area, amenities, market demand, comparable sales, infrastructure, and property condition influence valuation.",Property Valuation
What affects property valuation? #2166,"Location, area, amenities, market demand, comparable sales, infrastructure, and property condition influence valuation.",Property Valuation
What affects property valuation? #2167,"Location, area, amenities, market demand, comparable sales, infrastructure, and property condition influence valuation.",Property Valuation
What affects property valuation? #2168,"Location, area, amenities, market demand, comparable sales, infrastructure, and property condition influence valuation.",Property Valuation
What affects property valuation? #2169,"Location, area, amenities, market demand, comparable sales, infrastructure, and property condition influence valuation.",Property Valuation
What affects property valuation? #2170,"Location, area, amenities, market demand, comparable sales, infrastructure, and property condition influence valuation.",Property Valuation
What affects property valuation? #2171,"Location, area, amenities, market demand, comparable sales, infrastructure, and property condition influence valuation.",Property Valuation
What affects property valuation? #2172,"Location, area, amenities, market demand, comparable sales, infrastructure, and property condition influence valuation.",Property Valuation
What affects property valuation? #2173,"Location, area, amenities, market demand, comparable sales, infrastructure, and property condition influence valuation.",Property Valuation
What affects property valuation? #2174,"Location, area, amenities, market demand, comparable sales, infrastructure, and property condition influence valuation.",Property Valuation
What affects property valuation? #2175,"Location, area, amenities, market demand, comparable sales, infrastructure, and property condition influence valuation.",Property Valuation
What affects property valuation? #2176,"Location, area, amenities, market demand, comparable sales, infrastructure, and property condition influence valuation.",Property Valuation
What affects property valuation? #2177,"Location, area, amenities, market demand, comparable sales, infrastructure, and property condition influence valuation.",Property Valuation
What affects property valuation? #2178,"Location, area, amenities, market demand, comparable sales, infrastructure, and property condition influence valuation.",Property Valuation
What affects property valuation? #2179,"Location, area, amenities, market demand, comparable sales, infrastructure, and property condition influence valuation.",Property Valuation
What affects property valuation? #2180,"Location, area, amenities, market demand, comparable sales, infrastructure, and property condition influence valuation.",Property Valuation
What affects property valuation? #2181,"Location, area, amenities, market demand, comparable sales, infrastructure, and property condition influence valuation.",Property Valuation
What affects property valuation? #2182,"Location, area, amenities, market demand, comparable sales, infrastructure, and property condition influence valuation.",Property Valuation
What affects property valuation? #2183,"Location, area, amenities, market demand, comparable sales, infrastructure, and property condition influence valuation.",Property Valuation
What affects property valuation? #2184,"Location, area, amenities, market demand, comparable sales, infrastructure, and property condition influence valuation.",Property Valuation
What affects property valuation? #2185,"Location, area, amenities, market demand, comparable sales, infrastructure, and property condition influence valuation.",Property Valuation
What affects property valuation? #2186,"Location, area, amenities, market demand, comparable sales, infrastructure, and property condition influence valuation.",Property Valuation
What affects property valuation? #2187,"Location, area, amenities, market demand, comparable sales, infrastructure, and property condition influence valuation.",Property Valuation
What affects property valuation? #2188,"Location, area, amenities, market demand, comparable sales, infrastructure, and property condition influence valuation.",Property Valuation
What affects property valuation? #2189,"Location, area, amenities, market demand, comparable sales, infrastructure, and property condition influence valuation.",Property Valuation
What affects property valuation? #2190,"Location, area, amenities, market demand, comparable sales, infrastructure, and property condition influence valuation.",Property Valuation
What affects property valuation? #2191,"Location, area, amenities, market demand, comparable sales, infrastructure, and property condition influence valuation.",Property Valuation
What affects property valuation? #2192,"Location, area, amenities, market demand, comparable sales, infrastructure, and property condition influence valuation.",Property Valuation
What affects property valuation? #2193,"Location, area, amenities, market demand, comparable sales, infrastructure, and property condition influence valuation.",Property Valuation
What affects property valuation? #2194,"Location, area, amenities, market demand, comparable sales, infrastructure, and property condition influence valuation.",Property Valuation
What affects property valuation? #2195,"Location, area, amenities, market demand, comparable sales, infrastructure, and property condition influence valuation.",Property Valuation
What affects property valuation? #2196,"Location, area, amenities, market demand, comparable sales, infrastructure, and property condition influence valuation.",Property Valuation
What affects property valuation? #2197,"Location, area, amenities, market demand, comparable sales, infrastructure, and property condition influence valuation.",Property Valuation
What affects property valuation? #2198,"Location, area, amenities, market demand, comparable sales, infrastructure, and property condition influence valuation.",Property Valuation
What affects property valuation? #2199,"Location, area, amenities, market demand, comparable sales, infrastructure, and property condition influence valuation.",Property Valuation
What affects property valuation? #2200,"Location, area, amenities, market demand, comparable sales, infrastructure, and property condition influence valuation.",Property Valuation
What affects property valuation? #2201,"Location, area, amenities, market demand, comparable sales, infrastructure, and property condition influence valuation.",Property Valuation
What affects property valuation? #2202,"Location, area, amenities, market demand, comparable sales, infrastructure, and property condition influence valuation.",Property Valuation
What affects property valuation? #2203,"Location, area, amenities, market demand, comparable sales, infrastructure, and property condition influence valuation.",Property Valuation
What affects property valuation? #2204,"Location, area, amenities, market demand, comparable sales, infrastructure, and property condition influence valuation.",Property Valuation
What affects property valuation? #2205,"Location, area, amenities, market demand, comparable sales, infrastructure, and property condition influence valuation.",Property Valuation
What affects property valuation? #2206,"Location, area, amenities, market demand, comparable sales, infrastructure, and property condition influence valuation.",Property Valuation
What affects property valuation? #2207,"Location, area, amenities, market demand, comparable sales, infrastructure, and property condition influence valuation.",Property Valuation
What affects property valuation? #2208,"Location, area, amenities, market demand, comparable sales, infrastructure, and property condition influence valuation.",Property Valuation
What affects property valuation? #2209,"Location, area, amenities, market demand, comparable sales, infrastructure, and property condition influence valuation.",Property Valuation
What affects property valuation? #2210,"Location, area, amenities, market demand, comparable sales, infrastructure, and property condition influence valuation.",Property Valuation
What affects property valuation? #2211,"Location, area, amenities, market demand, comparable sales, infrastructure, and property condition influence valuation.",Property Valuation
What affects property valuation? #2212,"Location, area, amenities, market demand, comparable sales, infrastructure, and property condition influence valuation.",Property Valuation
What affects property valuation? #2213,"Location, area, amenities, market demand, comparable sales, infrastructure, and property condition influence valuation.",Property Valuation
What affects property valuation? #2214,"Location, area, amenities, market demand, comparable sales, infrastructure, and property condition influence valuation.",Property Valuation
What affects property valuation? #2215,"Location, area, amenities, market demand, comparable sales, infrastructure, and property condition influence valuation.",Property Valuation
What affects property valuation? #2216,"Location, area, amenities, market demand, comparable sales, infrastructure, and property condition influence valuation.",Property Valuation
What affects property valuation? #2217,"Location, area, amenities, market demand, comparable sales, infrastructure, and property condition influence valuation.",Property Valuation
What affects property valuation? #2218,"Location, area, amenities, market demand, comparable sales, infrastructure, and property condition influence valuation.",Property Valuation
What affects property valuation? #2219,"Location, area, amenities, market demand, comparable sales, infrastructure, and property condition influence valuation.",Property Valuation
What affects property valuation? #2220,"Location, area, amenities, market demand, comparable sales, infrastructure, and property condition influence valuation.",Property Valuation
What affects property valuation? #2221,"Location, area, amenities, market demand, comparable sales, infrastructure, and property condition influence valuation.",Property Valuation
What affects property valuation? #2222,"Location, area, amenities, market demand, comparable sales, infrastructure, and property condition influence valuation.",Property Valuation
What affects property valuation? #2223,"Location, area, amenities, market demand, comparable sales, infrastructure, and property condition influence valuation.",Property Valuation
What affects property valuation? #2224,"Location, area, amenities, market demand, comparable sales, infrastructure, and property condition influence valuation.",Property Valuation
What affects property valuation? #2225,"Location, area, amenities, market demand, comparable sales, infrastructure, and property condition influence valuation.",Property Valuation
What affects property valuation? #2226,"Location, area, amenities, market demand, comparable sales, infrastructure, and property condition influence valuation.",Property Valuation
What affects property valuation? #2227,"Location, area, amenities, market demand, comparable sales, infrastructure, and property condition influence valuation.",Property Valuation
What affects property valuation? #2228,"Location, area, amenities, market demand, comparable sales, infrastructure, and property condition influence valuation.",Property Valuation
What affects property valuation? #2229,"Location, area, amenities, market demand, comparable sales, infrastructure, and property condition influence valuation.",Property Valuation
What affects property valuation? #2230,"Location, area, amenities, market demand, comparable sales, infrastructure, and property condition influence valuation.",Property Valuation
What affects property valuation? #2231,"Location, area, amenities, market demand, comparable sales, infrastructure, and property condition influence valuation.",Property Valuation
What affects property valuation? #2232,"Location, area, amenities, market demand, comparable sales, infrastructure, and property condition influence valuation.",Property Valuation
What affects property valuation? #2233,"Location, area, amenities, market demand, comparable sales, infrastructure, and property condition influence valuation.",Property Valuation
What affects property valuation? #2234,"Location, area, amenities, market demand, comparable sales, infrastructure, and property condition influence valuation.",Property Valuation
What affects property valuation? #2235,"Location, area, amenities, market demand, comparable sales, infrastructure, and property condition influence valuation.",Property Valuation
What affects property valuation? #2236,"Location, area, amenities, market demand, comparable sales, infrastructure, and property condition influence valuation.",Property Valuation
What affects property valuation? #2237,"Location, area, amenities, market demand, comparable sales, infrastructure, and property condition influence valuation.",Property Valuation
What affects property valuation? #2238,"Location, area, amenities, market demand, comparable sales, infrastructure, and property condition influence valuation.",Property Valuation
What affects property valuation? #2239,"Location, area, amenities, market demand, comparable sales, infrastructure, and property condition influence valuation.",Property Valuation
What affects property valuation? #2240,"Location, area, amenities, market demand, comparable sales, infrastructure, and property condition influence valuation.",Property Valuation
What affects property valuation? #2241,"Location, area, amenities, market demand, comparable sales, infrastructure, and property condition influence valuation.",Property Valuation
What affects property valuation? #2242,"Location, area, amenities, market demand, comparable sales, infrastructure, and property condition influence valuation.",Property Valuation
What affects property valuation? #2243,"Location, area, amenities, market demand, comparable sales, infrastructure, and property condition influence valuation.",Property Valuation
What affects property valuation? #2244,"Location, area, amenities, market demand, comparable sales, infrastructure, and property condition influence valuation.",Property Valuation
What affects property valuation? #2245,"Location, area, amenities, market demand, comparable sales, infrastructure, and property condition influence valuation.",Property Valuation
What affects property valuation? #2246,"Location, area, amenities, market demand, comparable sales, infrastructure, and property condition influence valuation.",Property Valuation
What affects property valuation? #2247,"Location, area, amenities, market demand, comparable sales, infrastructure, and property condition influence valuation.",Property Valuation
What affects property valuation? #2248,"Location, area, amenities, market demand, comparable sales, infrastructure, and property condition influence valuation.",Property Valuation
What affects property valuation? #2249,"Location, area, amenities, market demand, comparable sales, infrastructure, and property condition influence valuation.",Property Valuation
What affects property valuation? #2250,"Location, area, amenities, market demand, comparable sales, infrastructure, and property condition influence valuation.",Property Valuation
What affects property valuation? #2251,"Location, area, amenities, market demand, comparable sales, infrastructure, and property condition influence valuation.",Property Valuation
What affects property valuation? #2252,"Location, area, amenities, market demand, comparable sales, infrastructure, and property condition influence valuation.",Property Valuation
What affects property valuation? #2253,"Location, area, amenities, market demand, comparable sales, infrastructure, and property condition influence valuation.",Property Valuation
What affects property valuation? #2254,"Location, area, amenities, market demand, comparable sales, infrastructure, and property condition influence valuation.",Property Valuation
What affects property valuation? #2255,"Location, area, amenities, market demand, comparable sales, infrastructure, and property condition influence valuation.",Property Valuation
What affects property valuation? #2256,"Location, area, amenities, market demand, comparable sales, infrastructure, and property condition influence valuation.",Property Valuation
What affects property valuation? #2257,"Location, area, amenities, market demand, comparable sales, infrastructure, and property condition influence valuation.",Property Valuation
What affects property valuation? #2258,"Location, area, amenities, market demand, comparable sales, infrastructure, and property condition influence valuation.",Property Valuation
What affects property valuation? #2259,"Location, area, amenities, market demand, comparable sales, infrastructure, and property condition influence valuation.",Property Valuation
What affects property valuation? #2260,"Location, area, amenities, market demand, comparable sales, infrastructure, and property condition influence valuation.",Property Valuation
What affects property valuation? #2261,"Location, area, amenities, market demand, comparable sales, infrastructure, and property condition influence valuation.",Property Valuation
What affects property valuation? #2262,"Location, area, amenities, market demand, comparable sales, infrastructure, and property condition influence valuation.",Property Valuation
What affects property valuation? #2263,"Location, area, amenities, market demand, comparable sales, infrastructure, and property condition influence valuation.",Property Valuation
What affects property valuation? #2264,"Location, area, amenities, market demand, comparable sales, infrastructure, and property condition influence valuation.",Property Valuation
What affects property valuation? #2265,"Location, area, amenities, market demand, comparable sales, infrastructure, and property condition influence valuation.",Property Valuation
What affects property valuation? #2266,"Location, area, amenities, market demand, comparable sales, infrastructure, and property condition influence valuation.",Property Valuation
What affects property valuation? #2267,"Location, area, amenities, market demand, comparable sales, infrastructure, and property condition influence valuation.",Property Valuation
What affects property valuation? #2268,"Location, area, amenities, market demand, comparable sales, infrastructure, and property condition influence valuation.",Property Valuation
What affects property valuation? #2269,"Location, area, amenities, market demand, comparable sales, infrastructure, and property condition influence valuation.",Property Valuation
What affects property valuation? #2270,"Location, area, amenities, market demand, comparable sales, infrastructure, and property condition influence valuation.",Property Valuation
What affects property valuation? #2271,"Location, area, amenities, market demand, comparable sales, infrastructure, and property condition influence valuation.",Property Valuation
What affects property valuation? #2272,"Location, area, amenities, market demand, comparable sales, infrastructure, and property condition influence valuation.",Property Valuation
What affects property valuation? #2273,"Location, area, amenities, market demand, comparable sales, infrastructure, and property condition influence valuation.",Property Valuation
What affects property valuation? #2274,"Location, area, amenities, market demand, comparable sales, infrastructure, and property condition influence valuation.",Property Valuation
What affects property valuation? #2275,"Location, area, amenities, market demand, comparable sales, infrastructure, and property condition influence valuation.",Property Valuation
What affects property valuation? #2276,"Location, area, amenities, market demand, comparable sales, infrastructure, and property condition influence valuation.",Property Valuation
What affects property valuation? #2277,"Location, area, amenities, market demand, comparable sales, infrastructure, and property condition influence valuation.",Property Valuation
What affects property valuation? #2278,"Location, area, amenities, market demand, comparable sales, infrastructure, and property condition influence valuation.",Property Valuation
What affects property valuation? #2279,"Location, area, amenities, market demand, comparable sales, infrastructure, and property condition influence valuation.",Property Valuation
What affects property valuation? #2280,"Location, area, amenities, market demand, comparable sales, infrastructure, and property condition influence valuation.",Property Valuation
What affects property valuation? #2281,"Location, area, amenities, market demand, comparable sales, infrastructure, and property condition influence valuation.",Property Valuation
What affects property valuation? #2282,"Location, area, amenities, market demand, comparable sales, infrastructure, and property condition influence valuation.",Property Valuation
What affects property valuation? #2283,"Location, area, amenities, market demand, comparable sales, infrastructure, and property condition influence valuation.",Property Valuation
What affects property valuation? #2284,"Location, area, amenities, market demand, comparable sales, infrastructure, and property condition influence valuation.",Property Valuation
What affects property valuation? #2285,"Location, area, amenities, market demand, comparable sales, infrastructure, and property condition influence valuation.",Property Valuation
What affects property valuation? #2286,"Location, area, amenities, market demand, comparable sales, infrastructure, and property condition influence valuation.",Property Valuation
What affects property valuation? #2287,"Location, area, amenities, market demand, comparable sales, infrastructure, and property condition influence valuation.",Property Valuation
What affects property valuation? #2288,"Location, area, amenities, market demand, comparable sales, infrastructure, and property condition influence valuation.",Property Valuation
What affects property valuation? #2289,"Location, area, amenities, market demand, comparable sales, infrastructure, and property condition influence valuation.",Property Valuation
What affects property valuation? #2290,"Location, area, amenities, market demand, comparable sales, infrastructure, and property condition influence valuation.",Property Valuation
What affects property valuation? #2291,"Location, area, amenities, market demand, comparable sales, infrastructure, and property condition influence valuation.",Property Valuation
What affects property valuation? #2292,"Location, area, amenities, market demand, comparable sales, infrastructure, and property condition influence valuation.",Property Valuation
What affects property valuation? #2293,"Location, area, amenities, market demand, comparable sales, infrastructure, and property condition influence valuation.",Property Valuation
What affects property valuation? #2294,"Location, area, amenities, market demand, comparable sales, infrastructure, and property condition influence valuation.",Property Valuation
What affects property valuation? #2295,"Location, area, amenities, market demand, comparable sales, infrastructure, and property condition influence valuation.",Property Valuation
What affects property valuation? #2296,"Location, area, amenities, market demand, comparable sales, infrastructure, and property condition influence valuation.",Property Valuation
What affects property valuation? #2297,"Location, area, amenities, market demand, comparable sales, infrastructure, and property condition influence valuation.",Property Valuation
What affects property valuation? #2298,"Location, area, amenities, market demand, comparable sales, infrastructure, and property condition influence valuation.",Property Valuation
What affects property valuation? #2299,"Location, area, amenities, market demand, comparable sales, infrastructure, and property condition influence valuation.",Property Valuation
What affects property valuation? #2300,"Location, area, amenities, market demand, comparable sales, infrastructure, and property condition influence valuation.",Property Valuation
What affects property valuation? #2301,"Location, area, amenities, market demand, comparable sales, infrastructure, and property condition influence valuation.",Property Valuation
What affects property valuation? #2302,"Location, area, amenities, market demand, comparable sales, infrastructure, and property condition influence valuation.",Property Valuation
What affects property valuation? #2303,"Location, area, amenities, market demand, comparable sales, infrastructure, and property condition influence valuation.",Property Valuation
What affects property valuation? #2304,"Location, area, amenities, market demand, comparable sales, infrastructure, and property condition influence valuation.",Property Valuation
What affects property valuation? #2305,"Location, area, amenities, market demand, comparable sales, infrastructure, and property condition influence valuation.",Property Valuation
What affects property valuation? #2306,"Location, area, amenities, market demand, comparable sales, infrastructure, and property condition influence valuation.",Property Valuation
What affects property valuation? #2307,"Location, area, amenities, market demand, comparable sales, infrastructure, and property condition influence valuation.",Property Valuation
What affects property valuation? #2308,"Location, area, amenities, market demand, comparable sales, infrastructure, and property condition influence valuation.",Property Valuation
What affects property valuation? #2309,"Location, area, amenities, market demand, comparable sales, infrastructure, and property condition influence valuation.",Property Valuation
What affects property valuation? #2310,"Location, area, amenities, market demand, comparable sales, infrastructure, and property condition influence valuation.",Property Valuation
What affects property valuation? #2311,"Location, area, amenities, market demand, comparable sales, infrastructure, and property condition influence valuation.",Property Valuation
What affects property valuation? #2312,"Location, area, amenities, market demand, comparable sales, infrastructure, and property condition influence valuation.",Property Valuation
What affects property valuation? #2313,"Location, area, amenities, market demand, comparable sales, infrastructure, and property condition influence valuation.",Property Valuation
What affects property valuation? #2314,"Location, area, amenities, market demand, comparable sales, infrastructure, and property condition influence valuation.",Property Valuation
What affects property valuation? #2315,"Location, area, amenities, market demand, comparable sales, infrastructure, and property condition influence valuation.",Property Valuation
What affects property valuation? #2316,"Location, area, amenities, market demand, comparable sales, infrastructure, and property condition influence valuation.",Property Valuation
What affects property valuation? #2317,"Location, area, amenities, market demand, comparable sales, infrastructure, and property condition influence valuation.",Property Valuation
What affects property valuation? #2318,"Location, area, amenities, market demand, comparable sales, infrastructure, and property condition influence valuation.",Property Valuation
What affects property valuation? #2319,"Location, area, amenities, market demand, comparable sales, infrastructure, and property condition influence valuation.",Property Valuation
What affects property valuation? #2320,"Location, area, amenities, market demand, comparable sales, infrastructure, and property condition influence valuation.",Property Valuation
What affects property valuation? #2321,"Location, area, amenities, market demand, comparable sales, infrastructure, and property condition influence valuation.",Property Valuation
What affects property valuation? #2322,"Location, area, amenities, market demand, comparable sales, infrastructure, and property condition influence valuation.",Property Valuation
What affects property valuation? #2323,"Location, area, amenities, market demand, comparable sales, infrastructure, and property condition influence valuation.",Property Valuation
What affects property valuation? #2324,"Location, area, amenities, market demand, comparable sales, infrastructure, and property condition influence valuation.",Property Valuation
What affects property valuation? #2325,"Location, area, amenities, market demand, comparable sales, infrastructure, and property condition influence valuation.",Property Valuation
What affects property valuation? #2326,"Location, area, amenities, market demand, comparable sales, infrastructure, and property condition influence valuation.",Property Valuation
What affects property valuation? #2327,"Location, area, amenities, market demand, comparable sales, infrastructure, and property condition influence valuation.",Property Valuation
What affects property valuation? #2328,"Location, area, amenities, market demand, comparable sales, infrastructure, and property condition influence valuation.",Property Valuation
What affects property valuation? #2329,"Location, area, amenities, market demand, comparable sales, infrastructure, and property condition influence valuation.",Property Valuation
What affects property valuation? #2330,"Location, area, amenities, market demand, comparable sales, infrastructure, and property condition influence valuation.",Property Valuation
What affects property valuation? #2331,"Location, area, amenities, market demand, comparable sales, infrastructure, and property condition influence valuation.",Property Valuation
What affects property valuation? #2332,"Location, area, amenities, market demand, comparable sales, infrastructure, and property condition influence valuation.",Property Valuation
What affects property valuation? #2333,"Location, area, amenities, market demand, comparable sales, infrastructure, and property condition influence valuation.",Property Valuation
What affects property valuation? #2334,"Location, area, amenities, market demand, comparable sales, infrastructure, and property condition influence valuation.",Property Valuation
What affects property valuation? #2335,"Location, area, amenities, market demand, comparable sales, infrastructure, and property condition influence valuation.",Property Valuation
What affects property valuation? #2336,"Location, area, amenities, market demand, comparable sales, infrastructure, and property condition influence valuation.",Property Valuation
What affects property valuation? #2337,"Location, area, amenities, market demand, comparable sales, infrastructure, and property condition influence valuation.",Property Valuation
What affects property valuation? #2338,"Location, area, amenities, market demand, comparable sales, infrastructure, and property condition influence valuation.",Property Valuation
What affects property valuation? #2339,"Location, area, amenities, market demand, comparable sales, infrastructure, and property condition influence valuation.",Property Valuation
What affects property valuation? #2340,"Location, area, amenities, market demand, comparable sales, infrastructure, and property condition influence valuation.",Property Valuation
What affects property valuation? #2341,"Location, area, amenities, market demand, comparable sales, infrastructure, and property condition influence valuation.",Property Valuation
What affects property valuation? #2342,"Location, area, amenities, market demand, comparable sales, infrastructure, and property condition influence valuation.",Property Valuation
What affects property valuation? #2343,"Location, area, amenities, market demand, comparable sales, infrastructure, and property condition influence valuation.",Property Valuation
What affects property valuation? #2344,"Location, area, amenities, market demand, comparable sales, infrastructure, and property condition influence valuation.",Property Valuation
What affects property valuation? #2345,"Location, area, amenities, market demand, comparable sales, infrastructure, and property condition influence valuation.",Property Valuation
What affects property valuation? #2346,"Location, area, amenities, market demand, comparable sales, infrastructure, and property condition influence valuation.",Property Valuation
What affects property valuation? #2347,"Location, area, amenities, market demand, comparable sales, infrastructure, and property condition influence valuation.",Property Valuation
What affects property valuation? #2348,"Location, area, amenities, market demand, comparable sales, infrastructure, and property condition influence valuation.",Property Valuation
What affects property valuation? #2349,"Location, area, amenities, market demand, comparable sales, infrastructure, and property condition influence valuation.",Property Valuation
What affects property valuation? #2350,"Location, area, amenities, market demand, comparable sales, infrastructure, and property condition influence valuation.",Property Valuation
What affects property valuation? #2351,"Location, area, amenities, market demand, comparable sales, infrastructure, and property condition influence valuation.",Property Valuation
What affects property valuation? #2352,"Location, area, amenities, market demand, comparable sales, infrastructure, and property condition influence valuation.",Property Valuation
What affects property valuation? #2353,"Location, area, amenities, market demand, comparable sales, infrastructure, and property condition influence valuation.",Property Valuation
What affects property valuation? #2354,"Location, area, amenities, market demand, comparable sales, infrastructure, and property condition influence valuation.",Property Valuation
What affects property valuation? #2355,"Location, area, amenities, market demand, comparable sales, infrastructure, and property condition influence valuation.",Property Valuation
What affects property valuation? #2356,"Location, area, amenities, market demand, comparable sales, infrastructure, and property condition influence valuation.",Property Valuation
What affects property valuation? #2357,"Location, area, amenities, market demand, comparable sales, infrastructure, and property condition influence valuation.",Property Valuation
What affects property valuation? #2358,"Location, area, amenities, market demand, comparable sales, infrastructure, and property condition influence valuation.",Property Valuation
What affects property valuation? #2359,"Location, area, amenities, market demand, comparable sales, infrastructure, and property condition influence valuation.",Property Valuation
What affects property valuation? #2360,"Location, area, amenities, market demand, comparable sales, infrastructure, and property condition influence valuation.",Property Valuation
What affects property valuation? #2361,"Location, area, amenities, market demand, comparable sales, infrastructure, and property condition influence valuation.",Property Valuation
What affects property valuation? #2362,"Location, area, amenities, market demand, comparable sales, infrastructure, and property condition influence valuation.",Property Valuation
What affects property valuation? #2363,"Location, area, amenities, market demand, comparable sales, infrastructure, and property condition influence valuation.",Property Valuation
What affects property valuation? #2364,"Location, area, amenities, market demand, comparable sales, infrastructure, and property condition influence valuation.",Property Valuation
What affects property valuation? #2365,"Location, area, amenities, market demand, comparable sales, infrastructure, and property condition influence valuation.",Property Valuation
What affects property valuation? #2366,"Location, area, amenities, market demand, comparable sales, infrastructure, and property condition influence valuation.",Property Valuation
What affects property valuation? #2367,"Location, area, amenities, market demand, comparable sales, infrastructure, and property condition influence valuation.",Property Valuation
What affects property valuation? #2368,"Location, area, amenities, market demand, comparable sales, infrastructure, and property condition influence valuation.",Property Valuation
What affects property valuation? #2369,"Location, area, amenities, market demand, comparable sales, infrastructure, and property condition influence valuation.",Property Valuation
What affects property valuation? #2370,"Location, area, amenities, market demand, comparable sales, infrastructure, and property condition influence valuation.",Property Valuation
What affects property valuation? #2371,"Location, area, amenities, market demand, comparable sales, infrastructure, and property condition influence valuation.",Property Valuation
What affects property valuation? #2372,"Location, area, amenities, market demand, comparable sales, infrastructure, and property condition influence valuation.",Property Valuation
What affects property valuation? #2373,"Location, area, amenities, market demand, comparable sales, infrastructure, and property condition influence valuation.",Property Valuation
What affects property valuation? #2374,"Location, area, amenities, market demand, comparable sales, infrastructure, and property condition influence valuation.",Property Valuation
What affects property valuation? #2375,"Location, area, amenities, market demand, comparable sales, infrastructure, and property condition influence valuation.",Property Valuation
What affects property valuation? #2376,"Location, area, amenities, market demand, comparable sales, infrastructure, and property condition influence valuation.",Property Valuation
What affects property valuation? #2377,"Location, area, amenities, market demand, comparable sales, infrastructure, and property condition influence valuation.",Property Valuation
What affects property valuation? #2378,"Location, area, amenities, market demand, comparable sales, infrastructure, and property condition influence valuation.",Property Valuation
What affects property valuation? #2379,"Location, area, amenities, market demand, comparable sales, infrastructure, and property condition influence valuation.",Property Valuation
What affects property valuation? #2380,"Location, area, amenities, market demand, comparable sales, infrastructure, and property condition influence valuation.",Property Valuation
What affects property valuation? #2381,"Location, area, amenities, market demand, comparable sales, infrastructure, and property condition influence valuation.",Property Valuation
What affects property valuation? #2382,"Location, area, amenities, market demand, comparable sales, infrastructure, and property condition influence valuation.",Property Valuation
What affects property valuation? #2383,"Location, area, amenities, market demand, comparable sales, infrastructure, and property condition influence valuation.",Property Valuation
What affects property valuation? #2384,"Location, area, amenities, market demand, comparable sales, infrastructure, and property condition influence valuation.",Property Valuation
What affects property valuation? #2385,"Location, area, amenities, market demand, comparable sales, infrastructure, and property condition influence valuation.",Property Valuation
What affects property valuation? #2386,"Location, area, amenities, market demand, comparable sales, infrastructure, and property condition influence valuation.",Property Valuation
What affects property valuation? #2387,"Location, area, amenities, market demand, comparable sales, infrastructure, and property condition influence valuation.",Property Valuation
What affects property valuation? #2388,"Location, area, amenities, market demand, comparable sales, infrastructure, and property condition influence valuation.",Property Valuation
What affects property valuation? #2389,"Location, area, amenities, market demand, comparable sales, infrastructure, and property condition influence valuation.",Property Valuation
What affects property valuation? #2390,"Location, area, amenities, market demand, comparable sales, infrastructure, and property condition influence valuation.",Property Valuation
What affects property valuation? #2391,"Location, area, amenities, market demand, comparable sales, infrastructure, and property condition influence valuation.",Property Valuation
What affects property valuation? #2392,"Location, area, amenities, market demand, comparable sales, infrastructure, and property condition influence valuation.",Property Valuation
What affects property valuation? #2393,"Location, area, amenities, market demand, comparable sales, infrastructure, and property condition influence valuation.",Property Valuation
What affects property valuation? #2394,"Location, area, amenities, market demand, comparable sales, infrastructure, and property condition influence valuation.",Property Valuation
What affects property valuation? #2395,"Location, area, amenities, market demand, comparable sales, infrastructure, and property condition influence valuation.",Property Valuation
What affects property valuation? #2396,"Location, area, amenities, market demand, comparable sales, infrastructure, and property condition influence valuation.",Property Valuation
What affects property valuation? #2397,"Location, area, amenities, market demand, comparable sales, infrastructure, and property condition influence valuation.",Property Valuation
What affects property valuation? #2398,"Location, area, amenities, market demand, comparable sales, infrastructure, and property condition influence valuation.",Property Valuation
What affects property valuation? #2399,"Location, area, amenities, market demand, comparable sales, infrastructure, and property condition influence valuation.",Property Valuation
What affects property valuation? #2400,"Location, area, amenities, market demand, comparable sales, infrastructure, and property condition influence valuation.",Property Valuation
What affects property valuation? #2401,"Location, area, amenities, market demand, comparable sales, infrastructure, and property condition influence valuation.",Property Valuation
What affects property valuation? #2402,"Location, area, amenities, market demand, comparable sales, infrastructure, and property condition influence valuation.",Property Valuation
What affects property valuation? #2403,"Location, area, amenities, market demand, comparable sales, infrastructure, and property condition influence valuation.",Property Valuation
What affects property valuation? #2404,"Location, area, amenities, market demand, comparable sales, infrastructure, and property condition influence valuation.",Property Valuation
What affects property valuation? #2405,"Location, area, amenities, market demand, comparable sales, infrastructure, and property condition influence valuation.",Property Valuation
What affects property valuation? #2406,"Location, area, amenities, market demand, comparable sales, infrastructure, and property condition influence valuation.",Property Valuation
What affects property valuation? #2407,"Location, area, amenities, market demand, comparable sales, infrastructure, and property condition influence valuation.",Property Valuation
What affects property valuation? #2408,"Location, area, amenities, market demand, comparable sales, infrastructure, and property condition influence valuation.",Property Valuation
What affects property valuation? #2409,"Location, area, amenities, market demand, comparable sales, infrastructure, and property condition influence valuation.",Property Valuation
What affects property valuation? #2410,"Location, area, amenities, market demand, comparable sales, infrastructure, and property condition influence valuation.",Property Valuation
What affects property valuation? #2411,"Location, area, amenities, market demand, comparable sales, infrastructure, and property condition influence valuation.",Property Valuation
What affects property valuation? #2412,"Location, area, amenities, market demand, comparable sales, infrastructure, and property condition influence valuation.",Property Valuation
What affects property valuation? #2413,"Location, area, amenities, market demand, comparable sales, infrastructure, and property condition influence valuation.",Property Valuation
What affects property valuation? #2414,"Location, area, amenities, market demand, comparable sales, infrastructure, and property condition influence valuation.",Property Valuation
What affects property valuation? #2415,"Location, area, amenities, market demand, comparable sales, infrastructure, and property condition influence valuation.",Property Valuation
What affects property valuation? #2416,"Location, area, amenities, market demand, comparable sales, infrastructure, and property condition influence valuation.",Property Valuation
What affects property valuation? #2417,"Location, area, amenities, market demand, comparable sales, infrastructure, and property condition influence valuation.",Property Valuation
What affects property valuation? #2418,"Location, area, amenities, market demand, comparable sales, infrastructure, and property condition influence valuation.",Property Valuation
What affects property valuation? #2419,"Location, area, amenities, market demand, comparable sales, infrastructure, and property condition influence valuation.",Property Valuation
What affects property valuation? #2420,"Location, area, amenities, market demand, comparable sales, infrastructure, and property condition influence valuation.",Property Valuation
What affects property valuation? #2421,"Location, area, amenities, market demand, comparable sales, infrastructure, and property condition influence valuation.",Property Valuation
What affects property valuation? #2422,"Location, area, amenities, market demand, comparable sales, infrastructure, and property condition influence valuation.",Property Valuation
What affects property valuation? #2423,"Location, area, amenities, market demand, comparable sales, infrastructure, and property condition influence valuation.",Property Valuation
What affects property valuation? #2424,"Location, area, amenities, market demand, comparable sales, infrastructure, and property condition influence valuation.",Property Valuation
What affects property valuation? #2425,"Location, area, amenities, market demand, comparable sales, infrastructure, and property condition influence valuation.",Property Valuation
What affects property valuation? #2426,"Location, area, amenities, market demand, comparable sales, infrastructure, and property condition influence valuation.",Property Valuation
What affects property valuation? #2427,"Location, area, amenities, market demand, comparable sales, infrastructure, and property condition influence valuation.",Property Valuation
What affects property valuation? #2428,"Location, area, amenities, market demand, comparable sales, infrastructure, and property condition influence valuation.",Property Valuation
What affects property valuation? #2429,"Location, area, amenities, market demand, comparable sales, infrastructure, and property condition influence valuation.",Property Valuation
What affects property valuation? #2430,"Location, area, amenities, market demand, comparable sales, infrastructure, and property condition influence valuation.",Property Valuation
What affects property valuation? #2431,"Location, area, amenities, market demand, comparable sales, infrastructure, and property condition influence valuation.",Property Valuation
What affects property valuation? #2432,"Location, area, amenities, market demand, comparable sales, infrastructure, and property condition influence valuation.",Property Valuation
What affects property valuation? #2433,"Location, area, amenities, market demand, comparable sales, infrastructure, and property condition influence valuation.",Property Valuation
What affects property valuation? #2434,"Location, area, amenities, market demand, comparable sales, infrastructure, and property condition influence valuation.",Property Valuation
What affects property valuation? #2435,"Location, area, amenities, market demand, comparable sales, infrastructure, and property condition influence valuation.",Property Valuation
What affects property valuation? #2436,"Location, area, amenities, market demand, comparable sales, infrastructure, and property condition influence valuation.",Property Valuation
What affects property valuation? #2437,"Location, area, amenities, market demand, comparable sales, infrastructure, and property condition influence valuation.",Property Valuation
What affects property valuation? #2438,"Location, area, amenities, market demand, comparable sales, infrastructure, and property condition influence valuation.",Property Valuation
What affects property valuation? #2439,"Location, area, amenities, market demand, comparable sales, infrastructure, and property condition influence valuation.",Property Valuation
What affects property valuation? #2440,"Location, area, amenities, market demand, comparable sales, infrastructure, and property condition influence valuation.",Property Valuation
What affects property valuation? #2441,"Location, area, amenities, market demand, comparable sales, infrastructure, and property condition influence valuation.",Property Valuation
What affects property valuation? #2442,"Location, area, amenities, market demand, comparable sales, infrastructure, and property condition influence valuation.",Property Valuation
What affects property valuation? #2443,"Location, area, amenities, market demand, comparable sales, infrastructure, and property condition influence valuation.",Property Valuation
What affects property valuation? #2444,"Location, area, amenities, market demand, comparable sales, infrastructure, and property condition influence valuation.",Property Valuation
What affects property valuation? #2445,"Location, area, amenities, market demand, comparable sales, infrastructure, and property condition influence valuation.",Property Valuation
What affects property valuation? #2446,"Location, area, amenities, market demand, comparable sales, infrastructure, and property condition influence valuation.",Property Valuation
What affects property valuation? #2447,"Location, area, amenities, market demand, comparable sales, infrastructure, and property condition influence valuation.",Property Valuation
What affects property valuation? #2448,"Location, area, amenities, market demand, comparable sales, infrastructure, and property condition influence valuation.",Property Valuation
What affects property valuation? #2449,"Location, area, amenities, market demand, comparable sales, infrastructure, and property condition influence valuation.",Property Valuation
What affects property valuation? #2450,"Location, area, amenities, market demand, comparable sales, infrastructure, and property condition influence valuation.",Property Valuation
What affects property valuation? #2451,"Location, area, amenities, market demand, comparable sales, infrastructure, and property condition influence valuation.",Property Valuation
What affects property valuation? #2452,"Location, area, amenities, market demand, comparable sales, infrastructure, and property condition influence valuation.",Property Valuation
What affects property valuation? #2453,"Location, area, amenities, market demand, comparable sales, infrastructure, and property condition influence valuation.",Property Valuation
What affects property valuation? #2454,"Location, area, amenities, market demand, comparable sales, infrastructure, and property condition influence valuation.",Property Valuation
What affects property valuation? #2455,"Location, area, amenities, market demand, comparable sales, infrastructure, and property condition influence valuation.",Property Valuation
What affects property valuation? #2456,"Location, area, amenities, market demand, comparable sales, infrastructure, and property condition influence valuation.",Property Valuation
What affects property valuation? #2457,"Location, area, amenities, market demand, comparable sales, infrastructure, and property condition influence valuation.",Property Valuation
What affects property valuation? #2458,"Location, area, amenities, market demand, comparable sales, infrastructure, and property condition influence valuation.",Property Valuation
What affects property valuation? #2459,"Location, area, amenities, market demand, comparable sales, infrastructure, and property condition influence valuation.",Property Valuation
What affects property valuation? #2460,"Location, area, amenities, market demand, comparable sales, infrastructure, and property condition influence valuation.",Property Valuation
What affects property valuation? #2461,"Location, area, amenities, market demand, comparable sales, infrastructure, and property condition influence valuation.",Property Valuation
What affects property valuation? #2462,"Location, area, amenities, market demand, comparable sales, infrastructure, and property condition influence valuation.",Property Valuation
What affects property valuation? #2463,"Location, area, amenities, market demand, comparable sales, infrastructure, and property condition influence valuation.",Property Valuation
What affects property valuation? #2464,"Location, area, amenities, market demand, comparable sales, infrastructure, and property condition influence valuation.",Property Valuation
What affects property valuation? #2465,"Location, area, amenities, market demand, comparable sales, infrastructure, and property condition influence valuation.",Property Valuation
What affects property valuation? #2466,"Location, area, amenities, market demand, comparable sales, infrastructure, and property condition influence valuation.",Property Valuation
What affects property valuation? #2467,"Location, area, amenities, market demand, comparable sales, infrastructure, and property condition influence valuation.",Property Valuation
What affects property valuation? #2468,"Location, area, amenities, market demand, comparable sales, infrastructure, and property condition influence valuation.",Property Valuation
What affects property valuation? #2469,"Location, area, amenities, market demand, comparable sales, infrastructure, and property condition influence valuation.",Property Valuation
What affects property valuation? #2470,"Location, area, amenities, market demand, comparable sales, infrastructure, and property condition influence valuation.",Property Valuation
What affects property valuation? #2471,"Location, area, amenities, market demand, comparable sales, infrastructure, and property condition influence valuation.",Property Valuation
What affects property valuation? #2472,"Location, area, amenities, market demand, comparable sales, infrastructure, and property condition influence valuation.",Property Valuation
What affects property valuation? #2473,"Location, area, amenities, market demand, comparable sales, infrastructure, and property condition influence valuation.",Property Valuation
What affects property valuation? #2474,"Location, area, amenities, market demand, comparable sales, infrastructure, and property condition influence valuation.",Property Valuation
What affects property valuation? #2475,"Location, area, amenities, market demand, comparable sales, infrastructure, and property condition influence valuation.",Property Valuation
What affects property valuation? #2476,"Location, area, amenities, market demand, comparable sales, infrastructure, and property condition influence valuation.",Property Valuation
What affects property valuation? #2477,"Location, area, amenities, market demand, comparable sales, infrastructure, and property condition influence valuation.",Property Valuation
What affects property valuation? #2478,"Location, area, amenities, market demand, comparable sales, infrastructure, and property condition influence valuation.",Property Valuation
What affects property valuation? #2479,"Location, area, amenities, market demand, comparable sales, infrastructure, and property condition influence valuation.",Property Valuation
What affects property valuation? #2480,"Location, area, amenities, market demand, comparable sales, infrastructure, and property condition influence valuation.",Property Valuation
What affects property valuation? #2481,"Location, area, amenities, market demand, comparable sales, infrastructure, and property condition influence valuation.",Property Valuation
What affects property valuation? #2482,"Location, area, amenities, market demand, comparable sales, infrastructure, and property condition influence valuation.",Property Valuation
What affects property valuation? #2483,"Location, area, amenities, market demand, comparable sales, infrastructure, and property condition influence valuation.",Property Valuation
What affects property valuation? #2484,"Location, area, amenities, market demand, comparable sales, infrastructure, and property condition influence valuation.",Property Valuation
What affects property valuation? #2485,"Location, area, amenities, market demand, comparable sales, infrastructure, and property condition influence valuation.",Property Valuation
What affects property valuation? #2486,"Location, area, amenities, market demand, comparable sales, infrastructure, and property condition influence valuation.",Property Valuation
What affects property valuation? #2487,"Location, area, amenities, market demand, comparable sales, infrastructure, and property condition influence valuation.",Property Valuation
What affects property valuation? #2488,"Location, area, amenities, market demand, comparable sales, infrastructure, and property condition influence valuation.",Property Valuation
What affects property valuation? #2489,"Location, area, amenities, market demand, comparable sales, infrastructure, and property condition influence valuation.",Property Valuation
What affects property valuation? #2490,"Location, area, amenities, market demand, comparable sales, infrastructure, and property condition influence valuation.",Property Valuation
What affects property valuation? #2491,"Location, area, amenities, market demand, comparable sales, infrastructure, and property condition influence valuation.",Property Valuation
What affects property valuation? #2492,"Location, area, amenities, market demand, comparable sales, infrastructure, and property condition influence valuation.",Property Valuation
What affects property valuation? #2493,"Location, area, amenities, market demand, comparable sales, infrastructure, and property condition influence valuation.",Property Valuation
What affects property valuation? #2494,"Location, area, amenities, market demand, comparable sales, infrastructure, and property condition influence valuation.",Property Valuation
What affects property valuation? #2495,"Location, area, amenities, market demand, comparable sales, infrastructure, and property condition influence valuation.",Property Valuation
What affects property valuation? #2496,"Location, area, amenities, market demand, comparable sales, infrastructure, and property condition influence valuation.",Property Valuation
What affects property valuation? #2497,"Location, area, amenities, market demand, comparable sales, infrastructure, and property condition influence valuation.",Property Valuation
What affects property valuation? #2498,"Location, area, amenities, market demand, comparable sales, infrastructure, and property condition influence valuation.",Property Valuation
What affects property valuation? #2499,"Location, area, amenities, market demand, comparable sales, infrastructure, and property condition influence valuation.",Property Valuation
What affects property valuation? #2500,"Location, area, amenities, market demand, comparable sales, infrastructure, and property condition influence valuation.",Property Valuation
What affects property valuation? #2501,"Location, area, amenities, market demand, comparable sales, infrastructure, and property condition influence valuation.",Property Valuation
What affects property valuation? #2502,"Location, area, amenities, market demand, comparable sales, infrastructure, and property condition influence valuation.",Property Valuation
What affects property valuation? #2503,"Location, area, amenities, market demand, comparable sales, infrastructure, and property condition influence valuation.",Property Valuation
What affects property valuation? #2504,"Location, area, amenities, market demand, comparable sales, infrastructure, and property condition influence valuation.",Property Valuation
What affects property valuation? #2505,"Location, area, amenities, market demand, comparable sales, infrastructure, and property condition influence valuation.",Property Valuation
What affects property valuation? #2506,"Location, area, amenities, market demand, comparable sales, infrastructure, and property condition influence valuation.",Property Valuation
What affects property valuation? #2507,"Location, area, amenities, market demand, comparable sales, infrastructure, and property condition influence valuation.",Property Valuation
What affects property valuation? #2508,"Location, area, amenities, market demand, comparable sales, infrastructure, and property condition influence valuation.",Property Valuation
What affects property valuation? #2509,"Location, area, amenities, market demand, comparable sales, infrastructure, and property condition influence valuation.",Property Valuation
What affects property valuation? #2510,"Location, area, amenities, market demand, comparable sales, infrastructure, and property condition influence valuation.",Property Valuation
What affects property valuation? #2511,"Location, area, amenities, market demand, comparable sales, infrastructure, and property condition influence valuation.",Property Valuation
What affects property valuation? #2512,"Location, area, amenities, market demand, comparable sales, infrastructure, and property condition influence valuation.",Property Valuation
What affects property valuation? #2513,"Location, area, amenities, market demand, comparable sales, infrastructure, and property condition influence valuation.",Property Valuation
What affects property valuation? #2514,"Location, area, amenities, market demand, comparable sales, infrastructure, and property condition influence valuation.",Property Valuation
What affects property valuation? #2515,"Location, area, amenities, market demand, comparable sales, infrastructure, and property condition influence valuation.",Property Valuation
What affects property valuation? #2516,"Location, area, amenities, market demand, comparable sales, infrastructure, and property condition influence valuation.",Property Valuation
What affects property valuation? #2517,"Location, area, amenities, market demand, comparable sales, infrastructure, and property condition influence valuation.",Property Valuation
What affects property valuation? #2518,"Location, area, amenities, market demand, comparable sales, infrastructure, and property condition influence valuation.",Property Valuation
What affects property valuation? #2519,"Location, area, amenities, market demand, comparable sales, infrastructure, and property condition influence valuation.",Property Valuation
What affects property valuation? #2520,"Location, area, amenities, market demand, comparable sales, infrastructure, and property condition influence valuation.",Property Valuation
What affects property valuation? #2521,"Location, area, amenities, market demand, comparable sales, infrastructure, and property condition influence valuation.",Property Valuation
What affects property valuation? #2522,"Location, area, amenities, market demand, comparable sales, infrastructure, and property condition influence valuation.",Property Valuation
What affects property valuation? #2523,"Location, area, amenities, market demand, comparable sales, infrastructure, and property condition influence valuation.",Property Valuation
What affects property valuation? #2524,"Location, area, amenities, market demand, comparable sales, infrastructure, and property condition influence valuation.",Property Valuation
What affects property valuation? #2525,"Location, area, amenities, market demand, comparable sales, infrastructure, and property condition influence valuation.",Property Valuation
What affects property valuation? #2526,"Location, area, amenities, market demand, comparable sales, infrastructure, and property condition influence valuation.",Property Valuation
What affects property valuation? #2527,"Location, area, amenities, market demand, comparable sales, infrastructure, and property condition influence valuation.",Property Valuation
What affects property valuation? #2528,"Location, area, amenities, market demand, comparable sales, infrastructure, and property condition influence valuation.",Property Valuation
What affects property valuation? #2529,"Location, area, amenities, market demand, comparable sales, infrastructure, and property condition influence valuation.",Property Valuation
What affects property valuation? #2530,"Location, area, amenities, market demand, comparable sales, infrastructure, and property condition influence valuation.",Property Valuation
What affects property valuation? #2531,"Location, area, amenities, market demand, comparable sales, infrastructure, and property condition influence valuation.",Property Valuation
What affects property valuation? #2532,"Location, area, amenities, market demand, comparable sales, infrastructure, and property condition influence valuation.",Property Valuation
What affects property valuation? #2533,"Location, area, amenities, market demand, comparable sales, infrastructure, and property condition influence valuation.",Property Valuation
What affects property valuation? #2534,"Location, area, amenities, market demand, comparable sales, infrastructure, and property condition influence valuation.",Property Valuation
What affects property valuation? #2535,"Location, area, amenities, market demand, comparable sales, infrastructure, and property condition influence valuation.",Property Valuation
What affects property valuation? #2536,"Location, area, amenities, market demand, comparable sales, infrastructure, and property condition influence valuation.",Property Valuation
What affects property valuation? #2537,"Location, area, amenities, market demand, comparable sales, infrastructure, and property condition influence valuation.",Property Valuation
What affects property valuation? #2538,"Location, area, amenities, market demand, comparable sales, infrastructure, and property condition influence valuation.",Property Valuation
What affects property valuation? #2539,"Location, area, amenities, market demand, comparable sales, infrastructure, and property condition influence valuation.",Property Valuation
What affects property valuation? #2540,"Location, area, amenities, market demand, comparable sales, infrastructure, and property condition influence valuation.",Property Valuation
What affects property valuation? #2541,"Location, area, amenities, market demand, comparable sales, infrastructure, and property condition influence valuation.",Property Valuation
What affects property valuation? #2542,"Location, area, amenities, market demand, comparable sales, infrastructure, and property condition influence valuation.",Property Valuation
What affects property valuation? #2543,"Location, area, amenities, market demand, comparable sales, infrastructure, and property condition influence valuation.",Property Valuation
What affects property valuation? #2544,"Location, area, amenities, market demand, comparable sales, infrastructure, and property condition influence valuation.",Property Valuation
What affects property valuation? #2545,"Location, area, amenities, market demand, comparable sales, infrastructure, and property condition influence valuation.",Property Valuation
What affects property valuation? #2546,"Location, area, amenities, market demand, comparable sales, infrastructure, and property condition influence valuation.",Property Valuation
What affects property valuation? #2547,"Location, area, amenities, market demand, comparable sales, infrastructure, and property condition influence valuation.",Property Valuation
What affects property valuation? #2548,"Location, area, amenities, market demand, comparable sales, infrastructure, and property condition influence valuation.",Property Valuation
What affects property valuation? #2549,"Location, area, amenities, market demand, comparable sales, infrastructure, and property condition influence valuation.",Property Valuation
What affects property valuation? #2550,"Location, area, amenities, market demand, comparable sales, infrastructure, and property condition influence valuation.",Property Valuation
What affects property valuation? #2551,"Location, area, amenities, market demand, comparable sales, infrastructure, and property condition influence valuation.",Property Valuation
What affects property valuation? #2552,"Location, area, amenities, market demand, comparable sales, infrastructure, and property condition influence valuation.",Property Valuation
What affects property valuation? #2553,"Location, area, amenities, market demand, comparable sales, infrastructure, and property condition influence valuation.",Property Valuation
What affects property valuation? #2554,"Location, area, amenities, market demand, comparable sales, infrastructure, and property condition influence valuation.",Property Valuation
What affects property valuation? #2555,"Location, area, amenities, market demand, comparable sales, infrastructure, and property condition influence valuation.",Property Valuation
What affects property valuation? #2556,"Location, area, amenities, market demand, comparable sales, infrastructure, and property condition influence valuation.",Property Valuation
What affects property valuation? #2557,"Location, area, amenities, market demand, comparable sales, infrastructure, and property condition influence valuation.",Property Valuation
What affects property valuation? #2558,"Location, area, amenities, market demand, comparable sales, infrastructure, and property condition influence valuation.",Property Valuation
What affects property valuation? #2559,"Location, area, amenities, market demand, comparable sales, infrastructure, and property condition influence valuation.",Property Valuation
What affects property valuation? #2560,"Location, area, amenities, market demand, comparable sales, infrastructure, and property condition influence valuation.",Property Valuation
What affects property valuation? #2561,"Location, area, amenities, market demand, comparable sales, infrastructure, and property condition influence valuation.",Property Valuation
What affects property valuation? #2562,"Location, area, amenities, market demand, comparable sales, infrastructure, and property condition influence valuation.",Property Valuation
What affects property valuation? #2563,"Location, area, amenities, market demand, comparable sales, infrastructure, and property condition influence valuation.",Property Valuation
What affects property valuation? #2564,"Location, area, amenities, market demand, comparable sales, infrastructure, and property condition influence valuation.",Property Valuation
What affects property valuation? #2565,"Location, area, amenities, market demand, comparable sales, infrastructure, and property condition influence valuation.",Property Valuation
What affects property valuation? #2566,"Location, area, amenities, market demand, comparable sales, infrastructure, and property condition influence valuation.",Property Valuation
What affects property valuation? #2567,"Location, area, amenities, market demand, comparable sales, infrastructure, and property condition influence valuation.",Property Valuation
What affects property valuation? #2568,"Location, area, amenities, market demand, comparable sales, infrastructure, and property condition influence valuation.",Property Valuation
What affects property valuation? #2569,"Location, area, amenities, market demand, comparable sales, infrastructure, and property condition influence valuation.",Property Valuation
What affects property valuation? #2570,"Location, area, amenities, market demand, comparable sales, infrastructure, and property condition influence valuation.",Property Valuation
What affects property valuation? #2571,"Location, area, amenities, market demand, comparable sales, infrastructure, and property condition influence valuation.",Property Valuation
What affects property valuation? #2572,"Location, area, amenities, market demand, comparable sales, infrastructure, and property condition influence valuation.",Property Valuation
What affects property valuation? #2573,"Location, area, amenities, market demand, comparable sales, infrastructure, and property condition influence valuation.",Property Valuation
What affects property valuation? #2574,"Location, area, amenities, market demand, comparable sales, infrastructure, and property condition influence valuation.",Property Valuation
What affects property valuation? #2575,"Location, area, amenities, market demand, comparable sales, infrastructure, and property condition influence valuation.",Property Valuation
What affects property valuation? #2576,"Location, area, amenities, market demand, comparable sales, infrastructure, and property condition influence valuation.",Property Valuation
What affects property valuation? #2577,"Location, area, amenities, market demand, comparable sales, infrastructure, and property condition influence valuation.",Property Valuation
What affects property valuation? #2578,"Location, area, amenities, market demand, comparable sales, infrastructure, and property condition influence valuation.",Property Valuation
What affects property valuation? #2579,"Location, area, amenities, market demand, comparable sales, infrastructure, and property condition influence valuation.",Property Valuation
What affects property valuation? #2580,"Location, area, amenities, market demand, comparable sales, infrastructure, and property condition influence valuation.",Property Valuation
What affects property valuation? #2581,"Location, area, amenities, market demand, comparable sales, infrastructure, and property condition influence valuation.",Property Valuation
What affects property valuation? #2582,"Location, area, amenities, market demand, comparable sales, infrastructure, and property condition influence valuation.",Property Valuation
What affects property valuation? #2583,"Location, area, amenities, market demand, comparable sales, infrastructure, and property condition influence valuation.",Property Valuation
What affects property valuation? #2584,"Location, area, amenities, market demand, comparable sales, infrastructure, and property condition influence valuation.",Property Valuation
What affects property valuation? #2585,"Location, area, amenities, market demand, comparable sales, infrastructure, and property condition influence valuation.",Property Valuation
What affects property valuation? #2586,"Location, area, amenities, market demand, comparable sales, infrastructure, and property condition influence valuation.",Property Valuation
What affects property valuation? #2587,"Location, area, amenities, market demand, comparable sales, infrastructure, and property condition influence valuation.",Property Valuation
What affects property valuation? #2588,"Location, area, amenities, market demand, comparable sales, infrastructure, and property condition influence valuation.",Property Valuation
What affects property valuation? #2589,"Location, area, amenities, market demand, comparable sales, infrastructure, and property condition influence valuation.",Property Valuation
What affects property valuation? #2590,"Location, area, amenities, market demand, comparable sales, infrastructure, and property condition influence valuation.",Property Valuation
What affects property valuation? #2591,"Location, area, amenities, market demand, comparable sales, infrastructure, and property condition influence valuation.",Property Valuation
What affects property valuation? #2592,"Location, area, amenities, market demand, comparable sales, infrastructure, and property condition influence valuation.",Property Valuation
What affects property valuation? #2593,"Location, area, amenities, market demand, comparable sales, infrastructure, and property condition influence valuation.",Property Valuation
What affects property valuation? #2594,"Location, area, amenities, market demand, comparable sales, infrastructure, and property condition influence valuation.",Property Valuation
What affects property valuation? #2595,"Location, area, amenities, market demand, comparable sales, infrastructure, and property condition influence valuation.",Property Valuation
What affects property valuation? #2596,"Location, area, amenities, market demand, comparable sales, infrastructure, and property condition influence valuation.",Property Valuation
What affects property valuation? #2597,"Location, area, amenities, market demand, comparable sales, infrastructure, and property condition influence valuation.",Property Valuation
What affects property valuation? #2598,"Location, area, amenities, market demand, comparable sales, infrastructure, and property condition influence valuation.",Property Valuation
What affects property valuation? #2599,"Location, area, amenities, market demand, comparable sales, infrastructure, and property condition influence valuation.",Property Valuation
What affects property valuation? #2600,"Location, area, amenities, market demand, comparable sales, infrastructure, and property condition influence valuation.",Property Valuation
What affects property valuation? #2601,"Location, area, amenities, market demand, comparable sales, infrastructure, and property condition influence valuation.",Property Valuation
What affects property valuation? #2602,"Location, area, amenities, market demand, comparable sales, infrastructure, and property condition influence valuation.",Property Valuation
What affects property valuation? #2603,"Location, area, amenities, market demand, comparable sales, infrastructure, and property condition influence valuation.",Property Valuation
What affects property valuation? #2604,"Location, area, amenities, market demand, comparable sales, infrastructure, and property condition influence valuation.",Property Valuation
What affects property valuation? #2605,"Location, area, amenities, market demand, comparable sales, infrastructure, and property condition influence valuation.",Property Valuation
What affects property valuation? #2606,"Location, area, amenities, market demand, comparable sales, infrastructure, and property condition influence valuation.",Property Valuation
What affects property valuation? #2607,"Location, area, amenities, market demand, comparable sales, infrastructure, and property condition influence valuation.",Property Valuation
What affects property valuation? #2608,"Location, area, amenities, market demand, comparable sales, infrastructure, and property condition influence valuation.",Property Valuation
What affects property valuation? #2609,"Location, area, amenities, market demand, comparable sales, infrastructure, and property condition influence valuation.",Property Valuation
What affects property valuation? #2610,"Location, area, amenities, market demand, comparable sales, infrastructure, and property condition influence valuation.",Property Valuation
What affects property valuation? #2611,"Location, area, amenities, market demand, comparable sales, infrastructure, and property condition influence valuation.",Property Valuation
What affects property valuation? #2612,"Location, area, amenities, market demand, comparable sales, infrastructure, and property condition influence valuation.",Property Valuation
What affects property valuation? #2613,"Location, area, amenities, market demand, comparable sales, infrastructure, and property condition influence valuation.",Property Valuation
What affects property valuation? #2614,"Location, area, amenities, market demand, comparable sales, infrastructure, and property condition influence valuation.",Property Valuation
What affects property valuation? #2615,"Location, area, amenities, market demand, comparable sales, infrastructure, and property condition influence valuation.",Property Valuation
What affects property valuation? #2616,"Location, area, amenities, market demand, comparable sales, infrastructure, and property condition influence valuation.",Property Valuation
What affects property valuation? #2617,"Location, area, amenities, market demand, comparable sales, infrastructure, and property condition influence valuation.",Property Valuation
What affects property valuation? #2618,"Location, area, amenities, market demand, comparable sales, infrastructure, and property condition influence valuation.",Property Valuation
What affects property valuation? #2619,"Location, area, amenities, market demand, comparable sales, infrastructure, and property condition influence valuation.",Property Valuation
What affects property valuation? #2620,"Location, area, amenities, market demand, comparable sales, infrastructure, and property condition influence valuation.",Property Valuation
What affects property valuation? #2621,"Location, area, amenities, market demand, comparable sales, infrastructure, and property condition influence valuation.",Property Valuation
What affects property valuation? #2622,"Location, area, amenities, market demand, comparable sales, infrastructure, and property condition influence valuation.",Property Valuation
What affects property valuation? #2623,"Location, area, amenities, market demand, comparable sales, infrastructure, and property condition influence valuation.",Property Valuation
What affects property valuation? #2624,"Location, area, amenities, market demand, comparable sales, infrastructure, and property condition influence valuation.",Property Valuation
What affects property valuation? #2625,"Location, area, amenities, market demand, comparable sales, infrastructure, and property condition influence valuation.",Property Valuation
What affects property valuation? #2626,"Location, area, amenities, market demand, comparable sales, infrastructure, and property condition influence valuation.",Property Valuation
What affects property valuation? #2627,"Location, area, amenities, market demand, comparable sales, infrastructure, and property condition influence valuation.",Property Valuation
What affects property valuation? #2628,"Location, area, amenities, market demand, comparable sales, infrastructure, and property condition influence valuation.",Property Valuation
What affects property valuation? #2629,"Location, area, amenities, market demand, comparable sales, infrastructure, and property condition influence valuation.",Property Valuation
What affects property valuation? #2630,"Location, area, amenities, market demand, comparable sales, infrastructure, and property condition influence valuation.",Property Valuation
What affects property valuation? #2631,"Location, area, amenities, market demand, comparable sales, infrastructure, and property condition influence valuation.",Property Valuation
What affects property valuation? #2632,"Location, area, amenities, market demand, comparable sales, infrastructure, and property condition influence valuation.",Property Valuation
What affects property valuation? #2633,"Location, area, amenities, market demand, comparable sales, infrastructure, and property condition influence valuation.",Property Valuation
What affects property valuation? #2634,"Location, area, amenities, market demand, comparable sales, infrastructure, and property condition influence valuation.",Property Valuation
What affects property valuation? #2635,"Location, area, amenities, market demand, comparable sales, infrastructure, and property condition influence valuation.",Property Valuation
What affects property valuation? #2636,"Location, area, amenities, market demand, comparable sales, infrastructure, and property condition influence valuation.",Property Valuation
What affects property valuation? #2637,"Location, area, amenities, market demand, comparable sales, infrastructure, and property condition influence valuation.",Property Valuation
What affects property valuation? #2638,"Location, area, amenities, market demand, comparable sales, infrastructure, and property condition influence valuation.",Property Valuation
What affects property valuation? #2639,"Location, area, amenities, market demand, comparable sales, infrastructure, and property condition influence valuation.",Property Valuation
What affects property valuation? #2640,"Location, area, amenities, market demand, comparable sales, infrastructure, and property condition influence valuation.",Property Valuation
What affects property valuation? #2641,"Location, area, amenities, market demand, comparable sales, infrastructure, and property condition influence valuation.",Property Valuation
What affects property valuation? #2642,"Location, area, amenities, market demand, comparable sales, infrastructure, and property condition influence valuation.",Property Valuation
What affects property valuation? #2643,"Location, area, amenities, market demand, comparable sales, infrastructure, and property condition influence valuation.",Property Valuation
What affects property valuation? #2644,"Location, area, amenities, market demand, comparable sales, infrastructure, and property condition influence valuation.",Property Valuation
What affects property valuation? #2645,"Location, area, amenities, market demand, comparable sales, infrastructure, and property condition influence valuation.",Property Valuation
What affects property valuation? #2646,"Location, area, amenities, market demand, comparable sales, infrastructure, and property condition influence valuation.",Property Valuation
What affects property valuation? #2647,"Location, area, amenities, market demand, comparable sales, infrastructure, and property condition influence valuation.",Property Valuation
What affects property valuation? #2648,"Location, area, amenities, market demand, comparable sales, infrastructure, and property condition influence valuation.",Property Valuation
What affects property valuation? #2649,"Location, area, amenities, market demand, comparable sales, infrastructure, and property condition influence valuation.",Property Valuation
What affects property valuation? #2650,"Location, area, amenities, market demand, comparable sales, infrastructure, and property condition influence valuation.",Property Valuation
What affects property valuation? #2651,"Location, area, amenities, market demand, comparable sales, infrastructure, and property condition influence valuation.",Property Valuation
What affects property valuation? #2652,"Location, area, amenities, market demand, comparable sales, infrastructure, and property condition influence valuation.",Property Valuation
What affects property valuation? #2653,"Location, area, amenities, market demand, comparable sales, infrastructure, and property condition influence valuation.",Property Valuation
What affects property valuation? #2654,"Location, area, amenities, market demand, comparable sales, infrastructure, and property condition influence valuation.",Property Valuation
What affects property valuation? #2655,"Location, area, amenities, market demand, comparable sales, infrastructure, and property condition influence valuation.",Property Valuation
What affects property valuation? #2656,"Location, area, amenities, market demand, comparable sales, infrastructure, and property condition influence valuation.",Property Valuation
What affects property valuation? #2657,"Location, area, amenities, market demand, comparable sales, infrastructure, and property condition influence valuation.",Property Valuation
What affects property valuation? #2658,"Location, area, amenities, market demand, comparable sales, infrastructure, and property condition influence valuation.",Property Valuation
What affects property valuation? #2659,"Location, area, amenities, market demand, comparable sales, infrastructure, and property condition influence valuation.",Property Valuation
What affects property valuation? #2660,"Location, area, amenities, market demand, comparable sales, infrastructure, and property condition influence valuation.",Property Valuation
What affects property valuation? #2661,"Location, area, amenities, market demand, comparable sales, infrastructure, and property condition influence valuation.",Property Valuation
What affects property valuation? #2662,"Location, area, amenities, market demand, comparable sales, infrastructure, and property condition influence valuation.",Property Valuation
What affects property valuation? #2663,"Location, area, amenities, market demand, comparable sales, infrastructure, and property condition influence valuation.",Property Valuation
What affects property valuation? #2664,"Location, area, amenities, market demand, comparable sales, infrastructure, and property condition influence valuation.",Property Valuation
What affects property valuation? #2665,"Location, area, amenities, market demand, comparable sales, infrastructure, and property condition influence valuation.",Property Valuation
What affects property valuation? #2666,"Location, area, amenities, market demand, comparable sales, infrastructure, and property condition influence valuation.",Property Valuation
What affects property valuation? #2667,"Location, area, amenities, market demand, comparable sales, infrastructure, and property condition influence valuation.",Property Valuation
What affects property valuation? #2668,"Location, area, amenities, market demand, comparable sales, infrastructure, and property condition influence valuation.",Property Valuation
What affects property valuation? #2669,"Location, area, amenities, market demand, comparable sales, infrastructure, and property condition influence valuation.",Property Valuation
What affects property valuation? #2670,"Location, area, amenities, market demand, comparable sales, infrastructure, and property condition influence valuation.",Property Valuation
What affects property valuation? #2671,"Location, area, amenities, market demand, comparable sales, infrastructure, and property condition influence valuation.",Property Valuation
What affects property valuation? #2672,"Location, area, amenities, market demand, comparable sales, infrastructure, and property condition influence valuation.",Property Valuation
What affects property valuation? #2673,"Location, area, amenities, market demand, comparable sales, infrastructure, and property condition influence valuation.",Property Valuation
What affects property valuation? #2674,"Location, area, amenities, market demand, comparable sales, infrastructure, and property condition influence valuation.",Property Valuation
What affects property valuation? #2675,"Location, area, amenities, market demand, comparable sales, infrastructure, and property condition influence valuation.",Property Valuation
What affects property valuation? #2676,"Location, area, amenities, market demand, comparable sales, infrastructure, and property condition influence valuation.",Property Valuation
What affects property valuation? #2677,"Location, area, amenities, market demand, comparable sales, infrastructure, and property condition influence valuation.",Property Valuation
What affects property valuation? #2678,"Location, area, amenities, market demand, comparable sales, infrastructure, and property condition influence valuation.",Property Valuation
What affects property valuation? #2679,"Location, area, amenities, market demand, comparable sales, infrastructure, and property condition influence valuation.",Property Valuation
What affects property valuation? #2680,"Location, area, amenities, market demand, comparable sales, infrastructure, and property condition influence valuation.",Property Valuation
What affects property valuation? #2681,"Location, area, amenities, market demand, comparable sales, infrastructure, and property condition influence valuation.",Property Valuation
What affects property valuation? #2682,"Location, area, amenities, market demand, comparable sales, infrastructure, and property condition influence valuation.",Property Valuation
What affects property valuation? #2683,"Location, area, amenities, market demand, comparable sales, infrastructure, and property condition influence valuation.",Property Valuation
What affects property valuation? #2684,"Location, area, amenities, market demand, comparable sales, infrastructure, and property condition influence valuation.",Property Valuation
What affects property valuation? #2685,"Location, area, amenities, market demand, comparable sales, infrastructure, and property condition influence valuation.",Property Valuation
What affects property valuation? #2686,"Location, area, amenities, market demand, comparable sales, infrastructure, and property condition influence valuation.",Property Valuation
What affects property valuation? #2687,"Location, area, amenities, market demand, comparable sales, infrastructure, and property condition influence valuation.",Property Valuation
What affects property valuation? #2688,"Location, area, amenities, market demand, comparable sales, infrastructure, and property condition influence valuation.",Property Valuation
What affects property valuation? #2689,"Location, area, amenities, market demand, comparable sales, infrastructure, and property condition influence valuation.",Property Valuation
What affects property valuation? #2690,"Location, area, amenities, market demand, comparable sales, infrastructure, and property condition influence valuation.",Property Valuation
What affects property valuation? #2691,"Location, area, amenities, market demand, comparable sales, infrastructure, and property condition influence valuation.",Property Valuation
What affects property valuation? #2692,"Location, area, amenities, market demand, comparable sales, infrastructure, and property condition influence valuation.",Property Valuation
What affects property valuation? #2693,"Location, area, amenities, market demand, comparable sales, infrastructure, and property condition influence valuation.",Property Valuation
What affects property valuation? #2694,"Location, area, amenities, market demand, comparable sales, infrastructure, and property condition influence valuation.",Property Valuation
What affects property valuation? #2695,"Location, area, amenities, market demand, comparable sales, infrastructure, and property condition influence valuation.",Property Valuation
What affects property valuation? #2696,"Location, area, amenities, market demand, comparable sales, infrastructure, and property condition influence valuation.",Property Valuation
What affects property valuation? #2697,"Location, area, amenities, market demand, comparable sales, infrastructure, and property condition influence valuation.",Property Valuation
What affects property valuation? #2698,"Location, area, amenities, market demand, comparable sales, infrastructure, and property condition influence valuation.",Property Valuation
What affects property valuation? #2699,"Location, area, amenities, market demand, comparable sales, infrastructure, and property condition influence valuation.",Property Valuation
What affects property valuation? #2700,"Location, area, amenities, market demand, comparable sales, infrastructure, and property condition influence valuation.",Property Valuation
What affects property valuation? #2701,"Location, area, amenities, market demand, comparable sales, infrastructure, and property condition influence valuation.",Property Valuation
What affects property valuation? #2702,"Location, area, amenities, market demand, comparable sales, infrastructure, and property condition influence valuation.",Property Valuation
What affects property valuation? #2703,"Location, area, amenities, market demand, comparable sales, infrastructure, and property condition influence valuation.",Property Valuation
What affects property valuation? #2704,"Location, area, amenities, market demand, comparable sales, infrastructure, and property condition influence valuation.",Property Valuation
What affects property valuation? #2705,"Location, area, amenities, market demand, comparable sales, infrastructure, and property condition influence valuation.",Property Valuation
What affects property valuation? #2706,"Location, area, amenities, market demand, comparable sales, infrastructure, and property condition influence valuation.",Property Valuation
What affects property valuation? #2707,"Location, area, amenities, market demand, comparable sales, infrastructure, and property condition influence valuation.",Property Valuation
What affects property valuation? #2708,"Location, area, amenities, market demand, comparable sales, infrastructure, and property condition influence valuation.",Property Valuation
What affects property valuation? #2709,"Location, area, amenities, market demand, comparable sales, infrastructure, and property condition influence valuation.",Property Valuation
What affects property valuation? #2710,"Location, area, amenities, market demand, comparable sales, infrastructure, and property condition influence valuation.",Property Valuation
What affects property valuation? #2711,"Location, area, amenities, market demand, comparable sales, infrastructure, and property condition influence valuation.",Property Valuation
What affects property valuation? #2712,"Location, area, amenities, market demand, comparable sales, infrastructure, and property condition influence valuation.",Property Valuation
What affects property valuation? #2713,"Location, area, amenities, market demand, comparable sales, infrastructure, and property condition influence valuation.",Property Valuation
What affects property valuation? #2714,"Location, area, amenities, market demand, comparable sales, infrastructure, and property condition influence valuation.",Property Valuation
What affects property valuation? #2715,"Location, area, amenities, market demand, comparable sales, infrastructure, and property condition influence valuation.",Property Valuation
What affects property valuation? #2716,"Location, area, amenities, market demand, comparable sales, infrastructure, and property condition influence valuation.",Property Valuation
What affects property valuation? #2717,"Location, area, amenities, market demand, comparable sales, infrastructure, and property condition influence valuation.",Property Valuation
What affects property valuation? #2718,"Location, area, amenities, market demand, comparable sales, infrastructure, and property condition influence valuation.",Property Valuation
What affects property valuation? #2719,"Location, area, amenities, market demand, comparable sales, infrastructure, and property condition influence valuation.",Property Valuation
What affects property valuation? #2720,"Location, area, amenities, market demand, comparable sales, infrastructure, and property condition influence valuation.",Property Valuation
What affects property valuation? #2721,"Location, area, amenities, market demand, comparable sales, infrastructure, and property condition influence valuation.",Property Valuation
What affects property valuation? #2722,"Location, area, amenities, market demand, comparable sales, infrastructure, and property condition influence valuation.",Property Valuation
What affects property valuation? #2723,"Location, area, amenities, market demand, comparable sales, infrastructure, and property condition influence valuation.",Property Valuation
What affects property valuation? #2724,"Location, area, amenities, market demand, comparable sales, infrastructure, and property condition influence valuation.",Property Valuation
What affects property valuation? #2725,"Location, area, amenities, market demand, comparable sales, infrastructure, and property condition influence valuation.",Property Valuation
What affects property valuation? #2726,"Location, area, amenities, market demand, comparable sales, infrastructure, and property condition influence valuation.",Property Valuation
What affects property valuation? #2727,"Location, area, amenities, market demand, comparable sales, infrastructure, and property condition influence valuation.",Property Valuation
What affects property valuation? #2728,"Location, area, amenities, market demand, comparable sales, infrastructure, and property condition influence valuation.",Property Valuation
What affects property valuation? #2729,"Location, area, amenities, market demand, comparable sales, infrastructure, and property condition influence valuation.",Property Valuation
What affects property valuation? #2730,"Location, area, amenities, market demand, comparable sales, infrastructure, and property condition influence valuation.",Property Valuation
What affects property valuation? #2731,"Location, area, amenities, market demand, comparable sales, infrastructure, and property condition influence valuation.",Property Valuation
What affects property valuation? #2732,"Location, area, amenities, market demand, comparable sales, infrastructure, and property condition influence valuation.",Property Valuation
What affects property valuation? #2733,"Location, area, amenities, market demand, comparable sales, infrastructure, and property condition influence valuation.",Property Valuation
What affects property valuation? #2734,"Location, area, amenities, market demand, comparable sales, infrastructure, and property condition influence valuation.",Property Valuation
What affects property valuation? #2735,"Location, area, amenities, market demand, comparable sales, infrastructure, and property condition influence valuation.",Property Valuation
What affects property valuation? #2736,"Location, area, amenities, market demand, comparable sales, infrastructure, and property condition influence valuation.",Property Valuation
What affects property valuation? #2737,"Location, area, amenities, market demand, comparable sales, infrastructure, and property condition influence valuation.",Property Valuation
What affects property valuation? #2738,"Location, area, amenities, market demand, comparable sales, infrastructure, and property condition influence valuation.",Property Valuation
What affects property valuation? #2739,"Location, area, amenities, market demand, comparable sales, infrastructure, and property condition influence valuation.",Property Valuation
What affects property valuation? #2740,"Location, area, amenities, market demand, comparable sales, infrastructure, and property condition influence valuation.",Property Valuation
What affects property valuation? #2741,"Location, area, amenities, market demand, comparable sales, infrastructure, and property condition influence valuation.",Property Valuation
What affects property valuation? #2742,"Location, area, amenities, market demand, comparable sales, infrastructure, and property condition influence valuation.",Property Valuation
What affects property valuation? #2743,"Location, area, amenities, market demand, comparable sales, infrastructure, and property condition influence valuation.",Property Valuation
What affects property valuation? #2744,"Location, area, amenities, market demand, comparable sales, infrastructure, and property condition influence valuation.",Property Valuation
What affects property valuation? #2745,"Location, area, amenities, market demand, comparable sales, infrastructure, and property condition influence valuation.",Property Valuation
What affects property valuation? #2746,"Location, area, amenities, market demand, comparable sales, infrastructure, and property condition influence valuation.",Property Valuation
What affects property valuation? #2747,"Location, area, amenities, market demand, comparable sales, infrastructure, and property condition influence valuation.",Property Valuation
What affects property valuation? #2748,"Location, area, amenities, market demand, comparable sales, infrastructure, and property condition influence valuation.",Property Valuation
What affects property valuation? #2749,"Location, area, amenities, market demand, comparable sales, infrastructure, and property condition influence valuation.",Property Valuation
What affects property valuation? #2750,"Location, area, amenities, market demand, comparable sales, infrastructure, and property condition influence valuation.",Property Valuation
What affects property valuation? #2751,"Location, area, amenities, market demand, comparable sales, infrastructure, and property condition influence valuation.",Property Valuation
What affects property valuation? #2752,"Location, area, amenities, market demand, comparable sales, infrastructure, and property condition influence valuation.",Property Valuation
What affects property valuation? #2753,"Location, area, amenities, market demand, comparable sales, infrastructure, and property condition influence valuation.",Property Valuation
What affects property valuation? #2754,"Location, area, amenities, market demand, comparable sales, infrastructure, and property condition influence valuation.",Property Valuation
What affects property valuation? #2755,"Location, area, amenities, market demand, comparable sales, infrastructure, and property condition influence valuation.",Property Valuation
What affects property valuation? #2756,"Location, area, amenities, market demand, comparable sales, infrastructure, and property condition influence valuation.",Property Valuation
What affects property valuation? #2757,"Location, area, amenities, market demand, comparable sales, infrastructure, and property condition influence valuation.",Property Valuation
What affects property valuation? #2758,"Location, area, amenities, market demand, comparable sales, infrastructure, and property condition influence valuation.",Property Valuation
What affects property valuation? #2759,"Location, area, amenities, market demand, comparable sales, infrastructure, and property condition influence valuation.",Property Valuation
What affects property valuation? #2760,"Location, area, amenities, market demand, comparable sales, infrastructure, and property condition influence valuation.",Property Valuation
What affects property valuation? #2761,"Location, area, amenities, market demand, comparable sales, infrastructure, and property condition influence valuation.",Property Valuation
What affects property valuation? #2762,"Location, area, amenities, market demand, comparable sales, infrastructure, and property condition influence valuation.",Property Valuation
What affects property valuation? #2763,"Location, area, amenities, market demand, comparable sales, infrastructure, and property condition influence valuation.",Property Valuation
What affects property valuation? #2764,"Location, area, amenities, market demand, comparable sales, infrastructure, and property condition influence valuation.",Property Valuation
What affects property valuation? #2765,"Location, area, amenities, market demand, comparable sales, infrastructure, and property condition influence valuation.",Property Valuation
What affects property valuation? #2766,"Location, area, amenities, market demand, comparable sales, infrastructure, and property condition influence valuation.",Property Valuation
What affects property valuation? #2767,"Location, area, amenities, market demand, comparable sales, infrastructure, and property condition influence valuation.",Property Valuation
What affects property valuation? #2768,"Location, area, amenities, market demand, comparable sales, infrastructure, and property condition influence valuation.",Property Valuation
What affects property valuation? #2769,"Location, area, amenities, market demand, comparable sales, infrastructure, and property condition influence valuation.",Property Valuation
What affects property valuation? #2770,"Location, area, amenities, market demand, comparable sales, infrastructure, and property condition influence valuation.",Property Valuation
What affects property valuation? #2771,"Location, area, amenities, market demand, comparable sales, infrastructure, and property condition influence valuation.",Property Valuation
What affects property valuation? #2772,"Location, area, amenities, market demand, comparable sales, infrastructure, and property condition influence valuation.",Property Valuation
What affects property valuation? #2773,"Location, area, amenities, market demand, comparable sales, infrastructure, and property condition influence valuation.",Property Valuation
What affects property valuation? #2774,"Location, area, amenities, market demand, comparable sales, infrastructure, and property condition influence valuation.",Property Valuation
What affects property valuation? #2775,"Location, area, amenities, market demand, comparable sales, infrastructure, and property condition influence valuation.",Property Valuation
What affects property valuation? #2776,"Location, area, amenities, market demand, comparable sales, infrastructure, and property condition influence valuation.",Property Valuation
What affects property valuation? #2777,"Location, area, amenities, market demand, comparable sales, infrastructure, and property condition influence valuation.",Property Valuation
What affects property valuation? #2778,"Location, area, amenities, market demand, comparable sales, infrastructure, and property condition influence valuation.",Property Valuation
What affects property valuation? #2779,"Location, area, amenities, market demand, comparable sales, infrastructure, and property condition influence valuation.",Property Valuation
What affects property valuation? #2780,"Location, area, amenities, market demand, comparable sales, infrastructure, and property condition influence valuation.",Property Valuation
What affects property valuation? #2781,"Location, area, amenities, market demand, comparable sales, infrastructure, and property condition influence valuation.",Property Valuation
What affects property valuation? #2782,"Location, area, amenities, market demand, comparable sales, infrastructure, and property condition influence valuation.",Property Valuation
What affects property valuation? #2783,"Location, area, amenities, market demand, comparable sales, infrastructure, and property condition influence valuation.",Property Valuation
What affects property valuation? #2784,"Location, area, amenities, market demand, comparable sales, infrastructure, and property condition influence valuation.",Property Valuation
What affects property valuation? #2785,"Location, area, amenities, market demand, comparable sales, infrastructure, and property condition influence valuation.",Property Valuation
What affects property valuation? #2786,"Location, area, amenities, market demand, comparable sales, infrastructure, and property condition influence valuation.",Property Valuation
What affects property valuation? #2787,"Location, area, amenities, market demand, comparable sales, infrastructure, and property condition influence valuation.",Property Valuation
What affects property valuation? #2788,"Location, area, amenities, market demand, comparable sales, infrastructure, and property condition influence valuation.",Property Valuation
What affects property valuation? #2789,"Location, area, amenities, market demand, comparable sales, infrastructure, and property condition influence valuation.",Property Valuation
What affects property valuation? #2790,"Location, area, amenities, market demand, comparable sales, infrastructure, and property condition influence valuation.",Property Valuation
What affects property valuation? #2791,"Location, area, amenities, market demand, comparable sales, infrastructure, and property condition influence valuation.",Property Valuation
What affects property valuation? #2792,"Location, area, amenities, market demand, comparable sales, infrastructure, and property condition influence valuation.",Property Valuation
What affects property valuation? #2793,"Location, area, amenities, market demand, comparable sales, infrastructure, and property condition influence valuation.",Property Valuation
What affects property valuation? #2794,"Location, area, amenities, market demand, comparable sales, infrastructure, and property condition influence valuation.",Property Valuation
What affects property valuation? #2795,"Location, area, amenities, market demand, comparable sales, infrastructure, and property condition influence valuation.",Property Valuation
What affects property valuation? #2796,"Location, area, amenities, market demand, comparable sales, infrastructure, and property condition influence valuation.",Property Valuation
What affects property valuation? #2797,"Location, area, amenities, market demand, comparable sales, infrastructure, and property condition influence valuation.",Property Valuation
What affects property valuation? #2798,"Location, area, amenities, market demand, comparable sales, infrastructure, and property condition influence valuation.",Property Valuation
What affects property valuation? #2799,"Location, area, amenities, market demand, comparable sales, infrastructure, and property condition influence valuation.",Property Valuation
What affects property valuation? #2800,"Location, area, amenities, market demand, comparable sales, infrastructure, and property condition influence valuation.",Property Valuation
What affects property valuation? #2801,"Location, area, amenities, market demand, comparable sales, infrastructure, and property condition influence valuation.",Property Valuation
What affects property valuation? #2802,"Location, area, amenities, market demand, comparable sales, infrastructure, and property condition influence valuation.",Property Valuation
What affects property valuation? #2803,"Location, area, amenities, market demand, comparable sales, infrastructure, and property condition influence valuation.",Property Valuation
What affects property valuation? #2804,"Location, area, amenities, market demand, comparable sales, infrastructure, and property condition influence valuation.",Property Valuation
What affects property valuation? #2805,"Location, area, amenities, market demand, comparable sales, infrastructure, and property condition influence valuation.",Property Valuation
What affects property valuation? #2806,"Location, area, amenities, market demand, comparable sales, infrastructure, and property condition influence valuation.",Property Valuation
What affects property valuation? #2807,"Location, area, amenities, market demand, comparable sales, infrastructure, and property condition influence valuation.",Property Valuation
What affects property valuation? #2808,"Location, area, amenities, market demand, comparable sales, infrastructure, and property condition influence valuation.",Property Valuation
What affects property valuation? #2809,"Location, area, amenities, market demand, comparable sales, infrastructure, and property condition influence valuation.",Property Valuation
What affects property valuation? #2810,"Location, area, amenities, market demand, comparable sales, infrastructure, and property condition influence valuation.",Property Valuation
What affects property valuation? #2811,"Location, area, amenities, market demand, comparable sales, infrastructure, and property condition influence valuation.",Property Valuation
What affects property valuation? #2812,"Location, area, amenities, market demand, comparable sales, infrastructure, and property condition influence valuation.",Property Valuation
What affects property valuation? #2813,"Location, area, amenities, market demand, comparable sales, infrastructure, and property condition influence valuation.",Property Valuation
What affects property valuation? #2814,"Location, area, amenities, market demand, comparable sales, infrastructure, and property condition influence valuation.",Property Valuation
What affects property valuation? #2815,"Location, area, amenities, market demand, comparable sales, infrastructure, and property condition influence valuation.",Property Valuation
What affects property valuation? #2816,"Location, area, amenities, market demand, comparable sales, infrastructure, and property condition influence valuation.",Property Valuation
What affects property valuation? #2817,"Location, area, amenities, market demand, comparable sales, infrastructure, and property condition influence valuation.",Property Valuation
What affects property valuation? #2818,"Location, area, amenities, market demand, comparable sales, infrastructure, and property condition influence valuation.",Property Valuation
What affects property valuation? #2819,"Location, area, amenities, market demand, comparable sales, infrastructure, and property condition influence valuation.",Property Valuation
What affects property valuation? #2820,"Location, area, amenities, market demand, comparable sales, infrastructure, and property condition influence valuation.",Property Valuation
What affects property valuation? #2821,"Location, area, amenities, market demand, comparable sales, infrastructure, and property condition influence valuation.",Property Valuation
What affects property valuation? #2822,"Location, area, amenities, market demand, comparable sales, infrastructure, and property condition influence valuation.",Property Valuation
What affects property valuation? #2823,"Location, area, amenities, market demand, comparable sales, infrastructure, and property condition influence valuation.",Property Valuation
What affects property valuation? #2824,"Location, area, amenities, market demand, comparable sales, infrastructure, and property condition influence valuation.",Property Valuation
What affects property valuation? #2825,"Location, area, amenities, market demand, comparable sales, infrastructure, and property condition influence valuation.",Property Valuation
What affects property valuation? #2826,"Location, area, amenities, market demand, comparable sales, infrastructure, and property condition influence valuation.",Property Valuation
What affects property valuation? #2827,"Location, area, amenities, market demand, comparable sales, infrastructure, and property condition influence valuation.",Property Valuation
What affects property valuation? #2828,"Location, area, amenities, market demand, comparable sales, infrastructure, and property condition influence valuation.",Property Valuation
What affects property valuation? #2829,"Location, area, amenities, market demand, comparable sales, infrastructure, and property condition influence valuation.",Property Valuation
What affects property valuation? #2830,"Location, area, amenities, market demand, comparable sales, infrastructure, and property condition influence valuation.",Property Valuation
What affects property valuation? #2831,"Location, area, amenities, market demand, comparable sales, infrastructure, and property condition influence valuation.",Property Valuation
What affects property valuation? #2832,"Location, area, amenities, market demand, comparable sales, infrastructure, and property condition influence valuation.",Property Valuation
What affects property valuation? #2833,"Location, area, amenities, market demand, comparable sales, infrastructure, and property condition influence valuation.",Property Valuation
What affects property valuation? #2834,"Location, area, amenities, market demand, comparable sales, infrastructure, and property condition influence valuation.",Property Valuation
What affects property valuation? #2835,"Location, area, amenities, market demand, comparable sales, infrastructure, and property condition influence valuation.",Property Valuation
What affects property valuation? #2836,"Location, area, amenities, market demand, comparable sales, infrastructure, and property condition influence valuation.",Property Valuation
What affects property valuation? #2837,"Location, area, amenities, market demand, comparable sales, infrastructure, and property condition influence valuation.",Property Valuation
What affects property valuation? #2838,"Location, area, amenities, market demand, comparable sales, infrastructure, and property condition influence valuation.",Property Valuation
What affects property valuation? #2839,"Location, area, amenities, market demand, comparable sales, infrastructure, and property condition influence valuation.",Property Valuation
What affects property valuation? #2840,"Location, area, amenities, market demand, comparable sales, infrastructure, and property condition influence valuation.",Property Valuation
What affects property valuation? #2841,"Location, area, amenities, market demand, comparable sales, infrastructure, and property condition influence valuation.",Property Valuation
What affects property valuation? #2842,"Location, area, amenities, market demand, comparable sales, infrastructure, and property condition influence valuation.",Property Valuation
What affects property valuation? #2843,"Location, area, amenities, market demand, comparable sales, infrastructure, and property condition influence valuation.",Property Valuation
What affects property valuation? #2844,"Location, area, amenities, market demand, comparable sales, infrastructure, and property condition influence valuation.",Property Valuation
What affects property valuation? #2845,"Location, area, amenities, market demand, comparable sales, infrastructure, and property condition influence valuation.",Property Valuation
What affects property valuation? #2846,"Location, area, amenities, market demand, comparable sales, infrastructure, and property condition influence valuation.",Property Valuation
What affects property valuation? #2847,"Location, area, amenities, market demand, comparable sales, infrastructure, and property condition influence valuation.",Property Valuation
What affects property valuation? #2848,"Location, area, amenities, market demand, comparable sales, infrastructure, and property condition influence valuation.",Property Valuation
What affects property valuation? #2849,"Location, area, amenities, market demand, comparable sales, infrastructure, and property condition influence valuation.",Property Valuation
What affects property valuation? #2850,"Location, area, amenities, market demand, comparable sales, infrastructure, and property condition influence valuation.",Property Valuation
What affects property valuation? #2851,"Location, area, amenities, market demand, comparable sales, infrastructure, and property condition influence valuation.",Property Valuation
What affects property valuation? #2852,"Location, area, amenities, market demand, comparable sales, infrastructure, and property condition influence valuation.",Property Valuation
What affects property valuation? #2853,"Location, area, amenities, market demand, comparable sales, infrastructure, and property condition influence valuation.",Property Valuation
What affects property valuation? #2854,"Location, area, amenities, market demand, comparable sales, infrastructure, and property condition influence valuation.",Property Valuation
What affects property valuation? #2855,"Location, area, amenities, market demand, comparable sales, infrastructure, and property condition influence valuation.",Property Valuation
What affects property valuation? #2856,"Location, area, amenities, market demand, comparable sales, infrastructure, and property condition influence valuation.",Property Valuation
What affects property valuation? #2857,"Location, area, amenities, market demand, comparable sales, infrastructure, and property condition influence valuation.",Property Valuation
What affects property valuation? #2858,"Location, area, amenities, market demand, comparable sales, infrastructure, and property condition influence valuation.",Property Valuation
What affects property valuation? #2859,"Location, area, amenities, market demand, comparable sales, infrastructure, and property condition influence valuation.",Property Valuation
What affects property valuation? #2860,"Location, area, amenities, market demand, comparable sales, infrastructure, and property condition influence valuation.",Property Valuation
What affects property valuation? #2861,"Location, area, amenities, market demand, comparable sales, infrastructure, and property condition influence valuation.",Property Valuation
What affects property valuation? #2862,"Location, area, amenities, market demand, comparable sales, infrastructure, and property condition influence valuation.",Property Valuation
What affects property valuation? #2863,"Location, area, amenities, market demand, comparable sales, infrastructure, and property condition influence valuation.",Property Valuation
What affects property valuation? #2864,"Location, area, amenities, market demand, comparable sales, infrastructure, and property condition influence valuation.",Property Valuation
What affects property valuation? #2865,"Location, area, amenities, market demand, comparable sales, infrastructure, and property condition influence valuation.",Property Valuation
What affects property valuation? #2866,"Location, area, amenities, market demand, comparable sales, infrastructure, and property condition influence valuation.",Property Valuation
What affects property valuation? #2867,"Location, area, amenities, market demand, comparable sales, infrastructure, and property condition influence valuation.",Property Valuation
What affects property valuation? #2868,"Location, area, amenities, market demand, comparable sales, infrastructure, and property condition influence valuation.",Property Valuation
What affects property valuation? #2869,"Location, area, amenities, market demand, comparable sales, infrastructure, and property condition influence valuation.",Property Valuation
What affects property valuation? #2870,"Location, area, amenities, market demand, comparable sales, infrastructure, and property condition influence valuation.",Property Valuation
What affects property valuation? #2871,"Location, area, amenities, market demand, comparable sales, infrastructure, and property condition influence valuation.",Property Valuation
What affects property valuation? #2872,"Location, area, amenities, market demand, comparable sales, infrastructure, and property condition influence valuation.",Property Valuation
What affects property valuation? #2873,"Location, area, amenities, market demand, comparable sales, infrastructure, and property condition influence valuation.",Property Valuation
What affects property valuation? #2874,"Location, area, amenities, market demand, comparable sales, infrastructure, and property condition influence valuation.",Property Valuation
What affects property valuation? #2875,"Location, area, amenities, market demand, comparable sales, infrastructure, and property condition influence valuation.",Property Valuation
What affects property valuation? #2876,"Location, area, amenities, market demand, comparable sales, infrastructure, and property condition influence valuation.",Property Valuation
What affects property valuation? #2877,"Location, area, amenities, market demand, comparable sales, infrastructure, and property condition influence valuation.",Property Valuation
What affects property valuation? #2878,"Location, area, amenities, market demand, comparable sales, infrastructure, and property condition influence valuation.",Property Valuation
What affects property valuation? #2879,"Location, area, amenities, market demand, comparable sales, infrastructure, and property condition influence valuation.",Property Valuation
What affects property valuation? #2880,"Location, area, amenities, market demand, comparable sales, infrastructure, and property condition influence valuation.",Property Valuation
What affects property valuation? #2881,"Location, area, amenities, market demand, comparable sales, infrastructure, and property condition influence valuation.",Property Valuation
What affects property valuation? #2882,"Location, area, amenities, market demand, comparable sales, infrastructure, and property condition influence valuation.",Property Valuation
What affects property valuation? #2883,"Location, area, amenities, market demand, comparable sales, infrastructure, and property condition influence valuation.",Property Valuation
What affects property valuation? #2884,"Location, area, amenities, market demand, comparable sales, infrastructure, and property condition influence valuation.",Property Valuation
What affects property valuation? #2885,"Location, area, amenities, market demand, comparable sales, infrastructure, and property condition influence valuation.",Property Valuation
What affects property valuation? #2886,"Location, area, amenities, market demand, comparable sales, infrastructure, and property condition influence valuation.",Property Valuation
What affects property valuation? #2887,"Location, area, amenities, market demand, comparable sales, infrastructure, and property condition influence valuation.",Property Valuation
What affects property valuation? #2888,"Location, area, amenities, market demand, comparable sales, infrastructure, and property condition influence valuation.",Property Valuation
What affects property valuation? #2889,"Location, area, amenities, market demand, comparable sales, infrastructure, and property condition influence valuation.",Property Valuation
What affects property valuation? #2890,"Location, area, amenities, market demand, comparable sales, infrastructure, and property condition influence valuation.",Property Valuation
What affects property valuation? #2891,"Location, area, amenities, market demand, comparable sales, infrastructure, and property condition influence valuation.",Property Valuation
What affects property valuation? #2892,"Location, area, amenities, market demand, comparable sales, infrastructure, and property condition influence valuation.",Property Valuation
What affects property valuation? #2893,"Location, area, amenities, market demand, comparable sales, infrastructure, and property condition influence valuation.",Property Valuation
What affects property valuation? #2894,"Location, area, amenities, market demand, comparable sales, infrastructure, and property condition influence valuation.",Property Valuation
What affects property valuation? #2895,"Location, area, amenities, market demand, comparable sales, infrastructure, and property condition influence valuation.",Property Valuation
What affects property valuation? #2896,"Location, area, amenities, market demand, comparable sales, infrastructure, and property condition influence valuation.",Property Valuation
What affects property valuation? #2897,"Location, area, amenities, market demand, comparable sales, infrastructure, and property condition influence valuation.",Property Valuation
What affects property valuation? #2898,"Location, area, amenities, market demand, comparable sales, infrastructure, and property condition influence valuation.",Property Valuation
What affects property valuation? #2899,"Location, area, amenities, market demand, comparable sales, infrastructure, and property condition influence valuation.",Property Valuation
What affects property valuation? #2900,"Location, area, amenities, market demand, comparable sales, infrastructure, and property condition influence valuation.",Property Valuation
What affects property valuation? #2901,"Location, area, amenities, market demand, comparable sales, infrastructure, and property condition influence valuation.",Property Valuation
What affects property valuation? #2902,"Location, area, amenities, market demand, comparable sales, infrastructure, and property condition influence valuation.",Property Valuation
What affects property valuation? #2903,"Location, area, amenities, market demand, comparable sales, infrastructure, and property condition influence valuation.",Property Valuation
What affects property valuation? #2904,"Location, area, amenities, market demand, comparable sales, infrastructure, and property condition influence valuation.",Property Valuation
What affects property valuation? #2905,"Location, area, amenities, market demand, comparable sales, infrastructure, and property condition influence valuation.",Property Valuation
What affects property valuation? #2906,"Location, area, amenities, market demand, comparable sales, infrastructure, and property condition influence valuation.",Property Valuation
What affects property valuation? #2907,"Location, area, amenities, market demand, comparable sales, infrastructure, and property condition influence valuation.",Property Valuation
What affects property valuation? #2908,"Location, area, amenities, market demand, comparable sales, infrastructure, and property condition influence valuation.",Property Valuation
What affects property valuation? #2909,"Location, area, amenities, market demand, comparable sales, infrastructure, and property condition influence valuation.",Property Valuation
What affects property valuation? #2910,"Location, area, amenities, market demand, comparable sales, infrastructure, and property condition influence valuation.",Property Valuation
What affects property valuation? #2911,"Location, area, amenities, market demand, comparable sales, infrastructure, and property condition influence valuation.",Property Valuation
What affects property valuation? #2912,"Location, area, amenities, market demand, comparable sales, infrastructure, and property condition influence valuation.",Property Valuation
What affects property valuation? #2913,"Location, area, amenities, market demand, comparable sales, infrastructure, and property condition influence valuation.",Property Valuation
What affects property valuation? #2914,"Location, area, amenities, market demand, comparable sales, infrastructure, and property condition influence valuation.",Property Valuation
What affects property valuation? #2915,"Location, area, amenities, market demand, comparable sales, infrastructure, and property condition influence valuation.",Property Valuation
What affects property valuation? #2916,"Location, area, amenities, market demand, comparable sales, infrastructure, and property condition influence valuation.",Property Valuation
What affects property valuation? #2917,"Location, area, amenities, market demand, comparable sales, infrastructure, and property condition influence valuation.",Property Valuation
What affects property valuation? #2918,"Location, area, amenities, market demand, comparable sales, infrastructure, and property condition influence valuation.",Property Valuation
What affects property valuation? #2919,"Location, area, amenities, market demand, comparable sales, infrastructure, and property condition influence valuation.",Property Valuation
What affects property valuation? #2920,"Location, area, amenities, market demand, comparable sales, infrastructure, and property condition influence valuation.",Property Valuation
What affects property valuation? #2921,"Location, area, amenities, market demand, comparable sales, infrastructure, and property condition influence valuation.",Property Valuation
What affects property valuation? #2922,"Location, area, amenities, market demand, comparable sales, infrastructure, and property condition influence valuation.",Property Valuation
What affects property valuation? #2923,"Location, area, amenities, market demand, comparable sales, infrastructure, and property condition influence valuation.",Property Valuation
What affects property valuation? #2924,"Location, area, amenities, market demand, comparable sales, infrastructure, and property condition influence valuation.",Property Valuation
What affects property valuation? #2925,"Location, area, amenities, market demand, comparable sales, infrastructure, and property condition influence valuation.",Property Valuation
What affects property valuation? #2926,"Location, area, amenities, market demand, comparable sales, infrastructure, and property condition influence valuation.",Property Valuation
What affects property valuation? #2927,"Location, area, amenities, market demand, comparable sales, infrastructure, and property condition influence valuation.",Property Valuation
What affects property valuation? #2928,"Location, area, amenities, market demand, comparable sales, infrastructure, and property condition influence valuation.",Property Valuation
What affects property valuation? #2929,"Location, area, amenities, market demand, comparable sales, infrastructure, and property condition influence valuation.",Property Valuation
What affects property valuation? #2930,"Location, area, amenities, market demand, comparable sales, infrastructure, and property condition influence valuation.",Property Valuation
What affects property valuation? #2931,"Location, area, amenities, market demand, comparable sales, infrastructure, and property condition influence valuation.",Property Valuation
What affects property valuation? #2932,"Location, area, amenities, market demand, comparable sales, infrastructure, and property condition influence valuation.",Property Valuation
What affects property valuation? #2933,"Location, area, amenities, market demand, comparable sales, infrastructure, and property condition influence valuation.",Property Valuation
What affects property valuation? #2934,"Location, area, amenities, market demand, comparable sales, infrastructure, and property condition influence valuation.",Property Valuation
What affects property valuation? #2935,"Location, area, amenities, market demand, comparable sales, infrastructure, and property condition influence valuation.",Property Valuation
What affects property valuation? #2936,"Location, area, amenities, market demand, comparable sales, infrastructure, and property condition influence valuation.",Property Valuation
What affects property valuation? #2937,"Location, area, amenities, market demand, comparable sales, infrastructure, and property condition influence valuation.",Property Valuation
What affects property valuation? #2938,"Location, area, amenities, market demand, comparable sales, infrastructure, and property condition influence valuation.",Property Valuation
What affects property valuation? #2939,"Location, area, amenities, market demand, comparable sales, infrastructure, and property condition influence valuation.",Property Valuation
What affects property valuation? #2940,"Location, area, amenities, market demand, comparable sales, infrastructure, and property condition influence valuation.",Property Valuation
What affects property valuation? #2941,"Location, area, amenities, market demand, comparable sales, infrastructure, and property condition influence valuation.",Property Valuation
What affects property valuation? #2942,"Location, area, amenities, market demand, comparable sales, infrastructure, and property condition influence valuation.",Property Valuation
What affects property valuation? #2943,"Location, area, amenities, market demand, comparable sales, infrastructure, and property condition influence valuation.",Property Valuation
What affects property valuation? #2944,"Location, area, amenities, market demand, comparable sales, infrastructure, and property condition influence valuation.",Property Valuation
What affects property valuation? #2945,"Location, area, amenities, market demand, comparable sales, infrastructure, and property condition influence valuation.",Property Valuation
What affects property valuation? #2946,"Location, area, amenities, market demand, comparable sales, infrastructure, and property condition influence valuation.",Property Valuation
What affects property valuation? #2947,"Location, area, amenities, market demand, comparable sales, infrastructure, and property condition influence valuation.",Property Valuation
What affects property valuation? #2948,"Location, area, amenities, market demand, comparable sales, infrastructure, and property condition influence valuation.",Property Valuation
What affects property valuation? #2949,"Location, area, amenities, market demand, comparable sales, infrastructure, and property condition influence valuation.",Property Valuation
What affects property valuation? #2950,"Location, area, amenities, market demand, comparable sales, infrastructure, and property condition influence valuation.",Property Valuation
What affects property valuation? #2951,"Location, area, amenities, market demand, comparable sales, infrastructure, and property condition influence valuation.",Property Valuation
What affects property valuation? #2952,"Location, area, amenities, market demand, comparable sales, infrastructure, and property condition influence valuation.",Property Valuation
What affects property valuation? #2953,"Location, area, amenities, market demand, comparable sales, infrastructure, and property condition influence valuation.",Property Valuation
What affects property valuation? #2954,"Location, area, amenities, market demand, comparable sales, infrastructure, and property condition influence valuation.",Property Valuation
What affects property valuation? #2955,"Location, area, amenities, market demand, comparable sales, infrastructure, and property condition influence valuation.",Property Valuation
What affects property valuation? #2956,"Location, area, amenities, market demand, comparable sales, infrastructure, and property condition influence valuation.",Property Valuation
What affects property valuation? #2957,"Location, area, amenities, market demand, comparable sales, infrastructure, and property condition influence valuation.",Property Valuation
What affects property valuation? #2958,"Location, area, amenities, market demand, comparable sales, infrastructure, and property condition influence valuation.",Property Valuation
What affects property valuation? #2959,"Location, area, amenities, market demand, comparable sales, infrastructure, and property condition influence valuation.",Property Valuation
What affects property valuation? #2960,"Location, area, amenities, market demand, comparable sales, infrastructure, and property condition influence valuation.",Property Valuation
What affects property valuation? #2961,"Location, area, amenities, market demand, comparable sales, infrastructure, and property condition influence valuation.",Property Valuation
What affects property valuation? #2962,"Location, area, amenities, market demand, comparable sales, infrastructure, and property condition influence valuation.",Property Valuation
What affects property valuation? #2963,"Location, area, amenities, market demand, comparable sales, infrastructure, and property condition influence valuation.",Property Valuation
What affects property valuation? #2964,"Location, area, amenities, market demand, comparable sales, infrastructure, and property condition influence valuation.",Property Valuation
What affects property valuation? #2965,"Location, area, amenities, market demand, comparable sales, infrastructure, and property condition influence valuation.",Property Valuation
What affects property valuation? #2966,"Location, area, amenities, market demand, comparable sales, infrastructure, and property condition influence valuation.",Property Valuation
What affects property valuation? #2967,"Location, area, amenities, market demand, comparable sales, infrastructure, and property condition influence valuation.",Property Valuation
What affects property valuation? #2968,"Location, area, amenities, market demand, comparable sales, infrastructure, and property condition influence valuation.",Property Valuation
What affects property valuation? #2969,"Location, area, amenities, market demand, comparable sales, infrastructure, and property condition influence valuation.",Property Valuation
What affects property valuation? #2970,"Location, area, amenities, market demand, comparable sales, infrastructure, and property condition influence valuation.",Property Valuation
What affects property valuation? #2971,"Location, area, amenities, market demand, comparable sales, infrastructure, and property condition influence valuation.",Property Valuation
What affects property valuation? #2972,"Location, area, amenities, market demand, comparable sales, infrastructure, and property condition influence valuation.",Property Valuation
What affects property valuation? #2973,"Location, area, amenities, market demand, comparable sales, infrastructure, and property condition influence valuation.",Property Valuation
What affects property valuation? #2974,"Location, area, amenities, market demand, comparable sales, infrastructure, and property condition influence valuation.",Property Valuation
What affects property valuation? #2975,"Location, area, amenities, market demand, comparable sales, infrastructure, and property condition influence valuation.",Property Valuation
What affects property valuation? #2976,"Location, area, amenities, market demand, comparable sales, infrastructure, and property condition influence valuation.",Property Valuation
What affects property valuation? #2977,"Location, area, amenities, market demand, comparable sales, infrastructure, and property condition influence valuation.",Property Valuation
What affects property valuation? #2978,"Location, area, amenities, market demand, comparable sales, infrastructure, and property condition influence valuation.",Property Valuation
What affects property valuation? #2979,"Location, area, amenities, market demand, comparable sales, infrastructure, and property condition influence valuation.",Property Valuation
What affects property valuation? #2980,"Location, area, amenities, market demand, comparable sales, infrastructure, and property condition influence valuation.",Property Valuation
What affects property valuation? #2981,"Location, area, amenities, market demand, comparable sales, infrastructure, and property condition influence valuation.",Property Valuation
What affects property valuation? #2982,"Location, area, amenities, market demand, comparable sales, infrastructure, and property condition influence valuation.",Property Valuation
What affects property valuation? #2983,"Location, area, amenities, market demand, comparable sales, infrastructure, and property condition influence valuation.",Property Valuation
What affects property valuation? #2984,"Location, area, amenities, market demand, comparable sales, infrastructure, and property condition influence valuation.",Property Valuation
What affects property valuation? #2985,"Location, area, amenities, market demand, comparable sales, infrastructure, and property condition influence valuation.",Property Valuation
What affects property valuation? #2986,"Location, area, amenities, market demand, comparable sales, infrastructure, and property condition influence valuation.",Property Valuation
What affects property valuation? #2987,"Location, area, amenities, market demand, comparable sales, infrastructure, and property condition influence valuation.",Property Valuation
What affects property valuation? #2988,"Location, area, amenities, market demand, comparable sales, infrastructure, and property condition influence valuation.",Property Valuation
What affects property valuation? #2989,"Location, area, amenities, market demand, comparable sales, infrastructure, and property condition influence valuation.",Property Valuation
What affects property valuation? #2990,"Location, area, amenities, market demand, comparable sales, infrastructure, and property condition influence valuation.",Property Valuation
What affects property valuation? #2991,"Location, area, amenities, market demand, comparable sales, infrastructure, and property condition influence valuation.",Property Valuation
What affects property valuation? #2992,"Location, area, amenities, market demand, comparable sales, infrastructure, and property condition influence valuation.",Property Valuation
What affects property valuation? #2993,"Location, area, amenities, market demand, comparable sales, infrastructure, and property condition influence valuation.",Property Valuation
What affects property valuation? #2994,"Location, area, amenities, market demand, comparable sales, infrastructure, and property condition influence valuation.",Property Valuation
What affects property valuation? #2995,"Location, area, amenities, market demand, comparable sales, infrastructure, and property condition influence valuation.",Property Valuation
What affects property valuation? #2996,"Location, area, amenities, market demand, comparable sales, infrastructure, and property condition influence valuation.",Property Valuation
What affects property valuation? #2997,"Location, area, amenities, market demand, comparable sales, infrastructure, and property condition influence valuation.",Property Valuation
What affects property valuation? #2998,"Location, area, amenities, market demand, comparable sales, infrastructure, and property condition influence valuation.",Property Valuation
What affects property valuation? #2999,"Location, area, amenities, market demand, comparable sales, infrastructure, and property condition influence valuation.",Property Valuation
What affects property valuation? #3000,"Location, area, amenities, market demand, comparable sales, infrastructure, and property condition influence valuation.",Property Valuation
What affects property valuation? #3001,"Location, area, amenities, market demand, comparable sales, infrastructure, and property condition influence valuation.",Property Valuation
What affects property valuation? #3002,"Location, area, amenities, market demand, comparable sales, infrastructure, and property condition influence valuation.",Property Valuation
What affects property valuation? #3003,"Location, area, amenities, market demand, comparable sales, infrastructure, and property condition influence valuation.",Property Valuation
What affects property valuation? #3004,"Location, area, amenities, market demand, comparable sales, infrastructure, and property condition influence valuation.",Property Valuation
What affects property valuation? #3005,"Location, area, amenities, market demand, comparable sales, infrastructure, and property condition influence valuation.",Property Valuation
What affects property valuation? #3006,"Location, area, amenities, market demand, comparable sales, infrastructure, and property condition influence valuation.",Property Valuation
What affects property valuation? #3007,"Location, area, amenities, market demand, comparable sales, infrastructure, and property condition influence valuation.",Property Valuation
What affects property valuation? #3008,"Location, area, amenities, market demand, comparable sales, infrastructure, and property condition influence valuation.",Property Valuation
What affects property valuation? #3009,"Location, area, amenities, market demand, comparable sales, infrastructure, and property condition influence valuation.",Property Valuation
What affects property valuation? #3010,"Location, area, amenities, market demand, comparable sales, infrastructure, and property condition influence valuation.",Property Valuation
What affects property valuation? #3011,"Location, area, amenities, market demand, comparable sales, infrastructure, and property condition influence valuation.",Property Valuation
What affects property valuation? #3012,"Location, area, amenities, market demand, comparable sales, infrastructure, and property condition influence valuation.",Property Valuation
What affects property valuation? #3013,"Location, area, amenities, market demand, comparable sales, infrastructure, and property condition influence valuation.",Property Valuation
What affects property valuation? #3014,"Location, area, amenities, market demand, comparable sales, infrastructure, and property condition influence valuation.",Property Valuation
What affects property valuation? #3015,"Location, area, amenities, market demand, comparable sales, infrastructure, and property condition influence valuation.",Property Valuation
What affects property valuation? #3016,"Location, area, amenities, market demand, comparable sales, infrastructure, and property condition influence valuation.",Property Valuation
What affects property valuation? #3017,"Location, area, amenities, market demand, comparable sales, infrastructure, and property condition influence valuation.",Property Valuation
What affects property valuation? #3018,"Location, area, amenities, market demand, comparable sales, infrastructure, and property condition influence valuation.",Property Valuation
What affects property valuation? #3019,"Location, area, amenities, market demand, comparable sales, infrastructure, and property condition influence valuation.",Property Valuation
What affects property valuation? #3020,"Location, area, amenities, market demand, comparable sales, infrastructure, and property condition influence valuation.",Property Valuation
What affects property valuation? #3021,"Location, area, amenities, market demand, comparable sales, infrastructure, and property condition influence valuation.",Property Valuation
What affects property valuation? #3022,"Location, area, amenities, market demand, comparable sales, infrastructure, and property condition influence valuation.",Property Valuation
What affects property valuation? #3023,"Location, area, amenities, market demand, comparable sales, infrastructure, and property condition influence valuation.",Property Valuation
What affects property valuation? #3024,"Location, area, amenities, market demand, comparable sales, infrastructure, and property condition influence valuation.",Property Valuation
What affects property valuation? #3025,"Location, area, amenities, market demand, comparable sales, infrastructure, and property condition influence valuation.",Property Valuation
What affects property valuation? #3026,"Location, area, amenities, market demand, comparable sales, infrastructure, and property condition influence valuation.",Property Valuation
What affects property valuation? #3027,"Location, area, amenities, market demand, comparable sales, infrastructure, and property condition influence valuation.",Property Valuation
What affects property valuation? #3028,"Location, area, amenities, market demand, comparable sales, infrastructure, and property condition influence valuation.",Property Valuation
What affects property valuation? #3029,"Location, area, amenities, market demand, comparable sales, infrastructure, and property condition influence valuation.",Property Valuation
What affects property valuation? #3030,"Location, area, amenities, market demand, comparable sales, infrastructure, and property condition influence valuation.",Property Valuation
What affects property valuation? #3031,"Location, area, amenities, market demand, comparable sales, infrastructure, and property condition influence valuation.",Property Valuation
What affects property valuation? #3032,"Location, area, amenities, market demand, comparable sales, infrastructure, and property condition influence valuation.",Property Valuation
What affects property valuation? #3033,"Location, area, amenities, market demand, comparable sales, infrastructure, and property condition influence valuation.",Property Valuation
What affects property valuation? #3034,"Location, area, amenities, market demand, comparable sales, infrastructure, and property condition influence valuation.",Property Valuation
What affects property valuation? #3035,"Location, area, amenities, market demand, comparable sales, infrastructure, and property condition influence valuation.",Property Valuation
What affects property valuation? #3036,"Location, area, amenities, market demand, comparable sales, infrastructure, and property condition influence valuation.",Property Valuation
What affects property valuation? #3037,"Location, area, amenities, market demand, comparable sales, infrastructure, and property condition influence valuation.",Property Valuation
What affects property valuation? #3038,"Location, area, amenities, market demand, comparable sales, infrastructure, and property condition influence valuation.",Property Valuation
What affects property valuation? #3039,"Location, area, amenities, market demand, comparable sales, infrastructure, and property condition influence valuation.",Property Valuation
What affects property valuation? #3040,"Location, area, amenities, market demand, comparable sales, infrastructure, and property condition influence valuation.",Property Valuation
What affects property valuation? #3041,"Location, area, amenities, market demand, comparable sales, infrastructure, and property condition influence valuation.",Property Valuation
What affects property valuation? #3042,"Location, area, amenities, market demand, comparable sales, infrastructure, and property condition influence valuation.",Property Valuation
What affects property valuation? #3043,"Location, area, amenities, market demand, comparable sales, infrastructure, and property condition influence valuation.",Property Valuation
What affects property valuation? #3044,"Location, area, amenities, market demand, comparable sales, infrastructure, and property condition influence valuation.",Property Valuation
What affects property valuation? #3045,"Location, area, amenities, market demand, comparable sales, infrastructure, and property condition influence valuation.",Property Valuation
What affects property valuation? #3046,"Location, area, amenities, market demand, comparable sales, infrastructure, and property condition influence valuation.",Property Valuation
What affects property valuation? #3047,"Location, area, amenities, market demand, comparable sales, infrastructure, and property condition influence valuation.",Property Valuation
What affects property valuation? #3048,"Location, area, amenities, market demand, comparable sales, infrastructure, and property condition influence valuation.",Property Valuation
What affects property valuation? #3049,"Location, area, amenities, market demand, comparable sales, infrastructure, and property condition influence valuation.",Property Valuation
What affects property valuation? #3050,"Location, area, amenities, market demand, comparable sales, infrastructure, and property condition influence valuation.",Property Valuation
What affects property valuation? #3051,"Location, area, amenities, market demand, comparable sales, infrastructure, and property condition influence valuation.",Property Valuation
What affects property valuation? #3052,"Location, area, amenities, market demand, comparable sales, infrastructure, and property condition influence valuation.",Property Valuation
What affects property valuation? #3053,"Location, area, amenities, market demand, comparable sales, infrastructure, and property condition influence valuation.",Property Valuation
What affects property valuation? #3054,"Location, area, amenities, market demand, comparable sales, infrastructure, and property condition influence valuation.",Property Valuation
What affects property valuation? #3055,"Location, area, amenities, market demand, comparable sales, infrastructure, and property condition influence valuation.",Property Valuation
What affects property valuation? #3056,"Location, area, amenities, market demand, comparable sales, infrastructure, and property condition influence valuation.",Property Valuation
What affects property valuation? #3057,"Location, area, amenities, market demand, comparable sales, infrastructure, and property condition influence valuation.",Property Valuation
What affects property valuation? #3058,"Location, area, amenities, market demand, comparable sales, infrastructure, and property condition influence valuation.",Property Valuation
What affects property valuation? #3059,"Location, area, amenities, market demand, comparable sales, infrastructure, and property condition influence valuation.",Property Valuation
What affects property valuation? #3060,"Location, area, amenities, market demand, comparable sales, infrastructure, and property condition influence valuation.",Property Valuation
What affects property valuation? #3061,"Location, area, amenities, market demand, comparable sales, infrastructure, and property condition influence valuation.",Property Valuation
What affects property valuation? #3062,"Location, area, amenities, market demand, comparable sales, infrastructure, and property condition influence valuation.",Property Valuation
What affects property valuation? #3063,"Location, area, amenities, market demand, comparable sales, infrastructure, and property condition influence valuation.",Property Valuation
What affects property valuation? #3064,"Location, area, amenities, market demand, comparable sales, infrastructure, and property condition influence valuation.",Property Valuation
What affects property valuation? #3065,"Location, area, amenities, market demand, comparable sales, infrastructure, and property condition influence valuation.",Property Valuation
What affects property valuation? #3066,"Location, area, amenities, market demand, comparable sales, infrastructure, and property condition influence valuation.",Property Valuation
What affects property valuation? #3067,"Location, area, amenities, market demand, comparable sales, infrastructure, and property condition influence valuation.",Property Valuation
What affects property valuation? #3068,"Location, area, amenities, market demand, comparable sales, infrastructure, and property condition influence valuation.",Property Valuation
What affects property valuation? #3069,"Location, area, amenities, market demand, comparable sales, infrastructure, and property condition influence valuation.",Property Valuation
What affects property valuation? #3070,"Location, area, amenities, market demand, comparable sales, infrastructure, and property condition influence valuation.",Property Valuation
What affects property valuation? #3071,"Location, area, amenities, market demand, comparable sales, infrastructure, and property condition influence valuation.",Property Valuation
What affects property valuation? #3072,"Location, area, amenities, market demand, comparable sales, infrastructure, and property condition influence valuation.",Property Valuation
What affects property valuation? #3073,"Location, area, amenities, market demand, comparable sales, infrastructure, and property condition influence valuation.",Property Valuation
What affects property valuation? #3074,"Location, area, amenities, market demand, comparable sales, infrastructure, and property condition influence valuation.",Property Valuation
What affects property valuation? #3075,"Location, area, amenities, market demand, comparable sales, infrastructure, and property condition influence valuation.",Property Valuation
What affects property valuation? #3076,"Location, area, amenities, market demand, comparable sales, infrastructure, and property condition influence valuation.",Property Valuation
What affects property valuation? #3077,"Location, area, amenities, market demand, comparable sales, infrastructure, and property condition influence valuation.",Property Valuation
What affects property valuation? #3078,"Location, area, amenities, market demand, comparable sales, infrastructure, and property condition influence valuation.",Property Valuation
What affects property valuation? #3079,"Location, area, amenities, market demand, comparable sales, infrastructure, and property condition influence valuation.",Property Valuation
What affects property valuation? #3080,"Location, area, amenities, market demand, comparable sales, infrastructure, and property condition influence valuation.",Property Valuation
What affects property valuation? #3081,"Location, area, amenities, market demand, comparable sales, infrastructure, and property condition influence valuation.",Property Valuation
What affects property valuation? #3082,"Location, area, amenities, market demand, comparable sales, infrastructure, and property condition influence valuation.",Property Valuation
What affects property valuation? #3083,"Location, area, amenities, market demand, comparable sales, infrastructure, and property condition influence valuation.",Property Valuation
What affects property valuation? #3084,"Location, area, amenities, market demand, comparable sales, infrastructure, and property condition influence valuation.",Property Valuation
What affects property valuation? #3085,"Location, area, amenities, market demand, comparable sales, infrastructure, and property condition influence valuation.",Property Valuation
What affects property valuation? #3086,"Location, area, amenities, market demand, comparable sales, infrastructure, and property condition influence valuation.",Property Valuation
What affects property valuation? #3087,"Location, area, amenities, market demand, comparable sales, infrastructure, and property condition influence valuation.",Property Valuation
What affects property valuation? #3088,"Location, area, amenities, market demand, comparable sales, infrastructure, and property condition influence valuation.",Property Valuation
What affects property valuation? #3089,"Location, area, amenities, market demand, comparable sales, infrastructure, and property condition influence valuation.",Property Valuation
What affects property valuation? #3090,"Location, area, amenities, market demand, comparable sales, infrastructure, and property condition influence valuation.",Property Valuation
What affects property valuation? #3091,"Location, area, amenities, market demand, comparable sales, infrastructure, and property condition influence valuation.",Property Valuation
What affects property valuation? #3092,"Location, area, amenities, market demand, comparable sales, infrastructure, and property condition influence valuation.",Property Valuation
What affects property valuation? #3093,"Location, area, amenities, market demand, comparable sales, infrastructure, and property condition influence valuation.",Property Valuation
What affects property valuation? #3094,"Location, area, amenities, market demand, comparable sales, infrastructure, and property condition influence valuation.",Property Valuation
What affects property valuation? #3095,"Location, area, amenities, market demand, comparable sales, infrastructure, and property condition influence valuation.",Property Valuation
What affects property valuation? #3096,"Location, area, amenities, market demand, comparable sales, infrastructure, and property condition influence valuation.",Property Valuation
What affects property valuation? #3097,"Location, area, amenities, market demand, comparable sales, infrastructure, and property condition influence valuation.",Property Valuation
What affects property valuation? #3098,"Location, area, amenities, market demand, comparable sales, infrastructure, and property condition influence valuation.",Property Valuation
What affects property valuation? #3099,"Location, area, amenities, market demand, comparable sales, infrastructure, and property condition influence valuation.",Property Valuation
What affects property valuation? #3100,"Location, area, amenities, market demand, comparable sales, infrastructure, and property condition influence valuation.",Property Valuation
What affects property valuation? #3101,"Location, area, amenities, market demand, comparable sales, infrastructure, and property condition influence valuation.",Property Valuation
What affects property valuation? #3102,"Location, area, amenities, market demand, comparable sales, infrastructure, and property condition influence valuation.",Property Valuation
What affects property valuation? #3103,"Location, area, amenities, market demand, comparable sales, infrastructure, and property condition influence valuation.",Property Valuation
What affects property valuation? #3104,"Location, area, amenities, market demand, comparable sales, infrastructure, and property condition influence valuation.",Property Valuation
What affects property valuation? #3105,"Location, area, amenities, market demand, comparable sales, infrastructure, and property condition influence valuation.",Property Valuation
What affects property valuation? #3106,"Location, area, amenities, market demand, comparable sales, infrastructure, and property condition influence valuation.",Property Valuation
What affects property valuation? #3107,"Location, area, amenities, market demand, comparable sales, infrastructure, and property condition influence valuation.",Property Valuation
What affects property valuation? #3108,"Location, area, amenities, market demand, comparable sales, infrastructure, and property condition influence valuation.",Property Valuation
What affects property valuation? #3109,"Location, area, amenities, market demand, comparable sales, infrastructure, and property condition influence valuation.",Property Valuation
What affects property valuation? #3110,"Location, area, amenities, market demand, comparable sales, infrastructure, and property condition influence valuation.",Property Valuation
What affects property valuation? #3111,"Location, area, amenities, market demand, comparable sales, infrastructure, and property condition influence valuation.",Property Valuation
What affects property valuation? #3112,"Location, area, amenities, market demand, comparable sales, infrastructure, and property condition influence valuation.",Property Valuation
What affects property valuation? #3113,"Location, area, amenities, market demand, comparable sales, infrastructure, and property condition influence valuation.",Property Valuation
What affects property valuation? #3114,"Location, area, amenities, market demand, comparable sales, infrastructure, and property condition influence valuation.",Property Valuation
What affects property valuation? #3115,"Location, area, amenities, market demand, comparable sales, infrastructure, and property condition influence valuation.",Property Valuation
What affects property valuation? #3116,"Location, area, amenities, market demand, comparable sales, infrastructure, and property condition influence valuation.",Property Valuation
What affects property valuation? #3117,"Location, area, amenities, market demand, comparable sales, infrastructure, and property condition influence valuation.",Property Valuation
What affects property valuation? #3118,"Location, area, amenities, market demand, comparable sales, infrastructure, and property condition influence valuation.",Property Valuation
What affects property valuation? #3119,"Location, area, amenities, market demand, comparable sales, infrastructure, and property condition influence valuation.",Property Valuation
What affects property valuation? #3120,"Location, area, amenities, market demand, comparable sales, infrastructure, and property condition influence valuation.",Property Valuation
What affects property valuation? #3121,"Location, area, amenities, market demand, comparable sales, infrastructure, and property condition influence valuation.",Property Valuation
What affects property valuation? #3122,"Location, area, amenities, market demand, comparable sales, infrastructure, and property condition influence valuation.",Property Valuation
What affects property valuation? #3123,"Location, area, amenities, market demand, comparable sales, infrastructure, and property condition influence valuation.",Property Valuation
What affects property valuation? #3124,"Location, area, amenities, market demand, comparable sales, infrastructure, and property condition influence valuation.",Property Valuation
What affects property valuation? #3125,"Location, area, amenities, market demand, comparable sales, infrastructure, and property condition influence valuation.",Property Valuation
What affects property valuation? #3126,"Location, area, amenities, market demand, comparable sales, infrastructure, and property condition influence valuation.",Property Valuation
What affects property valuation? #3127,"Location, area, amenities, market demand, comparable sales, infrastructure, and property condition influence valuation.",Property Valuation
What affects property valuation? #3128,"Location, area, amenities, market demand, comparable sales, infrastructure, and property condition influence valuation.",Property Valuation
What affects property valuation? #3129,"Location, area, amenities, market demand, comparable sales, infrastructure, and property condition influence valuation.",Property Valuation
What affects property valuation? #3130,"Location, area, amenities, market demand, comparable sales, infrastructure, and property condition influence valuation.",Property Valuation
What affects property valuation? #3131,"Location, area, amenities, market demand, comparable sales, infrastructure, and property condition influence valuation.",Property Valuation
What affects property valuation? #3132,"Location, area, amenities, market demand, comparable sales, infrastructure, and property condition influence valuation.",Property Valuation
What affects property valuation? #3133,"Location, area, amenities, market demand, comparable sales, infrastructure, and property condition influence valuation.",Property Valuation
What affects property valuation? #3134,"Location, area, amenities, market demand, comparable sales, infrastructure, and property condition influence valuation.",Property Valuation
What affects property valuation? #3135,"Location, area, amenities, market demand, comparable sales, infrastructure, and property condition influence valuation.",Property Valuation
What affects property valuation? #3136,"Location, area, amenities, market demand, comparable sales, infrastructure, and property condition influence valuation.",Property Valuation
What affects property valuation? #3137,"Location, area, amenities, market demand, comparable sales, infrastructure, and property condition influence valuation.",Property Valuation
What affects property valuation? #3138,"Location, area, amenities, market demand, comparable sales, infrastructure, and property condition influence valuation.",Property Valuation
What affects property valuation? #3139,"Location, area, amenities, market demand, comparable sales, infrastructure, and property condition influence valuation.",Property Valuation
What affects property valuation? #3140,"Location, area, amenities, market demand, comparable sales, infrastructure, and property condition influence valuation.",Property Valuation
What affects property valuation? #3141,"Location, area, amenities, market demand, comparable sales, infrastructure, and property condition influence valuation.",Property Valuation
What affects property valuation? #3142,"Location, area, amenities, market demand, comparable sales, infrastructure, and property condition influence valuation.",Property Valuation
What affects property valuation? #3143,"Location, area, amenities, market demand, comparable sales, infrastructure, and property condition influence valuation.",Property Valuation
What affects property valuation? #3144,"Location, area, amenities, market demand, comparable sales, infrastructure, and property condition influence valuation.",Property Valuation
What affects property valuation? #3145,"Location, area, amenities, market demand, comparable sales, infrastructure, and property condition influence valuation.",Property Valuation
What affects property valuation? #3146,"Location, area, amenities, market demand, comparable sales, infrastructure, and property condition influence valuation.",Property Valuation
What affects property valuation? #3147,"Location, area, amenities, market demand, comparable sales, infrastructure, and property condition influence valuation.",Property Valuation
What affects property valuation? #3148,"Location, area, amenities, market demand, comparable sales, infrastructure, and property condition influence valuation.",Property Valuation
What affects property valuation? #3149,"Location, area, amenities, market demand, comparable sales, infrastructure, and property condition influence valuation.",Property Valuation
What affects property valuation? #3150,"Location, area, amenities, market demand, comparable sales, infrastructure, and property condition influence valuation.",Property Valuation
What affects property valuation? #3151,"Location, area, amenities, market demand, comparable sales, infrastructure, and property condition influence valuation.",Property Valuation
What affects property valuation? #3152,"Location, area, amenities, market demand, comparable sales, infrastructure, and property condition influence valuation.",Property Valuation
What affects property valuation? #3153,"Location, area, amenities, market demand, comparable sales, infrastructure, and property condition influence valuation.",Property Valuation
What affects property valuation? #3154,"Location, area, amenities, market demand, comparable sales, infrastructure, and property condition influence valuation.",Property Valuation
What affects property valuation? #3155,"Location, area, amenities, market demand, comparable sales, infrastructure, and property condition influence valuation.",Property Valuation
What affects property valuation? #3156,"Location, area, amenities, market demand, comparable sales, infrastructure, and property condition influence valuation.",Property Valuation
What affects property valuation? #3157,"Location, area, amenities, market demand, comparable sales, infrastructure, and property condition influence valuation.",Property Valuation
What affects property valuation? #3158,"Location, area, amenities, market demand, comparable sales, infrastructure, and property condition influence valuation.",Property Valuation
What affects property valuation? #3159,"Location, area, amenities, market demand, comparable sales, infrastructure, and property condition influence valuation.",Property Valuation
What affects property valuation? #3160,"Location, area, amenities, market demand, comparable sales, infrastructure, and property condition influence valuation.",Property Valuation
What affects property valuation? #3161,"Location, area, amenities, market demand, comparable sales, infrastructure, and property condition influence valuation.",Property Valuation
What affects property valuation? #3162,"Location, area, amenities, market demand, comparable sales, infrastructure, and property condition influence valuation.",Property Valuation
What affects property valuation? #3163,"Location, area, amenities, market demand, comparable sales, infrastructure, and property condition influence valuation.",Property Valuation
What affects property valuation? #3164,"Location, area, amenities, market demand, comparable sales, infrastructure, and property condition influence valuation.",Property Valuation
What affects property valuation? #3165,"Location, area, amenities, market demand, comparable sales, infrastructure, and property condition influence valuation.",Property Valuation
What affects property valuation? #3166,"Location, area, amenities, market demand, comparable sales, infrastructure, and property condition influence valuation.",Property Valuation
What affects property valuation? #3167,"Location, area, amenities, market demand, comparable sales, infrastructure, and property condition influence valuation.",Property Valuation
What affects property valuation? #3168,"Location, area, amenities, market demand, comparable sales, infrastructure, and property condition influence valuation.",Property Valuation
What affects property valuation? #3169,"Location, area, amenities, market demand, comparable sales, infrastructure, and property condition influence valuation.",Property Valuation
What affects property valuation? #3170,"Location, area, amenities, market demand, comparable sales, infrastructure, and property condition influence valuation.",Property Valuation
What affects property valuation? #3171,"Location, area, amenities, market demand, comparable sales, infrastructure, and property condition influence valuation.",Property Valuation
What affects property valuation? #3172,"Location, area, amenities, market demand, comparable sales, infrastructure, and property condition influence valuation.",Property Valuation
What affects property valuation? #3173,"Location, area, amenities, market demand, comparable sales, infrastructure, and property condition influence valuation.",Property Valuation
What affects property valuation? #3174,"Location, area, amenities, market demand, comparable sales, infrastructure, and property condition influence valuation.",Property Valuation
What affects property valuation? #3175,"Location, area, amenities, market demand, comparable sales, infrastructure, and property condition influence valuation.",Property Valuation
What affects property valuation? #3176,"Location, area, amenities, market demand, comparable sales, infrastructure, and property condition influence valuation.",Property Valuation
What affects property valuation? #3177,"Location, area, amenities, market demand, comparable sales, infrastructure, and property condition influence valuation.",Property Valuation
What affects property valuation? #3178,"Location, area, amenities, market demand, comparable sales, infrastructure, and property condition influence valuation.",Property Valuation
What affects property valuation? #3179,"Location, area, amenities, market demand, comparable sales, infrastructure, and property condition influence valuation.",Property Valuation
What affects property valuation? #3180,"Location, area, amenities, market demand, comparable sales, infrastructure, and property condition influence valuation.",Property Valuation
What affects property valuation? #3181,"Location, area, amenities, market demand, comparable sales, infrastructure, and property condition influence valuation.",Property Valuation
What affects property valuation? #3182,"Location, area, amenities, market demand, comparable sales, infrastructure, and property condition influence valuation.",Property Valuation
What affects property valuation? #3183,"Location, area, amenities, market demand, comparable sales, infrastructure, and property condition influence valuation.",Property Valuation
What affects property valuation? #3184,"Location, area, amenities, market demand, comparable sales, infrastructure, and property condition influence valuation.",Property Valuation
What affects property valuation? #3185,"Location, area, amenities, market demand, comparable sales, infrastructure, and property condition influence valuation.",Property Valuation
What affects property valuation? #3186,"Location, area, amenities, market demand, comparable sales, infrastructure, and property condition influence valuation.",Property Valuation
What affects property valuation? #3187,"Location, area, amenities, market demand, comparable sales, infrastructure, and property condition influence valuation.",Property Valuation
What affects property valuation? #3188,"Location, area, amenities, market demand, comparable sales, infrastructure, and property condition influence valuation.",Property Valuation
What affects property valuation? #3189,"Location, area, amenities, market demand, comparable sales, infrastructure, and property condition influence valuation.",Property Valuation
What affects property valuation? #3190,"Location, area, amenities, market demand, comparable sales, infrastructure, and property condition influence valuation.",Property Valuation
What affects property valuation? #3191,"Location, area, amenities, market demand, comparable sales, infrastructure, and property condition influence valuation.",Property Valuation
What affects property valuation? #3192,"Location, area, amenities, market demand, comparable sales, infrastructure, and property condition influence valuation.",Property Valuation
What affects property valuation? #3193,"Location, area, amenities, market demand, comparable sales, infrastructure, and property condition influence valuation.",Property Valuation
What affects property valuation? #3194,"Location, area, amenities, market demand, comparable sales, infrastructure, and property condition influence valuation.",Property Valuation
What affects property valuation? #3195,"Location, area, amenities, market demand, comparable sales, infrastructure, and property condition influence valuation.",Property Valuation
What affects property valuation? #3196,"Location, area, amenities, market demand, comparable sales, infrastructure, and property condition influence valuation.",Property Valuation
What affects property valuation? #3197,"Location, area, amenities, market demand, comparable sales, infrastructure, and property condition influence valuation.",Property Valuation
What affects property valuation? #3198,"Location, area, amenities, market demand, comparable sales, infrastructure, and property condition influence valuation.",Property Valuation
What affects property valuation? #3199,"Location, area, amenities, market demand, comparable sales, infrastructure, and property condition influence valuation.",Property Valuation
What affects property valuation? #3200,"Location, area, amenities, market demand, comparable sales, infrastructure, and property condition influence valuation.",Property Valuation
What affects property valuation? #3201,"Location, area, amenities, market demand, comparable sales, infrastructure, and property condition influence valuation.",Property Valuation
What affects property valuation? #3202,"Location, area, amenities, market demand, comparable sales, infrastructure, and property condition influence valuation.",Property Valuation
What affects property valuation? #3203,"Location, area, amenities, market demand, comparable sales, infrastructure, and property condition influence valuation.",Property Valuation
What affects property valuation? #3204,"Location, area, amenities, market demand, comparable sales, infrastructure, and property condition influence valuation.",Property Valuation
What affects property valuation? #3205,"Location, area, amenities, market demand, comparable sales, infrastructure, and property condition influence valuation.",Property Valuation
What affects property valuation? #3206,"Location, area, amenities, market demand, comparable sales, infrastructure, and property condition influence valuation.",Property Valuation
What affects property valuation? #3207,"Location, area, amenities, market demand, comparable sales, infrastructure, and property condition influence valuation.",Property Valuation
What affects property valuation? #3208,"Location, area, amenities, market demand, comparable sales, infrastructure, and property condition influence valuation.",Property Valuation
What affects property valuation? #3209,"Location, area, amenities, market demand, comparable sales, infrastructure, and property condition influence valuation.",Property Valuation
What affects property valuation? #3210,"Location, area, amenities, market demand, comparable sales, infrastructure, and property condition influence valuation.",Property Valuation
What affects property valuation? #3211,"Location, area, amenities, market demand, comparable sales, infrastructure, and property condition influence valuation.",Property Valuation
What affects property valuation? #3212,"Location, area, amenities, market demand, comparable sales, infrastructure, and property condition influence valuation.",Property Valuation
What affects property valuation? #3213,"Location, area, amenities, market demand, comparable sales, infrastructure, and property condition influence valuation.",Property Valuation
What affects property valuation? #3214,"Location, area, amenities, market demand, comparable sales, infrastructure, and property condition influence valuation.",Property Valuation
What affects property valuation? #3215,"Location, area, amenities, market demand, comparable sales, infrastructure, and property condition influence valuation.",Property Valuation
What affects property valuation? #3216,"Location, area, amenities, market demand, comparable sales, infrastructure, and property condition influence valuation.",Property Valuation
What affects property valuation? #3217,"Location, area, amenities, market demand, comparable sales, infrastructure, and property condition influence valuation.",Property Valuation
What affects property valuation? #3218,"Location, area, amenities, market demand, comparable sales, infrastructure, and property condition influence valuation.",Property Valuation
What affects property valuation? #3219,"Location, area, amenities, market demand, comparable sales, infrastructure, and property condition influence valuation.",Property Valuation
What affects property valuation? #3220,"Location, area, amenities, market demand, comparable sales, infrastructure, and property condition influence valuation.",Property Valuation
What affects property valuation? #3221,"Location, area, amenities, market demand, comparable sales, infrastructure, and property condition influence valuation.",Property Valuation
What affects property valuation? #3222,"Location, area, amenities, market demand, comparable sales, infrastructure, and property condition influence valuation.",Property Valuation
What affects property valuation? #3223,"Location, area, amenities, market demand, comparable sales, infrastructure, and property condition influence valuation.",Property Valuation
What affects property valuation? #3224,"Location, area, amenities, market demand, comparable sales, infrastructure, and property condition influence valuation.",Property Valuation
What affects property valuation? #3225,"Location, area, amenities, market demand, comparable sales, infrastructure, and property condition influence valuation.",Property Valuation
What affects property valuation? #3226,"Location, area, amenities, market demand, comparable sales, infrastructure, and property condition influence valuation.",Property Valuation
What affects property valuation? #3227,"Location, area, amenities, market demand, comparable sales, infrastructure, and property condition influence valuation.",Property Valuation
What affects property valuation? #3228,"Location, area, amenities, market demand, comparable sales, infrastructure, and property condition influence valuation.",Property Valuation
What affects property valuation? #3229,"Location, area, amenities, market demand, comparable sales, infrastructure, and property condition influence valuation.",Property Valuation
What affects property valuation? #3230,"Location, area, amenities, market demand, comparable sales, infrastructure, and property condition influence valuation.",Property Valuation
What affects property valuation? #3231,"Location, area, amenities, market demand, comparable sales, infrastructure, and property condition influence valuation.",Property Valuation
What affects property valuation? #3232,"Location, area, amenities, market demand, comparable sales, infrastructure, and property condition influence valuation.",Property Valuation
What affects property valuation? #3233,"Location, area, amenities, market demand, comparable sales, infrastructure, and property condition influence valuation.",Property Valuation
What affects property valuation? #3234,"Location, area, amenities, market demand, comparable sales, infrastructure, and property condition influence valuation.",Property Valuation
What affects property valuation? #3235,"Location, area, amenities, market demand, comparable sales, infrastructure, and property condition influence valuation.",Property Valuation
What affects property valuation? #3236,"Location, area, amenities, market demand, comparable sales, infrastructure, and property condition influence valuation.",Property Valuation
What affects property valuation? #3237,"Location, area, amenities, market demand, comparable sales, infrastructure, and property condition influence valuation.",Property Valuation
What affects property valuation? #3238,"Location, area, amenities, market demand, comparable sales, infrastructure, and property condition influence valuation.",Property Valuation
What affects property valuation? #3239,"Location, area, amenities, market demand, comparable sales, infrastructure, and property condition influence valuation.",Property Valuation
What affects property valuation? #3240,"Location, area, amenities, market demand, comparable sales, infrastructure, and property condition influence valuation.",Property Valuation
What affects property valuation? #3241,"Location, area, amenities, market demand, comparable sales, infrastructure, and property condition influence valuation.",Property Valuation
What affects property valuation? #3242,"Location, area, amenities, market demand, comparable sales, infrastructure, and property condition influence valuation.",Property Valuation
What affects property valuation? #3243,"Location, area, amenities, market demand, comparable sales, infrastructure, and property condition influence valuation.",Property Valuation
What affects property valuation? #3244,"Location, area, amenities, market demand, comparable sales, infrastructure, and property condition influence valuation.",Property Valuation
What affects property valuation? #3245,"Location, area, amenities, market demand, comparable sales, infrastructure, and property condition influence valuation.",Property Valuation
What affects property valuation? #3246,"Location, area, amenities, market demand, comparable sales, infrastructure, and property condition influence valuation.",Property Valuation
What affects property valuation? #3247,"Location, area, amenities, market demand, comparable sales, infrastructure, and property condition influence valuation.",Property Valuation
What affects property valuation? #3248,"Location, area, amenities, market demand, comparable sales, infrastructure, and property condition influence valuation.",Property Valuation
What affects property valuation? #3249,"Location, area, amenities, market demand, comparable sales, infrastructure, and property condition influence valuation.",Property Valuation
What affects property valuation? #3250,"Location, area, amenities, market demand, comparable sales, infrastructure, and property condition influence valuation.",Property Valuation
What affects property valuation? #3251,"Location, area, amenities, market demand, comparable sales, infrastructure, and property condition influence valuation.",Property Valuation
What affects property valuation? #3252,"Location, area, amenities, market demand, comparable sales, infrastructure, and property condition influence valuation.",Property Valuation
What affects property valuation? #3253,"Location, area, amenities, market demand, comparable sales, infrastructure, and property condition influence valuation.",Property Valuation
What affects property valuation? #3254,"Location, area, amenities, market demand, comparable sales, infrastructure, and property condition influence valuation.",Property Valuation
What affects property valuation? #3255,"Location, area, amenities, market demand, comparable sales, infrastructure, and property condition influence valuation.",Property Valuation
What affects property valuation? #3256,"Location, area, amenities, market demand, comparable sales, infrastructure, and property condition influence valuation.",Property Valuation
What affects property valuation? #3257,"Location, area, amenities, market demand, comparable sales, infrastructure, and property condition influence valuation.",Property Valuation
What affects property valuation? #3258,"Location, area, amenities, market demand, comparable sales, infrastructure, and property condition influence valuation.",Property Valuation
What affects property valuation? #3259,"Location, area, amenities, market demand, comparable sales, infrastructure, and property condition influence valuation.",Property Valuation
What affects property valuation? #3260,"Location, area, amenities, market demand, comparable sales, infrastructure, and property condition influence valuation.",Property Valuation
What affects property valuation? #3261,"Location, area, amenities, market demand, comparable sales, infrastructure, and property condition influence valuation.",Property Valuation
What affects property valuation? #3262,"Location, area, amenities, market demand, comparable sales, infrastructure, and property condition influence valuation.",Property Valuation
What affects property valuation? #3263,"Location, area, amenities, market demand, comparable sales, infrastructure, and property condition influence valuation.",Property Valuation
What affects property valuation? #3264,"Location, area, amenities, market demand, comparable sales, infrastructure, and property condition influence valuation.",Property Valuation
What affects property valuation? #3265,"Location, area, amenities, market demand, comparable sales, infrastructure, and property condition influence valuation.",Property Valuation
What affects property valuation? #3266,"Location, area, amenities, market demand, comparable sales, infrastructure, and property condition influence valuation.",Property Valuation
What affects property valuation? #3267,"Location, area, amenities, market demand, comparable sales, infrastructure, and property condition influence valuation.",Property Valuation
What affects property valuation? #3268,"Location, area, amenities, market demand, comparable sales, infrastructure, and property condition influence valuation.",Property Valuation
What affects property valuation? #3269,"Location, area, amenities, market demand, comparable sales, infrastructure, and property condition influence valuation.",Property Valuation
What affects property valuation? #3270,"Location, area, amenities, market demand, comparable sales, infrastructure, and property condition influence valuation.",Property Valuation
What affects property valuation? #3271,"Location, area, amenities, market demand, comparable sales, infrastructure, and property condition influence valuation.",Property Valuation
What affects property valuation? #3272,"Location, area, amenities, market demand, comparable sales, infrastructure, and property condition influence valuation.",Property Valuation
What affects property valuation? #3273,"Location, area, amenities, market demand, comparable sales, infrastructure, and property condition influence valuation.",Property Valuation
What affects property valuation? #3274,"Location, area, amenities, market demand, comparable sales, infrastructure, and property condition influence valuation.",Property Valuation
What affects property valuation? #3275,"Location, area, amenities, market demand, comparable sales, infrastructure, and property condition influence valuation.",Property Valuation
What affects property valuation? #3276,"Location, area, amenities, market demand, comparable sales, infrastructure, and property condition influence valuation.",Property Valuation
What affects property valuation? #3277,"Location, area, amenities, market demand, comparable sales, infrastructure, and property condition influence valuation.",Property Valuation
What affects property valuation? #3278,"Location, area, amenities, market demand, comparable sales, infrastructure, and property condition influence valuation.",Property Valuation
What affects property valuation? #3279,"Location, area, amenities, market demand, comparable sales, infrastructure, and property condition influence valuation.",Property Valuation
What affects property valuation? #3280,"Location, area, amenities, market demand, comparable sales, infrastructure, and property condition influence valuation.",Property Valuation
What affects property valuation? #3281,"Location, area, amenities, market demand, comparable sales, infrastructure, and property condition influence valuation.",Property Valuation
What affects property valuation? #3282,"Location, area, amenities, market demand, comparable sales, infrastructure, and property condition influence valuation.",Property Valuation
What affects property valuation? #3283,"Location, area, amenities, market demand, comparable sales, infrastructure, and property condition influence valuation.",Property Valuation
What affects property valuation? #3284,"Location, area, amenities, market demand, comparable sales, infrastructure, and property condition influence valuation.",Property Valuation
What affects property valuation? #3285,"Location, area, amenities, market demand, comparable sales, infrastructure, and property condition influence valuation.",Property Valuation
What affects property valuation? #3286,"Location, area, amenities, market demand, comparable sales, infrastructure, and property condition influence valuation.",Property Valuation
What affects property valuation? #3287,"Location, area, amenities, market demand, comparable sales, infrastructure, and property condition influence valuation.",Property Valuation
What affects property valuation? #3288,"Location, area, amenities, market demand, comparable sales, infrastructure, and property condition influence valuation.",Property Valuation
What affects property valuation? #3289,"Location, area, amenities, market demand, comparable sales, infrastructure, and property condition influence valuation.",Property Valuation
What affects property valuation? #3290,"Location, area, amenities, market demand, comparable sales, infrastructure, and property condition influence valuation.",Property Valuation
What affects property valuation? #3291,"Location, area, amenities, market demand, comparable sales, infrastructure, and property condition influence valuation.",Property Valuation
What affects property valuation? #3292,"Location, area, amenities, market demand, comparable sales, infrastructure, and property condition influence valuation.",Property Valuation
What affects property valuation? #3293,"Location, area, amenities, market demand, comparable sales, infrastructure, and property condition influence valuation.",Property Valuation
What affects property valuation? #3294,"Location, area, amenities, market demand, comparable sales, infrastructure, and property condition influence valuation.",Property Valuation
What affects property valuation? #3295,"Location, area, amenities, market demand, comparable sales, infrastructure, and property condition influence valuation.",Property Valuation
What affects property valuation? #3296,"Location, area, amenities, market demand, comparable sales, infrastructure, and property condition influence valuation.",Property Valuation
What affects property valuation? #3297,"Location, area, amenities, market demand, comparable sales, infrastructure, and property condition influence valuation.",Property Valuation
What affects property valuation? #3298,"Location, area, amenities, market demand, comparable sales, infrastructure, and property condition influence valuation.",Property Valuation
What affects property valuation? #3299,"Location, area, amenities, market demand, comparable sales, infrastructure, and property condition influence valuation.",Property Valuation
What affects property valuation? #3300,"Location, area, amenities, market demand, comparable sales, infrastructure, and property condition influence valuation.",Property Valuation
What affects property valuation? #3301,"Location, area, amenities, market demand, comparable sales, infrastructure, and property condition influence valuation.",Property Valuation
What affects property valuation? #3302,"Location, area, amenities, market demand, comparable sales, infrastructure, and property condition influence valuation.",Property Valuation
What affects property valuation? #3303,"Location, area, amenities, market demand, comparable sales, infrastructure, and property condition influence valuation.",Property Valuation
What affects property valuation? #3304,"Location, area, amenities, market demand, comparable sales, infrastructure, and property condition influence valuation.",Property Valuation
What affects property valuation? #3305,"Location, area, amenities, market demand, comparable sales, infrastructure, and property condition influence valuation.",Property Valuation
What affects property valuation? #3306,"Location, area, amenities, market demand, comparable sales, infrastructure, and property condition influence valuation.",Property Valuation
What affects property valuation? #3307,"Location, area, amenities, market demand, comparable sales, infrastructure, and property condition influence valuation.",Property Valuation
What affects property valuation? #3308,"Location, area, amenities, market demand, comparable sales, infrastructure, and property condition influence valuation.",Property Valuation
What affects property valuation? #3309,"Location, area, amenities, market demand, comparable sales, infrastructure, and property condition influence valuation.",Property Valuation
What affects property valuation? #3310,"Location, area, amenities, market demand, comparable sales, infrastructure, and property condition influence valuation.",Property Valuation
What affects property valuation? #3311,"Location, area, amenities, market demand, comparable sales, infrastructure, and property condition influence valuation.",Property Valuation
What affects property valuation? #3312,"Location, area, amenities, market demand, comparable sales, infrastructure, and property condition influence valuation.",Property Valuation
What affects property valuation? #3313,"Location, area, amenities, market demand, comparable sales, infrastructure, and property condition influence valuation.",Property Valuation
What affects property valuation? #3314,"Location, area, amenities, market demand, comparable sales, infrastructure, and property condition influence valuation.",Property Valuation
What affects property valuation? #3315,"Location, area, amenities, market demand, comparable sales, infrastructure, and property condition influence valuation.",Property Valuation
What affects property valuation? #3316,"Location, area, amenities, market demand, comparable sales, infrastructure, and property condition influence valuation.",Property Valuation
What affects property valuation? #3317,"Location, area, amenities, market demand, comparable sales, infrastructure, and property condition influence valuation.",Property Valuation
What affects property valuation? #3318,"Location, area, amenities, market demand, comparable sales, infrastructure, and property condition influence valuation.",Property Valuation
What affects property valuation? #3319,"Location, area, amenities, market demand, comparable sales, infrastructure, and property condition influence valuation.",Property Valuation
What affects property valuation? #3320,"Location, area, amenities, market demand, comparable sales, infrastructure, and property condition influence valuation.",Property Valuation
What affects property valuation? #3321,"Location, area, amenities, market demand, comparable sales, infrastructure, and property condition influence valuation.",Property Valuation
What affects property valuation? #3322,"Location, area, amenities, market demand, comparable sales, infrastructure, and property condition influence valuation.",Property Valuation
What affects property valuation? #3323,"Location, area, amenities, market demand, comparable sales, infrastructure, and property condition influence valuation.",Property Valuation
What affects property valuation? #3324,"Location, area, amenities, market demand, comparable sales, infrastructure, and property condition influence valuation.",Property Valuation
What affects property valuation? #3325,"Location, area, amenities, market demand, comparable sales, infrastructure, and property condition influence valuation.",Property Valuation
What affects property valuation? #3326,"Location, area, amenities, market demand, comparable sales, infrastructure, and property condition influence valuation.",Property Valuation
What affects property valuation? #3327,"Location, area, amenities, market demand, comparable sales, infrastructure, and property condition influence valuation.",Property Valuation
What affects property valuation? #3328,"Location, area, amenities, market demand, comparable sales, infrastructure, and property condition influence valuation.",Property Valuation
What affects property valuation? #3329,"Location, area, amenities, market demand, comparable sales, infrastructure, and property condition influence valuation.",Property Valuation
What affects property valuation? #3330,"Location, area, amenities, market demand, comparable sales, infrastructure, and property condition influence valuation.",Property Valuation
What affects property valuation? #3331,"Location, area, amenities, market demand, comparable sales, infrastructure, and property condition influence valuation.",Property Valuation
What affects property valuation? #3332,"Location, area, amenities, market demand, comparable sales, infrastructure, and property condition influence valuation.",Property Valuation
What affects property valuation? #3333,"Location, area, amenities, market demand, comparable sales, infrastructure, and property condition influence valuation.",Property Valuation
What affects property valuation? #3334,"Location, area, amenities, market demand, comparable sales, infrastructure, and property condition influence valuation.",Property Valuation
What affects property valuation? #3335,"Location, area, amenities, market demand, comparable sales, infrastructure, and property condition influence valuation.",Property Valuation
What affects property valuation? #3336,"Location, area, amenities, market demand, comparable sales, infrastructure, and property condition influence valuation.",Property Valuation
What affects property valuation? #3337,"Location, area, amenities, market demand, comparable sales, infrastructure, and property condition influence valuation.",Property Valuation
What affects property valuation? #3338,"Location, area, amenities, market demand, comparable sales, infrastructure, and property condition influence valuation.",Property Valuation
What affects property valuation? #3339,"Location, area, amenities, market demand, comparable sales, infrastructure, and property condition influence valuation.",Property Valuation
What affects property valuation? #3340,"Location, area, amenities, market demand, comparable sales, infrastructure, and property condition influence valuation.",Property Valuation
What affects property valuation? #3341,"Location, area, amenities, market demand, comparable sales, infrastructure, and property condition influence valuation.",Property Valuation
What affects property valuation? #3342,"Location, area, amenities, market demand, comparable sales, infrastructure, and property condition influence valuation.",Property Valuation
What affects property valuation? #3343,"Location, area, amenities, market demand, comparable sales, infrastructure, and property condition influence valuation.",Property Valuation
What affects property valuation? #3344,"Location, area, amenities, market demand, comparable sales, infrastructure, and property condition influence valuation.",Property Valuation
What affects property valuation? #3345,"Location, area, amenities, market demand, comparable sales, infrastructure, and property condition influence valuation.",Property Valuation
What affects property valuation? #3346,"Location, area, amenities, market demand, comparable sales, infrastructure, and property condition influence valuation.",Property Valuation
What affects property valuation? #3347,"Location, area, amenities, market demand, comparable sales, infrastructure, and property condition influence valuation.",Property Valuation
What affects property valuation? #3348,"Location, area, amenities, market demand, comparable sales, infrastructure, and property condition influence valuation.",Property Valuation
What affects property valuation? #3349,"Location, area, amenities, market demand, comparable sales, infrastructure, and property condition influence valuation.",Property Valuation
What affects property valuation? #3350,"Location, area, amenities, market demand, comparable sales, infrastructure, and property condition influence valuation.",Property Valuation
What affects property valuation? #3351,"Location, area, amenities, market demand, comparable sales, infrastructure, and property condition influence valuation.",Property Valuation
What affects property valuation? #3352,"Location, area, amenities, market demand, comparable sales, infrastructure, and property condition influence valuation.",Property Valuation
What affects property valuation? #3353,"Location, area, amenities, market demand, comparable sales, infrastructure, and property condition influence valuation.",Property Valuation
What affects property valuation? #3354,"Location, area, amenities, market demand, comparable sales, infrastructure, and property condition influence valuation.",Property Valuation
What affects property valuation? #3355,"Location, area, amenities, market demand, comparable sales, infrastructure, and property condition influence valuation.",Property Valuation
What affects property valuation? #3356,"Location, area, amenities, market demand, comparable sales, infrastructure, and property condition influence valuation.",Property Valuation
What affects property valuation? #3357,"Location, area, amenities, market demand, comparable sales, infrastructure, and property condition influence valuation.",Property Valuation
What affects property valuation? #3358,"Location, area, amenities, market demand, comparable sales, infrastructure, and property condition influence valuation.",Property Valuation
What affects property valuation? #3359,"Location, area, amenities, market demand, comparable sales, infrastructure, and property condition influence valuation.",Property Valuation
What affects property valuation? #3360,"Location, area, amenities, market demand, comparable sales, infrastructure, and property condition influence valuation.",Property Valuation
What affects property valuation? #3361,"Location, area, amenities, market demand, comparable sales, infrastructure, and property condition influence valuation.",Property Valuation
What affects property valuation? #3362,"Location, area, amenities, market demand, comparable sales, infrastructure, and property condition influence valuation.",Property Valuation
What affects property valuation? #3363,"Location, area, amenities, market demand, comparable sales, infrastructure, and property condition influence valuation.",Property Valuation
What affects property valuation? #3364,"Location, area, amenities, market demand, comparable sales, infrastructure, and property condition influence valuation.",Property Valuation
What affects property valuation? #3365,"Location, area, amenities, market demand, comparable sales, infrastructure, and property condition influence valuation.",Property Valuation
What affects property valuation? #3366,"Location, area, amenities, market demand, comparable sales, infrastructure, and property condition influence valuation.",Property Valuation
What affects property valuation? #3367,"Location, area, amenities, market demand, comparable sales, infrastructure, and property condition influence valuation.",Property Valuation
What affects property valuation? #3368,"Location, area, amenities, market demand, comparable sales, infrastructure, and property condition influence valuation.",Property Valuation
What affects property valuation? #3369,"Location, area, amenities, market demand, comparable sales, infrastructure, and property condition influence valuation.",Property Valuation
What affects property valuation? #3370,"Location, area, amenities, market demand, comparable sales, infrastructure, and property condition influence valuation.",Property Valuation
What affects property valuation? #3371,"Location, area, amenities, market demand, comparable sales, infrastructure, and property condition influence valuation.",Property Valuation
What affects property valuation? #3372,"Location, area, amenities, market demand, comparable sales, infrastructure, and property condition influence valuation.",Property Valuation
What affects property valuation? #3373,"Location, area, amenities, market demand, comparable sales, infrastructure, and property condition influence valuation.",Property Valuation
What affects property valuation? #3374,"Location, area, amenities, market demand, comparable sales, infrastructure, and property condition influence valuation.",Property Valuation
What affects property valuation? #3375,"Location, area, amenities, market demand, comparable sales, infrastructure, and property condition influence valuation.",Property Valuation
What affects property valuation? #3376,"Location, area, amenities, market demand, comparable sales, infrastructure, and property condition influence valuation.",Property Valuation
What affects property valuation? #3377,"Location, area, amenities, market demand, comparable sales, infrastructure, and property condition influence valuation.",Property Valuation
What affects property valuation? #3378,"Location, area, amenities, market demand, comparable sales, infrastructure, and property condition influence valuation.",Property Valuation
What affects property valuation? #3379,"Location, area, amenities, market demand, comparable sales, infrastructure, and property condition influence valuation.",Property Valuation
What affects property valuation? #3380,"Location, area, amenities, market demand, comparable sales, infrastructure, and property condition influence valuation.",Property Valuation
What affects property valuation? #3381,"Location, area, amenities, market demand, comparable sales, infrastructure, and property condition influence valuation.",Property Valuation
What affects property valuation? #3382,"Location, area, amenities, market demand, comparable sales, infrastructure, and property condition influence valuation.",Property Valuation
What affects property valuation? #3383,"Location, area, amenities, market demand, comparable sales, infrastructure, and property condition influence valuation.",Property Valuation
What affects property valuation? #3384,"Location, area, amenities, market demand, comparable sales, infrastructure, and property condition influence valuation.",Property Valuation
What affects property valuation? #3385,"Location, area, amenities, market demand, comparable sales, infrastructure, and property condition influence valuation.",Property Valuation
What affects property valuation? #3386,"Location, area, amenities, market demand, comparable sales, infrastructure, and property condition influence valuation.",Property Valuation
What affects property valuation? #3387,"Location, area, amenities, market demand, comparable sales, infrastructure, and property condition influence valuation.",Property Valuation
What affects property valuation? #3388,"Location, area, amenities, market demand, comparable sales, infrastructure, and property condition influence valuation.",Property Valuation
What affects property valuation? #3389,"Location, area, amenities, market demand, comparable sales, infrastructure, and property condition influence valuation.",Property Valuation
What affects property valuation? #3390,"Location, area, amenities, market demand, comparable sales, infrastructure, and property condition influence valuation.",Property Valuation
What affects property valuation? #3391,"Location, area, amenities, market demand, comparable sales, infrastructure, and property condition influence valuation.",Property Valuation
What affects property valuation? #3392,"Location, area, amenities, market demand, comparable sales, infrastructure, and property condition influence valuation.",Property Valuation
What affects property valuation? #3393,"Location, area, amenities, market demand, comparable sales, infrastructure, and property condition influence valuation.",Property Valuation
What affects property valuation? #3394,"Location, area, amenities, market demand, comparable sales, infrastructure, and property condition influence valuation.",Property Valuation
What affects property valuation? #3395,"Location, area, amenities, market demand, comparable sales, infrastructure, and property condition influence valuation.",Property Valuation
What affects property valuation? #3396,"Location, area, amenities, market demand, comparable sales, infrastructure, and property condition influence valuation.",Property Valuation
What affects property valuation? #3397,"Location, area, amenities, market demand, comparable sales, infrastructure, and property condition influence valuation.",Property Valuation
What affects property valuation? #3398,"Location, area, amenities, market demand, comparable sales, infrastructure, and property condition influence valuation.",Property Valuation
What affects property valuation? #3399,"Location, area, amenities, market demand, comparable sales, infrastructure, and property condition influence valuation.",Property Valuation
What affects property valuation? #3400,"Location, area, amenities, market demand, comparable sales, infrastructure, and property condition influence valuation.",Property Valuation
What affects property valuation? #3401,"Location, area, amenities, market demand, comparable sales, infrastructure, and property condition influence valuation.",Property Valuation
What affects property valuation? #3402,"Location, area, amenities, market demand, comparable sales, infrastructure, and property condition influence valuation.",Property Valuation
What affects property valuation? #3403,"Location, area, amenities, market demand, comparable sales, infrastructure, and property condition influence valuation.",Property Valuation
What affects property valuation? #3404,"Location, area, amenities, market demand, comparable sales, infrastructure, and property condition influence valuation.",Property Valuation
What affects property valuation? #3405,"Location, area, amenities, market demand, comparable sales, infrastructure, and property condition influence valuation.",Property Valuation
What affects property valuation? #3406,"Location, area, amenities, market demand, comparable sales, infrastructure, and property condition influence valuation.",Property Valuation
What affects property valuation? #3407,"Location, area, amenities, market demand, comparable sales, infrastructure, and property condition influence valuation.",Property Valuation
What affects property valuation? #3408,"Location, area, amenities, market demand, comparable sales, infrastructure, and property condition influence valuation.",Property Valuation
What affects property valuation? #3409,"Location, area, amenities, market demand, comparable sales, infrastructure, and property condition influence valuation.",Property Valuation
What affects property valuation? #3410,"Location, area, amenities, market demand, comparable sales, infrastructure, and property condition influence valuation.",Property Valuation
What affects property valuation? #3411,"Location, area, amenities, market demand, comparable sales, infrastructure, and property condition influence valuation.",Property Valuation
What affects property valuation? #3412,"Location, area, amenities, market demand, comparable sales, infrastructure, and property condition influence valuation.",Property Valuation
What affects property valuation? #3413,"Location, area, amenities, market demand, comparable sales, infrastructure, and property condition influence valuation.",Property Valuation
What affects property valuation? #3414,"Location, area, amenities, market demand, comparable sales, infrastructure, and property condition influence valuation.",Property Valuation
What affects property valuation? #3415,"Location, area, amenities, market demand, comparable sales, infrastructure, and property condition influence valuation.",Property Valuation
What affects property valuation? #3416,"Location, area, amenities, market demand, comparable sales, infrastructure, and property condition influence valuation.",Property Valuation
What affects property valuation? #3417,"Location, area, amenities, market demand, comparable sales, infrastructure, and property condition influence valuation.",Property Valuation
What affects property valuation? #3418,"Location, area, amenities, market demand, comparable sales, infrastructure, and property condition influence valuation.",Property Valuation
What affects property valuation? #3419,"Location, area, amenities, market demand, comparable sales, infrastructure, and property condition influence valuation.",Property Valuation
What affects property valuation? #3420,"Location, area, amenities, market demand, comparable sales, infrastructure, and property condition influence valuation.",Property Valuation
What affects property valuation? #3421,"Location, area, amenities, market demand, comparable sales, infrastructure, and property condition influence valuation.",Property Valuation
What affects property valuation? #3422,"Location, area, amenities, market demand, comparable sales, infrastructure, and property condition influence valuation.",Property Valuation
What affects property valuation? #3423,"Location, area, amenities, market demand, comparable sales, infrastructure, and property condition influence valuation.",Property Valuation
What affects property valuation? #3424,"Location, area, amenities, market demand, comparable sales, infrastructure, and property condition influence valuation.",Property Valuation
What affects property valuation? #3425,"Location, area, amenities, market demand, comparable sales, infrastructure, and property condition influence valuation.",Property Valuation
What affects property valuation? #3426,"Location, area, amenities, market demand, comparable sales, infrastructure, and property condition influence valuation.",Property Valuation
What affects property valuation? #3427,"Location, area, amenities, market demand, comparable sales, infrastructure, and property condition influence valuation.",Property Valuation
What affects property valuation? #3428,"Location, area, amenities, market demand, comparable sales, infrastructure, and property condition influence valuation.",Property Valuation
What affects property valuation? #3429,"Location, area, amenities, market demand, comparable sales, infrastructure, and property condition influence valuation.",Property Valuation
What affects property valuation? #3430,"Location, area, amenities, market demand, comparable sales, infrastructure, and property condition influence valuation.",Property Valuation
What affects property valuation? #3431,"Location, area, amenities, market demand, comparable sales, infrastructure, and property condition influence valuation.",Property Valuation
What affects property valuation? #3432,"Location, area, amenities, market demand, comparable sales, infrastructure, and property condition influence valuation.",Property Valuation
What affects property valuation? #3433,"Location, area, amenities, market demand, comparable sales, infrastructure, and property condition influence valuation.",Property Valuation
What affects property valuation? #3434,"Location, area, amenities, market demand, comparable sales, infrastructure, and property condition influence valuation.",Property Valuation
What affects property valuation? #3435,"Location, area, amenities, market demand, comparable sales, infrastructure, and property condition influence valuation.",Property Valuation
What affects property valuation? #3436,"Location, area, amenities, market demand, comparable sales, infrastructure, and property condition influence valuation.",Property Valuation
What affects property valuation? #3437,"Location, area, amenities, market demand, comparable sales, infrastructure, and property condition influence valuation.",Property Valuation
What affects property valuation? #3438,"Location, area, amenities, market demand, comparable sales, infrastructure, and property condition influence valuation.",Property Valuation
What affects property valuation? #3439,"Location, area, amenities, market demand, comparable sales, infrastructure, and property condition influence valuation.",Property Valuation
What affects property valuation? #3440,"Location, area, amenities, market demand, comparable sales, infrastructure, and property condition influence valuation.",Property Valuation
What affects property valuation? #3441,"Location, area, amenities, market demand, comparable sales, infrastructure, and property condition influence valuation.",Property Valuation
What affects property valuation? #3442,"Location, area, amenities, market demand, comparable sales, infrastructure, and property condition influence valuation.",Property Valuation
What affects property valuation? #3443,"Location, area, amenities, market demand, comparable sales, infrastructure, and property condition influence valuation.",Property Valuation
What affects property valuation? #3444,"Location, area, amenities, market demand, comparable sales, infrastructure, and property condition influence valuation.",Property Valuation
What affects property valuation? #3445,"Location, area, amenities, market demand, comparable sales, infrastructure, and property condition influence valuation.",Property Valuation
What affects property valuation? #3446,"Location, area, amenities, market demand, comparable sales, infrastructure, and property condition influence valuation.",Property Valuation
What affects property valuation? #3447,"Location, area, amenities, market demand, comparable sales, infrastructure, and property condition influence valuation.",Property Valuation
What affects property valuation? #3448,"Location, area, amenities, market demand, comparable sales, infrastructure, and property condition influence valuation.",Property Valuation
What affects property valuation? #3449,"Location, area, amenities, market demand, comparable sales, infrastructure, and property condition influence valuation.",Property Valuation
What affects property valuation? #3450,"Location, area, amenities, market demand, comparable sales, infrastructure, and property condition influence valuation.",Property Valuation
What affects property valuation? #3451,"Location, area, amenities, market demand, comparable sales, infrastructure, and property condition influence valuation.",Property Valuation
What affects property valuation? #3452,"Location, area, amenities, market demand, comparable sales, infrastructure, and property condition influence valuation.",Property Valuation
What affects property valuation? #3453,"Location, area, amenities, market demand, comparable sales, infrastructure, and property condition influence valuation.",Property Valuation
What affects property valuation? #3454,"Location, area, amenities, market demand, comparable sales, infrastructure, and property condition influence valuation.",Property Valuation
What affects property valuation? #3455,"Location, area, amenities, market demand, comparable sales, infrastructure, and property condition influence valuation.",Property Valuation
What affects property valuation? #3456,"Location, area, amenities, market demand, comparable sales, infrastructure, and property condition influence valuation.",Property Valuation
What affects property valuation? #3457,"Location, area, amenities, market demand, comparable sales, infrastructure, and property condition influence valuation.",Property Valuation
What affects property valuation? #3458,"Location, area, amenities, market demand, comparable sales, infrastructure, and property condition influence valuation.",Property Valuation
What affects property valuation? #3459,"Location, area, amenities, market demand, comparable sales, infrastructure, and property condition influence valuation.",Property Valuation
What affects property valuation? #3460,"Location, area, amenities, market demand, comparable sales, infrastructure, and property condition influence valuation.",Property Valuation
What affects property valuation? #3461,"Location, area, amenities, market demand, comparable sales, infrastructure, and property condition influence valuation.",Property Valuation
What affects property valuation? #3462,"Location, area, amenities, market demand, comparable sales, infrastructure, and property condition influence valuation.",Property Valuation
What affects property valuation? #3463,"Location, area, amenities, market demand, comparable sales, infrastructure, and property condition influence valuation.",Property Valuation
What affects property valuation? #3464,"Location, area, amenities, market demand, comparable sales, infrastructure, and property condition influence valuation.",Property Valuation
What affects property valuation? #3465,"Location, area, amenities, market demand, comparable sales, infrastructure, and property condition influence valuation.",Property Valuation
What affects property valuation? #3466,"Location, area, amenities, market demand, comparable sales, infrastructure, and property condition influence valuation.",Property Valuation
What affects property valuation? #3467,"Location, area, amenities, market demand, comparable sales, infrastructure, and property condition influence valuation.",Property Valuation
What affects property valuation? #3468,"Location, area, amenities, market demand, comparable sales, infrastructure, and property condition influence valuation.",Property Valuation
What affects property valuation? #3469,"Location, area, amenities, market demand, comparable sales, infrastructure, and property condition influence valuation.",Property Valuation
What affects property valuation? #3470,"Location, area, amenities, market demand, comparable sales, infrastructure, and property condition influence valuation.",Property Valuation
What affects property valuation? #3471,"Location, area, amenities, market demand, comparable sales, infrastructure, and property condition influence valuation.",Property Valuation
What affects property valuation? #3472,"Location, area, amenities, market demand, comparable sales, infrastructure, and property condition influence valuation.",Property Valuation
What affects property valuation? #3473,"Location, area, amenities, market demand, comparable sales, infrastructure, and property condition influence valuation.",Property Valuation
What affects property valuation? #3474,"Location, area, amenities, market demand, comparable sales, infrastructure, and property condition influence valuation.",Property Valuation
What affects property valuation? #3475,"Location, area, amenities, market demand, comparable sales, infrastructure, and property condition influence valuation.",Property Valuation
What affects property valuation? #3476,"Location, area, amenities, market demand, comparable sales, infrastructure, and property condition influence valuation.",Property Valuation
What affects property valuation? #3477,"Location, area, amenities, market demand, comparable sales, infrastructure, and property condition influence valuation.",Property Valuation
What affects property valuation? #3478,"Location, area, amenities, market demand, comparable sales, infrastructure, and property condition influence valuation.",Property Valuation
What affects property valuation? #3479,"Location, area, amenities, market demand, comparable sales, infrastructure, and property condition influence valuation.",Property Valuation
What affects property valuation? #3480,"Location, area, amenities, market demand, comparable sales, infrastructure, and property condition influence valuation.",Property Valuation
What affects property valuation? #3481,"Location, area, amenities, market demand, comparable sales, infrastructure, and property condition influence valuation.",Property Valuation
What affects property valuation? #3482,"Location, area, amenities, market demand, comparable sales, infrastructure, and property condition influence valuation.",Property Valuation
What affects property valuation? #3483,"Location, area, amenities, market demand, comparable sales, infrastructure, and property condition influence valuation.",Property Valuation
What affects property valuation? #3484,"Location, area, amenities, market demand, comparable sales, infrastructure, and property condition influence valuation.",Property Valuation
What affects property valuation? #3485,"Location, area, amenities, market demand, comparable sales, infrastructure, and property condition influence valuation.",Property Valuation
What affects property valuation? #3486,"Location, area, amenities, market demand, comparable sales, infrastructure, and property condition influence valuation.",Property Valuation
What affects property valuation? #3487,"Location, area, amenities, market demand, comparable sales, infrastructure, and property condition influence valuation.",Property Valuation
What affects property valuation? #3488,"Location, area, amenities, market demand, comparable sales, infrastructure, and property condition influence valuation.",Property Valuation
What affects property valuation? #3489,"Location, area, amenities, market demand, comparable sales, infrastructure, and property condition influence valuation.",Property Valuation
What affects property valuation? #3490,"Location, area, amenities, market demand, comparable sales, infrastructure, and property condition influence valuation.",Property Valuation
What affects property valuation? #3491,"Location, area, amenities, market demand, comparable sales, infrastructure, and property condition influence valuation.",Property Valuation
What affects property valuation? #3492,"Location, area, amenities, market demand, comparable sales, infrastructure, and property condition influence valuation.",Property Valuation
What affects property valuation? #3493,"Location, area, amenities, market demand, comparable sales, infrastructure, and property condition influence valuation.",Property Valuation
What affects property valuation? #3494,"Location, area, amenities, market demand, comparable sales, infrastructure, and property condition influence valuation.",Property Valuation
What affects property valuation? #3495,"Location, area, amenities, market demand, comparable sales, infrastructure, and property condition influence valuation.",Property Valuation
What affects property valuation? #3496,"Location, area, amenities, market demand, comparable sales, infrastructure, and property condition influence valuation.",Property Valuation
What affects property valuation? #3497,"Location, area, amenities, market demand, comparable sales, infrastructure, and property condition influence valuation.",Property Valuation
What affects property valuation? #3498,"Location, area, amenities, market demand, comparable sales, infrastructure, and property condition influence valuation.",Property Valuation
What affects property valuation? #3499,"Location, area, amenities, market demand, comparable sales, infrastructure, and property condition influence valuation.",Property Valuation
What affects property valuation? #3500,"Location, area, amenities, market demand, comparable sales, infrastructure, and property condition influence valuation.",Property Valuation
What affects property valuation? #3501,"Location, area, amenities, market demand, comparable sales, infrastructure, and property condition influence valuation.",Property Valuation
What affects property valuation? #3502,"Location, area, amenities, market demand, comparable sales, infrastructure, and property condition influence valuation.",Property Valuation
What affects property valuation? #3503,"Location, area, amenities, market demand, comparable sales, infrastructure, and property condition influence valuation.",Property Valuation
What affects property valuation? #3504,"Location, area, amenities, market demand, comparable sales, infrastructure, and property condition influence valuation.",Property Valuation
What affects property valuation? #3505,"Location, area, amenities, market demand, comparable sales, infrastructure, and property condition influence valuation.",Property Valuation
What affects property valuation? #3506,"Location, area, amenities, market demand, comparable sales, infrastructure, and property condition influence valuation.",Property Valuation
What affects property valuation? #3507,"Location, area, amenities, market demand, comparable sales, infrastructure, and property condition influence valuation.",Property Valuation
What affects property valuation? #3508,"Location, area, amenities, market demand, comparable sales, infrastructure, and property condition influence valuation.",Property Valuation
What affects property valuation? #3509,"Location, area, amenities, market demand, comparable sales, infrastructure, and property condition influence valuation.",Property Valuation
What affects property valuation? #3510,"Location, area, amenities, market demand, comparable sales, infrastructure, and property condition influence valuation.",Property Valuation
What affects property valuation? #3511,"Location, area, amenities, market demand, comparable sales, infrastructure, and property condition influence valuation.",Property Valuation
What affects property valuation? #3512,"Location, area, amenities, market demand, comparable sales, infrastructure, and property condition influence valuation.",Property Valuation
What affects property valuation? #3513,"Location, area, amenities, market demand, comparable sales, infrastructure, and property condition influence valuation.",Property Valuation
What affects property valuation? #3514,"Location, area, amenities, market demand, comparable sales, infrastructure, and property condition influence valuation.",Property Valuation
What affects property valuation? #3515,"Location, area, amenities, market demand, comparable sales, infrastructure, and property condition influence valuation.",Property Valuation
What affects property valuation? #3516,"Location, area, amenities, market demand, comparable sales, infrastructure, and property condition influence valuation.",Property Valuation
What affects property valuation? #3517,"Location, area, amenities, market demand, comparable sales, infrastructure, and property condition influence valuation.",Property Valuation
What affects property valuation? #3518,"Location, area, amenities, market demand, comparable sales, infrastructure, and property condition influence valuation.",Property Valuation
What affects property valuation? #3519,"Location, area, amenities, market demand, comparable sales, infrastructure, and property condition influence valuation.",Property Valuation
What affects property valuation? #3520,"Location, area, amenities, market demand, comparable sales, infrastructure, and property condition influence valuation.",Property Valuation
What affects property valuation? #3521,"Location, area, amenities, market demand, comparable sales, infrastructure, and property condition influence valuation.",Property Valuation
What affects property valuation? #3522,"Location, area, amenities, market demand, comparable sales, infrastructure, and property condition influence valuation.",Property Valuation
What affects property valuation? #3523,"Location, area, amenities, market demand, comparable sales, infrastructure, and property condition influence valuation.",Property Valuation
What affects property valuation? #3524,"Location, area, amenities, market demand, comparable sales, infrastructure, and property condition influence valuation.",Property Valuation
What affects property valuation? #3525,"Location, area, amenities, market demand, comparable sales, infrastructure, and property condition influence valuation.",Property Valuation
What affects property valuation? #3526,"Location, area, amenities, market demand, comparable sales, infrastructure, and property condition influence valuation.",Property Valuation
What affects property valuation? #3527,"Location, area, amenities, market demand, comparable sales, infrastructure, and property condition influence valuation.",Property Valuation
What affects property valuation? #3528,"Location, area, amenities, market demand, comparable sales, infrastructure, and property condition influence valuation.",Property Valuation
What affects property valuation? #3529,"Location, area, amenities, market demand, comparable sales, infrastructure, and property condition influence valuation.",Property Valuation
What affects property valuation? #3530,"Location, area, amenities, market demand, comparable sales, infrastructure, and property condition influence valuation.",Property Valuation
What affects property valuation? #3531,"Location, area, amenities, market demand, comparable sales, infrastructure, and property condition influence valuation.",Property Valuation
What affects property valuation? #3532,"Location, area, amenities, market demand, comparable sales, infrastructure, and property condition influence valuation.",Property Valuation
What affects property valuation? #3533,"Location, area, amenities, market demand, comparable sales, infrastructure, and property condition influence valuation.",Property Valuation
What affects property valuation? #3534,"Location, area, amenities, market demand, comparable sales, infrastructure, and property condition influence valuation.",Property Valuation
What affects property valuation? #3535,"Location, area, amenities, market demand, comparable sales, infrastructure, and property condition influence valuation.",Property Valuation
What affects property valuation? #3536,"Location, area, amenities, market demand, comparable sales, infrastructure, and property condition influence valuation.",Property Valuation
What affects property valuation? #3537,"Location, area, amenities, market demand, comparable sales, infrastructure, and property condition influence valuation.",Property Valuation
What affects property valuation? #3538,"Location, area, amenities, market demand, comparable sales, infrastructure, and property condition influence valuation.",Property Valuation
What affects property valuation? #3539,"Location, area, amenities, market demand, comparable sales, infrastructure, and property condition influence valuation.",Property Valuation
What affects property valuation? #3540,"Location, area, amenities, market demand, comparable sales, infrastructure, and property condition influence valuation.",Property Valuation
What affects property valuation? #3541,"Location, area, amenities, market demand, comparable sales, infrastructure, and property condition influence valuation.",Property Valuation
What affects property valuation? #3542,"Location, area, amenities, market demand, comparable sales, infrastructure, and property condition influence valuation.",Property Valuation
What affects property valuation? #3543,"Location, area, amenities, market demand, comparable sales, infrastructure, and property condition influence valuation.",Property Valuation
What affects property valuation? #3544,"Location, area, amenities, market demand, comparable sales, infrastructure, and property condition influence valuation.",Property Valuation
What affects property valuation? #3545,"Location, area, amenities, market demand, comparable sales, infrastructure, and property condition influence valuation.",Property Valuation
What affects property valuation? #3546,"Location, area, amenities, market demand, comparable sales, infrastructure, and property condition influence valuation.",Property Valuation
What affects property valuation? #3547,"Location, area, amenities, market demand, comparable sales, infrastructure, and property condition influence valuation.",Property Valuation
What affects property valuation? #3548,"Location, area, amenities, market demand, comparable sales, infrastructure, and property condition influence valuation.",Property Valuation
What affects property valuation? #3549,"Location, area, amenities, market demand, comparable sales, infrastructure, and property condition influence valuation.",Property Valuation
What affects property valuation? #3550,"Location, area, amenities, market demand, comparable sales, infrastructure, and property condition influence valuation.",Property Valuation
What affects property valuation? #3551,"Location, area, amenities, market demand, comparable sales, infrastructure, and property condition influence valuation.",Property Valuation
What affects property valuation? #3552,"Location, area, amenities, market demand, comparable sales, infrastructure, and property condition influence valuation.",Property Valuation
What affects property valuation? #3553,"Location, area, amenities, market demand, comparable sales, infrastructure, and property condition influence valuation.",Property Valuation
What affects property valuation? #3554,"Location, area, amenities, market demand, comparable sales, infrastructure, and property condition influence valuation.",Property Valuation
What affects property valuation? #3555,"Location, area, amenities, market demand, comparable sales, infrastructure, and property condition influence valuation.",Property Valuation
What affects property valuation? #3556,"Location, area, amenities, market demand, comparable sales, infrastructure, and property condition influence valuation.",Property Valuation
What affects property valuation? #3557,"Location, area, amenities, market demand, comparable sales, infrastructure, and property condition influence valuation.",Property Valuation
What affects property valuation? #3558,"Location, area, amenities, market demand, comparable sales, infrastructure, and property condition influence valuation.",Property Valuation
What affects property valuation? #3559,"Location, area, amenities, market demand, comparable sales, infrastructure, and property condition influence valuation.",Property Valuation
What affects property valuation? #3560,"Location, area, amenities, market demand, comparable sales, infrastructure, and property condition influence valuation.",Property Valuation
What affects property valuation? #3561,"Location, area, amenities, market demand, comparable sales, infrastructure, and property condition influence valuation.",Property Valuation
What affects property valuation? #3562,"Location, area, amenities, market demand, comparable sales, infrastructure, and property condition influence valuation.",Property Valuation
What affects property valuation? #3563,"Location, area, amenities, market demand, comparable sales, infrastructure, and property condition influence valuation.",Property Valuation
What affects property valuation? #3564,"Location, area, amenities, market demand, comparable sales, infrastructure, and property condition influence valuation.",Property Valuation
What affects property valuation? #3565,"Location, area, amenities, market demand, comparable sales, infrastructure, and property condition influence valuation.",Property Valuation
What affects property valuation? #3566,"Location, area, amenities, market demand, comparable sales, infrastructure, and property condition influence valuation.",Property Valuation
What affects property valuation? #3567,"Location, area, amenities, market demand, comparable sales, infrastructure, and property condition influence valuation.",Property Valuation
What affects property valuation? #3568,"Location, area, amenities, market demand, comparable sales, infrastructure, and property condition influence valuation.",Property Valuation
What affects property valuation? #3569,"Location, area, amenities, market demand, comparable sales, infrastructure, and property condition influence valuation.",Property Valuation
What affects property valuation? #3570,"Location, area, amenities, market demand, comparable sales, infrastructure, and property condition influence valuation.",Property Valuation
What affects property valuation? #3571,"Location, area, amenities, market demand, comparable sales, infrastructure, and property condition influence valuation.",Property Valuation
What affects property valuation? #3572,"Location, area, amenities, market demand, comparable sales, infrastructure, and property condition influence valuation.",Property Valuation
What affects property valuation? #3573,"Location, area, amenities, market demand, comparable sales, infrastructure, and property condition influence valuation.",Property Valuation
What affects property valuation? #3574,"Location, area, amenities, market demand, comparable sales, infrastructure, and property condition influence valuation.",Property Valuation
What affects property valuation? #3575,"Location, area, amenities, market demand, comparable sales, infrastructure, and property condition influence valuation.",Property Valuation
What affects property valuation? #3576,"Location, area, amenities, market demand, comparable sales, infrastructure, and property condition influence valuation.",Property Valuation
What affects property valuation? #3577,"Location, area, amenities, market demand, comparable sales, infrastructure, and property condition influence valuation.",Property Valuation
What affects property valuation? #3578,"Location, area, amenities, market demand, comparable sales, infrastructure, and property condition influence valuation.",Property Valuation
What affects property valuation? #3579,"Location, area, amenities, market demand, comparable sales, infrastructure, and property condition influence valuation.",Property Valuation
What affects property valuation? #3580,"Location, area, amenities, market demand, comparable sales, infrastructure, and property condition influence valuation.",Property Valuation
What affects property valuation? #3581,"Location, area, amenities, market demand, comparable sales, infrastructure, and property condition influence valuation.",Property Valuation
What affects property valuation? #3582,"Location, area, amenities, market demand, comparable sales, infrastructure, and property condition influence valuation.",Property Valuation
What affects property valuation? #3583,"Location, area, amenities, market demand, comparable sales, infrastructure, and property condition influence valuation.",Property Valuation
What affects property valuation? #3584,"Location, area, amenities, market demand, comparable sales, infrastructure, and property condition influence valuation.",Property Valuation
What affects property valuation? #3585,"Location, area, amenities, market demand, comparable sales, infrastructure, and property condition influence valuation.",Property Valuation
What affects property valuation? #3586,"Location, area, amenities, market demand, comparable sales, infrastructure, and property condition influence valuation.",Property Valuation
What affects property valuation? #3587,"Location, area, amenities, market demand, comparable sales, infrastructure, and property condition influence valuation.",Property Valuation
What affects property valuation? #3588,"Location, area, amenities, market demand, comparable sales, infrastructure, and property condition influence valuation.",Property Valuation
What affects property valuation? #3589,"Location, area, amenities, market demand, comparable sales, infrastructure, and property condition influence valuation.",Property Valuation
What affects property valuation? #3590,"Location, area, amenities, market demand, comparable sales, infrastructure, and property condition influence valuation.",Property Valuation
What affects property valuation? #3591,"Location, area, amenities, market demand, comparable sales, infrastructure, and property condition influence valuation.",Property Valuation
What affects property valuation? #3592,"Location, area, amenities, market demand, comparable sales, infrastructure, and property condition influence valuation.",Property Valuation
What affects property valuation? #3593,"Location, area, amenities, market demand, comparable sales, infrastructure, and property condition influence valuation.",Property Valuation
What affects property valuation? #3594,"Location, area, amenities, market demand, comparable sales, infrastructure, and property condition influence valuation.",Property Valuation
What affects property valuation? #3595,"Location, area, amenities, market demand, comparable sales, infrastructure, and property condition influence valuation.",Property Valuation
What affects property valuation? #3596,"Location, area, amenities, market demand, comparable sales, infrastructure, and property condition influence valuation.",Property Valuation
What affects property valuation? #3597,"Location, area, amenities, market demand, comparable sales, infrastructure, and property condition influence valuation.",Property Valuation
What affects property valuation? #3598,"Location, area, amenities, market demand, comparable sales, infrastructure, and property condition influence valuation.",Property Valuation
What affects property valuation? #3599,"Location, area, amenities, market demand, comparable sales, infrastructure, and property condition influence valuation.",Property Valuation
What affects property valuation? #3600,"Location, area, amenities, market demand, comparable sales, infrastructure, and property condition influence valuation.",Property Valuation
What affects property valuation? #3601,"Location, area, amenities, market demand, comparable sales, infrastructure, and property condition influence valuation.",Property Valuation
What affects property valuation? #3602,"Location, area, amenities, market demand, comparable sales, infrastructure, and property condition influence valuation.",Property Valuation
What affects property valuation? #3603,"Location, area, amenities, market demand, comparable sales, infrastructure, and property condition influence valuation.",Property Valuation
What affects property valuation? #3604,"Location, area, amenities, market demand, comparable sales, infrastructure, and property condition influence valuation.",Property Valuation
What affects property valuation? #3605,"Location, area, amenities, market demand, comparable sales, infrastructure, and property condition influence valuation.",Property Valuation
What affects property valuation? #3606,"Location, area, amenities, market demand, comparable sales, infrastructure, and property condition influence valuation.",Property Valuation
What affects property valuation? #3607,"Location, area, amenities, market demand, comparable sales, infrastructure, and property condition influence valuation.",Property Valuation
What affects property valuation? #3608,"Location, area, amenities, market demand, comparable sales, infrastructure, and property condition influence valuation.",Property Valuation
What affects property valuation? #3609,"Location, area, amenities, market demand, comparable sales, infrastructure, and property condition influence valuation.",Property Valuation
What affects property valuation? #3610,"Location, area, amenities, market demand, comparable sales, infrastructure, and property condition influence valuation.",Property Valuation
What affects property valuation? #3611,"Location, area, amenities, market demand, comparable sales, infrastructure, and property condition influence valuation.",Property Valuation
What affects property valuation? #3612,"Location, area, amenities, market demand, comparable sales, infrastructure, and property condition influence valuation.",Property Valuation
What affects property valuation? #3613,"Location, area, amenities, market demand, comparable sales, infrastructure, and property condition influence valuation.",Property Valuation
What affects property valuation? #3614,"Location, area, amenities, market demand, comparable sales, infrastructure, and property condition influence valuation.",Property Valuation
What affects property valuation? #3615,"Location, area, amenities, market demand, comparable sales, infrastructure, and property condition influence valuation.",Property Valuation
What affects property valuation? #3616,"Location, area, amenities, market demand, comparable sales, infrastructure, and property condition influence valuation.",Property Valuation
What affects property valuation? #3617,"Location, area, amenities, market demand, comparable sales, infrastructure, and property condition influence valuation.",Property Valuation
What affects property valuation? #3618,"Location, area, amenities, market demand, comparable sales, infrastructure, and property condition influence valuation.",Property Valuation
What affects property valuation? #3619,"Location, area, amenities, market demand, comparable sales, infrastructure, and property condition influence valuation.",Property Valuation
What affects property valuation? #3620,"Location, area, amenities, market demand, comparable sales, infrastructure, and property condition influence valuation.",Property Valuation
What affects property valuation? #3621,"Location, area, amenities, market demand, comparable sales, infrastructure, and property condition influence valuation.",Property Valuation
What affects property valuation? #3622,"Location, area, amenities, market demand, comparable sales, infrastructure, and property condition influence valuation.",Property Valuation
What affects property valuation? #3623,"Location, area, amenities, market demand, comparable sales, infrastructure, and property condition influence valuation.",Property Valuation
What affects property valuation? #3624,"Location, area, amenities, market demand, comparable sales, infrastructure, and property condition influence valuation.",Property Valuation
What affects property valuation? #3625,"Location, area, amenities, market demand, comparable sales, infrastructure, and property condition influence valuation.",Property Valuation
What affects property valuation? #3626,"Location, area, amenities, market demand, comparable sales, infrastructure, and property condition influence valuation.",Property Valuation
What affects property valuation? #3627,"Location, area, amenities, market demand, comparable sales, infrastructure, and property condition influence valuation.",Property Valuation
What affects property valuation? #3628,"Location, area, amenities, market demand, comparable sales, infrastructure, and property condition influence valuation.",Property Valuation
What affects property valuation? #3629,"Location, area, amenities, market demand, comparable sales, infrastructure, and property condition influence valuation.",Property Valuation
What affects property valuation? #3630,"Location, area, amenities, market demand, comparable sales, infrastructure, and property condition influence valuation.",Property Valuation
What affects property valuation? #3631,"Location, area, amenities, market demand, comparable sales, infrastructure, and property condition influence valuation.",Property Valuation
What affects property valuation? #3632,"Location, area, amenities, market demand, comparable sales, infrastructure, and property condition influence valuation.",Property Valuation
What affects property valuation? #3633,"Location, area, amenities, market demand, comparable sales, infrastructure, and property condition influence valuation.",Property Valuation
What affects property valuation? #3634,"Location, area, amenities, market demand, comparable sales, infrastructure, and property condition influence valuation.",Property Valuation
What affects property valuation? #3635,"Location, area, amenities, market demand, comparable sales, infrastructure, and property condition influence valuation.",Property Valuation
What affects property valuation? #3636,"Location, area, amenities, market demand, comparable sales, infrastructure, and property condition influence valuation.",Property Valuation
What affects property valuation? #3637,"Location, area, amenities, market demand, comparable sales, infrastructure, and property condition influence valuation.",Property Valuation
What affects property valuation? #3638,"Location, area, amenities, market demand, comparable sales, infrastructure, and property condition influence valuation.",Property Valuation
What affects property valuation? #3639,"Location, area, amenities, market demand, comparable sales, infrastructure, and property condition influence valuation.",Property Valuation
What affects property valuation? #3640,"Location, area, amenities, market demand, comparable sales, infrastructure, and property condition influence valuation.",Property Valuation
What affects property valuation? #3641,"Location, area, amenities, market demand, comparable sales, infrastructure, and property condition influence valuation.",Property Valuation
What affects property valuation? #3642,"Location, area, amenities, market demand, comparable sales, infrastructure, and property condition influence valuation.",Property Valuation
What affects property valuation? #3643,"Location, area, amenities, market demand, comparable sales, infrastructure, and property condition influence valuation.",Property Valuation
What affects property valuation? #3644,"Location, area, amenities, market demand, comparable sales, infrastructure, and property condition influence valuation.",Property Valuation
What affects property valuation? #3645,"Location, area, amenities, market demand, comparable sales, infrastructure, and property condition influence valuation.",Property Valuation
What affects property valuation? #3646,"Location, area, amenities, market demand, comparable sales, infrastructure, and property condition influence valuation.",Property Valuation
What affects property valuation? #3647,"Location, area, amenities, market demand, comparable sales, infrastructure, and property condition influence valuation.",Property Valuation
What affects property valuation? #3648,"Location, area, amenities, market demand, comparable sales, infrastructure, and property condition influence valuation.",Property Valuation
What affects property valuation? #3649,"Location, area, amenities, market demand, comparable sales, infrastructure, and property condition influence valuation.",Property Valuation
What affects property valuation? #3650,"Location, area, amenities, market demand, comparable sales, infrastructure, and property condition influence valuation.",Property Valuation
What affects property valuation? #3651,"Location, area, amenities, market demand, comparable sales, infrastructure, and property condition influence valuation.",Property Valuation
What affects property valuation? #3652,"Location, area, amenities, market demand, comparable sales, infrastructure, and property condition influence valuation.",Property Valuation
What affects property valuation? #3653,"Location, area, amenities, market demand, comparable sales, infrastructure, and property condition influence valuation.",Property Valuation
What affects property valuation? #3654,"Location, area, amenities, market demand, comparable sales, infrastructure, and property condition influence valuation.",Property Valuation
What affects property valuation? #3655,"Location, area, amenities, market demand, comparable sales, infrastructure, and property condition influence valuation.",Property Valuation
What affects property valuation? #3656,"Location, area, amenities, market demand, comparable sales, infrastructure, and property condition influence valuation.",Property Valuation
What affects property valuation? #3657,"Location, area, amenities, market demand, comparable sales, infrastructure, and property condition influence valuation.",Property Valuation
What affects property valuation? #3658,"Location, area, amenities, market demand, comparable sales, infrastructure, and property condition influence valuation.",Property Valuation
What affects property valuation? #3659,"Location, area, amenities, market demand, comparable sales, infrastructure, and property condition influence valuation.",Property Valuation
What affects property valuation? #3660,"Location, area, amenities, market demand, comparable sales, infrastructure, and property condition influence valuation.",Property Valuation
What affects property valuation? #3661,"Location, area, amenities, market demand, comparable sales, infrastructure, and property condition influence valuation.",Property Valuation
What affects property valuation? #3662,"Location, area, amenities, market demand, comparable sales, infrastructure, and property condition influence valuation.",Property Valuation
What affects property valuation? #3663,"Location, area, amenities, market demand, comparable sales, infrastructure, and property condition influence valuation.",Property Valuation
What affects property valuation? #3664,"Location, area, amenities, market demand, comparable sales, infrastructure, and property condition influence valuation.",Property Valuation
What affects property valuation? #3665,"Location, area, amenities, market demand, comparable sales, infrastructure, and property condition influence valuation.",Property Valuation
What affects property valuation? #3666,"Location, area, amenities, market demand, comparable sales, infrastructure, and property condition influence valuation.",Property Valuation
What affects property valuation? #3667,"Location, area, amenities, market demand, comparable sales, infrastructure, and property condition influence valuation.",Property Valuation
What affects property valuation? #3668,"Location, area, amenities, market demand, comparable sales, infrastructure, and property condition influence valuation.",Property Valuation
What affects property valuation? #3669,"Location, area, amenities, market demand, comparable sales, infrastructure, and property condition influence valuation.",Property Valuation
What affects property valuation? #3670,"Location, area, amenities, market demand, comparable sales, infrastructure, and property condition influence valuation.",Property Valuation
What affects property valuation? #3671,"Location, area, amenities, market demand, comparable sales, infrastructure, and property condition influence valuation.",Property Valuation
What affects property valuation? #3672,"Location, area, amenities, market demand, comparable sales, infrastructure, and property condition influence valuation.",Property Valuation
What affects property valuation? #3673,"Location, area, amenities, market demand, comparable sales, infrastructure, and property condition influence valuation.",Property Valuation
What affects property valuation? #3674,"Location, area, amenities, market demand, comparable sales, infrastructure, and property condition influence valuation.",Property Valuation
What affects property valuation? #3675,"Location, area, amenities, market demand, comparable sales, infrastructure, and property condition influence valuation.",Property Valuation
What affects property valuation? #3676,"Location, area, amenities, market demand, comparable sales, infrastructure, and property condition influence valuation.",Property Valuation
What affects property valuation? #3677,"Location, area, amenities, market demand, comparable sales, infrastructure, and property condition influence valuation.",Property Valuation
What affects property valuation? #3678,"Location, area, amenities, market demand, comparable sales, infrastructure, and property condition influence valuation.",Property Valuation
What affects property valuation? #3679,"Location, area, amenities, market demand, comparable sales, infrastructure, and property condition influence valuation.",Property Valuation
What affects property valuation? #3680,"Location, area, amenities, market demand, comparable sales, infrastructure, and property condition influence valuation.",Property Valuation
What affects property valuation? #3681,"Location, area, amenities, market demand, comparable sales, infrastructure, and property condition influence valuation.",Property Valuation
What affects property valuation? #3682,"Location, area, amenities, market demand, comparable sales, infrastructure, and property condition influence valuation.",Property Valuation
What affects property valuation? #3683,"Location, area, amenities, market demand, comparable sales, infrastructure, and property condition influence valuation.",Property Valuation
What affects property valuation? #3684,"Location, area, amenities, market demand, comparable sales, infrastructure, and property condition influence valuation.",Property Valuation
What affects property valuation? #3685,"Location, area, amenities, market demand, comparable sales, infrastructure, and property condition influence valuation.",Property Valuation
What affects property valuation? #3686,"Location, area, amenities, market demand, comparable sales, infrastructure, and property condition influence valuation.",Property Valuation
What affects property valuation? #3687,"Location, area, amenities, market demand, comparable sales, infrastructure, and property condition influence valuation.",Property Valuation
What affects property valuation? #3688,"Location, area, amenities, market demand, comparable sales, infrastructure, and property condition influence valuation.",Property Valuation
What affects property valuation? #3689,"Location, area, amenities, market demand, comparable sales, infrastructure, and property condition influence valuation.",Property Valuation
What affects property valuation? #3690,"Location, area, amenities, market demand, comparable sales, infrastructure, and property condition influence valuation.",Property Valuation
What affects property valuation? #3691,"Location, area, amenities, market demand, comparable sales, infrastructure, and property condition influence valuation.",Property Valuation
What affects property valuation? #3692,"Location, area, amenities, market demand, comparable sales, infrastructure, and property condition influence valuation.",Property Valuation
What affects property valuation? #3693,"Location, area, amenities, market demand, comparable sales, infrastructure, and property condition influence valuation.",Property Valuation
What affects property valuation? #3694,"Location, area, amenities, market demand, comparable sales, infrastructure, and property condition influence valuation.",Property Valuation
What affects property valuation? #3695,"Location, area, amenities, market demand, comparable sales, infrastructure, and property condition influence valuation.",Property Valuation
What affects property valuation? #3696,"Location, area, amenities, market demand, comparable sales, infrastructure, and property condition influence valuation.",Property Valuation
What affects property valuation? #3697,"Location, area, amenities, market demand, comparable sales, infrastructure, and property condition influence valuation.",Property Valuation
What affects property valuation? #3698,"Location, area, amenities, market demand, comparable sales, infrastructure, and property condition influence valuation.",Property Valuation
What affects property valuation? #3699,"Location, area, amenities, market demand, comparable sales, infrastructure, and property condition influence valuation.",Property Valuation
What affects property valuation? #3700,"Location, area, amenities, market demand, comparable sales, infrastructure, and property condition influence valuation.",Property Valuation
What affects property valuation? #3701,"Location, area, amenities, market demand, comparable sales, infrastructure, and property condition influence valuation.",Property Valuation
What affects property valuation? #3702,"Location, area, amenities, market demand, comparable sales, infrastructure, and property condition influence valuation.",Property Valuation
What affects property valuation? #3703,"Location, area, amenities, market demand, comparable sales, infrastructure, and property condition influence valuation.",Property Valuation
What affects property valuation? #3704,"Location, area, amenities, market demand, comparable sales, infrastructure, and property condition influence valuation.",Property Valuation
What affects property valuation? #3705,"Location, area, amenities, market demand, comparable sales, infrastructure, and property condition influence valuation.",Property Valuation
What affects property valuation? #3706,"Location, area, amenities, market demand, comparable sales, infrastructure, and property condition influence valuation.",Property Valuation
What affects property valuation? #3707,"Location, area, amenities, market demand, comparable sales, infrastructure, and property condition influence valuation.",Property Valuation
What affects property valuation? #3708,"Location, area, amenities, market demand, comparable sales, infrastructure, and property condition influence valuation.",Property Valuation
What affects property valuation? #3709,"Location, area, amenities, market demand, comparable sales, infrastructure, and property condition influence valuation.",Property Valuation
What affects property valuation? #3710,"Location, area, amenities, market demand, comparable sales, infrastructure, and property condition influence valuation.",Property Valuation
What affects property valuation? #3711,"Location, area, amenities, market demand, comparable sales, infrastructure, and property condition influence valuation.",Property Valuation
What affects property valuation? #3712,"Location, area, amenities, market demand, comparable sales, infrastructure, and property condition influence valuation.",Property Valuation
What affects property valuation? #3713,"Location, area, amenities, market demand, comparable sales, infrastructure, and property condition influence valuation.",Property Valuation
What affects property valuation? #3714,"Location, area, amenities, market demand, comparable sales, infrastructure, and property condition influence valuation.",Property Valuation
What affects property valuation? #3715,"Location, area, amenities, market demand, comparable sales, infrastructure, and property condition influence valuation.",Property Valuation
What affects property valuation? #3716,"Location, area, amenities, market demand, comparable sales, infrastructure, and property condition influence valuation.",Property Valuation
What affects property valuation? #3717,"Location, area, amenities, market demand, comparable sales, infrastructure, and property condition influence valuation.",Property Valuation
What affects property valuation? #3718,"Location, area, amenities, market demand, comparable sales, infrastructure, and property condition influence valuation.",Property Valuation
What affects property valuation? #3719,"Location, area, amenities, market demand, comparable sales, infrastructure, and property condition influence valuation.",Property Valuation
What affects property valuation? #3720,"Location, area, amenities, market demand, comparable sales, infrastructure, and property condition influence valuation.",Property Valuation
What affects property valuation? #3721,"Location, area, amenities, market demand, comparable sales, infrastructure, and property condition influence valuation.",Property Valuation
What affects property valuation? #3722,"Location, area, amenities, market demand, comparable sales, infrastructure, and property condition influence valuation.",Property Valuation
What affects property valuation? #3723,"Location, area, amenities, market demand, comparable sales, infrastructure, and property condition influence valuation.",Property Valuation
What affects property valuation? #3724,"Location, area, amenities, market demand, comparable sales, infrastructure, and property condition influence valuation.",Property Valuation
What affects property valuation? #3725,"Location, area, amenities, market demand, comparable sales, infrastructure, and property condition influence valuation.",Property Valuation
What affects property valuation? #3726,"Location, area, amenities, market demand, comparable sales, infrastructure, and property condition influence valuation.",Property Valuation
What affects property valuation? #3727,"Location, area, amenities, market demand, comparable sales, infrastructure, and property condition influence valuation.",Property Valuation
What affects property valuation? #3728,"Location, area, amenities, market demand, comparable sales, infrastructure, and property condition influence valuation.",Property Valuation
What affects property valuation? #3729,"Location, area, amenities, market demand, comparable sales, infrastructure, and property condition influence valuation.",Property Valuation
What affects property valuation? #3730,"Location, area, amenities, market demand, comparable sales, infrastructure, and property condition influence valuation.",Property Valuation
What affects property valuation? #3731,"Location, area, amenities, market demand, comparable sales, infrastructure, and property condition influence valuation.",Property Valuation
What affects property valuation? #3732,"Location, area, amenities, market demand, comparable sales, infrastructure, and property condition influence valuation.",Property Valuation
What affects property valuation? #3733,"Location, area, amenities, market demand, comparable sales, infrastructure, and property condition influence valuation.",Property Valuation
What affects property valuation? #3734,"Location, area, amenities, market demand, comparable sales, infrastructure, and property condition influence valuation.",Property Valuation
What affects property valuation? #3735,"Location, area, amenities, market demand, comparable sales, infrastructure, and property condition influence valuation.",Property Valuation
What affects property valuation? #3736,"Location, area, amenities, market demand, comparable sales, infrastructure, and property condition influence valuation.",Property Valuation
What affects property valuation? #3737,"Location, area, amenities, market demand, comparable sales, infrastructure, and property condition influence valuation.",Property Valuation
What affects property valuation? #3738,"Location, area, amenities, market demand, comparable sales, infrastructure, and property condition influence valuation.",Property Valuation
What affects property valuation? #3739,"Location, area, amenities, market demand, comparable sales, infrastructure, and property condition influence valuation.",Property Valuation
What affects property valuation? #3740,"Location, area, amenities, market demand, comparable sales, infrastructure, and property condition influence valuation.",Property Valuation
What affects property valuation? #3741,"Location, area, amenities, market demand, comparable sales, infrastructure, and property condition influence valuation.",Property Valuation
What affects property valuation? #3742,"Location, area, amenities, market demand, comparable sales, infrastructure, and property condition influence valuation.",Property Valuation
What affects property valuation? #3743,"Location, area, amenities, market demand, comparable sales, infrastructure, and property condition influence valuation.",Property Valuation
What affects property valuation? #3744,"Location, area, amenities, market demand, comparable sales, infrastructure, and property condition influence valuation.",Property Valuation
What affects property valuation? #3745,"Location, area, amenities, market demand, comparable sales, infrastructure, and property condition influence valuation.",Property Valuation
What affects property valuation? #3746,"Location, area, amenities, market demand, comparable sales, infrastructure, and property condition influence valuation.",Property Valuation
What affects property valuation? #3747,"Location, area, amenities, market demand, comparable sales, infrastructure, and property condition influence valuation.",Property Valuation
What affects property valuation? #3748,"Location, area, amenities, market demand, comparable sales, infrastructure, and property condition influence valuation.",Property Valuation
What affects property valuation? #3749,"Location, area, amenities, market demand, comparable sales, infrastructure, and property condition influence valuation.",Property Valuation
What affects property valuation? #3750,"Location, area, amenities, market demand, comparable sales, infrastructure, and property condition influence valuation.",Property Valuation
What affects property valuation? #3751,"Location, area, amenities, market demand, comparable sales, infrastructure, and property condition influence valuation.",Property Valuation
What affects property valuation? #3752,"Location, area, amenities, market demand, comparable sales, infrastructure, and property condition influence valuation.",Property Valuation
What affects property valuation? #3753,"Location, area, amenities, market demand, comparable sales, infrastructure, and property condition influence valuation.",Property Valuation
What affects property valuation? #3754,"Location, area, amenities, market demand, comparable sales, infrastructure, and property condition influence valuation.",Property Valuation
What affects property valuation? #3755,"Location, area, amenities, market demand, comparable sales, infrastructure, and property condition influence valuation.",Property Valuation
What affects property valuation? #3756,"Location, area, amenities, market demand, comparable sales, infrastructure, and property condition influence valuation.",Property Valuation
What affects property valuation? #3757,"Location, area, amenities, market demand, comparable sales, infrastructure, and property condition influence valuation.",Property Valuation
What affects property valuation? #3758,"Location, area, amenities, market demand, comparable sales, infrastructure, and property condition influence valuation.",Property Valuation
What affects property valuation? #3759,"Location, area, amenities, market demand, comparable sales, infrastructure, and property condition influence valuation.",Property Valuation
What affects property valuation? #3760,"Location, area, amenities, market demand, comparable sales, infrastructure, and property condition influence valuation.",Property Valuation
What affects property valuation? #3761,"Location, area, amenities, market demand, comparable sales, infrastructure, and property condition influence valuation.",Property Valuation
What affects property valuation? #3762,"Location, area, amenities, market demand, comparable sales, infrastructure, and property condition influence valuation.",Property Valuation
What affects property valuation? #3763,"Location, area, amenities, market demand, comparable sales, infrastructure, and property condition influence valuation.",Property Valuation
What affects property valuation? #3764,"Location, area, amenities, market demand, comparable sales, infrastructure, and property condition influence valuation.",Property Valuation
What affects property valuation? #3765,"Location, area, amenities, market demand, comparable sales, infrastructure, and property condition influence valuation.",Property Valuation
What affects property valuation? #3766,"Location, area, amenities, market demand, comparable sales, infrastructure, and property condition influence valuation.",Property Valuation
What affects property valuation? #3767,"Location, area, amenities, market demand, comparable sales, infrastructure, and property condition influence valuation.",Property Valuation
What affects property valuation? #3768,"Location, area, amenities, market demand, comparable sales, infrastructure, and property condition influence valuation.",Property Valuation
What affects property valuation? #3769,"Location, area, amenities, market demand, comparable sales, infrastructure, and property condition influence valuation.",Property Valuation
What affects property valuation? #3770,"Location, area, amenities, market demand, comparable sales, infrastructure, and property condition influence valuation.",Property Valuation
What affects property valuation? #3771,"Location, area, amenities, market demand, comparable sales, infrastructure, and property condition influence valuation.",Property Valuation
What affects property valuation? #3772,"Location, area, amenities, market demand, comparable sales, infrastructure, and property condition influence valuation.",Property Valuation
What affects property valuation? #3773,"Location, area, amenities, market demand, comparable sales, infrastructure, and property condition influence valuation.",Property Valuation
What affects property valuation? #3774,"Location, area, amenities, market demand, comparable sales, infrastructure, and property condition influence valuation.",Property Valuation
What affects property valuation? #3775,"Location, area, amenities, market demand, comparable sales, infrastructure, and property condition influence valuation.",Property Valuation
What affects property valuation? #3776,"Location, area, amenities, market demand, comparable sales, infrastructure, and property condition influence valuation.",Property Valuation
What affects property valuation? #3777,"Location, area, amenities, market demand, comparable sales, infrastructure, and property condition influence valuation.",Property Valuation
What affects property valuation? #3778,"Location, area, amenities, market demand, comparable sales, infrastructure, and property condition influence valuation.",Property Valuation
What affects property valuation? #3779,"Location, area, amenities, market demand, comparable sales, infrastructure, and property condition influence valuation.",Property Valuation
What affects property valuation? #3780,"Location, area, amenities, market demand, comparable sales, infrastructure, and property condition influence valuation.",Property Valuation
What affects property valuation? #3781,"Location, area, amenities, market demand, comparable sales, infrastructure, and property condition influence valuation.",Property Valuation
What affects property valuation? #3782,"Location, area, amenities, market demand, comparable sales, infrastructure, and property condition influence valuation.",Property Valuation
What affects property valuation? #3783,"Location, area, amenities, market demand, comparable sales, infrastructure, and property condition influence valuation.",Property Valuation
What affects property valuation? #3784,"Location, area, amenities, market demand, comparable sales, infrastructure, and property condition influence valuation.",Property Valuation
What affects property valuation? #3785,"Location, area, amenities, market demand, comparable sales, infrastructure, and property condition influence valuation.",Property Valuation
What affects property valuation? #3786,"Location, area, amenities, market demand, comparable sales, infrastructure, and property condition influence valuation.",Property Valuation
What affects property valuation? #3787,"Location, area, amenities, market demand, comparable sales, infrastructure, and property condition influence valuation.",Property Valuation
What affects property valuation? #3788,"Location, area, amenities, market demand, comparable sales, infrastructure, and property condition influence valuation.",Property Valuation
What affects property valuation? #3789,"Location, area, amenities, market demand, comparable sales, infrastructure, and property condition influence valuation.",Property Valuation
What affects property valuation? #3790,"Location, area, amenities, market demand, comparable sales, infrastructure, and property condition influence valuation.",Property Valuation
What affects property valuation? #3791,"Location, area, amenities, market demand, comparable sales, infrastructure, and property condition influence valuation.",Property Valuation
What affects property valuation? #3792,"Location, area, amenities, market demand, comparable sales, infrastructure, and property condition influence valuation.",Property Valuation
What affects property valuation? #3793,"Location, area, amenities, market demand, comparable sales, infrastructure, and property condition influence valuation.",Property Valuation
What affects property valuation? #3794,"Location, area, amenities, market demand, comparable sales, infrastructure, and property condition influence valuation.",Property Valuation
What affects property valuation? #3795,"Location, area, amenities, market demand, comparable sales, infrastructure, and property condition influence valuation.",Property Valuation
What affects property valuation? #3796,"Location, area, amenities, market demand, comparable sales, infrastructure, and property condition influence valuation.",Property Valuation
What affects property valuation? #3797,"Location, area, amenities, market demand, comparable sales, infrastructure, and property condition influence valuation.",Property Valuation
What affects property valuation? #3798,"Location, area, amenities, market demand, comparable sales, infrastructure, and property condition influence valuation.",Property Valuation
What affects property valuation? #3799,"Location, area, amenities, market demand, comparable sales, infrastructure, and property condition influence valuation.",Property Valuation
What affects property valuation? #3800,"Location, area, amenities, market demand, comparable sales, infrastructure, and property condition influence valuation.",Property Valuation
What affects property valuation? #3801,"Location, area, amenities, market demand, comparable sales, infrastructure, and property condition influence valuation.",Property Valuation
What affects property valuation? #3802,"Location, area, amenities, market demand, comparable sales, infrastructure, and property condition influence valuation.",Property Valuation
What affects property valuation? #3803,"Location, area, amenities, market demand, comparable sales, infrastructure, and property condition influence valuation.",Property Valuation
What affects property valuation? #3804,"Location, area, amenities, market demand, comparable sales, infrastructure, and property condition influence valuation.",Property Valuation
What affects property valuation? #3805,"Location, area, amenities, market demand, comparable sales, infrastructure, and property condition influence valuation.",Property Valuation
What affects property valuation? #3806,"Location, area, amenities, market demand, comparable sales, infrastructure, and property condition influence valuation.",Property Valuation
What affects property valuation? #3807,"Location, area, amenities, market demand, comparable sales, infrastructure, and property condition influence valuation.",Property Valuation
What affects property valuation? #3808,"Location, area, amenities, market demand, comparable sales, infrastructure, and property condition influence valuation.",Property Valuation
What affects property valuation? #3809,"Location, area, amenities, market demand, comparable sales, infrastructure, and property condition influence valuation.",Property Valuation
What affects property valuation? #3810,"Location, area, amenities, market demand, comparable sales, infrastructure, and property condition influence valuation.",Property Valuation
What affects property valuation? #3811,"Location, area, amenities, market demand, comparable sales, infrastructure, and property condition influence valuation.",Property Valuation
What affects property valuation? #3812,"Location, area, amenities, market demand, comparable sales, infrastructure, and property condition influence valuation.",Property Valuation
What affects property valuation? #3813,"Location, area, amenities, market demand, comparable sales, infrastructure, and property condition influence valuation.",Property Valuation
What affects property valuation? #3814,"Location, area, amenities, market demand, comparable sales, infrastructure, and property condition influence valuation.",Property Valuation
What affects property valuation? #3815,"Location, area, amenities, market demand, comparable sales, infrastructure, and property condition influence valuation.",Property Valuation
What affects property valuation? #3816,"Location, area, amenities, market demand, comparable sales, infrastructure, and property condition influence valuation.",Property Valuation
What affects property valuation? #3817,"Location, area, amenities, market demand, comparable sales, infrastructure, and property condition influence valuation.",Property Valuation
What affects property valuation? #3818,"Location, area, amenities, market demand, comparable sales, infrastructure, and property condition influence valuation.",Property Valuation
What affects property valuation? #3819,"Location, area, amenities, market demand, comparable sales, infrastructure, and property condition influence valuation.",Property Valuation
What affects property valuation? #3820,"Location, area, amenities, market demand, comparable sales, infrastructure, and property condition influence valuation.",Property Valuation
What affects property valuation? #3821,"Location, area, amenities, market demand, comparable sales, infrastructure, and property condition influence valuation.",Property Valuation
What affects property valuation? #3822,"Location, area, amenities, market demand, comparable sales, infrastructure, and property condition influence valuation.",Property Valuation
What affects property valuation? #3823,"Location, area, amenities, market demand, comparable sales, infrastructure, and property condition influence valuation.",Property Valuation
What affects property valuation? #3824,"Location, area, amenities, market demand, comparable sales, infrastructure, and property condition influence valuation.",Property Valuation
What affects property valuation? #3825,"Location, area, amenities, market demand, comparable sales, infrastructure, and property condition influence valuation.",Property Valuation
What affects property valuation? #3826,"Location, area, amenities, market demand, comparable sales, infrastructure, and property condition influence valuation.",Property Valuation
What affects property valuation? #3827,"Location, area, amenities, market demand, comparable sales, infrastructure, and property condition influence valuation.",Property Valuation
What affects property valuation? #3828,"Location, area, amenities, market demand, comparable sales, infrastructure, and property condition influence valuation.",Property Valuation
What affects property valuation? #3829,"Location, area, amenities, market demand, comparable sales, infrastructure, and property condition influence valuation.",Property Valuation
What affects property valuation? #3830,"Location, area, amenities, market demand, comparable sales, infrastructure, and property condition influence valuation.",Property Valuation
What affects property valuation? #3831,"Location, area, amenities, market demand, comparable sales, infrastructure, and property condition influence valuation.",Property Valuation
What affects property valuation? #3832,"Location, area, amenities, market demand, comparable sales, infrastructure, and property condition influence valuation.",Property Valuation
What affects property valuation? #3833,"Location, area, amenities, market demand, comparable sales, infrastructure, and property condition influence valuation.",Property Valuation
What affects property valuation? #3834,"Location, area, amenities, market demand, comparable sales, infrastructure, and property condition influence valuation.",Property Valuation
What affects property valuation? #3835,"Location, area, amenities, market demand, comparable sales, infrastructure, and property condition influence valuation.",Property Valuation
What affects property valuation? #3836,"Location, area, amenities, market demand, comparable sales, infrastructure, and property condition influence valuation.",Property Valuation
What affects property valuation? #3837,"Location, area, amenities, market demand, comparable sales, infrastructure, and property condition influence valuation.",Property Valuation
What affects property valuation? #3838,"Location, area, amenities, market demand, comparable sales, infrastructure, and property condition influence valuation.",Property Valuation
What affects property valuation? #3839,"Location, area, amenities, market demand, comparable sales, infrastructure, and property condition influence valuation.",Property Valuation
What affects property valuation? #3840,"Location, area, amenities, market demand, comparable sales, infrastructure, and property condition influence valuation.",Property Valuation
What affects property valuation? #3841,"Location, area, amenities, market demand, comparable sales, infrastructure, and property condition influence valuation.",Property Valuation
What affects property valuation? #3842,"Location, area, amenities, market demand, comparable sales, infrastructure, and property condition influence valuation.",Property Valuation
What affects property valuation? #3843,"Location, area, amenities, market demand, comparable sales, infrastructure, and property condition influence valuation.",Property Valuation
What affects property valuation? #3844,"Location, area, amenities, market demand, comparable sales, infrastructure, and property condition influence valuation.",Property Valuation
What affects property valuation? #3845,"Location, area, amenities, market demand, comparable sales, infrastructure, and property condition influence valuation.",Property Valuation
What affects property valuation? #3846,"Location, area, amenities, market demand, comparable sales, infrastructure, and property condition influence valuation.",Property Valuation
What affects property valuation? #3847,"Location, area, amenities, market demand, comparable sales, infrastructure, and property condition influence valuation.",Property Valuation
What affects property valuation? #3848,"Location, area, amenities, market demand, comparable sales, infrastructure, and property condition influence valuation.",Property Valuation
What affects property valuation? #3849,"Location, area, amenities, market demand, comparable sales, infrastructure, and property condition influence valuation.",Property Valuation
What affects property valuation? #3850,"Location, area, amenities, market demand, comparable sales, infrastructure, and property condition influence valuation.",Property Valuation
What affects property valuation? #3851,"Location, area, amenities, market demand, comparable sales, infrastructure, and property condition influence valuation.",Property Valuation
What affects property valuation? #3852,"Location, area, amenities, market demand, comparable sales, infrastructure, and property condition influence valuation.",Property Valuation
What affects property valuation? #3853,"Location, area, amenities, market demand, comparable sales, infrastructure, and property condition influence valuation.",Property Valuation
What affects property valuation? #3854,"Location, area, amenities, market demand, comparable sales, infrastructure, and property condition influence valuation.",Property Valuation
What affects property valuation? #3855,"Location, area, amenities, market demand, comparable sales, infrastructure, and property condition influence valuation.",Property Valuation
What affects property valuation? #3856,"Location, area, amenities, market demand, comparable sales, infrastructure, and property condition influence valuation.",Property Valuation
What affects property valuation? #3857,"Location, area, amenities, market demand, comparable sales, infrastructure, and property condition influence valuation.",Property Valuation
What affects property valuation? #3858,"Location, area, amenities, market demand, comparable sales, infrastructure, and property condition influence valuation.",Property Valuation
What affects property valuation? #3859,"Location, area, amenities, market demand, comparable sales, infrastructure, and property condition influence valuation.",Property Valuation
What affects property valuation? #3860,"Location, area, amenities, market demand, comparable sales, infrastructure, and property condition influence valuation.",Property Valuation
What affects property valuation? #3861,"Location, area, amenities, market demand, comparable sales, infrastructure, and property condition influence valuation.",Property Valuation
What affects property valuation? #3862,"Location, area, amenities, market demand, comparable sales, infrastructure, and property condition influence valuation.",Property Valuation
What affects property valuation? #3863,"Location, area, amenities, market demand, comparable sales, infrastructure, and property condition influence valuation.",Property Valuation
What affects property valuation? #3864,"Location, area, amenities, market demand, comparable sales, infrastructure, and property condition influence valuation.",Property Valuation
What affects property valuation? #3865,"Location, area, amenities, market demand, comparable sales, infrastructure, and property condition influence valuation.",Property Valuation
What affects property valuation? #3866,"Location, area, amenities, market demand, comparable sales, infrastructure, and property condition influence valuation.",Property Valuation
What affects property valuation? #3867,"Location, area, amenities, market demand, comparable sales, infrastructure, and property condition influence valuation.",Property Valuation
What affects property valuation? #3868,"Location, area, amenities, market demand, comparable sales, infrastructure, and property condition influence valuation.",Property Valuation
What affects property valuation? #3869,"Location, area, amenities, market demand, comparable sales, infrastructure, and property condition influence valuation.",Property Valuation
What affects property valuation? #3870,"Location, area, amenities, market demand, comparable sales, infrastructure, and property condition influence valuation.",Property Valuation
What affects property valuation? #3871,"Location, area, amenities, market demand, comparable sales, infrastructure, and property condition influence valuation.",Property Valuation
What affects property valuation? #3872,"Location, area, amenities, market demand, comparable sales, infrastructure, and property condition influence valuation.",Property Valuation
What affects property valuation? #3873,"Location, area, amenities, market demand, comparable sales, infrastructure, and property condition influence valuation.",Property Valuation
What affects property valuation? #3874,"Location, area, amenities, market demand, comparable sales, infrastructure, and property condition influence valuation.",Property Valuation
What affects property valuation? #3875,"Location, area, amenities, market demand, comparable sales, infrastructure, and property condition influence valuation.",Property Valuation
What affects property valuation? #3876,"Location, area, amenities, market demand, comparable sales, infrastructure, and property condition influence valuation.",Property Valuation
What affects property valuation? #3877,"Location, area, amenities, market demand, comparable sales, infrastructure, and property condition influence valuation.",Property Valuation
What affects property valuation? #3878,"Location, area, amenities, market demand, comparable sales, infrastructure, and property condition influence valuation.",Property Valuation
What affects property valuation? #3879,"Location, area, amenities, market demand, comparable sales, infrastructure, and property condition influence valuation.",Property Valuation
What affects property valuation? #3880,"Location, area, amenities, market demand, comparable sales, infrastructure, and property condition influence valuation.",Property Valuation
What affects property valuation? #3881,"Location, area, amenities, market demand, comparable sales, infrastructure, and property condition influence valuation.",Property Valuation
What affects property valuation? #3882,"Location, area, amenities, market demand, comparable sales, infrastructure, and property condition influence valuation.",Property Valuation
What affects property valuation? #3883,"Location, area, amenities, market demand, comparable sales, infrastructure, and property condition influence valuation.",Property Valuation
What affects property valuation? #3884,"Location, area, amenities, market demand, comparable sales, infrastructure, and property condition influence valuation.",Property Valuation
What affects property valuation? #3885,"Location, area, amenities, market demand, comparable sales, infrastructure, and property condition influence valuation.",Property Valuation
What affects property valuation? #3886,"Location, area, amenities, market demand, comparable sales, infrastructure, and property condition influence valuation.",Property Valuation
What affects property valuation? #3887,"Location, area, amenities, market demand, comparable sales, infrastructure, and property condition influence valuation.",Property Valuation
What affects property valuation? #3888,"Location, area, amenities, market demand, comparable sales, infrastructure, and property condition influence valuation.",Property Valuation
What affects property valuation? #3889,"Location, area, amenities, market demand, comparable sales, infrastructure, and property condition influence valuation.",Property Valuation
What affects property valuation? #3890,"Location, area, amenities, market demand, comparable sales, infrastructure, and property condition influence valuation.",Property Valuation
What affects property valuation? #3891,"Location, area, amenities, market demand, comparable sales, infrastructure, and property condition influence valuation.",Property Valuation
What affects property valuation? #3892,"Location, area, amenities, market demand, comparable sales, infrastructure, and property condition influence valuation.",Property Valuation
What affects property valuation? #3893,"Location, area, amenities, market demand, comparable sales, infrastructure, and property condition influence valuation.",Property Valuation
What affects property valuation? #3894,"Location, area, amenities, market demand, comparable sales, infrastructure, and property condition influence valuation.",Property Valuation
What affects property valuation? #3895,"Location, area, amenities, market demand, comparable sales, infrastructure, and property condition influence valuation.",Property Valuation
What affects property valuation? #3896,"Location, area, amenities, market demand, comparable sales, infrastructure, and property condition influence valuation.",Property Valuation
What affects property valuation? #3897,"Location, area, amenities, market demand, comparable sales, infrastructure, and property condition influence valuation.",Property Valuation
What affects property valuation? #3898,"Location, area, amenities, market demand, comparable sales, infrastructure, and property condition influence valuation.",Property Valuation
What affects property valuation? #3899,"Location, area, amenities, market demand, comparable sales, infrastructure, and property condition influence valuation.",Property Valuation
What affects property valuation? #3900,"Location, area, amenities, market demand, comparable sales, infrastructure, and property condition influence valuation.",Property Valuation
What affects property valuation? #3901,"Location, area, amenities, market demand, comparable sales, infrastructure, and property condition influence valuation.",Property Valuation
What affects property valuation? #3902,"Location, area, amenities, market demand, comparable sales, infrastructure, and property condition influence valuation.",Property Valuation
What affects property valuation? #3903,"Location, area, amenities, market demand, comparable sales, infrastructure, and property condition influence valuation.",Property Valuation
What affects property valuation? #3904,"Location, area, amenities, market demand, comparable sales, infrastructure, and property condition influence valuation.",Property Valuation
What affects property valuation? #3905,"Location, area, amenities, market demand, comparable sales, infrastructure, and property condition influence valuation.",Property Valuation
What affects property valuation? #3906,"Location, area, amenities, market demand, comparable sales, infrastructure, and property condition influence valuation.",Property Valuation
What affects property valuation? #3907,"Location, area, amenities, market demand, comparable sales, infrastructure, and property condition influence valuation.",Property Valuation
What affects property valuation? #3908,"Location, area, amenities, market demand, comparable sales, infrastructure, and property condition influence valuation.",Property Valuation
What affects property valuation? #3909,"Location, area, amenities, market demand, comparable sales, infrastructure, and property condition influence valuation.",Property Valuation
What affects property valuation? #3910,"Location, area, amenities, market demand, comparable sales, infrastructure, and property condition influence valuation.",Property Valuation
What affects property valuation? #3911,"Location, area, amenities, market demand, comparable sales, infrastructure, and property condition influence valuation.",Property Valuation
What affects property valuation? #3912,"Location, area, amenities, market demand, comparable sales, infrastructure, and property condition influence valuation.",Property Valuation
What affects property valuation? #3913,"Location, area, amenities, market demand, comparable sales, infrastructure, and property condition influence valuation.",Property Valuation
What affects property valuation? #3914,"Location, area, amenities, market demand, comparable sales, infrastructure, and property condition influence valuation.",Property Valuation
What affects property valuation? #3915,"Location, area, amenities, market demand, comparable sales, infrastructure, and property condition influence valuation.",Property Valuation
What affects property valuation? #3916,"Location, area, amenities, market demand, comparable sales, infrastructure, and property condition influence valuation.",Property Valuation
What affects property valuation? #3917,"Location, area, amenities, market demand, comparable sales, infrastructure, and property condition influence valuation.",Property Valuation
What affects property valuation? #3918,"Location, area, amenities, market demand, comparable sales, infrastructure, and property condition influence valuation.",Property Valuation
What affects property valuation? #3919,"Location, area, amenities, market demand, comparable sales, infrastructure, and property condition influence valuation.",Property Valuation
What affects property valuation? #3920,"Location, area, amenities, market demand, comparable sales, infrastructure, and property condition influence valuation.",Property Valuation
What affects property valuation? #3921,"Location, area, amenities, market demand, comparable sales, infrastructure, and property condition influence valuation.",Property Valuation
What affects property valuation? #3922,"Location, area, amenities, market demand, comparable sales, infrastructure, and property condition influence valuation.",Property Valuation
What affects property valuation? #3923,"Location, area, amenities, market demand, comparable sales, infrastructure, and property condition influence valuation.",Property Valuation
What affects property valuation? #3924,"Location, area, amenities, market demand, comparable sales, infrastructure, and property condition influence valuation.",Property Valuation
What affects property valuation? #3925,"Location, area, amenities, market demand, comparable sales, infrastructure, and property condition influence valuation.",Property Valuation
What affects property valuation? #3926,"Location, area, amenities, market demand, comparable sales, infrastructure, and property condition influence valuation.",Property Valuation
What affects property valuation? #3927,"Location, area, amenities, market demand, comparable sales, infrastructure, and property condition influence valuation.",Property Valuation
What affects property valuation? #3928,"Location, area, amenities, market demand, comparable sales, infrastructure, and property condition influence valuation.",Property Valuation
What affects property valuation? #3929,"Location, area, amenities, market demand, comparable sales, infrastructure, and property condition influence valuation.",Property Valuation
What affects property valuation? #3930,"Location, area, amenities, market demand, comparable sales, infrastructure, and property condition influence valuation.",Property Valuation
What affects property valuation? #3931,"Location, area, amenities, market demand, comparable sales, infrastructure, and property condition influence valuation.",Property Valuation
What affects property valuation? #3932,"Location, area, amenities, market demand, comparable sales, infrastructure, and property condition influence valuation.",Property Valuation
What affects property valuation? #3933,"Location, area, amenities, market demand, comparable sales, infrastructure, and property condition influence valuation.",Property Valuation
What affects property valuation? #3934,"Location, area, amenities, market demand, comparable sales, infrastructure, and property condition influence valuation.",Property Valuation
What affects property valuation? #3935,"Location, area, amenities, market demand, comparable sales, infrastructure, and property condition influence valuation.",Property Valuation
What affects property valuation? #3936,"Location, area, amenities, market demand, comparable sales, infrastructure, and property condition influence valuation.",Property Valuation
What affects property valuation? #3937,"Location, area, amenities, market demand, comparable sales, infrastructure, and property condition influence valuation.",Property Valuation
What affects property valuation? #3938,"Location, area, amenities, market demand, comparable sales, infrastructure, and property condition influence valuation.",Property Valuation
What affects property valuation? #3939,"Location, area, amenities, market demand, comparable sales, infrastructure, and property condition influence valuation.",Property Valuation
What affects property valuation? #3940,"Location, area, amenities, market demand, comparable sales, infrastructure, and property condition influence valuation.",Property Valuation
What affects property valuation? #3941,"Location, area, amenities, market demand, comparable sales, infrastructure, and property condition influence valuation.",Property Valuation
What affects property valuation? #3942,"Location, area, amenities, market demand, comparable sales, infrastructure, and property condition influence valuation.",Property Valuation
What affects property valuation? #3943,"Location, area, amenities, market demand, comparable sales, infrastructure, and property condition influence valuation.",Property Valuation
What affects property valuation? #3944,"Location, area, amenities, market demand, comparable sales, infrastructure, and property condition influence valuation.",Property Valuation
What affects property valuation? #3945,"Location, area, amenities, market demand, comparable sales, infrastructure, and property condition influence valuation.",Property Valuation
What affects property valuation? #3946,"Location, area, amenities, market demand, comparable sales, infrastructure, and property condition influence valuation.",Property Valuation
What affects property valuation? #3947,"Location, area, amenities, market demand, comparable sales, infrastructure, and property condition influence valuation.",Property Valuation
What affects property valuation? #3948,"Location, area, amenities, market demand, comparable sales, infrastructure, and property condition influence valuation.",Property Valuation
What affects property valuation? #3949,"Location, area, amenities, market demand, comparable sales, infrastructure, and property condition influence valuation.",Property Valuation
What affects property valuation? #3950,"Location, area, amenities, market demand, comparable sales, infrastructure, and property condition influence valuation.",Property Valuation
What affects property valuation? #3951,"Location, area, amenities, market demand, comparable sales, infrastructure, and property condition influence valuation.",Property Valuation
What affects property valuation? #3952,"Location, area, amenities, market demand, comparable sales, infrastructure, and property condition influence valuation.",Property Valuation
What affects property valuation? #3953,"Location, area, amenities, market demand, comparable sales, infrastructure, and property condition influence valuation.",Property Valuation
What affects property valuation? #3954,"Location, area, amenities, market demand, comparable sales, infrastructure, and property condition influence valuation.",Property Valuation
What affects property valuation? #3955,"Location, area, amenities, market demand, comparable sales, infrastructure, and property condition influence valuation.",Property Valuation
What affects property valuation? #3956,"Location, area, amenities, market demand, comparable sales, infrastructure, and property condition influence valuation.",Property Valuation
What affects property valuation? #3957,"Location, area, amenities, market demand, comparable sales, infrastructure, and property condition influence valuation.",Property Valuation
What affects property valuation? #3958,"Location, area, amenities, market demand, comparable sales, infrastructure, and property condition influence valuation.",Property Valuation
What affects property valuation? #3959,"Location, area, amenities, market demand, comparable sales, infrastructure, and property condition influence valuation.",Property Valuation
What affects property valuation? #3960,"Location, area, amenities, market demand, comparable sales, infrastructure, and property condition influence valuation.",Property Valuation
What affects property valuation? #3961,"Location, area, amenities, market demand, comparable sales, infrastructure, and property condition influence valuation.",Property Valuation
What affects property valuation? #3962,"Location, area, amenities, market demand, comparable sales, infrastructure, and property condition influence valuation.",Property Valuation
What affects property valuation? #3963,"Location, area, amenities, market demand, comparable sales, infrastructure, and property condition influence valuation.",Property Valuation
What affects property valuation? #3964,"Location, area, amenities, market demand, comparable sales, infrastructure, and property condition influence valuation.",Property Valuation
What affects property valuation? #3965,"Location, area, amenities, market demand, comparable sales, infrastructure, and property condition influence valuation.",Property Valuation
What affects property valuation? #3966,"Location, area, amenities, market demand, comparable sales, infrastructure, and property condition influence valuation.",Property Valuation
What affects property valuation? #3967,"Location, area, amenities, market demand, comparable sales, infrastructure, and property condition influence valuation.",Property Valuation
What affects property valuation? #3968,"Location, area, amenities, market demand, comparable sales, infrastructure, and property condition influence valuation.",Property Valuation
What affects property valuation? #3969,"Location, area, amenities, market demand, comparable sales, infrastructure, and property condition influence valuation.",Property Valuation
What affects property valuation? #3970,"Location, area, amenities, market demand, comparable sales, infrastructure, and property condition influence valuation.",Property Valuation
What affects property valuation? #3971,"Location, area, amenities, market demand, comparable sales, infrastructure, and property condition influence valuation.",Property Valuation
What affects property valuation? #3972,"Location, area, amenities, market demand, comparable sales, infrastructure, and property condition influence valuation.",Property Valuation
What affects property valuation? #3973,"Location, area, amenities, market demand, comparable sales, infrastructure, and property condition influence valuation.",Property Valuation
What affects property valuation? #3974,"Location, area, amenities, market demand, comparable sales, infrastructure, and property condition influence valuation.",Property Valuation
What affects property valuation? #3975,"Location, area, amenities, market demand, comparable sales, infrastructure, and property condition influence valuation.",Property Valuation
What affects property valuation? #3976,"Location, area, amenities, market demand, comparable sales, infrastructure, and property condition influence valuation.",Property Valuation
What affects property valuation? #3977,"Location, area, amenities, market demand, comparable sales, infrastructure, and property condition influence valuation.",Property Valuation
What affects property valuation? #3978,"Location, area, amenities, market demand, comparable sales, infrastructure, and property condition influence valuation.",Property Valuation
What affects property valuation? #3979,"Location, area, amenities, market demand, comparable sales, infrastructure, and property condition influence valuation.",Property Valuation
What affects property valuation? #3980,"Location, area, amenities, market demand, comparable sales, infrastructure, and property condition influence valuation.",Property Valuation
What affects property valuation? #3981,"Location, area, amenities, market demand, comparable sales, infrastructure, and property condition influence valuation.",Property Valuation
What affects property valuation? #3982,"Location, area, amenities, market demand, comparable sales, infrastructure, and property condition influence valuation.",Property Valuation
What affects property valuation? #3983,"Location, area, amenities, market demand, comparable sales, infrastructure, and property condition influence valuation.",Property Valuation
What affects property valuation? #3984,"Location, area, amenities, market demand, comparable sales, infrastructure, and property condition influence valuation.",Property Valuation
What affects property valuation? #3985,"Location, area, amenities, market demand, comparable sales, infrastructure, and property condition influence valuation.",Property Valuation
What affects property valuation? #3986,"Location, area, amenities, market demand, comparable sales, infrastructure, and property condition influence valuation.",Property Valuation
What affects property valuation? #3987,"Location, area, amenities, market demand, comparable sales, infrastructure, and property condition influence valuation.",Property Valuation
What affects property valuation? #3988,"Location, area, amenities, market demand, comparable sales, infrastructure, and property condition influence valuation.",Property Valuation
What affects property valuation? #3989,"Location, area, amenities, market demand, comparable sales, infrastructure, and property condition influence valuation.",Property Valuation
What affects property valuation? #3990,"Location, area, amenities, market demand, comparable sales, infrastructure, and property condition influence valuation.",Property Valuation
What affects property valuation? #3991,"Location, area, amenities, market demand, comparable sales, infrastructure, and property condition influence valuation.",Property Valuation
What affects property valuation? #3992,"Location, area, amenities, market demand, comparable sales, infrastructure, and property condition influence valuation.",Property Valuation
What affects property valuation? #3993,"Location, area, amenities, market demand, comparable sales, infrastructure, and property condition influence valuation.",Property Valuation
What affects property valuation? #3994,"Location, area, amenities, market demand, comparable sales, infrastructure, and property condition influence valuation.",Property Valuation
What affects property valuation? #3995,"Location, area, amenities, market demand, comparable sales, infrastructure, and property condition influence valuation.",Property Valuation
What affects property valuation? #3996,"Location, area, amenities, market demand, comparable sales, infrastructure, and property condition influence valuation.",Property Valuation
What affects property valuation? #3997,"Location, area, amenities, market demand, comparable sales, infrastructure, and property condition influence valuation.",Property Valuation
What affects property valuation? #3998,"Location, area, amenities, market demand, comparable sales, infrastructure, and property condition influence valuation.",Property Valuation
What affects property valuation? #3999,"Location, area, amenities, market demand, comparable sales, infrastructure, and property condition influence valuation.",Property Valuation
What affects property valuation? #4000,"Location, area, amenities, market demand, comparable sales, infrastructure, and property condition influence valuation.",Property Valuation
What affects property valuation? #4001,"Location, area, amenities, market demand, comparable sales, infrastructure, and property condition influence valuation.",Property Valuation
What affects property valuation? #4002,"Location, area, amenities, market demand, comparable sales, infrastructure, and property condition influence valuation.",Property Valuation
What affects property valuation? #4003,"Location, area, amenities, market demand, comparable sales, infrastructure, and property condition influence valuation.",Property Valuation
What affects property valuation? #4004,"Location, area, amenities, market demand, comparable sales, infrastructure, and property condition influence valuation.",Property Valuation
What affects property valuation? #4005,"Location, area, amenities, market demand, comparable sales, infrastructure, and property condition influence valuation.",Property Valuation
What affects property valuation? #4006,"Location, area, amenities, market demand, comparable sales, infrastructure, and property condition influence valuation.",Property Valuation
What affects property valuation? #4007,"Location, area, amenities, market demand, comparable sales, infrastructure, and property condition influence valuation.",Property Valuation
What affects property valuation? #4008,"Location, area, amenities, market demand, comparable sales, infrastructure, and property condition influence valuation.",Property Valuation
What affects property valuation? #4009,"Location, area, amenities, market demand, comparable sales, infrastructure, and property condition influence valuation.",Property Valuation
What affects property valuation? #4010,"Location, area, amenities, market demand, comparable sales, infrastructure, and property condition influence valuation.",Property Valuation
What affects property valuation? #4011,"Location, area, amenities, market demand, comparable sales, infrastructure, and property condition influence valuation.",Property Valuation
What affects property valuation? #4012,"Location, area, amenities, market demand, comparable sales, infrastructure, and property condition influence valuation.",Property Valuation
What affects property valuation? #4013,"Location, area, amenities, market demand, comparable sales, infrastructure, and property condition influence valuation.",Property Valuation
What affects property valuation? #4014,"Location, area, amenities, market demand, comparable sales, infrastructure, and property condition influence valuation.",Property Valuation
What affects property valuation? #4015,"Location, area, amenities, market demand, comparable sales, infrastructure, and property condition influence valuation.",Property Valuation
What affects property valuation? #4016,"Location, area, amenities, market demand, comparable sales, infrastructure, and property condition influence valuation.",Property Valuation
What affects property valuation? #4017,"Location, area, amenities, market demand, comparable sales, infrastructure, and property condition influence valuation.",Property Valuation
What affects property valuation? #4018,"Location, area, amenities, market demand, comparable sales, infrastructure, and property condition influence valuation.",Property Valuation
What affects property valuation? #4019,"Location, area, amenities, market demand, comparable sales, infrastructure, and property condition influence valuation.",Property Valuation
What affects property valuation? #4020,"Location, area, amenities, market demand, comparable sales, infrastructure, and property condition influence valuation.",Property Valuation
What affects property valuation? #4021,"Location, area, amenities, market demand, comparable sales, infrastructure, and property condition influence valuation.",Property Valuation
What affects property valuation? #4022,"Location, area, amenities, market demand, comparable sales, infrastructure, and property condition influence valuation.",Property Valuation
What affects property valuation? #4023,"Location, area, amenities, market demand, comparable sales, infrastructure, and property condition influence valuation.",Property Valuation
What affects property valuation? #4024,"Location, area, amenities, market demand, comparable sales, infrastructure, and property condition influence valuation.",Property Valuation
What affects property valuation? #4025,"Location, area, amenities, market demand, comparable sales, infrastructure, and property condition influence valuation.",Property Valuation
What affects property valuation? #4026,"Location, area, amenities, market demand, comparable sales, infrastructure, and property condition influence valuation.",Property Valuation
What affects property valuation? #4027,"Location, area, amenities, market demand, comparable sales, infrastructure, and property condition influence valuation.",Property Valuation
What affects property valuation? #4028,"Location, area, amenities, market demand, comparable sales, infrastructure, and property condition influence valuation.",Property Valuation
What affects property valuation? #4029,"Location, area, amenities, market demand, comparable sales, infrastructure, and property condition influence valuation.",Property Valuation
What affects property valuation? #4030,"Location, area, amenities, market demand, comparable sales, infrastructure, and property condition influence valuation.",Property Valuation
What affects property valuation? #4031,"Location, area, amenities, market demand, comparable sales, infrastructure, and property condition influence valuation.",Property Valuation
What affects property valuation? #4032,"Location, area, amenities, market demand, comparable sales, infrastructure, and property condition influence valuation.",Property Valuation
What affects property valuation? #4033,"Location, area, amenities, market demand, comparable sales, infrastructure, and property condition influence valuation.",Property Valuation
What affects property valuation? #4034,"Location, area, amenities, market demand, comparable sales, infrastructure, and property condition influence valuation.",Property Valuation
What affects property valuation? #4035,"Location, area, amenities, market demand, comparable sales, infrastructure, and property condition influence valuation.",Property Valuation
What affects property valuation? #4036,"Location, area, amenities, market demand, comparable sales, infrastructure, and property condition influence valuation.",Property Valuation
What affects property valuation? #4037,"Location, area, amenities, market demand, comparable sales, infrastructure, and property condition influence valuation.",Property Valuation
What affects property valuation? #4038,"Location, area, amenities, market demand, comparable sales, infrastructure, and property condition influence valuation.",Property Valuation
What affects property valuation? #4039,"Location, area, amenities, market demand, comparable sales, infrastructure, and property condition influence valuation.",Property Valuation
What affects property valuation? #4040,"Location, area, amenities, market demand, comparable sales, infrastructure, and property condition influence valuation.",Property Valuation
What affects property valuation? #4041,"Location, area, amenities, market demand, comparable sales, infrastructure, and property condition influence valuation.",Property Valuation
What affects property valuation? #4042,"Location, area, amenities, market demand, comparable sales, infrastructure, and property condition influence valuation.",Property Valuation
What affects property valuation? #4043,"Location, area, amenities, market demand, comparable sales, infrastructure, and property condition influence valuation.",Property Valuation
What affects property valuation? #4044,"Location, area, amenities, market demand, comparable sales, infrastructure, and property condition influence valuation.",Property Valuation
What affects property valuation? #4045,"Location, area, amenities, market demand, comparable sales, infrastructure, and property condition influence valuation.",Property Valuation
What affects property valuation? #4046,"Location, area, amenities, market demand, comparable sales, infrastructure, and property condition influence valuation.",Property Valuation
What affects property valuation? #4047,"Location, area, amenities, market demand, comparable sales, infrastructure, and property condition influence valuation.",Property Valuation
What affects property valuation? #4048,"Location, area, amenities, market demand, comparable sales, infrastructure, and property condition influence valuation.",Property Valuation
What affects property valuation? #4049,"Location, area, amenities, market demand, comparable sales, infrastructure, and property condition influence valuation.",Property Valuation
What affects property valuation? #4050,"Location, area, amenities, market demand, comparable sales, infrastructure, and property condition influence valuation.",Property Valuation
What affects property valuation? #4051,"Location, area, amenities, market demand, comparable sales, infrastructure, and property condition influence valuation.",Property Valuation
What affects property valuation? #4052,"Location, area, amenities, market demand, comparable sales, infrastructure, and property condition influence valuation.",Property Valuation
What affects property valuation? #4053,"Location, area, amenities, market demand, comparable sales, infrastructure, and property condition influence valuation.",Property Valuation
What affects property valuation? #4054,"Location, area, amenities, market demand, comparable sales, infrastructure, and property condition influence valuation.",Property Valuation
What affects property valuation? #4055,"Location, area, amenities, market demand, comparable sales, infrastructure, and property condition influence valuation.",Property Valuation
What affects property valuation? #4056,"Location, area, amenities, market demand, comparable sales, infrastructure, and property condition influence valuation.",Property Valuation
What affects property valuation? #4057,"Location, area, amenities, market demand, comparable sales, infrastructure, and property condition influence valuation.",Property Valuation
What affects property valuation? #4058,"Location, area, amenities, market demand, comparable sales, infrastructure, and property condition influence valuation.",Property Valuation
What affects property valuation? #4059,"Location, area, amenities, market demand, comparable sales, infrastructure, and property condition influence valuation.",Property Valuation
What affects property valuation? #4060,"Location, area, amenities, market demand, comparable sales, infrastructure, and property condition influence valuation.",Property Valuation
What affects property valuation? #4061,"Location, area, amenities, market demand, comparable sales, infrastructure, and property condition influence valuation.",Property Valuation
What affects property valuation? #4062,"Location, area, amenities, market demand, comparable sales, infrastructure, and property condition influence valuation.",Property Valuation
What affects property valuation? #4063,"Location, area, amenities, market demand, comparable sales, infrastructure, and property condition influence valuation.",Property Valuation
What affects property valuation? #4064,"Location, area, amenities, market demand, comparable sales, infrastructure, and property condition influence valuation.",Property Valuation
What affects property valuation? #4065,"Location, area, amenities, market demand, comparable sales, infrastructure, and property condition influence valuation.",Property Valuation
What affects property valuation? #4066,"Location, area, amenities, market demand, comparable sales, infrastructure, and property condition influence valuation.",Property Valuation
What affects property valuation? #4067,"Location, area, amenities, market demand, comparable sales, infrastructure, and property condition influence valuation.",Property Valuation
What affects property valuation? #4068,"Location, area, amenities, market demand, comparable sales, infrastructure, and property condition influence valuation.",Property Valuation
What affects property valuation? #4069,"Location, area, amenities, market demand, comparable sales, infrastructure, and property condition influence valuation.",Property Valuation
What affects property valuation? #4070,"Location, area, amenities, market demand, comparable sales, infrastructure, and property condition influence valuation.",Property Valuation
What affects property valuation? #4071,"Location, area, amenities, market demand, comparable sales, infrastructure, and property condition influence valuation.",Property Valuation
What affects property valuation? #4072,"Location, area, amenities, market demand, comparable sales, infrastructure, and property condition influence valuation.",Property Valuation
What affects property valuation? #4073,"Location, area, amenities, market demand, comparable sales, infrastructure, and property condition influence valuation.",Property Valuation
What affects property valuation? #4074,"Location, area, amenities, market demand, comparable sales, infrastructure, and property condition influence valuation.",Property Valuation
What affects property valuation? #4075,"Location, area, amenities, market demand, comparable sales, infrastructure, and property condition influence valuation.",Property Valuation
What affects property valuation? #4076,"Location, area, amenities, market demand, comparable sales, infrastructure, and property condition influence valuation.",Property Valuation
What affects property valuation? #4077,"Location, area, amenities, market demand, comparable sales, infrastructure, and property condition influence valuation.",Property Valuation
What affects property valuation? #4078,"Location, area, amenities, market demand, comparable sales, infrastructure, and property condition influence valuation.",Property Valuation
What affects property valuation? #4079,"Location, area, amenities, market demand, comparable sales, infrastructure, and property condition influence valuation.",Property Valuation
What affects property valuation? #4080,"Location, area, amenities, market demand, comparable sales, infrastructure, and property condition influence valuation.",Property Valuation
What affects property valuation? #4081,"Location, area, amenities, market demand, comparable sales, infrastructure, and property condition influence valuation.",Property Valuation
What affects property valuation? #4082,"Location, area, amenities, market demand, comparable sales, infrastructure, and property condition influence valuation.",Property Valuation
What affects property valuation? #4083,"Location, area, amenities, market demand, comparable sales, infrastructure, and property condition influence valuation.",Property Valuation
What affects property valuation? #4084,"Location, area, amenities, market demand, comparable sales, infrastructure, and property condition influence valuation.",Property Valuation
What affects property valuation? #4085,"Location, area, amenities, market demand, comparable sales, infrastructure, and property condition influence valuation.",Property Valuation
What affects property valuation? #4086,"Location, area, amenities, market demand, comparable sales, infrastructure, and property condition influence valuation.",Property Valuation
What affects property valuation? #4087,"Location, area, amenities, market demand, comparable sales, infrastructure, and property condition influence valuation.",Property Valuation
What affects property valuation? #4088,"Location, area, amenities, market demand, comparable sales, infrastructure, and property condition influence valuation.",Property Valuation
What affects property valuation? #4089,"Location, area, amenities, market demand, comparable sales, infrastructure, and property condition influence valuation.",Property Valuation
What affects property valuation? #4090,"Location, area, amenities, market demand, comparable sales, infrastructure, and property condition influence valuation.",Property Valuation
What affects property valuation? #4091,"Location, area, amenities, market demand, comparable sales, infrastructure, and property condition influence valuation.",Property Valuation
What affects property valuation? #4092,"Location, area, amenities, market demand, comparable sales, infrastructure, and property condition influence valuation.",Property Valuation
What affects property valuation? #4093,"Location, area, amenities, market demand, comparable sales, infrastructure, and property condition influence valuation.",Property Valuation
What affects property valuation? #4094,"Location, area, amenities, market demand, comparable sales, infrastructure, and property condition influence valuation.",Property Valuation
What affects property valuation? #4095,"Location, area, amenities, market demand, comparable sales, infrastructure, and property condition influence valuation.",Property Valuation
What affects property valuation? #4096,"Location, area, amenities, market demand, comparable sales, infrastructure, and property condition influence valuation.",Property Valuation
What affects property valuation? #4097,"Location, area, amenities, market demand, comparable sales, infrastructure, and property condition influence valuation.",Property Valuation
What affects property valuation? #4098,"Location, area, amenities, market demand, comparable sales, infrastructure, and property condition influence valuation.",Property Valuation
What affects property valuation? #4099,"Location, area, amenities, market demand, comparable sales, infrastructure, and property condition influence valuation.",Property Valuation
What affects property valuation? #4100,"Location, area, amenities, market demand, comparable sales, infrastructure, and property condition influence valuation.",Property Valuation
What affects property valuation? #4101,"Location, area, amenities, market demand, comparable sales, infrastructure, and property condition influence valuation.",Property Valuation
What affects property valuation? #4102,"Location, area, amenities, market demand, comparable sales, infrastructure, and property condition influence valuation.",Property Valuation
What affects property valuation? #4103,"Location, area, amenities, market demand, comparable sales, infrastructure, and property condition influence valuation.",Property Valuation
What affects property valuation? #4104,"Location, area, amenities, market demand, comparable sales, infrastructure, and property condition influence valuation.",Property Valuation
What affects property valuation? #4105,"Location, area, amenities, market demand, comparable sales, infrastructure, and property condition influence valuation.",Property Valuation
What affects property valuation? #4106,"Location, area, amenities, market demand, comparable sales, infrastructure, and property condition influence valuation.",Property Valuation
What affects property valuation? #4107,"Location, area, amenities, market demand, comparable sales, infrastructure, and property condition influence valuation.",Property Valuation
What affects property valuation? #4108,"Location, area, amenities, market demand, comparable sales, infrastructure, and property condition influence valuation.",Property Valuation
What affects property valuation? #4109,"Location, area, amenities, market demand, comparable sales, infrastructure, and property condition influence valuation.",Property Valuation
What affects property valuation? #4110,"Location, area, amenities, market demand, comparable sales, infrastructure, and property condition influence valuation.",Property Valuation
What affects property valuation? #4111,"Location, area, amenities, market demand, comparable sales, infrastructure, and property condition influence valuation.",Property Valuation
What affects property valuation? #4112,"Location, area, amenities, market demand, comparable sales, infrastructure, and property condition influence valuation.",Property Valuation
What affects property valuation? #4113,"Location, area, amenities, market demand, comparable sales, infrastructure, and property condition influence valuation.",Property Valuation
What affects property valuation? #4114,"Location, area, amenities, market demand, comparable sales, infrastructure, and property condition influence valuation.",Property Valuation
What affects property valuation? #4115,"Location, area, amenities, market demand, comparable sales, infrastructure, and property condition influence valuation.",Property Valuation
What affects property valuation? #4116,"Location, area, amenities, market demand, comparable sales, infrastructure, and property condition influence valuation.",Property Valuation
What affects property valuation? #4117,"Location, area, amenities, market demand, comparable sales, infrastructure, and property condition influence valuation.",Property Valuation
What affects property valuation? #4118,"Location, area, amenities, market demand, comparable sales, infrastructure, and property condition influence valuation.",Property Valuation
What affects property valuation? #4119,"Location, area, amenities, market demand, comparable sales, infrastructure, and property condition influence valuation.",Property Valuation
What affects property valuation? #4120,"Location, area, amenities, market demand, comparable sales, infrastructure, and property condition influence valuation.",Property Valuation
What affects property valuation? #4121,"Location, area, amenities, market demand, comparable sales, infrastructure, and property condition influence valuation.",Property Valuation
What affects property valuation? #4122,"Location, area, amenities, market demand, comparable sales, infrastructure, and property condition influence valuation.",Property Valuation
What affects property valuation? #4123,"Location, area, amenities, market demand, comparable sales, infrastructure, and property condition influence valuation.",Property Valuation
What affects property valuation? #4124,"Location, area, amenities, market demand, comparable sales, infrastructure, and property condition influence valuation.",Property Valuation
What affects property valuation? #4125,"Location, area, amenities, market demand, comparable sales, infrastructure, and property condition influence valuation.",Property Valuation
What affects property valuation? #4126,"Location, area, amenities, market demand, comparable sales, infrastructure, and property condition influence valuation.",Property Valuation
What affects property valuation? #4127,"Location, area, amenities, market demand, comparable sales, infrastructure, and property condition influence valuation.",Property Valuation
What affects property valuation? #4128,"Location, area, amenities, market demand, comparable sales, infrastructure, and property condition influence valuation.",Property Valuation
What affects property valuation? #4129,"Location, area, amenities, market demand, comparable sales, infrastructure, and property condition influence valuation.",Property Valuation
What affects property valuation? #4130,"Location, area, amenities, market demand, comparable sales, infrastructure, and property condition influence valuation.",Property Valuation
What affects property valuation? #4131,"Location, area, amenities, market demand, comparable sales, infrastructure, and property condition influence valuation.",Property Valuation
What affects property valuation? #4132,"Location, area, amenities, market demand, comparable sales, infrastructure, and property condition influence valuation.",Property Valuation
What affects property valuation? #4133,"Location, area, amenities, market demand, comparable sales, infrastructure, and property condition influence valuation.",Property Valuation
What affects property valuation? #4134,"Location, area, amenities, market demand, comparable sales, infrastructure, and property condition influence valuation.",Property Valuation
What affects property valuation? #4135,"Location, area, amenities, market demand, comparable sales, infrastructure, and property condition influence valuation.",Property Valuation
What affects property valuation? #4136,"Location, area, amenities, market demand, comparable sales, infrastructure, and property condition influence valuation.",Property Valuation
What affects property valuation? #4137,"Location, area, amenities, market demand, comparable sales, infrastructure, and property condition influence valuation.",Property Valuation
What affects property valuation? #4138,"Location, area, amenities, market demand, comparable sales, infrastructure, and property condition influence valuation.",Property Valuation
What affects property valuation? #4139,"Location, area, amenities, market demand, comparable sales, infrastructure, and property condition influence valuation.",Property Valuation
What affects property valuation? #4140,"Location, area, amenities, market demand, comparable sales, infrastructure, and property condition influence valuation.",Property Valuation
What affects property valuation? #4141,"Location, area, amenities, market demand, comparable sales, infrastructure, and property condition influence valuation.",Property Valuation
What affects property valuation? #4142,"Location, area, amenities, market demand, comparable sales, infrastructure, and property condition influence valuation.",Property Valuation
What affects property valuation? #4143,"Location, area, amenities, market demand, comparable sales, infrastructure, and property condition influence valuation.",Property Valuation
What affects property valuation? #4144,"Location, area, amenities, market demand, comparable sales, infrastructure, and property condition influence valuation.",Property Valuation
What affects property valuation? #4145,"Location, area, amenities, market demand, comparable sales, infrastructure, and property condition influence valuation.",Property Valuation
What affects property valuation? #4146,"Location, area, amenities, market demand, comparable sales, infrastructure, and property condition influence valuation.",Property Valuation
What affects property valuation? #4147,"Location, area, amenities, market demand, comparable sales, infrastructure, and property condition influence valuation.",Property Valuation
What affects property valuation? #4148,"Location, area, amenities, market demand, comparable sales, infrastructure, and property condition influence valuation.",Property Valuation
What affects property valuation? #4149,"Location, area, amenities, market demand, comparable sales, infrastructure, and property condition influence valuation.",Property Valuation
What affects property valuation? #4150,"Location, area, amenities, market demand, comparable sales, infrastructure, and property condition influence valuation.",Property Valuation
What affects property valuation? #4151,"Location, area, amenities, market demand, comparable sales, infrastructure, and property condition influence valuation.",Property Valuation
What affects property valuation? #4152,"Location, area, amenities, market demand, comparable sales, infrastructure, and property condition influence valuation.",Property Valuation
What affects property valuation? #4153,"Location, area, amenities, market demand, comparable sales, infrastructure, and property condition influence valuation.",Property Valuation
What affects property valuation? #4154,"Location, area, amenities, market demand, comparable sales, infrastructure, and property condition influence valuation.",Property Valuation
What affects property valuation? #4155,"Location, area, amenities, market demand, comparable sales, infrastructure, and property condition influence valuation.",Property Valuation
What affects property valuation? #4156,"Location, area, amenities, market demand, comparable sales, infrastructure, and property condition influence valuation.",Property Valuation
What affects property valuation? #4157,"Location, area, amenities, market demand, comparable sales, infrastructure, and property condition influence valuation.",Property Valuation
What affects property valuation? #4158,"Location, area, amenities, market demand, comparable sales, infrastructure, and property condition influence valuation.",Property Valuation
What affects property valuation? #4159,"Location, area, amenities, market demand, comparable sales, infrastructure, and property condition influence valuation.",Property Valuation
What affects property valuation? #4160,"Location, area, amenities, market demand, comparable sales, infrastructure, and property condition influence valuation.",Property Valuation
What affects property valuation? #4161,"Location, area, amenities, market demand, comparable sales, infrastructure, and property condition influence valuation.",Property Valuation
What affects property valuation? #4162,"Location, area, amenities, market demand, comparable sales, infrastructure, and property condition influence valuation.",Property Valuation
What affects property valuation? #4163,"Location, area, amenities, market demand, comparable sales, infrastructure, and property condition influence valuation.",Property Valuation
What affects property valuation? #4164,"Location, area, amenities, market demand, comparable sales, infrastructure, and property condition influence valuation.",Property Valuation
What affects property valuation? #4165,"Location, area, amenities, market demand, comparable sales, infrastructure, and property condition influence valuation.",Property Valuation
What affects property valuation? #4166,"Location, area, amenities, market demand, comparable sales, infrastructure, and property condition influence valuation.",Property Valuation
What affects property valuation? #4167,"Location, area, amenities, market demand, comparable sales, infrastructure, and property condition influence valuation.",Property Valuation
What affects property valuation? #4168,"Location, area, amenities, market demand, comparable sales, infrastructure, and property condition influence valuation.",Property Valuation
What affects property valuation? #4169,"Location, area, amenities, market demand, comparable sales, infrastructure, and property condition influence valuation.",Property Valuation
What affects property valuation? #4170,"Location, area, amenities, market demand, comparable sales, infrastructure, and property condition influence valuation.",Property Valuation
What affects property valuation? #4171,"Location, area, amenities, market demand, comparable sales, infrastructure, and property condition influence valuation.",Property Valuation
What affects property valuation? #4172,"Location, area, amenities, market demand, comparable sales, infrastructure, and property condition influence valuation.",Property Valuation
What affects property valuation? #4173,"Location, area, amenities, market demand, comparable sales, infrastructure, and property condition influence valuation.",Property Valuation
What affects property valuation? #4174,"Location, area, amenities, market demand, comparable sales, infrastructure, and property condition influence valuation.",Property Valuation
What affects property valuation? #4175,"Location, area, amenities, market demand, comparable sales, infrastructure, and property condition influence valuation.",Property Valuation
What affects property valuation? #4176,"Location, area, amenities, market demand, comparable sales, infrastructure, and property condition influence valuation.",Property Valuation
What affects property valuation? #4177,"Location, area, amenities, market demand, comparable sales, infrastructure, and property condition influence valuation.",Property Valuation
What affects property valuation? #4178,"Location, area, amenities, market demand, comparable sales, infrastructure, and property condition influence valuation.",Property Valuation
What affects property valuation? #4179,"Location, area, amenities, market demand, comparable sales, infrastructure, and property condition influence valuation.",Property Valuation
What affects property valuation? #4180,"Location, area, amenities, market demand, comparable sales, infrastructure, and property condition influence valuation.",Property Valuation
What affects property valuation? #4181,"Location, area, amenities, market demand, comparable sales, infrastructure, and property condition influence valuation.",Property Valuation
What affects property valuation? #4182,"Location, area, amenities, market demand, comparable sales, infrastructure, and property condition influence valuation.",Property Valuation
What affects property valuation? #4183,"Location, area, amenities, market demand, comparable sales, infrastructure, and property condition influence valuation.",Property Valuation
What affects property valuation? #4184,"Location, area, amenities, market demand, comparable sales, infrastructure, and property condition influence valuation.",Property Valuation
What affects property valuation? #4185,"Location, area, amenities, market demand, comparable sales, infrastructure, and property condition influence valuation.",Property Valuation
What affects property valuation? #4186,"Location, area, amenities, market demand, comparable sales, infrastructure, and property condition influence valuation.",Property Valuation
What affects property valuation? #4187,"Location, area, amenities, market demand, comparable sales, infrastructure, and property condition influence valuation.",Property Valuation
What affects property valuation? #4188,"Location, area, amenities, market demand, comparable sales, infrastructure, and property condition influence valuation.",Property Valuation
What affects property valuation? #4189,"Location, area, amenities, market demand, comparable sales, infrastructure, and property condition influence valuation.",Property Valuation
What affects property valuation? #4190,"Location, area, amenities, market demand, comparable sales, infrastructure, and property condition influence valuation.",Property Valuation
What affects property valuation? #4191,"Location, area, amenities, market demand, comparable sales, infrastructure, and property condition influence valuation.",Property Valuation
What affects property valuation? #4192,"Location, area, amenities, market demand, comparable sales, infrastructure, and property condition influence valuation.",Property Valuation
What affects property valuation? #4193,"Location, area, amenities, market demand, comparable sales, infrastructure, and property condition influence valuation.",Property Valuation
What affects property valuation? #4194,"Location, area, amenities, market demand, comparable sales, infrastructure, and property condition influence valuation.",Property Valuation
What affects property valuation? #4195,"Location, area, amenities, market demand, comparable sales, infrastructure, and property condition influence valuation.",Property Valuation
What affects property valuation? #4196,"Location, area, amenities, market demand, comparable sales, infrastructure, and property condition influence valuation.",Property Valuation
What affects property valuation? #4197,"Location, area, amenities, market demand, comparable sales, infrastructure, and property condition influence valuation.",Property Valuation
What affects property valuation? #4198,"Location, area, amenities, market demand, comparable sales, infrastructure, and property condition influence valuation.",Property Valuation
What affects property valuation? #4199,"Location, area, amenities, market demand, comparable sales, infrastructure, and property condition influence valuation.",Property Valuation
What affects property valuation? #4200,"Location, area, amenities, market demand, comparable sales, infrastructure, and property condition influence valuation.",Property Valuation
What affects property valuation? #4201,"Location, area, amenities, market demand, comparable sales, infrastructure, and property condition influence valuation.",Property Valuation
What affects property valuation? #4202,"Location, area, amenities, market demand, comparable sales, infrastructure, and property condition influence valuation.",Property Valuation
What affects property valuation? #4203,"Location, area, amenities, market demand, comparable sales, infrastructure, and property condition influence valuation.",Property Valuation
What affects property valuation? #4204,"Location, area, amenities, market demand, comparable sales, infrastructure, and property condition influence valuation.",Property Valuation
What affects property valuation? #4205,"Location, area, amenities, market demand, comparable sales, infrastructure, and property condition influence valuation.",Property Valuation
What affects property valuation? #4206,"Location, area, amenities, market demand, comparable sales, infrastructure, and property condition influence valuation.",Property Valuation
What affects property valuation? #4207,"Location, area, amenities, market demand, comparable sales, infrastructure, and property condition influence valuation.",Property Valuation
What affects property valuation? #4208,"Location, area, amenities, market demand, comparable sales, infrastructure, and property condition influence valuation.",Property Valuation
What affects property valuation? #4209,"Location, area, amenities, market demand, comparable sales, infrastructure, and property condition influence valuation.",Property Valuation
What affects property valuation? #4210,"Location, area, amenities, market demand, comparable sales, infrastructure, and property condition influence valuation.",Property Valuation
What affects property valuation? #4211,"Location, area, amenities, market demand, comparable sales, infrastructure, and property condition influence valuation.",Property Valuation
What affects property valuation? #4212,"Location, area, amenities, market demand, comparable sales, infrastructure, and property condition influence valuation.",Property Valuation
What affects property valuation? #4213,"Location, area, amenities, market demand, comparable sales, infrastructure, and property condition influence valuation.",Property Valuation
What affects property valuation? #4214,"Location, area, amenities, market demand, comparable sales, infrastructure, and property condition influence valuation.",Property Valuation
What affects property valuation? #4215,"Location, area, amenities, market demand, comparable sales, infrastructure, and property condition influence valuation.",Property Valuation
What affects property valuation? #4216,"Location, area, amenities, market demand, comparable sales, infrastructure, and property condition influence valuation.",Property Valuation
What affects property valuation? #4217,"Location, area, amenities, market demand, comparable sales, infrastructure, and property condition influence valuation.",Property Valuation
What affects property valuation? #4218,"Location, area, amenities, market demand, comparable sales, infrastructure, and property condition influence valuation.",Property Valuation
What affects property valuation? #4219,"Location, area, amenities, market demand, comparable sales, infrastructure, and property condition influence valuation.",Property Valuation
What affects property valuation? #4220,"Location, area, amenities, market demand, comparable sales, infrastructure, and property condition influence valuation.",Property Valuation
What affects property valuation? #4221,"Location, area, amenities, market demand, comparable sales, infrastructure, and property condition influence valuation.",Property Valuation
What affects property valuation? #4222,"Location, area, amenities, market demand, comparable sales, infrastructure, and property condition influence valuation.",Property Valuation
What affects property valuation? #4223,"Location, area, amenities, market demand, comparable sales, infrastructure, and property condition influence valuation.",Property Valuation
What affects property valuation? #4224,"Location, area, amenities, market demand, comparable sales, infrastructure, and property condition influence valuation.",Property Valuation
What affects property valuation? #4225,"Location, area, amenities, market demand, comparable sales, infrastructure, and property condition influence valuation.",Property Valuation
What affects property valuation? #4226,"Location, area, amenities, market demand, comparable sales, infrastructure, and property condition influence valuation.",Property Valuation
What affects property valuation? #4227,"Location, area, amenities, market demand, comparable sales, infrastructure, and property condition influence valuation.",Property Valuation
What affects property valuation? #4228,"Location, area, amenities, market demand, comparable sales, infrastructure, and property condition influence valuation.",Property Valuation
What affects property valuation? #4229,"Location, area, amenities, market demand, comparable sales, infrastructure, and property condition influence valuation.",Property Valuation
What affects property valuation? #4230,"Location, area, amenities, market demand, comparable sales, infrastructure, and property condition influence valuation.",Property Valuation
What affects property valuation? #4231,"Location, area, amenities, market demand, comparable sales, infrastructure, and property condition influence valuation.",Property Valuation
What affects property valuation? #4232,"Location, area, amenities, market demand, comparable sales, infrastructure, and property condition influence valuation.",Property Valuation
What affects property valuation? #4233,"Location, area, amenities, market demand, comparable sales, infrastructure, and property condition influence valuation.",Property Valuation
What affects property valuation? #4234,"Location, area, amenities, market demand, comparable sales, infrastructure, and property condition influence valuation.",Property Valuation
What affects property valuation? #4235,"Location, area, amenities, market demand, comparable sales, infrastructure, and property condition influence valuation.",Property Valuation
What affects property valuation? #4236,"Location, area, amenities, market demand, comparable sales, infrastructure, and property condition influence valuation.",Property Valuation
What affects property valuation? #4237,"Location, area, amenities, market demand, comparable sales, infrastructure, and property condition influence valuation.",Property Valuation
What affects property valuation? #4238,"Location, area, amenities, market demand, comparable sales, infrastructure, and property condition influence valuation.",Property Valuation
What affects property valuation? #4239,"Location, area, amenities, market demand, comparable sales, infrastructure, and property condition influence valuation.",Property Valuation
What affects property valuation? #4240,"Location, area, amenities, market demand, comparable sales, infrastructure, and property condition influence valuation.",Property Valuation
What affects property valuation? #4241,"Location, area, amenities, market demand, comparable sales, infrastructure, and property condition influence valuation.",Property Valuation
What affects property valuation? #4242,"Location, area, amenities, market demand, comparable sales, infrastructure, and property condition influence valuation.",Property Valuation
What affects property valuation? #4243,"Location, area, amenities, market demand, comparable sales, infrastructure, and property condition influence valuation.",Property Valuation
What affects property valuation? #4244,"Location, area, amenities, market demand, comparable sales, infrastructure, and property condition influence valuation.",Property Valuation
What affects property valuation? #4245,"Location, area, amenities, market demand, comparable sales, infrastructure, and property condition influence valuation.",Property Valuation
What affects property valuation? #4246,"Location, area, amenities, market demand, comparable sales, infrastructure, and property condition influence valuation.",Property Valuation
What affects property valuation? #4247,"Location, area, amenities, market demand, comparable sales, infrastructure, and property condition influence valuation.",Property Valuation
What affects property valuation? #4248,"Location, area, amenities, market demand, comparable sales, infrastructure, and property condition influence valuation.",Property Valuation
What affects property valuation? #4249,"Location, area, amenities, market demand, comparable sales, infrastructure, and property condition influence valuation.",Property Valuation
What affects property valuation? #4250,"Location, area, amenities, market demand, comparable sales, infrastructure, and property condition influence valuation.",Property Valuation
What affects property valuation? #4251,"Location, area, amenities, market demand, comparable sales, infrastructure, and property condition influence valuation.",Property Valuation
What affects property valuation? #4252,"Location, area, amenities, market demand, comparable sales, infrastructure, and property condition influence valuation.",Property Valuation
What affects property valuation? #4253,"Location, area, amenities, market demand, comparable sales, infrastructure, and property condition influence valuation.",Property Valuation
What affects property valuation? #4254,"Location, area, amenities, market demand, comparable sales, infrastructure, and property condition influence valuation.",Property Valuation
What affects property valuation? #4255,"Location, area, amenities, market demand, comparable sales, infrastructure, and property condition influence valuation.",Property Valuation
What affects property valuation? #4256,"Location, area, amenities, market demand, comparable sales, infrastructure, and property condition influence valuation.",Property Valuation
What affects property valuation? #4257,"Location, area, amenities, market demand, comparable sales, infrastructure, and property condition influence valuation.",Property Valuation
What affects property valuation? #4258,"Location, area, amenities, market demand, comparable sales, infrastructure, and property condition influence valuation.",Property Valuation
What affects property valuation? #4259,"Location, area, amenities, market demand, comparable sales, infrastructure, and property condition influence valuation.",Property Valuation
What affects property valuation? #4260,"Location, area, amenities, market demand, comparable sales, infrastructure, and property condition influence valuation.",Property Valuation
What affects property valuation? #4261,"Location, area, amenities, market demand, comparable sales, infrastructure, and property condition influence valuation.",Property Valuation
What affects property valuation? #4262,"Location, area, amenities, market demand, comparable sales, infrastructure, and property condition influence valuation.",Property Valuation
What affects property valuation? #4263,"Location, area, amenities, market demand, comparable sales, infrastructure, and property condition influence valuation.",Property Valuation
What affects property valuation? #4264,"Location, area, amenities, market demand, comparable sales, infrastructure, and property condition influence valuation.",Property Valuation
What affects property valuation? #4265,"Location, area, amenities, market demand, comparable sales, infrastructure, and property condition influence valuation.",Property Valuation
What affects property valuation? #4266,"Location, area, amenities, market demand, comparable sales, infrastructure, and property condition influence valuation.",Property Valuation
What affects property valuation? #4267,"Location, area, amenities, market demand, comparable sales, infrastructure, and property condition influence valuation.",Property Valuation
What affects property valuation? #4268,"Location, area, amenities, market demand, comparable sales, infrastructure, and property condition influence valuation.",Property Valuation
What affects property valuation? #4269,"Location, area, amenities, market demand, comparable sales, infrastructure, and property condition influence valuation.",Property Valuation
What affects property valuation? #4270,"Location, area, amenities, market demand, comparable sales, infrastructure, and property condition influence valuation.",Property Valuation
What affects property valuation? #4271,"Location, area, amenities, market demand, comparable sales, infrastructure, and property condition influence valuation.",Property Valuation
What affects property valuation? #4272,"Location, area, amenities, market demand, comparable sales, infrastructure, and property condition influence valuation.",Property Valuation
What affects property valuation? #4273,"Location, area, amenities, market demand, comparable sales, infrastructure, and property condition influence valuation.",Property Valuation
What affects property valuation? #4274,"Location, area, amenities, market demand, comparable sales, infrastructure, and property condition influence valuation.",Property Valuation
What affects property valuation? #4275,"Location, area, amenities, market demand, comparable sales, infrastructure, and property condition influence valuation.",Property Valuation
What affects property valuation? #4276,"Location, area, amenities, market demand, comparable sales, infrastructure, and property condition influence valuation.",Property Valuation
What affects property valuation? #4277,"Location, area, amenities, market demand, comparable sales, infrastructure, and property condition influence valuation.",Property Valuation
What affects property valuation? #4278,"Location, area, amenities, market demand, comparable sales, infrastructure, and property condition influence valuation.",Property Valuation
What affects property valuation? #4279,"Location, area, amenities, market demand, comparable sales, infrastructure, and property condition influence valuation.",Property Valuation
What affects property valuation? #4280,"Location, area, amenities, market demand, comparable sales, infrastructure, and property condition influence valuation.",Property Valuation
What affects property valuation? #4281,"Location, area, amenities, market demand, comparable sales, infrastructure, and property condition influence valuation.",Property Valuation
What affects property valuation? #4282,"Location, area, amenities, market demand, comparable sales, infrastructure, and property condition influence valuation.",Property Valuation
What affects property valuation? #4283,"Location, area, amenities, market demand, comparable sales, infrastructure, and property condition influence valuation.",Property Valuation
What affects property valuation? #4284,"Location, area, amenities, market demand, comparable sales, infrastructure, and property condition influence valuation.",Property Valuation
What affects property valuation? #4285,"Location, area, amenities, market demand, comparable sales, infrastructure, and property condition influence valuation.",Property Valuation
What affects property valuation? #4286,"Location, area, amenities, market demand, comparable sales, infrastructure, and property condition influence valuation.",Property Valuation
What affects property valuation? #4287,"Location, area, amenities, market demand, comparable sales, infrastructure, and property condition influence valuation.",Property Valuation
What affects property valuation? #4288,"Location, area, amenities, market demand, comparable sales, infrastructure, and property condition influence valuation.",Property Valuation
What affects property valuation? #4289,"Location, area, amenities, market demand, comparable sales, infrastructure, and property condition influence valuation.",Property Valuation
What affects property valuation? #4290,"Location, area, amenities, market demand, comparable sales, infrastructure, and property condition influence valuation.",Property Valuation
What affects property valuation? #4291,"Location, area, amenities, market demand, comparable sales, infrastructure, and property condition influence valuation.",Property Valuation
What affects property valuation? #4292,"Location, area, amenities, market demand, comparable sales, infrastructure, and property condition influence valuation.",Property Valuation
What affects property valuation? #4293,"Location, area, amenities, market demand, comparable sales, infrastructure, and property condition influence valuation.",Property Valuation
What affects property valuation? #4294,"Location, area, amenities, market demand, comparable sales, infrastructure, and property condition influence valuation.",Property Valuation
What affects property valuation? #4295,"Location, area, amenities, market demand, comparable sales, infrastructure, and property condition influence valuation.",Property Valuation
What affects property valuation? #4296,"Location, area, amenities, market demand, comparable sales, infrastructure, and property condition influence valuation.",Property Valuation
What affects property valuation? #4297,"Location, area, amenities, market demand, comparable sales, infrastructure, and property condition influence valuation.",Property Valuation
What affects property valuation? #4298,"Location, area, amenities, market demand, comparable sales, infrastructure, and property condition influence valuation.",Property Valuation
What affects property valuation? #4299,"Location, area, amenities, market demand, comparable sales, infrastructure, and property condition influence valuation.",Property Valuation
What affects property valuation? #4300,"Location, area, amenities, market demand, comparable sales, infrastructure, and property condition influence valuation.",Property Valuation
What affects property valuation? #4301,"Location, area, amenities, market demand, comparable sales, infrastructure, and property condition influence valuation.",Property Valuation
What affects property valuation? #4302,"Location, area, amenities, market demand, comparable sales, infrastructure, and property condition influence valuation.",Property Valuation
What affects property valuation? #4303,"Location, area, amenities, market demand, comparable sales, infrastructure, and property condition influence valuation.",Property Valuation
What affects property valuation? #4304,"Location, area, amenities, market demand, comparable sales, infrastructure, and property condition influence valuation.",Property Valuation
What affects property valuation? #4305,"Location, area, amenities, market demand, comparable sales, infrastructure, and property condition influence valuation.",Property Valuation
What affects property valuation? #4306,"Location, area, amenities, market demand, comparable sales, infrastructure, and property condition influence valuation.",Property Valuation
What affects property valuation? #4307,"Location, area, amenities, market demand, comparable sales, infrastructure, and property condition influence valuation.",Property Valuation
What affects property valuation? #4308,"Location, area, amenities, market demand, comparable sales, infrastructure, and property condition influence valuation.",Property Valuation
What affects property valuation? #4309,"Location, area, amenities, market demand, comparable sales, infrastructure, and property condition influence valuation.",Property Valuation
What affects property valuation? #4310,"Location, area, amenities, market demand, comparable sales, infrastructure, and property condition influence valuation.",Property Valuation
What affects property valuation? #4311,"Location, area, amenities, market demand, comparable sales, infrastructure, and property condition influence valuation.",Property Valuation
What affects property valuation? #4312,"Location, area, amenities, market demand, comparable sales, infrastructure, and property condition influence valuation.",Property Valuation
What affects property valuation? #4313,"Location, area, amenities, market demand, comparable sales, infrastructure, and property condition influence valuation.",Property Valuation
What affects property valuation? #4314,"Location, area, amenities, market demand, comparable sales, infrastructure, and property condition influence valuation.",Property Valuation
What affects property valuation? #4315,"Location, area, amenities, market demand, comparable sales, infrastructure, and property condition influence valuation.",Property Valuation
What affects property valuation? #4316,"Location, area, amenities, market demand, comparable sales, infrastructure, and property condition influence valuation.",Property Valuation
What affects property valuation? #4317,"Location, area, amenities, market demand, comparable sales, infrastructure, and property condition influence valuation.",Property Valuation
What affects property valuation? #4318,"Location, area, amenities, market demand, comparable sales, infrastructure, and property condition influence valuation.",Property Valuation
What affects property valuation? #4319,"Location, area, amenities, market demand, comparable sales, infrastructure, and property condition influence valuation.",Property Valuation
What affects property valuation? #4320,"Location, area, amenities, market demand, comparable sales, infrastructure, and property condition influence valuation.",Property Valuation
What affects property valuation? #4321,"Location, area, amenities, market demand, comparable sales, infrastructure, and property condition influence valuation.",Property Valuation
What affects property valuation? #4322,"Location, area, amenities, market demand, comparable sales, infrastructure, and property condition influence valuation.",Property Valuation
What affects property valuation? #4323,"Location, area, amenities, market demand, comparable sales, infrastructure, and property condition influence valuation.",Property Valuation
What affects property valuation? #4324,"Location, area, amenities, market demand, comparable sales, infrastructure, and property condition influence valuation.",Property Valuation
What affects property valuation? #4325,"Location, area, amenities, market demand, comparable sales, infrastructure, and property condition influence valuation.",Property Valuation
What affects property valuation? #4326,"Location, area, amenities, market demand, comparable sales, infrastructure, and property condition influence valuation.",Property Valuation
What affects property valuation? #4327,"Location, area, amenities, market demand, comparable sales, infrastructure, and property condition influence valuation.",Property Valuation
What affects property valuation? #4328,"Location, area, amenities, market demand, comparable sales, infrastructure, and property condition influence valuation.",Property Valuation
What affects property valuation? #4329,"Location, area, amenities, market demand, comparable sales, infrastructure, and property condition influence valuation.",Property Valuation
What affects property valuation? #4330,"Location, area, amenities, market demand, comparable sales, infrastructure, and property condition influence valuation.",Property Valuation
What affects property valuation? #4331,"Location, area, amenities, market demand, comparable sales, infrastructure, and property condition influence valuation.",Property Valuation
What affects property valuation? #4332,"Location, area, amenities, market demand, comparable sales, infrastructure, and property condition influence valuation.",Property Valuation
What affects property valuation? #4333,"Location, area, amenities, market demand, comparable sales, infrastructure, and property condition influence valuation.",Property Valuation
What affects property valuation? #4334,"Location, area, amenities, market demand, comparable sales, infrastructure, and property condition influence valuation.",Property Valuation
What affects property valuation? #4335,"Location, area, amenities, market demand, comparable sales, infrastructure, and property condition influence valuation.",Property Valuation
What affects property valuation? #4336,"Location, area, amenities, market demand, comparable sales, infrastructure, and property condition influence valuation.",Property Valuation
What affects property valuation? #4337,"Location, area, amenities, market demand, comparable sales, infrastructure, and property condition influence valuation.",Property Valuation
What affects property valuation? #4338,"Location, area, amenities, market demand, comparable sales, infrastructure, and property condition influence valuation.",Property Valuation
What affects property valuation? #4339,"Location, area, amenities, market demand, comparable sales, infrastructure, and property condition influence valuation.",Property Valuation
What affects property valuation? #4340,"Location, area, amenities, market demand, comparable sales, infrastructure, and property condition influence valuation.",Property Valuation
What affects property valuation? #4341,"Location, area, amenities, market demand, comparable sales, infrastructure, and property condition influence valuation.",Property Valuation
What affects property valuation? #4342,"Location, area, amenities, market demand, comparable sales, infrastructure, and property condition influence valuation.",Property Valuation
What affects property valuation? #4343,"Location, area, amenities, market demand, comparable sales, infrastructure, and property condition influence valuation.",Property Valuation
What affects property valuation? #4344,"Location, area, amenities, market demand, comparable sales, infrastructure, and property condition influence valuation.",Property Valuation
What affects property valuation? #4345,"Location, area, amenities, market demand, comparable sales, infrastructure, and property condition influence valuation.",Property Valuation
What affects property valuation? #4346,"Location, area, amenities, market demand, comparable sales, infrastructure, and property condition influence valuation.",Property Valuation
What affects property valuation? #4347,"Location, area, amenities, market demand, comparable sales, infrastructure, and property condition influence valuation.",Property Valuation
What affects property valuation? #4348,"Location, area, amenities, market demand, comparable sales, infrastructure, and property condition influence valuation.",Property Valuation
What affects property valuation? #4349,"Location, area, amenities, market demand, comparable sales, infrastructure, and property condition influence valuation.",Property Valuation
What affects property valuation? #4350,"Location, area, amenities, market demand, comparable sales, infrastructure, and property condition influence valuation.",Property Valuation
What affects property valuation? #4351,"Location, area, amenities, market demand, comparable sales, infrastructure, and property condition influence valuation.",Property Valuation
What affects property valuation? #4352,"Location, area, amenities, market demand, comparable sales, infrastructure, and property condition influence valuation.",Property Valuation
What affects property valuation? #4353,"Location, area, amenities, market demand, comparable sales, infrastructure, and property condition influence valuation.",Property Valuation
What affects property valuation? #4354,"Location, area, amenities, market demand, comparable sales, infrastructure, and property condition influence valuation.",Property Valuation
What affects property valuation? #4355,"Location, area, amenities, market demand, comparable sales, infrastructure, and property condition influence valuation.",Property Valuation
What affects property valuation? #4356,"Location, area, amenities, market demand, comparable sales, infrastructure, and property condition influence valuation.",Property Valuation
What affects property valuation? #4357,"Location, area, amenities, market demand, comparable sales, infrastructure, and property condition influence valuation.",Property Valuation
What affects property valuation? #4358,"Location, area, amenities, market demand, comparable sales, infrastructure, and property condition influence valuation.",Property Valuation
What affects property valuation? #4359,"Location, area, amenities, market demand, comparable sales, infrastructure, and property condition influence valuation.",Property Valuation
What affects property valuation? #4360,"Location, area, amenities, market demand, comparable sales, infrastructure, and property condition influence valuation.",Property Valuation
What affects property valuation? #4361,"Location, area, amenities, market demand, comparable sales, infrastructure, and property condition influence valuation.",Property Valuation
What affects property valuation? #4362,"Location, area, amenities, market demand, comparable sales, infrastructure, and property condition influence valuation.",Property Valuation
What affects property valuation? #4363,"Location, area, amenities, market demand, comparable sales, infrastructure, and property condition influence valuation.",Property Valuation
What affects property valuation? #4364,"Location, area, amenities, market demand, comparable sales, infrastructure, and property condition influence valuation.",Property Valuation
What affects property valuation? #4365,"Location, area, amenities, market demand, comparable sales, infrastructure, and property condition influence valuation.",Property Valuation
What affects property valuation? #4366,"Location, area, amenities, market demand, comparable sales, infrastructure, and property condition influence valuation.",Property Valuation
What affects property valuation? #4367,"Location, area, amenities, market demand, comparable sales, infrastructure, and property condition influence valuation.",Property Valuation
What affects property valuation? #4368,"Location, area, amenities, market demand, comparable sales, infrastructure, and property condition influence valuation.",Property Valuation
What affects property valuation? #4369,"Location, area, amenities, market demand, comparable sales, infrastructure, and property condition influence valuation.",Property Valuation
What affects property valuation? #4370,"Location, area, amenities, market demand, comparable sales, infrastructure, and property condition influence valuation.",Property Valuation
What affects property valuation? #4371,"Location, area, amenities, market demand, comparable sales, infrastructure, and property condition influence valuation.",Property Valuation
What affects property valuation? #4372,"Location, area, amenities, market demand, comparable sales, infrastructure, and property condition influence valuation.",Property Valuation
What affects property valuation? #4373,"Location, area, amenities, market demand, comparable sales, infrastructure, and property condition influence valuation.",Property Valuation
What affects property valuation? #4374,"Location, area, amenities, market demand, comparable sales, infrastructure, and property condition influence valuation.",Property Valuation
What affects property valuation? #4375,"Location, area, amenities, market demand, comparable sales, infrastructure, and property condition influence valuation.",Property Valuation
What affects property valuation? #4376,"Location, area, amenities, market demand, comparable sales, infrastructure, and property condition influence valuation.",Property Valuation
What affects property valuation? #4377,"Location, area, amenities, market demand, comparable sales, infrastructure, and property condition influence valuation.",Property Valuation
What affects property valuation? #4378,"Location, area, amenities, market demand, comparable sales, infrastructure, and property condition influence valuation.",Property Valuation
What affects property valuation? #4379,"Location, area, amenities, market demand, comparable sales, infrastructure, and property condition influence valuation.",Property Valuation
What affects property valuation? #4380,"Location, area, amenities, market demand, comparable sales, infrastructure, and property condition influence valuation.",Property Valuation
What affects property valuation? #4381,"Location, area, amenities, market demand, comparable sales, infrastructure, and property condition influence valuation.",Property Valuation
What affects property valuation? #4382,"Location, area, amenities, market demand, comparable sales, infrastructure, and property condition influence valuation.",Property Valuation
What affects property valuation? #4383,"Location, area, amenities, market demand, comparable sales, infrastructure, and property condition influence valuation.",Property Valuation
What affects property valuation? #4384,"Location, area, amenities, market demand, comparable sales, infrastructure, and property condition influence valuation.",Property Valuation
What affects property valuation? #4385,"Location, area, amenities, market demand, comparable sales, infrastructure, and property condition influence valuation.",Property Valuation
What affects property valuation? #4386,"Location, area, amenities, market demand, comparable sales, infrastructure, and property condition influence valuation.",Property Valuation
What affects property valuation? #4387,"Location, area, amenities, market demand, comparable sales, infrastructure, and property condition influence valuation.",Property Valuation
What affects property valuation? #4388,"Location, area, amenities, market demand, comparable sales, infrastructure, and property condition influence valuation.",Property Valuation
What affects property valuation? #4389,"Location, area, amenities, market demand, comparable sales, infrastructure, and property condition influence valuation.",Property Valuation
What affects property valuation? #4390,"Location, area, amenities, market demand, comparable sales, infrastructure, and property condition influence valuation.",Property Valuation
What affects property valuation? #4391,"Location, area, amenities, market demand, comparable sales, infrastructure, and property condition influence valuation.",Property Valuation
What affects property valuation? #4392,"Location, area, amenities, market demand, comparable sales, infrastructure, and property condition influence valuation.",Property Valuation
What affects property valuation? #4393,"Location, area, amenities, market demand, comparable sales, infrastructure, and property condition influence valuation.",Property Valuation
What affects property valuation? #4394,"Location, area, amenities, market demand, comparable sales, infrastructure, and property condition influence valuation.",Property Valuation
What affects property valuation? #4395,"Location, area, amenities, market demand, comparable sales, infrastructure, and property condition influence valuation.",Property Valuation
What affects property valuation? #4396,"Location, area, amenities, market demand, comparable sales, infrastructure, and property condition influence valuation.",Property Valuation
What affects property valuation? #4397,"Location, area, amenities, market demand, comparable sales, infrastructure, and property condition influence valuation.",Property Valuation
What affects property valuation? #4398,"Location, area, amenities, market demand, comparable sales, infrastructure, and property condition influence valuation.",Property Valuation
What affects property valuation? #4399,"Location, area, amenities, market demand, comparable sales, infrastructure, and property condition influence valuation.",Property Valuation
What affects property valuation? #4400,"Location, area, amenities, market demand, comparable sales, infrastructure, and property condition influence valuation.",Property Valuation
What affects property valuation? #4401,"Location, area, amenities, market demand, comparable sales, infrastructure, and property condition influence valuation.",Property Valuation
What affects property valuation? #4402,"Location, area, amenities, market demand, comparable sales, infrastructure, and property condition influence valuation.",Property Valuation
What affects property valuation? #4403,"Location, area, amenities, market demand, comparable sales, infrastructure, and property condition influence valuation.",Property Valuation
What affects property valuation? #4404,"Location, area, amenities, market demand, comparable sales, infrastructure, and property condition influence valuation.",Property Valuation
What affects property valuation? #4405,"Location, area, amenities, market demand, comparable sales, infrastructure, and property condition influence valuation.",Property Valuation
What affects property valuation? #4406,"Location, area, amenities, market demand, comparable sales, infrastructure, and property condition influence valuation.",Property Valuation
What affects property valuation? #4407,"Location, area, amenities, market demand, comparable sales, infrastructure, and property condition influence valuation.",Property Valuation
What affects property valuation? #4408,"Location, area, amenities, market demand, comparable sales, infrastructure, and property condition influence valuation.",Property Valuation
What affects property valuation? #4409,"Location, area, amenities, market demand, comparable sales, infrastructure, and property condition influence valuation.",Property Valuation
What affects property valuation? #4410,"Location, area, amenities, market demand, comparable sales, infrastructure, and property condition influence valuation.",Property Valuation
What affects property valuation? #4411,"Location, area, amenities, market demand, comparable sales, infrastructure, and property condition influence valuation.",Property Valuation
What affects property valuation? #4412,"Location, area, amenities, market demand, comparable sales, infrastructure, and property condition influence valuation.",Property Valuation
What affects property valuation? #4413,"Location, area, amenities, market demand, comparable sales, infrastructure, and property condition influence valuation.",Property Valuation
What affects property valuation? #4414,"Location, area, amenities, market demand, comparable sales, infrastructure, and property condition influence valuation.",Property Valuation
What affects property valuation? #4415,"Location, area, amenities, market demand, comparable sales, infrastructure, and property condition influence valuation.",Property Valuation
What affects property valuation? #4416,"Location, area, amenities, market demand, comparable sales, infrastructure, and property condition influence valuation.",Property Valuation
What affects property valuation? #4417,"Location, area, amenities, market demand, comparable sales, infrastructure, and property condition influence valuation.",Property Valuation
What affects property valuation? #4418,"Location, area, amenities, market demand, comparable sales, infrastructure, and property condition influence valuation.",Property Valuation
What affects property valuation? #4419,"Location, area, amenities, market demand, comparable sales, infrastructure, and property condition influence valuation.",Property Valuation
What affects property valuation? #4420,"Location, area, amenities, market demand, comparable sales, infrastructure, and property condition influence valuation.",Property Valuation
What affects property valuation? #4421,"Location, area, amenities, market demand, comparable sales, infrastructure, and property condition influence valuation.",Property Valuation
What affects property valuation? #4422,"Location, area, amenities, market demand, comparable sales, infrastructure, and property condition influence valuation.",Property Valuation
What affects property valuation? #4423,"Location, area, amenities, market demand, comparable sales, infrastructure, and property condition influence valuation.",Property Valuation
What affects property valuation? #4424,"Location, area, amenities, market demand, comparable sales, infrastructure, and property condition influence valuation.",Property Valuation
What affects property valuation? #4425,"Location, area, amenities, market demand, comparable sales, infrastructure, and property condition influence valuation.",Property Valuation
What affects property valuation? #4426,"Location, area, amenities, market demand, comparable sales, infrastructure, and property condition influence valuation.",Property Valuation
What affects property valuation? #4427,"Location, area, amenities, market demand, comparable sales, infrastructure, and property condition influence valuation.",Property Valuation
What affects property valuation? #4428,"Location, area, amenities, market demand, comparable sales, infrastructure, and property condition influence valuation.",Property Valuation
What affects property valuation? #4429,"Location, area, amenities, market demand, comparable sales, infrastructure, and property condition influence valuation.",Property Valuation
What affects property valuation? #4430,"Location, area, amenities, market demand, comparable sales, infrastructure, and property condition influence valuation.",Property Valuation
What affects property valuation? #4431,"Location, area, amenities, market demand, comparable sales, infrastructure, and property condition influence valuation.",Property Valuation
What affects property valuation? #4432,"Location, area, amenities, market demand, comparable sales, infrastructure, and property condition influence valuation.",Property Valuation
What affects property valuation? #4433,"Location, area, amenities, market demand, comparable sales, infrastructure, and property condition influence valuation.",Property Valuation
What affects property valuation? #4434,"Location, area, amenities, market demand, comparable sales, infrastructure, and property condition influence valuation.",Property Valuation
What affects property valuation? #4435,"Location, area, amenities, market demand, comparable sales, infrastructure, and property condition influence valuation.",Property Valuation
What affects property valuation? #4436,"Location, area, amenities, market demand, comparable sales, infrastructure, and property condition influence valuation.",Property Valuation
What affects property valuation? #4437,"Location, area, amenities, market demand, comparable sales, infrastructure, and property condition influence valuation.",Property Valuation
What affects property valuation? #4438,"Location, area, amenities, market demand, comparable sales, infrastructure, and property condition influence valuation.",Property Valuation
What affects property valuation? #4439,"Location, area, amenities, market demand, comparable sales, infrastructure, and property condition influence valuation.",Property Valuation
What affects property valuation? #4440,"Location, area, amenities, market demand, comparable sales, infrastructure, and property condition influence valuation.",Property Valuation
What affects property valuation? #4441,"Location, area, amenities, market demand, comparable sales, infrastructure, and property condition influence valuation.",Property Valuation
What affects property valuation? #4442,"Location, area, amenities, market demand, comparable sales, infrastructure, and property condition influence valuation.",Property Valuation
What affects property valuation? #4443,"Location, area, amenities, market demand, comparable sales, infrastructure, and property condition influence valuation.",Property Valuation
What affects property valuation? #4444,"Location, area, amenities, market demand, comparable sales, infrastructure, and property condition influence valuation.",Property Valuation
What affects property valuation? #4445,"Location, area, amenities, market demand, comparable sales, infrastructure, and property condition influence valuation.",Property Valuation
What affects property valuation? #4446,"Location, area, amenities, market demand, comparable sales, infrastructure, and property condition influence valuation.",Property Valuation
What affects property valuation? #4447,"Location, area, amenities, market demand, comparable sales, infrastructure, and property condition influence valuation.",Property Valuation
What affects property valuation? #4448,"Location, area, amenities, market demand, comparable sales, infrastructure, and property condition influence valuation.",Property Valuation
What affects property valuation? #4449,"Location, area, amenities, market demand, comparable sales, infrastructure, and property condition influence valuation.",Property Valuation
What affects property valuation? #4450,"Location, area, amenities, market demand, comparable sales, infrastructure, and property condition influence valuation.",Property Valuation
What affects property valuation? #4451,"Location, area, amenities, market demand, comparable sales, infrastructure, and property condition influence valuation.",Property Valuation
What affects property valuation? #4452,"Location, area, amenities, market demand, comparable sales, infrastructure, and property condition influence valuation.",Property Valuation
What affects property valuation? #4453,"Location, area, amenities, market demand, comparable sales, infrastructure, and property condition influence valuation.",Property Valuation
What affects property valuation? #4454,"Location, area, amenities, market demand, comparable sales, infrastructure, and property condition influence valuation.",Property Valuation
What affects property valuation? #4455,"Location, area, amenities, market demand, comparable sales, infrastructure, and property condition influence valuation.",Property Valuation
What affects property valuation? #4456,"Location, area, amenities, market demand, comparable sales, infrastructure, and property condition influence valuation.",Property Valuation
What affects property valuation? #4457,"Location, area, amenities, market demand, comparable sales, infrastructure, and property condition influence valuation.",Property Valuation
What affects property valuation? #4458,"Location, area, amenities, market demand, comparable sales, infrastructure, and property condition influence valuation.",Property Valuation
What affects property valuation? #4459,"Location, area, amenities, market demand, comparable sales, infrastructure, and property condition influence valuation.",Property Valuation
What affects property valuation? #4460,"Location, area, amenities, market demand, comparable sales, infrastructure, and property condition influence valuation.",Property Valuation
What affects property valuation? #4461,"Location, area, amenities, market demand, comparable sales, infrastructure, and property condition influence valuation.",Property Valuation
What affects property valuation? #4462,"Location, area, amenities, market demand, comparable sales, infrastructure, and property condition influence valuation.",Property Valuation
What affects property valuation? #4463,"Location, area, amenities, market demand, comparable sales, infrastructure, and property condition influence valuation.",Property Valuation
What affects property valuation? #4464,"Location, area, amenities, market demand, comparable sales, infrastructure, and property condition influence valuation.",Property Valuation
What affects property valuation? #4465,"Location, area, amenities, market demand, comparable sales, infrastructure, and property condition influence valuation.",Property Valuation
What affects property valuation? #4466,"Location, area, amenities, market demand, comparable sales, infrastructure, and property condition influence valuation.",Property Valuation
What affects property valuation? #4467,"Location, area, amenities, market demand, comparable sales, infrastructure, and property condition influence valuation.",Property Valuation
What affects property valuation? #4468,"Location, area, amenities, market demand, comparable sales, infrastructure, and property condition influence valuation.",Property Valuation
What affects property valuation? #4469,"Location, area, amenities, market demand, comparable sales, infrastructure, and property condition influence valuation.",Property Valuation
What affects property valuation? #4470,"Location, area, amenities, market demand, comparable sales, infrastructure, and property condition influence valuation.",Property Valuation
What affects property valuation? #4471,"Location, area, amenities, market demand, comparable sales, infrastructure, and property condition influence valuation.",Property Valuation
What affects property valuation? #4472,"Location, area, amenities, market demand, comparable sales, infrastructure, and property condition influence valuation.",Property Valuation
What affects property valuation? #4473,"Location, area, amenities, market demand, comparable sales, infrastructure, and property condition influence valuation.",Property Valuation
What affects property valuation? #4474,"Location, area, amenities, market demand, comparable sales, infrastructure, and property condition influence valuation.",Property Valuation
What affects property valuation? #4475,"Location, area, amenities, market demand, comparable sales, infrastructure, and property condition influence valuation.",Property Valuation
What affects property valuation? #4476,"Location, area, amenities, market demand, comparable sales, infrastructure, and property condition influence valuation.",Property Valuation
What affects property valuation? #4477,"Location, area, amenities, market demand, comparable sales, infrastructure, and property condition influence valuation.",Property Valuation
What affects property valuation? #4478,"Location, area, amenities, market demand, comparable sales, infrastructure, and property condition influence valuation.",Property Valuation
What affects property valuation? #4479,"Location, area, amenities, market demand, comparable sales, infrastructure, and property condition influence valuation.",Property Valuation
What affects property valuation? #4480,"Location, area, amenities, market demand, comparable sales, infrastructure, and property condition influence valuation.",Property Valuation
What affects property valuation? #4481,"Location, area, amenities, market demand, comparable sales, infrastructure, and property condition influence valuation.",Property Valuation
What affects property valuation? #4482,"Location, area, amenities, market demand, comparable sales, infrastructure, and property condition influence valuation.",Property Valuation
What affects property valuation? #4483,"Location, area, amenities, market demand, comparable sales, infrastructure, and property condition influence valuation.",Property Valuation
What affects property valuation? #4484,"Location, area, amenities, market demand, comparable sales, infrastructure, and property condition influence valuation.",Property Valuation
What affects property valuation? #4485,"Location, area, amenities, market demand, comparable sales, infrastructure, and property condition influence valuation.",Property Valuation
What affects property valuation? #4486,"Location, area, amenities, market demand, comparable sales, infrastructure, and property condition influence valuation.",Property Valuation
What affects property valuation? #4487,"Location, area, amenities, market demand, comparable sales, infrastructure, and property condition influence valuation.",Property Valuation
What affects property valuation? #4488,"Location, area, amenities, market demand, comparable sales, infrastructure, and property condition influence valuation.",Property Valuation
What affects property valuation? #4489,"Location, area, amenities, market demand, comparable sales, infrastructure, and property condition influence valuation.",Property Valuation
What affects property valuation? #4490,"Location, area, amenities, market demand, comparable sales, infrastructure, and property condition influence valuation.",Property Valuation
What affects property valuation? #4491,"Location, area, amenities, market demand, comparable sales, infrastructure, and property condition influence valuation.",Property Valuation
What affects property valuation? #4492,"Location, area, amenities, market demand, comparable sales, infrastructure, and property condition influence valuation.",Property Valuation
What affects property valuation? #4493,"Location, area, amenities, market demand, comparable sales, infrastructure, and property condition influence valuation.",Property Valuation
What affects property valuation? #4494,"Location, area, amenities, market demand, comparable sales, infrastructure, and property condition influence valuation.",Property Valuation
What affects property valuation? #4495,"Location, area, amenities, market demand, comparable sales, infrastructure, and property condition influence valuation.",Property Valuation
What affects property valuation? #4496,"Location, area, amenities, market demand, comparable sales, infrastructure, and property condition influence valuation.",Property Valuation
What affects property valuation? #4497,"Location, area, amenities, market demand, comparable sales, infrastructure, and property condition influence valuation.",Property Valuation
What affects property valuation? #4498,"Location, area, amenities, market demand, comparable sales, infrastructure, and property condition influence valuation.",Property Valuation
What affects property valuation? #4499,"Location, area, amenities, market demand, comparable sales, infrastructure, and property condition influence valuation.",Property Valuation
What affects property valuation? #4500,"Location, area, amenities, market demand, comparable sales, infrastructure, and property condition influence valuation.",Property Valuation
What affects property valuation? #4501,"Location, area, amenities, market demand, comparable sales, infrastructure, and property condition influence valuation.",Property Valuation
What affects property valuation? #4502,"Location, area, amenities, market demand, comparable sales, infrastructure, and property condition influence valuation.",Property Valuation
What affects property valuation? #4503,"Location, area, amenities, market demand, comparable sales, infrastructure, and property condition influence valuation.",Property Valuation
What affects property valuation? #4504,"Location, area, amenities, market demand, comparable sales, infrastructure, and property condition influence valuation.",Property Valuation
What affects property valuation? #4505,"Location, area, amenities, market demand, comparable sales, infrastructure, and property condition influence valuation.",Property Valuation
What affects property valuation? #4506,"Location, area, amenities, market demand, comparable sales, infrastructure, and property condition influence valuation.",Property Valuation
What affects property valuation? #4507,"Location, area, amenities, market demand, comparable sales, infrastructure, and property condition influence valuation.",Property Valuation
What affects property valuation? #4508,"Location, area, amenities, market demand, comparable sales, infrastructure, and property condition influence valuation.",Property Valuation
What affects property valuation? #4509,"Location, area, amenities, market demand, comparable sales, infrastructure, and property condition influence valuation.",Property Valuation
What affects property valuation? #4510,"Location, area, amenities, market demand, comparable sales, infrastructure, and property condition influence valuation.",Property Valuation
What affects property valuation? #4511,"Location, area, amenities, market demand, comparable sales, infrastructure, and property condition influence valuation.",Property Valuation
What affects property valuation? #4512,"Location, area, amenities, market demand, comparable sales, infrastructure, and property condition influence valuation.",Property Valuation
What affects property valuation? #4513,"Location, area, amenities, market demand, comparable sales, infrastructure, and property condition influence valuation.",Property Valuation
What affects property valuation? #4514,"Location, area, amenities, market demand, comparable sales, infrastructure, and property condition influence valuation.",Property Valuation
What affects property valuation? #4515,"Location, area, amenities, market demand, comparable sales, infrastructure, and property condition influence valuation.",Property Valuation
What affects property valuation? #4516,"Location, area, amenities, market demand, comparable sales, infrastructure, and property condition influence valuation.",Property Valuation
What affects property valuation? #4517,"Location, area, amenities, market demand, comparable sales, infrastructure, and property condition influence valuation.",Property Valuation
What affects property valuation? #4518,"Location, area, amenities, market demand, comparable sales, infrastructure, and property condition influence valuation.",Property Valuation
What affects property valuation? #4519,"Location, area, amenities, market demand, comparable sales, infrastructure, and property condition influence valuation.",Property Valuation
What affects property valuation? #4520,"Location, area, amenities, market demand, comparable sales, infrastructure, and property condition influence valuation.",Property Valuation
What affects property valuation? #4521,"Location, area, amenities, market demand, comparable sales, infrastructure, and property condition influence valuation.",Property Valuation
What affects property valuation? #4522,"Location, area, amenities, market demand, comparable sales, infrastructure, and property condition influence valuation.",Property Valuation
What affects property valuation? #4523,"Location, area, amenities, market demand, comparable sales, infrastructure, and property condition influence valuation.",Property Valuation
What affects property valuation? #4524,"Location, area, amenities, market demand, comparable sales, infrastructure, and property condition influence valuation.",Property Valuation
What affects property valuation? #4525,"Location, area, amenities, market demand, comparable sales, infrastructure, and property condition influence valuation.",Property Valuation
What affects property valuation? #4526,"Location, area, amenities, market demand, comparable sales, infrastructure, and property condition influence valuation.",Property Valuation
What affects property valuation? #4527,"Location, area, amenities, market demand, comparable sales, infrastructure, and property condition influence valuation.",Property Valuation
What affects property valuation? #4528,"Location, area, amenities, market demand, comparable sales, infrastructure, and property condition influence valuation.",Property Valuation
What affects property valuation? #4529,"Location, area, amenities, market demand, comparable sales, infrastructure, and property condition influence valuation.",Property Valuation
What affects property valuation? #4530,"Location, area, amenities, market demand, comparable sales, infrastructure, and property condition influence valuation.",Property Valuation
What affects property valuation? #4531,"Location, area, amenities, market demand, comparable sales, infrastructure, and property condition influence valuation.",Property Valuation
What affects property valuation? #4532,"Location, area, amenities, market demand, comparable sales, infrastructure, and property condition influence valuation.",Property Valuation
What affects property valuation? #4533,"Location, area, amenities, market demand, comparable sales, infrastructure, and property condition influence valuation.",Property Valuation
What affects property valuation? #4534,"Location, area, amenities, market demand, comparable sales, infrastructure, and property condition influence valuation.",Property Valuation
What affects property valuation? #4535,"Location, area, amenities, market demand, comparable sales, infrastructure, and property condition influence valuation.",Property Valuation
What affects property valuation? #4536,"Location, area, amenities, market demand, comparable sales, infrastructure, and property condition influence valuation.",Property Valuation
What affects property valuation? #4537,"Location, area, amenities, market demand, comparable sales, infrastructure, and property condition influence valuation.",Property Valuation
What affects property valuation? #4538,"Location, area, amenities, market demand, comparable sales, infrastructure, and property condition influence valuation.",Property Valuation
What affects property valuation? #4539,"Location, area, amenities, market demand, comparable sales, infrastructure, and property condition influence valuation.",Property Valuation
What affects property valuation? #4540,"Location, area, amenities, market demand, comparable sales, infrastructure, and property condition influence valuation.",Property Valuation
What affects property valuation? #4541,"Location, area, amenities, market demand, comparable sales, infrastructure, and property condition influence valuation.",Property Valuation
What affects property valuation? #4542,"Location, area, amenities, market demand, comparable sales, infrastructure, and property condition influence valuation.",Property Valuation
What affects property valuation? #4543,"Location, area, amenities, market demand, comparable sales, infrastructure, and property condition influence valuation.",Property Valuation
What affects property valuation? #4544,"Location, area, amenities, market demand, comparable sales, infrastructure, and property condition influence valuation.",Property Valuation
What affects property valuation? #4545,"Location, area, amenities, market demand, comparable sales, infrastructure, and property condition influence valuation.",Property Valuation
What affects property valuation? #4546,"Location, area, amenities, market demand, comparable sales, infrastructure, and property condition influence valuation.",Property Valuation
What affects property valuation? #4547,"Location, area, amenities, market demand, comparable sales, infrastructure, and property condition influence valuation.",Property Valuation
What affects property valuation? #4548,"Location, area, amenities, market demand, comparable sales, infrastructure, and property condition influence valuation.",Property Valuation
What affects property valuation? #4549,"Location, area, amenities, market demand, comparable sales, infrastructure, and property condition influence valuation.",Property Valuation
What affects property valuation? #4550,"Location, area, amenities, market demand, comparable sales, infrastructure, and property condition influence valuation.",Property Valuation
What affects property valuation? #4551,"Location, area, amenities, market demand, comparable sales, infrastructure, and property condition influence valuation.",Property Valuation
What affects property valuation? #4552,"Location, area, amenities, market demand, comparable sales, infrastructure, and property condition influence valuation.",Property Valuation
What affects property valuation? #4553,"Location, area, amenities, market demand, comparable sales, infrastructure, and property condition influence valuation.",Property Valuation
What affects property valuation? #4554,"Location, area, amenities, market demand, comparable sales, infrastructure, and property condition influence valuation.",Property Valuation
What affects property valuation? #4555,"Location, area, amenities, market demand, comparable sales, infrastructure, and property condition influence valuation.",Property Valuation
What affects property valuation? #4556,"Location, area, amenities, market demand, comparable sales, infrastructure, and property condition influence valuation.",Property Valuation
What affects property valuation? #4557,"Location, area, amenities, market demand, comparable sales, infrastructure, and property condition influence valuation.",Property Valuation
What affects property valuation? #4558,"Location, area, amenities, market demand, comparable sales, infrastructure, and property condition influence valuation.",Property Valuation
What affects property valuation? #4559,"Location, area, amenities, market demand, comparable sales, infrastructure, and property condition influence valuation.",Property Valuation
What affects property valuation? #4560,"Location, area, amenities, market demand, comparable sales, infrastructure, and property condition influence valuation.",Property Valuation
What affects property valuation? #4561,"Location, area, amenities, market demand, comparable sales, infrastructure, and property condition influence valuation.",Property Valuation
What affects property valuation? #4562,"Location, area, amenities, market demand, comparable sales, infrastructure, and property condition influence valuation.",Property Valuation
What affects property valuation? #4563,"Location, area, amenities, market demand, comparable sales, infrastructure, and property condition influence valuation.",Property Valuation
What affects property valuation? #4564,"Location, area, amenities, market demand, comparable sales, infrastructure, and property condition influence valuation.",Property Valuation
What affects property valuation? #4565,"Location, area, amenities, market demand, comparable sales, infrastructure, and property condition influence valuation.",Property Valuation
What affects property valuation? #4566,"Location, area, amenities, market demand, comparable sales, infrastructure, and property condition influence valuation.",Property Valuation
What affects property valuation? #4567,"Location, area, amenities, market demand, comparable sales, infrastructure, and property condition influence valuation.",Property Valuation
What affects property valuation? #4568,"Location, area, amenities, market demand, comparable sales, infrastructure, and property condition influence valuation.",Property Valuation
What affects property valuation? #4569,"Location, area, amenities, market demand, comparable sales, infrastructure, and property condition influence valuation.",Property Valuation
What affects property valuation? #4570,"Location, area, amenities, market demand, comparable sales, infrastructure, and property condition influence valuation.",Property Valuation
What affects property valuation? #4571,"Location, area, amenities, market demand, comparable sales, infrastructure, and property condition influence valuation.",Property Valuation
What affects property valuation? #4572,"Location, area, amenities, market demand, comparable sales, infrastructure, and property condition influence valuation.",Property Valuation
What affects property valuation? #4573,"Location, area, amenities, market demand, comparable sales, infrastructure, and property condition influence valuation.",Property Valuation
What affects property valuation? #4574,"Location, area, amenities, market demand, comparable sales, infrastructure, and property condition influence valuation.",Property Valuation
What affects property valuation? #4575,"Location, area, amenities, market demand, comparable sales, infrastructure, and property condition influence valuation.",Property Valuation
What affects property valuation? #4576,"Location, area, amenities, market demand, comparable sales, infrastructure, and property condition influence valuation.",Property Valuation
What affects property valuation? #4577,"Location, area, amenities, market demand, comparable sales, infrastructure, and property condition influence valuation.",Property Valuation
What affects property valuation? #4578,"Location, area, amenities, market demand, comparable sales, infrastructure, and property condition influence valuation.",Property Valuation
What affects property valuation? #4579,"Location, area, amenities, market demand, comparable sales, infrastructure, and property condition influence valuation.",Property Valuation
What affects property valuation? #4580,"Location, area, amenities, market demand, comparable sales, infrastructure, and property condition influence valuation.",Property Valuation
What affects property valuation? #4581,"Location, area, amenities, market demand, comparable sales, infrastructure, and property condition influence valuation.",Property Valuation
What affects property valuation? #4582,"Location, area, amenities, market demand, comparable sales, infrastructure, and property condition influence valuation.",Property Valuation
What affects property valuation? #4583,"Location, area, amenities, market demand, comparable sales, infrastructure, and property condition influence valuation.",Property Valuation
What affects property valuation? #4584,"Location, area, amenities, market demand, comparable sales, infrastructure, and property condition influence valuation.",Property Valuation
What affects property valuation? #4585,"Location, area, amenities, market demand, comparable sales, infrastructure, and property condition influence valuation.",Property Valuation
What affects property valuation? #4586,"Location, area, amenities, market demand, comparable sales, infrastructure, and property condition influence valuation.",Property Valuation
What affects property valuation? #4587,"Location, area, amenities, market demand, comparable sales, infrastructure, and property condition influence valuation.",Property Valuation
What affects property valuation? #4588,"Location, area, amenities, market demand, comparable sales, infrastructure, and property condition influence valuation.",Property Valuation
What affects property valuation? #4589,"Location, area, amenities, market demand, comparable sales, infrastructure, and property condition influence valuation.",Property Valuation
What affects property valuation? #4590,"Location, area, amenities, market demand, comparable sales, infrastructure, and property condition influence valuation.",Property Valuation
What affects property valuation? #4591,"Location, area, amenities, market demand, comparable sales, infrastructure, and property condition influence valuation.",Property Valuation
What affects property valuation? #4592,"Location, area, amenities, market demand, comparable sales, infrastructure, and property condition influence valuation.",Property Valuation
What affects property valuation? #4593,"Location, area, amenities, market demand, comparable sales, infrastructure, and property condition influence valuation.",Property Valuation
What affects property valuation? #4594,"Location, area, amenities, market demand, comparable sales, infrastructure, and property condition influence valuation.",Property Valuation
What affects property valuation? #4595,"Location, area, amenities, market demand, comparable sales, infrastructure, and property condition influence valuation.",Property Valuation
What affects property valuation? #4596,"Location, area, amenities, market demand, comparable sales, infrastructure, and property condition influence valuation.",Property Valuation
What affects property valuation? #4597,"Location, area, amenities, market demand, comparable sales, infrastructure, and property condition influence valuation.",Property Valuation
What affects property valuation? #4598,"Location, area, amenities, market demand, comparable sales, infrastructure, and property condition influence valuation.",Property Valuation
What affects property valuation? #4599,"Location, area, amenities, market demand, comparable sales, infrastructure, and property condition influence valuation.",Property Valuation
What affects property valuation? #4600,"Location, area, amenities, market demand, comparable sales, infrastructure, and property condition influence valuation.",Property Valuation
What affects property valuation? #4601,"Location, area, amenities, market demand, comparable sales, infrastructure, and property condition influence valuation.",Property Valuation
What affects property valuation? #4602,"Location, area, amenities, market demand, comparable sales, infrastructure, and property condition influence valuation.",Property Valuation
What affects property valuation? #4603,"Location, area, amenities, market demand, comparable sales, infrastructure, and property condition influence valuation.",Property Valuation
What affects property valuation? #4604,"Location, area, amenities, market demand, comparable sales, infrastructure, and property condition influence valuation.",Property Valuation
What affects property valuation? #4605,"Location, area, amenities, market demand, comparable sales, infrastructure, and property condition influence valuation.",Property Valuation
What affects property valuation? #4606,"Location, area, amenities, market demand, comparable sales, infrastructure, and property condition influence valuation.",Property Valuation
What affects property valuation? #4607,"Location, area, amenities, market demand, comparable sales, infrastructure, and property condition influence valuation.",Property Valuation
What affects property valuation? #4608,"Location, area, amenities, market demand, comparable sales, infrastructure, and property condition influence valuation.",Property Valuation
What affects property valuation? #4609,"Location, area, amenities, market demand, comparable sales, infrastructure, and property condition influence valuation.",Property Valuation
What affects property valuation? #4610,"Location, area, amenities, market demand, comparable sales, infrastructure, and property condition influence valuation.",Property Valuation
What affects property valuation? #4611,"Location, area, amenities, market demand, comparable sales, infrastructure, and property condition influence valuation.",Property Valuation
What affects property valuation? #4612,"Location, area, amenities, market demand, comparable sales, infrastructure, and property condition influence valuation.",Property Valuation
What affects property valuation? #4613,"Location, area, amenities, market demand, comparable sales, infrastructure, and property condition influence valuation.",Property Valuation
What affects property valuation? #4614,"Location, area, amenities, market demand, comparable sales, infrastructure, and property condition influence valuation.",Property Valuation
What affects property valuation? #4615,"Location, area, amenities, market demand, comparable sales, infrastructure, and property condition influence valuation.",Property Valuation
What affects property valuation? #4616,"Location, area, amenities, market demand, comparable sales, infrastructure, and property condition influence valuation.",Property Valuation
What affects property valuation? #4617,"Location, area, amenities, market demand, comparable sales, infrastructure, and property condition influence valuation.",Property Valuation
What affects property valuation? #4618,"Location, area, amenities, market demand, comparable sales, infrastructure, and property condition influence valuation.",Property Valuation
What affects property valuation? #4619,"Location, area, amenities, market demand, comparable sales, infrastructure, and property condition influence valuation.",Property Valuation
What affects property valuation? #4620,"Location, area, amenities, market demand, comparable sales, infrastructure, and property condition influence valuation.",Property Valuation
What affects property valuation? #4621,"Location, area, amenities, market demand, comparable sales, infrastructure, and property condition influence valuation.",Property Valuation
What affects property valuation? #4622,"Location, area, amenities, market demand, comparable sales, infrastructure, and property condition influence valuation.",Property Valuation
What affects property valuation? #4623,"Location, area, amenities, market demand, comparable sales, infrastructure, and property condition influence valuation.",Property Valuation
What affects property valuation? #4624,"Location, area, amenities, market demand, comparable sales, infrastructure, and property condition influence valuation.",Property Valuation
What affects property valuation? #4625,"Location, area, amenities, market demand, comparable sales, infrastructure, and property condition influence valuation.",Property Valuation
What affects property valuation? #4626,"Location, area, amenities, market demand, comparable sales, infrastructure, and property condition influence valuation.",Property Valuation
What affects property valuation? #4627,"Location, area, amenities, market demand, comparable sales, infrastructure, and property condition influence valuation.",Property Valuation
What affects property valuation? #4628,"Location, area, amenities, market demand, comparable sales, infrastructure, and property condition influence valuation.",Property Valuation
What affects property valuation? #4629,"Location, area, amenities, market demand, comparable sales, infrastructure, and property condition influence valuation.",Property Valuation
What affects property valuation? #4630,"Location, area, amenities, market demand, comparable sales, infrastructure, and property condition influence valuation.",Property Valuation
What affects property valuation? #4631,"Location, area, amenities, market demand, comparable sales, infrastructure, and property condition influence valuation.",Property Valuation
What affects property valuation? #4632,"Location, area, amenities, market demand, comparable sales, infrastructure, and property condition influence valuation.",Property Valuation
What affects property valuation? #4633,"Location, area, amenities, market demand, comparable sales, infrastructure, and property condition influence valuation.",Property Valuation
What affects property valuation? #4634,"Location, area, amenities, market demand, comparable sales, infrastructure, and property condition influence valuation.",Property Valuation
What affects property valuation? #4635,"Location, area, amenities, market demand, comparable sales, infrastructure, and property condition influence valuation.",Property Valuation
What affects property valuation? #4636,"Location, area, amenities, market demand, comparable sales, infrastructure, and property condition influence valuation.",Property Valuation
What affects property valuation? #4637,"Location, area, amenities, market demand, comparable sales, infrastructure, and property condition influence valuation.",Property Valuation
What affects property valuation? #4638,"Location, area, amenities, market demand, comparable sales, infrastructure, and property condition influence valuation.",Property Valuation
What affects property valuation? #4639,"Location, area, amenities, market demand, comparable sales, infrastructure, and property condition influence valuation.",Property Valuation
What affects property valuation? #4640,"Location, area, amenities, market demand, comparable sales, infrastructure, and property condition influence valuation.",Property Valuation
What affects property valuation? #4641,"Location, area, amenities, market demand, comparable sales, infrastructure, and property condition influence valuation.",Property Valuation
What affects property valuation? #4642,"Location, area, amenities, market demand, comparable sales, infrastructure, and property condition influence valuation.",Property Valuation
What affects property valuation? #4643,"Location, area, amenities, market demand, comparable sales, infrastructure, and property condition influence valuation.",Property Valuation
What affects property valuation? #4644,"Location, area, amenities, market demand, comparable sales, infrastructure, and property condition influence valuation.",Property Valuation
What affects property valuation? #4645,"Location, area, amenities, market demand, comparable sales, infrastructure, and property condition influence valuation.",Property Valuation
What affects property valuation? #4646,"Location, area, amenities, market demand, comparable sales, infrastructure, and property condition influence valuation.",Property Valuation
What affects property valuation? #4647,"Location, area, amenities, market demand, comparable sales, infrastructure, and property condition influence valuation.",Property Valuation
What affects property valuation? #4648,"Location, area, amenities, market demand, comparable sales, infrastructure, and property condition influence valuation.",Property Valuation
What affects property valuation? #4649,"Location, area, amenities, market demand, comparable sales, infrastructure, and property condition influence valuation.",Property Valuation
What affects property valuation? #4650,"Location, area, amenities, market demand, comparable sales, infrastructure, and property condition influence valuation.",Property Valuation
What affects property valuation? #4651,"Location, area, amenities, market demand, comparable sales, infrastructure, and property condition influence valuation.",Property Valuation
What affects property valuation? #4652,"Location, area, amenities, market demand, comparable sales, infrastructure, and property condition influence valuation.",Property Valuation
What affects property valuation? #4653,"Location, area, amenities, market demand, comparable sales, infrastructure, and property condition influence valuation.",Property Valuation
What affects property valuation? #4654,"Location, area, amenities, market demand, comparable sales, infrastructure, and property condition influence valuation.",Property Valuation
What affects property valuation? #4655,"Location, area, amenities, market demand, comparable sales, infrastructure, and property condition influence valuation.",Property Valuation
What affects property valuation? #4656,"Location, area, amenities, market demand, comparable sales, infrastructure, and property condition influence valuation.",Property Valuation
What affects property valuation? #4657,"Location, area, amenities, market demand, comparable sales, infrastructure, and property condition influence valuation.",Property Valuation
What affects property valuation? #4658,"Location, area, amenities, market demand, comparable sales, infrastructure, and property condition influence valuation.",Property Valuation
What affects property valuation? #4659,"Location, area, amenities, market demand, comparable sales, infrastructure, and property condition influence valuation.",Property Valuation
What affects property valuation? #4660,"Location, area, amenities, market demand, comparable sales, infrastructure, and property condition influence valuation.",Property Valuation
What affects property valuation? #4661,"Location, area, amenities, market demand, comparable sales, infrastructure, and property condition influence valuation.",Property Valuation
What affects property valuation? #4662,"Location, area, amenities, market demand, comparable sales, infrastructure, and property condition influence valuation.",Property Valuation
What affects property valuation? #4663,"Location, area, amenities, market demand, comparable sales, infrastructure, and property condition influence valuation.",Property Valuation
What affects property valuation? #4664,"Location, area, amenities, market demand, comparable sales, infrastructure, and property condition influence valuation.",Property Valuation
What affects property valuation? #4665,"Location, area, amenities, market demand, comparable sales, infrastructure, and property condition influence valuation.",Property Valuation
What affects property valuation? #4666,"Location, area, amenities, market demand, comparable sales, infrastructure, and property condition influence valuation.",Property Valuation
What affects property valuation? #4667,"Location, area, amenities, market demand, comparable sales, infrastructure, and property condition influence valuation.",Property Valuation
What affects property valuation? #4668,"Location, area, amenities, market demand, comparable sales, infrastructure, and property condition influence valuation.",Property Valuation
What affects property valuation? #4669,"Location, area, amenities, market demand, comparable sales, infrastructure, and property condition influence valuation.",Property Valuation
What affects property valuation? #4670,"Location, area, amenities, market demand, comparable sales, infrastructure, and property condition influence valuation.",Property Valuation
What affects property valuation? #4671,"Location, area, amenities, market demand, comparable sales, infrastructure, and property condition influence valuation.",Property Valuation
What affects property valuation? #4672,"Location, area, amenities, market demand, comparable sales, infrastructure, and property condition influence valuation.",Property Valuation
What affects property valuation? #4673,"Location, area, amenities, market demand, comparable sales, infrastructure, and property condition influence valuation.",Property Valuation
What affects property valuation? #4674,"Location, area, amenities, market demand, comparable sales, infrastructure, and property condition influence valuation.",Property Valuation
What affects property valuation? #4675,"Location, area, amenities, market demand, comparable sales, infrastructure, and property condition influence valuation.",Property Valuation
What affects property valuation? #4676,"Location, area, amenities, market demand, comparable sales, infrastructure, and property condition influence valuation.",Property Valuation
What affects property valuation? #4677,"Location, area, amenities, market demand, comparable sales, infrastructure, and property condition influence valuation.",Property Valuation
What affects property valuation? #4678,"Location, area, amenities, market demand, comparable sales, infrastructure, and property condition influence valuation.",Property Valuation
What affects property valuation? #4679,"Location, area, amenities, market demand, comparable sales, infrastructure, and property condition influence valuation.",Property Valuation
What affects property valuation? #4680,"Location, area, amenities, market demand, comparable sales, infrastructure, and property condition influence valuation.",Property Valuation
What affects property valuation? #4681,"Location, area, amenities, market demand, comparable sales, infrastructure, and property condition influence valuation.",Property Valuation
What affects property valuation? #4682,"Location, area, amenities, market demand, comparable sales, infrastructure, and property condition influence valuation.",Property Valuation
What affects property valuation? #4683,"Location, area, amenities, market demand, comparable sales, infrastructure, and property condition influence valuation.",Property Valuation
What affects property valuation? #4684,"Location, area, amenities, market demand, comparable sales, infrastructure, and property condition influence valuation.",Property Valuation
What affects property valuation? #4685,"Location, area, amenities, market demand, comparable sales, infrastructure, and property condition influence valuation.",Property Valuation
What affects property valuation? #4686,"Location, area, amenities, market demand, comparable sales, infrastructure, and property condition influence valuation.",Property Valuation
What affects property valuation? #4687,"Location, area, amenities, market demand, comparable sales, infrastructure, and property condition influence valuation.",Property Valuation
What affects property valuation? #4688,"Location, area, amenities, market demand, comparable sales, infrastructure, and property condition influence valuation.",Property Valuation
What affects property valuation? #4689,"Location, area, amenities, market demand, comparable sales, infrastructure, and property condition influence valuation.",Property Valuation
What affects property valuation? #4690,"Location, area, amenities, market demand, comparable sales, infrastructure, and property condition influence valuation.",Property Valuation
What affects property valuation? #4691,"Location, area, amenities, market demand, comparable sales, infrastructure, and property condition influence valuation.",Property Valuation
What affects property valuation? #4692,"Location, area, amenities, market demand, comparable sales, infrastructure, and property condition influence valuation.",Property Valuation
What affects property valuation? #4693,"Location, area, amenities, market demand, comparable sales, infrastructure, and property condition influence valuation.",Property Valuation
What affects property valuation? #4694,"Location, area, amenities, market demand, comparable sales, infrastructure, and property condition influence valuation.",Property Valuation
What affects property valuation? #4695,"Location, area, amenities, market demand, comparable sales, infrastructure, and property condition influence valuation.",Property Valuation
What affects property valuation? #4696,"Location, area, amenities, market demand, comparable sales, infrastructure, and property condition influence valuation.",Property Valuation
What affects property valuation? #4697,"Location, area, amenities, market demand, comparable sales, infrastructure, and property condition influence valuation.",Property Valuation
What affects property valuation? #4698,"Location, area, amenities, market demand, comparable sales, infrastructure, and property condition influence valuation.",Property Valuation
What affects property valuation? #4699,"Location, area, amenities, market demand, comparable sales, infrastructure, and property condition influence valuation.",Property Valuation
What affects property valuation? #4700,"Location, area, amenities, market demand, comparable sales, infrastructure, and property condition influence valuation.",Property Valuation
What affects property valuation? #4701,"Location, area, amenities, market demand, comparable sales, infrastructure, and property condition influence valuation.",Property Valuation
What affects property valuation? #4702,"Location, area, amenities, market demand, comparable sales, infrastructure, and property condition influence valuation.",Property Valuation
What affects property valuation? #4703,"Location, area, amenities, market demand, comparable sales, infrastructure, and property condition influence valuation.",Property Valuation
What affects property valuation? #4704,"Location, area, amenities, market demand, comparable sales, infrastructure, and property condition influence valuation.",Property Valuation
What affects property valuation? #4705,"Location, area, amenities, market demand, comparable sales, infrastructure, and property condition influence valuation.",Property Valuation
What affects property valuation? #4706,"Location, area, amenities, market demand, comparable sales, infrastructure, and property condition influence valuation.",Property Valuation
What affects property valuation? #4707,"Location, area, amenities, market demand, comparable sales, infrastructure, and property condition influence valuation.",Property Valuation
What affects property valuation? #4708,"Location, area, amenities, market demand, comparable sales, infrastructure, and property condition influence valuation.",Property Valuation
What affects property valuation? #4709,"Location, area, amenities, market demand, comparable sales, infrastructure, and property condition influence valuation.",Property Valuation
What affects property valuation? #4710,"Location, area, amenities, market demand, comparable sales, infrastructure, and property condition influence valuation.",Property Valuation
What affects property valuation? #4711,"Location, area, amenities, market demand, comparable sales, infrastructure, and property condition influence valuation.",Property Valuation
What affects property valuation? #4712,"Location, area, amenities, market demand, comparable sales, infrastructure, and property condition influence valuation.",Property Valuation
What affects property valuation? #4713,"Location, area, amenities, market demand, comparable sales, infrastructure, and property condition influence valuation.",Property Valuation
What affects property valuation? #4714,"Location, area, amenities, market demand, comparable sales, infrastructure, and property condition influence valuation.",Property Valuation
What affects property valuation? #4715,"Location, area, amenities, market demand, comparable sales, infrastructure, and property condition influence valuation.",Property Valuation
What affects property valuation? #4716,"Location, area, amenities, market demand, comparable sales, infrastructure, and property condition influence valuation.",Property Valuation
What affects property valuation? #4717,"Location, area, amenities, market demand, comparable sales, infrastructure, and property condition influence valuation.",Property Valuation
What affects property valuation? #4718,"Location, area, amenities, market demand, comparable sales, infrastructure, and property condition influence valuation.",Property Valuation
What affects property valuation? #4719,"Location, area, amenities, market demand, comparable sales, infrastructure, and property condition influence valuation.",Property Valuation
What affects property valuation? #4720,"Location, area, amenities, market demand, comparable sales, infrastructure, and property condition influence valuation.",Property Valuation
What affects property valuation? #4721,"Location, area, amenities, market demand, comparable sales, infrastructure, and property condition influence valuation.",Property Valuation
What affects property valuation? #4722,"Location, area, amenities, market demand, comparable sales, infrastructure, and property condition influence valuation.",Property Valuation
What affects property valuation? #4723,"Location, area, amenities, market demand, comparable sales, infrastructure, and property condition influence valuation.",Property Valuation
What affects property valuation? #4724,"Location, area, amenities, market demand, comparable sales, infrastructure, and property condition influence valuation.",Property Valuation
What affects property valuation? #4725,"Location, area, amenities, market demand, comparable sales, infrastructure, and property condition influence valuation.",Property Valuation
What affects property valuation? #4726,"Location, area, amenities, market demand, comparable sales, infrastructure, and property condition influence valuation.",Property Valuation
What affects property valuation? #4727,"Location, area, amenities, market demand, comparable sales, infrastructure, and property condition influence valuation.",Property Valuation
What affects property valuation? #4728,"Location, area, amenities, market demand, comparable sales, infrastructure, and property condition influence valuation.",Property Valuation
What affects property valuation? #4729,"Location, area, amenities, market demand, comparable sales, infrastructure, and property condition influence valuation.",Property Valuation
What affects property valuation? #4730,"Location, area, amenities, market demand, comparable sales, infrastructure, and property condition influence valuation.",Property Valuation
What affects property valuation? #4731,"Location, area, amenities, market demand, comparable sales, infrastructure, and property condition influence valuation.",Property Valuation
What affects property valuation? #4732,"Location, area, amenities, market demand, comparable sales, infrastructure, and property condition influence valuation.",Property Valuation
What affects property valuation? #4733,"Location, area, amenities, market demand, comparable sales, infrastructure, and property condition influence valuation.",Property Valuation
What affects property valuation? #4734,"Location, area, amenities, market demand, comparable sales, infrastructure, and property condition influence valuation.",Property Valuation
What affects property valuation? #4735,"Location, area, amenities, market demand, comparable sales, infrastructure, and property condition influence valuation.",Property Valuation
What affects property valuation? #4736,"Location, area, amenities, market demand, comparable sales, infrastructure, and property condition influence valuation.",Property Valuation
What affects property valuation? #4737,"Location, area, amenities, market demand, comparable sales, infrastructure, and property condition influence valuation.",Property Valuation
What affects property valuation? #4738,"Location, area, amenities, market demand, comparable sales, infrastructure, and property condition influence valuation.",Property Valuation
What affects property valuation? #4739,"Location, area, amenities, market demand, comparable sales, infrastructure, and property condition influence valuation.",Property Valuation
What affects property valuation? #4740,"Location, area, amenities, market demand, comparable sales, infrastructure, and property condition influence valuation.",Property Valuation
What affects property valuation? #4741,"Location, area, amenities, market demand, comparable sales, infrastructure, and property condition influence valuation.",Property Valuation
What affects property valuation? #4742,"Location, area, amenities, market demand, comparable sales, infrastructure, and property condition influence valuation.",Property Valuation
What affects property valuation? #4743,"Location, area, amenities, market demand, comparable sales, infrastructure, and property condition influence valuation.",Property Valuation
What affects property valuation? #4744,"Location, area, amenities, market demand, comparable sales, infrastructure, and property condition influence valuation.",Property Valuation
What affects property valuation? #4745,"Location, area, amenities, market demand, comparable sales, infrastructure, and property condition influence valuation.",Property Valuation
What affects property valuation? #4746,"Location, area, amenities, market demand, comparable sales, infrastructure, and property condition influence valuation.",Property Valuation
What affects property valuation? #4747,"Location, area, amenities, market demand, comparable sales, infrastructure, and property condition influence valuation.",Property Valuation
What affects property valuation? #4748,"Location, area, amenities, market demand, comparable sales, infrastructure, and property condition influence valuation.",Property Valuation
What affects property valuation? #4749,"Location, area, amenities, market demand, comparable sales, infrastructure, and property condition influence valuation.",Property Valuation
What affects property valuation? #4750,"Location, area, amenities, market demand, comparable sales, infrastructure, and property condition influence valuation.",Property Valuation
What affects property valuation? #4751,"Location, area, amenities, market demand, comparable sales, infrastructure, and property condition influence valuation.",Property Valuation
What affects property valuation? #4752,"Location, area, amenities, market demand, comparable sales, infrastructure, and property condition influence valuation.",Property Valuation
What affects property valuation? #4753,"Location, area, amenities, market demand, comparable sales, infrastructure, and property condition influence valuation.",Property Valuation
What affects property valuation? #4754,"Location, area, amenities, market demand, comparable sales, infrastructure, and property condition influence valuation.",Property Valuation
What affects property valuation? #4755,"Location, area, amenities, market demand, comparable sales, infrastructure, and property condition influence valuation.",Property Valuation
What affects property valuation? #4756,"Location, area, amenities, market demand, comparable sales, infrastructure, and property condition influence valuation.",Property Valuation
What affects property valuation? #4757,"Location, area, amenities, market demand, comparable sales, infrastructure, and property condition influence valuation.",Property Valuation
What affects property valuation? #4758,"Location, area, amenities, market demand, comparable sales, infrastructure, and property condition influence valuation.",Property Valuation
What affects property valuation? #4759,"Location, area, amenities, market demand, comparable sales, infrastructure, and property condition influence valuation.",Property Valuation
What affects property valuation? #4760,"Location, area, amenities, market demand, comparable sales, infrastructure, and property condition influence valuation.",Property Valuation
What affects property valuation? #4761,"Location, area, amenities, market demand, comparable sales, infrastructure, and property condition influence valuation.",Property Valuation
What affects property valuation? #4762,"Location, area, amenities, market demand, comparable sales, infrastructure, and property condition influence valuation.",Property Valuation
What affects property valuation? #4763,"Location, area, amenities, market demand, comparable sales, infrastructure, and property condition influence valuation.",Property Valuation
What affects property valuation? #4764,"Location, area, amenities, market demand, comparable sales, infrastructure, and property condition influence valuation.",Property Valuation
What affects property valuation? #4765,"Location, area, amenities, market demand, comparable sales, infrastructure, and property condition influence valuation.",Property Valuation
What affects property valuation? #4766,"Location, area, amenities, market demand, comparable sales, infrastructure, and property condition influence valuation.",Property Valuation
What affects property valuation? #4767,"Location, area, amenities, market demand, comparable sales, infrastructure, and property condition influence valuation.",Property Valuation
What affects property valuation? #4768,"Location, area, amenities, market demand, comparable sales, infrastructure, and property condition influence valuation.",Property Valuation
What affects property valuation? #4769,"Location, area, amenities, market demand, comparable sales, infrastructure, and property condition influence valuation.",Property Valuation
What affects property valuation? #4770,"Location, area, amenities, market demand, comparable sales, infrastructure, and property condition influence valuation.",Property Valuation
What affects property valuation? #4771,"Location, area, amenities, market demand, comparable sales, infrastructure, and property condition influence valuation.",Property Valuation
What affects property valuation? #4772,"Location, area, amenities, market demand, comparable sales, infrastructure, and property condition influence valuation.",Property Valuation
What affects property valuation? #4773,"Location, area, amenities, market demand, comparable sales, infrastructure, and property condition influence valuation.",Property Valuation
What affects property valuation? #4774,"Location, area, amenities, market demand, comparable sales, infrastructure, and property condition influence valuation.",Property Valuation
What affects property valuation? #4775,"Location, area, amenities, market demand, comparable sales, infrastructure, and property condition influence valuation.",Property Valuation
What affects property valuation? #4776,"Location, area, amenities, market demand, comparable sales, infrastructure, and property condition influence valuation.",Property Valuation
What affects property valuation? #4777,"Location, area, amenities, market demand, comparable sales, infrastructure, and property condition influence valuation.",Property Valuation
What affects property valuation? #4778,"Location, area, amenities, market demand, comparable sales, infrastructure, and property condition influence valuation.",Property Valuation
What affects property valuation? #4779,"Location, area, amenities, market demand, comparable sales, infrastructure, and property condition influence valuation.",Property Valuation
What affects property valuation? #4780,"Location, area, amenities, market demand, comparable sales, infrastructure, and property condition influence valuation.",Property Valuation
What affects property valuation? #4781,"Location, area, amenities, market demand, comparable sales, infrastructure, and property condition influence valuation.",Property Valuation
What affects property valuation? #4782,"Location, area, amenities, market demand, comparable sales, infrastructure, and property condition influence valuation.",Property Valuation
What affects property valuation? #4783,"Location, area, amenities, market demand, comparable sales, infrastructure, and property condition influence valuation.",Property Valuation
What affects property valuation? #4784,"Location, area, amenities, market demand, comparable sales, infrastructure, and property condition influence valuation.",Property Valuation
What affects property valuation? #4785,"Location, area, amenities, market demand, comparable sales, infrastructure, and property condition influence valuation.",Property Valuation
What affects property valuation? #4786,"Location, area, amenities, market demand, comparable sales, infrastructure, and property condition influence valuation.",Property Valuation
What affects property valuation? #4787,"Location, area, amenities, market demand, comparable sales, infrastructure, and property condition influence valuation.",Property Valuation
What affects property valuation? #4788,"Location, area, amenities, market demand, comparable sales, infrastructure, and property condition influence valuation.",Property Valuation
What affects property valuation? #4789,"Location, area, amenities, market demand, comparable sales, infrastructure, and property condition influence valuation.",Property Valuation
What affects property valuation? #4790,"Location, area, amenities, market demand, comparable sales, infrastructure, and property condition influence valuation.",Property Valuation
What affects property valuation? #4791,"Location, area, amenities, market demand, comparable sales, infrastructure, and property condition influence valuation.",Property Valuation
What affects property valuation? #4792,"Location, area, amenities, market demand, comparable sales, infrastructure, and property condition influence valuation.",Property Valuation
What affects property valuation? #4793,"Location, area, amenities, market demand, comparable sales, infrastructure, and property condition influence valuation.",Property Valuation
What affects property valuation? #4794,"Location, area, amenities, market demand, comparable sales, infrastructure, and property condition influence valuation.",Property Valuation
What affects property valuation? #4795,"Location, area, amenities, market demand, comparable sales, infrastructure, and property condition influence valuation.",Property Valuation
What affects property valuation? #4796,"Location, area, amenities, market demand, comparable sales, infrastructure, and property condition influence valuation.",Property Valuation
What affects property valuation? #4797,"Location, area, amenities, market demand, comparable sales, infrastructure, and property condition influence valuation.",Property Valuation
What affects property valuation? #4798,"Location, area, amenities, market demand, comparable sales, infrastructure, and property condition influence valuation.",Property Valuation
What affects property valuation? #4799,"Location, area, amenities, market demand, comparable sales, infrastructure, and property condition influence valuation.",Property Valuation
What affects property valuation? #4800,"Location, area, amenities, market demand, comparable sales, infrastructure, and property condition influence valuation.",Property Valuation
What affects property valuation? #4801,"Location, area, amenities, market demand, comparable sales, infrastructure, and property condition influence valuation.",Property Valuation
What affects property valuation? #4802,"Location, area, amenities, market demand, comparable sales, infrastructure, and property condition influence valuation.",Property Valuation
What affects property valuation? #4803,"Location, area, amenities, market demand, comparable sales, infrastructure, and property condition influence valuation.",Property Valuation
What affects property valuation? #4804,"Location, area, amenities, market demand, comparable sales, infrastructure, and property condition influence valuation.",Property Valuation
What affects property valuation? #4805,"Location, area, amenities, market demand, comparable sales, infrastructure, and property condition influence valuation.",Property Valuation
What affects property valuation? #4806,"Location, area, amenities, market demand, comparable sales, infrastructure, and property condition influence valuation.",Property Valuation
What affects property valuation? #4807,"Location, area, amenities, market demand, comparable sales, infrastructure, and property condition influence valuation.",Property Valuation
What affects property valuation? #4808,"Location, area, amenities, market demand, comparable sales, infrastructure, and property condition influence valuation.",Property Valuation
What affects property valuation? #4809,"Location, area, amenities, market demand, comparable sales, infrastructure, and property condition influence valuation.",Property Valuation
What affects property valuation? #4810,"Location, area, amenities, market demand, comparable sales, infrastructure, and property condition influence valuation.",Property Valuation
What affects property valuation? #4811,"Location, area, amenities, market demand, comparable sales, infrastructure, and property condition influence valuation.",Property Valuation
What affects property valuation? #4812,"Location, area, amenities, market demand, comparable sales, infrastructure, and property condition influence valuation.",Property Valuation
What affects property valuation? #4813,"Location, area, amenities, market demand, comparable sales, infrastructure, and property condition influence valuation.",Property Valuation
What affects property valuation? #4814,"Location, area, amenities, market demand, comparable sales, infrastructure, and property condition influence valuation.",Property Valuation
What affects property valuation? #4815,"Location, area, amenities, market demand, comparable sales, infrastructure, and property condition influence valuation.",Property Valuation
What affects property valuation? #4816,"Location, area, amenities, market demand, comparable sales, infrastructure, and property condition influence valuation.",Property Valuation
What affects property valuation? #4817,"Location, area, amenities, market demand, comparable sales, infrastructure, and property condition influence valuation.",Property Valuation
What affects property valuation? #4818,"Location, area, amenities, market demand, comparable sales, infrastructure, and property condition influence valuation.",Property Valuation
What affects property valuation? #4819,"Location, area, amenities, market demand, comparable sales, infrastructure, and property condition influence valuation.",Property Valuation
What affects property valuation? #4820,"Location, area, amenities, market demand, comparable sales, infrastructure, and property condition influence valuation.",Property Valuation
What affects property valuation? #4821,"Location, area, amenities, market demand, comparable sales, infrastructure, and property condition influence valuation.",Property Valuation
What affects property valuation? #4822,"Location, area, amenities, market demand, comparable sales, infrastructure, and property condition influence valuation.",Property Valuation
What affects property valuation? #4823,"Location, area, amenities, market demand, comparable sales, infrastructure, and property condition influence valuation.",Property Valuation
What affects property valuation? #4824,"Location, area, amenities, market demand, comparable sales, infrastructure, and property condition influence valuation.",Property Valuation
What affects property valuation? #4825,"Location, area, amenities, market demand, comparable sales, infrastructure, and property condition influence valuation.",Property Valuation
What affects property valuation? #4826,"Location, area, amenities, market demand, comparable sales, infrastructure, and property condition influence valuation.",Property Valuation
What affects property valuation? #4827,"Location, area, amenities, market demand, comparable sales, infrastructure, and property condition influence valuation.",Property Valuation
What affects property valuation? #4828,"Location, area, amenities, market demand, comparable sales, infrastructure, and property condition influence valuation.",Property Valuation
What affects property valuation? #4829,"Location, area, amenities, market demand, comparable sales, infrastructure, and property condition influence valuation.",Property Valuation
What affects property valuation? #4830,"Location, area, amenities, market demand, comparable sales, infrastructure, and property condition influence valuation.",Property Valuation
What affects property valuation? #4831,"Location, area, amenities, market demand, comparable sales, infrastructure, and property condition influence valuation.",Property Valuation
What affects property valuation? #4832,"Location, area, amenities, market demand, comparable sales, infrastructure, and property condition influence valuation.",Property Valuation
What affects property valuation? #4833,"Location, area, amenities, market demand, comparable sales, infrastructure, and property condition influence valuation.",Property Valuation
What affects property valuation? #4834,"Location, area, amenities, market demand, comparable sales, infrastructure, and property condition influence valuation.",Property Valuation
What affects property valuation? #4835,"Location, area, amenities, market demand, comparable sales, infrastructure, and property condition influence valuation.",Property Valuation
What affects property valuation? #4836,"Location, area, amenities, market demand, comparable sales, infrastructure, and property condition influence valuation.",Property Valuation
What affects property valuation? #4837,"Location, area, amenities, market demand, comparable sales, infrastructure, and property condition influence valuation.",Property Valuation
What affects property valuation? #4838,"Location, area, amenities, market demand, comparable sales, infrastructure, and property condition influence valuation.",Property Valuation
What affects property valuation? #4839,"Location, area, amenities, market demand, comparable sales, infrastructure, and property condition influence valuation.",Property Valuation
What affects property valuation? #4840,"Location, area, amenities, market demand, comparable sales, infrastructure, and property condition influence valuation.",Property Valuation
What affects property valuation? #4841,"Location, area, amenities, market demand, comparable sales, infrastructure, and property condition influence valuation.",Property Valuation
What affects property valuation? #4842,"Location, area, amenities, market demand, comparable sales, infrastructure, and property condition influence valuation.",Property Valuation
What affects property valuation? #4843,"Location, area, amenities, market demand, comparable sales, infrastructure, and property condition influence valuation.",Property Valuation
What affects property valuation? #4844,"Location, area, amenities, market demand, comparable sales, infrastructure, and property condition influence valuation.",Property Valuation
What affects property valuation? #4845,"Location, area, amenities, market demand, comparable sales, infrastructure, and property condition influence valuation.",Property Valuation
What affects property valuation? #4846,"Location, area, amenities, market demand, comparable sales, infrastructure, and property condition influence valuation.",Property Valuation
What affects property valuation? #4847,"Location, area, amenities, market demand, comparable sales, infrastructure, and property condition influence valuation.",Property Valuation
What affects property valuation? #4848,"Location, area, amenities, market demand, comparable sales, infrastructure, and property condition influence valuation.",Property Valuation
What affects property valuation? #4849,"Location, area, amenities, market demand, comparable sales, infrastructure, and property condition influence valuation.",Property Valuation
What affects property valuation? #4850,"Location, area, amenities, market demand, comparable sales, infrastructure, and property condition influence valuation.",Property Valuation
What affects property valuation? #4851,"Location, area, amenities, market demand, comparable sales, infrastructure, and property condition influence valuation.",Property Valuation
What affects property valuation? #4852,"Location, area, amenities, market demand, comparable sales, infrastructure, and property condition influence valuation.",Property Valuation
What affects property valuation? #4853,"Location, area, amenities, market demand, comparable sales, infrastructure, and property condition influence valuation.",Property Valuation
What affects property valuation? #4854,"Location, area, amenities, market demand, comparable sales, infrastructure, and property condition influence valuation.",Property Valuation
What affects property valuation? #4855,"Location, area, amenities, market demand, comparable sales, infrastructure, and property condition influence valuation.",Property Valuation
What affects property valuation? #4856,"Location, area, amenities, market demand, comparable sales, infrastructure, and property condition influence valuation.",Property Valuation
What affects property valuation? #4857,"Location, area, amenities, market demand, comparable sales, infrastructure, and property condition influence valuation.",Property Valuation
What affects property valuation? #4858,"Location, area, amenities, market demand, comparable sales, infrastructure, and property condition influence valuation.",Property Valuation
What affects property valuation? #4859,"Location, area, amenities, market demand, comparable sales, infrastructure, and property condition influence valuation.",Property Valuation
What affects property valuation? #4860,"Location, area, amenities, market demand, comparable sales, infrastructure, and property condition influence valuation.",Property Valuation
What affects property valuation? #4861,"Location, area, amenities, market demand, comparable sales, infrastructure, and property condition influence valuation.",Property Valuation
What affects property valuation? #4862,"Location, area, amenities, market demand, comparable sales, infrastructure, and property condition influence valuation.",Property Valuation
What affects property valuation? #4863,"Location, area, amenities, market demand, comparable sales, infrastructure, and property condition influence valuation.",Property Valuation
What affects property valuation? #4864,"Location, area, amenities, market demand, comparable sales, infrastructure, and property condition influence valuation.",Property Valuation
What affects property valuation? #4865,"Location, area, amenities, market demand, comparable sales, infrastructure, and property condition influence valuation.",Property Valuation
What affects property valuation? #4866,"Location, area, amenities, market demand, comparable sales, infrastructure, and property condition influence valuation.",Property Valuation
What affects property valuation? #4867,"Location, area, amenities, market demand, comparable sales, infrastructure, and property condition influence valuation.",Property Valuation
What affects property valuation? #4868,"Location, area, amenities, market demand, comparable sales, infrastructure, and property condition influence valuation.",Property Valuation
What affects property valuation? #4869,"Location, area, amenities, market demand, comparable sales, infrastructure, and property condition influence valuation.",Property Valuation
What affects property valuation? #4870,"Location, area, amenities, market demand, comparable sales, infrastructure, and property condition influence valuation.",Property Valuation
What affects property valuation? #4871,"Location, area, amenities, market demand, comparable sales, infrastructure, and property condition influence valuation.",Property Valuation
What affects property valuation? #4872,"Location, area, amenities, market demand, comparable sales, infrastructure, and property condition influence valuation.",Property Valuation
What affects property valuation? #4873,"Location, area, amenities, market demand, comparable sales, infrastructure, and property condition influence valuation.",Property Valuation
What affects property valuation? #4874,"Location, area, amenities, market demand, comparable sales, infrastructure, and property condition influence valuation.",Property Valuation
What affects property valuation? #4875,"Location, area, amenities, market demand, comparable sales, infrastructure, and property condition influence valuation.",Property Valuation
What affects property valuation? #4876,"Location, area, amenities, market demand, comparable sales, infrastructure, and property condition influence valuation.",Property Valuation
What affects property valuation? #4877,"Location, area, amenities, market demand, comparable sales, infrastructure, and property condition influence valuation.",Property Valuation
What affects property valuation? #4878,"Location, area, amenities, market demand, comparable sales, infrastructure, and property condition influence valuation.",Property Valuation
What affects property valuation? #4879,"Location, area, amenities, market demand, comparable sales, infrastructure, and property condition influence valuation.",Property Valuation
What affects property valuation? #4880,"Location, area, amenities, market demand, comparable sales, infrastructure, and property condition influence valuation.",Property Valuation
What affects property valuation? #4881,"Location, area, amenities, market demand, comparable sales, infrastructure, and property condition influence valuation.",Property Valuation
What affects property valuation? #4882,"Location, area, amenities, market demand, comparable sales, infrastructure, and property condition influence valuation.",Property Valuation
What affects property valuation? #4883,"Location, area, amenities, market demand, comparable sales, infrastructure, and property condition influence valuation.",Property Valuation
What affects property valuation? #4884,"Location, area, amenities, market demand, comparable sales, infrastructure, and property condition influence valuation.",Property Valuation
What affects property valuation? #4885,"Location, area, amenities, market demand, comparable sales, infrastructure, and property condition influence valuation.",Property Valuation
What affects property valuation? #4886,"Location, area, amenities, market demand, comparable sales, infrastructure, and property condition influence valuation.",Property Valuation
What affects property valuation? #4887,"Location, area, amenities, market demand, comparable sales, infrastructure, and property condition influence valuation.",Property Valuation
What affects property valuation? #4888,"Location, area, amenities, market demand, comparable sales, infrastructure, and property condition influence valuation.",Property Valuation
What affects property valuation? #4889,"Location, area, amenities, market demand, comparable sales, infrastructure, and property condition influence valuation.",Property Valuation
What affects property valuation? #4890,"Location, area, amenities, market demand, comparable sales, infrastructure, and property condition influence valuation.",Property Valuation
What affects property valuation? #4891,"Location, area, amenities, market demand, comparable sales, infrastructure, and property condition influence valuation.",Property Valuation
What affects property valuation? #4892,"Location, area, amenities, market demand, comparable sales, infrastructure, and property condition influence valuation.",Property Valuation
What affects property valuation? #4893,"Location, area, amenities, market demand, comparable sales, infrastructure, and property condition influence valuation.",Property Valuation
What affects property valuation? #4894,"Location, area, amenities, market demand, comparable sales, infrastructure, and property condition influence valuation.",Property Valuation
What affects property valuation? #4895,"Location, area, amenities, market demand, comparable sales, infrastructure, and property condition influence valuation.",Property Valuation
What affects property valuation? #4896,"Location, area, amenities, market demand, comparable sales, infrastructure, and property condition influence valuation.",Property Valuation
What affects property valuation? #4897,"Location, area, amenities, market demand, comparable sales, infrastructure, and property condition influence valuation.",Property Valuation
What affects property valuation? #4898,"Location, area, amenities, market demand, comparable sales, infrastructure, and property condition influence valuation.",Property Valuation
What affects property valuation? #4899,"Location, area, amenities, market demand, comparable sales, infrastructure, and property condition influence valuation.",Property Valuation
What affects property valuation? #4900,"Location, area, amenities, market demand, comparable sales, infrastructure, and property condition influence valuation.",Property Valuation
What affects property valuation? #4901,"Location, area, amenities, market demand, comparable sales, infrastructure, and property condition influence valuation.",Property Valuation
What affects property valuation? #4902,"Location, area, amenities, market demand, comparable sales, infrastructure, and property condition influence valuation.",Property Valuation
What affects property valuation? #4903,"Location, area, amenities, market demand, comparable sales, infrastructure, and property condition influence valuation.",Property Valuation
What affects property valuation? #4904,"Location, area, amenities, market demand, comparable sales, infrastructure, and property condition influence valuation.",Property Valuation
What affects property valuation? #4905,"Location, area, amenities, market demand, comparable sales, infrastructure, and property condition influence valuation.",Property Valuation
What affects property valuation? #4906,"Location, area, amenities, market demand, comparable sales, infrastructure, and property condition influence valuation.",Property Valuation
What affects property valuation? #4907,"Location, area, amenities, market demand, comparable sales, infrastructure, and property condition influence valuation.",Property Valuation
What affects property valuation? #4908,"Location, area, amenities, market demand, comparable sales, infrastructure, and property condition influence valuation.",Property Valuation
What affects property valuation? #4909,"Location, area, amenities, market demand, comparable sales, infrastructure, and property condition influence valuation.",Property Valuation
What affects property valuation? #4910,"Location, area, amenities, market demand, comparable sales, infrastructure, and property condition influence valuation.",Property Valuation
What affects property valuation? #4911,"Location, area, amenities, market demand, comparable sales, infrastructure, and property condition influence valuation.",Property Valuation
What affects property valuation? #4912,"Location, area, amenities, market demand, comparable sales, infrastructure, and property condition influence valuation.",Property Valuation
What affects property valuation? #4913,"Location, area, amenities, market demand, comparable sales, infrastructure, and property condition influence valuation.",Property Valuation
What affects property valuation? #4914,"Location, area, amenities, market demand, comparable sales, infrastructure, and property condition influence valuation.",Property Valuation
What affects property valuation? #4915,"Location, area, amenities, market demand, comparable sales, infrastructure, and property condition influence valuation.",Property Valuation
What affects property valuation? #4916,"Location, area, amenities, market demand, comparable sales, infrastructure, and property condition influence valuation.",Property Valuation
What affects property valuation? #4917,"Location, area, amenities, market demand, comparable sales, infrastructure, and property condition influence valuation.",Property Valuation
What affects property valuation? #4918,"Location, area, amenities, market demand, comparable sales, infrastructure, and property condition influence valuation.",Property Valuation
What affects property valuation? #4919,"Location, area, amenities, market demand, comparable sales, infrastructure, and property condition influence valuation.",Property Valuation
What affects property valuation? #4920,"Location, area, amenities, market demand, comparable sales, infrastructure, and property condition influence valuation.",Property Valuation
What affects property valuation? #4921,"Location, area, amenities, market demand, comparable sales, infrastructure, and property condition influence valuation.",Property Valuation
What affects property valuation? #4922,"Location, area, amenities, market demand, comparable sales, infrastructure, and property condition influence valuation.",Property Valuation
What affects property valuation? #4923,"Location, area, amenities, market demand, comparable sales, infrastructure, and property condition influence valuation.",Property Valuation
What affects property valuation? #4924,"Location, area, amenities, market demand, comparable sales, infrastructure, and property condition influence valuation.",Property Valuation
What affects property valuation? #4925,"Location, area, amenities, market demand, comparable sales, infrastructure, and property condition influence valuation.",Property Valuation
What affects property valuation? #4926,"Location, area, amenities, market demand, comparable sales, infrastructure, and property condition influence valuation.",Property Valuation
What affects property valuation? #4927,"Location, area, amenities, market demand, comparable sales, infrastructure, and property condition influence valuation.",Property Valuation
What affects property valuation? #4928,"Location, area, amenities, market demand, comparable sales, infrastructure, and property condition influence valuation.",Property Valuation
What affects property valuation? #4929,"Location, area, amenities, market demand, comparable sales, infrastructure, and property condition influence valuation.",Property Valuation
What affects property valuation? #4930,"Location, area, amenities, market demand, comparable sales, infrastructure, and property condition influence valuation.",Property Valuation
What affects property valuation? #4931,"Location, area, amenities, market demand, comparable sales, infrastructure, and property condition influence valuation.",Property Valuation
What affects property valuation? #4932,"Location, area, amenities, market demand, comparable sales, infrastructure, and property condition influence valuation.",Property Valuation
What affects property valuation? #4933,"Location, area, amenities, market demand, comparable sales, infrastructure, and property condition influence valuation.",Property Valuation
What affects property valuation? #4934,"Location, area, amenities, market demand, comparable sales, infrastructure, and property condition influence valuation.",Property Valuation
What affects property valuation? #4935,"Location, area, amenities, market demand, comparable sales, infrastructure, and property condition influence valuation.",Property Valuation
What affects property valuation? #4936,"Location, area, amenities, market demand, comparable sales, infrastructure, and property condition influence valuation.",Property Valuation
What affects property valuation? #4937,"Location, area, amenities, market demand, comparable sales, infrastructure, and property condition influence valuation.",Property Valuation
What affects property valuation? #4938,"Location, area, amenities, market demand, comparable sales, infrastructure, and property condition influence valuation.",Property Valuation
What affects property valuation? #4939,"Location, area, amenities, market demand, comparable sales, infrastructure, and property condition influence valuation.",Property Valuation
What affects property valuation? #4940,"Location, area, amenities, market demand, comparable sales, infrastructure, and property condition influence valuation.",Property Valuation
What affects property valuation? #4941,"Location, area, amenities, market demand, comparable sales, infrastructure, and property condition influence valuation.",Property Valuation
What affects property valuation? #4942,"Location, area, amenities, market demand, comparable sales, infrastructure, and property condition influence valuation.",Property Valuation
What affects property valuation? #4943,"Location, area, amenities, market demand, comparable sales, infrastructure, and property condition influence valuation.",Property Valuation
What affects property valuation? #4944,"Location, area, amenities, market demand, comparable sales, infrastructure, and property condition influence valuation.",Property Valuation
What affects property valuation? #4945,"Location, area, amenities, market demand, comparable sales, infrastructure, and property condition influence valuation.",Property Valuation
What affects property valuation? #4946,"Location, area, amenities, market demand, comparable sales, infrastructure, and property condition influence valuation.",Property Valuation
What affects property valuation? #4947,"Location, area, amenities, market demand, comparable sales, infrastructure, and property condition influence valuation.",Property Valuation
What affects property valuation? #4948,"Location, area, amenities, market demand, comparable sales, infrastructure, and property condition influence valuation.",Property Valuation
What affects property valuation? #4949,"Location, area, amenities, market demand, comparable sales, infrastructure, and property condition influence valuation.",Property Valuation
What affects property valuation? #4950,"Location, area, amenities, market demand, comparable sales, infrastructure, and property condition influence valuation.",Property Valuation
What affects property valuation? #4951,"Location, area, amenities, market demand, comparable sales, infrastructure, and property condition influence valuation.",Property Valuation
What affects property valuation? #4952,"Location, area, amenities, market demand, comparable sales, infrastructure, and property condition influence valuation.",Property Valuation
What affects property valuation? #4953,"Location, area, amenities, market demand, comparable sales, infrastructure, and property condition influence valuation.",Property Valuation
What affects property valuation? #4954,"Location, area, amenities, market demand, comparable sales, infrastructure, and property condition influence valuation.",Property Valuation
What affects property valuation? #4955,"Location, area, amenities, market demand, comparable sales, infrastructure, and property condition influence valuation.",Property Valuation
What affects property valuation? #4956,"Location, area, amenities, market demand, comparable sales, infrastructure, and property condition influence valuation.",Property Valuation
What affects property valuation? #4957,"Location, area, amenities, market demand, comparable sales, infrastructure, and property condition influence valuation.",Property Valuation
What affects property valuation? #4958,"Location, area, amenities, market demand, comparable sales, infrastructure, and property condition influence valuation.",Property Valuation
What affects property valuation? #4959,"Location, area, amenities, market demand, comparable sales, infrastructure, and property condition influence valuation.",Property Valuation
What affects property valuation? #4960,"Location, area, amenities, market demand, comparable sales, infrastructure, and property condition influence valuation.",Property Valuation
What affects property valuation? #4961,"Location, area, amenities, market demand, comparable sales, infrastructure, and property condition influence valuation.",Property Valuation
What affects property valuation? #4962,"Location, area, amenities, market demand, comparable sales, infrastructure, and property condition influence valuation.",Property Valuation
What affects property valuation? #4963,"Location, area, amenities, market demand, comparable sales, infrastructure, and property condition influence valuation.",Property Valuation
What affects property valuation? #4964,"Location, area, amenities, market demand, comparable sales, infrastructure, and property condition influence valuation.",Property Valuation
What affects property valuation? #4965,"Location, area, amenities, market demand, comparable sales, infrastructure, and property condition influence valuation.",Property Valuation
What affects property valuation? #4966,"Location, area, amenities, market demand, comparable sales, infrastructure, and property condition influence valuation.",Property Valuation
What affects property valuation? #4967,"Location, area, amenities, market demand, comparable sales, infrastructure, and property condition influence valuation.",Property Valuation
What affects property valuation? #4968,"Location, area, amenities, market demand, comparable sales, infrastructure, and property condition influence valuation.",Property Valuation
What affects property valuation? #4969,"Location, area, amenities, market demand, comparable sales, infrastructure, and property condition influence valuation.",Property Valuation
What affects property valuation? #4970,"Location, area, amenities, market demand, comparable sales, infrastructure, and property condition influence valuation.",Property Valuation
What affects property valuation? #4971,"Location, area, amenities, market demand, comparable sales, infrastructure, and property condition influence valuation.",Property Valuation
What affects property valuation? #4972,"Location, area, amenities, market demand, comparable sales, infrastructure, and property condition influence valuation.",Property Valuation
What affects property valuation? #4973,"Location, area, amenities, market demand, comparable sales, infrastructure, and property condition influence valuation.",Property Valuation
What affects property valuation? #4974,"Location, area, amenities, market demand, comparable sales, infrastructure, and property condition influence valuation.",Property Valuation
What affects property valuation? #4975,"Location, area, amenities, market demand, comparable sales, infrastructure, and property condition influence valuation.",Property Valuation
What affects property valuation? #4976,"Location, area, amenities, market demand, comparable sales, infrastructure, and property condition influence valuation.",Property Valuation
What affects property valuation? #4977,"Location, area, amenities, market demand, comparable sales, infrastructure, and property condition influence valuation.",Property Valuation
What affects property valuation? #4978,"Location, area, amenities, market demand, comparable sales, infrastructure, and property condition influence valuation.",Property Valuation
What affects property valuation? #4979,"Location, area, amenities, market demand, comparable sales, infrastructure, and property condition influence valuation.",Property Valuation
What affects property valuation? #4980,"Location, area, amenities, market demand, comparable sales, infrastructure, and property condition influence valuation.",Property Valuation
What affects property valuation? #4981,"Location, area, amenities, market demand, comparable sales, infrastructure, and property condition influence valuation.",Property Valuation
What affects property valuation? #4982,"Location, area, amenities, market demand, comparable sales, infrastructure, and property condition influence valuation.",Property Valuation
What affects property valuation? #4983,"Location, area, amenities, market demand, comparable sales, infrastructure, and property condition influence valuation.",Property Valuation
What affects property valuation? #4984,"Location, area, amenities, market demand, comparable sales, infrastructure, and property condition influence valuation.",Property Valuation
What affects property valuation? #4985,"Location, area, amenities, market demand, comparable sales, infrastructure, and property condition influence valuation.",Property Valuation
What affects property valuation? #4986,"Location, area, amenities, market demand, comparable sales, infrastructure, and property condition influence valuation.",Property Valuation
What affects property valuation? #4987,"Location, area, amenities, market demand, comparable sales, infrastructure, and property condition influence valuation.",Property Valuation
What affects property valuation? #4988,"Location, area, amenities, market demand, comparable sales, infrastructure, and property condition influence valuation.",Property Valuation
What affects property valuation? #4989,"Location, area, amenities, market demand, comparable sales, infrastructure, and property condition influence valuation.",Property Valuation
What affects property valuation? #4990,"Location, area, amenities, market demand, comparable sales, infrastructure, and property condition influence valuation.",Property Valuation
What affects property valuation? #4991,"Location, area, amenities, market demand, comparable sales, infrastructure, and property condition influence valuation.",Property Valuation
What affects property valuation? #4992,"Location, area, amenities, market demand, comparable sales, infrastructure, and property condition influence valuation.",Property Valuation
What affects property valuation? #4993,"Location, area, amenities, market demand, comparable sales, infrastructure, and property condition influence valuation.",Property Valuation
What affects property valuation? #4994,"Location, area, amenities, market demand, comparable sales, infrastructure, and property condition influence valuation.",Property Valuation
What affects property valuation? #4995,"Location, area, amenities, market demand, comparable sales, infrastructure, and property condition influence valuation.",Property Valuation
What affects property valuation? #4996,"Location, area, amenities, market demand, comparable sales, infrastructure, and property condition influence valuation.",Property Valuation
What affects property valuation? #4997,"Location, area, amenities, market demand, comparable sales, infrastructure, and property condition influence valuation.",Property Valuation
What affects property valuation? #4998,"Location, area, amenities, market demand, comparable sales, infrastructure, and property condition influence valuation.",Property Valuation
What affects property valuation? #4999,"Location, area, amenities, market demand, comparable sales, infrastructure, and property condition influence valuation.",Property Valuation
What affects property valuation? #5000,"Location, area, amenities, market demand, comparable sales, infrastructure, and property condition influence valuation.",Property Valuation
